<?xml version="1.0" encoding="UTF-8"?>
<gpx xmlns="http://www.topografix.com/GPX/1/1" xmlns:xsi="http://www.w3.org/2001/XMLSchema-instance" version="1.1" creator="Trace de Trail" xsi:schemaLocation="http://www.topografix.com/GPX/1/1 http://www.topografix.com/GPX/1/1/gpx.xsd">
  <metadata>
    <name>HOKA LES TEMPLIERS 2025 - Boffi Fifty</name>
    <desc>Parcours créé sur Trace de Trail</desc>
    <link href="https://tracedetrail.fr/fr/trace/278595">
      <text>Cartographie du parcours</text>
    </link>
    <time>2026-08-21T15:11:51+00:00</time>
  </metadata>
  <trk>
    <name>HOKA LES TEMPLIERS 2025 - Boffi Fifty sur TraceDeTrail.fr</name>
    <src>Trace de Trail</src>
    <trkseg>
      <trkpt lat="44.11362" lon="3.08704">
        <ele>360</ele>
        <time>2026-08-21T15:11:51+00:00</time>
      </trkpt>
      <trkpt lat="44.11364" lon="3.08702">
        <ele>360</ele>
        <time>2026-08-21T15:11:54+00:00</time>
      </trkpt>
      <trkpt lat="44.11365" lon="3.087">
        <ele>360</ele>
        <time>2026-08-21T15:11:57+00:00</time>
      </trkpt>
      <trkpt lat="44.11372" lon="3.08692">
        <ele>359</ele>
        <time>2026-08-21T15:12:00+00:00</time>
      </trkpt>
      <trkpt lat="44.11379" lon="3.08676">
        <ele>360</ele>
        <time>2026-08-21T15:12:03+00:00</time>
      </trkpt>
      <trkpt lat="44.11384" lon="3.08668">
        <ele>360</ele>
        <time>2026-08-21T15:12:06+00:00</time>
      </trkpt>
      <trkpt lat="44.11389" lon="3.08665">
        <ele>360</ele>
        <time>2026-08-21T15:12:09+00:00</time>
      </trkpt>
      <trkpt lat="44.11394" lon="3.08664">
        <ele>360</ele>
        <time>2026-08-21T15:12:12+00:00</time>
      </trkpt>
      <trkpt lat="44.11408" lon="3.08667">
        <ele>360</ele>
        <time>2026-08-21T15:12:15+00:00</time>
      </trkpt>
      <trkpt lat="44.11451" lon="3.08681">
        <ele>360</ele>
        <time>2026-08-21T15:12:18+00:00</time>
      </trkpt>
      <trkpt lat="44.11477" lon="3.08692">
        <ele>360</ele>
        <time>2026-08-21T15:12:21+00:00</time>
      </trkpt>
      <trkpt lat="44.11508" lon="3.08711">
        <ele>360</ele>
        <time>2026-08-21T15:12:24+00:00</time>
      </trkpt>
      <trkpt lat="44.1152" lon="3.08717">
        <ele>360</ele>
        <time>2026-08-21T15:12:27+00:00</time>
      </trkpt>
      <trkpt lat="44.11534" lon="3.08726">
        <ele>360</ele>
        <time>2026-08-21T15:12:30+00:00</time>
      </trkpt>
      <trkpt lat="44.11552" lon="3.08736">
        <ele>360</ele>
        <time>2026-08-21T15:12:33+00:00</time>
      </trkpt>
      <trkpt lat="44.11585" lon="3.08755">
        <ele>360</ele>
        <time>2026-08-21T15:12:36+00:00</time>
      </trkpt>
      <trkpt lat="44.11596" lon="3.08761">
        <ele>360</ele>
        <time>2026-08-21T15:12:39+00:00</time>
      </trkpt>
      <trkpt lat="44.1161" lon="3.08771">
        <ele>360</ele>
        <time>2026-08-21T15:12:42+00:00</time>
      </trkpt>
      <trkpt lat="44.11614" lon="3.08772">
        <ele>360</ele>
        <time>2026-08-21T15:12:45+00:00</time>
      </trkpt>
      <trkpt lat="44.11632" lon="3.08783">
        <ele>360</ele>
        <time>2026-08-21T15:12:48+00:00</time>
      </trkpt>
      <trkpt lat="44.11654" lon="3.08798">
        <ele>360</ele>
        <time>2026-08-21T15:12:51+00:00</time>
      </trkpt>
      <trkpt lat="44.11677" lon="3.08812">
        <ele>360</ele>
        <time>2026-08-21T15:12:54+00:00</time>
      </trkpt>
      <trkpt lat="44.117" lon="3.08826">
        <ele>360</ele>
        <time>2026-08-21T15:12:57+00:00</time>
      </trkpt>
      <trkpt lat="44.11714" lon="3.08837">
        <ele>360</ele>
        <time>2026-08-21T15:13:00+00:00</time>
      </trkpt>
      <trkpt lat="44.11731" lon="3.0885">
        <ele>360</ele>
        <time>2026-08-21T15:13:03+00:00</time>
      </trkpt>
      <trkpt lat="44.11743" lon="3.08862">
        <ele>360</ele>
        <time>2026-08-21T15:13:06+00:00</time>
      </trkpt>
      <trkpt lat="44.1176" lon="3.08884">
        <ele>360</ele>
        <time>2026-08-21T15:13:09+00:00</time>
      </trkpt>
      <trkpt lat="44.11767" lon="3.08891">
        <ele>360</ele>
        <time>2026-08-21T15:13:12+00:00</time>
      </trkpt>
      <trkpt lat="44.11786" lon="3.08916">
        <ele>360</ele>
        <time>2026-08-21T15:13:15+00:00</time>
      </trkpt>
      <trkpt lat="44.11789" lon="3.08919">
        <ele>360</ele>
        <time>2026-08-21T15:13:18+00:00</time>
      </trkpt>
      <trkpt lat="44.11794" lon="3.08927">
        <ele>360</ele>
        <time>2026-08-21T15:13:21+00:00</time>
      </trkpt>
      <trkpt lat="44.118" lon="3.08933">
        <ele>360</ele>
        <time>2026-08-21T15:13:24+00:00</time>
      </trkpt>
      <trkpt lat="44.11808" lon="3.08945">
        <ele>360</ele>
        <time>2026-08-21T15:13:27+00:00</time>
      </trkpt>
      <trkpt lat="44.11811" lon="3.08948">
        <ele>360</ele>
        <time>2026-08-21T15:13:30+00:00</time>
      </trkpt>
      <trkpt lat="44.11814" lon="3.08952">
        <ele>360</ele>
        <time>2026-08-21T15:13:33+00:00</time>
      </trkpt>
      <trkpt lat="44.11835" lon="3.08979">
        <ele>360</ele>
        <time>2026-08-21T15:13:36+00:00</time>
      </trkpt>
      <trkpt lat="44.11845" lon="3.08994">
        <ele>360</ele>
        <time>2026-08-21T15:13:39+00:00</time>
      </trkpt>
      <trkpt lat="44.11855" lon="3.0901">
        <ele>360</ele>
        <time>2026-08-21T15:13:42+00:00</time>
      </trkpt>
      <trkpt lat="44.11858" lon="3.09013">
        <ele>361</ele>
        <time>2026-08-21T15:13:45+00:00</time>
      </trkpt>
      <trkpt lat="44.11875" lon="3.09037">
        <ele>360</ele>
        <time>2026-08-21T15:13:48+00:00</time>
      </trkpt>
      <trkpt lat="44.11896" lon="3.09065">
        <ele>361</ele>
        <time>2026-08-21T15:13:51+00:00</time>
      </trkpt>
      <trkpt lat="44.11899" lon="3.09068">
        <ele>361</ele>
        <time>2026-08-21T15:13:54+00:00</time>
      </trkpt>
      <trkpt lat="44.11904" lon="3.09076">
        <ele>361</ele>
        <time>2026-08-21T15:13:57+00:00</time>
      </trkpt>
      <trkpt lat="44.11927" lon="3.0911">
        <ele>361</ele>
        <time>2026-08-21T15:14:00+00:00</time>
      </trkpt>
      <trkpt lat="44.11931" lon="3.09119">
        <ele>360</ele>
        <time>2026-08-21T15:14:03+00:00</time>
      </trkpt>
      <trkpt lat="44.11934" lon="3.09121">
        <ele>361</ele>
        <time>2026-08-21T15:14:06+00:00</time>
      </trkpt>
      <trkpt lat="44.11939" lon="3.09129">
        <ele>361</ele>
        <time>2026-08-21T15:14:09+00:00</time>
      </trkpt>
      <trkpt lat="44.11954" lon="3.09146">
        <ele>361</ele>
        <time>2026-08-21T15:14:12+00:00</time>
      </trkpt>
      <trkpt lat="44.1196" lon="3.09153">
        <ele>362</ele>
        <time>2026-08-21T15:14:15+00:00</time>
      </trkpt>
      <trkpt lat="44.11968" lon="3.09163">
        <ele>362</ele>
        <time>2026-08-21T15:14:18+00:00</time>
      </trkpt>
      <trkpt lat="44.1198" lon="3.09185">
        <ele>361</ele>
        <time>2026-08-21T15:14:21+00:00</time>
      </trkpt>
      <trkpt lat="44.11994" lon="3.0921">
        <ele>362</ele>
        <time>2026-08-21T15:14:24+00:00</time>
      </trkpt>
      <trkpt lat="44.11996" lon="3.09215">
        <ele>362</ele>
        <time>2026-08-21T15:14:27+00:00</time>
      </trkpt>
      <trkpt lat="44.12" lon="3.09224">
        <ele>361</ele>
        <time>2026-08-21T15:14:30+00:00</time>
      </trkpt>
      <trkpt lat="44.12005" lon="3.09237">
        <ele>363</ele>
        <time>2026-08-21T15:14:33+00:00</time>
      </trkpt>
      <trkpt lat="44.12011" lon="3.0925">
        <ele>364</ele>
        <time>2026-08-21T15:14:36+00:00</time>
      </trkpt>
      <trkpt lat="44.1202" lon="3.09267">
        <ele>364</ele>
        <time>2026-08-21T15:14:39+00:00</time>
      </trkpt>
      <trkpt lat="44.12028" lon="3.09278">
        <ele>365</ele>
        <time>2026-08-21T15:14:42+00:00</time>
      </trkpt>
      <trkpt lat="44.12041" lon="3.09294">
        <ele>364</ele>
        <time>2026-08-21T15:14:45+00:00</time>
      </trkpt>
      <trkpt lat="44.12058" lon="3.09317">
        <ele>364</ele>
        <time>2026-08-21T15:14:48+00:00</time>
      </trkpt>
      <trkpt lat="44.12063" lon="3.09325">
        <ele>364</ele>
        <time>2026-08-21T15:14:51+00:00</time>
      </trkpt>
      <trkpt lat="44.12073" lon="3.09342">
        <ele>364</ele>
        <time>2026-08-21T15:14:54+00:00</time>
      </trkpt>
      <trkpt lat="44.12083" lon="3.09358">
        <ele>364</ele>
        <time>2026-08-21T15:14:57+00:00</time>
      </trkpt>
      <trkpt lat="44.12088" lon="3.09366">
        <ele>364</ele>
        <time>2026-08-21T15:15:00+00:00</time>
      </trkpt>
      <trkpt lat="44.12094" lon="3.09381">
        <ele>367</ele>
        <time>2026-08-21T15:15:03+00:00</time>
      </trkpt>
      <trkpt lat="44.12113" lon="3.09416">
        <ele>364</ele>
        <time>2026-08-21T15:15:06+00:00</time>
      </trkpt>
      <trkpt lat="44.12117" lon="3.09425">
        <ele>365</ele>
        <time>2026-08-21T15:15:09+00:00</time>
      </trkpt>
      <trkpt lat="44.12122" lon="3.09433">
        <ele>365</ele>
        <time>2026-08-21T15:15:12+00:00</time>
      </trkpt>
      <trkpt lat="44.12128" lon="3.09447">
        <ele>364</ele>
        <time>2026-08-21T15:15:15+00:00</time>
      </trkpt>
      <trkpt lat="44.12133" lon="3.09455">
        <ele>365</ele>
        <time>2026-08-21T15:15:18+00:00</time>
      </trkpt>
      <trkpt lat="44.12135" lon="3.09459">
        <ele>365</ele>
        <time>2026-08-21T15:15:21+00:00</time>
      </trkpt>
      <trkpt lat="44.12152" lon="3.09489">
        <ele>365</ele>
        <time>2026-08-21T15:15:24+00:00</time>
      </trkpt>
      <trkpt lat="44.1216" lon="3.09501">
        <ele>365</ele>
        <time>2026-08-21T15:15:27+00:00</time>
      </trkpt>
      <trkpt lat="44.12168" lon="3.09513">
        <ele>365</ele>
        <time>2026-08-21T15:15:30+00:00</time>
      </trkpt>
      <trkpt lat="44.12175" lon="3.09524">
        <ele>364</ele>
        <time>2026-08-21T15:15:33+00:00</time>
      </trkpt>
      <trkpt lat="44.12192" lon="3.09546">
        <ele>365</ele>
        <time>2026-08-21T15:15:36+00:00</time>
      </trkpt>
      <trkpt lat="44.1222" lon="3.09581">
        <ele>365</ele>
        <time>2026-08-21T15:15:39+00:00</time>
      </trkpt>
      <trkpt lat="44.12228" lon="3.09592">
        <ele>365</ele>
        <time>2026-08-21T15:15:42+00:00</time>
      </trkpt>
      <trkpt lat="44.12237" lon="3.09601">
        <ele>365</ele>
        <time>2026-08-21T15:15:45+00:00</time>
      </trkpt>
      <trkpt lat="44.12243" lon="3.09609">
        <ele>365</ele>
        <time>2026-08-21T15:15:48+00:00</time>
      </trkpt>
      <trkpt lat="44.12267" lon="3.09636">
        <ele>365</ele>
        <time>2026-08-21T15:15:51+00:00</time>
      </trkpt>
      <trkpt lat="44.12301" lon="3.09678">
        <ele>365</ele>
        <time>2026-08-21T15:15:54+00:00</time>
      </trkpt>
      <trkpt lat="44.12315" lon="3.09695">
        <ele>365</ele>
        <time>2026-08-21T15:15:57+00:00</time>
      </trkpt>
      <trkpt lat="44.12327" lon="3.09711">
        <ele>365</ele>
        <time>2026-08-21T15:16:00+00:00</time>
      </trkpt>
      <trkpt lat="44.1234" lon="3.0973">
        <ele>364</ele>
        <time>2026-08-21T15:16:03+00:00</time>
      </trkpt>
      <trkpt lat="44.1235" lon="3.09747">
        <ele>365</ele>
        <time>2026-08-21T15:16:06+00:00</time>
      </trkpt>
      <trkpt lat="44.12364" lon="3.09778">
        <ele>365</ele>
        <time>2026-08-21T15:16:09+00:00</time>
      </trkpt>
      <trkpt lat="44.12367" lon="3.09787">
        <ele>366</ele>
        <time>2026-08-21T15:16:12+00:00</time>
      </trkpt>
      <trkpt lat="44.12371" lon="3.09797">
        <ele>365</ele>
        <time>2026-08-21T15:16:15+00:00</time>
      </trkpt>
      <trkpt lat="44.12381" lon="3.09825">
        <ele>365</ele>
        <time>2026-08-21T15:16:18+00:00</time>
      </trkpt>
      <trkpt lat="44.1239" lon="3.09854">
        <ele>366</ele>
        <time>2026-08-21T15:16:21+00:00</time>
      </trkpt>
      <trkpt lat="44.12393" lon="3.0987">
        <ele>366</ele>
        <time>2026-08-21T15:16:24+00:00</time>
      </trkpt>
      <trkpt lat="44.12398" lon="3.09885">
        <ele>367</ele>
        <time>2026-08-21T15:16:27+00:00</time>
      </trkpt>
      <trkpt lat="44.12401" lon="3.09894">
        <ele>366</ele>
        <time>2026-08-21T15:16:30+00:00</time>
      </trkpt>
      <trkpt lat="44.12404" lon="3.09904">
        <ele>366</ele>
        <time>2026-08-21T15:16:33+00:00</time>
      </trkpt>
      <trkpt lat="44.1241" lon="3.09918">
        <ele>366</ele>
        <time>2026-08-21T15:16:36+00:00</time>
      </trkpt>
      <trkpt lat="44.12423" lon="3.09945">
        <ele>366</ele>
        <time>2026-08-21T15:16:39+00:00</time>
      </trkpt>
      <trkpt lat="44.12439" lon="3.09971">
        <ele>366</ele>
        <time>2026-08-21T15:16:42+00:00</time>
      </trkpt>
      <trkpt lat="44.12447" lon="3.09982">
        <ele>367</ele>
        <time>2026-08-21T15:16:45+00:00</time>
      </trkpt>
      <trkpt lat="44.12463" lon="3.09996">
        <ele>366</ele>
        <time>2026-08-21T15:16:48+00:00</time>
      </trkpt>
      <trkpt lat="44.12486" lon="3.10013">
        <ele>366</ele>
        <time>2026-08-21T15:16:51+00:00</time>
      </trkpt>
      <trkpt lat="44.12516" lon="3.10034">
        <ele>366</ele>
        <time>2026-08-21T15:16:54+00:00</time>
      </trkpt>
      <trkpt lat="44.12527" lon="3.1004">
        <ele>366</ele>
        <time>2026-08-21T15:16:57+00:00</time>
      </trkpt>
      <trkpt lat="44.12542" lon="3.10046">
        <ele>365</ele>
        <time>2026-08-21T15:17:00+00:00</time>
      </trkpt>
      <trkpt lat="44.12546" lon="3.10047">
        <ele>363</ele>
        <time>2026-08-21T15:17:03+00:00</time>
      </trkpt>
      <trkpt lat="44.12566" lon="3.10053">
        <ele>365</ele>
        <time>2026-08-21T15:17:06+00:00</time>
      </trkpt>
      <trkpt lat="44.12581" lon="3.10057">
        <ele>364</ele>
        <time>2026-08-21T15:17:09+00:00</time>
      </trkpt>
      <trkpt lat="44.12589" lon="3.10058">
        <ele>365</ele>
        <time>2026-08-21T15:17:12+00:00</time>
      </trkpt>
      <trkpt lat="44.12601" lon="3.10062">
        <ele>365</ele>
        <time>2026-08-21T15:17:15+00:00</time>
      </trkpt>
      <trkpt lat="44.12628" lon="3.10065">
        <ele>365</ele>
        <time>2026-08-21T15:17:18+00:00</time>
      </trkpt>
      <trkpt lat="44.12653" lon="3.10064">
        <ele>365</ele>
        <time>2026-08-21T15:17:21+00:00</time>
      </trkpt>
      <trkpt lat="44.1268" lon="3.10064">
        <ele>366</ele>
        <time>2026-08-21T15:17:24+00:00</time>
      </trkpt>
      <trkpt lat="44.12727" lon="3.10066">
        <ele>365</ele>
        <time>2026-08-21T15:17:27+00:00</time>
      </trkpt>
      <trkpt lat="44.12738" lon="3.10064">
        <ele>366</ele>
        <time>2026-08-21T15:17:30+00:00</time>
      </trkpt>
      <trkpt lat="44.12742" lon="3.10062">
        <ele>367</ele>
        <time>2026-08-21T15:17:33+00:00</time>
      </trkpt>
      <trkpt lat="44.12753" lon="3.10058">
        <ele>365</ele>
        <time>2026-08-21T15:17:36+00:00</time>
      </trkpt>
      <trkpt lat="44.12761" lon="3.10057">
        <ele>366</ele>
        <time>2026-08-21T15:17:39+00:00</time>
      </trkpt>
      <trkpt lat="44.12769" lon="3.10054">
        <ele>366</ele>
        <time>2026-08-21T15:17:42+00:00</time>
      </trkpt>
      <trkpt lat="44.12771" lon="3.10054">
        <ele>367</ele>
        <time>2026-08-21T15:17:45+00:00</time>
      </trkpt>
      <trkpt lat="44.12773" lon="3.10059">
        <ele>367</ele>
        <time>2026-08-21T15:17:48+00:00</time>
      </trkpt>
      <trkpt lat="44.12775" lon="3.10062">
        <ele>367</ele>
        <time>2026-08-21T15:17:51+00:00</time>
      </trkpt>
      <trkpt lat="44.12776" lon="3.10062">
        <ele>367</ele>
        <time>2026-08-21T15:17:54+00:00</time>
      </trkpt>
      <trkpt lat="44.12777" lon="3.10063">
        <ele>367</ele>
        <time>2026-08-21T15:17:57+00:00</time>
      </trkpt>
      <trkpt lat="44.12779" lon="3.10063">
        <ele>367</ele>
        <time>2026-08-21T15:18:00+00:00</time>
      </trkpt>
      <trkpt lat="44.12783" lon="3.10062">
        <ele>368</ele>
        <time>2026-08-21T15:18:03+00:00</time>
      </trkpt>
      <trkpt lat="44.12812" lon="3.10053">
        <ele>370</ele>
        <time>2026-08-21T15:18:06+00:00</time>
      </trkpt>
      <trkpt lat="44.12827" lon="3.10049">
        <ele>368</ele>
        <time>2026-08-21T15:18:09+00:00</time>
      </trkpt>
      <trkpt lat="44.12844" lon="3.10045">
        <ele>375</ele>
        <time>2026-08-21T15:18:12+00:00</time>
      </trkpt>
      <trkpt lat="44.12862" lon="3.10043">
        <ele>377</ele>
        <time>2026-08-21T15:18:15+00:00</time>
      </trkpt>
      <trkpt lat="44.12872" lon="3.10041">
        <ele>378</ele>
        <time>2026-08-21T15:18:18+00:00</time>
      </trkpt>
      <trkpt lat="44.1288" lon="3.10038">
        <ele>374</ele>
        <time>2026-08-21T15:18:21+00:00</time>
      </trkpt>
      <trkpt lat="44.12896" lon="3.10031">
        <ele>377</ele>
        <time>2026-08-21T15:18:24+00:00</time>
      </trkpt>
      <trkpt lat="44.12914" lon="3.10024">
        <ele>374</ele>
        <time>2026-08-21T15:18:27+00:00</time>
      </trkpt>
      <trkpt lat="44.12928" lon="3.10022">
        <ele>379</ele>
        <time>2026-08-21T15:18:30+00:00</time>
      </trkpt>
      <trkpt lat="44.12932" lon="3.10023">
        <ele>378</ele>
        <time>2026-08-21T15:18:33+00:00</time>
      </trkpt>
      <trkpt lat="44.12936" lon="3.10024">
        <ele>378</ele>
        <time>2026-08-21T15:18:36+00:00</time>
      </trkpt>
      <trkpt lat="44.12939" lon="3.10028">
        <ele>378</ele>
        <time>2026-08-21T15:18:39+00:00</time>
      </trkpt>
      <trkpt lat="44.12942" lon="3.10033">
        <ele>381</ele>
        <time>2026-08-21T15:18:42+00:00</time>
      </trkpt>
      <trkpt lat="44.12945" lon="3.10038">
        <ele>381</ele>
        <time>2026-08-21T15:18:45+00:00</time>
      </trkpt>
      <trkpt lat="44.12947" lon="3.10046">
        <ele>382</ele>
        <time>2026-08-21T15:18:48+00:00</time>
      </trkpt>
      <trkpt lat="44.12947" lon="3.10053">
        <ele>382</ele>
        <time>2026-08-21T15:18:51+00:00</time>
      </trkpt>
      <trkpt lat="44.12946" lon="3.10059">
        <ele>382</ele>
        <time>2026-08-21T15:18:54+00:00</time>
      </trkpt>
      <trkpt lat="44.12944" lon="3.10064">
        <ele>383</ele>
        <time>2026-08-21T15:18:57+00:00</time>
      </trkpt>
      <trkpt lat="44.1294" lon="3.10068">
        <ele>383</ele>
        <time>2026-08-21T15:19:00+00:00</time>
      </trkpt>
      <trkpt lat="44.12932" lon="3.10077">
        <ele>384</ele>
        <time>2026-08-21T15:19:03+00:00</time>
      </trkpt>
      <trkpt lat="44.12913" lon="3.1009">
        <ele>386</ele>
        <time>2026-08-21T15:19:06+00:00</time>
      </trkpt>
      <trkpt lat="44.12905" lon="3.10095">
        <ele>391</ele>
        <time>2026-08-21T15:19:09+00:00</time>
      </trkpt>
      <trkpt lat="44.12901" lon="3.10098">
        <ele>391</ele>
        <time>2026-08-21T15:19:12+00:00</time>
      </trkpt>
      <trkpt lat="44.12898" lon="3.10102">
        <ele>393</ele>
        <time>2026-08-21T15:19:15+00:00</time>
      </trkpt>
      <trkpt lat="44.12895" lon="3.10107">
        <ele>393</ele>
        <time>2026-08-21T15:19:18+00:00</time>
      </trkpt>
      <trkpt lat="44.12894" lon="3.10112">
        <ele>394</ele>
        <time>2026-08-21T15:19:21+00:00</time>
      </trkpt>
      <trkpt lat="44.12894" lon="3.10117">
        <ele>394</ele>
        <time>2026-08-21T15:19:24+00:00</time>
      </trkpt>
      <trkpt lat="44.12894" lon="3.10124">
        <ele>394</ele>
        <time>2026-08-21T15:19:27+00:00</time>
      </trkpt>
      <trkpt lat="44.12896" lon="3.10129">
        <ele>394</ele>
        <time>2026-08-21T15:19:30+00:00</time>
      </trkpt>
      <trkpt lat="44.12902" lon="3.10142">
        <ele>397</ele>
        <time>2026-08-21T15:19:33+00:00</time>
      </trkpt>
      <trkpt lat="44.12916" lon="3.10171">
        <ele>399</ele>
        <time>2026-08-21T15:19:36+00:00</time>
      </trkpt>
      <trkpt lat="44.12933" lon="3.10204">
        <ele>400</ele>
        <time>2026-08-21T15:19:39+00:00</time>
      </trkpt>
      <trkpt lat="44.12941" lon="3.10214">
        <ele>402</ele>
        <time>2026-08-21T15:19:42+00:00</time>
      </trkpt>
      <trkpt lat="44.12946" lon="3.10217">
        <ele>402</ele>
        <time>2026-08-21T15:19:45+00:00</time>
      </trkpt>
      <trkpt lat="44.12953" lon="3.10222">
        <ele>403</ele>
        <time>2026-08-21T15:19:48+00:00</time>
      </trkpt>
      <trkpt lat="44.12962" lon="3.10227">
        <ele>403</ele>
        <time>2026-08-21T15:19:51+00:00</time>
      </trkpt>
      <trkpt lat="44.12966" lon="3.10233">
        <ele>404</ele>
        <time>2026-08-21T15:19:54+00:00</time>
      </trkpt>
      <trkpt lat="44.12967" lon="3.10237">
        <ele>404</ele>
        <time>2026-08-21T15:19:57+00:00</time>
      </trkpt>
      <trkpt lat="44.12967" lon="3.10241">
        <ele>405</ele>
        <time>2026-08-21T15:20:00+00:00</time>
      </trkpt>
      <trkpt lat="44.12964" lon="3.10245">
        <ele>405</ele>
        <time>2026-08-21T15:20:03+00:00</time>
      </trkpt>
      <trkpt lat="44.1296" lon="3.10247">
        <ele>405</ele>
        <time>2026-08-21T15:20:06+00:00</time>
      </trkpt>
      <trkpt lat="44.12953" lon="3.10248">
        <ele>406</ele>
        <time>2026-08-21T15:20:09+00:00</time>
      </trkpt>
      <trkpt lat="44.12937" lon="3.10245">
        <ele>409</ele>
        <time>2026-08-21T15:20:12+00:00</time>
      </trkpt>
      <trkpt lat="44.12918" lon="3.10243">
        <ele>411</ele>
        <time>2026-08-21T15:20:15+00:00</time>
      </trkpt>
      <trkpt lat="44.12902" lon="3.10243">
        <ele>410</ele>
        <time>2026-08-21T15:20:18+00:00</time>
      </trkpt>
      <trkpt lat="44.1289" lon="3.10245">
        <ele>412</ele>
        <time>2026-08-21T15:20:21+00:00</time>
      </trkpt>
      <trkpt lat="44.12882" lon="3.10248">
        <ele>411</ele>
        <time>2026-08-21T15:20:24+00:00</time>
      </trkpt>
      <trkpt lat="44.12873" lon="3.10251">
        <ele>415</ele>
        <time>2026-08-21T15:20:27+00:00</time>
      </trkpt>
      <trkpt lat="44.12866" lon="3.10257">
        <ele>413</ele>
        <time>2026-08-21T15:20:30+00:00</time>
      </trkpt>
      <trkpt lat="44.1286" lon="3.10263">
        <ele>417</ele>
        <time>2026-08-21T15:20:33+00:00</time>
      </trkpt>
      <trkpt lat="44.12857" lon="3.10268">
        <ele>416</ele>
        <time>2026-08-21T15:20:36+00:00</time>
      </trkpt>
      <trkpt lat="44.12856" lon="3.1027">
        <ele>416</ele>
        <time>2026-08-21T15:20:39+00:00</time>
      </trkpt>
      <trkpt lat="44.12854" lon="3.10273">
        <ele>421</ele>
        <time>2026-08-21T15:20:42+00:00</time>
      </trkpt>
      <trkpt lat="44.1285" lon="3.10284">
        <ele>422</ele>
        <time>2026-08-21T15:20:45+00:00</time>
      </trkpt>
      <trkpt lat="44.12842" lon="3.10303">
        <ele>424</ele>
        <time>2026-08-21T15:20:48+00:00</time>
      </trkpt>
      <trkpt lat="44.12847" lon="3.103">
        <ele>424</ele>
        <time>2026-08-21T15:20:51+00:00</time>
      </trkpt>
      <trkpt lat="44.1285" lon="3.10297">
        <ele>423</ele>
        <time>2026-08-21T15:20:54+00:00</time>
      </trkpt>
      <trkpt lat="44.12852" lon="3.10295">
        <ele>424</ele>
        <time>2026-08-21T15:20:57+00:00</time>
      </trkpt>
      <trkpt lat="44.12856" lon="3.10294">
        <ele>424</ele>
        <time>2026-08-21T15:21:00+00:00</time>
      </trkpt>
      <trkpt lat="44.12861" lon="3.10291">
        <ele>425</ele>
        <time>2026-08-21T15:21:03+00:00</time>
      </trkpt>
      <trkpt lat="44.12867" lon="3.10287">
        <ele>424</ele>
        <time>2026-08-21T15:21:06+00:00</time>
      </trkpt>
      <trkpt lat="44.12872" lon="3.10285">
        <ele>425</ele>
        <time>2026-08-21T15:21:09+00:00</time>
      </trkpt>
      <trkpt lat="44.12877" lon="3.10283">
        <ele>425</ele>
        <time>2026-08-21T15:21:12+00:00</time>
      </trkpt>
      <trkpt lat="44.12884" lon="3.10281">
        <ele>426</ele>
        <time>2026-08-21T15:21:15+00:00</time>
      </trkpt>
      <trkpt lat="44.12891" lon="3.10281">
        <ele>427</ele>
        <time>2026-08-21T15:21:18+00:00</time>
      </trkpt>
      <trkpt lat="44.12898" lon="3.10282">
        <ele>427</ele>
        <time>2026-08-21T15:21:21+00:00</time>
      </trkpt>
      <trkpt lat="44.12905" lon="3.10282">
        <ele>428</ele>
        <time>2026-08-21T15:21:24+00:00</time>
      </trkpt>
      <trkpt lat="44.1291" lon="3.10283">
        <ele>429</ele>
        <time>2026-08-21T15:21:27+00:00</time>
      </trkpt>
      <trkpt lat="44.12915" lon="3.10285">
        <ele>429</ele>
        <time>2026-08-21T15:21:30+00:00</time>
      </trkpt>
      <trkpt lat="44.12919" lon="3.10286">
        <ele>429</ele>
        <time>2026-08-21T15:21:33+00:00</time>
      </trkpt>
      <trkpt lat="44.12924" lon="3.10289">
        <ele>428</ele>
        <time>2026-08-21T15:21:36+00:00</time>
      </trkpt>
      <trkpt lat="44.12928" lon="3.10292">
        <ele>430</ele>
        <time>2026-08-21T15:21:39+00:00</time>
      </trkpt>
      <trkpt lat="44.12933" lon="3.10297">
        <ele>429</ele>
        <time>2026-08-21T15:21:42+00:00</time>
      </trkpt>
      <trkpt lat="44.12937" lon="3.10299">
        <ele>429</ele>
        <time>2026-08-21T15:21:45+00:00</time>
      </trkpt>
      <trkpt lat="44.12945" lon="3.10303">
        <ele>427</ele>
        <time>2026-08-21T15:21:48+00:00</time>
      </trkpt>
      <trkpt lat="44.12951" lon="3.10306">
        <ele>427</ele>
        <time>2026-08-21T15:21:51+00:00</time>
      </trkpt>
      <trkpt lat="44.12957" lon="3.10308">
        <ele>427</ele>
        <time>2026-08-21T15:21:54+00:00</time>
      </trkpt>
      <trkpt lat="44.12964" lon="3.1031">
        <ele>426</ele>
        <time>2026-08-21T15:21:57+00:00</time>
      </trkpt>
      <trkpt lat="44.12969" lon="3.10312">
        <ele>426</ele>
        <time>2026-08-21T15:22:00+00:00</time>
      </trkpt>
      <trkpt lat="44.12976" lon="3.10314">
        <ele>426</ele>
        <time>2026-08-21T15:22:03+00:00</time>
      </trkpt>
      <trkpt lat="44.12983" lon="3.10317">
        <ele>426</ele>
        <time>2026-08-21T15:22:06+00:00</time>
      </trkpt>
      <trkpt lat="44.12996" lon="3.10322">
        <ele>429</ele>
        <time>2026-08-21T15:22:09+00:00</time>
      </trkpt>
      <trkpt lat="44.13017" lon="3.1033">
        <ele>429</ele>
        <time>2026-08-21T15:22:12+00:00</time>
      </trkpt>
      <trkpt lat="44.13032" lon="3.10335">
        <ele>433</ele>
        <time>2026-08-21T15:22:15+00:00</time>
      </trkpt>
      <trkpt lat="44.13046" lon="3.10338">
        <ele>434</ele>
        <time>2026-08-21T15:22:18+00:00</time>
      </trkpt>
      <trkpt lat="44.13059" lon="3.10342">
        <ele>434</ele>
        <time>2026-08-21T15:22:21+00:00</time>
      </trkpt>
      <trkpt lat="44.13072" lon="3.10344">
        <ele>434</ele>
        <time>2026-08-21T15:22:24+00:00</time>
      </trkpt>
      <trkpt lat="44.13093" lon="3.10349">
        <ele>435</ele>
        <time>2026-08-21T15:22:27+00:00</time>
      </trkpt>
      <trkpt lat="44.13106" lon="3.10352">
        <ele>436</ele>
        <time>2026-08-21T15:22:30+00:00</time>
      </trkpt>
      <trkpt lat="44.13119" lon="3.10354">
        <ele>434</ele>
        <time>2026-08-21T15:22:33+00:00</time>
      </trkpt>
      <trkpt lat="44.13131" lon="3.10355">
        <ele>435</ele>
        <time>2026-08-21T15:22:36+00:00</time>
      </trkpt>
      <trkpt lat="44.13144" lon="3.10356">
        <ele>434</ele>
        <time>2026-08-21T15:22:39+00:00</time>
      </trkpt>
      <trkpt lat="44.13162" lon="3.10358">
        <ele>433</ele>
        <time>2026-08-21T15:22:42+00:00</time>
      </trkpt>
      <trkpt lat="44.13169" lon="3.10358">
        <ele>433</ele>
        <time>2026-08-21T15:22:45+00:00</time>
      </trkpt>
      <trkpt lat="44.13181" lon="3.10358">
        <ele>433</ele>
        <time>2026-08-21T15:22:48+00:00</time>
      </trkpt>
      <trkpt lat="44.1319" lon="3.10357">
        <ele>433</ele>
        <time>2026-08-21T15:22:51+00:00</time>
      </trkpt>
      <trkpt lat="44.13196" lon="3.10356">
        <ele>433</ele>
        <time>2026-08-21T15:22:54+00:00</time>
      </trkpt>
      <trkpt lat="44.13204" lon="3.10357">
        <ele>432</ele>
        <time>2026-08-21T15:22:57+00:00</time>
      </trkpt>
      <trkpt lat="44.13211" lon="3.10359">
        <ele>434</ele>
        <time>2026-08-21T15:23:00+00:00</time>
      </trkpt>
      <trkpt lat="44.13216" lon="3.10363">
        <ele>434</ele>
        <time>2026-08-21T15:23:03+00:00</time>
      </trkpt>
      <trkpt lat="44.13222" lon="3.10367">
        <ele>433</ele>
        <time>2026-08-21T15:23:06+00:00</time>
      </trkpt>
      <trkpt lat="44.1323" lon="3.10372">
        <ele>436</ele>
        <time>2026-08-21T15:23:09+00:00</time>
      </trkpt>
      <trkpt lat="44.1324" lon="3.10378">
        <ele>436</ele>
        <time>2026-08-21T15:23:12+00:00</time>
      </trkpt>
      <trkpt lat="44.13249" lon="3.10382">
        <ele>439</ele>
        <time>2026-08-21T15:23:15+00:00</time>
      </trkpt>
      <trkpt lat="44.13255" lon="3.10384">
        <ele>439</ele>
        <time>2026-08-21T15:23:18+00:00</time>
      </trkpt>
      <trkpt lat="44.13264" lon="3.10385">
        <ele>439</ele>
        <time>2026-08-21T15:23:21+00:00</time>
      </trkpt>
      <trkpt lat="44.13275" lon="3.10387">
        <ele>440</ele>
        <time>2026-08-21T15:23:24+00:00</time>
      </trkpt>
      <trkpt lat="44.13295" lon="3.10388">
        <ele>444</ele>
        <time>2026-08-21T15:23:27+00:00</time>
      </trkpt>
      <trkpt lat="44.13307" lon="3.10389">
        <ele>446</ele>
        <time>2026-08-21T15:23:30+00:00</time>
      </trkpt>
      <trkpt lat="44.13317" lon="3.10389">
        <ele>447</ele>
        <time>2026-08-21T15:23:33+00:00</time>
      </trkpt>
      <trkpt lat="44.1333" lon="3.10389">
        <ele>449</ele>
        <time>2026-08-21T15:23:36+00:00</time>
      </trkpt>
      <trkpt lat="44.13341" lon="3.1039">
        <ele>461</ele>
        <time>2026-08-21T15:23:39+00:00</time>
      </trkpt>
      <trkpt lat="44.13353" lon="3.10396">
        <ele>462</ele>
        <time>2026-08-21T15:23:42+00:00</time>
      </trkpt>
      <trkpt lat="44.13356" lon="3.10398">
        <ele>462</ele>
        <time>2026-08-21T15:23:45+00:00</time>
      </trkpt>
      <trkpt lat="44.13358" lon="3.104">
        <ele>465</ele>
        <time>2026-08-21T15:23:48+00:00</time>
      </trkpt>
      <trkpt lat="44.13358" lon="3.10402">
        <ele>465</ele>
        <time>2026-08-21T15:23:51+00:00</time>
      </trkpt>
      <trkpt lat="44.13356" lon="3.10404">
        <ele>465</ele>
        <time>2026-08-21T15:23:54+00:00</time>
      </trkpt>
      <trkpt lat="44.1335" lon="3.10405">
        <ele>464</ele>
        <time>2026-08-21T15:23:57+00:00</time>
      </trkpt>
      <trkpt lat="44.13348" lon="3.10407">
        <ele>464</ele>
        <time>2026-08-21T15:24:00+00:00</time>
      </trkpt>
      <trkpt lat="44.13348" lon="3.10409">
        <ele>464</ele>
        <time>2026-08-21T15:24:03+00:00</time>
      </trkpt>
      <trkpt lat="44.13349" lon="3.10411">
        <ele>467</ele>
        <time>2026-08-21T15:24:06+00:00</time>
      </trkpt>
      <trkpt lat="44.1335" lon="3.10412">
        <ele>467</ele>
        <time>2026-08-21T15:24:09+00:00</time>
      </trkpt>
      <trkpt lat="44.13359" lon="3.10413">
        <ele>468</ele>
        <time>2026-08-21T15:24:12+00:00</time>
      </trkpt>
      <trkpt lat="44.13367" lon="3.10413">
        <ele>469</ele>
        <time>2026-08-21T15:24:15+00:00</time>
      </trkpt>
      <trkpt lat="44.13374" lon="3.10414">
        <ele>471</ele>
        <time>2026-08-21T15:24:18+00:00</time>
      </trkpt>
      <trkpt lat="44.13376" lon="3.10415">
        <ele>471</ele>
        <time>2026-08-21T15:24:21+00:00</time>
      </trkpt>
      <trkpt lat="44.13379" lon="3.10418">
        <ele>471</ele>
        <time>2026-08-21T15:24:24+00:00</time>
      </trkpt>
      <trkpt lat="44.13381" lon="3.10421">
        <ele>474</ele>
        <time>2026-08-21T15:24:27+00:00</time>
      </trkpt>
      <trkpt lat="44.13384" lon="3.10431">
        <ele>476</ele>
        <time>2026-08-21T15:24:30+00:00</time>
      </trkpt>
      <trkpt lat="44.1339" lon="3.10453">
        <ele>475</ele>
        <time>2026-08-21T15:24:33+00:00</time>
      </trkpt>
      <trkpt lat="44.13396" lon="3.10476">
        <ele>480</ele>
        <time>2026-08-21T15:24:36+00:00</time>
      </trkpt>
      <trkpt lat="44.13397" lon="3.10477">
        <ele>480</ele>
        <time>2026-08-21T15:24:39+00:00</time>
      </trkpt>
      <trkpt lat="44.13401" lon="3.10479">
        <ele>476</ele>
        <time>2026-08-21T15:24:42+00:00</time>
      </trkpt>
      <trkpt lat="44.13408" lon="3.10486">
        <ele>479</ele>
        <time>2026-08-21T15:24:45+00:00</time>
      </trkpt>
      <trkpt lat="44.13415" lon="3.10492">
        <ele>479</ele>
        <time>2026-08-21T15:24:48+00:00</time>
      </trkpt>
      <trkpt lat="44.13427" lon="3.10499">
        <ele>477</ele>
        <time>2026-08-21T15:24:51+00:00</time>
      </trkpt>
      <trkpt lat="44.13445" lon="3.10509">
        <ele>476</ele>
        <time>2026-08-21T15:24:54+00:00</time>
      </trkpt>
      <trkpt lat="44.13458" lon="3.10518">
        <ele>480</ele>
        <time>2026-08-21T15:24:57+00:00</time>
      </trkpt>
      <trkpt lat="44.13471" lon="3.10526">
        <ele>480</ele>
        <time>2026-08-21T15:25:00+00:00</time>
      </trkpt>
      <trkpt lat="44.13501" lon="3.10544">
        <ele>483</ele>
        <time>2026-08-21T15:25:03+00:00</time>
      </trkpt>
      <trkpt lat="44.13523" lon="3.10555">
        <ele>484</ele>
        <time>2026-08-21T15:25:06+00:00</time>
      </trkpt>
      <trkpt lat="44.13554" lon="3.1057">
        <ele>486</ele>
        <time>2026-08-21T15:25:09+00:00</time>
      </trkpt>
      <trkpt lat="44.13579" lon="3.10584">
        <ele>486</ele>
        <time>2026-08-21T15:25:12+00:00</time>
      </trkpt>
      <trkpt lat="44.13595" lon="3.10592">
        <ele>486</ele>
        <time>2026-08-21T15:25:15+00:00</time>
      </trkpt>
      <trkpt lat="44.13613" lon="3.10603">
        <ele>486</ele>
        <time>2026-08-21T15:25:18+00:00</time>
      </trkpt>
      <trkpt lat="44.13634" lon="3.10616">
        <ele>486</ele>
        <time>2026-08-21T15:25:21+00:00</time>
      </trkpt>
      <trkpt lat="44.13652" lon="3.10628">
        <ele>486</ele>
        <time>2026-08-21T15:25:24+00:00</time>
      </trkpt>
      <trkpt lat="44.13661" lon="3.10632">
        <ele>486</ele>
        <time>2026-08-21T15:25:27+00:00</time>
      </trkpt>
      <trkpt lat="44.13671" lon="3.10638">
        <ele>486</ele>
        <time>2026-08-21T15:25:30+00:00</time>
      </trkpt>
      <trkpt lat="44.13686" lon="3.10647">
        <ele>486</ele>
        <time>2026-08-21T15:25:33+00:00</time>
      </trkpt>
      <trkpt lat="44.13695" lon="3.10654">
        <ele>484</ele>
        <time>2026-08-21T15:25:36+00:00</time>
      </trkpt>
      <trkpt lat="44.13701" lon="3.10659">
        <ele>483</ele>
        <time>2026-08-21T15:25:39+00:00</time>
      </trkpt>
      <trkpt lat="44.13706" lon="3.10663">
        <ele>484</ele>
        <time>2026-08-21T15:25:42+00:00</time>
      </trkpt>
      <trkpt lat="44.13715" lon="3.10668">
        <ele>482</ele>
        <time>2026-08-21T15:25:45+00:00</time>
      </trkpt>
      <trkpt lat="44.13728" lon="3.10673">
        <ele>482</ele>
        <time>2026-08-21T15:25:48+00:00</time>
      </trkpt>
      <trkpt lat="44.13741" lon="3.10678">
        <ele>479</ele>
        <time>2026-08-21T15:25:51+00:00</time>
      </trkpt>
      <trkpt lat="44.13762" lon="3.10683">
        <ele>478</ele>
        <time>2026-08-21T15:25:54+00:00</time>
      </trkpt>
      <trkpt lat="44.13774" lon="3.10685">
        <ele>478</ele>
        <time>2026-08-21T15:25:57+00:00</time>
      </trkpt>
      <trkpt lat="44.13785" lon="3.10686">
        <ele>475</ele>
        <time>2026-08-21T15:26:00+00:00</time>
      </trkpt>
      <trkpt lat="44.13795" lon="3.10686">
        <ele>474</ele>
        <time>2026-08-21T15:26:03+00:00</time>
      </trkpt>
      <trkpt lat="44.13809" lon="3.10689">
        <ele>474</ele>
        <time>2026-08-21T15:26:06+00:00</time>
      </trkpt>
      <trkpt lat="44.13819" lon="3.10692">
        <ele>475</ele>
        <time>2026-08-21T15:26:09+00:00</time>
      </trkpt>
      <trkpt lat="44.13826" lon="3.10693">
        <ele>474</ele>
        <time>2026-08-21T15:26:12+00:00</time>
      </trkpt>
      <trkpt lat="44.13832" lon="3.10693">
        <ele>474</ele>
        <time>2026-08-21T15:26:15+00:00</time>
      </trkpt>
      <trkpt lat="44.13836" lon="3.10692">
        <ele>474</ele>
        <time>2026-08-21T15:26:18+00:00</time>
      </trkpt>
      <trkpt lat="44.13839" lon="3.1069">
        <ele>474</ele>
        <time>2026-08-21T15:26:21+00:00</time>
      </trkpt>
      <trkpt lat="44.13842" lon="3.10688">
        <ele>471</ele>
        <time>2026-08-21T15:26:24+00:00</time>
      </trkpt>
      <trkpt lat="44.13844" lon="3.10686">
        <ele>471</ele>
        <time>2026-08-21T15:26:27+00:00</time>
      </trkpt>
      <trkpt lat="44.13846" lon="3.10683">
        <ele>471</ele>
        <time>2026-08-21T15:26:30+00:00</time>
      </trkpt>
      <trkpt lat="44.13849" lon="3.10677">
        <ele>471</ele>
        <time>2026-08-21T15:26:33+00:00</time>
      </trkpt>
      <trkpt lat="44.13854" lon="3.10667">
        <ele>470</ele>
        <time>2026-08-21T15:26:36+00:00</time>
      </trkpt>
      <trkpt lat="44.13859" lon="3.10658">
        <ele>470</ele>
        <time>2026-08-21T15:26:39+00:00</time>
      </trkpt>
      <trkpt lat="44.13866" lon="3.10646">
        <ele>470</ele>
        <time>2026-08-21T15:26:42+00:00</time>
      </trkpt>
      <trkpt lat="44.13872" lon="3.10657">
        <ele>469</ele>
        <time>2026-08-21T15:26:45+00:00</time>
      </trkpt>
      <trkpt lat="44.13875" lon="3.10662">
        <ele>469</ele>
        <time>2026-08-21T15:26:48+00:00</time>
      </trkpt>
      <trkpt lat="44.13876" lon="3.10661">
        <ele>469</ele>
        <time>2026-08-21T15:26:51+00:00</time>
      </trkpt>
      <trkpt lat="44.13882" lon="3.10669">
        <ele>469</ele>
        <time>2026-08-21T15:26:54+00:00</time>
      </trkpt>
      <trkpt lat="44.13889" lon="3.10675">
        <ele>468</ele>
        <time>2026-08-21T15:26:57+00:00</time>
      </trkpt>
      <trkpt lat="44.13907" lon="3.10693">
        <ele>467</ele>
        <time>2026-08-21T15:27:00+00:00</time>
      </trkpt>
      <trkpt lat="44.13915" lon="3.107">
        <ele>466</ele>
        <time>2026-08-21T15:27:03+00:00</time>
      </trkpt>
      <trkpt lat="44.13929" lon="3.10714">
        <ele>466</ele>
        <time>2026-08-21T15:27:06+00:00</time>
      </trkpt>
      <trkpt lat="44.13954" lon="3.10736">
        <ele>465</ele>
        <time>2026-08-21T15:27:09+00:00</time>
      </trkpt>
      <trkpt lat="44.13963" lon="3.10746">
        <ele>465</ele>
        <time>2026-08-21T15:27:12+00:00</time>
      </trkpt>
      <trkpt lat="44.13969" lon="3.10754">
        <ele>465</ele>
        <time>2026-08-21T15:27:15+00:00</time>
      </trkpt>
      <trkpt lat="44.13981" lon="3.10776">
        <ele>465</ele>
        <time>2026-08-21T15:27:18+00:00</time>
      </trkpt>
      <trkpt lat="44.14" lon="3.10819">
        <ele>465</ele>
        <time>2026-08-21T15:27:21+00:00</time>
      </trkpt>
      <trkpt lat="44.14003" lon="3.10822">
        <ele>465</ele>
        <time>2026-08-21T15:27:24+00:00</time>
      </trkpt>
      <trkpt lat="44.14007" lon="3.10831">
        <ele>466</ele>
        <time>2026-08-21T15:27:27+00:00</time>
      </trkpt>
      <trkpt lat="44.14016" lon="3.10844">
        <ele>465</ele>
        <time>2026-08-21T15:27:30+00:00</time>
      </trkpt>
      <trkpt lat="44.14021" lon="3.10853">
        <ele>464</ele>
        <time>2026-08-21T15:27:33+00:00</time>
      </trkpt>
      <trkpt lat="44.1403" lon="3.1087">
        <ele>465</ele>
        <time>2026-08-21T15:27:36+00:00</time>
      </trkpt>
      <trkpt lat="44.1404" lon="3.10894">
        <ele>465</ele>
        <time>2026-08-21T15:27:39+00:00</time>
      </trkpt>
      <trkpt lat="44.14043" lon="3.10899">
        <ele>465</ele>
        <time>2026-08-21T15:27:42+00:00</time>
      </trkpt>
      <trkpt lat="44.14046" lon="3.10908">
        <ele>466</ele>
        <time>2026-08-21T15:27:45+00:00</time>
      </trkpt>
      <trkpt lat="44.14052" lon="3.10921">
        <ele>465</ele>
        <time>2026-08-21T15:27:48+00:00</time>
      </trkpt>
      <trkpt lat="44.14057" lon="3.10929">
        <ele>465</ele>
        <time>2026-08-21T15:27:51+00:00</time>
      </trkpt>
      <trkpt lat="44.14065" lon="3.1094">
        <ele>468</ele>
        <time>2026-08-21T15:27:54+00:00</time>
      </trkpt>
      <trkpt lat="44.14077" lon="3.10953">
        <ele>468</ele>
        <time>2026-08-21T15:27:57+00:00</time>
      </trkpt>
      <trkpt lat="44.14085" lon="3.10964">
        <ele>468</ele>
        <time>2026-08-21T15:28:00+00:00</time>
      </trkpt>
      <trkpt lat="44.14094" lon="3.1098">
        <ele>469</ele>
        <time>2026-08-21T15:28:03+00:00</time>
      </trkpt>
      <trkpt lat="44.14099" lon="3.10995">
        <ele>469</ele>
        <time>2026-08-21T15:28:06+00:00</time>
      </trkpt>
      <trkpt lat="44.141" lon="3.11005">
        <ele>468</ele>
        <time>2026-08-21T15:28:09+00:00</time>
      </trkpt>
      <trkpt lat="44.14102" lon="3.11025">
        <ele>469</ele>
        <time>2026-08-21T15:28:12+00:00</time>
      </trkpt>
      <trkpt lat="44.14101" lon="3.11049">
        <ele>470</ele>
        <time>2026-08-21T15:28:15+00:00</time>
      </trkpt>
      <trkpt lat="44.14102" lon="3.11067">
        <ele>471</ele>
        <time>2026-08-21T15:28:18+00:00</time>
      </trkpt>
      <trkpt lat="44.14112" lon="3.11111">
        <ele>471</ele>
        <time>2026-08-21T15:28:21+00:00</time>
      </trkpt>
      <trkpt lat="44.14112" lon="3.11116">
        <ele>471</ele>
        <time>2026-08-21T15:28:24+00:00</time>
      </trkpt>
      <trkpt lat="44.14112" lon="3.11132">
        <ele>474</ele>
        <time>2026-08-21T15:28:27+00:00</time>
      </trkpt>
      <trkpt lat="44.14114" lon="3.11151">
        <ele>475</ele>
        <time>2026-08-21T15:28:30+00:00</time>
      </trkpt>
      <trkpt lat="44.14115" lon="3.1117">
        <ele>476</ele>
        <time>2026-08-21T15:28:33+00:00</time>
      </trkpt>
      <trkpt lat="44.14117" lon="3.11177">
        <ele>477</ele>
        <time>2026-08-21T15:28:36+00:00</time>
      </trkpt>
      <trkpt lat="44.1412" lon="3.11187">
        <ele>479</ele>
        <time>2026-08-21T15:28:39+00:00</time>
      </trkpt>
      <trkpt lat="44.14121" lon="3.11194">
        <ele>480</ele>
        <time>2026-08-21T15:28:42+00:00</time>
      </trkpt>
      <trkpt lat="44.14124" lon="3.11197">
        <ele>480</ele>
        <time>2026-08-21T15:28:45+00:00</time>
      </trkpt>
      <trkpt lat="44.14129" lon="3.11201">
        <ele>481</ele>
        <time>2026-08-21T15:28:48+00:00</time>
      </trkpt>
      <trkpt lat="44.14136" lon="3.11203">
        <ele>479</ele>
        <time>2026-08-21T15:28:51+00:00</time>
      </trkpt>
      <trkpt lat="44.1414" lon="3.11204">
        <ele>481</ele>
        <time>2026-08-21T15:28:54+00:00</time>
      </trkpt>
      <trkpt lat="44.14144" lon="3.11203">
        <ele>481</ele>
        <time>2026-08-21T15:28:57+00:00</time>
      </trkpt>
      <trkpt lat="44.14146" lon="3.112">
        <ele>481</ele>
        <time>2026-08-21T15:29:00+00:00</time>
      </trkpt>
      <trkpt lat="44.14154" lon="3.11196">
        <ele>480</ele>
        <time>2026-08-21T15:29:03+00:00</time>
      </trkpt>
      <trkpt lat="44.1417" lon="3.11183">
        <ele>480</ele>
        <time>2026-08-21T15:29:06+00:00</time>
      </trkpt>
      <trkpt lat="44.14176" lon="3.11177">
        <ele>479</ele>
        <time>2026-08-21T15:29:09+00:00</time>
      </trkpt>
      <trkpt lat="44.14191" lon="3.11165">
        <ele>480</ele>
        <time>2026-08-21T15:29:12+00:00</time>
      </trkpt>
      <trkpt lat="44.14218" lon="3.11138">
        <ele>480</ele>
        <time>2026-08-21T15:29:15+00:00</time>
      </trkpt>
      <trkpt lat="44.14233" lon="3.11126">
        <ele>484</ele>
        <time>2026-08-21T15:29:18+00:00</time>
      </trkpt>
      <trkpt lat="44.14251" lon="3.11102">
        <ele>481</ele>
        <time>2026-08-21T15:29:21+00:00</time>
      </trkpt>
      <trkpt lat="44.14274" lon="3.11077">
        <ele>481</ele>
        <time>2026-08-21T15:29:24+00:00</time>
      </trkpt>
      <trkpt lat="44.14284" lon="3.11069">
        <ele>482</ele>
        <time>2026-08-21T15:29:27+00:00</time>
      </trkpt>
      <trkpt lat="44.14293" lon="3.1106">
        <ele>481</ele>
        <time>2026-08-21T15:29:30+00:00</time>
      </trkpt>
      <trkpt lat="44.14304" lon="3.11053">
        <ele>483</ele>
        <time>2026-08-21T15:29:33+00:00</time>
      </trkpt>
      <trkpt lat="44.14308" lon="3.11051">
        <ele>483</ele>
        <time>2026-08-21T15:29:36+00:00</time>
      </trkpt>
      <trkpt lat="44.14315" lon="3.11049">
        <ele>481</ele>
        <time>2026-08-21T15:29:39+00:00</time>
      </trkpt>
      <trkpt lat="44.14335" lon="3.11046">
        <ele>481</ele>
        <time>2026-08-21T15:29:42+00:00</time>
      </trkpt>
      <trkpt lat="44.14343" lon="3.11044">
        <ele>482</ele>
        <time>2026-08-21T15:29:45+00:00</time>
      </trkpt>
      <trkpt lat="44.14362" lon="3.1104">
        <ele>483</ele>
        <time>2026-08-21T15:29:48+00:00</time>
      </trkpt>
      <trkpt lat="44.1438" lon="3.11038">
        <ele>483</ele>
        <time>2026-08-21T15:29:51+00:00</time>
      </trkpt>
      <trkpt lat="44.1439" lon="3.11038">
        <ele>484</ele>
        <time>2026-08-21T15:29:54+00:00</time>
      </trkpt>
      <trkpt lat="44.14396" lon="3.11036">
        <ele>484</ele>
        <time>2026-08-21T15:29:57+00:00</time>
      </trkpt>
      <trkpt lat="44.1441" lon="3.11035">
        <ele>487</ele>
        <time>2026-08-21T15:30:00+00:00</time>
      </trkpt>
      <trkpt lat="44.14451" lon="3.11025">
        <ele>488</ele>
        <time>2026-08-21T15:30:03+00:00</time>
      </trkpt>
      <trkpt lat="44.14464" lon="3.11023">
        <ele>489</ele>
        <time>2026-08-21T15:30:06+00:00</time>
      </trkpt>
      <trkpt lat="44.1447" lon="3.11023">
        <ele>490</ele>
        <time>2026-08-21T15:30:09+00:00</time>
      </trkpt>
      <trkpt lat="44.14477" lon="3.11021">
        <ele>490</ele>
        <time>2026-08-21T15:30:12+00:00</time>
      </trkpt>
      <trkpt lat="44.14495" lon="3.1102">
        <ele>491</ele>
        <time>2026-08-21T15:30:15+00:00</time>
      </trkpt>
      <trkpt lat="44.14525" lon="3.11015">
        <ele>493</ele>
        <time>2026-08-21T15:30:18+00:00</time>
      </trkpt>
      <trkpt lat="44.14537" lon="3.11012">
        <ele>495</ele>
        <time>2026-08-21T15:30:21+00:00</time>
      </trkpt>
      <trkpt lat="44.14543" lon="3.11012">
        <ele>495</ele>
        <time>2026-08-21T15:30:24+00:00</time>
      </trkpt>
      <trkpt lat="44.1456" lon="3.11007">
        <ele>495</ele>
        <time>2026-08-21T15:30:27+00:00</time>
      </trkpt>
      <trkpt lat="44.14567" lon="3.11004">
        <ele>495</ele>
        <time>2026-08-21T15:30:30+00:00</time>
      </trkpt>
      <trkpt lat="44.14582" lon="3.11001">
        <ele>496</ele>
        <time>2026-08-21T15:30:33+00:00</time>
      </trkpt>
      <trkpt lat="44.14589" lon="3.11">
        <ele>496</ele>
        <time>2026-08-21T15:30:36+00:00</time>
      </trkpt>
      <trkpt lat="44.14596" lon="3.10999">
        <ele>493</ele>
        <time>2026-08-21T15:30:39+00:00</time>
      </trkpt>
      <trkpt lat="44.14618" lon="3.11003">
        <ele>494</ele>
        <time>2026-08-21T15:30:42+00:00</time>
      </trkpt>
      <trkpt lat="44.14625" lon="3.11003">
        <ele>497</ele>
        <time>2026-08-21T15:30:45+00:00</time>
      </trkpt>
      <trkpt lat="44.14651" lon="3.10999">
        <ele>494</ele>
        <time>2026-08-21T15:30:48+00:00</time>
      </trkpt>
      <trkpt lat="44.14662" lon="3.10999">
        <ele>493</ele>
        <time>2026-08-21T15:30:51+00:00</time>
      </trkpt>
      <trkpt lat="44.14669" lon="3.10997">
        <ele>493</ele>
        <time>2026-08-21T15:30:54+00:00</time>
      </trkpt>
      <trkpt lat="44.1468" lon="3.10992">
        <ele>494</ele>
        <time>2026-08-21T15:30:57+00:00</time>
      </trkpt>
      <trkpt lat="44.14689" lon="3.10987">
        <ele>491</ele>
        <time>2026-08-21T15:31:00+00:00</time>
      </trkpt>
      <trkpt lat="44.14693" lon="3.10985">
        <ele>492</ele>
        <time>2026-08-21T15:31:03+00:00</time>
      </trkpt>
      <trkpt lat="44.14697" lon="3.10984">
        <ele>492</ele>
        <time>2026-08-21T15:31:06+00:00</time>
      </trkpt>
      <trkpt lat="44.14716" lon="3.10984">
        <ele>494</ele>
        <time>2026-08-21T15:31:09+00:00</time>
      </trkpt>
      <trkpt lat="44.14732" lon="3.10979">
        <ele>496</ele>
        <time>2026-08-21T15:31:12+00:00</time>
      </trkpt>
      <trkpt lat="44.14744" lon="3.10973">
        <ele>498</ele>
        <time>2026-08-21T15:31:15+00:00</time>
      </trkpt>
      <trkpt lat="44.1475" lon="3.1097">
        <ele>495</ele>
        <time>2026-08-21T15:31:18+00:00</time>
      </trkpt>
      <trkpt lat="44.14756" lon="3.10968">
        <ele>497</ele>
        <time>2026-08-21T15:31:21+00:00</time>
      </trkpt>
      <trkpt lat="44.14759" lon="3.10967">
        <ele>497</ele>
        <time>2026-08-21T15:31:24+00:00</time>
      </trkpt>
      <trkpt lat="44.14775" lon="3.10965">
        <ele>500</ele>
        <time>2026-08-21T15:31:27+00:00</time>
      </trkpt>
      <trkpt lat="44.14791" lon="3.10964">
        <ele>506</ele>
        <time>2026-08-21T15:31:30+00:00</time>
      </trkpt>
      <trkpt lat="44.14798" lon="3.10961">
        <ele>506</ele>
        <time>2026-08-21T15:31:33+00:00</time>
      </trkpt>
      <trkpt lat="44.14803" lon="3.10958">
        <ele>507</ele>
        <time>2026-08-21T15:31:36+00:00</time>
      </trkpt>
      <trkpt lat="44.14815" lon="3.10952">
        <ele>509</ele>
        <time>2026-08-21T15:31:39+00:00</time>
      </trkpt>
      <trkpt lat="44.14817" lon="3.10952">
        <ele>509</ele>
        <time>2026-08-21T15:31:42+00:00</time>
      </trkpt>
      <trkpt lat="44.14825" lon="3.10948">
        <ele>510</ele>
        <time>2026-08-21T15:31:45+00:00</time>
      </trkpt>
      <trkpt lat="44.14834" lon="3.10944">
        <ele>511</ele>
        <time>2026-08-21T15:31:48+00:00</time>
      </trkpt>
      <trkpt lat="44.14853" lon="3.1094">
        <ele>509</ele>
        <time>2026-08-21T15:31:51+00:00</time>
      </trkpt>
      <trkpt lat="44.14879" lon="3.10935">
        <ele>510</ele>
        <time>2026-08-21T15:31:54+00:00</time>
      </trkpt>
      <trkpt lat="44.14892" lon="3.10928">
        <ele>509</ele>
        <time>2026-08-21T15:31:57+00:00</time>
      </trkpt>
      <trkpt lat="44.14909" lon="3.10916">
        <ele>511</ele>
        <time>2026-08-21T15:32:00+00:00</time>
      </trkpt>
      <trkpt lat="44.14928" lon="3.10902">
        <ele>511</ele>
        <time>2026-08-21T15:32:03+00:00</time>
      </trkpt>
      <trkpt lat="44.14935" lon="3.10899">
        <ele>512</ele>
        <time>2026-08-21T15:32:06+00:00</time>
      </trkpt>
      <trkpt lat="44.14951" lon="3.10889">
        <ele>510</ele>
        <time>2026-08-21T15:32:09+00:00</time>
      </trkpt>
      <trkpt lat="44.14964" lon="3.10882">
        <ele>513</ele>
        <time>2026-08-21T15:32:12+00:00</time>
      </trkpt>
      <trkpt lat="44.14975" lon="3.10879">
        <ele>509</ele>
        <time>2026-08-21T15:32:15+00:00</time>
      </trkpt>
      <trkpt lat="44.1499" lon="3.10875">
        <ele>509</ele>
        <time>2026-08-21T15:32:18+00:00</time>
      </trkpt>
      <trkpt lat="44.15012" lon="3.10871">
        <ele>509</ele>
        <time>2026-08-21T15:32:21+00:00</time>
      </trkpt>
      <trkpt lat="44.15045" lon="3.10866">
        <ele>508</ele>
        <time>2026-08-21T15:32:24+00:00</time>
      </trkpt>
      <trkpt lat="44.15059" lon="3.10862">
        <ele>508</ele>
        <time>2026-08-21T15:32:27+00:00</time>
      </trkpt>
      <trkpt lat="44.15067" lon="3.10858">
        <ele>508</ele>
        <time>2026-08-21T15:32:30+00:00</time>
      </trkpt>
      <trkpt lat="44.15079" lon="3.10858">
        <ele>507</ele>
        <time>2026-08-21T15:32:33+00:00</time>
      </trkpt>
      <trkpt lat="44.15083" lon="3.10859">
        <ele>507</ele>
        <time>2026-08-21T15:32:36+00:00</time>
      </trkpt>
      <trkpt lat="44.15094" lon="3.10863">
        <ele>508</ele>
        <time>2026-08-21T15:32:39+00:00</time>
      </trkpt>
      <trkpt lat="44.15102" lon="3.10867">
        <ele>508</ele>
        <time>2026-08-21T15:32:42+00:00</time>
      </trkpt>
      <trkpt lat="44.15116" lon="3.10878">
        <ele>508</ele>
        <time>2026-08-21T15:32:45+00:00</time>
      </trkpt>
      <trkpt lat="44.15121" lon="3.10886">
        <ele>508</ele>
        <time>2026-08-21T15:32:48+00:00</time>
      </trkpt>
      <trkpt lat="44.1512" lon="3.10895">
        <ele>510</ele>
        <time>2026-08-21T15:32:51+00:00</time>
      </trkpt>
      <trkpt lat="44.15114" lon="3.10898">
        <ele>510</ele>
        <time>2026-08-21T15:32:54+00:00</time>
      </trkpt>
      <trkpt lat="44.15109" lon="3.10903">
        <ele>511</ele>
        <time>2026-08-21T15:32:57+00:00</time>
      </trkpt>
      <trkpt lat="44.15093" lon="3.10907">
        <ele>512</ele>
        <time>2026-08-21T15:33:00+00:00</time>
      </trkpt>
      <trkpt lat="44.15084" lon="3.10912">
        <ele>513</ele>
        <time>2026-08-21T15:33:03+00:00</time>
      </trkpt>
      <trkpt lat="44.15074" lon="3.1092">
        <ele>515</ele>
        <time>2026-08-21T15:33:06+00:00</time>
      </trkpt>
      <trkpt lat="44.15065" lon="3.10923">
        <ele>517</ele>
        <time>2026-08-21T15:33:09+00:00</time>
      </trkpt>
      <trkpt lat="44.15056" lon="3.10928">
        <ele>518</ele>
        <time>2026-08-21T15:33:12+00:00</time>
      </trkpt>
      <trkpt lat="44.15047" lon="3.10936">
        <ele>520</ele>
        <time>2026-08-21T15:33:15+00:00</time>
      </trkpt>
      <trkpt lat="44.15038" lon="3.10949">
        <ele>523</ele>
        <time>2026-08-21T15:33:18+00:00</time>
      </trkpt>
      <trkpt lat="44.15023" lon="3.10964">
        <ele>527</ele>
        <time>2026-08-21T15:33:21+00:00</time>
      </trkpt>
      <trkpt lat="44.15016" lon="3.10975">
        <ele>530</ele>
        <time>2026-08-21T15:33:24+00:00</time>
      </trkpt>
      <trkpt lat="44.15014" lon="3.10976">
        <ele>530</ele>
        <time>2026-08-21T15:33:27+00:00</time>
      </trkpt>
      <trkpt lat="44.15006" lon="3.10988">
        <ele>533</ele>
        <time>2026-08-21T15:33:30+00:00</time>
      </trkpt>
      <trkpt lat="44.15002" lon="3.10992">
        <ele>535</ele>
        <time>2026-08-21T15:33:33+00:00</time>
      </trkpt>
      <trkpt lat="44.15001" lon="3.10994">
        <ele>535</ele>
        <time>2026-08-21T15:33:36+00:00</time>
      </trkpt>
      <trkpt lat="44.14998" lon="3.10996">
        <ele>536</ele>
        <time>2026-08-21T15:33:39+00:00</time>
      </trkpt>
      <trkpt lat="44.14994" lon="3.11">
        <ele>540</ele>
        <time>2026-08-21T15:33:42+00:00</time>
      </trkpt>
      <trkpt lat="44.14993" lon="3.11001">
        <ele>540</ele>
        <time>2026-08-21T15:33:45+00:00</time>
      </trkpt>
      <trkpt lat="44.14985" lon="3.1101">
        <ele>541</ele>
        <time>2026-08-21T15:33:48+00:00</time>
      </trkpt>
      <trkpt lat="44.14985" lon="3.11012">
        <ele>543</ele>
        <time>2026-08-21T15:33:51+00:00</time>
      </trkpt>
      <trkpt lat="44.14985" lon="3.11013">
        <ele>543</ele>
        <time>2026-08-21T15:33:54+00:00</time>
      </trkpt>
      <trkpt lat="44.14982" lon="3.11022">
        <ele>544</ele>
        <time>2026-08-21T15:33:57+00:00</time>
      </trkpt>
      <trkpt lat="44.14978" lon="3.11029">
        <ele>546</ele>
        <time>2026-08-21T15:34:00+00:00</time>
      </trkpt>
      <trkpt lat="44.14972" lon="3.11033">
        <ele>548</ele>
        <time>2026-08-21T15:34:03+00:00</time>
      </trkpt>
      <trkpt lat="44.14969" lon="3.11038">
        <ele>548</ele>
        <time>2026-08-21T15:34:06+00:00</time>
      </trkpt>
      <trkpt lat="44.14965" lon="3.11044">
        <ele>550</ele>
        <time>2026-08-21T15:34:09+00:00</time>
      </trkpt>
      <trkpt lat="44.14964" lon="3.11051">
        <ele>552</ele>
        <time>2026-08-21T15:34:12+00:00</time>
      </trkpt>
      <trkpt lat="44.14964" lon="3.11054">
        <ele>552</ele>
        <time>2026-08-21T15:34:15+00:00</time>
      </trkpt>
      <trkpt lat="44.14964" lon="3.11056">
        <ele>552</ele>
        <time>2026-08-21T15:34:18+00:00</time>
      </trkpt>
      <trkpt lat="44.14966" lon="3.11061">
        <ele>557</ele>
        <time>2026-08-21T15:34:21+00:00</time>
      </trkpt>
      <trkpt lat="44.14967" lon="3.11062">
        <ele>557</ele>
        <time>2026-08-21T15:34:24+00:00</time>
      </trkpt>
      <trkpt lat="44.14971" lon="3.11072">
        <ele>558</ele>
        <time>2026-08-21T15:34:27+00:00</time>
      </trkpt>
      <trkpt lat="44.14972" lon="3.11078">
        <ele>558</ele>
        <time>2026-08-21T15:34:30+00:00</time>
      </trkpt>
      <trkpt lat="44.1497" lon="3.11085">
        <ele>560</ele>
        <time>2026-08-21T15:34:33+00:00</time>
      </trkpt>
      <trkpt lat="44.14966" lon="3.11089">
        <ele>562</ele>
        <time>2026-08-21T15:34:36+00:00</time>
      </trkpt>
      <trkpt lat="44.14963" lon="3.11094">
        <ele>564</ele>
        <time>2026-08-21T15:34:39+00:00</time>
      </trkpt>
      <trkpt lat="44.14962" lon="3.11096">
        <ele>564</ele>
        <time>2026-08-21T15:34:42+00:00</time>
      </trkpt>
      <trkpt lat="44.14961" lon="3.11098">
        <ele>564</ele>
        <time>2026-08-21T15:34:45+00:00</time>
      </trkpt>
      <trkpt lat="44.14961" lon="3.111">
        <ele>564</ele>
        <time>2026-08-21T15:34:48+00:00</time>
      </trkpt>
      <trkpt lat="44.14965" lon="3.11107">
        <ele>567</ele>
        <time>2026-08-21T15:34:51+00:00</time>
      </trkpt>
      <trkpt lat="44.14972" lon="3.11114">
        <ele>569</ele>
        <time>2026-08-21T15:34:54+00:00</time>
      </trkpt>
      <trkpt lat="44.14973" lon="3.11117">
        <ele>569</ele>
        <time>2026-08-21T15:34:57+00:00</time>
      </trkpt>
      <trkpt lat="44.14973" lon="3.11118">
        <ele>569</ele>
        <time>2026-08-21T15:35:00+00:00</time>
      </trkpt>
      <trkpt lat="44.14969" lon="3.11121">
        <ele>579</ele>
        <time>2026-08-21T15:35:03+00:00</time>
      </trkpt>
      <trkpt lat="44.14967" lon="3.11121">
        <ele>579</ele>
        <time>2026-08-21T15:35:06+00:00</time>
      </trkpt>
      <trkpt lat="44.14965" lon="3.11122">
        <ele>579</ele>
        <time>2026-08-21T15:35:09+00:00</time>
      </trkpt>
      <trkpt lat="44.14961" lon="3.11122">
        <ele>579</ele>
        <time>2026-08-21T15:35:12+00:00</time>
      </trkpt>
      <trkpt lat="44.14952" lon="3.11125">
        <ele>580</ele>
        <time>2026-08-21T15:35:15+00:00</time>
      </trkpt>
      <trkpt lat="44.14946" lon="3.11134">
        <ele>584</ele>
        <time>2026-08-21T15:35:18+00:00</time>
      </trkpt>
      <trkpt lat="44.14946" lon="3.11136">
        <ele>584</ele>
        <time>2026-08-21T15:35:21+00:00</time>
      </trkpt>
      <trkpt lat="44.14944" lon="3.11138">
        <ele>584</ele>
        <time>2026-08-21T15:35:24+00:00</time>
      </trkpt>
      <trkpt lat="44.14942" lon="3.1114">
        <ele>588</ele>
        <time>2026-08-21T15:35:27+00:00</time>
      </trkpt>
      <trkpt lat="44.14939" lon="3.11145">
        <ele>586</ele>
        <time>2026-08-21T15:35:30+00:00</time>
      </trkpt>
      <trkpt lat="44.14935" lon="3.11147">
        <ele>586</ele>
        <time>2026-08-21T15:35:33+00:00</time>
      </trkpt>
      <trkpt lat="44.14933" lon="3.1115">
        <ele>590</ele>
        <time>2026-08-21T15:35:36+00:00</time>
      </trkpt>
      <trkpt lat="44.14928" lon="3.11154">
        <ele>587</ele>
        <time>2026-08-21T15:35:39+00:00</time>
      </trkpt>
      <trkpt lat="44.14924" lon="3.11158">
        <ele>587</ele>
        <time>2026-08-21T15:35:42+00:00</time>
      </trkpt>
      <trkpt lat="44.14923" lon="3.11161">
        <ele>592</ele>
        <time>2026-08-21T15:35:45+00:00</time>
      </trkpt>
      <trkpt lat="44.14922" lon="3.11164">
        <ele>592</ele>
        <time>2026-08-21T15:35:48+00:00</time>
      </trkpt>
      <trkpt lat="44.14925" lon="3.11165">
        <ele>592</ele>
        <time>2026-08-21T15:35:51+00:00</time>
      </trkpt>
      <trkpt lat="44.14935" lon="3.11164">
        <ele>594</ele>
        <time>2026-08-21T15:35:54+00:00</time>
      </trkpt>
      <trkpt lat="44.14946" lon="3.11165">
        <ele>596</ele>
        <time>2026-08-21T15:35:57+00:00</time>
      </trkpt>
      <trkpt lat="44.14952" lon="3.11169">
        <ele>597</ele>
        <time>2026-08-21T15:36:00+00:00</time>
      </trkpt>
      <trkpt lat="44.14955" lon="3.11169">
        <ele>597</ele>
        <time>2026-08-21T15:36:03+00:00</time>
      </trkpt>
      <trkpt lat="44.14959" lon="3.11173">
        <ele>601</ele>
        <time>2026-08-21T15:36:06+00:00</time>
      </trkpt>
      <trkpt lat="44.14964" lon="3.11176">
        <ele>601</ele>
        <time>2026-08-21T15:36:09+00:00</time>
      </trkpt>
      <trkpt lat="44.14972" lon="3.11184">
        <ele>610</ele>
        <time>2026-08-21T15:36:12+00:00</time>
      </trkpt>
      <trkpt lat="44.14975" lon="3.11185">
        <ele>610</ele>
        <time>2026-08-21T15:36:15+00:00</time>
      </trkpt>
      <trkpt lat="44.14977" lon="3.11187">
        <ele>610</ele>
        <time>2026-08-21T15:36:18+00:00</time>
      </trkpt>
      <trkpt lat="44.14981" lon="3.11188">
        <ele>609</ele>
        <time>2026-08-21T15:36:21+00:00</time>
      </trkpt>
      <trkpt lat="44.1499" lon="3.11198">
        <ele>611</ele>
        <time>2026-08-21T15:36:24+00:00</time>
      </trkpt>
      <trkpt lat="44.14994" lon="3.112">
        <ele>616</ele>
        <time>2026-08-21T15:36:27+00:00</time>
      </trkpt>
      <trkpt lat="44.15005" lon="3.11212">
        <ele>618</ele>
        <time>2026-08-21T15:36:30+00:00</time>
      </trkpt>
      <trkpt lat="44.15008" lon="3.11214">
        <ele>618</ele>
        <time>2026-08-21T15:36:33+00:00</time>
      </trkpt>
      <trkpt lat="44.15012" lon="3.1122">
        <ele>616</ele>
        <time>2026-08-21T15:36:36+00:00</time>
      </trkpt>
      <trkpt lat="44.15016" lon="3.11223">
        <ele>620</ele>
        <time>2026-08-21T15:36:39+00:00</time>
      </trkpt>
      <trkpt lat="44.15021" lon="3.11234">
        <ele>619</ele>
        <time>2026-08-21T15:36:42+00:00</time>
      </trkpt>
      <trkpt lat="44.15024" lon="3.11241">
        <ele>627</ele>
        <time>2026-08-21T15:36:45+00:00</time>
      </trkpt>
      <trkpt lat="44.15024" lon="3.11244">
        <ele>627</ele>
        <time>2026-08-21T15:36:48+00:00</time>
      </trkpt>
      <trkpt lat="44.15027" lon="3.11249">
        <ele>627</ele>
        <time>2026-08-21T15:36:51+00:00</time>
      </trkpt>
      <trkpt lat="44.15028" lon="3.11251">
        <ele>630</ele>
        <time>2026-08-21T15:36:54+00:00</time>
      </trkpt>
      <trkpt lat="44.15032" lon="3.11258">
        <ele>627</ele>
        <time>2026-08-21T15:36:57+00:00</time>
      </trkpt>
      <trkpt lat="44.15036" lon="3.11273">
        <ele>634</ele>
        <time>2026-08-21T15:37:00+00:00</time>
      </trkpt>
      <trkpt lat="44.15037" lon="3.11277">
        <ele>634</ele>
        <time>2026-08-21T15:37:03+00:00</time>
      </trkpt>
      <trkpt lat="44.15038" lon="3.11277">
        <ele>634</ele>
        <time>2026-08-21T15:37:06+00:00</time>
      </trkpt>
      <trkpt lat="44.1504" lon="3.11287">
        <ele>636</ele>
        <time>2026-08-21T15:37:09+00:00</time>
      </trkpt>
      <trkpt lat="44.15039" lon="3.11291">
        <ele>639</ele>
        <time>2026-08-21T15:37:12+00:00</time>
      </trkpt>
      <trkpt lat="44.15039" lon="3.11296">
        <ele>639</ele>
        <time>2026-08-21T15:37:15+00:00</time>
      </trkpt>
      <trkpt lat="44.1504" lon="3.11297">
        <ele>636</ele>
        <time>2026-08-21T15:37:18+00:00</time>
      </trkpt>
      <trkpt lat="44.15041" lon="3.11303">
        <ele>641</ele>
        <time>2026-08-21T15:37:21+00:00</time>
      </trkpt>
      <trkpt lat="44.1504" lon="3.11312">
        <ele>643</ele>
        <time>2026-08-21T15:37:24+00:00</time>
      </trkpt>
      <trkpt lat="44.1504" lon="3.11314">
        <ele>643</ele>
        <time>2026-08-21T15:37:27+00:00</time>
      </trkpt>
      <trkpt lat="44.15039" lon="3.11318">
        <ele>646</ele>
        <time>2026-08-21T15:37:30+00:00</time>
      </trkpt>
      <trkpt lat="44.15039" lon="3.11323">
        <ele>649</ele>
        <time>2026-08-21T15:37:33+00:00</time>
      </trkpt>
      <trkpt lat="44.1504" lon="3.11325">
        <ele>646</ele>
        <time>2026-08-21T15:37:36+00:00</time>
      </trkpt>
      <trkpt lat="44.1504" lon="3.11333">
        <ele>652</ele>
        <time>2026-08-21T15:37:39+00:00</time>
      </trkpt>
      <trkpt lat="44.1504" lon="3.11337">
        <ele>652</ele>
        <time>2026-08-21T15:37:42+00:00</time>
      </trkpt>
      <trkpt lat="44.15041" lon="3.11338">
        <ele>648</ele>
        <time>2026-08-21T15:37:45+00:00</time>
      </trkpt>
      <trkpt lat="44.15042" lon="3.11348">
        <ele>651</ele>
        <time>2026-08-21T15:37:48+00:00</time>
      </trkpt>
      <trkpt lat="44.15045" lon="3.11354">
        <ele>654</ele>
        <time>2026-08-21T15:37:51+00:00</time>
      </trkpt>
      <trkpt lat="44.15046" lon="3.11356">
        <ele>654</ele>
        <time>2026-08-21T15:37:54+00:00</time>
      </trkpt>
      <trkpt lat="44.15046" lon="3.11366">
        <ele>659</ele>
        <time>2026-08-21T15:37:57+00:00</time>
      </trkpt>
      <trkpt lat="44.15047" lon="3.11367">
        <ele>659</ele>
        <time>2026-08-21T15:38:00+00:00</time>
      </trkpt>
      <trkpt lat="44.15047" lon="3.11371">
        <ele>662</ele>
        <time>2026-08-21T15:38:03+00:00</time>
      </trkpt>
      <trkpt lat="44.15048" lon="3.11372">
        <ele>662</ele>
        <time>2026-08-21T15:38:06+00:00</time>
      </trkpt>
      <trkpt lat="44.15049" lon="3.11373">
        <ele>662</ele>
        <time>2026-08-21T15:38:09+00:00</time>
      </trkpt>
      <trkpt lat="44.1505" lon="3.11378">
        <ele>662</ele>
        <time>2026-08-21T15:38:12+00:00</time>
      </trkpt>
      <trkpt lat="44.1505" lon="3.11378">
        <ele>659</ele>
        <time>2026-08-21T15:38:15+00:00</time>
      </trkpt>
      <trkpt lat="44.15052" lon="3.11381">
        <ele>662</ele>
        <time>2026-08-21T15:38:18+00:00</time>
      </trkpt>
      <trkpt lat="44.15053" lon="3.11392">
        <ele>665</ele>
        <time>2026-08-21T15:38:21+00:00</time>
      </trkpt>
      <trkpt lat="44.15054" lon="3.11394">
        <ele>665</ele>
        <time>2026-08-21T15:38:24+00:00</time>
      </trkpt>
      <trkpt lat="44.15055" lon="3.11396">
        <ele>665</ele>
        <time>2026-08-21T15:38:27+00:00</time>
      </trkpt>
      <trkpt lat="44.15055" lon="3.114">
        <ele>665</ele>
        <time>2026-08-21T15:38:30+00:00</time>
      </trkpt>
      <trkpt lat="44.15056" lon="3.11404">
        <ele>668</ele>
        <time>2026-08-21T15:38:33+00:00</time>
      </trkpt>
      <trkpt lat="44.15056" lon="3.11406">
        <ele>668</ele>
        <time>2026-08-21T15:38:36+00:00</time>
      </trkpt>
      <trkpt lat="44.15057" lon="3.11417">
        <ele>671</ele>
        <time>2026-08-21T15:38:39+00:00</time>
      </trkpt>
      <trkpt lat="44.15058" lon="3.11419">
        <ele>671</ele>
        <time>2026-08-21T15:38:42+00:00</time>
      </trkpt>
      <trkpt lat="44.15059" lon="3.1142">
        <ele>678</ele>
        <time>2026-08-21T15:38:45+00:00</time>
      </trkpt>
      <trkpt lat="44.1506" lon="3.11422">
        <ele>675</ele>
        <time>2026-08-21T15:38:48+00:00</time>
      </trkpt>
      <trkpt lat="44.1506" lon="3.11426">
        <ele>675</ele>
        <time>2026-08-21T15:38:51+00:00</time>
      </trkpt>
      <trkpt lat="44.15062" lon="3.11428">
        <ele>675</ele>
        <time>2026-08-21T15:38:54+00:00</time>
      </trkpt>
      <trkpt lat="44.15063" lon="3.11431">
        <ele>678</ele>
        <time>2026-08-21T15:38:57+00:00</time>
      </trkpt>
      <trkpt lat="44.15062" lon="3.11434">
        <ele>678</ele>
        <time>2026-08-21T15:39:00+00:00</time>
      </trkpt>
      <trkpt lat="44.15063" lon="3.11435">
        <ele>678</ele>
        <time>2026-08-21T15:39:03+00:00</time>
      </trkpt>
      <trkpt lat="44.15063" lon="3.11443">
        <ele>681</ele>
        <time>2026-08-21T15:39:06+00:00</time>
      </trkpt>
      <trkpt lat="44.15065" lon="3.1145">
        <ele>681</ele>
        <time>2026-08-21T15:39:09+00:00</time>
      </trkpt>
      <trkpt lat="44.15065" lon="3.11454">
        <ele>685</ele>
        <time>2026-08-21T15:39:12+00:00</time>
      </trkpt>
      <trkpt lat="44.15064" lon="3.11456">
        <ele>685</ele>
        <time>2026-08-21T15:39:15+00:00</time>
      </trkpt>
      <trkpt lat="44.15064" lon="3.1146">
        <ele>685</ele>
        <time>2026-08-21T15:39:18+00:00</time>
      </trkpt>
      <trkpt lat="44.15064" lon="3.11459">
        <ele>685</ele>
        <time>2026-08-21T15:39:21+00:00</time>
      </trkpt>
      <trkpt lat="44.15065" lon="3.1146">
        <ele>685</ele>
        <time>2026-08-21T15:39:24+00:00</time>
      </trkpt>
      <trkpt lat="44.15065" lon="3.11467">
        <ele>688</ele>
        <time>2026-08-21T15:39:27+00:00</time>
      </trkpt>
      <trkpt lat="44.15066" lon="3.1147">
        <ele>693</ele>
        <time>2026-08-21T15:39:30+00:00</time>
      </trkpt>
      <trkpt lat="44.15068" lon="3.11472">
        <ele>693</ele>
        <time>2026-08-21T15:39:33+00:00</time>
      </trkpt>
      <trkpt lat="44.15069" lon="3.11474">
        <ele>693</ele>
        <time>2026-08-21T15:39:36+00:00</time>
      </trkpt>
      <trkpt lat="44.15073" lon="3.11479">
        <ele>690</ele>
        <time>2026-08-21T15:39:39+00:00</time>
      </trkpt>
      <trkpt lat="44.15077" lon="3.11486">
        <ele>698</ele>
        <time>2026-08-21T15:39:42+00:00</time>
      </trkpt>
      <trkpt lat="44.15077" lon="3.11487">
        <ele>698</ele>
        <time>2026-08-21T15:39:45+00:00</time>
      </trkpt>
      <trkpt lat="44.15076" lon="3.11488">
        <ele>698</ele>
        <time>2026-08-21T15:39:48+00:00</time>
      </trkpt>
      <trkpt lat="44.15073" lon="3.11488">
        <ele>698</ele>
        <time>2026-08-21T15:39:51+00:00</time>
      </trkpt>
      <trkpt lat="44.15068" lon="3.11492">
        <ele>704</ele>
        <time>2026-08-21T15:39:54+00:00</time>
      </trkpt>
      <trkpt lat="44.15066" lon="3.11492">
        <ele>704</ele>
        <time>2026-08-21T15:39:57+00:00</time>
      </trkpt>
      <trkpt lat="44.15064" lon="3.11495">
        <ele>704</ele>
        <time>2026-08-21T15:40:00+00:00</time>
      </trkpt>
      <trkpt lat="44.15063" lon="3.11497">
        <ele>704</ele>
        <time>2026-08-21T15:40:03+00:00</time>
      </trkpt>
      <trkpt lat="44.1506" lon="3.11498">
        <ele>709</ele>
        <time>2026-08-21T15:40:06+00:00</time>
      </trkpt>
      <trkpt lat="44.15053" lon="3.11494">
        <ele>709</ele>
        <time>2026-08-21T15:40:09+00:00</time>
      </trkpt>
      <trkpt lat="44.1505" lon="3.11495">
        <ele>709</ele>
        <time>2026-08-21T15:40:12+00:00</time>
      </trkpt>
      <trkpt lat="44.15051" lon="3.11495">
        <ele>709</ele>
        <time>2026-08-21T15:40:15+00:00</time>
      </trkpt>
      <trkpt lat="44.1505" lon="3.11496">
        <ele>709</ele>
        <time>2026-08-21T15:40:18+00:00</time>
      </trkpt>
      <trkpt lat="44.15049" lon="3.11496">
        <ele>714</ele>
        <time>2026-08-21T15:40:21+00:00</time>
      </trkpt>
      <trkpt lat="44.15047" lon="3.11499">
        <ele>714</ele>
        <time>2026-08-21T15:40:24+00:00</time>
      </trkpt>
      <trkpt lat="44.15044" lon="3.11497">
        <ele>714</ele>
        <time>2026-08-21T15:40:27+00:00</time>
      </trkpt>
      <trkpt lat="44.15044" lon="3.11496">
        <ele>714</ele>
        <time>2026-08-21T15:40:30+00:00</time>
      </trkpt>
      <trkpt lat="44.15042" lon="3.11495">
        <ele>714</ele>
        <time>2026-08-21T15:40:33+00:00</time>
      </trkpt>
      <trkpt lat="44.15041" lon="3.11497">
        <ele>714</ele>
        <time>2026-08-21T15:40:36+00:00</time>
      </trkpt>
      <trkpt lat="44.15042" lon="3.115">
        <ele>714</ele>
        <time>2026-08-21T15:40:39+00:00</time>
      </trkpt>
      <trkpt lat="44.15041" lon="3.115">
        <ele>716</ele>
        <time>2026-08-21T15:40:42+00:00</time>
      </trkpt>
      <trkpt lat="44.15041" lon="3.11501">
        <ele>716</ele>
        <time>2026-08-21T15:40:45+00:00</time>
      </trkpt>
      <trkpt lat="44.1504" lon="3.11503">
        <ele>716</ele>
        <time>2026-08-21T15:40:48+00:00</time>
      </trkpt>
      <trkpt lat="44.15041" lon="3.11506">
        <ele>716</ele>
        <time>2026-08-21T15:40:51+00:00</time>
      </trkpt>
      <trkpt lat="44.1504" lon="3.11508">
        <ele>716</ele>
        <time>2026-08-21T15:40:54+00:00</time>
      </trkpt>
      <trkpt lat="44.15041" lon="3.1151">
        <ele>716</ele>
        <time>2026-08-21T15:40:57+00:00</time>
      </trkpt>
      <trkpt lat="44.15039" lon="3.11521">
        <ele>727</ele>
        <time>2026-08-21T15:41:00+00:00</time>
      </trkpt>
      <trkpt lat="44.15039" lon="3.11524">
        <ele>727</ele>
        <time>2026-08-21T15:41:03+00:00</time>
      </trkpt>
      <trkpt lat="44.1504" lon="3.11525">
        <ele>723</ele>
        <time>2026-08-21T15:41:06+00:00</time>
      </trkpt>
      <trkpt lat="44.1504" lon="3.1153">
        <ele>723</ele>
        <time>2026-08-21T15:41:09+00:00</time>
      </trkpt>
      <trkpt lat="44.15043" lon="3.11535">
        <ele>726</ele>
        <time>2026-08-21T15:41:12+00:00</time>
      </trkpt>
      <trkpt lat="44.15044" lon="3.11536">
        <ele>726</ele>
        <time>2026-08-21T15:41:15+00:00</time>
      </trkpt>
      <trkpt lat="44.15045" lon="3.11537">
        <ele>726</ele>
        <time>2026-08-21T15:41:18+00:00</time>
      </trkpt>
      <trkpt lat="44.15045" lon="3.11539">
        <ele>726</ele>
        <time>2026-08-21T15:41:21+00:00</time>
      </trkpt>
      <trkpt lat="44.15046" lon="3.11541">
        <ele>734</ele>
        <time>2026-08-21T15:41:24+00:00</time>
      </trkpt>
      <trkpt lat="44.15045" lon="3.11542">
        <ele>734</ele>
        <time>2026-08-21T15:41:27+00:00</time>
      </trkpt>
      <trkpt lat="44.15046" lon="3.11545">
        <ele>734</ele>
        <time>2026-08-21T15:41:30+00:00</time>
      </trkpt>
      <trkpt lat="44.1505" lon="3.11551">
        <ele>738</ele>
        <time>2026-08-21T15:41:33+00:00</time>
      </trkpt>
      <trkpt lat="44.15053" lon="3.11555">
        <ele>736</ele>
        <time>2026-08-21T15:41:36+00:00</time>
      </trkpt>
      <trkpt lat="44.15054" lon="3.11557">
        <ele>736</ele>
        <time>2026-08-21T15:41:39+00:00</time>
      </trkpt>
      <trkpt lat="44.15055" lon="3.11559">
        <ele>736</ele>
        <time>2026-08-21T15:41:42+00:00</time>
      </trkpt>
      <trkpt lat="44.15058" lon="3.11562">
        <ele>741</ele>
        <time>2026-08-21T15:41:45+00:00</time>
      </trkpt>
      <trkpt lat="44.1506" lon="3.11563">
        <ele>740</ele>
        <time>2026-08-21T15:41:48+00:00</time>
      </trkpt>
      <trkpt lat="44.15061" lon="3.11564">
        <ele>740</ele>
        <time>2026-08-21T15:41:51+00:00</time>
      </trkpt>
      <trkpt lat="44.15063" lon="3.11564">
        <ele>740</ele>
        <time>2026-08-21T15:41:54+00:00</time>
      </trkpt>
      <trkpt lat="44.15067" lon="3.11567">
        <ele>740</ele>
        <time>2026-08-21T15:41:57+00:00</time>
      </trkpt>
      <trkpt lat="44.1507" lon="3.11572">
        <ele>746</ele>
        <time>2026-08-21T15:42:00+00:00</time>
      </trkpt>
      <trkpt lat="44.15073" lon="3.11574">
        <ele>746</ele>
        <time>2026-08-21T15:42:03+00:00</time>
      </trkpt>
      <trkpt lat="44.15077" lon="3.11575">
        <ele>746</ele>
        <time>2026-08-21T15:42:06+00:00</time>
      </trkpt>
      <trkpt lat="44.15078" lon="3.11577">
        <ele>746</ele>
        <time>2026-08-21T15:42:09+00:00</time>
      </trkpt>
      <trkpt lat="44.15081" lon="3.11578">
        <ele>747</ele>
        <time>2026-08-21T15:42:12+00:00</time>
      </trkpt>
      <trkpt lat="44.15085" lon="3.11581">
        <ele>752</ele>
        <time>2026-08-21T15:42:15+00:00</time>
      </trkpt>
      <trkpt lat="44.15086" lon="3.11581">
        <ele>752</ele>
        <time>2026-08-21T15:42:18+00:00</time>
      </trkpt>
      <trkpt lat="44.1509" lon="3.11584">
        <ele>751</ele>
        <time>2026-08-21T15:42:21+00:00</time>
      </trkpt>
      <trkpt lat="44.15093" lon="3.11587">
        <ele>751</ele>
        <time>2026-08-21T15:42:24+00:00</time>
      </trkpt>
      <trkpt lat="44.15099" lon="3.11595">
        <ele>756</ele>
        <time>2026-08-21T15:42:27+00:00</time>
      </trkpt>
      <trkpt lat="44.151" lon="3.11598">
        <ele>752</ele>
        <time>2026-08-21T15:42:30+00:00</time>
      </trkpt>
      <trkpt lat="44.151" lon="3.11606">
        <ele>762</ele>
        <time>2026-08-21T15:42:33+00:00</time>
      </trkpt>
      <trkpt lat="44.151" lon="3.11607">
        <ele>759</ele>
        <time>2026-08-21T15:42:36+00:00</time>
      </trkpt>
      <trkpt lat="44.151" lon="3.1161">
        <ele>762</ele>
        <time>2026-08-21T15:42:39+00:00</time>
      </trkpt>
      <trkpt lat="44.15102" lon="3.11615">
        <ele>762</ele>
        <time>2026-08-21T15:42:42+00:00</time>
      </trkpt>
      <trkpt lat="44.15107" lon="3.11623">
        <ele>766</ele>
        <time>2026-08-21T15:42:45+00:00</time>
      </trkpt>
      <trkpt lat="44.15116" lon="3.11634">
        <ele>766</ele>
        <time>2026-08-21T15:42:48+00:00</time>
      </trkpt>
      <trkpt lat="44.15117" lon="3.11638">
        <ele>766</ele>
        <time>2026-08-21T15:42:51+00:00</time>
      </trkpt>
      <trkpt lat="44.15127" lon="3.11654">
        <ele>770</ele>
        <time>2026-08-21T15:42:54+00:00</time>
      </trkpt>
      <trkpt lat="44.15136" lon="3.11662">
        <ele>773</ele>
        <time>2026-08-21T15:42:57+00:00</time>
      </trkpt>
      <trkpt lat="44.15142" lon="3.11672">
        <ele>767</ele>
        <time>2026-08-21T15:43:00+00:00</time>
      </trkpt>
      <trkpt lat="44.15142" lon="3.1168">
        <ele>767</ele>
        <time>2026-08-21T15:43:03+00:00</time>
      </trkpt>
      <trkpt lat="44.1514" lon="3.11691">
        <ele>770</ele>
        <time>2026-08-21T15:43:06+00:00</time>
      </trkpt>
      <trkpt lat="44.1514" lon="3.11698">
        <ele>781</ele>
        <time>2026-08-21T15:43:09+00:00</time>
      </trkpt>
      <trkpt lat="44.15142" lon="3.11713">
        <ele>764</ele>
        <time>2026-08-21T15:43:12+00:00</time>
      </trkpt>
      <trkpt lat="44.15144" lon="3.11716">
        <ele>764</ele>
        <time>2026-08-21T15:43:15+00:00</time>
      </trkpt>
      <trkpt lat="44.15146" lon="3.11725">
        <ele>768</ele>
        <time>2026-08-21T15:43:18+00:00</time>
      </trkpt>
      <trkpt lat="44.15152" lon="3.11736">
        <ele>764</ele>
        <time>2026-08-21T15:43:21+00:00</time>
      </trkpt>
      <trkpt lat="44.15154" lon="3.11739">
        <ele>764</ele>
        <time>2026-08-21T15:43:24+00:00</time>
      </trkpt>
      <trkpt lat="44.15158" lon="3.11741">
        <ele>767</ele>
        <time>2026-08-21T15:43:27+00:00</time>
      </trkpt>
      <trkpt lat="44.15167" lon="3.11754">
        <ele>765</ele>
        <time>2026-08-21T15:43:30+00:00</time>
      </trkpt>
      <trkpt lat="44.1517" lon="3.11756">
        <ele>760</ele>
        <time>2026-08-21T15:43:33+00:00</time>
      </trkpt>
      <trkpt lat="44.15176" lon="3.11761">
        <ele>764</ele>
        <time>2026-08-21T15:43:36+00:00</time>
      </trkpt>
      <trkpt lat="44.15182" lon="3.11765">
        <ele>758</ele>
        <time>2026-08-21T15:43:39+00:00</time>
      </trkpt>
      <trkpt lat="44.15188" lon="3.11771">
        <ele>762</ele>
        <time>2026-08-21T15:43:42+00:00</time>
      </trkpt>
      <trkpt lat="44.15193" lon="3.11778">
        <ele>756</ele>
        <time>2026-08-21T15:43:45+00:00</time>
      </trkpt>
      <trkpt lat="44.15196" lon="3.11787">
        <ele>764</ele>
        <time>2026-08-21T15:43:48+00:00</time>
      </trkpt>
      <trkpt lat="44.15198" lon="3.11791">
        <ele>770</ele>
        <time>2026-08-21T15:43:51+00:00</time>
      </trkpt>
      <trkpt lat="44.15202" lon="3.11807">
        <ele>757</ele>
        <time>2026-08-21T15:43:54+00:00</time>
      </trkpt>
      <trkpt lat="44.15205" lon="3.11811">
        <ele>758</ele>
        <time>2026-08-21T15:43:57+00:00</time>
      </trkpt>
      <trkpt lat="44.15209" lon="3.1182">
        <ele>758</ele>
        <time>2026-08-21T15:44:00+00:00</time>
      </trkpt>
      <trkpt lat="44.1522" lon="3.11835">
        <ele>758</ele>
        <time>2026-08-21T15:44:03+00:00</time>
      </trkpt>
      <trkpt lat="44.15222" lon="3.11838">
        <ele>753</ele>
        <time>2026-08-21T15:44:06+00:00</time>
      </trkpt>
      <trkpt lat="44.15223" lon="3.11842">
        <ele>757</ele>
        <time>2026-08-21T15:44:09+00:00</time>
      </trkpt>
      <trkpt lat="44.15229" lon="3.11853">
        <ele>763</ele>
        <time>2026-08-21T15:44:12+00:00</time>
      </trkpt>
      <trkpt lat="44.15231" lon="3.11857">
        <ele>760</ele>
        <time>2026-08-21T15:44:15+00:00</time>
      </trkpt>
      <trkpt lat="44.15232" lon="3.1186">
        <ele>763</ele>
        <time>2026-08-21T15:44:18+00:00</time>
      </trkpt>
      <trkpt lat="44.15232" lon="3.11869">
        <ele>763</ele>
        <time>2026-08-21T15:44:21+00:00</time>
      </trkpt>
      <trkpt lat="44.15235" lon="3.11876">
        <ele>765</ele>
        <time>2026-08-21T15:44:24+00:00</time>
      </trkpt>
      <trkpt lat="44.15237" lon="3.11887">
        <ele>767</ele>
        <time>2026-08-21T15:44:27+00:00</time>
      </trkpt>
      <trkpt lat="44.15237" lon="3.11893">
        <ele>768</ele>
        <time>2026-08-21T15:44:30+00:00</time>
      </trkpt>
      <trkpt lat="44.15239" lon="3.11897">
        <ele>768</ele>
        <time>2026-08-21T15:44:33+00:00</time>
      </trkpt>
      <trkpt lat="44.15241" lon="3.11903">
        <ele>767</ele>
        <time>2026-08-21T15:44:36+00:00</time>
      </trkpt>
      <trkpt lat="44.15245" lon="3.11909">
        <ele>767</ele>
        <time>2026-08-21T15:44:39+00:00</time>
      </trkpt>
      <trkpt lat="44.15246" lon="3.11911">
        <ele>773</ele>
        <time>2026-08-21T15:44:42+00:00</time>
      </trkpt>
      <trkpt lat="44.15248" lon="3.11916">
        <ele>773</ele>
        <time>2026-08-21T15:44:45+00:00</time>
      </trkpt>
      <trkpt lat="44.15252" lon="3.11925">
        <ele>774</ele>
        <time>2026-08-21T15:44:48+00:00</time>
      </trkpt>
      <trkpt lat="44.15258" lon="3.1193">
        <ele>778</ele>
        <time>2026-08-21T15:44:51+00:00</time>
      </trkpt>
      <trkpt lat="44.15259" lon="3.11933">
        <ele>775</ele>
        <time>2026-08-21T15:44:54+00:00</time>
      </trkpt>
      <trkpt lat="44.15262" lon="3.11935">
        <ele>771</ele>
        <time>2026-08-21T15:44:57+00:00</time>
      </trkpt>
      <trkpt lat="44.15266" lon="3.11943">
        <ele>776</ele>
        <time>2026-08-21T15:45:00+00:00</time>
      </trkpt>
      <trkpt lat="44.15271" lon="3.1195">
        <ele>777</ele>
        <time>2026-08-21T15:45:03+00:00</time>
      </trkpt>
      <trkpt lat="44.15272" lon="3.11953">
        <ele>777</ele>
        <time>2026-08-21T15:45:06+00:00</time>
      </trkpt>
      <trkpt lat="44.15275" lon="3.11957">
        <ele>777</ele>
        <time>2026-08-21T15:45:09+00:00</time>
      </trkpt>
      <trkpt lat="44.15284" lon="3.11966">
        <ele>779</ele>
        <time>2026-08-21T15:45:12+00:00</time>
      </trkpt>
      <trkpt lat="44.15285" lon="3.11968">
        <ele>779</ele>
        <time>2026-08-21T15:45:15+00:00</time>
      </trkpt>
      <trkpt lat="44.15286" lon="3.11971">
        <ele>788</ele>
        <time>2026-08-21T15:45:18+00:00</time>
      </trkpt>
      <trkpt lat="44.15285" lon="3.11975">
        <ele>788</ele>
        <time>2026-08-21T15:45:21+00:00</time>
      </trkpt>
      <trkpt lat="44.15283" lon="3.11979">
        <ele>788</ele>
        <time>2026-08-21T15:45:24+00:00</time>
      </trkpt>
      <trkpt lat="44.15282" lon="3.11983">
        <ele>791</ele>
        <time>2026-08-21T15:45:27+00:00</time>
      </trkpt>
      <trkpt lat="44.15283" lon="3.11986">
        <ele>791</ele>
        <time>2026-08-21T15:45:30+00:00</time>
      </trkpt>
      <trkpt lat="44.15283" lon="3.11989">
        <ele>791</ele>
        <time>2026-08-21T15:45:33+00:00</time>
      </trkpt>
      <trkpt lat="44.15283" lon="3.11992">
        <ele>794</ele>
        <time>2026-08-21T15:45:36+00:00</time>
      </trkpt>
      <trkpt lat="44.15282" lon="3.11994">
        <ele>794</ele>
        <time>2026-08-21T15:45:39+00:00</time>
      </trkpt>
      <trkpt lat="44.15282" lon="3.11996">
        <ele>794</ele>
        <time>2026-08-21T15:45:42+00:00</time>
      </trkpt>
      <trkpt lat="44.15279" lon="3.12005">
        <ele>800</ele>
        <time>2026-08-21T15:45:45+00:00</time>
      </trkpt>
      <trkpt lat="44.15279" lon="3.12007">
        <ele>800</ele>
        <time>2026-08-21T15:45:48+00:00</time>
      </trkpt>
      <trkpt lat="44.15282" lon="3.12009">
        <ele>797</ele>
        <time>2026-08-21T15:45:51+00:00</time>
      </trkpt>
      <trkpt lat="44.15285" lon="3.1201">
        <ele>797</ele>
        <time>2026-08-21T15:45:54+00:00</time>
      </trkpt>
      <trkpt lat="44.15286" lon="3.12011">
        <ele>801</ele>
        <time>2026-08-21T15:45:57+00:00</time>
      </trkpt>
      <trkpt lat="44.15291" lon="3.12023">
        <ele>802</ele>
        <time>2026-08-21T15:46:00+00:00</time>
      </trkpt>
      <trkpt lat="44.15294" lon="3.12027">
        <ele>802</ele>
        <time>2026-08-21T15:46:03+00:00</time>
      </trkpt>
      <trkpt lat="44.15298" lon="3.12031">
        <ele>810</ele>
        <time>2026-08-21T15:46:06+00:00</time>
      </trkpt>
      <trkpt lat="44.15299" lon="3.12032">
        <ele>810</ele>
        <time>2026-08-21T15:46:09+00:00</time>
      </trkpt>
      <trkpt lat="44.15307" lon="3.1204">
        <ele>812</ele>
        <time>2026-08-21T15:46:12+00:00</time>
      </trkpt>
      <trkpt lat="44.15309" lon="3.12044">
        <ele>812</ele>
        <time>2026-08-21T15:46:15+00:00</time>
      </trkpt>
      <trkpt lat="44.1531" lon="3.12046">
        <ele>812</ele>
        <time>2026-08-21T15:46:18+00:00</time>
      </trkpt>
      <trkpt lat="44.15308" lon="3.12049">
        <ele>812</ele>
        <time>2026-08-21T15:46:21+00:00</time>
      </trkpt>
      <trkpt lat="44.15305" lon="3.12048">
        <ele>812</ele>
        <time>2026-08-21T15:46:24+00:00</time>
      </trkpt>
      <trkpt lat="44.15301" lon="3.12049">
        <ele>812</ele>
        <time>2026-08-21T15:46:27+00:00</time>
      </trkpt>
      <trkpt lat="44.15298" lon="3.1205">
        <ele>818</ele>
        <time>2026-08-21T15:46:30+00:00</time>
      </trkpt>
      <trkpt lat="44.15297" lon="3.1205">
        <ele>814</ele>
        <time>2026-08-21T15:46:33+00:00</time>
      </trkpt>
      <trkpt lat="44.15293" lon="3.1205">
        <ele>818</ele>
        <time>2026-08-21T15:46:36+00:00</time>
      </trkpt>
      <trkpt lat="44.15289" lon="3.12053">
        <ele>820</ele>
        <time>2026-08-21T15:46:39+00:00</time>
      </trkpt>
      <trkpt lat="44.15288" lon="3.12054">
        <ele>820</ele>
        <time>2026-08-21T15:46:42+00:00</time>
      </trkpt>
      <trkpt lat="44.1529" lon="3.12056">
        <ele>820</ele>
        <time>2026-08-21T15:46:45+00:00</time>
      </trkpt>
      <trkpt lat="44.15291" lon="3.12063">
        <ele>821</ele>
        <time>2026-08-21T15:46:48+00:00</time>
      </trkpt>
      <trkpt lat="44.15292" lon="3.12066">
        <ele>821</ele>
        <time>2026-08-21T15:46:51+00:00</time>
      </trkpt>
      <trkpt lat="44.15291" lon="3.12072">
        <ele>824</ele>
        <time>2026-08-21T15:46:54+00:00</time>
      </trkpt>
      <trkpt lat="44.15295" lon="3.12081">
        <ele>826</ele>
        <time>2026-08-21T15:46:57+00:00</time>
      </trkpt>
      <trkpt lat="44.15294" lon="3.12091">
        <ele>829</ele>
        <time>2026-08-21T15:47:00+00:00</time>
      </trkpt>
      <trkpt lat="44.15295" lon="3.12093">
        <ele>829</ele>
        <time>2026-08-21T15:47:03+00:00</time>
      </trkpt>
      <trkpt lat="44.15299" lon="3.12094">
        <ele>829</ele>
        <time>2026-08-21T15:47:06+00:00</time>
      </trkpt>
      <trkpt lat="44.15308" lon="3.12107">
        <ele>831</ele>
        <time>2026-08-21T15:47:09+00:00</time>
      </trkpt>
      <trkpt lat="44.15312" lon="3.12108">
        <ele>831</ele>
        <time>2026-08-21T15:47:12+00:00</time>
      </trkpt>
      <trkpt lat="44.15316" lon="3.12111">
        <ele>832</ele>
        <time>2026-08-21T15:47:15+00:00</time>
      </trkpt>
      <trkpt lat="44.15321" lon="3.12113">
        <ele>833</ele>
        <time>2026-08-21T15:47:18+00:00</time>
      </trkpt>
      <trkpt lat="44.15323" lon="3.12115">
        <ele>833</ele>
        <time>2026-08-21T15:47:21+00:00</time>
      </trkpt>
      <trkpt lat="44.15331" lon="3.12127">
        <ele>830</ele>
        <time>2026-08-21T15:47:24+00:00</time>
      </trkpt>
      <trkpt lat="44.15333" lon="3.12133">
        <ele>835</ele>
        <time>2026-08-21T15:47:27+00:00</time>
      </trkpt>
      <trkpt lat="44.15336" lon="3.12134">
        <ele>835</ele>
        <time>2026-08-21T15:47:30+00:00</time>
      </trkpt>
      <trkpt lat="44.15347" lon="3.12143">
        <ele>836</ele>
        <time>2026-08-21T15:47:33+00:00</time>
      </trkpt>
      <trkpt lat="44.15354" lon="3.12143">
        <ele>835</ele>
        <time>2026-08-21T15:47:36+00:00</time>
      </trkpt>
      <trkpt lat="44.15357" lon="3.12145">
        <ele>835</ele>
        <time>2026-08-21T15:47:39+00:00</time>
      </trkpt>
      <trkpt lat="44.15362" lon="3.12148">
        <ele>829</ele>
        <time>2026-08-21T15:47:42+00:00</time>
      </trkpt>
      <trkpt lat="44.15366" lon="3.12155">
        <ele>836</ele>
        <time>2026-08-21T15:47:45+00:00</time>
      </trkpt>
      <trkpt lat="44.15372" lon="3.1216">
        <ele>835</ele>
        <time>2026-08-21T15:47:48+00:00</time>
      </trkpt>
      <trkpt lat="44.15374" lon="3.12163">
        <ele>836</ele>
        <time>2026-08-21T15:47:51+00:00</time>
      </trkpt>
      <trkpt lat="44.15379" lon="3.12168">
        <ele>836</ele>
        <time>2026-08-21T15:47:54+00:00</time>
      </trkpt>
      <trkpt lat="44.15388" lon="3.12174">
        <ele>836</ele>
        <time>2026-08-21T15:47:57+00:00</time>
      </trkpt>
      <trkpt lat="44.15394" lon="3.12176">
        <ele>835</ele>
        <time>2026-08-21T15:48:00+00:00</time>
      </trkpt>
      <trkpt lat="44.15403" lon="3.12183">
        <ele>836</ele>
        <time>2026-08-21T15:48:03+00:00</time>
      </trkpt>
      <trkpt lat="44.15405" lon="3.12185">
        <ele>836</ele>
        <time>2026-08-21T15:48:06+00:00</time>
      </trkpt>
      <trkpt lat="44.15411" lon="3.122">
        <ele>837</ele>
        <time>2026-08-21T15:48:09+00:00</time>
      </trkpt>
      <trkpt lat="44.15413" lon="3.122">
        <ele>837</ele>
        <time>2026-08-21T15:48:12+00:00</time>
      </trkpt>
      <trkpt lat="44.15418" lon="3.12199">
        <ele>837</ele>
        <time>2026-08-21T15:48:15+00:00</time>
      </trkpt>
      <trkpt lat="44.15423" lon="3.12201">
        <ele>838</ele>
        <time>2026-08-21T15:48:18+00:00</time>
      </trkpt>
      <trkpt lat="44.15425" lon="3.12204">
        <ele>838</ele>
        <time>2026-08-21T15:48:21+00:00</time>
      </trkpt>
      <trkpt lat="44.1543" lon="3.12214">
        <ele>837</ele>
        <time>2026-08-21T15:48:24+00:00</time>
      </trkpt>
      <trkpt lat="44.1543" lon="3.12219">
        <ele>838</ele>
        <time>2026-08-21T15:48:27+00:00</time>
      </trkpt>
      <trkpt lat="44.15432" lon="3.12223">
        <ele>838</ele>
        <time>2026-08-21T15:48:30+00:00</time>
      </trkpt>
      <trkpt lat="44.15432" lon="3.12227">
        <ele>838</ele>
        <time>2026-08-21T15:48:33+00:00</time>
      </trkpt>
      <trkpt lat="44.15432" lon="3.12232">
        <ele>837</ele>
        <time>2026-08-21T15:48:36+00:00</time>
      </trkpt>
      <trkpt lat="44.1543" lon="3.12236">
        <ele>837</ele>
        <time>2026-08-21T15:48:39+00:00</time>
      </trkpt>
      <trkpt lat="44.15426" lon="3.12243">
        <ele>837</ele>
        <time>2026-08-21T15:48:42+00:00</time>
      </trkpt>
      <trkpt lat="44.15424" lon="3.12247">
        <ele>837</ele>
        <time>2026-08-21T15:48:45+00:00</time>
      </trkpt>
      <trkpt lat="44.15424" lon="3.12251">
        <ele>837</ele>
        <time>2026-08-21T15:48:48+00:00</time>
      </trkpt>
      <trkpt lat="44.15425" lon="3.12254">
        <ele>837</ele>
        <time>2026-08-21T15:48:51+00:00</time>
      </trkpt>
      <trkpt lat="44.15439" lon="3.12262">
        <ele>837</ele>
        <time>2026-08-21T15:48:54+00:00</time>
      </trkpt>
      <trkpt lat="44.15452" lon="3.12263">
        <ele>837</ele>
        <time>2026-08-21T15:48:57+00:00</time>
      </trkpt>
      <trkpt lat="44.15459" lon="3.12265">
        <ele>837</ele>
        <time>2026-08-21T15:49:00+00:00</time>
      </trkpt>
      <trkpt lat="44.1546" lon="3.12268">
        <ele>826</ele>
        <time>2026-08-21T15:49:03+00:00</time>
      </trkpt>
      <trkpt lat="44.15463" lon="3.12275">
        <ele>837</ele>
        <time>2026-08-21T15:49:06+00:00</time>
      </trkpt>
      <trkpt lat="44.15465" lon="3.12277">
        <ele>837</ele>
        <time>2026-08-21T15:49:09+00:00</time>
      </trkpt>
      <trkpt lat="44.1547" lon="3.12283">
        <ele>837</ele>
        <time>2026-08-21T15:49:12+00:00</time>
      </trkpt>
      <trkpt lat="44.15483" lon="3.12296">
        <ele>836</ele>
        <time>2026-08-21T15:49:15+00:00</time>
      </trkpt>
      <trkpt lat="44.15488" lon="3.12302">
        <ele>836</ele>
        <time>2026-08-21T15:49:18+00:00</time>
      </trkpt>
      <trkpt lat="44.15496" lon="3.12311">
        <ele>836</ele>
        <time>2026-08-21T15:49:21+00:00</time>
      </trkpt>
      <trkpt lat="44.15506" lon="3.12324">
        <ele>836</ele>
        <time>2026-08-21T15:49:24+00:00</time>
      </trkpt>
      <trkpt lat="44.15508" lon="3.12328">
        <ele>834</ele>
        <time>2026-08-21T15:49:27+00:00</time>
      </trkpt>
      <trkpt lat="44.1551" lon="3.12336">
        <ele>836</ele>
        <time>2026-08-21T15:49:30+00:00</time>
      </trkpt>
      <trkpt lat="44.15514" lon="3.12343">
        <ele>837</ele>
        <time>2026-08-21T15:49:33+00:00</time>
      </trkpt>
      <trkpt lat="44.15517" lon="3.12345">
        <ele>836</ele>
        <time>2026-08-21T15:49:36+00:00</time>
      </trkpt>
      <trkpt lat="44.15521" lon="3.12346">
        <ele>836</ele>
        <time>2026-08-21T15:49:39+00:00</time>
      </trkpt>
      <trkpt lat="44.15524" lon="3.12347">
        <ele>836</ele>
        <time>2026-08-21T15:49:42+00:00</time>
      </trkpt>
      <trkpt lat="44.15527" lon="3.12351">
        <ele>836</ele>
        <time>2026-08-21T15:49:45+00:00</time>
      </trkpt>
      <trkpt lat="44.15536" lon="3.12359">
        <ele>836</ele>
        <time>2026-08-21T15:49:48+00:00</time>
      </trkpt>
      <trkpt lat="44.15542" lon="3.12363">
        <ele>836</ele>
        <time>2026-08-21T15:49:51+00:00</time>
      </trkpt>
      <trkpt lat="44.15545" lon="3.12367">
        <ele>836</ele>
        <time>2026-08-21T15:49:54+00:00</time>
      </trkpt>
      <trkpt lat="44.15555" lon="3.12374">
        <ele>836</ele>
        <time>2026-08-21T15:49:57+00:00</time>
      </trkpt>
      <trkpt lat="44.15561" lon="3.12377">
        <ele>836</ele>
        <time>2026-08-21T15:50:00+00:00</time>
      </trkpt>
      <trkpt lat="44.15569" lon="3.12376">
        <ele>836</ele>
        <time>2026-08-21T15:50:03+00:00</time>
      </trkpt>
      <trkpt lat="44.15572" lon="3.12378">
        <ele>833</ele>
        <time>2026-08-21T15:50:06+00:00</time>
      </trkpt>
      <trkpt lat="44.15574" lon="3.12382">
        <ele>835</ele>
        <time>2026-08-21T15:50:09+00:00</time>
      </trkpt>
      <trkpt lat="44.15576" lon="3.12389">
        <ele>835</ele>
        <time>2026-08-21T15:50:12+00:00</time>
      </trkpt>
      <trkpt lat="44.15578" lon="3.12391">
        <ele>836</ele>
        <time>2026-08-21T15:50:15+00:00</time>
      </trkpt>
      <trkpt lat="44.15584" lon="3.12388">
        <ele>834</ele>
        <time>2026-08-21T15:50:18+00:00</time>
      </trkpt>
      <trkpt lat="44.1559" lon="3.12389">
        <ele>837</ele>
        <time>2026-08-21T15:50:21+00:00</time>
      </trkpt>
      <trkpt lat="44.15597" lon="3.12396">
        <ele>837</ele>
        <time>2026-08-21T15:50:24+00:00</time>
      </trkpt>
      <trkpt lat="44.15603" lon="3.12398">
        <ele>838</ele>
        <time>2026-08-21T15:50:27+00:00</time>
      </trkpt>
      <trkpt lat="44.15611" lon="3.12404">
        <ele>839</ele>
        <time>2026-08-21T15:50:30+00:00</time>
      </trkpt>
      <trkpt lat="44.15615" lon="3.12412">
        <ele>839</ele>
        <time>2026-08-21T15:50:33+00:00</time>
      </trkpt>
      <trkpt lat="44.15617" lon="3.12414">
        <ele>839</ele>
        <time>2026-08-21T15:50:36+00:00</time>
      </trkpt>
      <trkpt lat="44.1562" lon="3.12416">
        <ele>839</ele>
        <time>2026-08-21T15:50:39+00:00</time>
      </trkpt>
      <trkpt lat="44.15633" lon="3.12418">
        <ele>840</ele>
        <time>2026-08-21T15:50:42+00:00</time>
      </trkpt>
      <trkpt lat="44.15636" lon="3.12421">
        <ele>840</ele>
        <time>2026-08-21T15:50:45+00:00</time>
      </trkpt>
      <trkpt lat="44.15638" lon="3.12424">
        <ele>840</ele>
        <time>2026-08-21T15:50:48+00:00</time>
      </trkpt>
      <trkpt lat="44.1564" lon="3.12431">
        <ele>840</ele>
        <time>2026-08-21T15:50:51+00:00</time>
      </trkpt>
      <trkpt lat="44.15646" lon="3.12436">
        <ele>840</ele>
        <time>2026-08-21T15:50:54+00:00</time>
      </trkpt>
      <trkpt lat="44.15653" lon="3.1244">
        <ele>840</ele>
        <time>2026-08-21T15:50:57+00:00</time>
      </trkpt>
      <trkpt lat="44.15662" lon="3.12451">
        <ele>839</ele>
        <time>2026-08-21T15:51:00+00:00</time>
      </trkpt>
      <trkpt lat="44.15665" lon="3.12453">
        <ele>839</ele>
        <time>2026-08-21T15:51:03+00:00</time>
      </trkpt>
      <trkpt lat="44.15669" lon="3.12453">
        <ele>839</ele>
        <time>2026-08-21T15:51:06+00:00</time>
      </trkpt>
      <trkpt lat="44.15672" lon="3.12452">
        <ele>840</ele>
        <time>2026-08-21T15:51:09+00:00</time>
      </trkpt>
      <trkpt lat="44.15676" lon="3.12453">
        <ele>840</ele>
        <time>2026-08-21T15:51:12+00:00</time>
      </trkpt>
      <trkpt lat="44.15682" lon="3.12457">
        <ele>839</ele>
        <time>2026-08-21T15:51:15+00:00</time>
      </trkpt>
      <trkpt lat="44.15684" lon="3.12461">
        <ele>840</ele>
        <time>2026-08-21T15:51:18+00:00</time>
      </trkpt>
      <trkpt lat="44.15696" lon="3.12471">
        <ele>840</ele>
        <time>2026-08-21T15:51:21+00:00</time>
      </trkpt>
      <trkpt lat="44.15703" lon="3.12475">
        <ele>839</ele>
        <time>2026-08-21T15:51:24+00:00</time>
      </trkpt>
      <trkpt lat="44.15708" lon="3.12483">
        <ele>839</ele>
        <time>2026-08-21T15:51:27+00:00</time>
      </trkpt>
      <trkpt lat="44.1571" lon="3.12487">
        <ele>839</ele>
        <time>2026-08-21T15:51:30+00:00</time>
      </trkpt>
      <trkpt lat="44.15714" lon="3.12495">
        <ele>837</ele>
        <time>2026-08-21T15:51:33+00:00</time>
      </trkpt>
      <trkpt lat="44.15716" lon="3.12501">
        <ele>838</ele>
        <time>2026-08-21T15:51:36+00:00</time>
      </trkpt>
      <trkpt lat="44.15721" lon="3.12509">
        <ele>836</ele>
        <time>2026-08-21T15:51:39+00:00</time>
      </trkpt>
      <trkpt lat="44.15723" lon="3.12514">
        <ele>837</ele>
        <time>2026-08-21T15:51:42+00:00</time>
      </trkpt>
      <trkpt lat="44.15729" lon="3.12521">
        <ele>837</ele>
        <time>2026-08-21T15:51:45+00:00</time>
      </trkpt>
      <trkpt lat="44.15732" lon="3.12532">
        <ele>836</ele>
        <time>2026-08-21T15:51:48+00:00</time>
      </trkpt>
      <trkpt lat="44.15739" lon="3.12562">
        <ele>835</ele>
        <time>2026-08-21T15:51:51+00:00</time>
      </trkpt>
      <trkpt lat="44.15745" lon="3.12582">
        <ele>834</ele>
        <time>2026-08-21T15:51:54+00:00</time>
      </trkpt>
      <trkpt lat="44.15748" lon="3.12601">
        <ele>834</ele>
        <time>2026-08-21T15:51:57+00:00</time>
      </trkpt>
      <trkpt lat="44.15749" lon="3.12604">
        <ele>834</ele>
        <time>2026-08-21T15:52:00+00:00</time>
      </trkpt>
      <trkpt lat="44.15752" lon="3.12605">
        <ele>832</ele>
        <time>2026-08-21T15:52:03+00:00</time>
      </trkpt>
      <trkpt lat="44.15759" lon="3.12603">
        <ele>832</ele>
        <time>2026-08-21T15:52:06+00:00</time>
      </trkpt>
      <trkpt lat="44.15762" lon="3.12604">
        <ele>831</ele>
        <time>2026-08-21T15:52:09+00:00</time>
      </trkpt>
      <trkpt lat="44.15765" lon="3.12608">
        <ele>831</ele>
        <time>2026-08-21T15:52:12+00:00</time>
      </trkpt>
      <trkpt lat="44.15767" lon="3.1261">
        <ele>832</ele>
        <time>2026-08-21T15:52:15+00:00</time>
      </trkpt>
      <trkpt lat="44.15771" lon="3.12612">
        <ele>830</ele>
        <time>2026-08-21T15:52:18+00:00</time>
      </trkpt>
      <trkpt lat="44.15774" lon="3.12615">
        <ele>830</ele>
        <time>2026-08-21T15:52:21+00:00</time>
      </trkpt>
      <trkpt lat="44.15777" lon="3.12617">
        <ele>830</ele>
        <time>2026-08-21T15:52:24+00:00</time>
      </trkpt>
      <trkpt lat="44.15779" lon="3.12619">
        <ele>830</ele>
        <time>2026-08-21T15:52:27+00:00</time>
      </trkpt>
      <trkpt lat="44.15784" lon="3.12619">
        <ele>819</ele>
        <time>2026-08-21T15:52:30+00:00</time>
      </trkpt>
      <trkpt lat="44.15787" lon="3.12623">
        <ele>828</ele>
        <time>2026-08-21T15:52:33+00:00</time>
      </trkpt>
      <trkpt lat="44.15788" lon="3.12628">
        <ele>828</ele>
        <time>2026-08-21T15:52:36+00:00</time>
      </trkpt>
      <trkpt lat="44.15793" lon="3.12635">
        <ele>830</ele>
        <time>2026-08-21T15:52:39+00:00</time>
      </trkpt>
      <trkpt lat="44.15796" lon="3.12639">
        <ele>830</ele>
        <time>2026-08-21T15:52:42+00:00</time>
      </trkpt>
      <trkpt lat="44.15797" lon="3.12644">
        <ele>830</ele>
        <time>2026-08-21T15:52:45+00:00</time>
      </trkpt>
      <trkpt lat="44.15801" lon="3.12652">
        <ele>828</ele>
        <time>2026-08-21T15:52:48+00:00</time>
      </trkpt>
      <trkpt lat="44.15804" lon="3.12657">
        <ele>828</ele>
        <time>2026-08-21T15:52:51+00:00</time>
      </trkpt>
      <trkpt lat="44.15807" lon="3.1266">
        <ele>828</ele>
        <time>2026-08-21T15:52:54+00:00</time>
      </trkpt>
      <trkpt lat="44.1581" lon="3.12664">
        <ele>823</ele>
        <time>2026-08-21T15:52:57+00:00</time>
      </trkpt>
      <trkpt lat="44.15812" lon="3.12668">
        <ele>823</ele>
        <time>2026-08-21T15:53:00+00:00</time>
      </trkpt>
      <trkpt lat="44.15813" lon="3.12677">
        <ele>822</ele>
        <time>2026-08-21T15:53:03+00:00</time>
      </trkpt>
      <trkpt lat="44.15817" lon="3.12689">
        <ele>821</ele>
        <time>2026-08-21T15:53:06+00:00</time>
      </trkpt>
      <trkpt lat="44.15818" lon="3.12701">
        <ele>823</ele>
        <time>2026-08-21T15:53:09+00:00</time>
      </trkpt>
      <trkpt lat="44.15821" lon="3.12712">
        <ele>821</ele>
        <time>2026-08-21T15:53:12+00:00</time>
      </trkpt>
      <trkpt lat="44.15822" lon="3.12717">
        <ele>821</ele>
        <time>2026-08-21T15:53:15+00:00</time>
      </trkpt>
      <trkpt lat="44.15821" lon="3.12721">
        <ele>820</ele>
        <time>2026-08-21T15:53:18+00:00</time>
      </trkpt>
      <trkpt lat="44.15817" lon="3.12732">
        <ele>820</ele>
        <time>2026-08-21T15:53:21+00:00</time>
      </trkpt>
      <trkpt lat="44.15805" lon="3.12754">
        <ele>821</ele>
        <time>2026-08-21T15:53:24+00:00</time>
      </trkpt>
      <trkpt lat="44.15803" lon="3.12763">
        <ele>820</ele>
        <time>2026-08-21T15:53:27+00:00</time>
      </trkpt>
      <trkpt lat="44.15803" lon="3.12766">
        <ele>820</ele>
        <time>2026-08-21T15:53:30+00:00</time>
      </trkpt>
      <trkpt lat="44.15804" lon="3.1277">
        <ele>820</ele>
        <time>2026-08-21T15:53:33+00:00</time>
      </trkpt>
      <trkpt lat="44.15814" lon="3.1278">
        <ele>818</ele>
        <time>2026-08-21T15:53:36+00:00</time>
      </trkpt>
      <trkpt lat="44.15817" lon="3.12784">
        <ele>818</ele>
        <time>2026-08-21T15:53:39+00:00</time>
      </trkpt>
      <trkpt lat="44.15818" lon="3.12794">
        <ele>818</ele>
        <time>2026-08-21T15:53:42+00:00</time>
      </trkpt>
      <trkpt lat="44.15817" lon="3.12809">
        <ele>818</ele>
        <time>2026-08-21T15:53:45+00:00</time>
      </trkpt>
      <trkpt lat="44.15817" lon="3.12813">
        <ele>817</ele>
        <time>2026-08-21T15:53:48+00:00</time>
      </trkpt>
      <trkpt lat="44.15819" lon="3.12816">
        <ele>817</ele>
        <time>2026-08-21T15:53:51+00:00</time>
      </trkpt>
      <trkpt lat="44.15822" lon="3.12817">
        <ele>815</ele>
        <time>2026-08-21T15:53:54+00:00</time>
      </trkpt>
      <trkpt lat="44.15835" lon="3.1282">
        <ele>818</ele>
        <time>2026-08-21T15:53:57+00:00</time>
      </trkpt>
      <trkpt lat="44.15838" lon="3.12822">
        <ele>816</ele>
        <time>2026-08-21T15:54:00+00:00</time>
      </trkpt>
      <trkpt lat="44.15845" lon="3.12823">
        <ele>817</ele>
        <time>2026-08-21T15:54:03+00:00</time>
      </trkpt>
      <trkpt lat="44.15853" lon="3.12828">
        <ele>818</ele>
        <time>2026-08-21T15:54:06+00:00</time>
      </trkpt>
      <trkpt lat="44.15862" lon="3.12829">
        <ele>819</ele>
        <time>2026-08-21T15:54:09+00:00</time>
      </trkpt>
      <trkpt lat="44.15869" lon="3.12838">
        <ele>820</ele>
        <time>2026-08-21T15:54:12+00:00</time>
      </trkpt>
      <trkpt lat="44.15875" lon="3.12849">
        <ele>820</ele>
        <time>2026-08-21T15:54:15+00:00</time>
      </trkpt>
      <trkpt lat="44.1588" lon="3.12853">
        <ele>818</ele>
        <time>2026-08-21T15:54:18+00:00</time>
      </trkpt>
      <trkpt lat="44.15892" lon="3.12868">
        <ele>818</ele>
        <time>2026-08-21T15:54:21+00:00</time>
      </trkpt>
      <trkpt lat="44.15901" lon="3.12873">
        <ele>818</ele>
        <time>2026-08-21T15:54:24+00:00</time>
      </trkpt>
      <trkpt lat="44.15903" lon="3.12878">
        <ele>818</ele>
        <time>2026-08-21T15:54:27+00:00</time>
      </trkpt>
      <trkpt lat="44.15904" lon="3.12882">
        <ele>822</ele>
        <time>2026-08-21T15:54:30+00:00</time>
      </trkpt>
      <trkpt lat="44.15906" lon="3.12884">
        <ele>822</ele>
        <time>2026-08-21T15:54:33+00:00</time>
      </trkpt>
      <trkpt lat="44.15908" lon="3.12885">
        <ele>822</ele>
        <time>2026-08-21T15:54:36+00:00</time>
      </trkpt>
      <trkpt lat="44.15911" lon="3.12884">
        <ele>822</ele>
        <time>2026-08-21T15:54:39+00:00</time>
      </trkpt>
      <trkpt lat="44.15914" lon="3.12883">
        <ele>822</ele>
        <time>2026-08-21T15:54:42+00:00</time>
      </trkpt>
      <trkpt lat="44.15919" lon="3.12884">
        <ele>822</ele>
        <time>2026-08-21T15:54:45+00:00</time>
      </trkpt>
      <trkpt lat="44.15922" lon="3.12886">
        <ele>822</ele>
        <time>2026-08-21T15:54:48+00:00</time>
      </trkpt>
      <trkpt lat="44.15928" lon="3.12891">
        <ele>824</ele>
        <time>2026-08-21T15:54:51+00:00</time>
      </trkpt>
      <trkpt lat="44.15935" lon="3.12895">
        <ele>824</ele>
        <time>2026-08-21T15:54:54+00:00</time>
      </trkpt>
      <trkpt lat="44.15941" lon="3.129">
        <ele>823</ele>
        <time>2026-08-21T15:54:57+00:00</time>
      </trkpt>
      <trkpt lat="44.15943" lon="3.12903">
        <ele>824</ele>
        <time>2026-08-21T15:55:00+00:00</time>
      </trkpt>
      <trkpt lat="44.15948" lon="3.12916">
        <ele>824</ele>
        <time>2026-08-21T15:55:03+00:00</time>
      </trkpt>
      <trkpt lat="44.1595" lon="3.1292">
        <ele>823</ele>
        <time>2026-08-21T15:55:06+00:00</time>
      </trkpt>
      <trkpt lat="44.1595" lon="3.12929">
        <ele>823</ele>
        <time>2026-08-21T15:55:09+00:00</time>
      </trkpt>
      <trkpt lat="44.15951" lon="3.12938">
        <ele>823</ele>
        <time>2026-08-21T15:55:12+00:00</time>
      </trkpt>
      <trkpt lat="44.15956" lon="3.12955">
        <ele>822</ele>
        <time>2026-08-21T15:55:15+00:00</time>
      </trkpt>
      <trkpt lat="44.15961" lon="3.12967">
        <ele>821</ele>
        <time>2026-08-21T15:55:18+00:00</time>
      </trkpt>
      <trkpt lat="44.15967" lon="3.12971">
        <ele>821</ele>
        <time>2026-08-21T15:55:21+00:00</time>
      </trkpt>
      <trkpt lat="44.15968" lon="3.12975">
        <ele>821</ele>
        <time>2026-08-21T15:55:24+00:00</time>
      </trkpt>
      <trkpt lat="44.15969" lon="3.12984">
        <ele>822</ele>
        <time>2026-08-21T15:55:27+00:00</time>
      </trkpt>
      <trkpt lat="44.15969" lon="3.12989">
        <ele>822</ele>
        <time>2026-08-21T15:55:30+00:00</time>
      </trkpt>
      <trkpt lat="44.15968" lon="3.12997">
        <ele>822</ele>
        <time>2026-08-21T15:55:33+00:00</time>
      </trkpt>
      <trkpt lat="44.15968" lon="3.13">
        <ele>821</ele>
        <time>2026-08-21T15:55:36+00:00</time>
      </trkpt>
      <trkpt lat="44.15977" lon="3.13015">
        <ele>820</ele>
        <time>2026-08-21T15:55:39+00:00</time>
      </trkpt>
      <trkpt lat="44.1598" lon="3.13017">
        <ele>820</ele>
        <time>2026-08-21T15:55:42+00:00</time>
      </trkpt>
      <trkpt lat="44.15983" lon="3.13019">
        <ele>819</ele>
        <time>2026-08-21T15:55:45+00:00</time>
      </trkpt>
      <trkpt lat="44.15988" lon="3.13024">
        <ele>820</ele>
        <time>2026-08-21T15:55:48+00:00</time>
      </trkpt>
      <trkpt lat="44.15991" lon="3.13026">
        <ele>815</ele>
        <time>2026-08-21T15:55:51+00:00</time>
      </trkpt>
      <trkpt lat="44.15993" lon="3.13031">
        <ele>819</ele>
        <time>2026-08-21T15:55:54+00:00</time>
      </trkpt>
      <trkpt lat="44.15995" lon="3.13033">
        <ele>816</ele>
        <time>2026-08-21T15:55:57+00:00</time>
      </trkpt>
      <trkpt lat="44.16003" lon="3.13038">
        <ele>815</ele>
        <time>2026-08-21T15:56:00+00:00</time>
      </trkpt>
      <trkpt lat="44.16009" lon="3.1304">
        <ele>818</ele>
        <time>2026-08-21T15:56:03+00:00</time>
      </trkpt>
      <trkpt lat="44.16014" lon="3.13045">
        <ele>819</ele>
        <time>2026-08-21T15:56:06+00:00</time>
      </trkpt>
      <trkpt lat="44.16015" lon="3.13046">
        <ele>819</ele>
        <time>2026-08-21T15:56:09+00:00</time>
      </trkpt>
      <trkpt lat="44.16017" lon="3.13045">
        <ele>819</ele>
        <time>2026-08-21T15:56:12+00:00</time>
      </trkpt>
      <trkpt lat="44.16018" lon="3.13045">
        <ele>819</ele>
        <time>2026-08-21T15:56:15+00:00</time>
      </trkpt>
      <trkpt lat="44.16031" lon="3.13041">
        <ele>821</ele>
        <time>2026-08-21T15:56:18+00:00</time>
      </trkpt>
      <trkpt lat="44.16035" lon="3.13042">
        <ele>821</ele>
        <time>2026-08-21T15:56:21+00:00</time>
      </trkpt>
      <trkpt lat="44.16037" lon="3.13043">
        <ele>821</ele>
        <time>2026-08-21T15:56:24+00:00</time>
      </trkpt>
      <trkpt lat="44.16049" lon="3.13044">
        <ele>821</ele>
        <time>2026-08-21T15:56:27+00:00</time>
      </trkpt>
      <trkpt lat="44.16061" lon="3.13054">
        <ele>821</ele>
        <time>2026-08-21T15:56:30+00:00</time>
      </trkpt>
      <trkpt lat="44.16063" lon="3.13054">
        <ele>822</ele>
        <time>2026-08-21T15:56:33+00:00</time>
      </trkpt>
      <trkpt lat="44.16066" lon="3.13053">
        <ele>822</ele>
        <time>2026-08-21T15:56:36+00:00</time>
      </trkpt>
      <trkpt lat="44.16071" lon="3.13046">
        <ele>822</ele>
        <time>2026-08-21T15:56:39+00:00</time>
      </trkpt>
      <trkpt lat="44.16072" lon="3.13044">
        <ele>822</ele>
        <time>2026-08-21T15:56:42+00:00</time>
      </trkpt>
      <trkpt lat="44.16072" lon="3.13034">
        <ele>821</ele>
        <time>2026-08-21T15:56:45+00:00</time>
      </trkpt>
      <trkpt lat="44.16073" lon="3.13029">
        <ele>821</ele>
        <time>2026-08-21T15:56:48+00:00</time>
      </trkpt>
      <trkpt lat="44.16076" lon="3.13016">
        <ele>820</ele>
        <time>2026-08-21T15:56:51+00:00</time>
      </trkpt>
      <trkpt lat="44.16078" lon="3.13012">
        <ele>820</ele>
        <time>2026-08-21T15:56:54+00:00</time>
      </trkpt>
      <trkpt lat="44.16083" lon="3.13006">
        <ele>821</ele>
        <time>2026-08-21T15:56:57+00:00</time>
      </trkpt>
      <trkpt lat="44.16086" lon="3.13004">
        <ele>821</ele>
        <time>2026-08-21T15:57:00+00:00</time>
      </trkpt>
      <trkpt lat="44.16094" lon="3.12998">
        <ele>818</ele>
        <time>2026-08-21T15:57:03+00:00</time>
      </trkpt>
      <trkpt lat="44.16096" lon="3.12994">
        <ele>818</ele>
        <time>2026-08-21T15:57:06+00:00</time>
      </trkpt>
      <trkpt lat="44.16098" lon="3.12991">
        <ele>823</ele>
        <time>2026-08-21T15:57:09+00:00</time>
      </trkpt>
      <trkpt lat="44.16101" lon="3.12989">
        <ele>817</ele>
        <time>2026-08-21T15:57:12+00:00</time>
      </trkpt>
      <trkpt lat="44.16104" lon="3.12989">
        <ele>817</ele>
        <time>2026-08-21T15:57:15+00:00</time>
      </trkpt>
      <trkpt lat="44.16106" lon="3.12986">
        <ele>817</ele>
        <time>2026-08-21T15:57:18+00:00</time>
      </trkpt>
      <trkpt lat="44.16107" lon="3.12982">
        <ele>817</ele>
        <time>2026-08-21T15:57:21+00:00</time>
      </trkpt>
      <trkpt lat="44.1611" lon="3.1298">
        <ele>811</ele>
        <time>2026-08-21T15:57:24+00:00</time>
      </trkpt>
      <trkpt lat="44.16113" lon="3.12978">
        <ele>818</ele>
        <time>2026-08-21T15:57:27+00:00</time>
      </trkpt>
      <trkpt lat="44.16115" lon="3.12981">
        <ele>826</ele>
        <time>2026-08-21T15:57:30+00:00</time>
      </trkpt>
      <trkpt lat="44.16117" lon="3.12983">
        <ele>826</ele>
        <time>2026-08-21T15:57:33+00:00</time>
      </trkpt>
      <trkpt lat="44.16119" lon="3.12982">
        <ele>826</ele>
        <time>2026-08-21T15:57:36+00:00</time>
      </trkpt>
      <trkpt lat="44.16122" lon="3.1298">
        <ele>824</ele>
        <time>2026-08-21T15:57:39+00:00</time>
      </trkpt>
      <trkpt lat="44.16128" lon="3.12981">
        <ele>828</ele>
        <time>2026-08-21T15:57:42+00:00</time>
      </trkpt>
      <trkpt lat="44.16132" lon="3.12979">
        <ele>825</ele>
        <time>2026-08-21T15:57:45+00:00</time>
      </trkpt>
      <trkpt lat="44.16142" lon="3.12982">
        <ele>828</ele>
        <time>2026-08-21T15:57:48+00:00</time>
      </trkpt>
      <trkpt lat="44.16146" lon="3.12984">
        <ele>828</ele>
        <time>2026-08-21T15:57:51+00:00</time>
      </trkpt>
      <trkpt lat="44.16148" lon="3.12988">
        <ele>828</ele>
        <time>2026-08-21T15:57:54+00:00</time>
      </trkpt>
      <trkpt lat="44.16148" lon="3.12993">
        <ele>829</ele>
        <time>2026-08-21T15:57:57+00:00</time>
      </trkpt>
      <trkpt lat="44.16145" lon="3.13003">
        <ele>829</ele>
        <time>2026-08-21T15:58:00+00:00</time>
      </trkpt>
      <trkpt lat="44.16142" lon="3.13005">
        <ele>829</ele>
        <time>2026-08-21T15:58:03+00:00</time>
      </trkpt>
      <trkpt lat="44.16137" lon="3.13013">
        <ele>828</ele>
        <time>2026-08-21T15:58:06+00:00</time>
      </trkpt>
      <trkpt lat="44.16136" lon="3.13018">
        <ele>828</ele>
        <time>2026-08-21T15:58:09+00:00</time>
      </trkpt>
      <trkpt lat="44.16137" lon="3.13022">
        <ele>828</ele>
        <time>2026-08-21T15:58:12+00:00</time>
      </trkpt>
      <trkpt lat="44.16142" lon="3.13027">
        <ele>829</ele>
        <time>2026-08-21T15:58:15+00:00</time>
      </trkpt>
      <trkpt lat="44.16146" lon="3.13032">
        <ele>828</ele>
        <time>2026-08-21T15:58:18+00:00</time>
      </trkpt>
      <trkpt lat="44.16148" lon="3.13034">
        <ele>828</ele>
        <time>2026-08-21T15:58:21+00:00</time>
      </trkpt>
      <trkpt lat="44.1615" lon="3.13035">
        <ele>829</ele>
        <time>2026-08-21T15:58:24+00:00</time>
      </trkpt>
      <trkpt lat="44.16154" lon="3.13032">
        <ele>829</ele>
        <time>2026-08-21T15:58:27+00:00</time>
      </trkpt>
      <trkpt lat="44.16157" lon="3.13032">
        <ele>829</ele>
        <time>2026-08-21T15:58:30+00:00</time>
      </trkpt>
      <trkpt lat="44.16163" lon="3.13037">
        <ele>829</ele>
        <time>2026-08-21T15:58:33+00:00</time>
      </trkpt>
      <trkpt lat="44.16167" lon="3.13037">
        <ele>829</ele>
        <time>2026-08-21T15:58:36+00:00</time>
      </trkpt>
      <trkpt lat="44.1617" lon="3.13036">
        <ele>829</ele>
        <time>2026-08-21T15:58:39+00:00</time>
      </trkpt>
      <trkpt lat="44.16174" lon="3.13037">
        <ele>829</ele>
        <time>2026-08-21T15:58:42+00:00</time>
      </trkpt>
      <trkpt lat="44.16176" lon="3.13039">
        <ele>829</ele>
        <time>2026-08-21T15:58:45+00:00</time>
      </trkpt>
      <trkpt lat="44.16176" lon="3.13042">
        <ele>829</ele>
        <time>2026-08-21T15:58:48+00:00</time>
      </trkpt>
      <trkpt lat="44.16176" lon="3.13046">
        <ele>829</ele>
        <time>2026-08-21T15:58:51+00:00</time>
      </trkpt>
      <trkpt lat="44.16174" lon="3.13055">
        <ele>829</ele>
        <time>2026-08-21T15:58:54+00:00</time>
      </trkpt>
      <trkpt lat="44.16173" lon="3.1306">
        <ele>829</ele>
        <time>2026-08-21T15:58:57+00:00</time>
      </trkpt>
      <trkpt lat="44.16174" lon="3.13073">
        <ele>829</ele>
        <time>2026-08-21T15:59:00+00:00</time>
      </trkpt>
      <trkpt lat="44.16176" lon="3.13077">
        <ele>829</ele>
        <time>2026-08-21T15:59:03+00:00</time>
      </trkpt>
      <trkpt lat="44.16182" lon="3.13082">
        <ele>829</ele>
        <time>2026-08-21T15:59:06+00:00</time>
      </trkpt>
      <trkpt lat="44.16183" lon="3.13085">
        <ele>829</ele>
        <time>2026-08-21T15:59:09+00:00</time>
      </trkpt>
      <trkpt lat="44.16182" lon="3.13097">
        <ele>829</ele>
        <time>2026-08-21T15:59:12+00:00</time>
      </trkpt>
      <trkpt lat="44.16181" lon="3.13101">
        <ele>830</ele>
        <time>2026-08-21T15:59:15+00:00</time>
      </trkpt>
      <trkpt lat="44.16182" lon="3.13104">
        <ele>830</ele>
        <time>2026-08-21T15:59:18+00:00</time>
      </trkpt>
      <trkpt lat="44.16183" lon="3.13107">
        <ele>830</ele>
        <time>2026-08-21T15:59:21+00:00</time>
      </trkpt>
      <trkpt lat="44.16187" lon="3.13107">
        <ele>829</ele>
        <time>2026-08-21T15:59:24+00:00</time>
      </trkpt>
      <trkpt lat="44.16193" lon="3.13107">
        <ele>829</ele>
        <time>2026-08-21T15:59:27+00:00</time>
      </trkpt>
      <trkpt lat="44.16204" lon="3.13107">
        <ele>829</ele>
        <time>2026-08-21T15:59:30+00:00</time>
      </trkpt>
      <trkpt lat="44.16211" lon="3.13105">
        <ele>829</ele>
        <time>2026-08-21T15:59:33+00:00</time>
      </trkpt>
      <trkpt lat="44.16214" lon="3.13107">
        <ele>829</ele>
        <time>2026-08-21T15:59:36+00:00</time>
      </trkpt>
      <trkpt lat="44.1622" lon="3.13111">
        <ele>831</ele>
        <time>2026-08-21T15:59:39+00:00</time>
      </trkpt>
      <trkpt lat="44.16224" lon="3.13118">
        <ele>831</ele>
        <time>2026-08-21T15:59:42+00:00</time>
      </trkpt>
      <trkpt lat="44.16229" lon="3.13123">
        <ele>832</ele>
        <time>2026-08-21T15:59:45+00:00</time>
      </trkpt>
      <trkpt lat="44.16231" lon="3.13125">
        <ele>833</ele>
        <time>2026-08-21T15:59:48+00:00</time>
      </trkpt>
      <trkpt lat="44.16236" lon="3.13127">
        <ele>833</ele>
        <time>2026-08-21T15:59:51+00:00</time>
      </trkpt>
      <trkpt lat="44.16241" lon="3.1313">
        <ele>834</ele>
        <time>2026-08-21T15:59:54+00:00</time>
      </trkpt>
      <trkpt lat="44.16244" lon="3.13133">
        <ele>834</ele>
        <time>2026-08-21T15:59:57+00:00</time>
      </trkpt>
      <trkpt lat="44.16245" lon="3.13137">
        <ele>834</ele>
        <time>2026-08-21T16:00:00+00:00</time>
      </trkpt>
      <trkpt lat="44.16248" lon="3.1314">
        <ele>834</ele>
        <time>2026-08-21T16:00:03+00:00</time>
      </trkpt>
      <trkpt lat="44.16252" lon="3.13145">
        <ele>835</ele>
        <time>2026-08-21T16:00:06+00:00</time>
      </trkpt>
      <trkpt lat="44.16253" lon="3.13149">
        <ele>835</ele>
        <time>2026-08-21T16:00:09+00:00</time>
      </trkpt>
      <trkpt lat="44.16255" lon="3.13152">
        <ele>835</ele>
        <time>2026-08-21T16:00:12+00:00</time>
      </trkpt>
      <trkpt lat="44.16258" lon="3.13153">
        <ele>835</ele>
        <time>2026-08-21T16:00:15+00:00</time>
      </trkpt>
      <trkpt lat="44.16264" lon="3.13158">
        <ele>835</ele>
        <time>2026-08-21T16:00:18+00:00</time>
      </trkpt>
      <trkpt lat="44.1627" lon="3.13162">
        <ele>835</ele>
        <time>2026-08-21T16:00:21+00:00</time>
      </trkpt>
      <trkpt lat="44.16274" lon="3.13168">
        <ele>835</ele>
        <time>2026-08-21T16:00:24+00:00</time>
      </trkpt>
      <trkpt lat="44.16276" lon="3.13172">
        <ele>836</ele>
        <time>2026-08-21T16:00:27+00:00</time>
      </trkpt>
      <trkpt lat="44.16278" lon="3.13175">
        <ele>836</ele>
        <time>2026-08-21T16:00:30+00:00</time>
      </trkpt>
      <trkpt lat="44.16284" lon="3.13178">
        <ele>836</ele>
        <time>2026-08-21T16:00:33+00:00</time>
      </trkpt>
      <trkpt lat="44.16289" lon="3.13184">
        <ele>837</ele>
        <time>2026-08-21T16:00:36+00:00</time>
      </trkpt>
      <trkpt lat="44.16295" lon="3.13187">
        <ele>836</ele>
        <time>2026-08-21T16:00:39+00:00</time>
      </trkpt>
      <trkpt lat="44.16298" lon="3.13194">
        <ele>837</ele>
        <time>2026-08-21T16:00:42+00:00</time>
      </trkpt>
      <trkpt lat="44.163" lon="3.13195">
        <ele>837</ele>
        <time>2026-08-21T16:00:45+00:00</time>
      </trkpt>
      <trkpt lat="44.16307" lon="3.13193">
        <ele>837</ele>
        <time>2026-08-21T16:00:48+00:00</time>
      </trkpt>
      <trkpt lat="44.1631" lon="3.13195">
        <ele>837</ele>
        <time>2026-08-21T16:00:51+00:00</time>
      </trkpt>
      <trkpt lat="44.16315" lon="3.132">
        <ele>838</ele>
        <time>2026-08-21T16:00:54+00:00</time>
      </trkpt>
      <trkpt lat="44.16332" lon="3.13212">
        <ele>836</ele>
        <time>2026-08-21T16:00:57+00:00</time>
      </trkpt>
      <trkpt lat="44.16338" lon="3.13217">
        <ele>838</ele>
        <time>2026-08-21T16:01:00+00:00</time>
      </trkpt>
      <trkpt lat="44.16351" lon="3.13223">
        <ele>836</ele>
        <time>2026-08-21T16:01:03+00:00</time>
      </trkpt>
      <trkpt lat="44.16358" lon="3.13224">
        <ele>836</ele>
        <time>2026-08-21T16:01:06+00:00</time>
      </trkpt>
      <trkpt lat="44.16361" lon="3.13226">
        <ele>831</ele>
        <time>2026-08-21T16:01:09+00:00</time>
      </trkpt>
      <trkpt lat="44.16363" lon="3.1323">
        <ele>836</ele>
        <time>2026-08-21T16:01:12+00:00</time>
      </trkpt>
      <trkpt lat="44.1637" lon="3.13233">
        <ele>835</ele>
        <time>2026-08-21T16:01:15+00:00</time>
      </trkpt>
      <trkpt lat="44.16373" lon="3.13235">
        <ele>831</ele>
        <time>2026-08-21T16:01:18+00:00</time>
      </trkpt>
      <trkpt lat="44.16375" lon="3.13238">
        <ele>831</ele>
        <time>2026-08-21T16:01:21+00:00</time>
      </trkpt>
      <trkpt lat="44.16381" lon="3.13242">
        <ele>836</ele>
        <time>2026-08-21T16:01:24+00:00</time>
      </trkpt>
      <trkpt lat="44.16383" lon="3.13245">
        <ele>836</ele>
        <time>2026-08-21T16:01:27+00:00</time>
      </trkpt>
      <trkpt lat="44.16406" lon="3.13255">
        <ele>835</ele>
        <time>2026-08-21T16:01:30+00:00</time>
      </trkpt>
      <trkpt lat="44.16416" lon="3.13262">
        <ele>833</ele>
        <time>2026-08-21T16:01:33+00:00</time>
      </trkpt>
      <trkpt lat="44.16424" lon="3.13263">
        <ele>833</ele>
        <time>2026-08-21T16:01:36+00:00</time>
      </trkpt>
      <trkpt lat="44.16431" lon="3.13266">
        <ele>828</ele>
        <time>2026-08-21T16:01:39+00:00</time>
      </trkpt>
      <trkpt lat="44.16435" lon="3.13268">
        <ele>828</ele>
        <time>2026-08-21T16:01:42+00:00</time>
      </trkpt>
      <trkpt lat="44.16441" lon="3.13274">
        <ele>831</ele>
        <time>2026-08-21T16:01:45+00:00</time>
      </trkpt>
      <trkpt lat="44.16448" lon="3.13279">
        <ele>831</ele>
        <time>2026-08-21T16:01:48+00:00</time>
      </trkpt>
      <trkpt lat="44.16454" lon="3.13282">
        <ele>833</ele>
        <time>2026-08-21T16:01:51+00:00</time>
      </trkpt>
      <trkpt lat="44.16465" lon="3.13283">
        <ele>830</ele>
        <time>2026-08-21T16:01:54+00:00</time>
      </trkpt>
      <trkpt lat="44.16469" lon="3.13283">
        <ele>831</ele>
        <time>2026-08-21T16:01:57+00:00</time>
      </trkpt>
      <trkpt lat="44.16483" lon="3.1329">
        <ele>827</ele>
        <time>2026-08-21T16:02:00+00:00</time>
      </trkpt>
      <trkpt lat="44.16491" lon="3.13291">
        <ele>831</ele>
        <time>2026-08-21T16:02:03+00:00</time>
      </trkpt>
      <trkpt lat="44.16495" lon="3.13293">
        <ele>831</ele>
        <time>2026-08-21T16:02:06+00:00</time>
      </trkpt>
      <trkpt lat="44.16498" lon="3.13296">
        <ele>831</ele>
        <time>2026-08-21T16:02:09+00:00</time>
      </trkpt>
      <trkpt lat="44.16502" lon="3.13297">
        <ele>828</ele>
        <time>2026-08-21T16:02:12+00:00</time>
      </trkpt>
      <trkpt lat="44.1651" lon="3.13294">
        <ele>830</ele>
        <time>2026-08-21T16:02:15+00:00</time>
      </trkpt>
      <trkpt lat="44.16515" lon="3.13293">
        <ele>826</ele>
        <time>2026-08-21T16:02:18+00:00</time>
      </trkpt>
      <trkpt lat="44.16519" lon="3.13294">
        <ele>826</ele>
        <time>2026-08-21T16:02:21+00:00</time>
      </trkpt>
      <trkpt lat="44.16523" lon="3.13296">
        <ele>827</ele>
        <time>2026-08-21T16:02:24+00:00</time>
      </trkpt>
      <trkpt lat="44.1653" lon="3.13301">
        <ele>830</ele>
        <time>2026-08-21T16:02:27+00:00</time>
      </trkpt>
      <trkpt lat="44.16533" lon="3.13306">
        <ele>830</ele>
        <time>2026-08-21T16:02:30+00:00</time>
      </trkpt>
      <trkpt lat="44.16534" lon="3.13312">
        <ele>831</ele>
        <time>2026-08-21T16:02:33+00:00</time>
      </trkpt>
      <trkpt lat="44.16536" lon="3.13316">
        <ele>831</ele>
        <time>2026-08-21T16:02:36+00:00</time>
      </trkpt>
      <trkpt lat="44.16538" lon="3.13319">
        <ele>831</ele>
        <time>2026-08-21T16:02:39+00:00</time>
      </trkpt>
      <trkpt lat="44.16541" lon="3.13321">
        <ele>831</ele>
        <time>2026-08-21T16:02:42+00:00</time>
      </trkpt>
      <trkpt lat="44.16545" lon="3.13322">
        <ele>830</ele>
        <time>2026-08-21T16:02:45+00:00</time>
      </trkpt>
      <trkpt lat="44.1656" lon="3.13335">
        <ele>830</ele>
        <time>2026-08-21T16:02:48+00:00</time>
      </trkpt>
      <trkpt lat="44.16563" lon="3.13336">
        <ele>830</ele>
        <time>2026-08-21T16:02:51+00:00</time>
      </trkpt>
      <trkpt lat="44.16571" lon="3.13336">
        <ele>828</ele>
        <time>2026-08-21T16:02:54+00:00</time>
      </trkpt>
      <trkpt lat="44.16574" lon="3.13337">
        <ele>828</ele>
        <time>2026-08-21T16:02:57+00:00</time>
      </trkpt>
      <trkpt lat="44.16577" lon="3.1334">
        <ele>828</ele>
        <time>2026-08-21T16:03:00+00:00</time>
      </trkpt>
      <trkpt lat="44.16579" lon="3.13344">
        <ele>833</ele>
        <time>2026-08-21T16:03:03+00:00</time>
      </trkpt>
      <trkpt lat="44.1658" lon="3.13348">
        <ele>833</ele>
        <time>2026-08-21T16:03:06+00:00</time>
      </trkpt>
      <trkpt lat="44.16587" lon="3.1336">
        <ele>834</ele>
        <time>2026-08-21T16:03:09+00:00</time>
      </trkpt>
      <trkpt lat="44.1659" lon="3.13364">
        <ele>834</ele>
        <time>2026-08-21T16:03:12+00:00</time>
      </trkpt>
      <trkpt lat="44.16592" lon="3.13367">
        <ele>833</ele>
        <time>2026-08-21T16:03:15+00:00</time>
      </trkpt>
      <trkpt lat="44.16599" lon="3.1337">
        <ele>833</ele>
        <time>2026-08-21T16:03:18+00:00</time>
      </trkpt>
      <trkpt lat="44.16606" lon="3.13371">
        <ele>833</ele>
        <time>2026-08-21T16:03:21+00:00</time>
      </trkpt>
      <trkpt lat="44.16609" lon="3.1337">
        <ele>832</ele>
        <time>2026-08-21T16:03:24+00:00</time>
      </trkpt>
      <trkpt lat="44.16613" lon="3.13367">
        <ele>831</ele>
        <time>2026-08-21T16:03:27+00:00</time>
      </trkpt>
      <trkpt lat="44.16616" lon="3.13367">
        <ele>831</ele>
        <time>2026-08-21T16:03:30+00:00</time>
      </trkpt>
      <trkpt lat="44.16625" lon="3.13376">
        <ele>833</ele>
        <time>2026-08-21T16:03:33+00:00</time>
      </trkpt>
      <trkpt lat="44.16628" lon="3.1338">
        <ele>833</ele>
        <time>2026-08-21T16:03:36+00:00</time>
      </trkpt>
      <trkpt lat="44.16629" lon="3.13384">
        <ele>833</ele>
        <time>2026-08-21T16:03:39+00:00</time>
      </trkpt>
      <trkpt lat="44.16631" lon="3.13386">
        <ele>834</ele>
        <time>2026-08-21T16:03:42+00:00</time>
      </trkpt>
      <trkpt lat="44.16633" lon="3.13387">
        <ele>834</ele>
        <time>2026-08-21T16:03:45+00:00</time>
      </trkpt>
      <trkpt lat="44.16636" lon="3.13385">
        <ele>834</ele>
        <time>2026-08-21T16:03:48+00:00</time>
      </trkpt>
      <trkpt lat="44.16639" lon="3.13383">
        <ele>834</ele>
        <time>2026-08-21T16:03:51+00:00</time>
      </trkpt>
      <trkpt lat="44.16652" lon="3.13384">
        <ele>828</ele>
        <time>2026-08-21T16:03:54+00:00</time>
      </trkpt>
      <trkpt lat="44.16653" lon="3.13387">
        <ele>828</ele>
        <time>2026-08-21T16:03:57+00:00</time>
      </trkpt>
      <trkpt lat="44.16659" lon="3.13393">
        <ele>835</ele>
        <time>2026-08-21T16:04:00+00:00</time>
      </trkpt>
      <trkpt lat="44.16661" lon="3.13395">
        <ele>818</ele>
        <time>2026-08-21T16:04:03+00:00</time>
      </trkpt>
      <trkpt lat="44.16665" lon="3.13395">
        <ele>818</ele>
        <time>2026-08-21T16:04:06+00:00</time>
      </trkpt>
      <trkpt lat="44.16668" lon="3.13398">
        <ele>818</ele>
        <time>2026-08-21T16:04:09+00:00</time>
      </trkpt>
      <trkpt lat="44.16669" lon="3.13403">
        <ele>835</ele>
        <time>2026-08-21T16:04:12+00:00</time>
      </trkpt>
      <trkpt lat="44.16669" lon="3.13407">
        <ele>835</ele>
        <time>2026-08-21T16:04:15+00:00</time>
      </trkpt>
      <trkpt lat="44.16669" lon="3.13409">
        <ele>835</ele>
        <time>2026-08-21T16:04:18+00:00</time>
      </trkpt>
      <trkpt lat="44.16672" lon="3.13408">
        <ele>812</ele>
        <time>2026-08-21T16:04:21+00:00</time>
      </trkpt>
      <trkpt lat="44.16676" lon="3.13409">
        <ele>812</ele>
        <time>2026-08-21T16:04:24+00:00</time>
      </trkpt>
      <trkpt lat="44.16678" lon="3.13411">
        <ele>832</ele>
        <time>2026-08-21T16:04:27+00:00</time>
      </trkpt>
      <trkpt lat="44.16683" lon="3.13417">
        <ele>827</ele>
        <time>2026-08-21T16:04:30+00:00</time>
      </trkpt>
      <trkpt lat="44.16688" lon="3.13425">
        <ele>837</ele>
        <time>2026-08-21T16:04:33+00:00</time>
      </trkpt>
      <trkpt lat="44.16692" lon="3.13431">
        <ele>836</ele>
        <time>2026-08-21T16:04:36+00:00</time>
      </trkpt>
      <trkpt lat="44.16695" lon="3.13432">
        <ele>836</ele>
        <time>2026-08-21T16:04:39+00:00</time>
      </trkpt>
      <trkpt lat="44.16699" lon="3.13438">
        <ele>822</ele>
        <time>2026-08-21T16:04:42+00:00</time>
      </trkpt>
      <trkpt lat="44.16709" lon="3.13442">
        <ele>837</ele>
        <time>2026-08-21T16:04:45+00:00</time>
      </trkpt>
      <trkpt lat="44.16711" lon="3.13446">
        <ele>798</ele>
        <time>2026-08-21T16:04:48+00:00</time>
      </trkpt>
      <trkpt lat="44.16714" lon="3.13454">
        <ele>828</ele>
        <time>2026-08-21T16:04:51+00:00</time>
      </trkpt>
      <trkpt lat="44.16717" lon="3.13457">
        <ele>818</ele>
        <time>2026-08-21T16:04:54+00:00</time>
      </trkpt>
      <trkpt lat="44.16718" lon="3.13461">
        <ele>835</ele>
        <time>2026-08-21T16:04:57+00:00</time>
      </trkpt>
      <trkpt lat="44.16719" lon="3.13466">
        <ele>835</ele>
        <time>2026-08-21T16:05:00+00:00</time>
      </trkpt>
      <trkpt lat="44.16723" lon="3.13474">
        <ele>835</ele>
        <time>2026-08-21T16:05:03+00:00</time>
      </trkpt>
      <trkpt lat="44.16725" lon="3.13479">
        <ele>831</ele>
        <time>2026-08-21T16:05:06+00:00</time>
      </trkpt>
      <trkpt lat="44.16731" lon="3.13485">
        <ele>835</ele>
        <time>2026-08-21T16:05:09+00:00</time>
      </trkpt>
      <trkpt lat="44.16736" lon="3.13496">
        <ele>835</ele>
        <time>2026-08-21T16:05:12+00:00</time>
      </trkpt>
      <trkpt lat="44.16737" lon="3.13506">
        <ele>832</ele>
        <time>2026-08-21T16:05:15+00:00</time>
      </trkpt>
      <trkpt lat="44.16738" lon="3.1351">
        <ele>834</ele>
        <time>2026-08-21T16:05:18+00:00</time>
      </trkpt>
      <trkpt lat="44.16743" lon="3.13521">
        <ele>833</ele>
        <time>2026-08-21T16:05:21+00:00</time>
      </trkpt>
      <trkpt lat="44.16746" lon="3.13527">
        <ele>833</ele>
        <time>2026-08-21T16:05:24+00:00</time>
      </trkpt>
      <trkpt lat="44.16747" lon="3.13526">
        <ele>831</ele>
        <time>2026-08-21T16:05:27+00:00</time>
      </trkpt>
      <trkpt lat="44.16749" lon="3.13524">
        <ele>833</ele>
        <time>2026-08-21T16:05:30+00:00</time>
      </trkpt>
      <trkpt lat="44.16755" lon="3.13528">
        <ele>833</ele>
        <time>2026-08-21T16:05:33+00:00</time>
      </trkpt>
      <trkpt lat="44.16757" lon="3.13526">
        <ele>833</ele>
        <time>2026-08-21T16:05:36+00:00</time>
      </trkpt>
      <trkpt lat="44.16761" lon="3.13526">
        <ele>831</ele>
        <time>2026-08-21T16:05:39+00:00</time>
      </trkpt>
      <trkpt lat="44.16764" lon="3.13524">
        <ele>831</ele>
        <time>2026-08-21T16:05:42+00:00</time>
      </trkpt>
      <trkpt lat="44.16768" lon="3.13524">
        <ele>831</ele>
        <time>2026-08-21T16:05:45+00:00</time>
      </trkpt>
      <trkpt lat="44.16772" lon="3.13524">
        <ele>829</ele>
        <time>2026-08-21T16:05:48+00:00</time>
      </trkpt>
      <trkpt lat="44.16779" lon="3.13526">
        <ele>829</ele>
        <time>2026-08-21T16:05:51+00:00</time>
      </trkpt>
      <trkpt lat="44.16783" lon="3.13528">
        <ele>827</ele>
        <time>2026-08-21T16:05:54+00:00</time>
      </trkpt>
      <trkpt lat="44.1679" lon="3.13532">
        <ele>830</ele>
        <time>2026-08-21T16:05:57+00:00</time>
      </trkpt>
      <trkpt lat="44.16798" lon="3.13537">
        <ele>827</ele>
        <time>2026-08-21T16:06:00+00:00</time>
      </trkpt>
      <trkpt lat="44.16801" lon="3.1354">
        <ele>830</ele>
        <time>2026-08-21T16:06:03+00:00</time>
      </trkpt>
      <trkpt lat="44.16806" lon="3.13549">
        <ele>830</ele>
        <time>2026-08-21T16:06:06+00:00</time>
      </trkpt>
      <trkpt lat="44.16814" lon="3.13573">
        <ele>830</ele>
        <time>2026-08-21T16:06:09+00:00</time>
      </trkpt>
      <trkpt lat="44.16815" lon="3.13577">
        <ele>830</ele>
        <time>2026-08-21T16:06:12+00:00</time>
      </trkpt>
      <trkpt lat="44.16814" lon="3.13582">
        <ele>829</ele>
        <time>2026-08-21T16:06:15+00:00</time>
      </trkpt>
      <trkpt lat="44.16813" lon="3.13586">
        <ele>829</ele>
        <time>2026-08-21T16:06:18+00:00</time>
      </trkpt>
      <trkpt lat="44.16812" lon="3.1359">
        <ele>829</ele>
        <time>2026-08-21T16:06:21+00:00</time>
      </trkpt>
      <trkpt lat="44.16813" lon="3.13594">
        <ele>829</ele>
        <time>2026-08-21T16:06:24+00:00</time>
      </trkpt>
      <trkpt lat="44.16814" lon="3.13599">
        <ele>829</ele>
        <time>2026-08-21T16:06:27+00:00</time>
      </trkpt>
      <trkpt lat="44.16815" lon="3.13601">
        <ele>829</ele>
        <time>2026-08-21T16:06:30+00:00</time>
      </trkpt>
      <trkpt lat="44.16821" lon="3.13604">
        <ele>829</ele>
        <time>2026-08-21T16:06:33+00:00</time>
      </trkpt>
      <trkpt lat="44.16825" lon="3.13603">
        <ele>829</ele>
        <time>2026-08-21T16:06:36+00:00</time>
      </trkpt>
      <trkpt lat="44.16829" lon="3.13602">
        <ele>829</ele>
        <time>2026-08-21T16:06:39+00:00</time>
      </trkpt>
      <trkpt lat="44.16836" lon="3.13601">
        <ele>829</ele>
        <time>2026-08-21T16:06:42+00:00</time>
      </trkpt>
      <trkpt lat="44.16839" lon="3.13604">
        <ele>829</ele>
        <time>2026-08-21T16:06:45+00:00</time>
      </trkpt>
      <trkpt lat="44.16842" lon="3.13607">
        <ele>828</ele>
        <time>2026-08-21T16:06:48+00:00</time>
      </trkpt>
      <trkpt lat="44.16844" lon="3.13611">
        <ele>827</ele>
        <time>2026-08-21T16:06:51+00:00</time>
      </trkpt>
      <trkpt lat="44.16848" lon="3.13619">
        <ele>827</ele>
        <time>2026-08-21T16:06:54+00:00</time>
      </trkpt>
      <trkpt lat="44.16851" lon="3.13628">
        <ele>824</ele>
        <time>2026-08-21T16:06:57+00:00</time>
      </trkpt>
      <trkpt lat="44.16853" lon="3.1363">
        <ele>827</ele>
        <time>2026-08-21T16:07:00+00:00</time>
      </trkpt>
      <trkpt lat="44.16857" lon="3.13632">
        <ele>827</ele>
        <time>2026-08-21T16:07:03+00:00</time>
      </trkpt>
      <trkpt lat="44.16859" lon="3.13635">
        <ele>827</ele>
        <time>2026-08-21T16:07:06+00:00</time>
      </trkpt>
      <trkpt lat="44.16863" lon="3.13649">
        <ele>826</ele>
        <time>2026-08-21T16:07:09+00:00</time>
      </trkpt>
      <trkpt lat="44.16865" lon="3.13651">
        <ele>826</ele>
        <time>2026-08-21T16:07:12+00:00</time>
      </trkpt>
      <trkpt lat="44.16867" lon="3.13653">
        <ele>826</ele>
        <time>2026-08-21T16:07:15+00:00</time>
      </trkpt>
      <trkpt lat="44.16877" lon="3.13649">
        <ele>821</ele>
        <time>2026-08-21T16:07:18+00:00</time>
      </trkpt>
      <trkpt lat="44.1688" lon="3.1365">
        <ele>821</ele>
        <time>2026-08-21T16:07:21+00:00</time>
      </trkpt>
      <trkpt lat="44.16887" lon="3.1365">
        <ele>825</ele>
        <time>2026-08-21T16:07:24+00:00</time>
      </trkpt>
      <trkpt lat="44.16893" lon="3.13653">
        <ele>825</ele>
        <time>2026-08-21T16:07:27+00:00</time>
      </trkpt>
      <trkpt lat="44.16899" lon="3.13658">
        <ele>825</ele>
        <time>2026-08-21T16:07:30+00:00</time>
      </trkpt>
      <trkpt lat="44.16902" lon="3.13658">
        <ele>824</ele>
        <time>2026-08-21T16:07:33+00:00</time>
      </trkpt>
      <trkpt lat="44.16906" lon="3.13658">
        <ele>824</ele>
        <time>2026-08-21T16:07:36+00:00</time>
      </trkpt>
      <trkpt lat="44.16914" lon="3.13664">
        <ele>823</ele>
        <time>2026-08-21T16:07:39+00:00</time>
      </trkpt>
      <trkpt lat="44.16914" lon="3.13669">
        <ele>823</ele>
        <time>2026-08-21T16:07:42+00:00</time>
      </trkpt>
      <trkpt lat="44.16917" lon="3.13672">
        <ele>823</ele>
        <time>2026-08-21T16:07:45+00:00</time>
      </trkpt>
      <trkpt lat="44.16919" lon="3.13678">
        <ele>823</ele>
        <time>2026-08-21T16:07:48+00:00</time>
      </trkpt>
      <trkpt lat="44.16919" lon="3.13683">
        <ele>823</ele>
        <time>2026-08-21T16:07:51+00:00</time>
      </trkpt>
      <trkpt lat="44.16917" lon="3.13688">
        <ele>823</ele>
        <time>2026-08-21T16:07:54+00:00</time>
      </trkpt>
      <trkpt lat="44.16917" lon="3.13692">
        <ele>823</ele>
        <time>2026-08-21T16:07:57+00:00</time>
      </trkpt>
      <trkpt lat="44.16918" lon="3.13696">
        <ele>823</ele>
        <time>2026-08-21T16:08:00+00:00</time>
      </trkpt>
      <trkpt lat="44.1692" lon="3.137">
        <ele>821</ele>
        <time>2026-08-21T16:08:03+00:00</time>
      </trkpt>
      <trkpt lat="44.16923" lon="3.13709">
        <ele>822</ele>
        <time>2026-08-21T16:08:06+00:00</time>
      </trkpt>
      <trkpt lat="44.16927" lon="3.13715">
        <ele>822</ele>
        <time>2026-08-21T16:08:09+00:00</time>
      </trkpt>
      <trkpt lat="44.1693" lon="3.13718">
        <ele>819</ele>
        <time>2026-08-21T16:08:12+00:00</time>
      </trkpt>
      <trkpt lat="44.16933" lon="3.13722">
        <ele>822</ele>
        <time>2026-08-21T16:08:15+00:00</time>
      </trkpt>
      <trkpt lat="44.16935" lon="3.13727">
        <ele>822</ele>
        <time>2026-08-21T16:08:18+00:00</time>
      </trkpt>
      <trkpt lat="44.16936" lon="3.13732">
        <ele>822</ele>
        <time>2026-08-21T16:08:21+00:00</time>
      </trkpt>
      <trkpt lat="44.16937" lon="3.13742">
        <ele>821</ele>
        <time>2026-08-21T16:08:24+00:00</time>
      </trkpt>
      <trkpt lat="44.16942" lon="3.13755">
        <ele>821</ele>
        <time>2026-08-21T16:08:27+00:00</time>
      </trkpt>
      <trkpt lat="44.16942" lon="3.1376">
        <ele>821</ele>
        <time>2026-08-21T16:08:30+00:00</time>
      </trkpt>
      <trkpt lat="44.16941" lon="3.13771">
        <ele>820</ele>
        <time>2026-08-21T16:08:33+00:00</time>
      </trkpt>
      <trkpt lat="44.16942" lon="3.13775">
        <ele>820</ele>
        <time>2026-08-21T16:08:36+00:00</time>
      </trkpt>
      <trkpt lat="44.16946" lon="3.13783">
        <ele>819</ele>
        <time>2026-08-21T16:08:39+00:00</time>
      </trkpt>
      <trkpt lat="44.16948" lon="3.13788">
        <ele>819</ele>
        <time>2026-08-21T16:08:42+00:00</time>
      </trkpt>
      <trkpt lat="44.16948" lon="3.13797">
        <ele>818</ele>
        <time>2026-08-21T16:08:45+00:00</time>
      </trkpt>
      <trkpt lat="44.16949" lon="3.138">
        <ele>817</ele>
        <time>2026-08-21T16:08:48+00:00</time>
      </trkpt>
      <trkpt lat="44.16954" lon="3.13804">
        <ele>818</ele>
        <time>2026-08-21T16:08:51+00:00</time>
      </trkpt>
      <trkpt lat="44.16959" lon="3.13807">
        <ele>818</ele>
        <time>2026-08-21T16:08:54+00:00</time>
      </trkpt>
      <trkpt lat="44.16967" lon="3.13809">
        <ele>818</ele>
        <time>2026-08-21T16:08:57+00:00</time>
      </trkpt>
      <trkpt lat="44.16969" lon="3.1381">
        <ele>817</ele>
        <time>2026-08-21T16:09:00+00:00</time>
      </trkpt>
      <trkpt lat="44.16974" lon="3.13817">
        <ele>816</ele>
        <time>2026-08-21T16:09:03+00:00</time>
      </trkpt>
      <trkpt lat="44.16977" lon="3.1382">
        <ele>816</ele>
        <time>2026-08-21T16:09:06+00:00</time>
      </trkpt>
      <trkpt lat="44.1698" lon="3.13821">
        <ele>814</ele>
        <time>2026-08-21T16:09:09+00:00</time>
      </trkpt>
      <trkpt lat="44.16984" lon="3.13821">
        <ele>814</ele>
        <time>2026-08-21T16:09:12+00:00</time>
      </trkpt>
      <trkpt lat="44.16987" lon="3.1382">
        <ele>814</ele>
        <time>2026-08-21T16:09:15+00:00</time>
      </trkpt>
      <trkpt lat="44.1699" lon="3.1382">
        <ele>812</ele>
        <time>2026-08-21T16:09:18+00:00</time>
      </trkpt>
      <trkpt lat="44.16994" lon="3.13822">
        <ele>812</ele>
        <time>2026-08-21T16:09:21+00:00</time>
      </trkpt>
      <trkpt lat="44.16995" lon="3.13819">
        <ele>810</ele>
        <time>2026-08-21T16:09:24+00:00</time>
      </trkpt>
      <trkpt lat="44.16995" lon="3.13816">
        <ele>810</ele>
        <time>2026-08-21T16:09:27+00:00</time>
      </trkpt>
      <trkpt lat="44.16994" lon="3.13813">
        <ele>810</ele>
        <time>2026-08-21T16:09:30+00:00</time>
      </trkpt>
      <trkpt lat="44.16993" lon="3.13803">
        <ele>807</ele>
        <time>2026-08-21T16:09:33+00:00</time>
      </trkpt>
      <trkpt lat="44.16995" lon="3.13797">
        <ele>805</ele>
        <time>2026-08-21T16:09:36+00:00</time>
      </trkpt>
      <trkpt lat="44.16995" lon="3.13794">
        <ele>805</ele>
        <time>2026-08-21T16:09:39+00:00</time>
      </trkpt>
      <trkpt lat="44.16991" lon="3.13789">
        <ele>802</ele>
        <time>2026-08-21T16:09:42+00:00</time>
      </trkpt>
      <trkpt lat="44.1699" lon="3.13785">
        <ele>802</ele>
        <time>2026-08-21T16:09:45+00:00</time>
      </trkpt>
      <trkpt lat="44.16992" lon="3.13785">
        <ele>802</ele>
        <time>2026-08-21T16:09:48+00:00</time>
      </trkpt>
      <trkpt lat="44.16995" lon="3.13787">
        <ele>802</ele>
        <time>2026-08-21T16:09:51+00:00</time>
      </trkpt>
      <trkpt lat="44.16998" lon="3.13788">
        <ele>802</ele>
        <time>2026-08-21T16:09:54+00:00</time>
      </trkpt>
      <trkpt lat="44.17007" lon="3.13794">
        <ele>800</ele>
        <time>2026-08-21T16:09:57+00:00</time>
      </trkpt>
      <trkpt lat="44.17013" lon="3.13797">
        <ele>794</ele>
        <time>2026-08-21T16:10:00+00:00</time>
      </trkpt>
      <trkpt lat="44.17018" lon="3.13801">
        <ele>797</ele>
        <time>2026-08-21T16:10:03+00:00</time>
      </trkpt>
      <trkpt lat="44.1702" lon="3.13802">
        <ele>787</ele>
        <time>2026-08-21T16:10:06+00:00</time>
      </trkpt>
      <trkpt lat="44.17023" lon="3.13806">
        <ele>787</ele>
        <time>2026-08-21T16:10:09+00:00</time>
      </trkpt>
      <trkpt lat="44.17029" lon="3.13809">
        <ele>787</ele>
        <time>2026-08-21T16:10:12+00:00</time>
      </trkpt>
      <trkpt lat="44.17034" lon="3.13815">
        <ele>784</ele>
        <time>2026-08-21T16:10:15+00:00</time>
      </trkpt>
      <trkpt lat="44.17039" lon="3.13818">
        <ele>784</ele>
        <time>2026-08-21T16:10:18+00:00</time>
      </trkpt>
      <trkpt lat="44.17045" lon="3.13828">
        <ele>780</ele>
        <time>2026-08-21T16:10:21+00:00</time>
      </trkpt>
      <trkpt lat="44.17047" lon="3.13831">
        <ele>781</ele>
        <time>2026-08-21T16:10:24+00:00</time>
      </trkpt>
      <trkpt lat="44.17049" lon="3.13832">
        <ele>781</ele>
        <time>2026-08-21T16:10:27+00:00</time>
      </trkpt>
      <trkpt lat="44.17053" lon="3.13833">
        <ele>777</ele>
        <time>2026-08-21T16:10:30+00:00</time>
      </trkpt>
      <trkpt lat="44.1706" lon="3.13827">
        <ele>771</ele>
        <time>2026-08-21T16:10:33+00:00</time>
      </trkpt>
      <trkpt lat="44.17062" lon="3.13826">
        <ele>771</ele>
        <time>2026-08-21T16:10:36+00:00</time>
      </trkpt>
      <trkpt lat="44.17064" lon="3.13826">
        <ele>771</ele>
        <time>2026-08-21T16:10:39+00:00</time>
      </trkpt>
      <trkpt lat="44.17071" lon="3.13829">
        <ele>768</ele>
        <time>2026-08-21T16:10:42+00:00</time>
      </trkpt>
      <trkpt lat="44.17078" lon="3.13828">
        <ele>768</ele>
        <time>2026-08-21T16:10:45+00:00</time>
      </trkpt>
      <trkpt lat="44.17083" lon="3.13829">
        <ele>760</ele>
        <time>2026-08-21T16:10:48+00:00</time>
      </trkpt>
      <trkpt lat="44.17089" lon="3.13832">
        <ele>762</ele>
        <time>2026-08-21T16:10:51+00:00</time>
      </trkpt>
      <trkpt lat="44.17103" lon="3.13834">
        <ele>755</ele>
        <time>2026-08-21T16:10:54+00:00</time>
      </trkpt>
      <trkpt lat="44.17106" lon="3.13836">
        <ele>755</ele>
        <time>2026-08-21T16:10:57+00:00</time>
      </trkpt>
      <trkpt lat="44.17109" lon="3.13836">
        <ele>755</ele>
        <time>2026-08-21T16:11:00+00:00</time>
      </trkpt>
      <trkpt lat="44.1711" lon="3.13833">
        <ele>755</ele>
        <time>2026-08-21T16:11:03+00:00</time>
      </trkpt>
      <trkpt lat="44.17109" lon="3.13829">
        <ele>752</ele>
        <time>2026-08-21T16:11:06+00:00</time>
      </trkpt>
      <trkpt lat="44.17108" lon="3.13824">
        <ele>752</ele>
        <time>2026-08-21T16:11:09+00:00</time>
      </trkpt>
      <trkpt lat="44.1711" lon="3.13817">
        <ele>749</ele>
        <time>2026-08-21T16:11:12+00:00</time>
      </trkpt>
      <trkpt lat="44.17112" lon="3.13816">
        <ele>745</ele>
        <time>2026-08-21T16:11:15+00:00</time>
      </trkpt>
      <trkpt lat="44.17117" lon="3.13815">
        <ele>745</ele>
        <time>2026-08-21T16:11:18+00:00</time>
      </trkpt>
      <trkpt lat="44.17124" lon="3.13814">
        <ele>741</ele>
        <time>2026-08-21T16:11:21+00:00</time>
      </trkpt>
      <trkpt lat="44.17128" lon="3.13815">
        <ele>741</ele>
        <time>2026-08-21T16:11:24+00:00</time>
      </trkpt>
      <trkpt lat="44.17129" lon="3.13818">
        <ele>741</ele>
        <time>2026-08-21T16:11:27+00:00</time>
      </trkpt>
      <trkpt lat="44.17131" lon="3.13818">
        <ele>738</ele>
        <time>2026-08-21T16:11:30+00:00</time>
      </trkpt>
      <trkpt lat="44.17136" lon="3.13818">
        <ele>738</ele>
        <time>2026-08-21T16:11:33+00:00</time>
      </trkpt>
      <trkpt lat="44.17141" lon="3.13819">
        <ele>731</ele>
        <time>2026-08-21T16:11:36+00:00</time>
      </trkpt>
      <trkpt lat="44.17143" lon="3.13818">
        <ele>731</ele>
        <time>2026-08-21T16:11:39+00:00</time>
      </trkpt>
      <trkpt lat="44.1715" lon="3.13817">
        <ele>731</ele>
        <time>2026-08-21T16:11:42+00:00</time>
      </trkpt>
      <trkpt lat="44.17155" lon="3.13816">
        <ele>729</ele>
        <time>2026-08-21T16:11:45+00:00</time>
      </trkpt>
      <trkpt lat="44.1716" lon="3.13816">
        <ele>729</ele>
        <time>2026-08-21T16:11:48+00:00</time>
      </trkpt>
      <trkpt lat="44.17163" lon="3.13817">
        <ele>726</ele>
        <time>2026-08-21T16:11:51+00:00</time>
      </trkpt>
      <trkpt lat="44.17172" lon="3.13813">
        <ele>722</ele>
        <time>2026-08-21T16:11:54+00:00</time>
      </trkpt>
      <trkpt lat="44.17174" lon="3.13808">
        <ele>720</ele>
        <time>2026-08-21T16:11:57+00:00</time>
      </trkpt>
      <trkpt lat="44.17173" lon="3.13801">
        <ele>720</ele>
        <time>2026-08-21T16:12:00+00:00</time>
      </trkpt>
      <trkpt lat="44.17172" lon="3.13801">
        <ele>720</ele>
        <time>2026-08-21T16:12:03+00:00</time>
      </trkpt>
      <trkpt lat="44.17168" lon="3.13795">
        <ele>718</ele>
        <time>2026-08-21T16:12:06+00:00</time>
      </trkpt>
      <trkpt lat="44.17166" lon="3.13787">
        <ele>714</ele>
        <time>2026-08-21T16:12:09+00:00</time>
      </trkpt>
      <trkpt lat="44.1716" lon="3.13775">
        <ele>710</ele>
        <time>2026-08-21T16:12:12+00:00</time>
      </trkpt>
      <trkpt lat="44.17158" lon="3.13772">
        <ele>710</ele>
        <time>2026-08-21T16:12:15+00:00</time>
      </trkpt>
      <trkpt lat="44.17158" lon="3.13769">
        <ele>707</ele>
        <time>2026-08-21T16:12:18+00:00</time>
      </trkpt>
      <trkpt lat="44.17154" lon="3.13761">
        <ele>707</ele>
        <time>2026-08-21T16:12:21+00:00</time>
      </trkpt>
      <trkpt lat="44.17149" lon="3.1375">
        <ele>704</ele>
        <time>2026-08-21T16:12:24+00:00</time>
      </trkpt>
      <trkpt lat="44.1714" lon="3.13735">
        <ele>706</ele>
        <time>2026-08-21T16:12:27+00:00</time>
      </trkpt>
      <trkpt lat="44.17137" lon="3.13728">
        <ele>702</ele>
        <time>2026-08-21T16:12:30+00:00</time>
      </trkpt>
      <trkpt lat="44.17129" lon="3.13714">
        <ele>700</ele>
        <time>2026-08-21T16:12:33+00:00</time>
      </trkpt>
      <trkpt lat="44.17125" lon="3.13702">
        <ele>696</ele>
        <time>2026-08-21T16:12:36+00:00</time>
      </trkpt>
      <trkpt lat="44.17121" lon="3.13694">
        <ele>693</ele>
        <time>2026-08-21T16:12:39+00:00</time>
      </trkpt>
      <trkpt lat="44.17116" lon="3.13675">
        <ele>692</ele>
        <time>2026-08-21T16:12:42+00:00</time>
      </trkpt>
      <trkpt lat="44.17103" lon="3.13648">
        <ele>686</ele>
        <time>2026-08-21T16:12:45+00:00</time>
      </trkpt>
      <trkpt lat="44.17099" lon="3.13639">
        <ele>688</ele>
        <time>2026-08-21T16:12:48+00:00</time>
      </trkpt>
      <trkpt lat="44.17099" lon="3.13635">
        <ele>688</ele>
        <time>2026-08-21T16:12:51+00:00</time>
      </trkpt>
      <trkpt lat="44.171" lon="3.1363">
        <ele>688</ele>
        <time>2026-08-21T16:12:54+00:00</time>
      </trkpt>
      <trkpt lat="44.17102" lon="3.13628">
        <ele>681</ele>
        <time>2026-08-21T16:12:57+00:00</time>
      </trkpt>
      <trkpt lat="44.17112" lon="3.13634">
        <ele>679</ele>
        <time>2026-08-21T16:13:00+00:00</time>
      </trkpt>
      <trkpt lat="44.17116" lon="3.13637">
        <ele>679</ele>
        <time>2026-08-21T16:13:03+00:00</time>
      </trkpt>
      <trkpt lat="44.17128" lon="3.13645">
        <ele>676</ele>
        <time>2026-08-21T16:13:06+00:00</time>
      </trkpt>
      <trkpt lat="44.1714" lon="3.13649">
        <ele>661</ele>
        <time>2026-08-21T16:13:09+00:00</time>
      </trkpt>
      <trkpt lat="44.17144" lon="3.13651">
        <ele>664</ele>
        <time>2026-08-21T16:13:12+00:00</time>
      </trkpt>
      <trkpt lat="44.17148" lon="3.13654">
        <ele>664</ele>
        <time>2026-08-21T16:13:15+00:00</time>
      </trkpt>
      <trkpt lat="44.17151" lon="3.13657">
        <ele>660</ele>
        <time>2026-08-21T16:13:18+00:00</time>
      </trkpt>
      <trkpt lat="44.17161" lon="3.13664">
        <ele>660</ele>
        <time>2026-08-21T16:13:21+00:00</time>
      </trkpt>
      <trkpt lat="44.17163" lon="3.13666">
        <ele>660</ele>
        <time>2026-08-21T16:13:24+00:00</time>
      </trkpt>
      <trkpt lat="44.17165" lon="3.13667">
        <ele>660</ele>
        <time>2026-08-21T16:13:27+00:00</time>
      </trkpt>
      <trkpt lat="44.17168" lon="3.13668">
        <ele>660</ele>
        <time>2026-08-21T16:13:30+00:00</time>
      </trkpt>
      <trkpt lat="44.1717" lon="3.13667">
        <ele>656</ele>
        <time>2026-08-21T16:13:33+00:00</time>
      </trkpt>
      <trkpt lat="44.17173" lon="3.13668">
        <ele>656</ele>
        <time>2026-08-21T16:13:36+00:00</time>
      </trkpt>
      <trkpt lat="44.17178" lon="3.13667">
        <ele>656</ele>
        <time>2026-08-21T16:13:39+00:00</time>
      </trkpt>
      <trkpt lat="44.17191" lon="3.13671">
        <ele>652</ele>
        <time>2026-08-21T16:13:42+00:00</time>
      </trkpt>
      <trkpt lat="44.17194" lon="3.1367">
        <ele>652</ele>
        <time>2026-08-21T16:13:45+00:00</time>
      </trkpt>
      <trkpt lat="44.17201" lon="3.13672">
        <ele>645</ele>
        <time>2026-08-21T16:13:48+00:00</time>
      </trkpt>
      <trkpt lat="44.17207" lon="3.13672">
        <ele>645</ele>
        <time>2026-08-21T16:13:51+00:00</time>
      </trkpt>
      <trkpt lat="44.17214" lon="3.13674">
        <ele>642</ele>
        <time>2026-08-21T16:13:54+00:00</time>
      </trkpt>
      <trkpt lat="44.17221" lon="3.13676">
        <ele>639</ele>
        <time>2026-08-21T16:13:57+00:00</time>
      </trkpt>
      <trkpt lat="44.17234" lon="3.13676">
        <ele>637</ele>
        <time>2026-08-21T16:14:00+00:00</time>
      </trkpt>
      <trkpt lat="44.17245" lon="3.13676">
        <ele>635</ele>
        <time>2026-08-21T16:14:03+00:00</time>
      </trkpt>
      <trkpt lat="44.17253" lon="3.13679">
        <ele>632</ele>
        <time>2026-08-21T16:14:06+00:00</time>
      </trkpt>
      <trkpt lat="44.17257" lon="3.13682">
        <ele>636</ele>
        <time>2026-08-21T16:14:09+00:00</time>
      </trkpt>
      <trkpt lat="44.17269" lon="3.13693">
        <ele>633</ele>
        <time>2026-08-21T16:14:12+00:00</time>
      </trkpt>
      <trkpt lat="44.1727" lon="3.1369">
        <ele>633</ele>
        <time>2026-08-21T16:14:15+00:00</time>
      </trkpt>
      <trkpt lat="44.17268" lon="3.13683">
        <ele>630</ele>
        <time>2026-08-21T16:14:18+00:00</time>
      </trkpt>
      <trkpt lat="44.17264" lon="3.13675">
        <ele>627</ele>
        <time>2026-08-21T16:14:21+00:00</time>
      </trkpt>
      <trkpt lat="44.17256" lon="3.13664">
        <ele>628</ele>
        <time>2026-08-21T16:14:24+00:00</time>
      </trkpt>
      <trkpt lat="44.17248" lon="3.13656">
        <ele>623</ele>
        <time>2026-08-21T16:14:27+00:00</time>
      </trkpt>
      <trkpt lat="44.17243" lon="3.13649">
        <ele>620</ele>
        <time>2026-08-21T16:14:30+00:00</time>
      </trkpt>
      <trkpt lat="44.17238" lon="3.13645">
        <ele>621</ele>
        <time>2026-08-21T16:14:33+00:00</time>
      </trkpt>
      <trkpt lat="44.17237" lon="3.13642">
        <ele>621</ele>
        <time>2026-08-21T16:14:36+00:00</time>
      </trkpt>
      <trkpt lat="44.17239" lon="3.13637">
        <ele>617</ele>
        <time>2026-08-21T16:14:39+00:00</time>
      </trkpt>
      <trkpt lat="44.1724" lon="3.13635">
        <ele>616</ele>
        <time>2026-08-21T16:14:42+00:00</time>
      </trkpt>
      <trkpt lat="44.17245" lon="3.13634">
        <ele>616</ele>
        <time>2026-08-21T16:14:45+00:00</time>
      </trkpt>
      <trkpt lat="44.17255" lon="3.1363">
        <ele>609</ele>
        <time>2026-08-21T16:14:48+00:00</time>
      </trkpt>
      <trkpt lat="44.17262" lon="3.13629">
        <ele>607</ele>
        <time>2026-08-21T16:14:51+00:00</time>
      </trkpt>
      <trkpt lat="44.17271" lon="3.13627">
        <ele>605</ele>
        <time>2026-08-21T16:14:54+00:00</time>
      </trkpt>
      <trkpt lat="44.17276" lon="3.13627">
        <ele>605</ele>
        <time>2026-08-21T16:14:57+00:00</time>
      </trkpt>
      <trkpt lat="44.17287" lon="3.13624">
        <ele>603</ele>
        <time>2026-08-21T16:15:00+00:00</time>
      </trkpt>
      <trkpt lat="44.17295" lon="3.13624">
        <ele>602</ele>
        <time>2026-08-21T16:15:03+00:00</time>
      </trkpt>
      <trkpt lat="44.17301" lon="3.13622">
        <ele>600</ele>
        <time>2026-08-21T16:15:06+00:00</time>
      </trkpt>
      <trkpt lat="44.17307" lon="3.13621">
        <ele>600</ele>
        <time>2026-08-21T16:15:09+00:00</time>
      </trkpt>
      <trkpt lat="44.1731" lon="3.13623">
        <ele>600</ele>
        <time>2026-08-21T16:15:12+00:00</time>
      </trkpt>
      <trkpt lat="44.17313" lon="3.13623">
        <ele>598</ele>
        <time>2026-08-21T16:15:15+00:00</time>
      </trkpt>
      <trkpt lat="44.17325" lon="3.13619">
        <ele>592</ele>
        <time>2026-08-21T16:15:18+00:00</time>
      </trkpt>
      <trkpt lat="44.1733" lon="3.13619">
        <ele>590</ele>
        <time>2026-08-21T16:15:21+00:00</time>
      </trkpt>
      <trkpt lat="44.17337" lon="3.13617">
        <ele>590</ele>
        <time>2026-08-21T16:15:24+00:00</time>
      </trkpt>
      <trkpt lat="44.1734" lon="3.13617">
        <ele>588</ele>
        <time>2026-08-21T16:15:27+00:00</time>
      </trkpt>
      <trkpt lat="44.17346" lon="3.13619">
        <ele>588</ele>
        <time>2026-08-21T16:15:30+00:00</time>
      </trkpt>
      <trkpt lat="44.17354" lon="3.13626">
        <ele>586</ele>
        <time>2026-08-21T16:15:33+00:00</time>
      </trkpt>
      <trkpt lat="44.17357" lon="3.13625">
        <ele>586</ele>
        <time>2026-08-21T16:15:36+00:00</time>
      </trkpt>
      <trkpt lat="44.17362" lon="3.1362">
        <ele>582</ele>
        <time>2026-08-21T16:15:39+00:00</time>
      </trkpt>
      <trkpt lat="44.17367" lon="3.13615">
        <ele>582</ele>
        <time>2026-08-21T16:15:42+00:00</time>
      </trkpt>
      <trkpt lat="44.17371" lon="3.13608">
        <ele>578</ele>
        <time>2026-08-21T16:15:45+00:00</time>
      </trkpt>
      <trkpt lat="44.17374" lon="3.13601">
        <ele>578</ele>
        <time>2026-08-21T16:15:48+00:00</time>
      </trkpt>
      <trkpt lat="44.17376" lon="3.13592">
        <ele>577</ele>
        <time>2026-08-21T16:15:51+00:00</time>
      </trkpt>
      <trkpt lat="44.17376" lon="3.13587">
        <ele>575</ele>
        <time>2026-08-21T16:15:54+00:00</time>
      </trkpt>
      <trkpt lat="44.17375" lon="3.13581">
        <ele>575</ele>
        <time>2026-08-21T16:15:57+00:00</time>
      </trkpt>
      <trkpt lat="44.17371" lon="3.13567">
        <ele>570</ele>
        <time>2026-08-21T16:16:00+00:00</time>
      </trkpt>
      <trkpt lat="44.17367" lon="3.13561">
        <ele>572</ele>
        <time>2026-08-21T16:16:03+00:00</time>
      </trkpt>
      <trkpt lat="44.17366" lon="3.13557">
        <ele>569</ele>
        <time>2026-08-21T16:16:06+00:00</time>
      </trkpt>
      <trkpt lat="44.17366" lon="3.13553">
        <ele>569</ele>
        <time>2026-08-21T16:16:09+00:00</time>
      </trkpt>
      <trkpt lat="44.17369" lon="3.13546">
        <ele>565</ele>
        <time>2026-08-21T16:16:12+00:00</time>
      </trkpt>
      <trkpt lat="44.17371" lon="3.13544">
        <ele>564</ele>
        <time>2026-08-21T16:16:15+00:00</time>
      </trkpt>
      <trkpt lat="44.17377" lon="3.13543">
        <ele>564</ele>
        <time>2026-08-21T16:16:18+00:00</time>
      </trkpt>
      <trkpt lat="44.17381" lon="3.13544">
        <ele>561</ele>
        <time>2026-08-21T16:16:21+00:00</time>
      </trkpt>
      <trkpt lat="44.17397" lon="3.1355">
        <ele>558</ele>
        <time>2026-08-21T16:16:24+00:00</time>
      </trkpt>
      <trkpt lat="44.17405" lon="3.13555">
        <ele>557</ele>
        <time>2026-08-21T16:16:27+00:00</time>
      </trkpt>
      <trkpt lat="44.1741" lon="3.1356">
        <ele>555</ele>
        <time>2026-08-21T16:16:30+00:00</time>
      </trkpt>
      <trkpt lat="44.17412" lon="3.1356">
        <ele>555</ele>
        <time>2026-08-21T16:16:33+00:00</time>
      </trkpt>
      <trkpt lat="44.17414" lon="3.13559">
        <ele>554</ele>
        <time>2026-08-21T16:16:36+00:00</time>
      </trkpt>
      <trkpt lat="44.17417" lon="3.13554">
        <ele>554</ele>
        <time>2026-08-21T16:16:39+00:00</time>
      </trkpt>
      <trkpt lat="44.17421" lon="3.13549">
        <ele>549</ele>
        <time>2026-08-21T16:16:42+00:00</time>
      </trkpt>
      <trkpt lat="44.17423" lon="3.13545">
        <ele>549</ele>
        <time>2026-08-21T16:16:45+00:00</time>
      </trkpt>
      <trkpt lat="44.17424" lon="3.13542">
        <ele>549</ele>
        <time>2026-08-21T16:16:48+00:00</time>
      </trkpt>
      <trkpt lat="44.17424" lon="3.13529">
        <ele>544</ele>
        <time>2026-08-21T16:16:51+00:00</time>
      </trkpt>
      <trkpt lat="44.17425" lon="3.13525">
        <ele>544</ele>
        <time>2026-08-21T16:16:54+00:00</time>
      </trkpt>
      <trkpt lat="44.17425" lon="3.13521">
        <ele>544</ele>
        <time>2026-08-21T16:16:57+00:00</time>
      </trkpt>
      <trkpt lat="44.17427" lon="3.13518">
        <ele>542</ele>
        <time>2026-08-21T16:17:00+00:00</time>
      </trkpt>
      <trkpt lat="44.17432" lon="3.13516">
        <ele>540</ele>
        <time>2026-08-21T16:17:03+00:00</time>
      </trkpt>
      <trkpt lat="44.17446" lon="3.13507">
        <ele>533</ele>
        <time>2026-08-21T16:17:06+00:00</time>
      </trkpt>
      <trkpt lat="44.17451" lon="3.13506">
        <ele>530</ele>
        <time>2026-08-21T16:17:09+00:00</time>
      </trkpt>
      <trkpt lat="44.17457" lon="3.13503">
        <ele>530</ele>
        <time>2026-08-21T16:17:12+00:00</time>
      </trkpt>
      <trkpt lat="44.17461" lon="3.13503">
        <ele>528</ele>
        <time>2026-08-21T16:17:15+00:00</time>
      </trkpt>
      <trkpt lat="44.17466" lon="3.13501">
        <ele>528</ele>
        <time>2026-08-21T16:17:18+00:00</time>
      </trkpt>
      <trkpt lat="44.17471" lon="3.13499">
        <ele>524</ele>
        <time>2026-08-21T16:17:21+00:00</time>
      </trkpt>
      <trkpt lat="44.17478" lon="3.13494">
        <ele>524</ele>
        <time>2026-08-21T16:17:24+00:00</time>
      </trkpt>
      <trkpt lat="44.17483" lon="3.13485">
        <ele>520</ele>
        <time>2026-08-21T16:17:27+00:00</time>
      </trkpt>
      <trkpt lat="44.17487" lon="3.13479">
        <ele>517</ele>
        <time>2026-08-21T16:17:30+00:00</time>
      </trkpt>
      <trkpt lat="44.17491" lon="3.13474">
        <ele>516</ele>
        <time>2026-08-21T16:17:33+00:00</time>
      </trkpt>
      <trkpt lat="44.17494" lon="3.13468">
        <ele>514</ele>
        <time>2026-08-21T16:17:36+00:00</time>
      </trkpt>
      <trkpt lat="44.17502" lon="3.13458">
        <ele>509</ele>
        <time>2026-08-21T16:17:39+00:00</time>
      </trkpt>
      <trkpt lat="44.17506" lon="3.13453">
        <ele>509</ele>
        <time>2026-08-21T16:17:42+00:00</time>
      </trkpt>
      <trkpt lat="44.17508" lon="3.13451">
        <ele>509</ele>
        <time>2026-08-21T16:17:45+00:00</time>
      </trkpt>
      <trkpt lat="44.17516" lon="3.13434">
        <ele>504</ele>
        <time>2026-08-21T16:17:48+00:00</time>
      </trkpt>
      <trkpt lat="44.17521" lon="3.1343">
        <ele>501</ele>
        <time>2026-08-21T16:17:51+00:00</time>
      </trkpt>
      <trkpt lat="44.17523" lon="3.13426">
        <ele>501</ele>
        <time>2026-08-21T16:17:54+00:00</time>
      </trkpt>
      <trkpt lat="44.17525" lon="3.13419">
        <ele>498</ele>
        <time>2026-08-21T16:17:57+00:00</time>
      </trkpt>
      <trkpt lat="44.17527" lon="3.13416">
        <ele>498</ele>
        <time>2026-08-21T16:18:00+00:00</time>
      </trkpt>
      <trkpt lat="44.17534" lon="3.13398">
        <ele>494</ele>
        <time>2026-08-21T16:18:03+00:00</time>
      </trkpt>
      <trkpt lat="44.17536" lon="3.13396">
        <ele>494</ele>
        <time>2026-08-21T16:18:06+00:00</time>
      </trkpt>
      <trkpt lat="44.17544" lon="3.13389">
        <ele>491</ele>
        <time>2026-08-21T16:18:09+00:00</time>
      </trkpt>
      <trkpt lat="44.17551" lon="3.1338">
        <ele>489</ele>
        <time>2026-08-21T16:18:12+00:00</time>
      </trkpt>
      <trkpt lat="44.17558" lon="3.13374">
        <ele>489</ele>
        <time>2026-08-21T16:18:15+00:00</time>
      </trkpt>
      <trkpt lat="44.17564" lon="3.13369">
        <ele>485</ele>
        <time>2026-08-21T16:18:18+00:00</time>
      </trkpt>
      <trkpt lat="44.17572" lon="3.13361">
        <ele>484</ele>
        <time>2026-08-21T16:18:21+00:00</time>
      </trkpt>
      <trkpt lat="44.17591" lon="3.13347">
        <ele>479</ele>
        <time>2026-08-21T16:18:24+00:00</time>
      </trkpt>
      <trkpt lat="44.17597" lon="3.13342">
        <ele>479</ele>
        <time>2026-08-21T16:18:27+00:00</time>
      </trkpt>
      <trkpt lat="44.17623" lon="3.13325">
        <ele>470</ele>
        <time>2026-08-21T16:18:30+00:00</time>
      </trkpt>
      <trkpt lat="44.17633" lon="3.13322">
        <ele>468</ele>
        <time>2026-08-21T16:18:33+00:00</time>
      </trkpt>
      <trkpt lat="44.17637" lon="3.1332">
        <ele>468</ele>
        <time>2026-08-21T16:18:36+00:00</time>
      </trkpt>
      <trkpt lat="44.17644" lon="3.13311">
        <ele>466</ele>
        <time>2026-08-21T16:18:39+00:00</time>
      </trkpt>
      <trkpt lat="44.17646" lon="3.13307">
        <ele>465</ele>
        <time>2026-08-21T16:18:42+00:00</time>
      </trkpt>
      <trkpt lat="44.17646" lon="3.13299">
        <ele>463</ele>
        <time>2026-08-21T16:18:45+00:00</time>
      </trkpt>
      <trkpt lat="44.17637" lon="3.13283">
        <ele>463</ele>
        <time>2026-08-21T16:18:48+00:00</time>
      </trkpt>
      <trkpt lat="44.17631" lon="3.13275">
        <ele>461</ele>
        <time>2026-08-21T16:18:51+00:00</time>
      </trkpt>
      <trkpt lat="44.17628" lon="3.13271">
        <ele>462</ele>
        <time>2026-08-21T16:18:54+00:00</time>
      </trkpt>
      <trkpt lat="44.17601" lon="3.13254">
        <ele>458</ele>
        <time>2026-08-21T16:18:57+00:00</time>
      </trkpt>
      <trkpt lat="44.1759" lon="3.13245">
        <ele>456</ele>
        <time>2026-08-21T16:19:00+00:00</time>
      </trkpt>
      <trkpt lat="44.17584" lon="3.13238">
        <ele>451</ele>
        <time>2026-08-21T16:19:03+00:00</time>
      </trkpt>
      <trkpt lat="44.17579" lon="3.13229">
        <ele>449</ele>
        <time>2026-08-21T16:19:06+00:00</time>
      </trkpt>
      <trkpt lat="44.17569" lon="3.13216">
        <ele>447</ele>
        <time>2026-08-21T16:19:09+00:00</time>
      </trkpt>
      <trkpt lat="44.17559" lon="3.13206">
        <ele>446</ele>
        <time>2026-08-21T16:19:12+00:00</time>
      </trkpt>
      <trkpt lat="44.17552" lon="3.132">
        <ele>446</ele>
        <time>2026-08-21T16:19:15+00:00</time>
      </trkpt>
      <trkpt lat="44.17549" lon="3.13199">
        <ele>444</ele>
        <time>2026-08-21T16:19:18+00:00</time>
      </trkpt>
      <trkpt lat="44.17546" lon="3.13196">
        <ele>444</ele>
        <time>2026-08-21T16:19:21+00:00</time>
      </trkpt>
      <trkpt lat="44.17548" lon="3.13187">
        <ele>442</ele>
        <time>2026-08-21T16:19:24+00:00</time>
      </trkpt>
      <trkpt lat="44.17562" lon="3.13188">
        <ele>443</ele>
        <time>2026-08-21T16:19:27+00:00</time>
      </trkpt>
      <trkpt lat="44.1759" lon="3.13196">
        <ele>442</ele>
        <time>2026-08-21T16:19:30+00:00</time>
      </trkpt>
      <trkpt lat="44.17613" lon="3.13201">
        <ele>441</ele>
        <time>2026-08-21T16:19:33+00:00</time>
      </trkpt>
      <trkpt lat="44.17617" lon="3.13202">
        <ele>441</ele>
        <time>2026-08-21T16:19:36+00:00</time>
      </trkpt>
      <trkpt lat="44.17625" lon="3.13203">
        <ele>440</ele>
        <time>2026-08-21T16:19:39+00:00</time>
      </trkpt>
      <trkpt lat="44.17632" lon="3.13202">
        <ele>440</ele>
        <time>2026-08-21T16:19:42+00:00</time>
      </trkpt>
      <trkpt lat="44.17636" lon="3.132">
        <ele>440</ele>
        <time>2026-08-21T16:19:45+00:00</time>
      </trkpt>
      <trkpt lat="44.17639" lon="3.13198">
        <ele>437</ele>
        <time>2026-08-21T16:19:48+00:00</time>
      </trkpt>
      <trkpt lat="44.17647" lon="3.13193">
        <ele>438</ele>
        <time>2026-08-21T16:19:51+00:00</time>
      </trkpt>
      <trkpt lat="44.17655" lon="3.13191">
        <ele>438</ele>
        <time>2026-08-21T16:19:54+00:00</time>
      </trkpt>
      <trkpt lat="44.17659" lon="3.13189">
        <ele>435</ele>
        <time>2026-08-21T16:19:57+00:00</time>
      </trkpt>
      <trkpt lat="44.17684" lon="3.13185">
        <ele>436</ele>
        <time>2026-08-21T16:20:00+00:00</time>
      </trkpt>
      <trkpt lat="44.17691" lon="3.13181">
        <ele>436</ele>
        <time>2026-08-21T16:20:03+00:00</time>
      </trkpt>
      <trkpt lat="44.17698" lon="3.1318">
        <ele>431</ele>
        <time>2026-08-21T16:20:06+00:00</time>
      </trkpt>
      <trkpt lat="44.1771" lon="3.13177">
        <ele>435</ele>
        <time>2026-08-21T16:20:09+00:00</time>
      </trkpt>
      <trkpt lat="44.17719" lon="3.13177">
        <ele>429</ele>
        <time>2026-08-21T16:20:12+00:00</time>
      </trkpt>
      <trkpt lat="44.17727" lon="3.13179">
        <ele>429</ele>
        <time>2026-08-21T16:20:15+00:00</time>
      </trkpt>
      <trkpt lat="44.17739" lon="3.13187">
        <ele>434</ele>
        <time>2026-08-21T16:20:18+00:00</time>
      </trkpt>
      <trkpt lat="44.17748" lon="3.13196">
        <ele>434</ele>
        <time>2026-08-21T16:20:21+00:00</time>
      </trkpt>
      <trkpt lat="44.17751" lon="3.132">
        <ele>430</ele>
        <time>2026-08-21T16:20:24+00:00</time>
      </trkpt>
      <trkpt lat="44.17753" lon="3.13206">
        <ele>431</ele>
        <time>2026-08-21T16:20:27+00:00</time>
      </trkpt>
      <trkpt lat="44.17757" lon="3.13216">
        <ele>433</ele>
        <time>2026-08-21T16:20:30+00:00</time>
      </trkpt>
      <trkpt lat="44.17767" lon="3.13229">
        <ele>431</ele>
        <time>2026-08-21T16:20:33+00:00</time>
      </trkpt>
      <trkpt lat="44.17775" lon="3.13244">
        <ele>431</ele>
        <time>2026-08-21T16:20:36+00:00</time>
      </trkpt>
      <trkpt lat="44.17778" lon="3.13255">
        <ele>430</ele>
        <time>2026-08-21T16:20:39+00:00</time>
      </trkpt>
      <trkpt lat="44.17781" lon="3.13271">
        <ele>430</ele>
        <time>2026-08-21T16:20:42+00:00</time>
      </trkpt>
      <trkpt lat="44.17781" lon="3.13282">
        <ele>430</ele>
        <time>2026-08-21T16:20:45+00:00</time>
      </trkpt>
      <trkpt lat="44.17782" lon="3.13286">
        <ele>430</ele>
        <time>2026-08-21T16:20:48+00:00</time>
      </trkpt>
      <trkpt lat="44.17783" lon="3.13297">
        <ele>430</ele>
        <time>2026-08-21T16:20:51+00:00</time>
      </trkpt>
      <trkpt lat="44.17784" lon="3.13307">
        <ele>430</ele>
        <time>2026-08-21T16:20:54+00:00</time>
      </trkpt>
      <trkpt lat="44.17784" lon="3.13331">
        <ele>429</ele>
        <time>2026-08-21T16:20:57+00:00</time>
      </trkpt>
      <trkpt lat="44.17785" lon="3.13337">
        <ele>429</ele>
        <time>2026-08-21T16:21:00+00:00</time>
      </trkpt>
      <trkpt lat="44.17787" lon="3.13343">
        <ele>427</ele>
        <time>2026-08-21T16:21:03+00:00</time>
      </trkpt>
      <trkpt lat="44.1779" lon="3.13348">
        <ele>424</ele>
        <time>2026-08-21T16:21:06+00:00</time>
      </trkpt>
      <trkpt lat="44.17794" lon="3.1335">
        <ele>424</ele>
        <time>2026-08-21T16:21:09+00:00</time>
      </trkpt>
      <trkpt lat="44.17798" lon="3.13352">
        <ele>424</ele>
        <time>2026-08-21T16:21:12+00:00</time>
      </trkpt>
      <trkpt lat="44.17802" lon="3.13355">
        <ele>422</ele>
        <time>2026-08-21T16:21:15+00:00</time>
      </trkpt>
      <trkpt lat="44.17804" lon="3.13359">
        <ele>422</ele>
        <time>2026-08-21T16:21:18+00:00</time>
      </trkpt>
      <trkpt lat="44.17804" lon="3.13364">
        <ele>423</ele>
        <time>2026-08-21T16:21:21+00:00</time>
      </trkpt>
      <trkpt lat="44.17801" lon="3.13381">
        <ele>424</ele>
        <time>2026-08-21T16:21:24+00:00</time>
      </trkpt>
      <trkpt lat="44.17798" lon="3.13396">
        <ele>426</ele>
        <time>2026-08-21T16:21:27+00:00</time>
      </trkpt>
      <trkpt lat="44.17798" lon="3.13401">
        <ele>426</ele>
        <time>2026-08-21T16:21:30+00:00</time>
      </trkpt>
      <trkpt lat="44.17796" lon="3.13425">
        <ele>427</ele>
        <time>2026-08-21T16:21:33+00:00</time>
      </trkpt>
      <trkpt lat="44.17793" lon="3.13444">
        <ele>430</ele>
        <time>2026-08-21T16:21:36+00:00</time>
      </trkpt>
      <trkpt lat="44.17788" lon="3.13457">
        <ele>429</ele>
        <time>2026-08-21T16:21:39+00:00</time>
      </trkpt>
      <trkpt lat="44.17781" lon="3.13468">
        <ele>430</ele>
        <time>2026-08-21T16:21:42+00:00</time>
      </trkpt>
      <trkpt lat="44.17775" lon="3.13479">
        <ele>430</ele>
        <time>2026-08-21T16:21:45+00:00</time>
      </trkpt>
      <trkpt lat="44.1777" lon="3.1349">
        <ele>432</ele>
        <time>2026-08-21T16:21:48+00:00</time>
      </trkpt>
      <trkpt lat="44.17767" lon="3.13498">
        <ele>432</ele>
        <time>2026-08-21T16:21:51+00:00</time>
      </trkpt>
      <trkpt lat="44.17762" lon="3.13521">
        <ele>433</ele>
        <time>2026-08-21T16:21:54+00:00</time>
      </trkpt>
      <trkpt lat="44.17755" lon="3.13545">
        <ele>435</ele>
        <time>2026-08-21T16:21:57+00:00</time>
      </trkpt>
      <trkpt lat="44.17751" lon="3.1356">
        <ele>436</ele>
        <time>2026-08-21T16:22:00+00:00</time>
      </trkpt>
      <trkpt lat="44.17748" lon="3.13572">
        <ele>437</ele>
        <time>2026-08-21T16:22:03+00:00</time>
      </trkpt>
      <trkpt lat="44.17737" lon="3.13603">
        <ele>440</ele>
        <time>2026-08-21T16:22:06+00:00</time>
      </trkpt>
      <trkpt lat="44.17732" lon="3.13614">
        <ele>440</ele>
        <time>2026-08-21T16:22:09+00:00</time>
      </trkpt>
      <trkpt lat="44.1773" lon="3.13622">
        <ele>440</ele>
        <time>2026-08-21T16:22:12+00:00</time>
      </trkpt>
      <trkpt lat="44.1772" lon="3.13641">
        <ele>444</ele>
        <time>2026-08-21T16:22:15+00:00</time>
      </trkpt>
      <trkpt lat="44.17703" lon="3.13666">
        <ele>444</ele>
        <time>2026-08-21T16:22:18+00:00</time>
      </trkpt>
      <trkpt lat="44.177" lon="3.13671">
        <ele>444</ele>
        <time>2026-08-21T16:22:21+00:00</time>
      </trkpt>
      <trkpt lat="44.17694" lon="3.13687">
        <ele>446</ele>
        <time>2026-08-21T16:22:24+00:00</time>
      </trkpt>
      <trkpt lat="44.1769" lon="3.13707">
        <ele>446</ele>
        <time>2026-08-21T16:22:27+00:00</time>
      </trkpt>
      <trkpt lat="44.1768" lon="3.13736">
        <ele>453</ele>
        <time>2026-08-21T16:22:30+00:00</time>
      </trkpt>
      <trkpt lat="44.17678" lon="3.1375">
        <ele>453</ele>
        <time>2026-08-21T16:22:33+00:00</time>
      </trkpt>
      <trkpt lat="44.17675" lon="3.13757">
        <ele>453</ele>
        <time>2026-08-21T16:22:36+00:00</time>
      </trkpt>
      <trkpt lat="44.17667" lon="3.13774">
        <ele>455</ele>
        <time>2026-08-21T16:22:39+00:00</time>
      </trkpt>
      <trkpt lat="44.17664" lon="3.1378">
        <ele>453</ele>
        <time>2026-08-21T16:22:42+00:00</time>
      </trkpt>
      <trkpt lat="44.17654" lon="3.13793">
        <ele>455</ele>
        <time>2026-08-21T16:22:45+00:00</time>
      </trkpt>
      <trkpt lat="44.17649" lon="3.13803">
        <ele>458</ele>
        <time>2026-08-21T16:22:48+00:00</time>
      </trkpt>
      <trkpt lat="44.17639" lon="3.13823">
        <ele>458</ele>
        <time>2026-08-21T16:22:51+00:00</time>
      </trkpt>
      <trkpt lat="44.17635" lon="3.13826">
        <ele>458</ele>
        <time>2026-08-21T16:22:54+00:00</time>
      </trkpt>
      <trkpt lat="44.17633" lon="3.1383">
        <ele>457</ele>
        <time>2026-08-21T16:22:57+00:00</time>
      </trkpt>
      <trkpt lat="44.1762" lon="3.13844">
        <ele>464</ele>
        <time>2026-08-21T16:23:00+00:00</time>
      </trkpt>
      <trkpt lat="44.17613" lon="3.13848">
        <ele>464</ele>
        <time>2026-08-21T16:23:03+00:00</time>
      </trkpt>
      <trkpt lat="44.17611" lon="3.13854">
        <ele>462</ele>
        <time>2026-08-21T16:23:06+00:00</time>
      </trkpt>
      <trkpt lat="44.17608" lon="3.13858">
        <ele>466</ele>
        <time>2026-08-21T16:23:09+00:00</time>
      </trkpt>
      <trkpt lat="44.17602" lon="3.13875">
        <ele>464</ele>
        <time>2026-08-21T16:23:12+00:00</time>
      </trkpt>
      <trkpt lat="44.17599" lon="3.13881">
        <ele>466</ele>
        <time>2026-08-21T16:23:15+00:00</time>
      </trkpt>
      <trkpt lat="44.17596" lon="3.13885">
        <ele>466</ele>
        <time>2026-08-21T16:23:18+00:00</time>
      </trkpt>
      <trkpt lat="44.17593" lon="3.13887">
        <ele>466</ele>
        <time>2026-08-21T16:23:21+00:00</time>
      </trkpt>
      <trkpt lat="44.1759" lon="3.1389">
        <ele>467</ele>
        <time>2026-08-21T16:23:24+00:00</time>
      </trkpt>
      <trkpt lat="44.17584" lon="3.13893">
        <ele>467</ele>
        <time>2026-08-21T16:23:27+00:00</time>
      </trkpt>
      <trkpt lat="44.17579" lon="3.13899">
        <ele>472</ele>
        <time>2026-08-21T16:23:30+00:00</time>
      </trkpt>
      <trkpt lat="44.17574" lon="3.13909">
        <ele>467</ele>
        <time>2026-08-21T16:23:33+00:00</time>
      </trkpt>
      <trkpt lat="44.17572" lon="3.13918">
        <ele>467</ele>
        <time>2026-08-21T16:23:36+00:00</time>
      </trkpt>
      <trkpt lat="44.17571" lon="3.13924">
        <ele>468</ele>
        <time>2026-08-21T16:23:39+00:00</time>
      </trkpt>
      <trkpt lat="44.17568" lon="3.13934">
        <ele>469</ele>
        <time>2026-08-21T16:23:42+00:00</time>
      </trkpt>
      <trkpt lat="44.17557" lon="3.13951">
        <ele>472</ele>
        <time>2026-08-21T16:23:45+00:00</time>
      </trkpt>
      <trkpt lat="44.17551" lon="3.13959">
        <ele>472</ele>
        <time>2026-08-21T16:23:48+00:00</time>
      </trkpt>
      <trkpt lat="44.17545" lon="3.13965">
        <ele>473</ele>
        <time>2026-08-21T16:23:51+00:00</time>
      </trkpt>
      <trkpt lat="44.17538" lon="3.13975">
        <ele>476</ele>
        <time>2026-08-21T16:23:54+00:00</time>
      </trkpt>
      <trkpt lat="44.17533" lon="3.13984">
        <ele>477</ele>
        <time>2026-08-21T16:23:57+00:00</time>
      </trkpt>
      <trkpt lat="44.17531" lon="3.1399">
        <ele>479</ele>
        <time>2026-08-21T16:24:00+00:00</time>
      </trkpt>
      <trkpt lat="44.1753" lon="3.13998">
        <ele>479</ele>
        <time>2026-08-21T16:24:03+00:00</time>
      </trkpt>
      <trkpt lat="44.17528" lon="3.14004">
        <ele>479</ele>
        <time>2026-08-21T16:24:06+00:00</time>
      </trkpt>
      <trkpt lat="44.17524" lon="3.14009">
        <ele>479</ele>
        <time>2026-08-21T16:24:09+00:00</time>
      </trkpt>
      <trkpt lat="44.17522" lon="3.14016">
        <ele>481</ele>
        <time>2026-08-21T16:24:12+00:00</time>
      </trkpt>
      <trkpt lat="44.17507" lon="3.14033">
        <ele>483</ele>
        <time>2026-08-21T16:24:15+00:00</time>
      </trkpt>
      <trkpt lat="44.17502" lon="3.14037">
        <ele>483</ele>
        <time>2026-08-21T16:24:18+00:00</time>
      </trkpt>
      <trkpt lat="44.17497" lon="3.14038">
        <ele>484</ele>
        <time>2026-08-21T16:24:21+00:00</time>
      </trkpt>
      <trkpt lat="44.17494" lon="3.14038">
        <ele>484</ele>
        <time>2026-08-21T16:24:24+00:00</time>
      </trkpt>
      <trkpt lat="44.17492" lon="3.14036">
        <ele>484</ele>
        <time>2026-08-21T16:24:27+00:00</time>
      </trkpt>
      <trkpt lat="44.1749" lon="3.14034">
        <ele>486</ele>
        <time>2026-08-21T16:24:30+00:00</time>
      </trkpt>
      <trkpt lat="44.17486" lon="3.14031">
        <ele>486</ele>
        <time>2026-08-21T16:24:33+00:00</time>
      </trkpt>
      <trkpt lat="44.17483" lon="3.1403">
        <ele>492</ele>
        <time>2026-08-21T16:24:36+00:00</time>
      </trkpt>
      <trkpt lat="44.17479" lon="3.14029">
        <ele>495</ele>
        <time>2026-08-21T16:24:39+00:00</time>
      </trkpt>
      <trkpt lat="44.17467" lon="3.14035">
        <ele>493</ele>
        <time>2026-08-21T16:24:42+00:00</time>
      </trkpt>
      <trkpt lat="44.17464" lon="3.14034">
        <ele>493</ele>
        <time>2026-08-21T16:24:45+00:00</time>
      </trkpt>
      <trkpt lat="44.17462" lon="3.14037">
        <ele>493</ele>
        <time>2026-08-21T16:24:48+00:00</time>
      </trkpt>
      <trkpt lat="44.17461" lon="3.14036">
        <ele>493</ele>
        <time>2026-08-21T16:24:51+00:00</time>
      </trkpt>
      <trkpt lat="44.17458" lon="3.14037">
        <ele>497</ele>
        <time>2026-08-21T16:24:54+00:00</time>
      </trkpt>
      <trkpt lat="44.17457" lon="3.14038">
        <ele>497</ele>
        <time>2026-08-21T16:24:57+00:00</time>
      </trkpt>
      <trkpt lat="44.17455" lon="3.14041">
        <ele>493</ele>
        <time>2026-08-21T16:25:00+00:00</time>
      </trkpt>
      <trkpt lat="44.17452" lon="3.14044">
        <ele>493</ele>
        <time>2026-08-21T16:25:03+00:00</time>
      </trkpt>
      <trkpt lat="44.17451" lon="3.14045">
        <ele>493</ele>
        <time>2026-08-21T16:25:06+00:00</time>
      </trkpt>
      <trkpt lat="44.17448" lon="3.14046">
        <ele>498</ele>
        <time>2026-08-21T16:25:09+00:00</time>
      </trkpt>
      <trkpt lat="44.17445" lon="3.1405">
        <ele>494</ele>
        <time>2026-08-21T16:25:12+00:00</time>
      </trkpt>
      <trkpt lat="44.17434" lon="3.14057">
        <ele>504</ele>
        <time>2026-08-21T16:25:15+00:00</time>
      </trkpt>
      <trkpt lat="44.17427" lon="3.14058">
        <ele>505</ele>
        <time>2026-08-21T16:25:18+00:00</time>
      </trkpt>
      <trkpt lat="44.17423" lon="3.14058">
        <ele>505</ele>
        <time>2026-08-21T16:25:21+00:00</time>
      </trkpt>
      <trkpt lat="44.17414" lon="3.14051">
        <ele>506</ele>
        <time>2026-08-21T16:25:24+00:00</time>
      </trkpt>
      <trkpt lat="44.17408" lon="3.14054">
        <ele>508</ele>
        <time>2026-08-21T16:25:27+00:00</time>
      </trkpt>
      <trkpt lat="44.17403" lon="3.14054">
        <ele>508</ele>
        <time>2026-08-21T16:25:30+00:00</time>
      </trkpt>
      <trkpt lat="44.17397" lon="3.14057">
        <ele>510</ele>
        <time>2026-08-21T16:25:33+00:00</time>
      </trkpt>
      <trkpt lat="44.17387" lon="3.14059">
        <ele>513</ele>
        <time>2026-08-21T16:25:36+00:00</time>
      </trkpt>
      <trkpt lat="44.17382" lon="3.14057">
        <ele>513</ele>
        <time>2026-08-21T16:25:39+00:00</time>
      </trkpt>
      <trkpt lat="44.17379" lon="3.14057">
        <ele>519</ele>
        <time>2026-08-21T16:25:42+00:00</time>
      </trkpt>
      <trkpt lat="44.17367" lon="3.14062">
        <ele>519</ele>
        <time>2026-08-21T16:25:45+00:00</time>
      </trkpt>
      <trkpt lat="44.17352" lon="3.14064">
        <ele>522</ele>
        <time>2026-08-21T16:25:48+00:00</time>
      </trkpt>
      <trkpt lat="44.17349" lon="3.14066">
        <ele>524</ele>
        <time>2026-08-21T16:25:51+00:00</time>
      </trkpt>
      <trkpt lat="44.17346" lon="3.14066">
        <ele>524</ele>
        <time>2026-08-21T16:25:54+00:00</time>
      </trkpt>
      <trkpt lat="44.1734" lon="3.1407">
        <ele>522</ele>
        <time>2026-08-21T16:25:57+00:00</time>
      </trkpt>
      <trkpt lat="44.17329" lon="3.1407">
        <ele>528</ele>
        <time>2026-08-21T16:26:00+00:00</time>
      </trkpt>
      <trkpt lat="44.17326" lon="3.14072">
        <ele>528</ele>
        <time>2026-08-21T16:26:03+00:00</time>
      </trkpt>
      <trkpt lat="44.17325" lon="3.14072">
        <ele>528</ele>
        <time>2026-08-21T16:26:06+00:00</time>
      </trkpt>
      <trkpt lat="44.17323" lon="3.14073">
        <ele>528</ele>
        <time>2026-08-21T16:26:09+00:00</time>
      </trkpt>
      <trkpt lat="44.17321" lon="3.14076">
        <ele>528</ele>
        <time>2026-08-21T16:26:12+00:00</time>
      </trkpt>
      <trkpt lat="44.1731" lon="3.14082">
        <ele>533</ele>
        <time>2026-08-21T16:26:15+00:00</time>
      </trkpt>
      <trkpt lat="44.17301" lon="3.14089">
        <ele>540</ele>
        <time>2026-08-21T16:26:18+00:00</time>
      </trkpt>
      <trkpt lat="44.17297" lon="3.14091">
        <ele>539</ele>
        <time>2026-08-21T16:26:21+00:00</time>
      </trkpt>
      <trkpt lat="44.17295" lon="3.14096">
        <ele>539</ele>
        <time>2026-08-21T16:26:24+00:00</time>
      </trkpt>
      <trkpt lat="44.17288" lon="3.14102">
        <ele>542</ele>
        <time>2026-08-21T16:26:27+00:00</time>
      </trkpt>
      <trkpt lat="44.1728" lon="3.14112">
        <ele>543</ele>
        <time>2026-08-21T16:26:30+00:00</time>
      </trkpt>
      <trkpt lat="44.17278" lon="3.14114">
        <ele>543</ele>
        <time>2026-08-21T16:26:33+00:00</time>
      </trkpt>
      <trkpt lat="44.17275" lon="3.14117">
        <ele>543</ele>
        <time>2026-08-21T16:26:36+00:00</time>
      </trkpt>
      <trkpt lat="44.17271" lon="3.14118">
        <ele>543</ele>
        <time>2026-08-21T16:26:39+00:00</time>
      </trkpt>
      <trkpt lat="44.17268" lon="3.14117">
        <ele>548</ele>
        <time>2026-08-21T16:26:42+00:00</time>
      </trkpt>
      <trkpt lat="44.17265" lon="3.1412">
        <ele>548</ele>
        <time>2026-08-21T16:26:45+00:00</time>
      </trkpt>
      <trkpt lat="44.17259" lon="3.14118">
        <ele>558</ele>
        <time>2026-08-21T16:26:48+00:00</time>
      </trkpt>
      <trkpt lat="44.17257" lon="3.14118">
        <ele>558</ele>
        <time>2026-08-21T16:26:51+00:00</time>
      </trkpt>
      <trkpt lat="44.17254" lon="3.14122">
        <ele>554</ele>
        <time>2026-08-21T16:26:54+00:00</time>
      </trkpt>
      <trkpt lat="44.17252" lon="3.14122">
        <ele>554</ele>
        <time>2026-08-21T16:26:57+00:00</time>
      </trkpt>
      <trkpt lat="44.17248" lon="3.14126">
        <ele>559</ele>
        <time>2026-08-21T16:27:00+00:00</time>
      </trkpt>
      <trkpt lat="44.17245" lon="3.14128">
        <ele>559</ele>
        <time>2026-08-21T16:27:03+00:00</time>
      </trkpt>
      <trkpt lat="44.17244" lon="3.14128">
        <ele>559</ele>
        <time>2026-08-21T16:27:06+00:00</time>
      </trkpt>
      <trkpt lat="44.17236" lon="3.14132">
        <ele>559</ele>
        <time>2026-08-21T16:27:09+00:00</time>
      </trkpt>
      <trkpt lat="44.17233" lon="3.14132">
        <ele>559</ele>
        <time>2026-08-21T16:27:12+00:00</time>
      </trkpt>
      <trkpt lat="44.1723" lon="3.14134">
        <ele>559</ele>
        <time>2026-08-21T16:27:15+00:00</time>
      </trkpt>
      <trkpt lat="44.17229" lon="3.14134">
        <ele>563</ele>
        <time>2026-08-21T16:27:18+00:00</time>
      </trkpt>
      <trkpt lat="44.17217" lon="3.14142">
        <ele>564</ele>
        <time>2026-08-21T16:27:21+00:00</time>
      </trkpt>
      <trkpt lat="44.17216" lon="3.14144">
        <ele>564</ele>
        <time>2026-08-21T16:27:24+00:00</time>
      </trkpt>
      <trkpt lat="44.17212" lon="3.14147">
        <ele>564</ele>
        <time>2026-08-21T16:27:27+00:00</time>
      </trkpt>
      <trkpt lat="44.17209" lon="3.14148">
        <ele>569</ele>
        <time>2026-08-21T16:27:30+00:00</time>
      </trkpt>
      <trkpt lat="44.17206" lon="3.14152">
        <ele>565</ele>
        <time>2026-08-21T16:27:33+00:00</time>
      </trkpt>
      <trkpt lat="44.17199" lon="3.14162">
        <ele>574</ele>
        <time>2026-08-21T16:27:36+00:00</time>
      </trkpt>
      <trkpt lat="44.17194" lon="3.14168">
        <ele>574</ele>
        <time>2026-08-21T16:27:39+00:00</time>
      </trkpt>
      <trkpt lat="44.17187" lon="3.14181">
        <ele>576</ele>
        <time>2026-08-21T16:27:42+00:00</time>
      </trkpt>
      <trkpt lat="44.17183" lon="3.14186">
        <ele>576</ele>
        <time>2026-08-21T16:27:45+00:00</time>
      </trkpt>
      <trkpt lat="44.17174" lon="3.14194">
        <ele>578</ele>
        <time>2026-08-21T16:27:48+00:00</time>
      </trkpt>
      <trkpt lat="44.17168" lon="3.142">
        <ele>579</ele>
        <time>2026-08-21T16:27:51+00:00</time>
      </trkpt>
      <trkpt lat="44.17161" lon="3.14205">
        <ele>579</ele>
        <time>2026-08-21T16:27:54+00:00</time>
      </trkpt>
      <trkpt lat="44.17149" lon="3.1421">
        <ele>582</ele>
        <time>2026-08-21T16:27:57+00:00</time>
      </trkpt>
      <trkpt lat="44.17138" lon="3.14221">
        <ele>588</ele>
        <time>2026-08-21T16:28:00+00:00</time>
      </trkpt>
      <trkpt lat="44.17133" lon="3.14225">
        <ele>588</ele>
        <time>2026-08-21T16:28:03+00:00</time>
      </trkpt>
      <trkpt lat="44.17131" lon="3.14228">
        <ele>588</ele>
        <time>2026-08-21T16:28:06+00:00</time>
      </trkpt>
      <trkpt lat="44.17127" lon="3.14233">
        <ele>591</ele>
        <time>2026-08-21T16:28:09+00:00</time>
      </trkpt>
      <trkpt lat="44.17122" lon="3.14242">
        <ele>588</ele>
        <time>2026-08-21T16:28:12+00:00</time>
      </trkpt>
      <trkpt lat="44.17113" lon="3.14253">
        <ele>589</ele>
        <time>2026-08-21T16:28:15+00:00</time>
      </trkpt>
      <trkpt lat="44.1711" lon="3.14256">
        <ele>589</ele>
        <time>2026-08-21T16:28:18+00:00</time>
      </trkpt>
      <trkpt lat="44.17104" lon="3.14261">
        <ele>590</ele>
        <time>2026-08-21T16:28:21+00:00</time>
      </trkpt>
      <trkpt lat="44.17096" lon="3.14263">
        <ele>593</ele>
        <time>2026-08-21T16:28:24+00:00</time>
      </trkpt>
      <trkpt lat="44.1709" lon="3.14267">
        <ele>596</ele>
        <time>2026-08-21T16:28:27+00:00</time>
      </trkpt>
      <trkpt lat="44.1708" lon="3.14271">
        <ele>596</ele>
        <time>2026-08-21T16:28:30+00:00</time>
      </trkpt>
      <trkpt lat="44.17072" lon="3.14276">
        <ele>596</ele>
        <time>2026-08-21T16:28:33+00:00</time>
      </trkpt>
      <trkpt lat="44.17067" lon="3.14277">
        <ele>599</ele>
        <time>2026-08-21T16:28:36+00:00</time>
      </trkpt>
      <trkpt lat="44.17057" lon="3.14282">
        <ele>598</ele>
        <time>2026-08-21T16:28:39+00:00</time>
      </trkpt>
      <trkpt lat="44.17046" lon="3.14291">
        <ele>598</ele>
        <time>2026-08-21T16:28:42+00:00</time>
      </trkpt>
      <trkpt lat="44.17039" lon="3.14295">
        <ele>596</ele>
        <time>2026-08-21T16:28:45+00:00</time>
      </trkpt>
      <trkpt lat="44.1703" lon="3.14301">
        <ele>596</ele>
        <time>2026-08-21T16:28:48+00:00</time>
      </trkpt>
      <trkpt lat="44.17027" lon="3.14303">
        <ele>598</ele>
        <time>2026-08-21T16:28:51+00:00</time>
      </trkpt>
      <trkpt lat="44.17024" lon="3.14304">
        <ele>598</ele>
        <time>2026-08-21T16:28:54+00:00</time>
      </trkpt>
      <trkpt lat="44.1702" lon="3.14303">
        <ele>598</ele>
        <time>2026-08-21T16:28:57+00:00</time>
      </trkpt>
      <trkpt lat="44.17016" lon="3.14302">
        <ele>595</ele>
        <time>2026-08-21T16:29:00+00:00</time>
      </trkpt>
      <trkpt lat="44.17006" lon="3.14296">
        <ele>596</ele>
        <time>2026-08-21T16:29:03+00:00</time>
      </trkpt>
      <trkpt lat="44.17002" lon="3.1429">
        <ele>600</ele>
        <time>2026-08-21T16:29:06+00:00</time>
      </trkpt>
      <trkpt lat="44.16992" lon="3.14284">
        <ele>599</ele>
        <time>2026-08-21T16:29:09+00:00</time>
      </trkpt>
      <trkpt lat="44.16986" lon="3.14283">
        <ele>600</ele>
        <time>2026-08-21T16:29:12+00:00</time>
      </trkpt>
      <trkpt lat="44.16981" lon="3.14284">
        <ele>600</ele>
        <time>2026-08-21T16:29:15+00:00</time>
      </trkpt>
      <trkpt lat="44.16978" lon="3.14285">
        <ele>602</ele>
        <time>2026-08-21T16:29:18+00:00</time>
      </trkpt>
      <trkpt lat="44.16975" lon="3.14288">
        <ele>602</ele>
        <time>2026-08-21T16:29:21+00:00</time>
      </trkpt>
      <trkpt lat="44.16972" lon="3.14292">
        <ele>596</ele>
        <time>2026-08-21T16:29:24+00:00</time>
      </trkpt>
      <trkpt lat="44.16971" lon="3.14295">
        <ele>596</ele>
        <time>2026-08-21T16:29:27+00:00</time>
      </trkpt>
      <trkpt lat="44.1697" lon="3.14299">
        <ele>597</ele>
        <time>2026-08-21T16:29:30+00:00</time>
      </trkpt>
      <trkpt lat="44.16969" lon="3.14303">
        <ele>597</ele>
        <time>2026-08-21T16:29:33+00:00</time>
      </trkpt>
      <trkpt lat="44.1697" lon="3.14305">
        <ele>600</ele>
        <time>2026-08-21T16:29:36+00:00</time>
      </trkpt>
      <trkpt lat="44.1697" lon="3.1431">
        <ele>597</ele>
        <time>2026-08-21T16:29:39+00:00</time>
      </trkpt>
      <trkpt lat="44.16971" lon="3.14312">
        <ele>597</ele>
        <time>2026-08-21T16:29:42+00:00</time>
      </trkpt>
      <trkpt lat="44.1697" lon="3.14315">
        <ele>597</ele>
        <time>2026-08-21T16:29:45+00:00</time>
      </trkpt>
      <trkpt lat="44.16972" lon="3.14325">
        <ele>599</ele>
        <time>2026-08-21T16:29:48+00:00</time>
      </trkpt>
      <trkpt lat="44.16971" lon="3.14334">
        <ele>601</ele>
        <time>2026-08-21T16:29:51+00:00</time>
      </trkpt>
      <trkpt lat="44.16969" lon="3.14343">
        <ele>605</ele>
        <time>2026-08-21T16:29:54+00:00</time>
      </trkpt>
      <trkpt lat="44.16958" lon="3.14365">
        <ele>600</ele>
        <time>2026-08-21T16:29:57+00:00</time>
      </trkpt>
      <trkpt lat="44.16952" lon="3.14375">
        <ele>605</ele>
        <time>2026-08-21T16:30:00+00:00</time>
      </trkpt>
      <trkpt lat="44.16947" lon="3.14382">
        <ele>603</ele>
        <time>2026-08-21T16:30:03+00:00</time>
      </trkpt>
      <trkpt lat="44.1694" lon="3.14394">
        <ele>602</ele>
        <time>2026-08-21T16:30:06+00:00</time>
      </trkpt>
      <trkpt lat="44.16934" lon="3.14403">
        <ele>602</ele>
        <time>2026-08-21T16:30:09+00:00</time>
      </trkpt>
      <trkpt lat="44.16933" lon="3.14406">
        <ele>602</ele>
        <time>2026-08-21T16:30:12+00:00</time>
      </trkpt>
      <trkpt lat="44.1693" lon="3.1441">
        <ele>602</ele>
        <time>2026-08-21T16:30:15+00:00</time>
      </trkpt>
      <trkpt lat="44.1693" lon="3.14412">
        <ele>606</ele>
        <time>2026-08-21T16:30:18+00:00</time>
      </trkpt>
      <trkpt lat="44.16924" lon="3.14424">
        <ele>604</ele>
        <time>2026-08-21T16:30:21+00:00</time>
      </trkpt>
      <trkpt lat="44.16923" lon="3.14429">
        <ele>604</ele>
        <time>2026-08-21T16:30:24+00:00</time>
      </trkpt>
      <trkpt lat="44.16921" lon="3.14434">
        <ele>603</ele>
        <time>2026-08-21T16:30:27+00:00</time>
      </trkpt>
      <trkpt lat="44.16919" lon="3.14438">
        <ele>608</ele>
        <time>2026-08-21T16:30:30+00:00</time>
      </trkpt>
      <trkpt lat="44.16916" lon="3.14446">
        <ele>606</ele>
        <time>2026-08-21T16:30:33+00:00</time>
      </trkpt>
      <trkpt lat="44.16915" lon="3.14448">
        <ele>606</ele>
        <time>2026-08-21T16:30:36+00:00</time>
      </trkpt>
      <trkpt lat="44.16911" lon="3.14455">
        <ele>605</ele>
        <time>2026-08-21T16:30:39+00:00</time>
      </trkpt>
      <trkpt lat="44.1691" lon="3.1446">
        <ele>609</ele>
        <time>2026-08-21T16:30:42+00:00</time>
      </trkpt>
      <trkpt lat="44.16903" lon="3.1447">
        <ele>607</ele>
        <time>2026-08-21T16:30:45+00:00</time>
      </trkpt>
      <trkpt lat="44.169" lon="3.1447">
        <ele>608</ele>
        <time>2026-08-21T16:30:48+00:00</time>
      </trkpt>
      <trkpt lat="44.16899" lon="3.1447">
        <ele>615</ele>
        <time>2026-08-21T16:30:51+00:00</time>
      </trkpt>
      <trkpt lat="44.16898" lon="3.14472">
        <ele>615</ele>
        <time>2026-08-21T16:30:54+00:00</time>
      </trkpt>
      <trkpt lat="44.16896" lon="3.14473">
        <ele>615</ele>
        <time>2026-08-21T16:30:57+00:00</time>
      </trkpt>
      <trkpt lat="44.16885" lon="3.14478">
        <ele>619</ele>
        <time>2026-08-21T16:31:00+00:00</time>
      </trkpt>
      <trkpt lat="44.16878" lon="3.14481">
        <ele>621</ele>
        <time>2026-08-21T16:31:03+00:00</time>
      </trkpt>
      <trkpt lat="44.16875" lon="3.14482">
        <ele>621</ele>
        <time>2026-08-21T16:31:06+00:00</time>
      </trkpt>
      <trkpt lat="44.16871" lon="3.14485">
        <ele>621</ele>
        <time>2026-08-21T16:31:09+00:00</time>
      </trkpt>
      <trkpt lat="44.1687" lon="3.14484">
        <ele>621</ele>
        <time>2026-08-21T16:31:12+00:00</time>
      </trkpt>
      <trkpt lat="44.16868" lon="3.14481">
        <ele>624</ele>
        <time>2026-08-21T16:31:15+00:00</time>
      </trkpt>
      <trkpt lat="44.1687" lon="3.14478">
        <ele>623</ele>
        <time>2026-08-21T16:31:18+00:00</time>
      </trkpt>
      <trkpt lat="44.1687" lon="3.14476">
        <ele>623</ele>
        <time>2026-08-21T16:31:21+00:00</time>
      </trkpt>
      <trkpt lat="44.16877" lon="3.14466">
        <ele>626</ele>
        <time>2026-08-21T16:31:24+00:00</time>
      </trkpt>
      <trkpt lat="44.16884" lon="3.14457">
        <ele>624</ele>
        <time>2026-08-21T16:31:27+00:00</time>
      </trkpt>
      <trkpt lat="44.16888" lon="3.14454">
        <ele>624</ele>
        <time>2026-08-21T16:31:30+00:00</time>
      </trkpt>
      <trkpt lat="44.16887" lon="3.14454">
        <ele>624</ele>
        <time>2026-08-21T16:31:33+00:00</time>
      </trkpt>
      <trkpt lat="44.16884" lon="3.14455">
        <ele>624</ele>
        <time>2026-08-21T16:31:36+00:00</time>
      </trkpt>
      <trkpt lat="44.16878" lon="3.14455">
        <ele>629</ele>
        <time>2026-08-21T16:31:39+00:00</time>
      </trkpt>
      <trkpt lat="44.16872" lon="3.1446">
        <ele>629</ele>
        <time>2026-08-21T16:31:42+00:00</time>
      </trkpt>
      <trkpt lat="44.16866" lon="3.14463">
        <ele>631</ele>
        <time>2026-08-21T16:31:45+00:00</time>
      </trkpt>
      <trkpt lat="44.16863" lon="3.14465">
        <ele>631</ele>
        <time>2026-08-21T16:31:48+00:00</time>
      </trkpt>
      <trkpt lat="44.1686" lon="3.14465">
        <ele>635</ele>
        <time>2026-08-21T16:31:51+00:00</time>
      </trkpt>
      <trkpt lat="44.16855" lon="3.14467">
        <ele>635</ele>
        <time>2026-08-21T16:31:54+00:00</time>
      </trkpt>
      <trkpt lat="44.16849" lon="3.14465">
        <ele>640</ele>
        <time>2026-08-21T16:31:57+00:00</time>
      </trkpt>
      <trkpt lat="44.16848" lon="3.14466">
        <ele>640</ele>
        <time>2026-08-21T16:32:00+00:00</time>
      </trkpt>
      <trkpt lat="44.1684" lon="3.14469">
        <ele>648</ele>
        <time>2026-08-21T16:32:03+00:00</time>
      </trkpt>
      <trkpt lat="44.16837" lon="3.14471">
        <ele>643</ele>
        <time>2026-08-21T16:32:06+00:00</time>
      </trkpt>
      <trkpt lat="44.16828" lon="3.14473">
        <ele>647</ele>
        <time>2026-08-21T16:32:09+00:00</time>
      </trkpt>
      <trkpt lat="44.16816" lon="3.14474">
        <ele>650</ele>
        <time>2026-08-21T16:32:12+00:00</time>
      </trkpt>
      <trkpt lat="44.16813" lon="3.14473">
        <ele>650</ele>
        <time>2026-08-21T16:32:15+00:00</time>
      </trkpt>
      <trkpt lat="44.1681" lon="3.14473">
        <ele>650</ele>
        <time>2026-08-21T16:32:18+00:00</time>
      </trkpt>
      <trkpt lat="44.16807" lon="3.14475">
        <ele>653</ele>
        <time>2026-08-21T16:32:21+00:00</time>
      </trkpt>
      <trkpt lat="44.16802" lon="3.14477">
        <ele>653</ele>
        <time>2026-08-21T16:32:24+00:00</time>
      </trkpt>
      <trkpt lat="44.16793" lon="3.14479">
        <ele>657</ele>
        <time>2026-08-21T16:32:27+00:00</time>
      </trkpt>
      <trkpt lat="44.1679" lon="3.14481">
        <ele>653</ele>
        <time>2026-08-21T16:32:30+00:00</time>
      </trkpt>
      <trkpt lat="44.16787" lon="3.14484">
        <ele>657</ele>
        <time>2026-08-21T16:32:33+00:00</time>
      </trkpt>
      <trkpt lat="44.16779" lon="3.14493">
        <ele>657</ele>
        <time>2026-08-21T16:32:36+00:00</time>
      </trkpt>
      <trkpt lat="44.16773" lon="3.14497">
        <ele>657</ele>
        <time>2026-08-21T16:32:39+00:00</time>
      </trkpt>
      <trkpt lat="44.16765" lon="3.14509">
        <ele>663</ele>
        <time>2026-08-21T16:32:42+00:00</time>
      </trkpt>
      <trkpt lat="44.16763" lon="3.1451">
        <ele>663</ele>
        <time>2026-08-21T16:32:45+00:00</time>
      </trkpt>
      <trkpt lat="44.16759" lon="3.14515">
        <ele>661</ele>
        <time>2026-08-21T16:32:48+00:00</time>
      </trkpt>
      <trkpt lat="44.16758" lon="3.14517">
        <ele>661</ele>
        <time>2026-08-21T16:32:51+00:00</time>
      </trkpt>
      <trkpt lat="44.16753" lon="3.14523">
        <ele>659</ele>
        <time>2026-08-21T16:32:54+00:00</time>
      </trkpt>
      <trkpt lat="44.16751" lon="3.14527">
        <ele>659</ele>
        <time>2026-08-21T16:32:57+00:00</time>
      </trkpt>
      <trkpt lat="44.16748" lon="3.14528">
        <ele>663</ele>
        <time>2026-08-21T16:33:00+00:00</time>
      </trkpt>
      <trkpt lat="44.16744" lon="3.1453">
        <ele>661</ele>
        <time>2026-08-21T16:33:03+00:00</time>
      </trkpt>
      <trkpt lat="44.16741" lon="3.14531">
        <ele>661</ele>
        <time>2026-08-21T16:33:06+00:00</time>
      </trkpt>
      <trkpt lat="44.1673" lon="3.14537">
        <ele>665</ele>
        <time>2026-08-21T16:33:09+00:00</time>
      </trkpt>
      <trkpt lat="44.16724" lon="3.14543">
        <ele>668</ele>
        <time>2026-08-21T16:33:12+00:00</time>
      </trkpt>
      <trkpt lat="44.1672" lon="3.14541">
        <ele>671</ele>
        <time>2026-08-21T16:33:15+00:00</time>
      </trkpt>
      <trkpt lat="44.16713" lon="3.14544">
        <ele>671</ele>
        <time>2026-08-21T16:33:18+00:00</time>
      </trkpt>
      <trkpt lat="44.16691" lon="3.1455">
        <ele>672</ele>
        <time>2026-08-21T16:33:21+00:00</time>
      </trkpt>
      <trkpt lat="44.16686" lon="3.14555">
        <ele>681</ele>
        <time>2026-08-21T16:33:24+00:00</time>
      </trkpt>
      <trkpt lat="44.16687" lon="3.1456">
        <ele>681</ele>
        <time>2026-08-21T16:33:27+00:00</time>
      </trkpt>
      <trkpt lat="44.16702" lon="3.14566">
        <ele>674</ele>
        <time>2026-08-21T16:33:30+00:00</time>
      </trkpt>
      <trkpt lat="44.16706" lon="3.14575">
        <ele>673</ele>
        <time>2026-08-21T16:33:33+00:00</time>
      </trkpt>
      <trkpt lat="44.16707" lon="3.14585">
        <ele>675</ele>
        <time>2026-08-21T16:33:36+00:00</time>
      </trkpt>
      <trkpt lat="44.16702" lon="3.14586">
        <ele>675</ele>
        <time>2026-08-21T16:33:39+00:00</time>
      </trkpt>
      <trkpt lat="44.16694" lon="3.14581">
        <ele>676</ele>
        <time>2026-08-21T16:33:42+00:00</time>
      </trkpt>
      <trkpt lat="44.16689" lon="3.14581">
        <ele>678</ele>
        <time>2026-08-21T16:33:45+00:00</time>
      </trkpt>
      <trkpt lat="44.16689" lon="3.14586">
        <ele>678</ele>
        <time>2026-08-21T16:33:48+00:00</time>
      </trkpt>
      <trkpt lat="44.16692" lon="3.14597">
        <ele>678</ele>
        <time>2026-08-21T16:33:51+00:00</time>
      </trkpt>
      <trkpt lat="44.16692" lon="3.14606">
        <ele>681</ele>
        <time>2026-08-21T16:33:54+00:00</time>
      </trkpt>
      <trkpt lat="44.16689" lon="3.14606">
        <ele>682</ele>
        <time>2026-08-21T16:33:57+00:00</time>
      </trkpt>
      <trkpt lat="44.16685" lon="3.14606">
        <ele>682</ele>
        <time>2026-08-21T16:34:00+00:00</time>
      </trkpt>
      <trkpt lat="44.16686" lon="3.1461">
        <ele>686</ele>
        <time>2026-08-21T16:34:03+00:00</time>
      </trkpt>
      <trkpt lat="44.16688" lon="3.14613">
        <ele>686</ele>
        <time>2026-08-21T16:34:06+00:00</time>
      </trkpt>
      <trkpt lat="44.16691" lon="3.14622">
        <ele>682</ele>
        <time>2026-08-21T16:34:09+00:00</time>
      </trkpt>
      <trkpt lat="44.16684" lon="3.14623">
        <ele>690</ele>
        <time>2026-08-21T16:34:12+00:00</time>
      </trkpt>
      <trkpt lat="44.16672" lon="3.14616">
        <ele>687</ele>
        <time>2026-08-21T16:34:15+00:00</time>
      </trkpt>
      <trkpt lat="44.16656" lon="3.14614">
        <ele>691</ele>
        <time>2026-08-21T16:34:18+00:00</time>
      </trkpt>
      <trkpt lat="44.16652" lon="3.14618">
        <ele>691</ele>
        <time>2026-08-21T16:34:21+00:00</time>
      </trkpt>
      <trkpt lat="44.16654" lon="3.14624">
        <ele>695</ele>
        <time>2026-08-21T16:34:24+00:00</time>
      </trkpt>
      <trkpt lat="44.16657" lon="3.14635">
        <ele>705</ele>
        <time>2026-08-21T16:34:27+00:00</time>
      </trkpt>
      <trkpt lat="44.16655" lon="3.14639">
        <ele>705</ele>
        <time>2026-08-21T16:34:30+00:00</time>
      </trkpt>
      <trkpt lat="44.16652" lon="3.14642">
        <ele>710</ele>
        <time>2026-08-21T16:34:33+00:00</time>
      </trkpt>
      <trkpt lat="44.16654" lon="3.14648">
        <ele>710</ele>
        <time>2026-08-21T16:34:36+00:00</time>
      </trkpt>
      <trkpt lat="44.16655" lon="3.14659">
        <ele>716</ele>
        <time>2026-08-21T16:34:39+00:00</time>
      </trkpt>
      <trkpt lat="44.16661" lon="3.14667">
        <ele>719</ele>
        <time>2026-08-21T16:34:42+00:00</time>
      </trkpt>
      <trkpt lat="44.16672" lon="3.14678">
        <ele>722</ele>
        <time>2026-08-21T16:34:45+00:00</time>
      </trkpt>
      <trkpt lat="44.16674" lon="3.14685">
        <ele>727</ele>
        <time>2026-08-21T16:34:48+00:00</time>
      </trkpt>
      <trkpt lat="44.16681" lon="3.14691">
        <ele>724</ele>
        <time>2026-08-21T16:34:51+00:00</time>
      </trkpt>
      <trkpt lat="44.16681" lon="3.14697">
        <ele>735</ele>
        <time>2026-08-21T16:34:54+00:00</time>
      </trkpt>
      <trkpt lat="44.16673" lon="3.14694">
        <ele>737</ele>
        <time>2026-08-21T16:34:57+00:00</time>
      </trkpt>
      <trkpt lat="44.16661" lon="3.14688">
        <ele>729</ele>
        <time>2026-08-21T16:35:00+00:00</time>
      </trkpt>
      <trkpt lat="44.16633" lon="3.14693">
        <ele>745</ele>
        <time>2026-08-21T16:35:03+00:00</time>
      </trkpt>
      <trkpt lat="44.16602" lon="3.14701">
        <ele>751</ele>
        <time>2026-08-21T16:35:06+00:00</time>
      </trkpt>
      <trkpt lat="44.16583" lon="3.14708">
        <ele>751</ele>
        <time>2026-08-21T16:35:09+00:00</time>
      </trkpt>
      <trkpt lat="44.16566" lon="3.14716">
        <ele>755</ele>
        <time>2026-08-21T16:35:12+00:00</time>
      </trkpt>
      <trkpt lat="44.16545" lon="3.14726">
        <ele>758</ele>
        <time>2026-08-21T16:35:15+00:00</time>
      </trkpt>
      <trkpt lat="44.16538" lon="3.14733">
        <ele>760</ele>
        <time>2026-08-21T16:35:18+00:00</time>
      </trkpt>
      <trkpt lat="44.16534" lon="3.14747">
        <ele>764</ele>
        <time>2026-08-21T16:35:21+00:00</time>
      </trkpt>
      <trkpt lat="44.16526" lon="3.14769">
        <ele>767</ele>
        <time>2026-08-21T16:35:24+00:00</time>
      </trkpt>
      <trkpt lat="44.16519" lon="3.14795">
        <ele>771</ele>
        <time>2026-08-21T16:35:27+00:00</time>
      </trkpt>
      <trkpt lat="44.16517" lon="3.14812">
        <ele>777</ele>
        <time>2026-08-21T16:35:30+00:00</time>
      </trkpt>
      <trkpt lat="44.16517" lon="3.14817">
        <ele>777</ele>
        <time>2026-08-21T16:35:33+00:00</time>
      </trkpt>
      <trkpt lat="44.16512" lon="3.14829">
        <ele>778</ele>
        <time>2026-08-21T16:35:36+00:00</time>
      </trkpt>
      <trkpt lat="44.16511" lon="3.14849">
        <ele>780</ele>
        <time>2026-08-21T16:35:39+00:00</time>
      </trkpt>
      <trkpt lat="44.16508" lon="3.14894">
        <ele>779</ele>
        <time>2026-08-21T16:35:42+00:00</time>
      </trkpt>
      <trkpt lat="44.16511" lon="3.14916">
        <ele>782</ele>
        <time>2026-08-21T16:35:45+00:00</time>
      </trkpt>
      <trkpt lat="44.1652" lon="3.14932">
        <ele>787</ele>
        <time>2026-08-21T16:35:48+00:00</time>
      </trkpt>
      <trkpt lat="44.16526" lon="3.14954">
        <ele>791</ele>
        <time>2026-08-21T16:35:51+00:00</time>
      </trkpt>
      <trkpt lat="44.16523" lon="3.14976">
        <ele>793</ele>
        <time>2026-08-21T16:35:54+00:00</time>
      </trkpt>
      <trkpt lat="44.16519" lon="3.14997">
        <ele>794</ele>
        <time>2026-08-21T16:35:57+00:00</time>
      </trkpt>
      <trkpt lat="44.16519" lon="3.15016">
        <ele>796</ele>
        <time>2026-08-21T16:36:00+00:00</time>
      </trkpt>
      <trkpt lat="44.16525" lon="3.1504">
        <ele>798</ele>
        <time>2026-08-21T16:36:03+00:00</time>
      </trkpt>
      <trkpt lat="44.16524" lon="3.15052">
        <ele>796</ele>
        <time>2026-08-21T16:36:06+00:00</time>
      </trkpt>
      <trkpt lat="44.16521" lon="3.1507">
        <ele>798</ele>
        <time>2026-08-21T16:36:09+00:00</time>
      </trkpt>
      <trkpt lat="44.1652" lon="3.151">
        <ele>797</ele>
        <time>2026-08-21T16:36:12+00:00</time>
      </trkpt>
      <trkpt lat="44.1653" lon="3.15126">
        <ele>797</ele>
        <time>2026-08-21T16:36:15+00:00</time>
      </trkpt>
      <trkpt lat="44.16528" lon="3.15124">
        <ele>799</ele>
        <time>2026-08-21T16:36:18+00:00</time>
      </trkpt>
      <trkpt lat="44.16524" lon="3.15121">
        <ele>799</ele>
        <time>2026-08-21T16:36:21+00:00</time>
      </trkpt>
      <trkpt lat="44.16518" lon="3.15116">
        <ele>798</ele>
        <time>2026-08-21T16:36:24+00:00</time>
      </trkpt>
      <trkpt lat="44.16516" lon="3.15113">
        <ele>798</ele>
        <time>2026-08-21T16:36:27+00:00</time>
      </trkpt>
      <trkpt lat="44.16513" lon="3.15107">
        <ele>797</ele>
        <time>2026-08-21T16:36:30+00:00</time>
      </trkpt>
      <trkpt lat="44.16509" lon="3.15101">
        <ele>797</ele>
        <time>2026-08-21T16:36:33+00:00</time>
      </trkpt>
      <trkpt lat="44.16507" lon="3.15098">
        <ele>797</ele>
        <time>2026-08-21T16:36:36+00:00</time>
      </trkpt>
      <trkpt lat="44.16503" lon="3.15097">
        <ele>797</ele>
        <time>2026-08-21T16:36:39+00:00</time>
      </trkpt>
      <trkpt lat="44.16498" lon="3.15096">
        <ele>797</ele>
        <time>2026-08-21T16:36:42+00:00</time>
      </trkpt>
      <trkpt lat="44.16494" lon="3.15096">
        <ele>797</ele>
        <time>2026-08-21T16:36:45+00:00</time>
      </trkpt>
      <trkpt lat="44.16491" lon="3.15098">
        <ele>797</ele>
        <time>2026-08-21T16:36:48+00:00</time>
      </trkpt>
      <trkpt lat="44.16489" lon="3.15101">
        <ele>797</ele>
        <time>2026-08-21T16:36:51+00:00</time>
      </trkpt>
      <trkpt lat="44.16489" lon="3.15104">
        <ele>797</ele>
        <time>2026-08-21T16:36:54+00:00</time>
      </trkpt>
      <trkpt lat="44.16487" lon="3.15106">
        <ele>797</ele>
        <time>2026-08-21T16:36:57+00:00</time>
      </trkpt>
      <trkpt lat="44.16486" lon="3.15108">
        <ele>797</ele>
        <time>2026-08-21T16:37:00+00:00</time>
      </trkpt>
      <trkpt lat="44.16483" lon="3.15109">
        <ele>797</ele>
        <time>2026-08-21T16:37:03+00:00</time>
      </trkpt>
      <trkpt lat="44.16471" lon="3.15111">
        <ele>798</ele>
        <time>2026-08-21T16:37:06+00:00</time>
      </trkpt>
      <trkpt lat="44.16458" lon="3.15113">
        <ele>799</ele>
        <time>2026-08-21T16:37:09+00:00</time>
      </trkpt>
      <trkpt lat="44.16447" lon="3.15115">
        <ele>800</ele>
        <time>2026-08-21T16:37:12+00:00</time>
      </trkpt>
      <trkpt lat="44.16436" lon="3.15118">
        <ele>800</ele>
        <time>2026-08-21T16:37:15+00:00</time>
      </trkpt>
      <trkpt lat="44.16428" lon="3.15122">
        <ele>800</ele>
        <time>2026-08-21T16:37:18+00:00</time>
      </trkpt>
      <trkpt lat="44.16423" lon="3.15125">
        <ele>800</ele>
        <time>2026-08-21T16:37:21+00:00</time>
      </trkpt>
      <trkpt lat="44.16416" lon="3.15132">
        <ele>800</ele>
        <time>2026-08-21T16:37:24+00:00</time>
      </trkpt>
      <trkpt lat="44.16406" lon="3.15139">
        <ele>802</ele>
        <time>2026-08-21T16:37:27+00:00</time>
      </trkpt>
      <trkpt lat="44.16399" lon="3.15144">
        <ele>803</ele>
        <time>2026-08-21T16:37:30+00:00</time>
      </trkpt>
      <trkpt lat="44.16396" lon="3.15146">
        <ele>803</ele>
        <time>2026-08-21T16:37:33+00:00</time>
      </trkpt>
      <trkpt lat="44.16392" lon="3.15146">
        <ele>803</ele>
        <time>2026-08-21T16:37:36+00:00</time>
      </trkpt>
      <trkpt lat="44.16387" lon="3.15147">
        <ele>803</ele>
        <time>2026-08-21T16:37:39+00:00</time>
      </trkpt>
      <trkpt lat="44.1638" lon="3.1515">
        <ele>803</ele>
        <time>2026-08-21T16:37:42+00:00</time>
      </trkpt>
      <trkpt lat="44.16374" lon="3.15152">
        <ele>804</ele>
        <time>2026-08-21T16:37:45+00:00</time>
      </trkpt>
      <trkpt lat="44.16372" lon="3.15153">
        <ele>804</ele>
        <time>2026-08-21T16:37:48+00:00</time>
      </trkpt>
      <trkpt lat="44.1637" lon="3.15157">
        <ele>804</ele>
        <time>2026-08-21T16:37:51+00:00</time>
      </trkpt>
      <trkpt lat="44.16368" lon="3.15159">
        <ele>806</ele>
        <time>2026-08-21T16:37:54+00:00</time>
      </trkpt>
      <trkpt lat="44.16365" lon="3.1516">
        <ele>806</ele>
        <time>2026-08-21T16:37:57+00:00</time>
      </trkpt>
      <trkpt lat="44.16363" lon="3.15161">
        <ele>806</ele>
        <time>2026-08-21T16:38:00+00:00</time>
      </trkpt>
      <trkpt lat="44.16361" lon="3.15161">
        <ele>806</ele>
        <time>2026-08-21T16:38:03+00:00</time>
      </trkpt>
      <trkpt lat="44.16357" lon="3.15163">
        <ele>808</ele>
        <time>2026-08-21T16:38:06+00:00</time>
      </trkpt>
      <trkpt lat="44.16355" lon="3.15165">
        <ele>808</ele>
        <time>2026-08-21T16:38:09+00:00</time>
      </trkpt>
      <trkpt lat="44.16354" lon="3.15167">
        <ele>808</ele>
        <time>2026-08-21T16:38:12+00:00</time>
      </trkpt>
      <trkpt lat="44.16351" lon="3.15168">
        <ele>808</ele>
        <time>2026-08-21T16:38:15+00:00</time>
      </trkpt>
      <trkpt lat="44.16347" lon="3.15168">
        <ele>811</ele>
        <time>2026-08-21T16:38:18+00:00</time>
      </trkpt>
      <trkpt lat="44.16344" lon="3.15168">
        <ele>811</ele>
        <time>2026-08-21T16:38:21+00:00</time>
      </trkpt>
      <trkpt lat="44.16338" lon="3.1517">
        <ele>812</ele>
        <time>2026-08-21T16:38:24+00:00</time>
      </trkpt>
      <trkpt lat="44.16332" lon="3.15173">
        <ele>812</ele>
        <time>2026-08-21T16:38:27+00:00</time>
      </trkpt>
      <trkpt lat="44.16328" lon="3.15175">
        <ele>813</ele>
        <time>2026-08-21T16:38:30+00:00</time>
      </trkpt>
      <trkpt lat="44.16324" lon="3.15176">
        <ele>813</ele>
        <time>2026-08-21T16:38:33+00:00</time>
      </trkpt>
      <trkpt lat="44.16317" lon="3.15178">
        <ele>814</ele>
        <time>2026-08-21T16:38:36+00:00</time>
      </trkpt>
      <trkpt lat="44.1631" lon="3.15179">
        <ele>814</ele>
        <time>2026-08-21T16:38:39+00:00</time>
      </trkpt>
      <trkpt lat="44.16305" lon="3.15179">
        <ele>815</ele>
        <time>2026-08-21T16:38:42+00:00</time>
      </trkpt>
      <trkpt lat="44.16295" lon="3.15179">
        <ele>815</ele>
        <time>2026-08-21T16:38:45+00:00</time>
      </trkpt>
      <trkpt lat="44.16286" lon="3.1518">
        <ele>816</ele>
        <time>2026-08-21T16:38:48+00:00</time>
      </trkpt>
      <trkpt lat="44.16279" lon="3.15181">
        <ele>816</ele>
        <time>2026-08-21T16:38:51+00:00</time>
      </trkpt>
      <trkpt lat="44.16273" lon="3.15182">
        <ele>816</ele>
        <time>2026-08-21T16:38:54+00:00</time>
      </trkpt>
      <trkpt lat="44.16265" lon="3.15184">
        <ele>817</ele>
        <time>2026-08-21T16:38:57+00:00</time>
      </trkpt>
      <trkpt lat="44.16253" lon="3.15187">
        <ele>817</ele>
        <time>2026-08-21T16:39:00+00:00</time>
      </trkpt>
      <trkpt lat="44.16241" lon="3.1519">
        <ele>817</ele>
        <time>2026-08-21T16:39:03+00:00</time>
      </trkpt>
      <trkpt lat="44.16232" lon="3.15193">
        <ele>818</ele>
        <time>2026-08-21T16:39:06+00:00</time>
      </trkpt>
      <trkpt lat="44.16226" lon="3.15197">
        <ele>818</ele>
        <time>2026-08-21T16:39:09+00:00</time>
      </trkpt>
      <trkpt lat="44.16219" lon="3.15202">
        <ele>818</ele>
        <time>2026-08-21T16:39:12+00:00</time>
      </trkpt>
      <trkpt lat="44.16218" lon="3.15204">
        <ele>818</ele>
        <time>2026-08-21T16:39:15+00:00</time>
      </trkpt>
      <trkpt lat="44.16218" lon="3.15204">
        <ele>818</ele>
        <time>2026-08-21T16:39:18+00:00</time>
      </trkpt>
      <trkpt lat="44.16216" lon="3.15206">
        <ele>818</ele>
        <time>2026-08-21T16:39:21+00:00</time>
      </trkpt>
      <trkpt lat="44.16213" lon="3.15211">
        <ele>818</ele>
        <time>2026-08-21T16:39:24+00:00</time>
      </trkpt>
      <trkpt lat="44.16208" lon="3.15215">
        <ele>818</ele>
        <time>2026-08-21T16:39:27+00:00</time>
      </trkpt>
      <trkpt lat="44.16205" lon="3.15217">
        <ele>818</ele>
        <time>2026-08-21T16:39:30+00:00</time>
      </trkpt>
      <trkpt lat="44.16201" lon="3.15217">
        <ele>818</ele>
        <time>2026-08-21T16:39:33+00:00</time>
      </trkpt>
      <trkpt lat="44.16199" lon="3.15218">
        <ele>819</ele>
        <time>2026-08-21T16:39:36+00:00</time>
      </trkpt>
      <trkpt lat="44.16195" lon="3.1522">
        <ele>818</ele>
        <time>2026-08-21T16:39:39+00:00</time>
      </trkpt>
      <trkpt lat="44.1619" lon="3.15222">
        <ele>819</ele>
        <time>2026-08-21T16:39:42+00:00</time>
      </trkpt>
      <trkpt lat="44.16186" lon="3.15223">
        <ele>819</ele>
        <time>2026-08-21T16:39:45+00:00</time>
      </trkpt>
      <trkpt lat="44.16181" lon="3.15222">
        <ele>819</ele>
        <time>2026-08-21T16:39:48+00:00</time>
      </trkpt>
      <trkpt lat="44.16174" lon="3.15222">
        <ele>819</ele>
        <time>2026-08-21T16:39:51+00:00</time>
      </trkpt>
      <trkpt lat="44.16167" lon="3.15225">
        <ele>821</ele>
        <time>2026-08-21T16:39:54+00:00</time>
      </trkpt>
      <trkpt lat="44.16163" lon="3.15226">
        <ele>821</ele>
        <time>2026-08-21T16:39:57+00:00</time>
      </trkpt>
      <trkpt lat="44.16159" lon="3.1523">
        <ele>823</ele>
        <time>2026-08-21T16:40:00+00:00</time>
      </trkpt>
      <trkpt lat="44.16157" lon="3.15234">
        <ele>822</ele>
        <time>2026-08-21T16:40:03+00:00</time>
      </trkpt>
      <trkpt lat="44.16155" lon="3.15237">
        <ele>822</ele>
        <time>2026-08-21T16:40:06+00:00</time>
      </trkpt>
      <trkpt lat="44.16153" lon="3.15239">
        <ele>822</ele>
        <time>2026-08-21T16:40:09+00:00</time>
      </trkpt>
      <trkpt lat="44.16151" lon="3.15241">
        <ele>821</ele>
        <time>2026-08-21T16:40:12+00:00</time>
      </trkpt>
      <trkpt lat="44.16147" lon="3.15244">
        <ele>823</ele>
        <time>2026-08-21T16:40:15+00:00</time>
      </trkpt>
      <trkpt lat="44.16143" lon="3.15249">
        <ele>823</ele>
        <time>2026-08-21T16:40:18+00:00</time>
      </trkpt>
      <trkpt lat="44.16138" lon="3.15254">
        <ele>824</ele>
        <time>2026-08-21T16:40:21+00:00</time>
      </trkpt>
      <trkpt lat="44.16137" lon="3.1526">
        <ele>824</ele>
        <time>2026-08-21T16:40:24+00:00</time>
      </trkpt>
      <trkpt lat="44.16135" lon="3.15266">
        <ele>825</ele>
        <time>2026-08-21T16:40:27+00:00</time>
      </trkpt>
      <trkpt lat="44.16132" lon="3.15271">
        <ele>825</ele>
        <time>2026-08-21T16:40:30+00:00</time>
      </trkpt>
      <trkpt lat="44.16128" lon="3.15279">
        <ele>826</ele>
        <time>2026-08-21T16:40:33+00:00</time>
      </trkpt>
      <trkpt lat="44.16124" lon="3.1529">
        <ele>826</ele>
        <time>2026-08-21T16:40:36+00:00</time>
      </trkpt>
      <trkpt lat="44.16122" lon="3.15294">
        <ele>827</ele>
        <time>2026-08-21T16:40:39+00:00</time>
      </trkpt>
      <trkpt lat="44.16118" lon="3.15298">
        <ele>828</ele>
        <time>2026-08-21T16:40:42+00:00</time>
      </trkpt>
      <trkpt lat="44.16114" lon="3.153">
        <ele>829</ele>
        <time>2026-08-21T16:40:45+00:00</time>
      </trkpt>
      <trkpt lat="44.16112" lon="3.15301">
        <ele>829</ele>
        <time>2026-08-21T16:40:48+00:00</time>
      </trkpt>
      <trkpt lat="44.16109" lon="3.15301">
        <ele>832</ele>
        <time>2026-08-21T16:40:51+00:00</time>
      </trkpt>
      <trkpt lat="44.16104" lon="3.15302">
        <ele>832</ele>
        <time>2026-08-21T16:40:54+00:00</time>
      </trkpt>
      <trkpt lat="44.16099" lon="3.15303">
        <ele>833</ele>
        <time>2026-08-21T16:40:57+00:00</time>
      </trkpt>
      <trkpt lat="44.16095" lon="3.15305">
        <ele>833</ele>
        <time>2026-08-21T16:41:00+00:00</time>
      </trkpt>
      <trkpt lat="44.16091" lon="3.15311">
        <ele>833</ele>
        <time>2026-08-21T16:41:03+00:00</time>
      </trkpt>
      <trkpt lat="44.16088" lon="3.15319">
        <ele>834</ele>
        <time>2026-08-21T16:41:06+00:00</time>
      </trkpt>
      <trkpt lat="44.16085" lon="3.15327">
        <ele>834</ele>
        <time>2026-08-21T16:41:09+00:00</time>
      </trkpt>
      <trkpt lat="44.16083" lon="3.1533">
        <ele>835</ele>
        <time>2026-08-21T16:41:12+00:00</time>
      </trkpt>
      <trkpt lat="44.1608" lon="3.15335">
        <ele>835</ele>
        <time>2026-08-21T16:41:15+00:00</time>
      </trkpt>
      <trkpt lat="44.16079" lon="3.15337">
        <ele>835</ele>
        <time>2026-08-21T16:41:18+00:00</time>
      </trkpt>
      <trkpt lat="44.16077" lon="3.1534">
        <ele>835</ele>
        <time>2026-08-21T16:41:21+00:00</time>
      </trkpt>
      <trkpt lat="44.16076" lon="3.15341">
        <ele>836</ele>
        <time>2026-08-21T16:41:24+00:00</time>
      </trkpt>
      <trkpt lat="44.16076" lon="3.15346">
        <ele>836</ele>
        <time>2026-08-21T16:41:27+00:00</time>
      </trkpt>
      <trkpt lat="44.16076" lon="3.15352">
        <ele>836</ele>
        <time>2026-08-21T16:41:30+00:00</time>
      </trkpt>
      <trkpt lat="44.16075" lon="3.15354">
        <ele>836</ele>
        <time>2026-08-21T16:41:33+00:00</time>
      </trkpt>
      <trkpt lat="44.16074" lon="3.15356">
        <ele>836</ele>
        <time>2026-08-21T16:41:36+00:00</time>
      </trkpt>
      <trkpt lat="44.16073" lon="3.15357">
        <ele>836</ele>
        <time>2026-08-21T16:41:39+00:00</time>
      </trkpt>
      <trkpt lat="44.16073" lon="3.15358">
        <ele>836</ele>
        <time>2026-08-21T16:41:42+00:00</time>
      </trkpt>
      <trkpt lat="44.16073" lon="3.15363">
        <ele>837</ele>
        <time>2026-08-21T16:41:45+00:00</time>
      </trkpt>
      <trkpt lat="44.16074" lon="3.15365">
        <ele>837</ele>
        <time>2026-08-21T16:41:48+00:00</time>
      </trkpt>
      <trkpt lat="44.16075" lon="3.15367">
        <ele>837</ele>
        <time>2026-08-21T16:41:51+00:00</time>
      </trkpt>
      <trkpt lat="44.16077" lon="3.15368">
        <ele>837</ele>
        <time>2026-08-21T16:41:54+00:00</time>
      </trkpt>
      <trkpt lat="44.16078" lon="3.15371">
        <ele>837</ele>
        <time>2026-08-21T16:41:57+00:00</time>
      </trkpt>
      <trkpt lat="44.16078" lon="3.15375">
        <ele>837</ele>
        <time>2026-08-21T16:42:00+00:00</time>
      </trkpt>
      <trkpt lat="44.16077" lon="3.15377">
        <ele>837</ele>
        <time>2026-08-21T16:42:03+00:00</time>
      </trkpt>
      <trkpt lat="44.16073" lon="3.1538">
        <ele>837</ele>
        <time>2026-08-21T16:42:06+00:00</time>
      </trkpt>
      <trkpt lat="44.16071" lon="3.1538">
        <ele>837</ele>
        <time>2026-08-21T16:42:09+00:00</time>
      </trkpt>
      <trkpt lat="44.16067" lon="3.15378">
        <ele>837</ele>
        <time>2026-08-21T16:42:12+00:00</time>
      </trkpt>
      <trkpt lat="44.16065" lon="3.15374">
        <ele>837</ele>
        <time>2026-08-21T16:42:15+00:00</time>
      </trkpt>
      <trkpt lat="44.16062" lon="3.15369">
        <ele>837</ele>
        <time>2026-08-21T16:42:18+00:00</time>
      </trkpt>
      <trkpt lat="44.1606" lon="3.15363">
        <ele>837</ele>
        <time>2026-08-21T16:42:21+00:00</time>
      </trkpt>
      <trkpt lat="44.16059" lon="3.1536">
        <ele>837</ele>
        <time>2026-08-21T16:42:24+00:00</time>
      </trkpt>
      <trkpt lat="44.16058" lon="3.15351">
        <ele>836</ele>
        <time>2026-08-21T16:42:27+00:00</time>
      </trkpt>
      <trkpt lat="44.16058" lon="3.15346">
        <ele>836</ele>
        <time>2026-08-21T16:42:30+00:00</time>
      </trkpt>
      <trkpt lat="44.16058" lon="3.15335">
        <ele>836</ele>
        <time>2026-08-21T16:42:33+00:00</time>
      </trkpt>
      <trkpt lat="44.1606" lon="3.15323">
        <ele>836</ele>
        <time>2026-08-21T16:42:36+00:00</time>
      </trkpt>
      <trkpt lat="44.16062" lon="3.15305">
        <ele>836</ele>
        <time>2026-08-21T16:42:39+00:00</time>
      </trkpt>
      <trkpt lat="44.16063" lon="3.15295">
        <ele>836</ele>
        <time>2026-08-21T16:42:42+00:00</time>
      </trkpt>
      <trkpt lat="44.16063" lon="3.15289">
        <ele>836</ele>
        <time>2026-08-21T16:42:45+00:00</time>
      </trkpt>
      <trkpt lat="44.16062" lon="3.15286">
        <ele>836</ele>
        <time>2026-08-21T16:42:48+00:00</time>
      </trkpt>
      <trkpt lat="44.16061" lon="3.15284">
        <ele>836</ele>
        <time>2026-08-21T16:42:51+00:00</time>
      </trkpt>
      <trkpt lat="44.16058" lon="3.15282">
        <ele>837</ele>
        <time>2026-08-21T16:42:54+00:00</time>
      </trkpt>
      <trkpt lat="44.16057" lon="3.15281">
        <ele>837</ele>
        <time>2026-08-21T16:42:57+00:00</time>
      </trkpt>
      <trkpt lat="44.16054" lon="3.15282">
        <ele>837</ele>
        <time>2026-08-21T16:43:00+00:00</time>
      </trkpt>
      <trkpt lat="44.16052" lon="3.15283">
        <ele>837</ele>
        <time>2026-08-21T16:43:03+00:00</time>
      </trkpt>
      <trkpt lat="44.16048" lon="3.15286">
        <ele>839</ele>
        <time>2026-08-21T16:43:06+00:00</time>
      </trkpt>
      <trkpt lat="44.16041" lon="3.15292">
        <ele>838</ele>
        <time>2026-08-21T16:43:09+00:00</time>
      </trkpt>
      <trkpt lat="44.16035" lon="3.15298">
        <ele>837</ele>
        <time>2026-08-21T16:43:12+00:00</time>
      </trkpt>
      <trkpt lat="44.16032" lon="3.15302">
        <ele>838</ele>
        <time>2026-08-21T16:43:15+00:00</time>
      </trkpt>
      <trkpt lat="44.16029" lon="3.15306">
        <ele>838</ele>
        <time>2026-08-21T16:43:18+00:00</time>
      </trkpt>
      <trkpt lat="44.16027" lon="3.15309">
        <ele>838</ele>
        <time>2026-08-21T16:43:21+00:00</time>
      </trkpt>
      <trkpt lat="44.16024" lon="3.15311">
        <ele>838</ele>
        <time>2026-08-21T16:43:24+00:00</time>
      </trkpt>
      <trkpt lat="44.16021" lon="3.15313">
        <ele>838</ele>
        <time>2026-08-21T16:43:27+00:00</time>
      </trkpt>
      <trkpt lat="44.16014" lon="3.15316">
        <ele>838</ele>
        <time>2026-08-21T16:43:30+00:00</time>
      </trkpt>
      <trkpt lat="44.16007" lon="3.15319">
        <ele>838</ele>
        <time>2026-08-21T16:43:33+00:00</time>
      </trkpt>
      <trkpt lat="44.16005" lon="3.15319">
        <ele>838</ele>
        <time>2026-08-21T16:43:36+00:00</time>
      </trkpt>
      <trkpt lat="44.15995" lon="3.15322">
        <ele>838</ele>
        <time>2026-08-21T16:43:39+00:00</time>
      </trkpt>
      <trkpt lat="44.15981" lon="3.15327">
        <ele>839</ele>
        <time>2026-08-21T16:43:42+00:00</time>
      </trkpt>
      <trkpt lat="44.1597" lon="3.15331">
        <ele>839</ele>
        <time>2026-08-21T16:43:45+00:00</time>
      </trkpt>
      <trkpt lat="44.15955" lon="3.15333">
        <ele>839</ele>
        <time>2026-08-21T16:43:48+00:00</time>
      </trkpt>
      <trkpt lat="44.15946" lon="3.15336">
        <ele>839</ele>
        <time>2026-08-21T16:43:51+00:00</time>
      </trkpt>
      <trkpt lat="44.15935" lon="3.15337">
        <ele>839</ele>
        <time>2026-08-21T16:43:54+00:00</time>
      </trkpt>
      <trkpt lat="44.1593" lon="3.15337">
        <ele>839</ele>
        <time>2026-08-21T16:43:57+00:00</time>
      </trkpt>
      <trkpt lat="44.15922" lon="3.15334">
        <ele>839</ele>
        <time>2026-08-21T16:44:00+00:00</time>
      </trkpt>
      <trkpt lat="44.15916" lon="3.15332">
        <ele>839</ele>
        <time>2026-08-21T16:44:03+00:00</time>
      </trkpt>
      <trkpt lat="44.15912" lon="3.15331">
        <ele>839</ele>
        <time>2026-08-21T16:44:06+00:00</time>
      </trkpt>
      <trkpt lat="44.15909" lon="3.15332">
        <ele>840</ele>
        <time>2026-08-21T16:44:09+00:00</time>
      </trkpt>
      <trkpt lat="44.15905" lon="3.15334">
        <ele>840</ele>
        <time>2026-08-21T16:44:12+00:00</time>
      </trkpt>
      <trkpt lat="44.15903" lon="3.15337">
        <ele>840</ele>
        <time>2026-08-21T16:44:15+00:00</time>
      </trkpt>
      <trkpt lat="44.159" lon="3.15339">
        <ele>840</ele>
        <time>2026-08-21T16:44:18+00:00</time>
      </trkpt>
      <trkpt lat="44.15898" lon="3.15342">
        <ele>840</ele>
        <time>2026-08-21T16:44:21+00:00</time>
      </trkpt>
      <trkpt lat="44.15896" lon="3.15343">
        <ele>840</ele>
        <time>2026-08-21T16:44:24+00:00</time>
      </trkpt>
      <trkpt lat="44.15892" lon="3.15346">
        <ele>840</ele>
        <time>2026-08-21T16:44:27+00:00</time>
      </trkpt>
      <trkpt lat="44.15888" lon="3.15347">
        <ele>840</ele>
        <time>2026-08-21T16:44:30+00:00</time>
      </trkpt>
      <trkpt lat="44.15883" lon="3.15348">
        <ele>840</ele>
        <time>2026-08-21T16:44:33+00:00</time>
      </trkpt>
      <trkpt lat="44.1588" lon="3.1535">
        <ele>840</ele>
        <time>2026-08-21T16:44:36+00:00</time>
      </trkpt>
      <trkpt lat="44.15878" lon="3.15353">
        <ele>839</ele>
        <time>2026-08-21T16:44:39+00:00</time>
      </trkpt>
      <trkpt lat="44.15875" lon="3.15355">
        <ele>839</ele>
        <time>2026-08-21T16:44:42+00:00</time>
      </trkpt>
      <trkpt lat="44.15872" lon="3.15356">
        <ele>839</ele>
        <time>2026-08-21T16:44:45+00:00</time>
      </trkpt>
      <trkpt lat="44.1587" lon="3.15358">
        <ele>839</ele>
        <time>2026-08-21T16:44:48+00:00</time>
      </trkpt>
      <trkpt lat="44.15867" lon="3.1536">
        <ele>839</ele>
        <time>2026-08-21T16:44:51+00:00</time>
      </trkpt>
      <trkpt lat="44.15866" lon="3.15363">
        <ele>839</ele>
        <time>2026-08-21T16:44:54+00:00</time>
      </trkpt>
      <trkpt lat="44.15864" lon="3.15365">
        <ele>839</ele>
        <time>2026-08-21T16:44:57+00:00</time>
      </trkpt>
      <trkpt lat="44.15863" lon="3.15367">
        <ele>839</ele>
        <time>2026-08-21T16:45:00+00:00</time>
      </trkpt>
      <trkpt lat="44.15863" lon="3.15369">
        <ele>839</ele>
        <time>2026-08-21T16:45:03+00:00</time>
      </trkpt>
      <trkpt lat="44.15862" lon="3.15373">
        <ele>839</ele>
        <time>2026-08-21T16:45:06+00:00</time>
      </trkpt>
      <trkpt lat="44.15862" lon="3.15382">
        <ele>838</ele>
        <time>2026-08-21T16:45:09+00:00</time>
      </trkpt>
      <trkpt lat="44.15863" lon="3.15387">
        <ele>838</ele>
        <time>2026-08-21T16:45:12+00:00</time>
      </trkpt>
      <trkpt lat="44.15864" lon="3.15392">
        <ele>838</ele>
        <time>2026-08-21T16:45:15+00:00</time>
      </trkpt>
      <trkpt lat="44.15865" lon="3.15402">
        <ele>838</ele>
        <time>2026-08-21T16:45:18+00:00</time>
      </trkpt>
      <trkpt lat="44.15866" lon="3.15408">
        <ele>838</ele>
        <time>2026-08-21T16:45:21+00:00</time>
      </trkpt>
      <trkpt lat="44.15866" lon="3.15413">
        <ele>838</ele>
        <time>2026-08-21T16:45:24+00:00</time>
      </trkpt>
      <trkpt lat="44.15867" lon="3.15426">
        <ele>838</ele>
        <time>2026-08-21T16:45:27+00:00</time>
      </trkpt>
      <trkpt lat="44.15871" lon="3.15435">
        <ele>838</ele>
        <time>2026-08-21T16:45:30+00:00</time>
      </trkpt>
      <trkpt lat="44.15874" lon="3.15443">
        <ele>838</ele>
        <time>2026-08-21T16:45:33+00:00</time>
      </trkpt>
      <trkpt lat="44.15876" lon="3.15452">
        <ele>838</ele>
        <time>2026-08-21T16:45:36+00:00</time>
      </trkpt>
      <trkpt lat="44.1588" lon="3.15468">
        <ele>838</ele>
        <time>2026-08-21T16:45:39+00:00</time>
      </trkpt>
      <trkpt lat="44.15885" lon="3.15479">
        <ele>838</ele>
        <time>2026-08-21T16:45:42+00:00</time>
      </trkpt>
      <trkpt lat="44.15888" lon="3.15485">
        <ele>838</ele>
        <time>2026-08-21T16:45:45+00:00</time>
      </trkpt>
      <trkpt lat="44.15889" lon="3.15488">
        <ele>838</ele>
        <time>2026-08-21T16:45:48+00:00</time>
      </trkpt>
      <trkpt lat="44.15889" lon="3.1549">
        <ele>838</ele>
        <time>2026-08-21T16:45:51+00:00</time>
      </trkpt>
      <trkpt lat="44.15889" lon="3.15496">
        <ele>838</ele>
        <time>2026-08-21T16:45:54+00:00</time>
      </trkpt>
      <trkpt lat="44.15888" lon="3.15499">
        <ele>838</ele>
        <time>2026-08-21T16:45:57+00:00</time>
      </trkpt>
      <trkpt lat="44.15886" lon="3.15503">
        <ele>838</ele>
        <time>2026-08-21T16:46:00+00:00</time>
      </trkpt>
      <trkpt lat="44.15885" lon="3.15506">
        <ele>838</ele>
        <time>2026-08-21T16:46:03+00:00</time>
      </trkpt>
      <trkpt lat="44.15884" lon="3.15508">
        <ele>838</ele>
        <time>2026-08-21T16:46:06+00:00</time>
      </trkpt>
      <trkpt lat="44.15882" lon="3.15512">
        <ele>838</ele>
        <time>2026-08-21T16:46:09+00:00</time>
      </trkpt>
      <trkpt lat="44.15879" lon="3.15516">
        <ele>838</ele>
        <time>2026-08-21T16:46:12+00:00</time>
      </trkpt>
      <trkpt lat="44.15878" lon="3.1552">
        <ele>838</ele>
        <time>2026-08-21T16:46:15+00:00</time>
      </trkpt>
      <trkpt lat="44.15877" lon="3.15522">
        <ele>838</ele>
        <time>2026-08-21T16:46:18+00:00</time>
      </trkpt>
      <trkpt lat="44.15876" lon="3.15525">
        <ele>838</ele>
        <time>2026-08-21T16:46:21+00:00</time>
      </trkpt>
      <trkpt lat="44.15875" lon="3.1553">
        <ele>838</ele>
        <time>2026-08-21T16:46:24+00:00</time>
      </trkpt>
      <trkpt lat="44.15874" lon="3.15531">
        <ele>838</ele>
        <time>2026-08-21T16:46:27+00:00</time>
      </trkpt>
      <trkpt lat="44.15873" lon="3.15534">
        <ele>838</ele>
        <time>2026-08-21T16:46:30+00:00</time>
      </trkpt>
      <trkpt lat="44.1587" lon="3.15537">
        <ele>838</ele>
        <time>2026-08-21T16:46:33+00:00</time>
      </trkpt>
      <trkpt lat="44.15867" lon="3.15539">
        <ele>838</ele>
        <time>2026-08-21T16:46:36+00:00</time>
      </trkpt>
      <trkpt lat="44.15859" lon="3.15546">
        <ele>838</ele>
        <time>2026-08-21T16:46:39+00:00</time>
      </trkpt>
      <trkpt lat="44.15859" lon="3.1554">
        <ele>838</ele>
        <time>2026-08-21T16:46:42+00:00</time>
      </trkpt>
      <trkpt lat="44.15856" lon="3.1553">
        <ele>838</ele>
        <time>2026-08-21T16:46:45+00:00</time>
      </trkpt>
      <trkpt lat="44.15853" lon="3.1552">
        <ele>837</ele>
        <time>2026-08-21T16:46:48+00:00</time>
      </trkpt>
      <trkpt lat="44.15849" lon="3.15506">
        <ele>837</ele>
        <time>2026-08-21T16:46:51+00:00</time>
      </trkpt>
      <trkpt lat="44.15845" lon="3.15488">
        <ele>837</ele>
        <time>2026-08-21T16:46:54+00:00</time>
      </trkpt>
      <trkpt lat="44.15838" lon="3.15468">
        <ele>836</ele>
        <time>2026-08-21T16:46:57+00:00</time>
      </trkpt>
      <trkpt lat="44.15833" lon="3.15456">
        <ele>836</ele>
        <time>2026-08-21T16:47:00+00:00</time>
      </trkpt>
      <trkpt lat="44.15828" lon="3.15444">
        <ele>836</ele>
        <time>2026-08-21T16:47:03+00:00</time>
      </trkpt>
      <trkpt lat="44.15824" lon="3.15437">
        <ele>836</ele>
        <time>2026-08-21T16:47:06+00:00</time>
      </trkpt>
      <trkpt lat="44.15822" lon="3.15434">
        <ele>836</ele>
        <time>2026-08-21T16:47:09+00:00</time>
      </trkpt>
      <trkpt lat="44.1582" lon="3.15433">
        <ele>836</ele>
        <time>2026-08-21T16:47:12+00:00</time>
      </trkpt>
      <trkpt lat="44.15814" lon="3.15427">
        <ele>836</ele>
        <time>2026-08-21T16:47:15+00:00</time>
      </trkpt>
      <trkpt lat="44.15802" lon="3.1542">
        <ele>835</ele>
        <time>2026-08-21T16:47:18+00:00</time>
      </trkpt>
      <trkpt lat="44.1579" lon="3.15412">
        <ele>834</ele>
        <time>2026-08-21T16:47:21+00:00</time>
      </trkpt>
      <trkpt lat="44.15783" lon="3.1541">
        <ele>834</ele>
        <time>2026-08-21T16:47:24+00:00</time>
      </trkpt>
      <trkpt lat="44.15782" lon="3.1541">
        <ele>834</ele>
        <time>2026-08-21T16:47:27+00:00</time>
      </trkpt>
      <trkpt lat="44.15777" lon="3.1541">
        <ele>833</ele>
        <time>2026-08-21T16:47:30+00:00</time>
      </trkpt>
      <trkpt lat="44.15772" lon="3.15409">
        <ele>833</ele>
        <time>2026-08-21T16:47:33+00:00</time>
      </trkpt>
      <trkpt lat="44.15767" lon="3.15407">
        <ele>833</ele>
        <time>2026-08-21T16:47:36+00:00</time>
      </trkpt>
      <trkpt lat="44.15758" lon="3.15399">
        <ele>832</ele>
        <time>2026-08-21T16:47:39+00:00</time>
      </trkpt>
      <trkpt lat="44.15754" lon="3.15394">
        <ele>832</ele>
        <time>2026-08-21T16:47:42+00:00</time>
      </trkpt>
      <trkpt lat="44.15747" lon="3.15386">
        <ele>830</ele>
        <time>2026-08-21T16:47:45+00:00</time>
      </trkpt>
      <trkpt lat="44.15745" lon="3.15382">
        <ele>830</ele>
        <time>2026-08-21T16:47:48+00:00</time>
      </trkpt>
      <trkpt lat="44.15742" lon="3.15375">
        <ele>830</ele>
        <time>2026-08-21T16:47:51+00:00</time>
      </trkpt>
      <trkpt lat="44.15739" lon="3.15364">
        <ele>828</ele>
        <time>2026-08-21T16:47:54+00:00</time>
      </trkpt>
      <trkpt lat="44.15736" lon="3.15351">
        <ele>827</ele>
        <time>2026-08-21T16:47:57+00:00</time>
      </trkpt>
      <trkpt lat="44.15731" lon="3.15337">
        <ele>826</ele>
        <time>2026-08-21T16:48:00+00:00</time>
      </trkpt>
      <trkpt lat="44.15725" lon="3.15338">
        <ele>825</ele>
        <time>2026-08-21T16:48:03+00:00</time>
      </trkpt>
      <trkpt lat="44.15715" lon="3.15333">
        <ele>825</ele>
        <time>2026-08-21T16:48:06+00:00</time>
      </trkpt>
      <trkpt lat="44.15695" lon="3.15302">
        <ele>822</ele>
        <time>2026-08-21T16:48:09+00:00</time>
      </trkpt>
      <trkpt lat="44.1567" lon="3.15297">
        <ele>822</ele>
        <time>2026-08-21T16:48:12+00:00</time>
      </trkpt>
      <trkpt lat="44.15643" lon="3.15293">
        <ele>823</ele>
        <time>2026-08-21T16:48:15+00:00</time>
      </trkpt>
      <trkpt lat="44.15625" lon="3.15297">
        <ele>824</ele>
        <time>2026-08-21T16:48:18+00:00</time>
      </trkpt>
      <trkpt lat="44.15604" lon="3.15297">
        <ele>826</ele>
        <time>2026-08-21T16:48:21+00:00</time>
      </trkpt>
      <trkpt lat="44.15576" lon="3.15297">
        <ele>827</ele>
        <time>2026-08-21T16:48:24+00:00</time>
      </trkpt>
      <trkpt lat="44.15544" lon="3.15296">
        <ele>829</ele>
        <time>2026-08-21T16:48:27+00:00</time>
      </trkpt>
      <trkpt lat="44.15541" lon="3.15294">
        <ele>829</ele>
        <time>2026-08-21T16:48:30+00:00</time>
      </trkpt>
      <trkpt lat="44.15541" lon="3.15294">
        <ele>829</ele>
        <time>2026-08-21T16:48:33+00:00</time>
      </trkpt>
      <trkpt lat="44.15532" lon="3.15288">
        <ele>830</ele>
        <time>2026-08-21T16:48:36+00:00</time>
      </trkpt>
      <trkpt lat="44.15531" lon="3.15278">
        <ele>830</ele>
        <time>2026-08-21T16:48:39+00:00</time>
      </trkpt>
      <trkpt lat="44.15531" lon="3.15268">
        <ele>830</ele>
        <time>2026-08-21T16:48:42+00:00</time>
      </trkpt>
      <trkpt lat="44.15528" lon="3.15253">
        <ele>831</ele>
        <time>2026-08-21T16:48:45+00:00</time>
      </trkpt>
      <trkpt lat="44.15517" lon="3.15244">
        <ele>831</ele>
        <time>2026-08-21T16:48:48+00:00</time>
      </trkpt>
      <trkpt lat="44.15514" lon="3.15236">
        <ele>831</ele>
        <time>2026-08-21T16:48:51+00:00</time>
      </trkpt>
      <trkpt lat="44.15512" lon="3.15203">
        <ele>832</ele>
        <time>2026-08-21T16:48:54+00:00</time>
      </trkpt>
      <trkpt lat="44.15518" lon="3.15146">
        <ele>834</ele>
        <time>2026-08-21T16:48:57+00:00</time>
      </trkpt>
      <trkpt lat="44.15521" lon="3.1512">
        <ele>836</ele>
        <time>2026-08-21T16:49:00+00:00</time>
      </trkpt>
      <trkpt lat="44.15529" lon="3.15093">
        <ele>837</ele>
        <time>2026-08-21T16:49:03+00:00</time>
      </trkpt>
      <trkpt lat="44.1554" lon="3.15054">
        <ele>839</ele>
        <time>2026-08-21T16:49:06+00:00</time>
      </trkpt>
      <trkpt lat="44.15533" lon="3.15056">
        <ele>839</ele>
        <time>2026-08-21T16:49:09+00:00</time>
      </trkpt>
      <trkpt lat="44.15523" lon="3.1506">
        <ele>839</ele>
        <time>2026-08-21T16:49:12+00:00</time>
      </trkpt>
      <trkpt lat="44.15521" lon="3.15061">
        <ele>839</ele>
        <time>2026-08-21T16:49:15+00:00</time>
      </trkpt>
      <trkpt lat="44.1551" lon="3.15065">
        <ele>839</ele>
        <time>2026-08-21T16:49:18+00:00</time>
      </trkpt>
      <trkpt lat="44.15502" lon="3.15069">
        <ele>840</ele>
        <time>2026-08-21T16:49:21+00:00</time>
      </trkpt>
      <trkpt lat="44.15499" lon="3.15072">
        <ele>839</ele>
        <time>2026-08-21T16:49:24+00:00</time>
      </trkpt>
      <trkpt lat="44.15478" lon="3.15052">
        <ele>839</ele>
        <time>2026-08-21T16:49:27+00:00</time>
      </trkpt>
      <trkpt lat="44.15454" lon="3.15031">
        <ele>838</ele>
        <time>2026-08-21T16:49:30+00:00</time>
      </trkpt>
      <trkpt lat="44.15433" lon="3.15012">
        <ele>837</ele>
        <time>2026-08-21T16:49:33+00:00</time>
      </trkpt>
      <trkpt lat="44.15412" lon="3.14995">
        <ele>837</ele>
        <time>2026-08-21T16:49:36+00:00</time>
      </trkpt>
      <trkpt lat="44.15392" lon="3.14978">
        <ele>837</ele>
        <time>2026-08-21T16:49:39+00:00</time>
      </trkpt>
      <trkpt lat="44.15374" lon="3.14963">
        <ele>837</ele>
        <time>2026-08-21T16:49:42+00:00</time>
      </trkpt>
      <trkpt lat="44.15359" lon="3.14949">
        <ele>837</ele>
        <time>2026-08-21T16:49:45+00:00</time>
      </trkpt>
      <trkpt lat="44.15346" lon="3.14935">
        <ele>837</ele>
        <time>2026-08-21T16:49:48+00:00</time>
      </trkpt>
      <trkpt lat="44.15333" lon="3.14922">
        <ele>837</ele>
        <time>2026-08-21T16:49:51+00:00</time>
      </trkpt>
      <trkpt lat="44.15323" lon="3.14909">
        <ele>838</ele>
        <time>2026-08-21T16:49:54+00:00</time>
      </trkpt>
      <trkpt lat="44.15316" lon="3.14898">
        <ele>838</ele>
        <time>2026-08-21T16:49:57+00:00</time>
      </trkpt>
      <trkpt lat="44.15308" lon="3.14885">
        <ele>838</ele>
        <time>2026-08-21T16:50:00+00:00</time>
      </trkpt>
      <trkpt lat="44.15301" lon="3.14877">
        <ele>838</ele>
        <time>2026-08-21T16:50:03+00:00</time>
      </trkpt>
      <trkpt lat="44.15292" lon="3.14868">
        <ele>839</ele>
        <time>2026-08-21T16:50:06+00:00</time>
      </trkpt>
      <trkpt lat="44.15281" lon="3.14862">
        <ele>839</ele>
        <time>2026-08-21T16:50:09+00:00</time>
      </trkpt>
      <trkpt lat="44.15266" lon="3.14853">
        <ele>839</ele>
        <time>2026-08-21T16:50:12+00:00</time>
      </trkpt>
      <trkpt lat="44.15253" lon="3.14848">
        <ele>840</ele>
        <time>2026-08-21T16:50:15+00:00</time>
      </trkpt>
      <trkpt lat="44.15243" lon="3.14848">
        <ele>840</ele>
        <time>2026-08-21T16:50:18+00:00</time>
      </trkpt>
      <trkpt lat="44.15232" lon="3.1485">
        <ele>840</ele>
        <time>2026-08-21T16:50:21+00:00</time>
      </trkpt>
      <trkpt lat="44.15219" lon="3.14855">
        <ele>840</ele>
        <time>2026-08-21T16:50:24+00:00</time>
      </trkpt>
      <trkpt lat="44.15212" lon="3.14858">
        <ele>840</ele>
        <time>2026-08-21T16:50:27+00:00</time>
      </trkpt>
      <trkpt lat="44.15206" lon="3.14861">
        <ele>840</ele>
        <time>2026-08-21T16:50:30+00:00</time>
      </trkpt>
      <trkpt lat="44.152" lon="3.14869">
        <ele>839</ele>
        <time>2026-08-21T16:50:33+00:00</time>
      </trkpt>
      <trkpt lat="44.15197" lon="3.14872">
        <ele>840</ele>
        <time>2026-08-21T16:50:36+00:00</time>
      </trkpt>
      <trkpt lat="44.1519" lon="3.14881">
        <ele>840</ele>
        <time>2026-08-21T16:50:39+00:00</time>
      </trkpt>
      <trkpt lat="44.15182" lon="3.14893">
        <ele>839</ele>
        <time>2026-08-21T16:50:42+00:00</time>
      </trkpt>
      <trkpt lat="44.15171" lon="3.14907">
        <ele>839</ele>
        <time>2026-08-21T16:50:45+00:00</time>
      </trkpt>
      <trkpt lat="44.15163" lon="3.14919">
        <ele>839</ele>
        <time>2026-08-21T16:50:48+00:00</time>
      </trkpt>
      <trkpt lat="44.15156" lon="3.14927">
        <ele>840</ele>
        <time>2026-08-21T16:50:51+00:00</time>
      </trkpt>
      <trkpt lat="44.15152" lon="3.14931">
        <ele>839</ele>
        <time>2026-08-21T16:50:54+00:00</time>
      </trkpt>
      <trkpt lat="44.15146" lon="3.14935">
        <ele>839</ele>
        <time>2026-08-21T16:50:57+00:00</time>
      </trkpt>
      <trkpt lat="44.15144" lon="3.14931">
        <ele>839</ele>
        <time>2026-08-21T16:51:00+00:00</time>
      </trkpt>
      <trkpt lat="44.15141" lon="3.14929">
        <ele>840</ele>
        <time>2026-08-21T16:51:03+00:00</time>
      </trkpt>
      <trkpt lat="44.15137" lon="3.14926">
        <ele>842</ele>
        <time>2026-08-21T16:51:06+00:00</time>
      </trkpt>
      <trkpt lat="44.15133" lon="3.14926">
        <ele>842</ele>
        <time>2026-08-21T16:51:09+00:00</time>
      </trkpt>
      <trkpt lat="44.15127" lon="3.14927">
        <ele>842</ele>
        <time>2026-08-21T16:51:12+00:00</time>
      </trkpt>
      <trkpt lat="44.15121" lon="3.1493">
        <ele>841</ele>
        <time>2026-08-21T16:51:15+00:00</time>
      </trkpt>
      <trkpt lat="44.15114" lon="3.14936">
        <ele>842</ele>
        <time>2026-08-21T16:51:18+00:00</time>
      </trkpt>
      <trkpt lat="44.15106" lon="3.1494">
        <ele>843</ele>
        <time>2026-08-21T16:51:21+00:00</time>
      </trkpt>
      <trkpt lat="44.15097" lon="3.14943">
        <ele>843</ele>
        <time>2026-08-21T16:51:24+00:00</time>
      </trkpt>
      <trkpt lat="44.15084" lon="3.14946">
        <ele>843</ele>
        <time>2026-08-21T16:51:27+00:00</time>
      </trkpt>
      <trkpt lat="44.15069" lon="3.1495">
        <ele>845</ele>
        <time>2026-08-21T16:51:30+00:00</time>
      </trkpt>
      <trkpt lat="44.15057" lon="3.14954">
        <ele>845</ele>
        <time>2026-08-21T16:51:33+00:00</time>
      </trkpt>
      <trkpt lat="44.15051" lon="3.14954">
        <ele>845</ele>
        <time>2026-08-21T16:51:36+00:00</time>
      </trkpt>
      <trkpt lat="44.15047" lon="3.14953">
        <ele>846</ele>
        <time>2026-08-21T16:51:39+00:00</time>
      </trkpt>
      <trkpt lat="44.15043" lon="3.14952">
        <ele>846</ele>
        <time>2026-08-21T16:51:42+00:00</time>
      </trkpt>
      <trkpt lat="44.15039" lon="3.14949">
        <ele>846</ele>
        <time>2026-08-21T16:51:45+00:00</time>
      </trkpt>
      <trkpt lat="44.15034" lon="3.14943">
        <ele>845</ele>
        <time>2026-08-21T16:51:48+00:00</time>
      </trkpt>
      <trkpt lat="44.1503" lon="3.14936">
        <ele>846</ele>
        <time>2026-08-21T16:51:51+00:00</time>
      </trkpt>
      <trkpt lat="44.15024" lon="3.14924">
        <ele>846</ele>
        <time>2026-08-21T16:51:54+00:00</time>
      </trkpt>
      <trkpt lat="44.15016" lon="3.14908">
        <ele>845</ele>
        <time>2026-08-21T16:51:57+00:00</time>
      </trkpt>
      <trkpt lat="44.1501" lon="3.14897">
        <ele>845</ele>
        <time>2026-08-21T16:52:00+00:00</time>
      </trkpt>
      <trkpt lat="44.15005" lon="3.14888">
        <ele>845</ele>
        <time>2026-08-21T16:52:03+00:00</time>
      </trkpt>
      <trkpt lat="44.15002" lon="3.14884">
        <ele>845</ele>
        <time>2026-08-21T16:52:06+00:00</time>
      </trkpt>
      <trkpt lat="44.14999" lon="3.14883">
        <ele>845</ele>
        <time>2026-08-21T16:52:09+00:00</time>
      </trkpt>
      <trkpt lat="44.14997" lon="3.14883">
        <ele>845</ele>
        <time>2026-08-21T16:52:12+00:00</time>
      </trkpt>
      <trkpt lat="44.14994" lon="3.14884">
        <ele>845</ele>
        <time>2026-08-21T16:52:15+00:00</time>
      </trkpt>
      <trkpt lat="44.14991" lon="3.14886">
        <ele>845</ele>
        <time>2026-08-21T16:52:18+00:00</time>
      </trkpt>
      <trkpt lat="44.1498" lon="3.14887">
        <ele>845</ele>
        <time>2026-08-21T16:52:21+00:00</time>
      </trkpt>
      <trkpt lat="44.14968" lon="3.14887">
        <ele>845</ele>
        <time>2026-08-21T16:52:24+00:00</time>
      </trkpt>
      <trkpt lat="44.14957" lon="3.14888">
        <ele>844</ele>
        <time>2026-08-21T16:52:27+00:00</time>
      </trkpt>
      <trkpt lat="44.14954" lon="3.14888">
        <ele>844</ele>
        <time>2026-08-21T16:52:30+00:00</time>
      </trkpt>
      <trkpt lat="44.14938" lon="3.14889">
        <ele>844</ele>
        <time>2026-08-21T16:52:33+00:00</time>
      </trkpt>
      <trkpt lat="44.14922" lon="3.14891">
        <ele>844</ele>
        <time>2026-08-21T16:52:36+00:00</time>
      </trkpt>
      <trkpt lat="44.14904" lon="3.14892">
        <ele>843</ele>
        <time>2026-08-21T16:52:39+00:00</time>
      </trkpt>
      <trkpt lat="44.14886" lon="3.14893">
        <ele>842</ele>
        <time>2026-08-21T16:52:42+00:00</time>
      </trkpt>
      <trkpt lat="44.14875" lon="3.14894">
        <ele>841</ele>
        <time>2026-08-21T16:52:45+00:00</time>
      </trkpt>
      <trkpt lat="44.14866" lon="3.14897">
        <ele>841</ele>
        <time>2026-08-21T16:52:48+00:00</time>
      </trkpt>
      <trkpt lat="44.14854" lon="3.14904">
        <ele>840</ele>
        <time>2026-08-21T16:52:51+00:00</time>
      </trkpt>
      <trkpt lat="44.14836" lon="3.1491">
        <ele>839</ele>
        <time>2026-08-21T16:52:54+00:00</time>
      </trkpt>
      <trkpt lat="44.14823" lon="3.14915">
        <ele>839</ele>
        <time>2026-08-21T16:52:57+00:00</time>
      </trkpt>
      <trkpt lat="44.14815" lon="3.14917">
        <ele>839</ele>
        <time>2026-08-21T16:53:00+00:00</time>
      </trkpt>
      <trkpt lat="44.14807" lon="3.14917">
        <ele>839</ele>
        <time>2026-08-21T16:53:03+00:00</time>
      </trkpt>
      <trkpt lat="44.14794" lon="3.14918">
        <ele>839</ele>
        <time>2026-08-21T16:53:06+00:00</time>
      </trkpt>
      <trkpt lat="44.14778" lon="3.14919">
        <ele>839</ele>
        <time>2026-08-21T16:53:09+00:00</time>
      </trkpt>
      <trkpt lat="44.14761" lon="3.14921">
        <ele>839</ele>
        <time>2026-08-21T16:53:12+00:00</time>
      </trkpt>
      <trkpt lat="44.14742" lon="3.14922">
        <ele>840</ele>
        <time>2026-08-21T16:53:15+00:00</time>
      </trkpt>
      <trkpt lat="44.14724" lon="3.14924">
        <ele>840</ele>
        <time>2026-08-21T16:53:18+00:00</time>
      </trkpt>
      <trkpt lat="44.14711" lon="3.14926">
        <ele>840</ele>
        <time>2026-08-21T16:53:21+00:00</time>
      </trkpt>
      <trkpt lat="44.14701" lon="3.14929">
        <ele>840</ele>
        <time>2026-08-21T16:53:24+00:00</time>
      </trkpt>
      <trkpt lat="44.14697" lon="3.14932">
        <ele>841</ele>
        <time>2026-08-21T16:53:27+00:00</time>
      </trkpt>
      <trkpt lat="44.14692" lon="3.14936">
        <ele>841</ele>
        <time>2026-08-21T16:53:30+00:00</time>
      </trkpt>
      <trkpt lat="44.14686" lon="3.14944">
        <ele>842</ele>
        <time>2026-08-21T16:53:33+00:00</time>
      </trkpt>
      <trkpt lat="44.14678" lon="3.14955">
        <ele>842</ele>
        <time>2026-08-21T16:53:36+00:00</time>
      </trkpt>
      <trkpt lat="44.14673" lon="3.14961">
        <ele>843</ele>
        <time>2026-08-21T16:53:39+00:00</time>
      </trkpt>
      <trkpt lat="44.14663" lon="3.14971">
        <ele>843</ele>
        <time>2026-08-21T16:53:42+00:00</time>
      </trkpt>
      <trkpt lat="44.14655" lon="3.14977">
        <ele>843</ele>
        <time>2026-08-21T16:53:45+00:00</time>
      </trkpt>
      <trkpt lat="44.1465" lon="3.14982">
        <ele>843</ele>
        <time>2026-08-21T16:53:48+00:00</time>
      </trkpt>
      <trkpt lat="44.14645" lon="3.14986">
        <ele>843</ele>
        <time>2026-08-21T16:53:51+00:00</time>
      </trkpt>
      <trkpt lat="44.14641" lon="3.14993">
        <ele>844</ele>
        <time>2026-08-21T16:53:54+00:00</time>
      </trkpt>
      <trkpt lat="44.14636" lon="3.15003">
        <ele>844</ele>
        <time>2026-08-21T16:53:57+00:00</time>
      </trkpt>
      <trkpt lat="44.14633" lon="3.1501">
        <ele>844</ele>
        <time>2026-08-21T16:54:00+00:00</time>
      </trkpt>
      <trkpt lat="44.14631" lon="3.15013">
        <ele>845</ele>
        <time>2026-08-21T16:54:03+00:00</time>
      </trkpt>
      <trkpt lat="44.14625" lon="3.15011">
        <ele>844</ele>
        <time>2026-08-21T16:54:06+00:00</time>
      </trkpt>
      <trkpt lat="44.14622" lon="3.1501">
        <ele>844</ele>
        <time>2026-08-21T16:54:09+00:00</time>
      </trkpt>
      <trkpt lat="44.14614" lon="3.15007">
        <ele>844</ele>
        <time>2026-08-21T16:54:12+00:00</time>
      </trkpt>
      <trkpt lat="44.14608" lon="3.15004">
        <ele>843</ele>
        <time>2026-08-21T16:54:15+00:00</time>
      </trkpt>
      <trkpt lat="44.14601" lon="3.15">
        <ele>843</ele>
        <time>2026-08-21T16:54:18+00:00</time>
      </trkpt>
      <trkpt lat="44.14595" lon="3.14994">
        <ele>843</ele>
        <time>2026-08-21T16:54:21+00:00</time>
      </trkpt>
      <trkpt lat="44.14591" lon="3.14992">
        <ele>843</ele>
        <time>2026-08-21T16:54:24+00:00</time>
      </trkpt>
      <trkpt lat="44.14587" lon="3.14989">
        <ele>842</ele>
        <time>2026-08-21T16:54:27+00:00</time>
      </trkpt>
      <trkpt lat="44.1458" lon="3.14987">
        <ele>842</ele>
        <time>2026-08-21T16:54:30+00:00</time>
      </trkpt>
      <trkpt lat="44.14571" lon="3.14984">
        <ele>842</ele>
        <time>2026-08-21T16:54:33+00:00</time>
      </trkpt>
      <trkpt lat="44.14562" lon="3.14979">
        <ele>842</ele>
        <time>2026-08-21T16:54:36+00:00</time>
      </trkpt>
      <trkpt lat="44.14558" lon="3.14977">
        <ele>841</ele>
        <time>2026-08-21T16:54:39+00:00</time>
      </trkpt>
      <trkpt lat="44.14541" lon="3.14968">
        <ele>842</ele>
        <time>2026-08-21T16:54:42+00:00</time>
      </trkpt>
      <trkpt lat="44.1452" lon="3.14956">
        <ele>842</ele>
        <time>2026-08-21T16:54:45+00:00</time>
      </trkpt>
      <trkpt lat="44.14497" lon="3.14943">
        <ele>842</ele>
        <time>2026-08-21T16:54:48+00:00</time>
      </trkpt>
      <trkpt lat="44.14487" lon="3.14936">
        <ele>842</ele>
        <time>2026-08-21T16:54:51+00:00</time>
      </trkpt>
      <trkpt lat="44.14485" lon="3.14935">
        <ele>842</ele>
        <time>2026-08-21T16:54:54+00:00</time>
      </trkpt>
      <trkpt lat="44.14492" lon="3.14926">
        <ele>843</ele>
        <time>2026-08-21T16:54:57+00:00</time>
      </trkpt>
      <trkpt lat="44.14501" lon="3.14913">
        <ele>843</ele>
        <time>2026-08-21T16:55:00+00:00</time>
      </trkpt>
      <trkpt lat="44.14509" lon="3.14904">
        <ele>843</ele>
        <time>2026-08-21T16:55:03+00:00</time>
      </trkpt>
      <trkpt lat="44.14512" lon="3.149">
        <ele>843</ele>
        <time>2026-08-21T16:55:06+00:00</time>
      </trkpt>
      <trkpt lat="44.14514" lon="3.14895">
        <ele>844</ele>
        <time>2026-08-21T16:55:09+00:00</time>
      </trkpt>
      <trkpt lat="44.14516" lon="3.14888">
        <ele>844</ele>
        <time>2026-08-21T16:55:12+00:00</time>
      </trkpt>
      <trkpt lat="44.14517" lon="3.14872">
        <ele>844</ele>
        <time>2026-08-21T16:55:15+00:00</time>
      </trkpt>
      <trkpt lat="44.14519" lon="3.14865">
        <ele>844</ele>
        <time>2026-08-21T16:55:18+00:00</time>
      </trkpt>
      <trkpt lat="44.14523" lon="3.14853">
        <ele>844</ele>
        <time>2026-08-21T16:55:21+00:00</time>
      </trkpt>
      <trkpt lat="44.14528" lon="3.14844">
        <ele>844</ele>
        <time>2026-08-21T16:55:24+00:00</time>
      </trkpt>
      <trkpt lat="44.14535" lon="3.14834">
        <ele>844</ele>
        <time>2026-08-21T16:55:27+00:00</time>
      </trkpt>
      <trkpt lat="44.14541" lon="3.14826">
        <ele>844</ele>
        <time>2026-08-21T16:55:30+00:00</time>
      </trkpt>
      <trkpt lat="44.14549" lon="3.14819">
        <ele>844</ele>
        <time>2026-08-21T16:55:33+00:00</time>
      </trkpt>
      <trkpt lat="44.14558" lon="3.14813">
        <ele>844</ele>
        <time>2026-08-21T16:55:36+00:00</time>
      </trkpt>
      <trkpt lat="44.14562" lon="3.1481">
        <ele>843</ele>
        <time>2026-08-21T16:55:39+00:00</time>
      </trkpt>
      <trkpt lat="44.14565" lon="3.14805">
        <ele>843</ele>
        <time>2026-08-21T16:55:42+00:00</time>
      </trkpt>
      <trkpt lat="44.14573" lon="3.1479">
        <ele>843</ele>
        <time>2026-08-21T16:55:45+00:00</time>
      </trkpt>
      <trkpt lat="44.14582" lon="3.14773">
        <ele>843</ele>
        <time>2026-08-21T16:55:48+00:00</time>
      </trkpt>
      <trkpt lat="44.14585" lon="3.14767">
        <ele>843</ele>
        <time>2026-08-21T16:55:51+00:00</time>
      </trkpt>
      <trkpt lat="44.14589" lon="3.14762">
        <ele>843</ele>
        <time>2026-08-21T16:55:54+00:00</time>
      </trkpt>
      <trkpt lat="44.14591" lon="3.14759">
        <ele>842</ele>
        <time>2026-08-21T16:55:57+00:00</time>
      </trkpt>
      <trkpt lat="44.14596" lon="3.14754">
        <ele>842</ele>
        <time>2026-08-21T16:56:00+00:00</time>
      </trkpt>
      <trkpt lat="44.14603" lon="3.1475">
        <ele>842</ele>
        <time>2026-08-21T16:56:03+00:00</time>
      </trkpt>
      <trkpt lat="44.14611" lon="3.14744">
        <ele>842</ele>
        <time>2026-08-21T16:56:06+00:00</time>
      </trkpt>
      <trkpt lat="44.14616" lon="3.14739">
        <ele>842</ele>
        <time>2026-08-21T16:56:09+00:00</time>
      </trkpt>
      <trkpt lat="44.1462" lon="3.14736">
        <ele>842</ele>
        <time>2026-08-21T16:56:12+00:00</time>
      </trkpt>
      <trkpt lat="44.14627" lon="3.14732">
        <ele>842</ele>
        <time>2026-08-21T16:56:15+00:00</time>
      </trkpt>
      <trkpt lat="44.14632" lon="3.1473">
        <ele>841</ele>
        <time>2026-08-21T16:56:18+00:00</time>
      </trkpt>
      <trkpt lat="44.14639" lon="3.14727">
        <ele>841</ele>
        <time>2026-08-21T16:56:21+00:00</time>
      </trkpt>
      <trkpt lat="44.14646" lon="3.14724">
        <ele>841</ele>
        <time>2026-08-21T16:56:24+00:00</time>
      </trkpt>
      <trkpt lat="44.14656" lon="3.14717">
        <ele>841</ele>
        <time>2026-08-21T16:56:27+00:00</time>
      </trkpt>
      <trkpt lat="44.14668" lon="3.14707">
        <ele>841</ele>
        <time>2026-08-21T16:56:30+00:00</time>
      </trkpt>
      <trkpt lat="44.14679" lon="3.14699">
        <ele>840</ele>
        <time>2026-08-21T16:56:33+00:00</time>
      </trkpt>
      <trkpt lat="44.14689" lon="3.1469">
        <ele>840</ele>
        <time>2026-08-21T16:56:36+00:00</time>
      </trkpt>
      <trkpt lat="44.14696" lon="3.14683">
        <ele>840</ele>
        <time>2026-08-21T16:56:39+00:00</time>
      </trkpt>
      <trkpt lat="44.14702" lon="3.14676">
        <ele>840</ele>
        <time>2026-08-21T16:56:42+00:00</time>
      </trkpt>
      <trkpt lat="44.14705" lon="3.14671">
        <ele>840</ele>
        <time>2026-08-21T16:56:45+00:00</time>
      </trkpt>
      <trkpt lat="44.14708" lon="3.14665">
        <ele>840</ele>
        <time>2026-08-21T16:56:48+00:00</time>
      </trkpt>
      <trkpt lat="44.1471" lon="3.14659">
        <ele>840</ele>
        <time>2026-08-21T16:56:51+00:00</time>
      </trkpt>
      <trkpt lat="44.14712" lon="3.14651">
        <ele>840</ele>
        <time>2026-08-21T16:56:54+00:00</time>
      </trkpt>
      <trkpt lat="44.14714" lon="3.14645">
        <ele>840</ele>
        <time>2026-08-21T16:56:57+00:00</time>
      </trkpt>
      <trkpt lat="44.14715" lon="3.14641">
        <ele>840</ele>
        <time>2026-08-21T16:57:00+00:00</time>
      </trkpt>
      <trkpt lat="44.14718" lon="3.14638">
        <ele>841</ele>
        <time>2026-08-21T16:57:03+00:00</time>
      </trkpt>
      <trkpt lat="44.14721" lon="3.14636">
        <ele>841</ele>
        <time>2026-08-21T16:57:06+00:00</time>
      </trkpt>
      <trkpt lat="44.14724" lon="3.14633">
        <ele>841</ele>
        <time>2026-08-21T16:57:09+00:00</time>
      </trkpt>
      <trkpt lat="44.14728" lon="3.14629">
        <ele>841</ele>
        <time>2026-08-21T16:57:12+00:00</time>
      </trkpt>
      <trkpt lat="44.14732" lon="3.14627">
        <ele>840</ele>
        <time>2026-08-21T16:57:15+00:00</time>
      </trkpt>
      <trkpt lat="44.14734" lon="3.14624">
        <ele>841</ele>
        <time>2026-08-21T16:57:18+00:00</time>
      </trkpt>
      <trkpt lat="44.14738" lon="3.14617">
        <ele>841</ele>
        <time>2026-08-21T16:57:21+00:00</time>
      </trkpt>
      <trkpt lat="44.14742" lon="3.14607">
        <ele>841</ele>
        <time>2026-08-21T16:57:24+00:00</time>
      </trkpt>
      <trkpt lat="44.14745" lon="3.14596">
        <ele>840</ele>
        <time>2026-08-21T16:57:27+00:00</time>
      </trkpt>
      <trkpt lat="44.14751" lon="3.14577">
        <ele>840</ele>
        <time>2026-08-21T16:57:30+00:00</time>
      </trkpt>
      <trkpt lat="44.14754" lon="3.14567">
        <ele>840</ele>
        <time>2026-08-21T16:57:33+00:00</time>
      </trkpt>
      <trkpt lat="44.14758" lon="3.1456">
        <ele>840</ele>
        <time>2026-08-21T16:57:36+00:00</time>
      </trkpt>
      <trkpt lat="44.1476" lon="3.14555">
        <ele>840</ele>
        <time>2026-08-21T16:57:39+00:00</time>
      </trkpt>
      <trkpt lat="44.14762" lon="3.1455">
        <ele>840</ele>
        <time>2026-08-21T16:57:42+00:00</time>
      </trkpt>
      <trkpt lat="44.14765" lon="3.14543">
        <ele>840</ele>
        <time>2026-08-21T16:57:45+00:00</time>
      </trkpt>
      <trkpt lat="44.14765" lon="3.14542">
        <ele>840</ele>
        <time>2026-08-21T16:57:48+00:00</time>
      </trkpt>
      <trkpt lat="44.14759" lon="3.14536">
        <ele>840</ele>
        <time>2026-08-21T16:57:51+00:00</time>
      </trkpt>
      <trkpt lat="44.14751" lon="3.14526">
        <ele>840</ele>
        <time>2026-08-21T16:57:54+00:00</time>
      </trkpt>
      <trkpt lat="44.1475" lon="3.14525">
        <ele>840</ele>
        <time>2026-08-21T16:57:57+00:00</time>
      </trkpt>
      <trkpt lat="44.14743" lon="3.14516">
        <ele>840</ele>
        <time>2026-08-21T16:58:00+00:00</time>
      </trkpt>
      <trkpt lat="44.14734" lon="3.14507">
        <ele>840</ele>
        <time>2026-08-21T16:58:03+00:00</time>
      </trkpt>
      <trkpt lat="44.14727" lon="3.14503">
        <ele>840</ele>
        <time>2026-08-21T16:58:06+00:00</time>
      </trkpt>
      <trkpt lat="44.14722" lon="3.14499">
        <ele>839</ele>
        <time>2026-08-21T16:58:09+00:00</time>
      </trkpt>
      <trkpt lat="44.14718" lon="3.14496">
        <ele>840</ele>
        <time>2026-08-21T16:58:12+00:00</time>
      </trkpt>
      <trkpt lat="44.14713" lon="3.14495">
        <ele>840</ele>
        <time>2026-08-21T16:58:15+00:00</time>
      </trkpt>
      <trkpt lat="44.14707" lon="3.14493">
        <ele>840</ele>
        <time>2026-08-21T16:58:18+00:00</time>
      </trkpt>
      <trkpt lat="44.147" lon="3.14491">
        <ele>840</ele>
        <time>2026-08-21T16:58:21+00:00</time>
      </trkpt>
      <trkpt lat="44.14693" lon="3.14489">
        <ele>840</ele>
        <time>2026-08-21T16:58:24+00:00</time>
      </trkpt>
      <trkpt lat="44.14688" lon="3.14487">
        <ele>839</ele>
        <time>2026-08-21T16:58:27+00:00</time>
      </trkpt>
      <trkpt lat="44.14681" lon="3.14482">
        <ele>839</ele>
        <time>2026-08-21T16:58:30+00:00</time>
      </trkpt>
      <trkpt lat="44.14675" lon="3.14478">
        <ele>839</ele>
        <time>2026-08-21T16:58:33+00:00</time>
      </trkpt>
      <trkpt lat="44.14667" lon="3.14474">
        <ele>839</ele>
        <time>2026-08-21T16:58:36+00:00</time>
      </trkpt>
      <trkpt lat="44.14662" lon="3.14473">
        <ele>839</ele>
        <time>2026-08-21T16:58:39+00:00</time>
      </trkpt>
      <trkpt lat="44.14653" lon="3.14473">
        <ele>838</ele>
        <time>2026-08-21T16:58:42+00:00</time>
      </trkpt>
      <trkpt lat="44.14648" lon="3.14472">
        <ele>838</ele>
        <time>2026-08-21T16:58:45+00:00</time>
      </trkpt>
      <trkpt lat="44.14644" lon="3.1447">
        <ele>838</ele>
        <time>2026-08-21T16:58:48+00:00</time>
      </trkpt>
      <trkpt lat="44.14637" lon="3.14466">
        <ele>837</ele>
        <time>2026-08-21T16:58:51+00:00</time>
      </trkpt>
      <trkpt lat="44.14629" lon="3.14461">
        <ele>837</ele>
        <time>2026-08-21T16:58:54+00:00</time>
      </trkpt>
      <trkpt lat="44.14622" lon="3.14458">
        <ele>836</ele>
        <time>2026-08-21T16:58:57+00:00</time>
      </trkpt>
      <trkpt lat="44.14617" lon="3.14457">
        <ele>836</ele>
        <time>2026-08-21T16:59:00+00:00</time>
      </trkpt>
      <trkpt lat="44.14611" lon="3.14457">
        <ele>836</ele>
        <time>2026-08-21T16:59:03+00:00</time>
      </trkpt>
      <trkpt lat="44.14605" lon="3.14458">
        <ele>836</ele>
        <time>2026-08-21T16:59:06+00:00</time>
      </trkpt>
      <trkpt lat="44.14597" lon="3.1446">
        <ele>836</ele>
        <time>2026-08-21T16:59:09+00:00</time>
      </trkpt>
      <trkpt lat="44.14587" lon="3.14464">
        <ele>835</ele>
        <time>2026-08-21T16:59:12+00:00</time>
      </trkpt>
      <trkpt lat="44.14577" lon="3.14467">
        <ele>834</ele>
        <time>2026-08-21T16:59:15+00:00</time>
      </trkpt>
      <trkpt lat="44.14568" lon="3.14467">
        <ele>834</ele>
        <time>2026-08-21T16:59:18+00:00</time>
      </trkpt>
      <trkpt lat="44.14563" lon="3.14467">
        <ele>834</ele>
        <time>2026-08-21T16:59:21+00:00</time>
      </trkpt>
      <trkpt lat="44.14557" lon="3.14465">
        <ele>833</ele>
        <time>2026-08-21T16:59:24+00:00</time>
      </trkpt>
      <trkpt lat="44.14551" lon="3.14463">
        <ele>833</ele>
        <time>2026-08-21T16:59:27+00:00</time>
      </trkpt>
      <trkpt lat="44.14544" lon="3.14459">
        <ele>832</ele>
        <time>2026-08-21T16:59:30+00:00</time>
      </trkpt>
      <trkpt lat="44.14534" lon="3.14453">
        <ele>832</ele>
        <time>2026-08-21T16:59:33+00:00</time>
      </trkpt>
      <trkpt lat="44.14525" lon="3.14445">
        <ele>830</ele>
        <time>2026-08-21T16:59:36+00:00</time>
      </trkpt>
      <trkpt lat="44.14516" lon="3.14436">
        <ele>830</ele>
        <time>2026-08-21T16:59:39+00:00</time>
      </trkpt>
      <trkpt lat="44.14508" lon="3.14425">
        <ele>830</ele>
        <time>2026-08-21T16:59:42+00:00</time>
      </trkpt>
      <trkpt lat="44.14497" lon="3.14411">
        <ele>830</ele>
        <time>2026-08-21T16:59:45+00:00</time>
      </trkpt>
      <trkpt lat="44.14485" lon="3.14395">
        <ele>830</ele>
        <time>2026-08-21T16:59:48+00:00</time>
      </trkpt>
      <trkpt lat="44.14475" lon="3.14379">
        <ele>830</ele>
        <time>2026-08-21T16:59:51+00:00</time>
      </trkpt>
      <trkpt lat="44.14467" lon="3.14369">
        <ele>830</ele>
        <time>2026-08-21T16:59:54+00:00</time>
      </trkpt>
      <trkpt lat="44.1446" lon="3.14361">
        <ele>830</ele>
        <time>2026-08-21T16:59:57+00:00</time>
      </trkpt>
      <trkpt lat="44.14454" lon="3.14357">
        <ele>830</ele>
        <time>2026-08-21T17:00:00+00:00</time>
      </trkpt>
      <trkpt lat="44.14447" lon="3.14353">
        <ele>829</ele>
        <time>2026-08-21T17:00:03+00:00</time>
      </trkpt>
      <trkpt lat="44.1444" lon="3.1435">
        <ele>829</ele>
        <time>2026-08-21T17:00:06+00:00</time>
      </trkpt>
      <trkpt lat="44.14433" lon="3.14349">
        <ele>829</ele>
        <time>2026-08-21T17:00:09+00:00</time>
      </trkpt>
      <trkpt lat="44.14425" lon="3.14346">
        <ele>829</ele>
        <time>2026-08-21T17:00:12+00:00</time>
      </trkpt>
      <trkpt lat="44.14419" lon="3.14344">
        <ele>829</ele>
        <time>2026-08-21T17:00:15+00:00</time>
      </trkpt>
      <trkpt lat="44.14413" lon="3.14341">
        <ele>829</ele>
        <time>2026-08-21T17:00:18+00:00</time>
      </trkpt>
      <trkpt lat="44.14409" lon="3.14339">
        <ele>829</ele>
        <time>2026-08-21T17:00:21+00:00</time>
      </trkpt>
      <trkpt lat="44.14405" lon="3.14338">
        <ele>829</ele>
        <time>2026-08-21T17:00:24+00:00</time>
      </trkpt>
      <trkpt lat="44.14393" lon="3.14337">
        <ele>829</ele>
        <time>2026-08-21T17:00:27+00:00</time>
      </trkpt>
      <trkpt lat="44.14379" lon="3.14336">
        <ele>829</ele>
        <time>2026-08-21T17:00:30+00:00</time>
      </trkpt>
      <trkpt lat="44.14367" lon="3.14333">
        <ele>829</ele>
        <time>2026-08-21T17:00:33+00:00</time>
      </trkpt>
      <trkpt lat="44.14353" lon="3.14331">
        <ele>829</ele>
        <time>2026-08-21T17:00:36+00:00</time>
      </trkpt>
      <trkpt lat="44.1434" lon="3.14327">
        <ele>829</ele>
        <time>2026-08-21T17:00:39+00:00</time>
      </trkpt>
      <trkpt lat="44.14326" lon="3.1432">
        <ele>829</ele>
        <time>2026-08-21T17:00:42+00:00</time>
      </trkpt>
      <trkpt lat="44.14319" lon="3.14314">
        <ele>829</ele>
        <time>2026-08-21T17:00:45+00:00</time>
      </trkpt>
      <trkpt lat="44.14312" lon="3.14307">
        <ele>829</ele>
        <time>2026-08-21T17:00:48+00:00</time>
      </trkpt>
      <trkpt lat="44.14304" lon="3.14294">
        <ele>829</ele>
        <time>2026-08-21T17:00:51+00:00</time>
      </trkpt>
      <trkpt lat="44.14292" lon="3.14276">
        <ele>829</ele>
        <time>2026-08-21T17:00:54+00:00</time>
      </trkpt>
      <trkpt lat="44.14279" lon="3.14261">
        <ele>830</ele>
        <time>2026-08-21T17:00:57+00:00</time>
      </trkpt>
      <trkpt lat="44.14265" lon="3.14251">
        <ele>830</ele>
        <time>2026-08-21T17:01:00+00:00</time>
      </trkpt>
      <trkpt lat="44.14252" lon="3.14242">
        <ele>830</ele>
        <time>2026-08-21T17:01:03+00:00</time>
      </trkpt>
      <trkpt lat="44.14235" lon="3.14234">
        <ele>829</ele>
        <time>2026-08-21T17:01:06+00:00</time>
      </trkpt>
      <trkpt lat="44.14214" lon="3.14225">
        <ele>829</ele>
        <time>2026-08-21T17:01:09+00:00</time>
      </trkpt>
      <trkpt lat="44.14207" lon="3.14222">
        <ele>829</ele>
        <time>2026-08-21T17:01:12+00:00</time>
      </trkpt>
      <trkpt lat="44.14195" lon="3.14213">
        <ele>828</ele>
        <time>2026-08-21T17:01:15+00:00</time>
      </trkpt>
      <trkpt lat="44.14183" lon="3.14205">
        <ele>828</ele>
        <time>2026-08-21T17:01:18+00:00</time>
      </trkpt>
      <trkpt lat="44.14167" lon="3.14194">
        <ele>828</ele>
        <time>2026-08-21T17:01:21+00:00</time>
      </trkpt>
      <trkpt lat="44.14158" lon="3.14186">
        <ele>828</ele>
        <time>2026-08-21T17:01:24+00:00</time>
      </trkpt>
      <trkpt lat="44.14145" lon="3.14171">
        <ele>828</ele>
        <time>2026-08-21T17:01:27+00:00</time>
      </trkpt>
      <trkpt lat="44.1413" lon="3.14152">
        <ele>828</ele>
        <time>2026-08-21T17:01:30+00:00</time>
      </trkpt>
      <trkpt lat="44.14117" lon="3.14136">
        <ele>827</ele>
        <time>2026-08-21T17:01:33+00:00</time>
      </trkpt>
      <trkpt lat="44.14106" lon="3.14124">
        <ele>828</ele>
        <time>2026-08-21T17:01:36+00:00</time>
      </trkpt>
      <trkpt lat="44.14093" lon="3.14113">
        <ele>829</ele>
        <time>2026-08-21T17:01:39+00:00</time>
      </trkpt>
      <trkpt lat="44.1408" lon="3.14104">
        <ele>829</ele>
        <time>2026-08-21T17:01:42+00:00</time>
      </trkpt>
      <trkpt lat="44.14066" lon="3.14093">
        <ele>831</ele>
        <time>2026-08-21T17:01:45+00:00</time>
      </trkpt>
      <trkpt lat="44.14058" lon="3.14086">
        <ele>832</ele>
        <time>2026-08-21T17:01:48+00:00</time>
      </trkpt>
      <trkpt lat="44.14047" lon="3.14076">
        <ele>835</ele>
        <time>2026-08-21T17:01:51+00:00</time>
      </trkpt>
      <trkpt lat="44.14037" lon="3.14067">
        <ele>836</ele>
        <time>2026-08-21T17:01:54+00:00</time>
      </trkpt>
      <trkpt lat="44.14026" lon="3.14058">
        <ele>836</ele>
        <time>2026-08-21T17:01:57+00:00</time>
      </trkpt>
      <trkpt lat="44.14014" lon="3.14048">
        <ele>837</ele>
        <time>2026-08-21T17:02:00+00:00</time>
      </trkpt>
      <trkpt lat="44.14004" lon="3.14036">
        <ele>838</ele>
        <time>2026-08-21T17:02:03+00:00</time>
      </trkpt>
      <trkpt lat="44.14002" lon="3.14033">
        <ele>838</ele>
        <time>2026-08-21T17:02:06+00:00</time>
      </trkpt>
      <trkpt lat="44.13992" lon="3.14022">
        <ele>838</ele>
        <time>2026-08-21T17:02:09+00:00</time>
      </trkpt>
      <trkpt lat="44.13981" lon="3.14012">
        <ele>839</ele>
        <time>2026-08-21T17:02:12+00:00</time>
      </trkpt>
      <trkpt lat="44.13972" lon="3.14003">
        <ele>838</ele>
        <time>2026-08-21T17:02:15+00:00</time>
      </trkpt>
      <trkpt lat="44.13963" lon="3.13992">
        <ele>839</ele>
        <time>2026-08-21T17:02:18+00:00</time>
      </trkpt>
      <trkpt lat="44.13952" lon="3.13978">
        <ele>838</ele>
        <time>2026-08-21T17:02:21+00:00</time>
      </trkpt>
      <trkpt lat="44.13941" lon="3.13968">
        <ele>836</ele>
        <time>2026-08-21T17:02:24+00:00</time>
      </trkpt>
      <trkpt lat="44.13931" lon="3.13962">
        <ele>836</ele>
        <time>2026-08-21T17:02:27+00:00</time>
      </trkpt>
      <trkpt lat="44.13914" lon="3.13954">
        <ele>833</ele>
        <time>2026-08-21T17:02:30+00:00</time>
      </trkpt>
      <trkpt lat="44.13891" lon="3.13944">
        <ele>831</ele>
        <time>2026-08-21T17:02:33+00:00</time>
      </trkpt>
      <trkpt lat="44.13874" lon="3.13939">
        <ele>831</ele>
        <time>2026-08-21T17:02:36+00:00</time>
      </trkpt>
      <trkpt lat="44.13861" lon="3.13934">
        <ele>831</ele>
        <time>2026-08-21T17:02:39+00:00</time>
      </trkpt>
      <trkpt lat="44.13853" lon="3.1393">
        <ele>830</ele>
        <time>2026-08-21T17:02:42+00:00</time>
      </trkpt>
      <trkpt lat="44.13846" lon="3.13925">
        <ele>830</ele>
        <time>2026-08-21T17:02:45+00:00</time>
      </trkpt>
      <trkpt lat="44.13833" lon="3.13916">
        <ele>830</ele>
        <time>2026-08-21T17:02:48+00:00</time>
      </trkpt>
      <trkpt lat="44.13817" lon="3.13907">
        <ele>828</ele>
        <time>2026-08-21T17:02:51+00:00</time>
      </trkpt>
      <trkpt lat="44.13807" lon="3.13899">
        <ele>826</ele>
        <time>2026-08-21T17:02:54+00:00</time>
      </trkpt>
      <trkpt lat="44.13797" lon="3.13891">
        <ele>826</ele>
        <time>2026-08-21T17:02:57+00:00</time>
      </trkpt>
      <trkpt lat="44.13786" lon="3.13883">
        <ele>825</ele>
        <time>2026-08-21T17:03:00+00:00</time>
      </trkpt>
      <trkpt lat="44.13775" lon="3.13873">
        <ele>824</ele>
        <time>2026-08-21T17:03:03+00:00</time>
      </trkpt>
      <trkpt lat="44.13766" lon="3.13863">
        <ele>823</ele>
        <time>2026-08-21T17:03:06+00:00</time>
      </trkpt>
      <trkpt lat="44.13759" lon="3.13853">
        <ele>822</ele>
        <time>2026-08-21T17:03:09+00:00</time>
      </trkpt>
      <trkpt lat="44.13753" lon="3.13839">
        <ele>821</ele>
        <time>2026-08-21T17:03:12+00:00</time>
      </trkpt>
      <trkpt lat="44.13747" lon="3.13824">
        <ele>820</ele>
        <time>2026-08-21T17:03:15+00:00</time>
      </trkpt>
      <trkpt lat="44.1374" lon="3.13814">
        <ele>820</ele>
        <time>2026-08-21T17:03:18+00:00</time>
      </trkpt>
      <trkpt lat="44.13735" lon="3.1381">
        <ele>819</ele>
        <time>2026-08-21T17:03:21+00:00</time>
      </trkpt>
      <trkpt lat="44.1372" lon="3.13805">
        <ele>819</ele>
        <time>2026-08-21T17:03:24+00:00</time>
      </trkpt>
      <trkpt lat="44.13705" lon="3.13801">
        <ele>818</ele>
        <time>2026-08-21T17:03:27+00:00</time>
      </trkpt>
      <trkpt lat="44.13692" lon="3.13799">
        <ele>818</ele>
        <time>2026-08-21T17:03:30+00:00</time>
      </trkpt>
      <trkpt lat="44.13675" lon="3.13789">
        <ele>818</ele>
        <time>2026-08-21T17:03:33+00:00</time>
      </trkpt>
      <trkpt lat="44.13665" lon="3.13779">
        <ele>818</ele>
        <time>2026-08-21T17:03:36+00:00</time>
      </trkpt>
      <trkpt lat="44.1364" lon="3.13732">
        <ele>816</ele>
        <time>2026-08-21T17:03:39+00:00</time>
      </trkpt>
      <trkpt lat="44.13635" lon="3.1371">
        <ele>816</ele>
        <time>2026-08-21T17:03:42+00:00</time>
      </trkpt>
      <trkpt lat="44.13641" lon="3.13686">
        <ele>816</ele>
        <time>2026-08-21T17:03:45+00:00</time>
      </trkpt>
      <trkpt lat="44.13647" lon="3.13658">
        <ele>816</ele>
        <time>2026-08-21T17:03:48+00:00</time>
      </trkpt>
      <trkpt lat="44.13639" lon="3.13654">
        <ele>815</ele>
        <time>2026-08-21T17:03:51+00:00</time>
      </trkpt>
      <trkpt lat="44.13631" lon="3.1368">
        <ele>816</ele>
        <time>2026-08-21T17:03:54+00:00</time>
      </trkpt>
      <trkpt lat="44.13624" lon="3.13706">
        <ele>816</ele>
        <time>2026-08-21T17:03:57+00:00</time>
      </trkpt>
      <trkpt lat="44.13632" lon="3.13738">
        <ele>816</ele>
        <time>2026-08-21T17:04:00+00:00</time>
      </trkpt>
      <trkpt lat="44.13653" lon="3.13772">
        <ele>817</ele>
        <time>2026-08-21T17:04:03+00:00</time>
      </trkpt>
      <trkpt lat="44.13666" lon="3.13799">
        <ele>818</ele>
        <time>2026-08-21T17:04:06+00:00</time>
      </trkpt>
      <trkpt lat="44.1367" lon="3.13811">
        <ele>818</ele>
        <time>2026-08-21T17:04:09+00:00</time>
      </trkpt>
      <trkpt lat="44.1367" lon="3.13811">
        <ele>818</ele>
        <time>2026-08-21T17:04:12+00:00</time>
      </trkpt>
      <trkpt lat="44.1367" lon="3.13811">
        <ele>818</ele>
        <time>2026-08-21T17:04:15+00:00</time>
      </trkpt>
      <trkpt lat="44.13674" lon="3.13823">
        <ele>818</ele>
        <time>2026-08-21T17:04:18+00:00</time>
      </trkpt>
      <trkpt lat="44.13675" lon="3.13832">
        <ele>819</ele>
        <time>2026-08-21T17:04:21+00:00</time>
      </trkpt>
      <trkpt lat="44.13674" lon="3.13841">
        <ele>819</ele>
        <time>2026-08-21T17:04:24+00:00</time>
      </trkpt>
      <trkpt lat="44.13672" lon="3.1385">
        <ele>819</ele>
        <time>2026-08-21T17:04:27+00:00</time>
      </trkpt>
      <trkpt lat="44.13669" lon="3.13859">
        <ele>820</ele>
        <time>2026-08-21T17:04:30+00:00</time>
      </trkpt>
      <trkpt lat="44.13665" lon="3.13869">
        <ele>820</ele>
        <time>2026-08-21T17:04:33+00:00</time>
      </trkpt>
      <trkpt lat="44.13664" lon="3.13873">
        <ele>820</ele>
        <time>2026-08-21T17:04:36+00:00</time>
      </trkpt>
      <trkpt lat="44.13664" lon="3.13873">
        <ele>820</ele>
        <time>2026-08-21T17:04:39+00:00</time>
      </trkpt>
      <trkpt lat="44.13667" lon="3.13875">
        <ele>820</ele>
        <time>2026-08-21T17:04:42+00:00</time>
      </trkpt>
      <trkpt lat="44.13666" lon="3.13883">
        <ele>821</ele>
        <time>2026-08-21T17:04:45+00:00</time>
      </trkpt>
      <trkpt lat="44.13668" lon="3.13891">
        <ele>821</ele>
        <time>2026-08-21T17:04:48+00:00</time>
      </trkpt>
      <trkpt lat="44.13682" lon="3.13918">
        <ele>823</ele>
        <time>2026-08-21T17:04:51+00:00</time>
      </trkpt>
      <trkpt lat="44.1369" lon="3.13939">
        <ele>824</ele>
        <time>2026-08-21T17:04:54+00:00</time>
      </trkpt>
      <trkpt lat="44.13696" lon="3.13958">
        <ele>824</ele>
        <time>2026-08-21T17:04:57+00:00</time>
      </trkpt>
      <trkpt lat="44.13698" lon="3.13961">
        <ele>825</ele>
        <time>2026-08-21T17:05:00+00:00</time>
      </trkpt>
      <trkpt lat="44.13698" lon="3.13967">
        <ele>825</ele>
        <time>2026-08-21T17:05:03+00:00</time>
      </trkpt>
      <trkpt lat="44.137" lon="3.13977">
        <ele>825</ele>
        <time>2026-08-21T17:05:06+00:00</time>
      </trkpt>
      <trkpt lat="44.13701" lon="3.13986">
        <ele>825</ele>
        <time>2026-08-21T17:05:09+00:00</time>
      </trkpt>
      <trkpt lat="44.13702" lon="3.14001">
        <ele>826</ele>
        <time>2026-08-21T17:05:12+00:00</time>
      </trkpt>
      <trkpt lat="44.13701" lon="3.14011">
        <ele>826</ele>
        <time>2026-08-21T17:05:15+00:00</time>
      </trkpt>
      <trkpt lat="44.13699" lon="3.14024">
        <ele>826</ele>
        <time>2026-08-21T17:05:18+00:00</time>
      </trkpt>
      <trkpt lat="44.13697" lon="3.14029">
        <ele>826</ele>
        <time>2026-08-21T17:05:21+00:00</time>
      </trkpt>
      <trkpt lat="44.13693" lon="3.14052">
        <ele>827</ele>
        <time>2026-08-21T17:05:24+00:00</time>
      </trkpt>
      <trkpt lat="44.13691" lon="3.14065">
        <ele>827</ele>
        <time>2026-08-21T17:05:27+00:00</time>
      </trkpt>
      <trkpt lat="44.13693" lon="3.1408">
        <ele>827</ele>
        <time>2026-08-21T17:05:30+00:00</time>
      </trkpt>
      <trkpt lat="44.13696" lon="3.14093">
        <ele>827</ele>
        <time>2026-08-21T17:05:33+00:00</time>
      </trkpt>
      <trkpt lat="44.13696" lon="3.14108">
        <ele>827</ele>
        <time>2026-08-21T17:05:36+00:00</time>
      </trkpt>
      <trkpt lat="44.13695" lon="3.14117">
        <ele>827</ele>
        <time>2026-08-21T17:05:39+00:00</time>
      </trkpt>
      <trkpt lat="44.13694" lon="3.14126">
        <ele>827</ele>
        <time>2026-08-21T17:05:42+00:00</time>
      </trkpt>
      <trkpt lat="44.13693" lon="3.14131">
        <ele>827</ele>
        <time>2026-08-21T17:05:45+00:00</time>
      </trkpt>
      <trkpt lat="44.1369" lon="3.14139">
        <ele>827</ele>
        <time>2026-08-21T17:05:48+00:00</time>
      </trkpt>
      <trkpt lat="44.13684" lon="3.1415">
        <ele>828</ele>
        <time>2026-08-21T17:05:51+00:00</time>
      </trkpt>
      <trkpt lat="44.13672" lon="3.14169">
        <ele>828</ele>
        <time>2026-08-21T17:05:54+00:00</time>
      </trkpt>
      <trkpt lat="44.13663" lon="3.14187">
        <ele>828</ele>
        <time>2026-08-21T17:05:57+00:00</time>
      </trkpt>
      <trkpt lat="44.13661" lon="3.14195">
        <ele>829</ele>
        <time>2026-08-21T17:06:00+00:00</time>
      </trkpt>
      <trkpt lat="44.13659" lon="3.14199">
        <ele>829</ele>
        <time>2026-08-21T17:06:03+00:00</time>
      </trkpt>
      <trkpt lat="44.13657" lon="3.14208">
        <ele>829</ele>
        <time>2026-08-21T17:06:06+00:00</time>
      </trkpt>
      <trkpt lat="44.13653" lon="3.1422">
        <ele>829</ele>
        <time>2026-08-21T17:06:09+00:00</time>
      </trkpt>
      <trkpt lat="44.13647" lon="3.14241">
        <ele>830</ele>
        <time>2026-08-21T17:06:12+00:00</time>
      </trkpt>
      <trkpt lat="44.13648" lon="3.14251">
        <ele>830</ele>
        <time>2026-08-21T17:06:15+00:00</time>
      </trkpt>
      <trkpt lat="44.13647" lon="3.1426">
        <ele>830</ele>
        <time>2026-08-21T17:06:18+00:00</time>
      </trkpt>
      <trkpt lat="44.13646" lon="3.14276">
        <ele>830</ele>
        <time>2026-08-21T17:06:21+00:00</time>
      </trkpt>
      <trkpt lat="44.13644" lon="3.14302">
        <ele>830</ele>
        <time>2026-08-21T17:06:24+00:00</time>
      </trkpt>
      <trkpt lat="44.13643" lon="3.14316">
        <ele>830</ele>
        <time>2026-08-21T17:06:27+00:00</time>
      </trkpt>
      <trkpt lat="44.13639" lon="3.14358">
        <ele>830</ele>
        <time>2026-08-21T17:06:30+00:00</time>
      </trkpt>
      <trkpt lat="44.13637" lon="3.14368">
        <ele>830</ele>
        <time>2026-08-21T17:06:33+00:00</time>
      </trkpt>
      <trkpt lat="44.13634" lon="3.14378">
        <ele>830</ele>
        <time>2026-08-21T17:06:36+00:00</time>
      </trkpt>
      <trkpt lat="44.13622" lon="3.14418">
        <ele>828</ele>
        <time>2026-08-21T17:06:39+00:00</time>
      </trkpt>
      <trkpt lat="44.13618" lon="3.14435">
        <ele>825</ele>
        <time>2026-08-21T17:06:42+00:00</time>
      </trkpt>
      <trkpt lat="44.1362" lon="3.14473">
        <ele>822</ele>
        <time>2026-08-21T17:06:45+00:00</time>
      </trkpt>
      <trkpt lat="44.13618" lon="3.14484">
        <ele>821</ele>
        <time>2026-08-21T17:06:48+00:00</time>
      </trkpt>
      <trkpt lat="44.13616" lon="3.14489">
        <ele>821</ele>
        <time>2026-08-21T17:06:51+00:00</time>
      </trkpt>
      <trkpt lat="44.13609" lon="3.14491">
        <ele>821</ele>
        <time>2026-08-21T17:06:54+00:00</time>
      </trkpt>
      <trkpt lat="44.13605" lon="3.1449">
        <ele>820</ele>
        <time>2026-08-21T17:06:57+00:00</time>
      </trkpt>
      <trkpt lat="44.13596" lon="3.1448">
        <ele>821</ele>
        <time>2026-08-21T17:07:00+00:00</time>
      </trkpt>
      <trkpt lat="44.13591" lon="3.14472">
        <ele>821</ele>
        <time>2026-08-21T17:07:03+00:00</time>
      </trkpt>
      <trkpt lat="44.13585" lon="3.14465">
        <ele>821</ele>
        <time>2026-08-21T17:07:06+00:00</time>
      </trkpt>
      <trkpt lat="44.13571" lon="3.14446">
        <ele>821</ele>
        <time>2026-08-21T17:07:09+00:00</time>
      </trkpt>
      <trkpt lat="44.13565" lon="3.14438">
        <ele>822</ele>
        <time>2026-08-21T17:07:12+00:00</time>
      </trkpt>
      <trkpt lat="44.13558" lon="3.14433">
        <ele>821</ele>
        <time>2026-08-21T17:07:15+00:00</time>
      </trkpt>
      <trkpt lat="44.13551" lon="3.1443">
        <ele>820</ele>
        <time>2026-08-21T17:07:18+00:00</time>
      </trkpt>
      <trkpt lat="44.1354" lon="3.14428">
        <ele>820</ele>
        <time>2026-08-21T17:07:21+00:00</time>
      </trkpt>
      <trkpt lat="44.13529" lon="3.14423">
        <ele>820</ele>
        <time>2026-08-21T17:07:24+00:00</time>
      </trkpt>
      <trkpt lat="44.13522" lon="3.14409">
        <ele>821</ele>
        <time>2026-08-21T17:07:27+00:00</time>
      </trkpt>
      <trkpt lat="44.13508" lon="3.14387">
        <ele>820</ele>
        <time>2026-08-21T17:07:30+00:00</time>
      </trkpt>
      <trkpt lat="44.13501" lon="3.14373">
        <ele>820</ele>
        <time>2026-08-21T17:07:33+00:00</time>
      </trkpt>
      <trkpt lat="44.13489" lon="3.14358">
        <ele>819</ele>
        <time>2026-08-21T17:07:36+00:00</time>
      </trkpt>
      <trkpt lat="44.13483" lon="3.14351">
        <ele>819</ele>
        <time>2026-08-21T17:07:39+00:00</time>
      </trkpt>
      <trkpt lat="44.13479" lon="3.14348">
        <ele>819</ele>
        <time>2026-08-21T17:07:42+00:00</time>
      </trkpt>
      <trkpt lat="44.13473" lon="3.14343">
        <ele>819</ele>
        <time>2026-08-21T17:07:45+00:00</time>
      </trkpt>
      <trkpt lat="44.13455" lon="3.14339">
        <ele>819</ele>
        <time>2026-08-21T17:07:48+00:00</time>
      </trkpt>
      <trkpt lat="44.13449" lon="3.14333">
        <ele>819</ele>
        <time>2026-08-21T17:07:51+00:00</time>
      </trkpt>
      <trkpt lat="44.13446" lon="3.14329">
        <ele>820</ele>
        <time>2026-08-21T17:07:54+00:00</time>
      </trkpt>
      <trkpt lat="44.13441" lon="3.1432">
        <ele>820</ele>
        <time>2026-08-21T17:07:57+00:00</time>
      </trkpt>
      <trkpt lat="44.13438" lon="3.14316">
        <ele>819</ele>
        <time>2026-08-21T17:08:00+00:00</time>
      </trkpt>
      <trkpt lat="44.13418" lon="3.14298">
        <ele>819</ele>
        <time>2026-08-21T17:08:03+00:00</time>
      </trkpt>
      <trkpt lat="44.13413" lon="3.14289">
        <ele>819</ele>
        <time>2026-08-21T17:08:06+00:00</time>
      </trkpt>
      <trkpt lat="44.13403" lon="3.14275">
        <ele>818</ele>
        <time>2026-08-21T17:08:09+00:00</time>
      </trkpt>
      <trkpt lat="44.13388" lon="3.1426">
        <ele>815</ele>
        <time>2026-08-21T17:08:12+00:00</time>
      </trkpt>
      <trkpt lat="44.13385" lon="3.14256">
        <ele>815</ele>
        <time>2026-08-21T17:08:15+00:00</time>
      </trkpt>
      <trkpt lat="44.13381" lon="3.14246">
        <ele>815</ele>
        <time>2026-08-21T17:08:18+00:00</time>
      </trkpt>
      <trkpt lat="44.13376" lon="3.1423">
        <ele>813</ele>
        <time>2026-08-21T17:08:21+00:00</time>
      </trkpt>
      <trkpt lat="44.13372" lon="3.1422">
        <ele>813</ele>
        <time>2026-08-21T17:08:24+00:00</time>
      </trkpt>
      <trkpt lat="44.13358" lon="3.14207">
        <ele>813</ele>
        <time>2026-08-21T17:08:27+00:00</time>
      </trkpt>
      <trkpt lat="44.13351" lon="3.142">
        <ele>813</ele>
        <time>2026-08-21T17:08:30+00:00</time>
      </trkpt>
      <trkpt lat="44.13348" lon="3.14198">
        <ele>813</ele>
        <time>2026-08-21T17:08:33+00:00</time>
      </trkpt>
      <trkpt lat="44.13336" lon="3.14193">
        <ele>812</ele>
        <time>2026-08-21T17:08:36+00:00</time>
      </trkpt>
      <trkpt lat="44.13329" lon="3.14189">
        <ele>812</ele>
        <time>2026-08-21T17:08:39+00:00</time>
      </trkpt>
      <trkpt lat="44.13318" lon="3.14179">
        <ele>812</ele>
        <time>2026-08-21T17:08:42+00:00</time>
      </trkpt>
      <trkpt lat="44.13303" lon="3.14168">
        <ele>812</ele>
        <time>2026-08-21T17:08:45+00:00</time>
      </trkpt>
      <trkpt lat="44.13292" lon="3.14156">
        <ele>811</ele>
        <time>2026-08-21T17:08:48+00:00</time>
      </trkpt>
      <trkpt lat="44.13284" lon="3.14149">
        <ele>811</ele>
        <time>2026-08-21T17:08:51+00:00</time>
      </trkpt>
      <trkpt lat="44.13271" lon="3.14137">
        <ele>810</ele>
        <time>2026-08-21T17:08:54+00:00</time>
      </trkpt>
      <trkpt lat="44.1326" lon="3.14127">
        <ele>810</ele>
        <time>2026-08-21T17:08:57+00:00</time>
      </trkpt>
      <trkpt lat="44.1325" lon="3.14118">
        <ele>809</ele>
        <time>2026-08-21T17:09:00+00:00</time>
      </trkpt>
      <trkpt lat="44.13241" lon="3.14111">
        <ele>809</ele>
        <time>2026-08-21T17:09:03+00:00</time>
      </trkpt>
      <trkpt lat="44.13234" lon="3.14105">
        <ele>808</ele>
        <time>2026-08-21T17:09:06+00:00</time>
      </trkpt>
      <trkpt lat="44.13227" lon="3.14096">
        <ele>808</ele>
        <time>2026-08-21T17:09:09+00:00</time>
      </trkpt>
      <trkpt lat="44.1322" lon="3.1409">
        <ele>808</ele>
        <time>2026-08-21T17:09:12+00:00</time>
      </trkpt>
      <trkpt lat="44.13211" lon="3.14083">
        <ele>807</ele>
        <time>2026-08-21T17:09:15+00:00</time>
      </trkpt>
      <trkpt lat="44.13199" lon="3.14074">
        <ele>806</ele>
        <time>2026-08-21T17:09:18+00:00</time>
      </trkpt>
      <trkpt lat="44.1319" lon="3.14067">
        <ele>806</ele>
        <time>2026-08-21T17:09:21+00:00</time>
      </trkpt>
      <trkpt lat="44.13184" lon="3.14062">
        <ele>806</ele>
        <time>2026-08-21T17:09:24+00:00</time>
      </trkpt>
      <trkpt lat="44.13178" lon="3.14055">
        <ele>806</ele>
        <time>2026-08-21T17:09:27+00:00</time>
      </trkpt>
      <trkpt lat="44.13173" lon="3.14047">
        <ele>806</ele>
        <time>2026-08-21T17:09:30+00:00</time>
      </trkpt>
      <trkpt lat="44.13169" lon="3.14043">
        <ele>805</ele>
        <time>2026-08-21T17:09:33+00:00</time>
      </trkpt>
      <trkpt lat="44.13163" lon="3.1404">
        <ele>805</ele>
        <time>2026-08-21T17:09:36+00:00</time>
      </trkpt>
      <trkpt lat="44.13156" lon="3.14038">
        <ele>805</ele>
        <time>2026-08-21T17:09:39+00:00</time>
      </trkpt>
      <trkpt lat="44.13146" lon="3.14036">
        <ele>804</ele>
        <time>2026-08-21T17:09:42+00:00</time>
      </trkpt>
      <trkpt lat="44.13137" lon="3.14035">
        <ele>804</ele>
        <time>2026-08-21T17:09:45+00:00</time>
      </trkpt>
      <trkpt lat="44.13127" lon="3.14035">
        <ele>803</ele>
        <time>2026-08-21T17:09:48+00:00</time>
      </trkpt>
      <trkpt lat="44.13117" lon="3.14034">
        <ele>803</ele>
        <time>2026-08-21T17:09:51+00:00</time>
      </trkpt>
      <trkpt lat="44.13109" lon="3.14032">
        <ele>803</ele>
        <time>2026-08-21T17:09:54+00:00</time>
      </trkpt>
      <trkpt lat="44.13103" lon="3.1403">
        <ele>803</ele>
        <time>2026-08-21T17:09:57+00:00</time>
      </trkpt>
      <trkpt lat="44.13094" lon="3.14027">
        <ele>802</ele>
        <time>2026-08-21T17:10:00+00:00</time>
      </trkpt>
      <trkpt lat="44.13085" lon="3.14032">
        <ele>802</ele>
        <time>2026-08-21T17:10:03+00:00</time>
      </trkpt>
      <trkpt lat="44.13074" lon="3.14036">
        <ele>802</ele>
        <time>2026-08-21T17:10:06+00:00</time>
      </trkpt>
      <trkpt lat="44.13061" lon="3.14039">
        <ele>801</ele>
        <time>2026-08-21T17:10:09+00:00</time>
      </trkpt>
      <trkpt lat="44.13049" lon="3.14041">
        <ele>801</ele>
        <time>2026-08-21T17:10:12+00:00</time>
      </trkpt>
      <trkpt lat="44.13036" lon="3.1404">
        <ele>800</ele>
        <time>2026-08-21T17:10:15+00:00</time>
      </trkpt>
      <trkpt lat="44.13023" lon="3.1404">
        <ele>800</ele>
        <time>2026-08-21T17:10:18+00:00</time>
      </trkpt>
      <trkpt lat="44.13007" lon="3.1404">
        <ele>800</ele>
        <time>2026-08-21T17:10:21+00:00</time>
      </trkpt>
      <trkpt lat="44.12997" lon="3.1404">
        <ele>800</ele>
        <time>2026-08-21T17:10:24+00:00</time>
      </trkpt>
      <trkpt lat="44.12992" lon="3.14039">
        <ele>800</ele>
        <time>2026-08-21T17:10:27+00:00</time>
      </trkpt>
      <trkpt lat="44.12985" lon="3.14037">
        <ele>800</ele>
        <time>2026-08-21T17:10:30+00:00</time>
      </trkpt>
      <trkpt lat="44.12977" lon="3.14032">
        <ele>800</ele>
        <time>2026-08-21T17:10:33+00:00</time>
      </trkpt>
      <trkpt lat="44.12969" lon="3.14024">
        <ele>800</ele>
        <time>2026-08-21T17:10:36+00:00</time>
      </trkpt>
      <trkpt lat="44.12963" lon="3.14017">
        <ele>800</ele>
        <time>2026-08-21T17:10:39+00:00</time>
      </trkpt>
      <trkpt lat="44.12959" lon="3.14013">
        <ele>799</ele>
        <time>2026-08-21T17:10:42+00:00</time>
      </trkpt>
      <trkpt lat="44.12962" lon="3.14034">
        <ele>800</ele>
        <time>2026-08-21T17:10:45+00:00</time>
      </trkpt>
      <trkpt lat="44.12965" lon="3.14057">
        <ele>799</ele>
        <time>2026-08-21T17:10:48+00:00</time>
      </trkpt>
      <trkpt lat="44.12972" lon="3.14085">
        <ele>799</ele>
        <time>2026-08-21T17:10:51+00:00</time>
      </trkpt>
      <trkpt lat="44.1298" lon="3.1411">
        <ele>798</ele>
        <time>2026-08-21T17:10:54+00:00</time>
      </trkpt>
      <trkpt lat="44.12983" lon="3.14118">
        <ele>798</ele>
        <time>2026-08-21T17:10:57+00:00</time>
      </trkpt>
      <trkpt lat="44.12988" lon="3.14132">
        <ele>798</ele>
        <time>2026-08-21T17:11:00+00:00</time>
      </trkpt>
      <trkpt lat="44.12999" lon="3.14157">
        <ele>798</ele>
        <time>2026-08-21T17:11:03+00:00</time>
      </trkpt>
      <trkpt lat="44.13016" lon="3.1419">
        <ele>798</ele>
        <time>2026-08-21T17:11:06+00:00</time>
      </trkpt>
      <trkpt lat="44.1303" lon="3.14217">
        <ele>798</ele>
        <time>2026-08-21T17:11:09+00:00</time>
      </trkpt>
      <trkpt lat="44.13043" lon="3.14242">
        <ele>798</ele>
        <time>2026-08-21T17:11:12+00:00</time>
      </trkpt>
      <trkpt lat="44.13033" lon="3.14253">
        <ele>798</ele>
        <time>2026-08-21T17:11:15+00:00</time>
      </trkpt>
      <trkpt lat="44.13028" lon="3.1426">
        <ele>798</ele>
        <time>2026-08-21T17:11:18+00:00</time>
      </trkpt>
      <trkpt lat="44.13023" lon="3.14268">
        <ele>799</ele>
        <time>2026-08-21T17:11:21+00:00</time>
      </trkpt>
      <trkpt lat="44.13018" lon="3.14278">
        <ele>799</ele>
        <time>2026-08-21T17:11:24+00:00</time>
      </trkpt>
      <trkpt lat="44.13014" lon="3.14287">
        <ele>800</ele>
        <time>2026-08-21T17:11:27+00:00</time>
      </trkpt>
      <trkpt lat="44.13011" lon="3.143">
        <ele>800</ele>
        <time>2026-08-21T17:11:30+00:00</time>
      </trkpt>
      <trkpt lat="44.13008" lon="3.14319">
        <ele>801</ele>
        <time>2026-08-21T17:11:33+00:00</time>
      </trkpt>
      <trkpt lat="44.13004" lon="3.14336">
        <ele>803</ele>
        <time>2026-08-21T17:11:36+00:00</time>
      </trkpt>
      <trkpt lat="44.13003" lon="3.14338">
        <ele>803</ele>
        <time>2026-08-21T17:11:39+00:00</time>
      </trkpt>
      <trkpt lat="44.13008" lon="3.14341">
        <ele>803</ele>
        <time>2026-08-21T17:11:42+00:00</time>
      </trkpt>
      <trkpt lat="44.13004" lon="3.14353">
        <ele>804</ele>
        <time>2026-08-21T17:11:45+00:00</time>
      </trkpt>
      <trkpt lat="44.13002" lon="3.14366">
        <ele>805</ele>
        <time>2026-08-21T17:11:48+00:00</time>
      </trkpt>
      <trkpt lat="44.12996" lon="3.14384">
        <ele>807</ele>
        <time>2026-08-21T17:11:51+00:00</time>
      </trkpt>
      <trkpt lat="44.12995" lon="3.14393">
        <ele>809</ele>
        <time>2026-08-21T17:11:54+00:00</time>
      </trkpt>
      <trkpt lat="44.12994" lon="3.14401">
        <ele>810</ele>
        <time>2026-08-21T17:11:57+00:00</time>
      </trkpt>
      <trkpt lat="44.12992" lon="3.14407">
        <ele>810</ele>
        <time>2026-08-21T17:12:00+00:00</time>
      </trkpt>
      <trkpt lat="44.12987" lon="3.14429">
        <ele>813</ele>
        <time>2026-08-21T17:12:03+00:00</time>
      </trkpt>
      <trkpt lat="44.12984" lon="3.14443">
        <ele>815</ele>
        <time>2026-08-21T17:12:06+00:00</time>
      </trkpt>
      <trkpt lat="44.12984" lon="3.14451">
        <ele>818</ele>
        <time>2026-08-21T17:12:09+00:00</time>
      </trkpt>
      <trkpt lat="44.12981" lon="3.14462">
        <ele>819</ele>
        <time>2026-08-21T17:12:12+00:00</time>
      </trkpt>
      <trkpt lat="44.12979" lon="3.14468">
        <ele>820</ele>
        <time>2026-08-21T17:12:15+00:00</time>
      </trkpt>
      <trkpt lat="44.12977" lon="3.14482">
        <ele>822</ele>
        <time>2026-08-21T17:12:18+00:00</time>
      </trkpt>
      <trkpt lat="44.12975" lon="3.14494">
        <ele>822</ele>
        <time>2026-08-21T17:12:21+00:00</time>
      </trkpt>
      <trkpt lat="44.12972" lon="3.14512">
        <ele>825</ele>
        <time>2026-08-21T17:12:24+00:00</time>
      </trkpt>
      <trkpt lat="44.12972" lon="3.14515">
        <ele>825</ele>
        <time>2026-08-21T17:12:27+00:00</time>
      </trkpt>
      <trkpt lat="44.12969" lon="3.14531">
        <ele>827</ele>
        <time>2026-08-21T17:12:30+00:00</time>
      </trkpt>
      <trkpt lat="44.12968" lon="3.14537">
        <ele>827</ele>
        <time>2026-08-21T17:12:33+00:00</time>
      </trkpt>
      <trkpt lat="44.12965" lon="3.1455">
        <ele>827</ele>
        <time>2026-08-21T17:12:36+00:00</time>
      </trkpt>
      <trkpt lat="44.12961" lon="3.14569">
        <ele>828</ele>
        <time>2026-08-21T17:12:39+00:00</time>
      </trkpt>
      <trkpt lat="44.12956" lon="3.14588">
        <ele>832</ele>
        <time>2026-08-21T17:12:42+00:00</time>
      </trkpt>
      <trkpt lat="44.1295" lon="3.14605">
        <ele>834</ele>
        <time>2026-08-21T17:12:45+00:00</time>
      </trkpt>
      <trkpt lat="44.12949" lon="3.14612">
        <ele>835</ele>
        <time>2026-08-21T17:12:48+00:00</time>
      </trkpt>
      <trkpt lat="44.12946" lon="3.14619">
        <ele>835</ele>
        <time>2026-08-21T17:12:51+00:00</time>
      </trkpt>
      <trkpt lat="44.12946" lon="3.1463">
        <ele>836</ele>
        <time>2026-08-21T17:12:54+00:00</time>
      </trkpt>
      <trkpt lat="44.12941" lon="3.14645">
        <ele>838</ele>
        <time>2026-08-21T17:12:57+00:00</time>
      </trkpt>
      <trkpt lat="44.1294" lon="3.14653">
        <ele>839</ele>
        <time>2026-08-21T17:13:00+00:00</time>
      </trkpt>
      <trkpt lat="44.12936" lon="3.14665">
        <ele>840</ele>
        <time>2026-08-21T17:13:03+00:00</time>
      </trkpt>
      <trkpt lat="44.12933" lon="3.14671">
        <ele>840</ele>
        <time>2026-08-21T17:13:06+00:00</time>
      </trkpt>
      <trkpt lat="44.1293" lon="3.1468">
        <ele>841</ele>
        <time>2026-08-21T17:13:09+00:00</time>
      </trkpt>
      <trkpt lat="44.12924" lon="3.14697">
        <ele>841</ele>
        <time>2026-08-21T17:13:12+00:00</time>
      </trkpt>
      <trkpt lat="44.12919" lon="3.1472">
        <ele>842</ele>
        <time>2026-08-21T17:13:15+00:00</time>
      </trkpt>
      <trkpt lat="44.12914" lon="3.14739">
        <ele>841</ele>
        <time>2026-08-21T17:13:18+00:00</time>
      </trkpt>
      <trkpt lat="44.12908" lon="3.14763">
        <ele>841</ele>
        <time>2026-08-21T17:13:21+00:00</time>
      </trkpt>
      <trkpt lat="44.12905" lon="3.14769">
        <ele>841</ele>
        <time>2026-08-21T17:13:24+00:00</time>
      </trkpt>
      <trkpt lat="44.12901" lon="3.14786">
        <ele>839</ele>
        <time>2026-08-21T17:13:27+00:00</time>
      </trkpt>
      <trkpt lat="44.129" lon="3.14791">
        <ele>839</ele>
        <time>2026-08-21T17:13:30+00:00</time>
      </trkpt>
      <trkpt lat="44.12894" lon="3.14811">
        <ele>837</ele>
        <time>2026-08-21T17:13:33+00:00</time>
      </trkpt>
      <trkpt lat="44.12889" lon="3.14838">
        <ele>835</ele>
        <time>2026-08-21T17:13:36+00:00</time>
      </trkpt>
      <trkpt lat="44.12881" lon="3.14868">
        <ele>832</ele>
        <time>2026-08-21T17:13:39+00:00</time>
      </trkpt>
      <trkpt lat="44.12879" lon="3.14882">
        <ele>830</ele>
        <time>2026-08-21T17:13:42+00:00</time>
      </trkpt>
      <trkpt lat="44.12876" lon="3.14903">
        <ele>829</ele>
        <time>2026-08-21T17:13:45+00:00</time>
      </trkpt>
      <trkpt lat="44.12869" lon="3.14933">
        <ele>827</ele>
        <time>2026-08-21T17:13:48+00:00</time>
      </trkpt>
      <trkpt lat="44.12866" lon="3.14957">
        <ele>827</ele>
        <time>2026-08-21T17:13:51+00:00</time>
      </trkpt>
      <trkpt lat="44.12865" lon="3.14966">
        <ele>827</ele>
        <time>2026-08-21T17:13:54+00:00</time>
      </trkpt>
      <trkpt lat="44.12858" lon="3.14986">
        <ele>827</ele>
        <time>2026-08-21T17:13:57+00:00</time>
      </trkpt>
      <trkpt lat="44.12857" lon="3.14993">
        <ele>827</ele>
        <time>2026-08-21T17:14:00+00:00</time>
      </trkpt>
      <trkpt lat="44.12854" lon="3.15007">
        <ele>827</ele>
        <time>2026-08-21T17:14:03+00:00</time>
      </trkpt>
      <trkpt lat="44.12851" lon="3.15033">
        <ele>827</ele>
        <time>2026-08-21T17:14:06+00:00</time>
      </trkpt>
      <trkpt lat="44.12848" lon="3.15046">
        <ele>827</ele>
        <time>2026-08-21T17:14:09+00:00</time>
      </trkpt>
      <trkpt lat="44.12841" lon="3.15084">
        <ele>828</ele>
        <time>2026-08-21T17:14:12+00:00</time>
      </trkpt>
      <trkpt lat="44.12838" lon="3.15096">
        <ele>828</ele>
        <time>2026-08-21T17:14:15+00:00</time>
      </trkpt>
      <trkpt lat="44.12837" lon="3.15103">
        <ele>828</ele>
        <time>2026-08-21T17:14:18+00:00</time>
      </trkpt>
      <trkpt lat="44.12835" lon="3.15111">
        <ele>829</ele>
        <time>2026-08-21T17:14:21+00:00</time>
      </trkpt>
      <trkpt lat="44.12831" lon="3.15133">
        <ele>829</ele>
        <time>2026-08-21T17:14:24+00:00</time>
      </trkpt>
      <trkpt lat="44.12827" lon="3.15144">
        <ele>829</ele>
        <time>2026-08-21T17:14:27+00:00</time>
      </trkpt>
      <trkpt lat="44.12826" lon="3.15156">
        <ele>829</ele>
        <time>2026-08-21T17:14:30+00:00</time>
      </trkpt>
      <trkpt lat="44.12822" lon="3.15173">
        <ele>830</ele>
        <time>2026-08-21T17:14:33+00:00</time>
      </trkpt>
      <trkpt lat="44.12817" lon="3.15202">
        <ele>831</ele>
        <time>2026-08-21T17:14:36+00:00</time>
      </trkpt>
      <trkpt lat="44.12806" lon="3.15239">
        <ele>831</ele>
        <time>2026-08-21T17:14:39+00:00</time>
      </trkpt>
      <trkpt lat="44.12804" lon="3.15259">
        <ele>832</ele>
        <time>2026-08-21T17:14:42+00:00</time>
      </trkpt>
      <trkpt lat="44.12804" lon="3.15261">
        <ele>832</ele>
        <time>2026-08-21T17:14:45+00:00</time>
      </trkpt>
      <trkpt lat="44.12807" lon="3.1527">
        <ele>832</ele>
        <time>2026-08-21T17:14:48+00:00</time>
      </trkpt>
      <trkpt lat="44.12808" lon="3.15274">
        <ele>832</ele>
        <time>2026-08-21T17:14:51+00:00</time>
      </trkpt>
      <trkpt lat="44.12811" lon="3.15278">
        <ele>832</ele>
        <time>2026-08-21T17:14:54+00:00</time>
      </trkpt>
      <trkpt lat="44.12814" lon="3.15288">
        <ele>832</ele>
        <time>2026-08-21T17:14:57+00:00</time>
      </trkpt>
      <trkpt lat="44.12819" lon="3.15297">
        <ele>832</ele>
        <time>2026-08-21T17:15:00+00:00</time>
      </trkpt>
      <trkpt lat="44.1283" lon="3.15319">
        <ele>832</ele>
        <time>2026-08-21T17:15:03+00:00</time>
      </trkpt>
      <trkpt lat="44.12833" lon="3.15323">
        <ele>832</ele>
        <time>2026-08-21T17:15:06+00:00</time>
      </trkpt>
      <trkpt lat="44.12839" lon="3.15331">
        <ele>832</ele>
        <time>2026-08-21T17:15:09+00:00</time>
      </trkpt>
      <trkpt lat="44.12842" lon="3.15334">
        <ele>832</ele>
        <time>2026-08-21T17:15:12+00:00</time>
      </trkpt>
      <trkpt lat="44.1285" lon="3.15346">
        <ele>832</ele>
        <time>2026-08-21T17:15:15+00:00</time>
      </trkpt>
      <trkpt lat="44.12867" lon="3.15371">
        <ele>832</ele>
        <time>2026-08-21T17:15:18+00:00</time>
      </trkpt>
      <trkpt lat="44.12884" lon="3.15399">
        <ele>832</ele>
        <time>2026-08-21T17:15:21+00:00</time>
      </trkpt>
      <trkpt lat="44.12897" lon="3.15417">
        <ele>832</ele>
        <time>2026-08-21T17:15:24+00:00</time>
      </trkpt>
      <trkpt lat="44.12906" lon="3.15434">
        <ele>833</ele>
        <time>2026-08-21T17:15:27+00:00</time>
      </trkpt>
      <trkpt lat="44.12908" lon="3.15439">
        <ele>833</ele>
        <time>2026-08-21T17:15:30+00:00</time>
      </trkpt>
      <trkpt lat="44.12913" lon="3.15447">
        <ele>833</ele>
        <time>2026-08-21T17:15:33+00:00</time>
      </trkpt>
      <trkpt lat="44.12924" lon="3.1547">
        <ele>833</ele>
        <time>2026-08-21T17:15:36+00:00</time>
      </trkpt>
      <trkpt lat="44.12926" lon="3.15475">
        <ele>833</ele>
        <time>2026-08-21T17:15:39+00:00</time>
      </trkpt>
      <trkpt lat="44.12934" lon="3.15494">
        <ele>832</ele>
        <time>2026-08-21T17:15:42+00:00</time>
      </trkpt>
      <trkpt lat="44.1294" lon="3.15509">
        <ele>832</ele>
        <time>2026-08-21T17:15:45+00:00</time>
      </trkpt>
      <trkpt lat="44.12949" lon="3.15531">
        <ele>832</ele>
        <time>2026-08-21T17:15:48+00:00</time>
      </trkpt>
      <trkpt lat="44.12958" lon="3.15553">
        <ele>831</ele>
        <time>2026-08-21T17:15:51+00:00</time>
      </trkpt>
      <trkpt lat="44.12964" lon="3.15564">
        <ele>831</ele>
        <time>2026-08-21T17:15:54+00:00</time>
      </trkpt>
      <trkpt lat="44.12968" lon="3.15574">
        <ele>830</ele>
        <time>2026-08-21T17:15:57+00:00</time>
      </trkpt>
      <trkpt lat="44.12985" lon="3.15608">
        <ele>831</ele>
        <time>2026-08-21T17:16:00+00:00</time>
      </trkpt>
      <trkpt lat="44.12989" lon="3.15618">
        <ele>830</ele>
        <time>2026-08-21T17:16:03+00:00</time>
      </trkpt>
      <trkpt lat="44.13003" lon="3.15653">
        <ele>831</ele>
        <time>2026-08-21T17:16:06+00:00</time>
      </trkpt>
      <trkpt lat="44.13012" lon="3.15673">
        <ele>832</ele>
        <time>2026-08-21T17:16:09+00:00</time>
      </trkpt>
      <trkpt lat="44.13015" lon="3.15682">
        <ele>832</ele>
        <time>2026-08-21T17:16:12+00:00</time>
      </trkpt>
      <trkpt lat="44.13031" lon="3.15715">
        <ele>833</ele>
        <time>2026-08-21T17:16:15+00:00</time>
      </trkpt>
      <trkpt lat="44.13047" lon="3.15742">
        <ele>833</ele>
        <time>2026-08-21T17:16:18+00:00</time>
      </trkpt>
      <trkpt lat="44.13055" lon="3.15759">
        <ele>833</ele>
        <time>2026-08-21T17:16:21+00:00</time>
      </trkpt>
      <trkpt lat="44.13069" lon="3.158">
        <ele>833</ele>
        <time>2026-08-21T17:16:24+00:00</time>
      </trkpt>
      <trkpt lat="44.13077" lon="3.15816">
        <ele>834</ele>
        <time>2026-08-21T17:16:27+00:00</time>
      </trkpt>
      <trkpt lat="44.13082" lon="3.15829">
        <ele>835</ele>
        <time>2026-08-21T17:16:30+00:00</time>
      </trkpt>
      <trkpt lat="44.13091" lon="3.15851">
        <ele>836</ele>
        <time>2026-08-21T17:16:33+00:00</time>
      </trkpt>
      <trkpt lat="44.13095" lon="3.15862">
        <ele>836</ele>
        <time>2026-08-21T17:16:36+00:00</time>
      </trkpt>
      <trkpt lat="44.13105" lon="3.15893">
        <ele>837</ele>
        <time>2026-08-21T17:16:39+00:00</time>
      </trkpt>
      <trkpt lat="44.13108" lon="3.15912">
        <ele>837</ele>
        <time>2026-08-21T17:16:42+00:00</time>
      </trkpt>
      <trkpt lat="44.13107" lon="3.15932">
        <ele>837</ele>
        <time>2026-08-21T17:16:45+00:00</time>
      </trkpt>
      <trkpt lat="44.13107" lon="3.15937">
        <ele>837</ele>
        <time>2026-08-21T17:16:48+00:00</time>
      </trkpt>
      <trkpt lat="44.13106" lon="3.15953">
        <ele>837</ele>
        <time>2026-08-21T17:16:51+00:00</time>
      </trkpt>
      <trkpt lat="44.13105" lon="3.15969">
        <ele>837</ele>
        <time>2026-08-21T17:16:54+00:00</time>
      </trkpt>
      <trkpt lat="44.13106" lon="3.15978">
        <ele>837</ele>
        <time>2026-08-21T17:16:57+00:00</time>
      </trkpt>
      <trkpt lat="44.13106" lon="3.15988">
        <ele>837</ele>
        <time>2026-08-21T17:17:00+00:00</time>
      </trkpt>
      <trkpt lat="44.13105" lon="3.15998">
        <ele>837</ele>
        <time>2026-08-21T17:17:03+00:00</time>
      </trkpt>
      <trkpt lat="44.13104" lon="3.16025">
        <ele>837</ele>
        <time>2026-08-21T17:17:06+00:00</time>
      </trkpt>
      <trkpt lat="44.13105" lon="3.1605">
        <ele>837</ele>
        <time>2026-08-21T17:17:09+00:00</time>
      </trkpt>
      <trkpt lat="44.13104" lon="3.1607">
        <ele>837</ele>
        <time>2026-08-21T17:17:12+00:00</time>
      </trkpt>
      <trkpt lat="44.13104" lon="3.16086">
        <ele>837</ele>
        <time>2026-08-21T17:17:15+00:00</time>
      </trkpt>
      <trkpt lat="44.13103" lon="3.16101">
        <ele>837</ele>
        <time>2026-08-21T17:17:18+00:00</time>
      </trkpt>
      <trkpt lat="44.13104" lon="3.16106">
        <ele>837</ele>
        <time>2026-08-21T17:17:21+00:00</time>
      </trkpt>
      <trkpt lat="44.13099" lon="3.16141">
        <ele>837</ele>
        <time>2026-08-21T17:17:24+00:00</time>
      </trkpt>
      <trkpt lat="44.131" lon="3.16146">
        <ele>837</ele>
        <time>2026-08-21T17:17:27+00:00</time>
      </trkpt>
      <trkpt lat="44.13098" lon="3.16161">
        <ele>838</ele>
        <time>2026-08-21T17:17:30+00:00</time>
      </trkpt>
      <trkpt lat="44.13098" lon="3.16176">
        <ele>838</ele>
        <time>2026-08-21T17:17:33+00:00</time>
      </trkpt>
      <trkpt lat="44.13098" lon="3.16202">
        <ele>838</ele>
        <time>2026-08-21T17:17:36+00:00</time>
      </trkpt>
      <trkpt lat="44.13099" lon="3.16207">
        <ele>838</ele>
        <time>2026-08-21T17:17:39+00:00</time>
      </trkpt>
      <trkpt lat="44.131" lon="3.16228">
        <ele>837</ele>
        <time>2026-08-21T17:17:42+00:00</time>
      </trkpt>
      <trkpt lat="44.13101" lon="3.16232">
        <ele>837</ele>
        <time>2026-08-21T17:17:45+00:00</time>
      </trkpt>
      <trkpt lat="44.13101" lon="3.16239">
        <ele>837</ele>
        <time>2026-08-21T17:17:48+00:00</time>
      </trkpt>
      <trkpt lat="44.13102" lon="3.16244">
        <ele>837</ele>
        <time>2026-08-21T17:17:51+00:00</time>
      </trkpt>
      <trkpt lat="44.13103" lon="3.16267">
        <ele>836</ele>
        <time>2026-08-21T17:17:54+00:00</time>
      </trkpt>
      <trkpt lat="44.13104" lon="3.16271">
        <ele>836</ele>
        <time>2026-08-21T17:17:57+00:00</time>
      </trkpt>
      <trkpt lat="44.13111" lon="3.16289">
        <ele>836</ele>
        <time>2026-08-21T17:18:00+00:00</time>
      </trkpt>
      <trkpt lat="44.13115" lon="3.16305">
        <ele>836</ele>
        <time>2026-08-21T17:18:03+00:00</time>
      </trkpt>
      <trkpt lat="44.13116" lon="3.16312">
        <ele>835</ele>
        <time>2026-08-21T17:18:06+00:00</time>
      </trkpt>
      <trkpt lat="44.13119" lon="3.16328">
        <ele>835</ele>
        <time>2026-08-21T17:18:09+00:00</time>
      </trkpt>
      <trkpt lat="44.1312" lon="3.16339">
        <ele>835</ele>
        <time>2026-08-21T17:18:12+00:00</time>
      </trkpt>
      <trkpt lat="44.13122" lon="3.16355">
        <ele>836</ele>
        <time>2026-08-21T17:18:15+00:00</time>
      </trkpt>
      <trkpt lat="44.13123" lon="3.16371">
        <ele>835</ele>
        <time>2026-08-21T17:18:18+00:00</time>
      </trkpt>
      <trkpt lat="44.13123" lon="3.16377">
        <ele>835</ele>
        <time>2026-08-21T17:18:21+00:00</time>
      </trkpt>
      <trkpt lat="44.13122" lon="3.16382">
        <ele>835</ele>
        <time>2026-08-21T17:18:24+00:00</time>
      </trkpt>
      <trkpt lat="44.1312" lon="3.16388">
        <ele>835</ele>
        <time>2026-08-21T17:18:27+00:00</time>
      </trkpt>
      <trkpt lat="44.13116" lon="3.16397">
        <ele>833</ele>
        <time>2026-08-21T17:18:30+00:00</time>
      </trkpt>
      <trkpt lat="44.13107" lon="3.1641">
        <ele>832</ele>
        <time>2026-08-21T17:18:33+00:00</time>
      </trkpt>
      <trkpt lat="44.13105" lon="3.16415">
        <ele>833</ele>
        <time>2026-08-21T17:18:36+00:00</time>
      </trkpt>
      <trkpt lat="44.13103" lon="3.1642">
        <ele>833</ele>
        <time>2026-08-21T17:18:39+00:00</time>
      </trkpt>
      <trkpt lat="44.13102" lon="3.16426">
        <ele>833</ele>
        <time>2026-08-21T17:18:42+00:00</time>
      </trkpt>
      <trkpt lat="44.13103" lon="3.16444">
        <ele>833</ele>
        <time>2026-08-21T17:18:45+00:00</time>
      </trkpt>
      <trkpt lat="44.13099" lon="3.16473">
        <ele>831</ele>
        <time>2026-08-21T17:18:48+00:00</time>
      </trkpt>
      <trkpt lat="44.13099" lon="3.16491">
        <ele>830</ele>
        <time>2026-08-21T17:18:51+00:00</time>
      </trkpt>
      <trkpt lat="44.13099" lon="3.16506">
        <ele>830</ele>
        <time>2026-08-21T17:18:54+00:00</time>
      </trkpt>
      <trkpt lat="44.13096" lon="3.16529">
        <ele>830</ele>
        <time>2026-08-21T17:18:57+00:00</time>
      </trkpt>
      <trkpt lat="44.13094" lon="3.16534">
        <ele>830</ele>
        <time>2026-08-21T17:19:00+00:00</time>
      </trkpt>
      <trkpt lat="44.13072" lon="3.16553">
        <ele>829</ele>
        <time>2026-08-21T17:19:03+00:00</time>
      </trkpt>
      <trkpt lat="44.13065" lon="3.1656">
        <ele>828</ele>
        <time>2026-08-21T17:19:06+00:00</time>
      </trkpt>
      <trkpt lat="44.1306" lon="3.16569">
        <ele>828</ele>
        <time>2026-08-21T17:19:09+00:00</time>
      </trkpt>
      <trkpt lat="44.13051" lon="3.1658">
        <ele>829</ele>
        <time>2026-08-21T17:19:12+00:00</time>
      </trkpt>
      <trkpt lat="44.13042" lon="3.16596">
        <ele>829</ele>
        <time>2026-08-21T17:19:15+00:00</time>
      </trkpt>
      <trkpt lat="44.13015" lon="3.16612">
        <ele>829</ele>
        <time>2026-08-21T17:19:18+00:00</time>
      </trkpt>
      <trkpt lat="44.13008" lon="3.16616">
        <ele>828</ele>
        <time>2026-08-21T17:19:21+00:00</time>
      </trkpt>
      <trkpt lat="44.13005" lon="3.16619">
        <ele>828</ele>
        <time>2026-08-21T17:19:24+00:00</time>
      </trkpt>
      <trkpt lat="44.13003" lon="3.16624">
        <ele>829</ele>
        <time>2026-08-21T17:19:27+00:00</time>
      </trkpt>
      <trkpt lat="44.13002" lon="3.16629">
        <ele>829</ele>
        <time>2026-08-21T17:19:30+00:00</time>
      </trkpt>
      <trkpt lat="44.13002" lon="3.16643">
        <ele>831</ele>
        <time>2026-08-21T17:19:33+00:00</time>
      </trkpt>
      <trkpt lat="44.13001" lon="3.16648">
        <ele>831</ele>
        <time>2026-08-21T17:19:36+00:00</time>
      </trkpt>
      <trkpt lat="44.12993" lon="3.16657">
        <ele>831</ele>
        <time>2026-08-21T17:19:39+00:00</time>
      </trkpt>
      <trkpt lat="44.12987" lon="3.16662">
        <ele>831</ele>
        <time>2026-08-21T17:19:42+00:00</time>
      </trkpt>
      <trkpt lat="44.12973" lon="3.1667">
        <ele>831</ele>
        <time>2026-08-21T17:19:45+00:00</time>
      </trkpt>
      <trkpt lat="44.12968" lon="3.16672">
        <ele>830</ele>
        <time>2026-08-21T17:19:48+00:00</time>
      </trkpt>
      <trkpt lat="44.12956" lon="3.16674">
        <ele>830</ele>
        <time>2026-08-21T17:19:51+00:00</time>
      </trkpt>
      <trkpt lat="44.12946" lon="3.16674">
        <ele>830</ele>
        <time>2026-08-21T17:19:54+00:00</time>
      </trkpt>
      <trkpt lat="44.12936" lon="3.16673">
        <ele>831</ele>
        <time>2026-08-21T17:19:57+00:00</time>
      </trkpt>
      <trkpt lat="44.12927" lon="3.16673">
        <ele>830</ele>
        <time>2026-08-21T17:20:00+00:00</time>
      </trkpt>
      <trkpt lat="44.12924" lon="3.16674">
        <ele>830</ele>
        <time>2026-08-21T17:20:03+00:00</time>
      </trkpt>
      <trkpt lat="44.1291" lon="3.16685">
        <ele>829</ele>
        <time>2026-08-21T17:20:06+00:00</time>
      </trkpt>
      <trkpt lat="44.12904" lon="3.16691">
        <ele>830</ele>
        <time>2026-08-21T17:20:09+00:00</time>
      </trkpt>
      <trkpt lat="44.129" lon="3.16693">
        <ele>830</ele>
        <time>2026-08-21T17:20:12+00:00</time>
      </trkpt>
      <trkpt lat="44.1289" lon="3.16698">
        <ele>829</ele>
        <time>2026-08-21T17:20:15+00:00</time>
      </trkpt>
      <trkpt lat="44.12874" lon="3.16708">
        <ele>830</ele>
        <time>2026-08-21T17:20:18+00:00</time>
      </trkpt>
      <trkpt lat="44.12871" lon="3.16711">
        <ele>830</ele>
        <time>2026-08-21T17:20:21+00:00</time>
      </trkpt>
      <trkpt lat="44.1287" lon="3.16715">
        <ele>830</ele>
        <time>2026-08-21T17:20:24+00:00</time>
      </trkpt>
      <trkpt lat="44.12861" lon="3.16722">
        <ele>831</ele>
        <time>2026-08-21T17:20:27+00:00</time>
      </trkpt>
      <trkpt lat="44.12854" lon="3.16731">
        <ele>831</ele>
        <time>2026-08-21T17:20:30+00:00</time>
      </trkpt>
      <trkpt lat="44.12852" lon="3.16734">
        <ele>831</ele>
        <time>2026-08-21T17:20:33+00:00</time>
      </trkpt>
      <trkpt lat="44.1285" lon="3.16741">
        <ele>832</ele>
        <time>2026-08-21T17:20:36+00:00</time>
      </trkpt>
      <trkpt lat="44.12848" lon="3.16747">
        <ele>832</ele>
        <time>2026-08-21T17:20:39+00:00</time>
      </trkpt>
      <trkpt lat="44.12836" lon="3.16753">
        <ele>834</ele>
        <time>2026-08-21T17:20:42+00:00</time>
      </trkpt>
      <trkpt lat="44.12833" lon="3.16757">
        <ele>834</ele>
        <time>2026-08-21T17:20:45+00:00</time>
      </trkpt>
      <trkpt lat="44.1283" lon="3.16761">
        <ele>835</ele>
        <time>2026-08-21T17:20:48+00:00</time>
      </trkpt>
      <trkpt lat="44.12821" lon="3.1677">
        <ele>835</ele>
        <time>2026-08-21T17:20:51+00:00</time>
      </trkpt>
      <trkpt lat="44.12817" lon="3.16777">
        <ele>835</ele>
        <time>2026-08-21T17:20:54+00:00</time>
      </trkpt>
      <trkpt lat="44.12811" lon="3.16784">
        <ele>836</ele>
        <time>2026-08-21T17:20:57+00:00</time>
      </trkpt>
      <trkpt lat="44.12808" lon="3.16791">
        <ele>837</ele>
        <time>2026-08-21T17:21:00+00:00</time>
      </trkpt>
      <trkpt lat="44.12802" lon="3.16796">
        <ele>837</ele>
        <time>2026-08-21T17:21:03+00:00</time>
      </trkpt>
      <trkpt lat="44.128" lon="3.16799">
        <ele>837</ele>
        <time>2026-08-21T17:21:06+00:00</time>
      </trkpt>
      <trkpt lat="44.12797" lon="3.16805">
        <ele>837</ele>
        <time>2026-08-21T17:21:09+00:00</time>
      </trkpt>
      <trkpt lat="44.12794" lon="3.16807">
        <ele>837</ele>
        <time>2026-08-21T17:21:12+00:00</time>
      </trkpt>
      <trkpt lat="44.12792" lon="3.16809">
        <ele>837</ele>
        <time>2026-08-21T17:21:15+00:00</time>
      </trkpt>
      <trkpt lat="44.12791" lon="3.16812">
        <ele>839</ele>
        <time>2026-08-21T17:21:18+00:00</time>
      </trkpt>
      <trkpt lat="44.12789" lon="3.16818">
        <ele>838</ele>
        <time>2026-08-21T17:21:21+00:00</time>
      </trkpt>
      <trkpt lat="44.12787" lon="3.16822">
        <ele>839</ele>
        <time>2026-08-21T17:21:24+00:00</time>
      </trkpt>
      <trkpt lat="44.12785" lon="3.16824">
        <ele>839</ele>
        <time>2026-08-21T17:21:27+00:00</time>
      </trkpt>
      <trkpt lat="44.12782" lon="3.16827">
        <ele>839</ele>
        <time>2026-08-21T17:21:30+00:00</time>
      </trkpt>
      <trkpt lat="44.1278" lon="3.16829">
        <ele>837</ele>
        <time>2026-08-21T17:21:33+00:00</time>
      </trkpt>
      <trkpt lat="44.12778" lon="3.16832">
        <ele>838</ele>
        <time>2026-08-21T17:21:36+00:00</time>
      </trkpt>
      <trkpt lat="44.12776" lon="3.16834">
        <ele>838</ele>
        <time>2026-08-21T17:21:39+00:00</time>
      </trkpt>
      <trkpt lat="44.12773" lon="3.16834">
        <ele>838</ele>
        <time>2026-08-21T17:21:42+00:00</time>
      </trkpt>
      <trkpt lat="44.12771" lon="3.16836">
        <ele>838</ele>
        <time>2026-08-21T17:21:45+00:00</time>
      </trkpt>
      <trkpt lat="44.1277" lon="3.16838">
        <ele>838</ele>
        <time>2026-08-21T17:21:48+00:00</time>
      </trkpt>
      <trkpt lat="44.12769" lon="3.16841">
        <ele>837</ele>
        <time>2026-08-21T17:21:51+00:00</time>
      </trkpt>
      <trkpt lat="44.12768" lon="3.16843">
        <ele>837</ele>
        <time>2026-08-21T17:21:54+00:00</time>
      </trkpt>
      <trkpt lat="44.12766" lon="3.16845">
        <ele>837</ele>
        <time>2026-08-21T17:21:57+00:00</time>
      </trkpt>
      <trkpt lat="44.12765" lon="3.16848">
        <ele>837</ele>
        <time>2026-08-21T17:22:00+00:00</time>
      </trkpt>
      <trkpt lat="44.12764" lon="3.16853">
        <ele>837</ele>
        <time>2026-08-21T17:22:03+00:00</time>
      </trkpt>
      <trkpt lat="44.12763" lon="3.16857">
        <ele>837</ele>
        <time>2026-08-21T17:22:06+00:00</time>
      </trkpt>
      <trkpt lat="44.12762" lon="3.16859">
        <ele>837</ele>
        <time>2026-08-21T17:22:09+00:00</time>
      </trkpt>
      <trkpt lat="44.12759" lon="3.1686">
        <ele>837</ele>
        <time>2026-08-21T17:22:12+00:00</time>
      </trkpt>
      <trkpt lat="44.12757" lon="3.16861">
        <ele>837</ele>
        <time>2026-08-21T17:22:15+00:00</time>
      </trkpt>
      <trkpt lat="44.12754" lon="3.16861">
        <ele>837</ele>
        <time>2026-08-21T17:22:18+00:00</time>
      </trkpt>
      <trkpt lat="44.12752" lon="3.16863">
        <ele>837</ele>
        <time>2026-08-21T17:22:21+00:00</time>
      </trkpt>
      <trkpt lat="44.1275" lon="3.16862">
        <ele>836</ele>
        <time>2026-08-21T17:22:24+00:00</time>
      </trkpt>
      <trkpt lat="44.12748" lon="3.1686">
        <ele>836</ele>
        <time>2026-08-21T17:22:27+00:00</time>
      </trkpt>
      <trkpt lat="44.12747" lon="3.16857">
        <ele>836</ele>
        <time>2026-08-21T17:22:30+00:00</time>
      </trkpt>
      <trkpt lat="44.12745" lon="3.16854">
        <ele>836</ele>
        <time>2026-08-21T17:22:33+00:00</time>
      </trkpt>
      <trkpt lat="44.12742" lon="3.16854">
        <ele>836</ele>
        <time>2026-08-21T17:22:36+00:00</time>
      </trkpt>
      <trkpt lat="44.12739" lon="3.16854">
        <ele>836</ele>
        <time>2026-08-21T17:22:39+00:00</time>
      </trkpt>
      <trkpt lat="44.12731" lon="3.16856">
        <ele>836</ele>
        <time>2026-08-21T17:22:42+00:00</time>
      </trkpt>
      <trkpt lat="44.12727" lon="3.16858">
        <ele>836</ele>
        <time>2026-08-21T17:22:45+00:00</time>
      </trkpt>
      <trkpt lat="44.12725" lon="3.16861">
        <ele>835</ele>
        <time>2026-08-21T17:22:48+00:00</time>
      </trkpt>
      <trkpt lat="44.12722" lon="3.16866">
        <ele>835</ele>
        <time>2026-08-21T17:22:51+00:00</time>
      </trkpt>
      <trkpt lat="44.1272" lon="3.16868">
        <ele>835</ele>
        <time>2026-08-21T17:22:54+00:00</time>
      </trkpt>
      <trkpt lat="44.12713" lon="3.16886">
        <ele>833</ele>
        <time>2026-08-21T17:22:57+00:00</time>
      </trkpt>
      <trkpt lat="44.12705" lon="3.16905">
        <ele>831</ele>
        <time>2026-08-21T17:23:00+00:00</time>
      </trkpt>
      <trkpt lat="44.12693" lon="3.16922">
        <ele>830</ele>
        <time>2026-08-21T17:23:03+00:00</time>
      </trkpt>
      <trkpt lat="44.12684" lon="3.16945">
        <ele>830</ele>
        <time>2026-08-21T17:23:06+00:00</time>
      </trkpt>
      <trkpt lat="44.12673" lon="3.16965">
        <ele>830</ele>
        <time>2026-08-21T17:23:09+00:00</time>
      </trkpt>
      <trkpt lat="44.1266" lon="3.16972">
        <ele>830</ele>
        <time>2026-08-21T17:23:12+00:00</time>
      </trkpt>
      <trkpt lat="44.12664" lon="3.16977">
        <ele>830</ele>
        <time>2026-08-21T17:23:15+00:00</time>
      </trkpt>
      <trkpt lat="44.1267" lon="3.16985">
        <ele>830</ele>
        <time>2026-08-21T17:23:18+00:00</time>
      </trkpt>
      <trkpt lat="44.1267" lon="3.17012">
        <ele>827</ele>
        <time>2026-08-21T17:23:21+00:00</time>
      </trkpt>
      <trkpt lat="44.12671" lon="3.17019">
        <ele>827</ele>
        <time>2026-08-21T17:23:24+00:00</time>
      </trkpt>
      <trkpt lat="44.12675" lon="3.17026">
        <ele>826</ele>
        <time>2026-08-21T17:23:27+00:00</time>
      </trkpt>
      <trkpt lat="44.1268" lon="3.17034">
        <ele>824</ele>
        <time>2026-08-21T17:23:30+00:00</time>
      </trkpt>
      <trkpt lat="44.12692" lon="3.17046">
        <ele>823</ele>
        <time>2026-08-21T17:23:33+00:00</time>
      </trkpt>
      <trkpt lat="44.12701" lon="3.17059">
        <ele>821</ele>
        <time>2026-08-21T17:23:36+00:00</time>
      </trkpt>
      <trkpt lat="44.12705" lon="3.1707">
        <ele>821</ele>
        <time>2026-08-21T17:23:39+00:00</time>
      </trkpt>
      <trkpt lat="44.12706" lon="3.17077">
        <ele>820</ele>
        <time>2026-08-21T17:23:42+00:00</time>
      </trkpt>
      <trkpt lat="44.12703" lon="3.1709">
        <ele>819</ele>
        <time>2026-08-21T17:23:45+00:00</time>
      </trkpt>
      <trkpt lat="44.12698" lon="3.171">
        <ele>819</ele>
        <time>2026-08-21T17:23:48+00:00</time>
      </trkpt>
      <trkpt lat="44.12695" lon="3.17114">
        <ele>818</ele>
        <time>2026-08-21T17:23:51+00:00</time>
      </trkpt>
      <trkpt lat="44.12695" lon="3.17131">
        <ele>817</ele>
        <time>2026-08-21T17:23:54+00:00</time>
      </trkpt>
      <trkpt lat="44.12711" lon="3.1715">
        <ele>816</ele>
        <time>2026-08-21T17:23:57+00:00</time>
      </trkpt>
      <trkpt lat="44.1272" lon="3.1717">
        <ele>816</ele>
        <time>2026-08-21T17:24:00+00:00</time>
      </trkpt>
      <trkpt lat="44.12731" lon="3.17203">
        <ele>814</ele>
        <time>2026-08-21T17:24:03+00:00</time>
      </trkpt>
      <trkpt lat="44.12739" lon="3.17239">
        <ele>813</ele>
        <time>2026-08-21T17:24:06+00:00</time>
      </trkpt>
      <trkpt lat="44.1274" lon="3.17252">
        <ele>814</ele>
        <time>2026-08-21T17:24:09+00:00</time>
      </trkpt>
      <trkpt lat="44.12726" lon="3.17276">
        <ele>813</ele>
        <time>2026-08-21T17:24:12+00:00</time>
      </trkpt>
      <trkpt lat="44.12714" lon="3.17316">
        <ele>812</ele>
        <time>2026-08-21T17:24:15+00:00</time>
      </trkpt>
      <trkpt lat="44.12709" lon="3.1733">
        <ele>811</ele>
        <time>2026-08-21T17:24:18+00:00</time>
      </trkpt>
      <trkpt lat="44.12709" lon="3.17347">
        <ele>811</ele>
        <time>2026-08-21T17:24:21+00:00</time>
      </trkpt>
      <trkpt lat="44.12709" lon="3.17348">
        <ele>811</ele>
        <time>2026-08-21T17:24:24+00:00</time>
      </trkpt>
      <trkpt lat="44.12709" lon="3.17359">
        <ele>811</ele>
        <time>2026-08-21T17:24:27+00:00</time>
      </trkpt>
      <trkpt lat="44.12707" lon="3.17362">
        <ele>811</ele>
        <time>2026-08-21T17:24:30+00:00</time>
      </trkpt>
      <trkpt lat="44.12703" lon="3.17369">
        <ele>811</ele>
        <time>2026-08-21T17:24:33+00:00</time>
      </trkpt>
      <trkpt lat="44.12696" lon="3.17385">
        <ele>811</ele>
        <time>2026-08-21T17:24:36+00:00</time>
      </trkpt>
      <trkpt lat="44.1269" lon="3.17399">
        <ele>810</ele>
        <time>2026-08-21T17:24:39+00:00</time>
      </trkpt>
      <trkpt lat="44.12688" lon="3.17406">
        <ele>811</ele>
        <time>2026-08-21T17:24:42+00:00</time>
      </trkpt>
      <trkpt lat="44.12689" lon="3.17407">
        <ele>811</ele>
        <time>2026-08-21T17:24:45+00:00</time>
      </trkpt>
      <trkpt lat="44.12674" lon="3.1743">
        <ele>813</ele>
        <time>2026-08-21T17:24:48+00:00</time>
      </trkpt>
      <trkpt lat="44.12655" lon="3.17461">
        <ele>815</ele>
        <time>2026-08-21T17:24:51+00:00</time>
      </trkpt>
      <trkpt lat="44.12632" lon="3.17502">
        <ele>817</ele>
        <time>2026-08-21T17:24:54+00:00</time>
      </trkpt>
      <trkpt lat="44.12613" lon="3.17533">
        <ele>818</ele>
        <time>2026-08-21T17:24:57+00:00</time>
      </trkpt>
      <trkpt lat="44.12598" lon="3.1756">
        <ele>818</ele>
        <time>2026-08-21T17:25:00+00:00</time>
      </trkpt>
      <trkpt lat="44.12573" lon="3.17602">
        <ele>818</ele>
        <time>2026-08-21T17:25:03+00:00</time>
      </trkpt>
      <trkpt lat="44.12561" lon="3.17643">
        <ele>812</ele>
        <time>2026-08-21T17:25:06+00:00</time>
      </trkpt>
      <trkpt lat="44.12538" lon="3.17651">
        <ele>811</ele>
        <time>2026-08-21T17:25:09+00:00</time>
      </trkpt>
      <trkpt lat="44.12512" lon="3.1764">
        <ele>811</ele>
        <time>2026-08-21T17:25:12+00:00</time>
      </trkpt>
      <trkpt lat="44.12501" lon="3.17649">
        <ele>811</ele>
        <time>2026-08-21T17:25:15+00:00</time>
      </trkpt>
      <trkpt lat="44.12483" lon="3.17622">
        <ele>810</ele>
        <time>2026-08-21T17:25:18+00:00</time>
      </trkpt>
      <trkpt lat="44.12451" lon="3.17575">
        <ele>807</ele>
        <time>2026-08-21T17:25:21+00:00</time>
      </trkpt>
      <trkpt lat="44.12431" lon="3.17563">
        <ele>806</ele>
        <time>2026-08-21T17:25:24+00:00</time>
      </trkpt>
      <trkpt lat="44.12428" lon="3.17534">
        <ele>804</ele>
        <time>2026-08-21T17:25:27+00:00</time>
      </trkpt>
      <trkpt lat="44.12406" lon="3.17521">
        <ele>807</ele>
        <time>2026-08-21T17:25:30+00:00</time>
      </trkpt>
      <trkpt lat="44.12402" lon="3.17495">
        <ele>805</ele>
        <time>2026-08-21T17:25:33+00:00</time>
      </trkpt>
      <trkpt lat="44.12408" lon="3.17467">
        <ele>810</ele>
        <time>2026-08-21T17:25:36+00:00</time>
      </trkpt>
      <trkpt lat="44.12395" lon="3.17433">
        <ele>814</ele>
        <time>2026-08-21T17:25:39+00:00</time>
      </trkpt>
      <trkpt lat="44.12366" lon="3.17412">
        <ele>821</ele>
        <time>2026-08-21T17:25:42+00:00</time>
      </trkpt>
      <trkpt lat="44.12344" lon="3.17395">
        <ele>828</ele>
        <time>2026-08-21T17:25:45+00:00</time>
      </trkpt>
      <trkpt lat="44.12321" lon="3.17378">
        <ele>832</ele>
        <time>2026-08-21T17:25:48+00:00</time>
      </trkpt>
      <trkpt lat="44.12294" lon="3.17336">
        <ele>833</ele>
        <time>2026-08-21T17:25:51+00:00</time>
      </trkpt>
      <trkpt lat="44.12261" lon="3.17337">
        <ele>832</ele>
        <time>2026-08-21T17:25:54+00:00</time>
      </trkpt>
      <trkpt lat="44.12221" lon="3.17309">
        <ele>832</ele>
        <time>2026-08-21T17:25:57+00:00</time>
      </trkpt>
      <trkpt lat="44.12215" lon="3.17284">
        <ele>830</ele>
        <time>2026-08-21T17:26:00+00:00</time>
      </trkpt>
      <trkpt lat="44.12221" lon="3.17264">
        <ele>832</ele>
        <time>2026-08-21T17:26:03+00:00</time>
      </trkpt>
      <trkpt lat="44.12228" lon="3.17241">
        <ele>832</ele>
        <time>2026-08-21T17:26:06+00:00</time>
      </trkpt>
      <trkpt lat="44.12226" lon="3.17208">
        <ele>835</ele>
        <time>2026-08-21T17:26:09+00:00</time>
      </trkpt>
      <trkpt lat="44.12262" lon="3.17176">
        <ele>835</ele>
        <time>2026-08-21T17:26:12+00:00</time>
      </trkpt>
      <trkpt lat="44.12265" lon="3.17122">
        <ele>834</ele>
        <time>2026-08-21T17:26:15+00:00</time>
      </trkpt>
      <trkpt lat="44.12278" lon="3.17094">
        <ele>835</ele>
        <time>2026-08-21T17:26:18+00:00</time>
      </trkpt>
      <trkpt lat="44.1228" lon="3.17059">
        <ele>837</ele>
        <time>2026-08-21T17:26:21+00:00</time>
      </trkpt>
      <trkpt lat="44.12289" lon="3.17036">
        <ele>836</ele>
        <time>2026-08-21T17:26:24+00:00</time>
      </trkpt>
      <trkpt lat="44.12292" lon="3.17009">
        <ele>840</ele>
        <time>2026-08-21T17:26:27+00:00</time>
      </trkpt>
      <trkpt lat="44.12317" lon="3.17006">
        <ele>844</ele>
        <time>2026-08-21T17:26:30+00:00</time>
      </trkpt>
      <trkpt lat="44.12325" lon="3.17002">
        <ele>845</ele>
        <time>2026-08-21T17:26:33+00:00</time>
      </trkpt>
      <trkpt lat="44.12337" lon="3.17012">
        <ele>848</ele>
        <time>2026-08-21T17:26:36+00:00</time>
      </trkpt>
      <trkpt lat="44.12355" lon="3.17002">
        <ele>852</ele>
        <time>2026-08-21T17:26:39+00:00</time>
      </trkpt>
      <trkpt lat="44.12372" lon="3.16979">
        <ele>852</ele>
        <time>2026-08-21T17:26:42+00:00</time>
      </trkpt>
      <trkpt lat="44.12399" lon="3.16941">
        <ele>853</ele>
        <time>2026-08-21T17:26:45+00:00</time>
      </trkpt>
      <trkpt lat="44.12424" lon="3.16936">
        <ele>855</ele>
        <time>2026-08-21T17:26:48+00:00</time>
      </trkpt>
      <trkpt lat="44.12451" lon="3.16941">
        <ele>855</ele>
        <time>2026-08-21T17:26:51+00:00</time>
      </trkpt>
      <trkpt lat="44.12466" lon="3.1693">
        <ele>855</ele>
        <time>2026-08-21T17:26:54+00:00</time>
      </trkpt>
      <trkpt lat="44.1249" lon="3.16936">
        <ele>855</ele>
        <time>2026-08-21T17:26:57+00:00</time>
      </trkpt>
      <trkpt lat="44.12519" lon="3.16908">
        <ele>848</ele>
        <time>2026-08-21T17:27:00+00:00</time>
      </trkpt>
      <trkpt lat="44.12552" lon="3.16918">
        <ele>841</ele>
        <time>2026-08-21T17:27:03+00:00</time>
      </trkpt>
      <trkpt lat="44.12559" lon="3.16908">
        <ele>838</ele>
        <time>2026-08-21T17:27:06+00:00</time>
      </trkpt>
      <trkpt lat="44.12565" lon="3.16876">
        <ele>832</ele>
        <time>2026-08-21T17:27:09+00:00</time>
      </trkpt>
      <trkpt lat="44.12581" lon="3.16866">
        <ele>829</ele>
        <time>2026-08-21T17:27:12+00:00</time>
      </trkpt>
      <trkpt lat="44.12596" lon="3.16865">
        <ele>831</ele>
        <time>2026-08-21T17:27:15+00:00</time>
      </trkpt>
      <trkpt lat="44.12614" lon="3.1685">
        <ele>830</ele>
        <time>2026-08-21T17:27:18+00:00</time>
      </trkpt>
      <trkpt lat="44.12612" lon="3.16839">
        <ele>830</ele>
        <time>2026-08-21T17:27:21+00:00</time>
      </trkpt>
      <trkpt lat="44.12607" lon="3.16832">
        <ele>829</ele>
        <time>2026-08-21T17:27:24+00:00</time>
      </trkpt>
      <trkpt lat="44.12604" lon="3.1683">
        <ele>829</ele>
        <time>2026-08-21T17:27:27+00:00</time>
      </trkpt>
      <trkpt lat="44.12594" lon="3.16828">
        <ele>825</ele>
        <time>2026-08-21T17:27:30+00:00</time>
      </trkpt>
      <trkpt lat="44.12588" lon="3.1683">
        <ele>825</ele>
        <time>2026-08-21T17:27:33+00:00</time>
      </trkpt>
      <trkpt lat="44.12581" lon="3.16826">
        <ele>824</ele>
        <time>2026-08-21T17:27:36+00:00</time>
      </trkpt>
      <trkpt lat="44.12573" lon="3.16815">
        <ele>823</ele>
        <time>2026-08-21T17:27:39+00:00</time>
      </trkpt>
      <trkpt lat="44.12568" lon="3.1681">
        <ele>823</ele>
        <time>2026-08-21T17:27:42+00:00</time>
      </trkpt>
      <trkpt lat="44.1256" lon="3.16809">
        <ele>818</ele>
        <time>2026-08-21T17:27:45+00:00</time>
      </trkpt>
      <trkpt lat="44.12557" lon="3.16811">
        <ele>824</ele>
        <time>2026-08-21T17:27:48+00:00</time>
      </trkpt>
      <trkpt lat="44.12555" lon="3.16809">
        <ele>819</ele>
        <time>2026-08-21T17:27:51+00:00</time>
      </trkpt>
      <trkpt lat="44.12554" lon="3.16801">
        <ele>821</ele>
        <time>2026-08-21T17:27:54+00:00</time>
      </trkpt>
      <trkpt lat="44.12551" lon="3.16796">
        <ele>818</ele>
        <time>2026-08-21T17:27:57+00:00</time>
      </trkpt>
      <trkpt lat="44.12545" lon="3.16793">
        <ele>820</ele>
        <time>2026-08-21T17:28:00+00:00</time>
      </trkpt>
      <trkpt lat="44.12543" lon="3.16794">
        <ele>820</ele>
        <time>2026-08-21T17:28:03+00:00</time>
      </trkpt>
      <trkpt lat="44.12534" lon="3.16796">
        <ele>820</ele>
        <time>2026-08-21T17:28:06+00:00</time>
      </trkpt>
      <trkpt lat="44.12532" lon="3.16793">
        <ele>820</ele>
        <time>2026-08-21T17:28:09+00:00</time>
      </trkpt>
      <trkpt lat="44.12529" lon="3.16792">
        <ele>816</ele>
        <time>2026-08-21T17:28:12+00:00</time>
      </trkpt>
      <trkpt lat="44.12522" lon="3.1679">
        <ele>815</ele>
        <time>2026-08-21T17:28:15+00:00</time>
      </trkpt>
      <trkpt lat="44.12522" lon="3.16787">
        <ele>815</ele>
        <time>2026-08-21T17:28:18+00:00</time>
      </trkpt>
      <trkpt lat="44.12516" lon="3.16783">
        <ele>812</ele>
        <time>2026-08-21T17:28:21+00:00</time>
      </trkpt>
      <trkpt lat="44.12514" lon="3.16778">
        <ele>810</ele>
        <time>2026-08-21T17:28:24+00:00</time>
      </trkpt>
      <trkpt lat="44.12511" lon="3.16777">
        <ele>810</ele>
        <time>2026-08-21T17:28:27+00:00</time>
      </trkpt>
      <trkpt lat="44.12507" lon="3.16775">
        <ele>809</ele>
        <time>2026-08-21T17:28:30+00:00</time>
      </trkpt>
      <trkpt lat="44.12503" lon="3.16776">
        <ele>809</ele>
        <time>2026-08-21T17:28:33+00:00</time>
      </trkpt>
      <trkpt lat="44.125" lon="3.16779">
        <ele>804</ele>
        <time>2026-08-21T17:28:36+00:00</time>
      </trkpt>
      <trkpt lat="44.12497" lon="3.1678">
        <ele>806</ele>
        <time>2026-08-21T17:28:39+00:00</time>
      </trkpt>
      <trkpt lat="44.12492" lon="3.16782">
        <ele>806</ele>
        <time>2026-08-21T17:28:42+00:00</time>
      </trkpt>
      <trkpt lat="44.12489" lon="3.16785">
        <ele>802</ele>
        <time>2026-08-21T17:28:45+00:00</time>
      </trkpt>
      <trkpt lat="44.12485" lon="3.16785">
        <ele>802</ele>
        <time>2026-08-21T17:28:48+00:00</time>
      </trkpt>
      <trkpt lat="44.12481" lon="3.16782">
        <ele>802</ele>
        <time>2026-08-21T17:28:51+00:00</time>
      </trkpt>
      <trkpt lat="44.12478" lon="3.16778">
        <ele>798</ele>
        <time>2026-08-21T17:28:54+00:00</time>
      </trkpt>
      <trkpt lat="44.12478" lon="3.16776">
        <ele>798</ele>
        <time>2026-08-21T17:28:57+00:00</time>
      </trkpt>
      <trkpt lat="44.12471" lon="3.16777">
        <ele>798</ele>
        <time>2026-08-21T17:29:00+00:00</time>
      </trkpt>
      <trkpt lat="44.12468" lon="3.16776">
        <ele>793</ele>
        <time>2026-08-21T17:29:03+00:00</time>
      </trkpt>
      <trkpt lat="44.12465" lon="3.16776">
        <ele>793</ele>
        <time>2026-08-21T17:29:06+00:00</time>
      </trkpt>
      <trkpt lat="44.12462" lon="3.16778">
        <ele>793</ele>
        <time>2026-08-21T17:29:09+00:00</time>
      </trkpt>
      <trkpt lat="44.12459" lon="3.16779">
        <ele>791</ele>
        <time>2026-08-21T17:29:12+00:00</time>
      </trkpt>
      <trkpt lat="44.12457" lon="3.16779">
        <ele>791</ele>
        <time>2026-08-21T17:29:15+00:00</time>
      </trkpt>
      <trkpt lat="44.12454" lon="3.16779">
        <ele>791</ele>
        <time>2026-08-21T17:29:18+00:00</time>
      </trkpt>
      <trkpt lat="44.12434" lon="3.16765">
        <ele>788</ele>
        <time>2026-08-21T17:29:21+00:00</time>
      </trkpt>
      <trkpt lat="44.12428" lon="3.16764">
        <ele>785</ele>
        <time>2026-08-21T17:29:24+00:00</time>
      </trkpt>
      <trkpt lat="44.12424" lon="3.16761">
        <ele>785</ele>
        <time>2026-08-21T17:29:27+00:00</time>
      </trkpt>
      <trkpt lat="44.12419" lon="3.16756">
        <ele>782</ele>
        <time>2026-08-21T17:29:30+00:00</time>
      </trkpt>
      <trkpt lat="44.12417" lon="3.16754">
        <ele>782</ele>
        <time>2026-08-21T17:29:33+00:00</time>
      </trkpt>
      <trkpt lat="44.12415" lon="3.16755">
        <ele>782</ele>
        <time>2026-08-21T17:29:36+00:00</time>
      </trkpt>
      <trkpt lat="44.12412" lon="3.16757">
        <ele>782</ele>
        <time>2026-08-21T17:29:39+00:00</time>
      </trkpt>
      <trkpt lat="44.12402" lon="3.16757">
        <ele>777</ele>
        <time>2026-08-21T17:29:42+00:00</time>
      </trkpt>
      <trkpt lat="44.12393" lon="3.16761">
        <ele>777</ele>
        <time>2026-08-21T17:29:45+00:00</time>
      </trkpt>
      <trkpt lat="44.12387" lon="3.1676">
        <ele>772</ele>
        <time>2026-08-21T17:29:48+00:00</time>
      </trkpt>
      <trkpt lat="44.12383" lon="3.16757">
        <ele>772</ele>
        <time>2026-08-21T17:29:51+00:00</time>
      </trkpt>
      <trkpt lat="44.1238" lon="3.16752">
        <ele>772</ele>
        <time>2026-08-21T17:29:54+00:00</time>
      </trkpt>
      <trkpt lat="44.1237" lon="3.16744">
        <ele>768</ele>
        <time>2026-08-21T17:29:57+00:00</time>
      </trkpt>
      <trkpt lat="44.12367" lon="3.1674">
        <ele>770</ele>
        <time>2026-08-21T17:30:00+00:00</time>
      </trkpt>
      <trkpt lat="44.12354" lon="3.16731">
        <ele>767</ele>
        <time>2026-08-21T17:30:03+00:00</time>
      </trkpt>
      <trkpt lat="44.12352" lon="3.16731">
        <ele>767</ele>
        <time>2026-08-21T17:30:06+00:00</time>
      </trkpt>
      <trkpt lat="44.12346" lon="3.16731">
        <ele>763</ele>
        <time>2026-08-21T17:30:09+00:00</time>
      </trkpt>
      <trkpt lat="44.12344" lon="3.16732">
        <ele>763</ele>
        <time>2026-08-21T17:30:12+00:00</time>
      </trkpt>
      <trkpt lat="44.1234" lon="3.16734">
        <ele>763</ele>
        <time>2026-08-21T17:30:15+00:00</time>
      </trkpt>
      <trkpt lat="44.12334" lon="3.16734">
        <ele>761</ele>
        <time>2026-08-21T17:30:18+00:00</time>
      </trkpt>
      <trkpt lat="44.12329" lon="3.16737">
        <ele>759</ele>
        <time>2026-08-21T17:30:21+00:00</time>
      </trkpt>
      <trkpt lat="44.12326" lon="3.16736">
        <ele>759</ele>
        <time>2026-08-21T17:30:24+00:00</time>
      </trkpt>
      <trkpt lat="44.12324" lon="3.16732">
        <ele>759</ele>
        <time>2026-08-21T17:30:27+00:00</time>
      </trkpt>
      <trkpt lat="44.12322" lon="3.1673">
        <ele>759</ele>
        <time>2026-08-21T17:30:30+00:00</time>
      </trkpt>
      <trkpt lat="44.12319" lon="3.16729">
        <ele>758</ele>
        <time>2026-08-21T17:30:33+00:00</time>
      </trkpt>
      <trkpt lat="44.12316" lon="3.16729">
        <ele>758</ele>
        <time>2026-08-21T17:30:36+00:00</time>
      </trkpt>
      <trkpt lat="44.12311" lon="3.16734">
        <ele>757</ele>
        <time>2026-08-21T17:30:39+00:00</time>
      </trkpt>
      <trkpt lat="44.12305" lon="3.16733">
        <ele>755</ele>
        <time>2026-08-21T17:30:42+00:00</time>
      </trkpt>
      <trkpt lat="44.123" lon="3.16734">
        <ele>752</ele>
        <time>2026-08-21T17:30:45+00:00</time>
      </trkpt>
      <trkpt lat="44.12294" lon="3.16742">
        <ele>753</ele>
        <time>2026-08-21T17:30:48+00:00</time>
      </trkpt>
      <trkpt lat="44.12291" lon="3.16741">
        <ele>753</ele>
        <time>2026-08-21T17:30:51+00:00</time>
      </trkpt>
      <trkpt lat="44.12288" lon="3.16738">
        <ele>748</ele>
        <time>2026-08-21T17:30:54+00:00</time>
      </trkpt>
      <trkpt lat="44.12286" lon="3.16735">
        <ele>748</ele>
        <time>2026-08-21T17:30:57+00:00</time>
      </trkpt>
      <trkpt lat="44.12283" lon="3.16733">
        <ele>748</ele>
        <time>2026-08-21T17:31:00+00:00</time>
      </trkpt>
      <trkpt lat="44.12282" lon="3.1673">
        <ele>746</ele>
        <time>2026-08-21T17:31:03+00:00</time>
      </trkpt>
      <trkpt lat="44.12281" lon="3.16724">
        <ele>746</ele>
        <time>2026-08-21T17:31:06+00:00</time>
      </trkpt>
      <trkpt lat="44.12279" lon="3.16721">
        <ele>744</ele>
        <time>2026-08-21T17:31:09+00:00</time>
      </trkpt>
      <trkpt lat="44.12277" lon="3.16718">
        <ele>745</ele>
        <time>2026-08-21T17:31:12+00:00</time>
      </trkpt>
      <trkpt lat="44.12259" lon="3.16717">
        <ele>742</ele>
        <time>2026-08-21T17:31:15+00:00</time>
      </trkpt>
      <trkpt lat="44.12256" lon="3.16717">
        <ele>742</ele>
        <time>2026-08-21T17:31:18+00:00</time>
      </trkpt>
      <trkpt lat="44.12253" lon="3.16719">
        <ele>742</ele>
        <time>2026-08-21T17:31:21+00:00</time>
      </trkpt>
      <trkpt lat="44.12244" lon="3.16721">
        <ele>739</ele>
        <time>2026-08-21T17:31:24+00:00</time>
      </trkpt>
      <trkpt lat="44.12235" lon="3.16725">
        <ele>738</ele>
        <time>2026-08-21T17:31:27+00:00</time>
      </trkpt>
      <trkpt lat="44.12228" lon="3.16727">
        <ele>737</ele>
        <time>2026-08-21T17:31:30+00:00</time>
      </trkpt>
      <trkpt lat="44.1222" lon="3.16726">
        <ele>737</ele>
        <time>2026-08-21T17:31:33+00:00</time>
      </trkpt>
      <trkpt lat="44.12218" lon="3.16727">
        <ele>735</ele>
        <time>2026-08-21T17:31:36+00:00</time>
      </trkpt>
      <trkpt lat="44.12215" lon="3.16729">
        <ele>735</ele>
        <time>2026-08-21T17:31:39+00:00</time>
      </trkpt>
      <trkpt lat="44.12209" lon="3.1673">
        <ele>729</ele>
        <time>2026-08-21T17:31:42+00:00</time>
      </trkpt>
      <trkpt lat="44.12206" lon="3.16729">
        <ele>731</ele>
        <time>2026-08-21T17:31:45+00:00</time>
      </trkpt>
      <trkpt lat="44.12201" lon="3.16728">
        <ele>731</ele>
        <time>2026-08-21T17:31:48+00:00</time>
      </trkpt>
      <trkpt lat="44.12195" lon="3.16725">
        <ele>727</ele>
        <time>2026-08-21T17:31:51+00:00</time>
      </trkpt>
      <trkpt lat="44.12193" lon="3.16724">
        <ele>727</ele>
        <time>2026-08-21T17:31:54+00:00</time>
      </trkpt>
      <trkpt lat="44.12191" lon="3.16724">
        <ele>727</ele>
        <time>2026-08-21T17:31:57+00:00</time>
      </trkpt>
      <trkpt lat="44.12188" lon="3.16722">
        <ele>724</ele>
        <time>2026-08-21T17:32:00+00:00</time>
      </trkpt>
      <trkpt lat="44.12183" lon="3.1673">
        <ele>724</ele>
        <time>2026-08-21T17:32:03+00:00</time>
      </trkpt>
      <trkpt lat="44.12179" lon="3.16732">
        <ele>720</ele>
        <time>2026-08-21T17:32:06+00:00</time>
      </trkpt>
      <trkpt lat="44.12176" lon="3.16733">
        <ele>720</ele>
        <time>2026-08-21T17:32:09+00:00</time>
      </trkpt>
      <trkpt lat="44.12173" lon="3.16733">
        <ele>720</ele>
        <time>2026-08-21T17:32:12+00:00</time>
      </trkpt>
      <trkpt lat="44.12171" lon="3.1673">
        <ele>719</ele>
        <time>2026-08-21T17:32:15+00:00</time>
      </trkpt>
      <trkpt lat="44.12172" lon="3.16728">
        <ele>719</ele>
        <time>2026-08-21T17:32:18+00:00</time>
      </trkpt>
      <trkpt lat="44.12172" lon="3.16725">
        <ele>719</ele>
        <time>2026-08-21T17:32:21+00:00</time>
      </trkpt>
      <trkpt lat="44.12171" lon="3.16721">
        <ele>719</ele>
        <time>2026-08-21T17:32:24+00:00</time>
      </trkpt>
      <trkpt lat="44.1217" lon="3.1672">
        <ele>713</ele>
        <time>2026-08-21T17:32:27+00:00</time>
      </trkpt>
      <trkpt lat="44.12168" lon="3.16718">
        <ele>713</ele>
        <time>2026-08-21T17:32:30+00:00</time>
      </trkpt>
      <trkpt lat="44.12163" lon="3.16718">
        <ele>713</ele>
        <time>2026-08-21T17:32:33+00:00</time>
      </trkpt>
      <trkpt lat="44.1216" lon="3.16715">
        <ele>710</ele>
        <time>2026-08-21T17:32:36+00:00</time>
      </trkpt>
      <trkpt lat="44.12159" lon="3.16711">
        <ele>710</ele>
        <time>2026-08-21T17:32:39+00:00</time>
      </trkpt>
      <trkpt lat="44.12155" lon="3.16711">
        <ele>710</ele>
        <time>2026-08-21T17:32:42+00:00</time>
      </trkpt>
      <trkpt lat="44.12154" lon="3.16711">
        <ele>710</ele>
        <time>2026-08-21T17:32:45+00:00</time>
      </trkpt>
      <trkpt lat="44.12152" lon="3.16713">
        <ele>710</ele>
        <time>2026-08-21T17:32:48+00:00</time>
      </trkpt>
      <trkpt lat="44.12148" lon="3.16714">
        <ele>707</ele>
        <time>2026-08-21T17:32:51+00:00</time>
      </trkpt>
      <trkpt lat="44.12147" lon="3.16715">
        <ele>707</ele>
        <time>2026-08-21T17:32:54+00:00</time>
      </trkpt>
      <trkpt lat="44.12148" lon="3.16717">
        <ele>707</ele>
        <time>2026-08-21T17:32:57+00:00</time>
      </trkpt>
      <trkpt lat="44.12149" lon="3.16721">
        <ele>703</ele>
        <time>2026-08-21T17:33:00+00:00</time>
      </trkpt>
      <trkpt lat="44.12147" lon="3.16735">
        <ele>701</ele>
        <time>2026-08-21T17:33:03+00:00</time>
      </trkpt>
      <trkpt lat="44.12139" lon="3.16739">
        <ele>697</ele>
        <time>2026-08-21T17:33:06+00:00</time>
      </trkpt>
      <trkpt lat="44.12135" lon="3.16739">
        <ele>697</ele>
        <time>2026-08-21T17:33:09+00:00</time>
      </trkpt>
      <trkpt lat="44.12134" lon="3.16741">
        <ele>696</ele>
        <time>2026-08-21T17:33:12+00:00</time>
      </trkpt>
      <trkpt lat="44.12131" lon="3.16742">
        <ele>696</ele>
        <time>2026-08-21T17:33:15+00:00</time>
      </trkpt>
      <trkpt lat="44.12128" lon="3.16741">
        <ele>692</ele>
        <time>2026-08-21T17:33:18+00:00</time>
      </trkpt>
      <trkpt lat="44.12126" lon="3.1674">
        <ele>694</ele>
        <time>2026-08-21T17:33:21+00:00</time>
      </trkpt>
      <trkpt lat="44.12123" lon="3.16736">
        <ele>694</ele>
        <time>2026-08-21T17:33:24+00:00</time>
      </trkpt>
      <trkpt lat="44.12121" lon="3.16737">
        <ele>694</ele>
        <time>2026-08-21T17:33:27+00:00</time>
      </trkpt>
      <trkpt lat="44.12119" lon="3.16737">
        <ele>689</ele>
        <time>2026-08-21T17:33:30+00:00</time>
      </trkpt>
      <trkpt lat="44.12119" lon="3.16743">
        <ele>688</ele>
        <time>2026-08-21T17:33:33+00:00</time>
      </trkpt>
      <trkpt lat="44.12117" lon="3.16745">
        <ele>688</ele>
        <time>2026-08-21T17:33:36+00:00</time>
      </trkpt>
      <trkpt lat="44.12114" lon="3.16741">
        <ele>688</ele>
        <time>2026-08-21T17:33:39+00:00</time>
      </trkpt>
      <trkpt lat="44.12113" lon="3.16735">
        <ele>689</ele>
        <time>2026-08-21T17:33:42+00:00</time>
      </trkpt>
      <trkpt lat="44.12113" lon="3.16735">
        <ele>689</ele>
        <time>2026-08-21T17:33:45+00:00</time>
      </trkpt>
      <trkpt lat="44.12111" lon="3.16735">
        <ele>689</ele>
        <time>2026-08-21T17:33:48+00:00</time>
      </trkpt>
      <trkpt lat="44.12109" lon="3.16734">
        <ele>680</ele>
        <time>2026-08-21T17:33:51+00:00</time>
      </trkpt>
      <trkpt lat="44.12103" lon="3.16727">
        <ele>681</ele>
        <time>2026-08-21T17:33:54+00:00</time>
      </trkpt>
      <trkpt lat="44.12096" lon="3.16723">
        <ele>677</ele>
        <time>2026-08-21T17:33:57+00:00</time>
      </trkpt>
      <trkpt lat="44.12092" lon="3.16726">
        <ele>677</ele>
        <time>2026-08-21T17:34:00+00:00</time>
      </trkpt>
      <trkpt lat="44.12084" lon="3.16732">
        <ele>674</ele>
        <time>2026-08-21T17:34:03+00:00</time>
      </trkpt>
      <trkpt lat="44.12082" lon="3.16732">
        <ele>674</ele>
        <time>2026-08-21T17:34:06+00:00</time>
      </trkpt>
      <trkpt lat="44.1208" lon="3.16731">
        <ele>674</ele>
        <time>2026-08-21T17:34:09+00:00</time>
      </trkpt>
      <trkpt lat="44.1208" lon="3.16729">
        <ele>673</ele>
        <time>2026-08-21T17:34:12+00:00</time>
      </trkpt>
      <trkpt lat="44.12078" lon="3.1673">
        <ele>672</ele>
        <time>2026-08-21T17:34:15+00:00</time>
      </trkpt>
      <trkpt lat="44.12069" lon="3.16724">
        <ele>673</ele>
        <time>2026-08-21T17:34:18+00:00</time>
      </trkpt>
      <trkpt lat="44.12068" lon="3.16722">
        <ele>667</ele>
        <time>2026-08-21T17:34:21+00:00</time>
      </trkpt>
      <trkpt lat="44.1207" lon="3.16717">
        <ele>669</ele>
        <time>2026-08-21T17:34:24+00:00</time>
      </trkpt>
      <trkpt lat="44.12073" lon="3.16713">
        <ele>669</ele>
        <time>2026-08-21T17:34:27+00:00</time>
      </trkpt>
      <trkpt lat="44.12074" lon="3.16707">
        <ele>669</ele>
        <time>2026-08-21T17:34:30+00:00</time>
      </trkpt>
      <trkpt lat="44.12073" lon="3.16698">
        <ele>669</ele>
        <time>2026-08-21T17:34:33+00:00</time>
      </trkpt>
      <trkpt lat="44.12071" lon="3.16692">
        <ele>669</ele>
        <time>2026-08-21T17:34:36+00:00</time>
      </trkpt>
      <trkpt lat="44.12069" lon="3.16689">
        <ele>661</ele>
        <time>2026-08-21T17:34:39+00:00</time>
      </trkpt>
      <trkpt lat="44.12068" lon="3.16685">
        <ele>661</ele>
        <time>2026-08-21T17:34:42+00:00</time>
      </trkpt>
      <trkpt lat="44.12067" lon="3.16681">
        <ele>661</ele>
        <time>2026-08-21T17:34:45+00:00</time>
      </trkpt>
      <trkpt lat="44.12066" lon="3.16673">
        <ele>659</ele>
        <time>2026-08-21T17:34:48+00:00</time>
      </trkpt>
      <trkpt lat="44.12065" lon="3.16668">
        <ele>657</ele>
        <time>2026-08-21T17:34:51+00:00</time>
      </trkpt>
      <trkpt lat="44.12065" lon="3.16665">
        <ele>657</ele>
        <time>2026-08-21T17:34:54+00:00</time>
      </trkpt>
      <trkpt lat="44.12066" lon="3.16662">
        <ele>657</ele>
        <time>2026-08-21T17:34:57+00:00</time>
      </trkpt>
      <trkpt lat="44.12065" lon="3.1666">
        <ele>657</ele>
        <time>2026-08-21T17:35:00+00:00</time>
      </trkpt>
      <trkpt lat="44.12063" lon="3.16661">
        <ele>657</ele>
        <time>2026-08-21T17:35:03+00:00</time>
      </trkpt>
      <trkpt lat="44.12061" lon="3.1666">
        <ele>655</ele>
        <time>2026-08-21T17:35:06+00:00</time>
      </trkpt>
      <trkpt lat="44.12061" lon="3.16658">
        <ele>655</ele>
        <time>2026-08-21T17:35:09+00:00</time>
      </trkpt>
      <trkpt lat="44.1206" lon="3.16657">
        <ele>649</ele>
        <time>2026-08-21T17:35:12+00:00</time>
      </trkpt>
      <trkpt lat="44.12055" lon="3.16661">
        <ele>651</ele>
        <time>2026-08-21T17:35:15+00:00</time>
      </trkpt>
      <trkpt lat="44.12052" lon="3.16658">
        <ele>649</ele>
        <time>2026-08-21T17:35:18+00:00</time>
      </trkpt>
      <trkpt lat="44.1205" lon="3.16659">
        <ele>638</ele>
        <time>2026-08-21T17:35:21+00:00</time>
      </trkpt>
      <trkpt lat="44.12048" lon="3.16661">
        <ele>640</ele>
        <time>2026-08-21T17:35:24+00:00</time>
      </trkpt>
      <trkpt lat="44.12047" lon="3.16656">
        <ele>638</ele>
        <time>2026-08-21T17:35:27+00:00</time>
      </trkpt>
      <trkpt lat="44.12047" lon="3.16652">
        <ele>638</ele>
        <time>2026-08-21T17:35:30+00:00</time>
      </trkpt>
      <trkpt lat="44.12051" lon="3.1664">
        <ele>645</ele>
        <time>2026-08-21T17:35:33+00:00</time>
      </trkpt>
      <trkpt lat="44.12052" lon="3.16631">
        <ele>645</ele>
        <time>2026-08-21T17:35:36+00:00</time>
      </trkpt>
      <trkpt lat="44.12053" lon="3.16627">
        <ele>641</ele>
        <time>2026-08-21T17:35:39+00:00</time>
      </trkpt>
      <trkpt lat="44.12052" lon="3.16623">
        <ele>641</ele>
        <time>2026-08-21T17:35:42+00:00</time>
      </trkpt>
      <trkpt lat="44.12052" lon="3.16621">
        <ele>641</ele>
        <time>2026-08-21T17:35:45+00:00</time>
      </trkpt>
      <trkpt lat="44.12051" lon="3.1662">
        <ele>641</ele>
        <time>2026-08-21T17:35:48+00:00</time>
      </trkpt>
      <trkpt lat="44.1205" lon="3.16623">
        <ele>641</ele>
        <time>2026-08-21T17:35:51+00:00</time>
      </trkpt>
      <trkpt lat="44.12046" lon="3.16626">
        <ele>630</ele>
        <time>2026-08-21T17:35:54+00:00</time>
      </trkpt>
      <trkpt lat="44.12041" lon="3.16627">
        <ele>630</ele>
        <time>2026-08-21T17:35:57+00:00</time>
      </trkpt>
      <trkpt lat="44.12041" lon="3.16615">
        <ele>627</ele>
        <time>2026-08-21T17:36:00+00:00</time>
      </trkpt>
      <trkpt lat="44.1204" lon="3.16613">
        <ele>627</ele>
        <time>2026-08-21T17:36:03+00:00</time>
      </trkpt>
      <trkpt lat="44.12039" lon="3.16609">
        <ele>619</ele>
        <time>2026-08-21T17:36:06+00:00</time>
      </trkpt>
      <trkpt lat="44.12039" lon="3.16607">
        <ele>625</ele>
        <time>2026-08-21T17:36:09+00:00</time>
      </trkpt>
      <trkpt lat="44.12038" lon="3.16599">
        <ele>616</ele>
        <time>2026-08-21T17:36:12+00:00</time>
      </trkpt>
      <trkpt lat="44.12037" lon="3.16596">
        <ele>616</ele>
        <time>2026-08-21T17:36:15+00:00</time>
      </trkpt>
      <trkpt lat="44.12038" lon="3.16591">
        <ele>616</ele>
        <time>2026-08-21T17:36:18+00:00</time>
      </trkpt>
      <trkpt lat="44.12039" lon="3.16589">
        <ele>614</ele>
        <time>2026-08-21T17:36:21+00:00</time>
      </trkpt>
      <trkpt lat="44.12042" lon="3.1659">
        <ele>620</ele>
        <time>2026-08-21T17:36:24+00:00</time>
      </trkpt>
      <trkpt lat="44.12044" lon="3.16588">
        <ele>620</ele>
        <time>2026-08-21T17:36:27+00:00</time>
      </trkpt>
      <trkpt lat="44.12048" lon="3.16585">
        <ele>625</ele>
        <time>2026-08-21T17:36:30+00:00</time>
      </trkpt>
      <trkpt lat="44.1205" lon="3.16583">
        <ele>620</ele>
        <time>2026-08-21T17:36:33+00:00</time>
      </trkpt>
      <trkpt lat="44.12052" lon="3.16576">
        <ele>628</ele>
        <time>2026-08-21T17:36:36+00:00</time>
      </trkpt>
      <trkpt lat="44.12063" lon="3.16566">
        <ele>626</ele>
        <time>2026-08-21T17:36:39+00:00</time>
      </trkpt>
      <trkpt lat="44.12065" lon="3.16563">
        <ele>626</ele>
        <time>2026-08-21T17:36:42+00:00</time>
      </trkpt>
      <trkpt lat="44.12066" lon="3.16558">
        <ele>624</ele>
        <time>2026-08-21T17:36:45+00:00</time>
      </trkpt>
      <trkpt lat="44.12073" lon="3.1655">
        <ele>628</ele>
        <time>2026-08-21T17:36:48+00:00</time>
      </trkpt>
      <trkpt lat="44.12076" lon="3.16548">
        <ele>627</ele>
        <time>2026-08-21T17:36:51+00:00</time>
      </trkpt>
      <trkpt lat="44.12079" lon="3.16543">
        <ele>627</ele>
        <time>2026-08-21T17:36:54+00:00</time>
      </trkpt>
      <trkpt lat="44.1208" lon="3.16541">
        <ele>633</ele>
        <time>2026-08-21T17:36:57+00:00</time>
      </trkpt>
      <trkpt lat="44.1208" lon="3.16539">
        <ele>627</ele>
        <time>2026-08-21T17:37:00+00:00</time>
      </trkpt>
      <trkpt lat="44.1208" lon="3.16535">
        <ele>633</ele>
        <time>2026-08-21T17:37:03+00:00</time>
      </trkpt>
      <trkpt lat="44.1208" lon="3.16528">
        <ele>627</ele>
        <time>2026-08-21T17:37:06+00:00</time>
      </trkpt>
      <trkpt lat="44.12081" lon="3.16522">
        <ele>633</ele>
        <time>2026-08-21T17:37:09+00:00</time>
      </trkpt>
      <trkpt lat="44.1208" lon="3.16518">
        <ele>633</ele>
        <time>2026-08-21T17:37:12+00:00</time>
      </trkpt>
      <trkpt lat="44.12083" lon="3.16508">
        <ele>632</ele>
        <time>2026-08-21T17:37:15+00:00</time>
      </trkpt>
      <trkpt lat="44.12083" lon="3.16503">
        <ele>632</ele>
        <time>2026-08-21T17:37:18+00:00</time>
      </trkpt>
      <trkpt lat="44.12081" lon="3.16502">
        <ele>632</ele>
        <time>2026-08-21T17:37:21+00:00</time>
      </trkpt>
      <trkpt lat="44.12078" lon="3.16502">
        <ele>632</ele>
        <time>2026-08-21T17:37:24+00:00</time>
      </trkpt>
      <trkpt lat="44.12068" lon="3.16505">
        <ele>633</ele>
        <time>2026-08-21T17:37:27+00:00</time>
      </trkpt>
      <trkpt lat="44.12065" lon="3.16505">
        <ele>633</ele>
        <time>2026-08-21T17:37:30+00:00</time>
      </trkpt>
      <trkpt lat="44.12063" lon="3.16504">
        <ele>633</ele>
        <time>2026-08-21T17:37:33+00:00</time>
      </trkpt>
      <trkpt lat="44.12065" lon="3.165">
        <ele>638</ele>
        <time>2026-08-21T17:37:36+00:00</time>
      </trkpt>
      <trkpt lat="44.12066" lon="3.16497">
        <ele>638</ele>
        <time>2026-08-21T17:37:39+00:00</time>
      </trkpt>
      <trkpt lat="44.12069" lon="3.16493">
        <ele>638</ele>
        <time>2026-08-21T17:37:42+00:00</time>
      </trkpt>
      <trkpt lat="44.1207" lon="3.16491">
        <ele>637</ele>
        <time>2026-08-21T17:37:45+00:00</time>
      </trkpt>
      <trkpt lat="44.12076" lon="3.16487">
        <ele>643</ele>
        <time>2026-08-21T17:37:48+00:00</time>
      </trkpt>
      <trkpt lat="44.12078" lon="3.16484">
        <ele>643</ele>
        <time>2026-08-21T17:37:51+00:00</time>
      </trkpt>
      <trkpt lat="44.12082" lon="3.1648">
        <ele>642</ele>
        <time>2026-08-21T17:37:54+00:00</time>
      </trkpt>
      <trkpt lat="44.12084" lon="3.16481">
        <ele>642</ele>
        <time>2026-08-21T17:37:57+00:00</time>
      </trkpt>
      <trkpt lat="44.12087" lon="3.16478">
        <ele>647</ele>
        <time>2026-08-21T17:38:00+00:00</time>
      </trkpt>
      <trkpt lat="44.12088" lon="3.16474">
        <ele>647</ele>
        <time>2026-08-21T17:38:03+00:00</time>
      </trkpt>
      <trkpt lat="44.12088" lon="3.16471">
        <ele>647</ele>
        <time>2026-08-21T17:38:06+00:00</time>
      </trkpt>
      <trkpt lat="44.1209" lon="3.1647">
        <ele>653</ele>
        <time>2026-08-21T17:38:09+00:00</time>
      </trkpt>
      <trkpt lat="44.1209" lon="3.16467">
        <ele>650</ele>
        <time>2026-08-21T17:38:12+00:00</time>
      </trkpt>
      <trkpt lat="44.12092" lon="3.16467">
        <ele>650</ele>
        <time>2026-08-21T17:38:15+00:00</time>
      </trkpt>
      <trkpt lat="44.12094" lon="3.16466">
        <ele>650</ele>
        <time>2026-08-21T17:38:18+00:00</time>
      </trkpt>
      <trkpt lat="44.12094" lon="3.16461">
        <ele>650</ele>
        <time>2026-08-21T17:38:21+00:00</time>
      </trkpt>
      <trkpt lat="44.12098" lon="3.16459">
        <ele>654</ele>
        <time>2026-08-21T17:38:24+00:00</time>
      </trkpt>
      <trkpt lat="44.12108" lon="3.1645">
        <ele>662</ele>
        <time>2026-08-21T17:38:27+00:00</time>
      </trkpt>
      <trkpt lat="44.12119" lon="3.16443">
        <ele>663</ele>
        <time>2026-08-21T17:38:30+00:00</time>
      </trkpt>
      <trkpt lat="44.12126" lon="3.16448">
        <ele>661</ele>
        <time>2026-08-21T17:38:33+00:00</time>
      </trkpt>
      <trkpt lat="44.12132" lon="3.16455">
        <ele>657</ele>
        <time>2026-08-21T17:38:36+00:00</time>
      </trkpt>
      <trkpt lat="44.12133" lon="3.16465">
        <ele>656</ele>
        <time>2026-08-21T17:38:39+00:00</time>
      </trkpt>
      <trkpt lat="44.12132" lon="3.16485">
        <ele>660</ele>
        <time>2026-08-21T17:38:42+00:00</time>
      </trkpt>
      <trkpt lat="44.12118" lon="3.16509">
        <ele>653</ele>
        <time>2026-08-21T17:38:45+00:00</time>
      </trkpt>
      <trkpt lat="44.12106" lon="3.16521">
        <ele>647</ele>
        <time>2026-08-21T17:38:48+00:00</time>
      </trkpt>
      <trkpt lat="44.12103" lon="3.1653">
        <ele>659</ele>
        <time>2026-08-21T17:38:51+00:00</time>
      </trkpt>
      <trkpt lat="44.12107" lon="3.16532">
        <ele>647</ele>
        <time>2026-08-21T17:38:54+00:00</time>
      </trkpt>
      <trkpt lat="44.12115" lon="3.16541">
        <ele>664</ele>
        <time>2026-08-21T17:38:57+00:00</time>
      </trkpt>
      <trkpt lat="44.12116" lon="3.16555">
        <ele>666</ele>
        <time>2026-08-21T17:39:00+00:00</time>
      </trkpt>
      <trkpt lat="44.12124" lon="3.16564">
        <ele>676</ele>
        <time>2026-08-21T17:39:03+00:00</time>
      </trkpt>
      <trkpt lat="44.12125" lon="3.16567">
        <ele>676</ele>
        <time>2026-08-21T17:39:06+00:00</time>
      </trkpt>
      <trkpt lat="44.12126" lon="3.16567">
        <ele>676</ele>
        <time>2026-08-21T17:39:09+00:00</time>
      </trkpt>
      <trkpt lat="44.12126" lon="3.16577">
        <ele>673</ele>
        <time>2026-08-21T17:39:12+00:00</time>
      </trkpt>
      <trkpt lat="44.12124" lon="3.16593">
        <ele>678</ele>
        <time>2026-08-21T17:39:15+00:00</time>
      </trkpt>
      <trkpt lat="44.12131" lon="3.16597">
        <ele>683</ele>
        <time>2026-08-21T17:39:18+00:00</time>
      </trkpt>
      <trkpt lat="44.12134" lon="3.16598">
        <ele>683</ele>
        <time>2026-08-21T17:39:21+00:00</time>
      </trkpt>
      <trkpt lat="44.12139" lon="3.16593">
        <ele>683</ele>
        <time>2026-08-21T17:39:24+00:00</time>
      </trkpt>
      <trkpt lat="44.12149" lon="3.16599">
        <ele>688</ele>
        <time>2026-08-21T17:39:27+00:00</time>
      </trkpt>
      <trkpt lat="44.12161" lon="3.16596">
        <ele>701</ele>
        <time>2026-08-21T17:39:30+00:00</time>
      </trkpt>
      <trkpt lat="44.12166" lon="3.16587">
        <ele>705</ele>
        <time>2026-08-21T17:39:33+00:00</time>
      </trkpt>
      <trkpt lat="44.12161" lon="3.16575">
        <ele>717</ele>
        <time>2026-08-21T17:39:36+00:00</time>
      </trkpt>
      <trkpt lat="44.12145" lon="3.16563">
        <ele>710</ele>
        <time>2026-08-21T17:39:39+00:00</time>
      </trkpt>
      <trkpt lat="44.12142" lon="3.16551">
        <ele>709</ele>
        <time>2026-08-21T17:39:42+00:00</time>
      </trkpt>
      <trkpt lat="44.12145" lon="3.16538">
        <ele>711</ele>
        <time>2026-08-21T17:39:45+00:00</time>
      </trkpt>
      <trkpt lat="44.12159" lon="3.16514">
        <ele>704</ele>
        <time>2026-08-21T17:39:48+00:00</time>
      </trkpt>
      <trkpt lat="44.12155" lon="3.16504">
        <ele>704</ele>
        <time>2026-08-21T17:39:51+00:00</time>
      </trkpt>
      <trkpt lat="44.12151" lon="3.16495">
        <ele>701</ele>
        <time>2026-08-21T17:39:54+00:00</time>
      </trkpt>
      <trkpt lat="44.12162" lon="3.16486">
        <ele>698</ele>
        <time>2026-08-21T17:39:57+00:00</time>
      </trkpt>
      <trkpt lat="44.12158" lon="3.16476">
        <ele>683</ele>
        <time>2026-08-21T17:40:00+00:00</time>
      </trkpt>
      <trkpt lat="44.12158" lon="3.16476">
        <ele>683</ele>
        <time>2026-08-21T17:40:03+00:00</time>
      </trkpt>
      <trkpt lat="44.12159" lon="3.16473">
        <ele>683</ele>
        <time>2026-08-21T17:40:06+00:00</time>
      </trkpt>
      <trkpt lat="44.1216" lon="3.16471">
        <ele>683</ele>
        <time>2026-08-21T17:40:09+00:00</time>
      </trkpt>
      <trkpt lat="44.12164" lon="3.16464">
        <ele>690</ele>
        <time>2026-08-21T17:40:12+00:00</time>
      </trkpt>
      <trkpt lat="44.12166" lon="3.16463">
        <ele>699</ele>
        <time>2026-08-21T17:40:15+00:00</time>
      </trkpt>
      <trkpt lat="44.12171" lon="3.16458">
        <ele>696</ele>
        <time>2026-08-21T17:40:18+00:00</time>
      </trkpt>
      <trkpt lat="44.12176" lon="3.16457">
        <ele>696</ele>
        <time>2026-08-21T17:40:21+00:00</time>
      </trkpt>
      <trkpt lat="44.12179" lon="3.16456">
        <ele>696</ele>
        <time>2026-08-21T17:40:24+00:00</time>
      </trkpt>
      <trkpt lat="44.12181" lon="3.16455">
        <ele>697</ele>
        <time>2026-08-21T17:40:27+00:00</time>
      </trkpt>
      <trkpt lat="44.12202" lon="3.16461">
        <ele>700</ele>
        <time>2026-08-21T17:40:30+00:00</time>
      </trkpt>
      <trkpt lat="44.12222" lon="3.16468">
        <ele>707</ele>
        <time>2026-08-21T17:40:33+00:00</time>
      </trkpt>
      <trkpt lat="44.12232" lon="3.16468">
        <ele>709</ele>
        <time>2026-08-21T17:40:36+00:00</time>
      </trkpt>
      <trkpt lat="44.12254" lon="3.16452">
        <ele>711</ele>
        <time>2026-08-21T17:40:39+00:00</time>
      </trkpt>
      <trkpt lat="44.12258" lon="3.16451">
        <ele>711</ele>
        <time>2026-08-21T17:40:42+00:00</time>
      </trkpt>
      <trkpt lat="44.12271" lon="3.1646">
        <ele>716</ele>
        <time>2026-08-21T17:40:45+00:00</time>
      </trkpt>
      <trkpt lat="44.12278" lon="3.16461">
        <ele>716</ele>
        <time>2026-08-21T17:40:48+00:00</time>
      </trkpt>
      <trkpt lat="44.12278" lon="3.16458">
        <ele>713</ele>
        <time>2026-08-21T17:40:51+00:00</time>
      </trkpt>
      <trkpt lat="44.12276" lon="3.16456">
        <ele>713</ele>
        <time>2026-08-21T17:40:54+00:00</time>
      </trkpt>
      <trkpt lat="44.12281" lon="3.16454">
        <ele>715</ele>
        <time>2026-08-21T17:40:57+00:00</time>
      </trkpt>
      <trkpt lat="44.12285" lon="3.16453">
        <ele>715</ele>
        <time>2026-08-21T17:41:00+00:00</time>
      </trkpt>
      <trkpt lat="44.12287" lon="3.16455">
        <ele>715</ele>
        <time>2026-08-21T17:41:03+00:00</time>
      </trkpt>
      <trkpt lat="44.12291" lon="3.16455">
        <ele>717</ele>
        <time>2026-08-21T17:41:06+00:00</time>
      </trkpt>
      <trkpt lat="44.12293" lon="3.16456">
        <ele>717</ele>
        <time>2026-08-21T17:41:09+00:00</time>
      </trkpt>
      <trkpt lat="44.12295" lon="3.16456">
        <ele>717</ele>
        <time>2026-08-21T17:41:12+00:00</time>
      </trkpt>
      <trkpt lat="44.12295" lon="3.16455">
        <ele>717</ele>
        <time>2026-08-21T17:41:15+00:00</time>
      </trkpt>
      <trkpt lat="44.12299" lon="3.16453">
        <ele>717</ele>
        <time>2026-08-21T17:41:18+00:00</time>
      </trkpt>
      <trkpt lat="44.12301" lon="3.16455">
        <ele>719</ele>
        <time>2026-08-21T17:41:21+00:00</time>
      </trkpt>
      <trkpt lat="44.12311" lon="3.16464">
        <ele>719</ele>
        <time>2026-08-21T17:41:24+00:00</time>
      </trkpt>
      <trkpt lat="44.12314" lon="3.16465">
        <ele>719</ele>
        <time>2026-08-21T17:41:27+00:00</time>
      </trkpt>
      <trkpt lat="44.1232" lon="3.16465">
        <ele>720</ele>
        <time>2026-08-21T17:41:30+00:00</time>
      </trkpt>
      <trkpt lat="44.12328" lon="3.16468">
        <ele>720</ele>
        <time>2026-08-21T17:41:33+00:00</time>
      </trkpt>
      <trkpt lat="44.12332" lon="3.16469">
        <ele>720</ele>
        <time>2026-08-21T17:41:36+00:00</time>
      </trkpt>
      <trkpt lat="44.1234" lon="3.16469">
        <ele>721</ele>
        <time>2026-08-21T17:41:39+00:00</time>
      </trkpt>
      <trkpt lat="44.12354" lon="3.16467">
        <ele>722</ele>
        <time>2026-08-21T17:41:42+00:00</time>
      </trkpt>
      <trkpt lat="44.12356" lon="3.16467">
        <ele>722</ele>
        <time>2026-08-21T17:41:45+00:00</time>
      </trkpt>
      <trkpt lat="44.1236" lon="3.16471">
        <ele>722</ele>
        <time>2026-08-21T17:41:48+00:00</time>
      </trkpt>
      <trkpt lat="44.12367" lon="3.1647">
        <ele>722</ele>
        <time>2026-08-21T17:41:51+00:00</time>
      </trkpt>
      <trkpt lat="44.12376" lon="3.16464">
        <ele>722</ele>
        <time>2026-08-21T17:41:54+00:00</time>
      </trkpt>
      <trkpt lat="44.12384" lon="3.16463">
        <ele>723</ele>
        <time>2026-08-21T17:41:57+00:00</time>
      </trkpt>
      <trkpt lat="44.12388" lon="3.16461">
        <ele>723</ele>
        <time>2026-08-21T17:42:00+00:00</time>
      </trkpt>
      <trkpt lat="44.12392" lon="3.16464">
        <ele>723</ele>
        <time>2026-08-21T17:42:03+00:00</time>
      </trkpt>
      <trkpt lat="44.12397" lon="3.16471">
        <ele>725</ele>
        <time>2026-08-21T17:42:06+00:00</time>
      </trkpt>
      <trkpt lat="44.12399" lon="3.16475">
        <ele>725</ele>
        <time>2026-08-21T17:42:09+00:00</time>
      </trkpt>
      <trkpt lat="44.12405" lon="3.16484">
        <ele>726</ele>
        <time>2026-08-21T17:42:12+00:00</time>
      </trkpt>
      <trkpt lat="44.12408" lon="3.16486">
        <ele>726</ele>
        <time>2026-08-21T17:42:15+00:00</time>
      </trkpt>
      <trkpt lat="44.12415" lon="3.1649">
        <ele>725</ele>
        <time>2026-08-21T17:42:18+00:00</time>
      </trkpt>
      <trkpt lat="44.12422" lon="3.1649">
        <ele>728</ele>
        <time>2026-08-21T17:42:21+00:00</time>
      </trkpt>
      <trkpt lat="44.12427" lon="3.16486">
        <ele>728</ele>
        <time>2026-08-21T17:42:24+00:00</time>
      </trkpt>
      <trkpt lat="44.12429" lon="3.16486">
        <ele>728</ele>
        <time>2026-08-21T17:42:27+00:00</time>
      </trkpt>
      <trkpt lat="44.1243" lon="3.16488">
        <ele>729</ele>
        <time>2026-08-21T17:42:30+00:00</time>
      </trkpt>
      <trkpt lat="44.12434" lon="3.16488">
        <ele>729</ele>
        <time>2026-08-21T17:42:33+00:00</time>
      </trkpt>
      <trkpt lat="44.12444" lon="3.16492">
        <ele>727</ele>
        <time>2026-08-21T17:42:36+00:00</time>
      </trkpt>
      <trkpt lat="44.12447" lon="3.16492">
        <ele>727</ele>
        <time>2026-08-21T17:42:39+00:00</time>
      </trkpt>
      <trkpt lat="44.12455" lon="3.16489">
        <ele>729</ele>
        <time>2026-08-21T17:42:42+00:00</time>
      </trkpt>
      <trkpt lat="44.1246" lon="3.1649">
        <ele>729</ele>
        <time>2026-08-21T17:42:45+00:00</time>
      </trkpt>
      <trkpt lat="44.12471" lon="3.16486">
        <ele>730</ele>
        <time>2026-08-21T17:42:48+00:00</time>
      </trkpt>
      <trkpt lat="44.12477" lon="3.16486">
        <ele>730</ele>
        <time>2026-08-21T17:42:51+00:00</time>
      </trkpt>
      <trkpt lat="44.12482" lon="3.16485">
        <ele>730</ele>
        <time>2026-08-21T17:42:54+00:00</time>
      </trkpt>
      <trkpt lat="44.12485" lon="3.16483">
        <ele>730</ele>
        <time>2026-08-21T17:42:57+00:00</time>
      </trkpt>
      <trkpt lat="44.12488" lon="3.16483">
        <ele>730</ele>
        <time>2026-08-21T17:43:00+00:00</time>
      </trkpt>
      <trkpt lat="44.12491" lon="3.16485">
        <ele>731</ele>
        <time>2026-08-21T17:43:03+00:00</time>
      </trkpt>
      <trkpt lat="44.12493" lon="3.16487">
        <ele>731</ele>
        <time>2026-08-21T17:43:06+00:00</time>
      </trkpt>
      <trkpt lat="44.12501" lon="3.16498">
        <ele>732</ele>
        <time>2026-08-21T17:43:09+00:00</time>
      </trkpt>
      <trkpt lat="44.12505" lon="3.16501">
        <ele>732</ele>
        <time>2026-08-21T17:43:12+00:00</time>
      </trkpt>
      <trkpt lat="44.12507" lon="3.16501">
        <ele>732</ele>
        <time>2026-08-21T17:43:15+00:00</time>
      </trkpt>
      <trkpt lat="44.1251" lon="3.165">
        <ele>732</ele>
        <time>2026-08-21T17:43:18+00:00</time>
      </trkpt>
      <trkpt lat="44.12517" lon="3.16495">
        <ele>735</ele>
        <time>2026-08-21T17:43:21+00:00</time>
      </trkpt>
      <trkpt lat="44.12524" lon="3.16488">
        <ele>734</ele>
        <time>2026-08-21T17:43:24+00:00</time>
      </trkpt>
      <trkpt lat="44.12525" lon="3.16485">
        <ele>738</ele>
        <time>2026-08-21T17:43:27+00:00</time>
      </trkpt>
      <trkpt lat="44.1253" lon="3.16481">
        <ele>738</ele>
        <time>2026-08-21T17:43:30+00:00</time>
      </trkpt>
      <trkpt lat="44.12536" lon="3.16471">
        <ele>736</ele>
        <time>2026-08-21T17:43:33+00:00</time>
      </trkpt>
      <trkpt lat="44.12538" lon="3.16464">
        <ele>737</ele>
        <time>2026-08-21T17:43:36+00:00</time>
      </trkpt>
      <trkpt lat="44.12536" lon="3.16445">
        <ele>744</ele>
        <time>2026-08-21T17:43:39+00:00</time>
      </trkpt>
      <trkpt lat="44.12536" lon="3.16436">
        <ele>739</ele>
        <time>2026-08-21T17:43:42+00:00</time>
      </trkpt>
      <trkpt lat="44.12535" lon="3.16429">
        <ele>742</ele>
        <time>2026-08-21T17:43:45+00:00</time>
      </trkpt>
      <trkpt lat="44.12536" lon="3.16425">
        <ele>742</ele>
        <time>2026-08-21T17:43:48+00:00</time>
      </trkpt>
      <trkpt lat="44.12535" lon="3.16422">
        <ele>742</ele>
        <time>2026-08-21T17:43:51+00:00</time>
      </trkpt>
      <trkpt lat="44.12537" lon="3.16419">
        <ele>740</ele>
        <time>2026-08-21T17:43:54+00:00</time>
      </trkpt>
      <trkpt lat="44.12537" lon="3.16414">
        <ele>740</ele>
        <time>2026-08-21T17:43:57+00:00</time>
      </trkpt>
      <trkpt lat="44.12538" lon="3.16408">
        <ele>741</ele>
        <time>2026-08-21T17:44:00+00:00</time>
      </trkpt>
      <trkpt lat="44.12537" lon="3.16403">
        <ele>741</ele>
        <time>2026-08-21T17:44:03+00:00</time>
      </trkpt>
      <trkpt lat="44.12538" lon="3.16395">
        <ele>743</ele>
        <time>2026-08-21T17:44:06+00:00</time>
      </trkpt>
      <trkpt lat="44.1254" lon="3.16393">
        <ele>743</ele>
        <time>2026-08-21T17:44:09+00:00</time>
      </trkpt>
      <trkpt lat="44.12551" lon="3.16386">
        <ele>750</ele>
        <time>2026-08-21T17:44:12+00:00</time>
      </trkpt>
      <trkpt lat="44.12553" lon="3.16386">
        <ele>750</ele>
        <time>2026-08-21T17:44:15+00:00</time>
      </trkpt>
      <trkpt lat="44.12555" lon="3.16384">
        <ele>750</ele>
        <time>2026-08-21T17:44:18+00:00</time>
      </trkpt>
      <trkpt lat="44.12561" lon="3.16384">
        <ele>750</ele>
        <time>2026-08-21T17:44:21+00:00</time>
      </trkpt>
      <trkpt lat="44.12564" lon="3.16385">
        <ele>750</ele>
        <time>2026-08-21T17:44:24+00:00</time>
      </trkpt>
      <trkpt lat="44.12563" lon="3.16384">
        <ele>750</ele>
        <time>2026-08-21T17:44:27+00:00</time>
      </trkpt>
      <trkpt lat="44.12565" lon="3.16383">
        <ele>750</ele>
        <time>2026-08-21T17:44:30+00:00</time>
      </trkpt>
      <trkpt lat="44.12565" lon="3.16384">
        <ele>750</ele>
        <time>2026-08-21T17:44:33+00:00</time>
      </trkpt>
      <trkpt lat="44.12569" lon="3.16383">
        <ele>750</ele>
        <time>2026-08-21T17:44:36+00:00</time>
      </trkpt>
      <trkpt lat="44.12573" lon="3.16381">
        <ele>753</ele>
        <time>2026-08-21T17:44:39+00:00</time>
      </trkpt>
      <trkpt lat="44.12579" lon="3.16381">
        <ele>753</ele>
        <time>2026-08-21T17:44:42+00:00</time>
      </trkpt>
      <trkpt lat="44.1258" lon="3.1638">
        <ele>757</ele>
        <time>2026-08-21T17:44:45+00:00</time>
      </trkpt>
      <trkpt lat="44.12591" lon="3.16373">
        <ele>760</ele>
        <time>2026-08-21T17:44:48+00:00</time>
      </trkpt>
      <trkpt lat="44.12592" lon="3.16372">
        <ele>760</ele>
        <time>2026-08-21T17:44:51+00:00</time>
      </trkpt>
      <trkpt lat="44.12595" lon="3.1637">
        <ele>760</ele>
        <time>2026-08-21T17:44:54+00:00</time>
      </trkpt>
      <trkpt lat="44.12596" lon="3.1637">
        <ele>760</ele>
        <time>2026-08-21T17:44:57+00:00</time>
      </trkpt>
      <trkpt lat="44.12601" lon="3.16373">
        <ele>757</ele>
        <time>2026-08-21T17:45:00+00:00</time>
      </trkpt>
      <trkpt lat="44.12604" lon="3.16374">
        <ele>757</ele>
        <time>2026-08-21T17:45:03+00:00</time>
      </trkpt>
      <trkpt lat="44.12605" lon="3.16373">
        <ele>757</ele>
        <time>2026-08-21T17:45:06+00:00</time>
      </trkpt>
      <trkpt lat="44.12615" lon="3.16365">
        <ele>760</ele>
        <time>2026-08-21T17:45:09+00:00</time>
      </trkpt>
      <trkpt lat="44.12616" lon="3.1636">
        <ele>763</ele>
        <time>2026-08-21T17:45:12+00:00</time>
      </trkpt>
      <trkpt lat="44.12619" lon="3.16354">
        <ele>763</ele>
        <time>2026-08-21T17:45:15+00:00</time>
      </trkpt>
      <trkpt lat="44.12622" lon="3.16353">
        <ele>764</ele>
        <time>2026-08-21T17:45:18+00:00</time>
      </trkpt>
      <trkpt lat="44.12623" lon="3.16355">
        <ele>764</ele>
        <time>2026-08-21T17:45:21+00:00</time>
      </trkpt>
      <trkpt lat="44.12626" lon="3.16356">
        <ele>764</ele>
        <time>2026-08-21T17:45:24+00:00</time>
      </trkpt>
      <trkpt lat="44.12628" lon="3.16356">
        <ele>764</ele>
        <time>2026-08-21T17:45:27+00:00</time>
      </trkpt>
      <trkpt lat="44.1263" lon="3.16352">
        <ele>766</ele>
        <time>2026-08-21T17:45:30+00:00</time>
      </trkpt>
      <trkpt lat="44.12631" lon="3.16352">
        <ele>766</ele>
        <time>2026-08-21T17:45:33+00:00</time>
      </trkpt>
      <trkpt lat="44.12636" lon="3.1635">
        <ele>766</ele>
        <time>2026-08-21T17:45:36+00:00</time>
      </trkpt>
      <trkpt lat="44.1264" lon="3.1635">
        <ele>765</ele>
        <time>2026-08-21T17:45:39+00:00</time>
      </trkpt>
      <trkpt lat="44.12651" lon="3.16346">
        <ele>767</ele>
        <time>2026-08-21T17:45:42+00:00</time>
      </trkpt>
      <trkpt lat="44.12661" lon="3.16338">
        <ele>768</ele>
        <time>2026-08-21T17:45:45+00:00</time>
      </trkpt>
      <trkpt lat="44.12664" lon="3.16336">
        <ele>768</ele>
        <time>2026-08-21T17:45:48+00:00</time>
      </trkpt>
      <trkpt lat="44.12673" lon="3.16328">
        <ele>770</ele>
        <time>2026-08-21T17:45:51+00:00</time>
      </trkpt>
      <trkpt lat="44.12686" lon="3.16319">
        <ele>772</ele>
        <time>2026-08-21T17:45:54+00:00</time>
      </trkpt>
      <trkpt lat="44.12688" lon="3.16318">
        <ele>772</ele>
        <time>2026-08-21T17:45:57+00:00</time>
      </trkpt>
      <trkpt lat="44.12698" lon="3.16323">
        <ele>774</ele>
        <time>2026-08-21T17:46:00+00:00</time>
      </trkpt>
      <trkpt lat="44.12704" lon="3.16327">
        <ele>778</ele>
        <time>2026-08-21T17:46:03+00:00</time>
      </trkpt>
      <trkpt lat="44.12711" lon="3.16327">
        <ele>781</ele>
        <time>2026-08-21T17:46:06+00:00</time>
      </trkpt>
      <trkpt lat="44.12713" lon="3.16329">
        <ele>781</ele>
        <time>2026-08-21T17:46:09+00:00</time>
      </trkpt>
      <trkpt lat="44.12717" lon="3.1633">
        <ele>784</ele>
        <time>2026-08-21T17:46:12+00:00</time>
      </trkpt>
      <trkpt lat="44.12719" lon="3.16333">
        <ele>784</ele>
        <time>2026-08-21T17:46:15+00:00</time>
      </trkpt>
      <trkpt lat="44.12724" lon="3.16334">
        <ele>791</ele>
        <time>2026-08-21T17:46:18+00:00</time>
      </trkpt>
      <trkpt lat="44.1273" lon="3.16336">
        <ele>791</ele>
        <time>2026-08-21T17:46:21+00:00</time>
      </trkpt>
      <trkpt lat="44.12731" lon="3.1634">
        <ele>794</ele>
        <time>2026-08-21T17:46:24+00:00</time>
      </trkpt>
      <trkpt lat="44.12733" lon="3.16341">
        <ele>794</ele>
        <time>2026-08-21T17:46:27+00:00</time>
      </trkpt>
      <trkpt lat="44.12736" lon="3.1634">
        <ele>794</ele>
        <time>2026-08-21T17:46:30+00:00</time>
      </trkpt>
      <trkpt lat="44.12739" lon="3.16342">
        <ele>794</ele>
        <time>2026-08-21T17:46:33+00:00</time>
      </trkpt>
      <trkpt lat="44.1274" lon="3.16344">
        <ele>794</ele>
        <time>2026-08-21T17:46:36+00:00</time>
      </trkpt>
      <trkpt lat="44.12743" lon="3.16347">
        <ele>797</ele>
        <time>2026-08-21T17:46:39+00:00</time>
      </trkpt>
      <trkpt lat="44.12746" lon="3.16347">
        <ele>797</ele>
        <time>2026-08-21T17:46:42+00:00</time>
      </trkpt>
      <trkpt lat="44.12752" lon="3.16354">
        <ele>799</ele>
        <time>2026-08-21T17:46:45+00:00</time>
      </trkpt>
      <trkpt lat="44.12757" lon="3.16366">
        <ele>800</ele>
        <time>2026-08-21T17:46:48+00:00</time>
      </trkpt>
      <trkpt lat="44.12758" lon="3.16371">
        <ele>800</ele>
        <time>2026-08-21T17:46:51+00:00</time>
      </trkpt>
      <trkpt lat="44.1276" lon="3.16375">
        <ele>803</ele>
        <time>2026-08-21T17:46:54+00:00</time>
      </trkpt>
      <trkpt lat="44.12763" lon="3.16376">
        <ele>803</ele>
        <time>2026-08-21T17:46:57+00:00</time>
      </trkpt>
      <trkpt lat="44.12765" lon="3.16377">
        <ele>803</ele>
        <time>2026-08-21T17:47:00+00:00</time>
      </trkpt>
      <trkpt lat="44.12766" lon="3.1638">
        <ele>803</ele>
        <time>2026-08-21T17:47:03+00:00</time>
      </trkpt>
      <trkpt lat="44.12764" lon="3.16382">
        <ele>804</ele>
        <time>2026-08-21T17:47:06+00:00</time>
      </trkpt>
      <trkpt lat="44.12764" lon="3.16384">
        <ele>804</ele>
        <time>2026-08-21T17:47:09+00:00</time>
      </trkpt>
      <trkpt lat="44.12768" lon="3.16389">
        <ele>804</ele>
        <time>2026-08-21T17:47:12+00:00</time>
      </trkpt>
      <trkpt lat="44.12769" lon="3.16393">
        <ele>806</ele>
        <time>2026-08-21T17:47:15+00:00</time>
      </trkpt>
      <trkpt lat="44.12771" lon="3.16396">
        <ele>809</ele>
        <time>2026-08-21T17:47:18+00:00</time>
      </trkpt>
      <trkpt lat="44.12774" lon="3.16396">
        <ele>809</ele>
        <time>2026-08-21T17:47:21+00:00</time>
      </trkpt>
      <trkpt lat="44.12776" lon="3.16396">
        <ele>809</ele>
        <time>2026-08-21T17:47:24+00:00</time>
      </trkpt>
      <trkpt lat="44.1278" lon="3.16395">
        <ele>814</ele>
        <time>2026-08-21T17:47:27+00:00</time>
      </trkpt>
      <trkpt lat="44.12783" lon="3.16392">
        <ele>814</ele>
        <time>2026-08-21T17:47:30+00:00</time>
      </trkpt>
      <trkpt lat="44.12785" lon="3.1639">
        <ele>814</ele>
        <time>2026-08-21T17:47:33+00:00</time>
      </trkpt>
      <trkpt lat="44.12787" lon="3.16387">
        <ele>813</ele>
        <time>2026-08-21T17:47:36+00:00</time>
      </trkpt>
      <trkpt lat="44.12791" lon="3.16382">
        <ele>815</ele>
        <time>2026-08-21T17:47:39+00:00</time>
      </trkpt>
      <trkpt lat="44.12792" lon="3.1638">
        <ele>814</ele>
        <time>2026-08-21T17:47:42+00:00</time>
      </trkpt>
      <trkpt lat="44.128" lon="3.16377">
        <ele>814</ele>
        <time>2026-08-21T17:47:45+00:00</time>
      </trkpt>
      <trkpt lat="44.12801" lon="3.16376">
        <ele>816</ele>
        <time>2026-08-21T17:47:48+00:00</time>
      </trkpt>
      <trkpt lat="44.12807" lon="3.16373">
        <ele>816</ele>
        <time>2026-08-21T17:47:51+00:00</time>
      </trkpt>
      <trkpt lat="44.12808" lon="3.16371">
        <ele>816</ele>
        <time>2026-08-21T17:47:54+00:00</time>
      </trkpt>
      <trkpt lat="44.1281" lon="3.16365">
        <ele>816</ele>
        <time>2026-08-21T17:47:57+00:00</time>
      </trkpt>
      <trkpt lat="44.12822" lon="3.16352">
        <ele>817</ele>
        <time>2026-08-21T17:48:00+00:00</time>
      </trkpt>
      <trkpt lat="44.12829" lon="3.16354">
        <ele>817</ele>
        <time>2026-08-21T17:48:03+00:00</time>
      </trkpt>
      <trkpt lat="44.1283" lon="3.16356">
        <ele>817</ele>
        <time>2026-08-21T17:48:06+00:00</time>
      </trkpt>
      <trkpt lat="44.12831" lon="3.16356">
        <ele>818</ele>
        <time>2026-08-21T17:48:09+00:00</time>
      </trkpt>
      <trkpt lat="44.12834" lon="3.16358">
        <ele>818</ele>
        <time>2026-08-21T17:48:12+00:00</time>
      </trkpt>
      <trkpt lat="44.12838" lon="3.16358">
        <ele>818</ele>
        <time>2026-08-21T17:48:15+00:00</time>
      </trkpt>
      <trkpt lat="44.12844" lon="3.16359">
        <ele>819</ele>
        <time>2026-08-21T17:48:18+00:00</time>
      </trkpt>
      <trkpt lat="44.12848" lon="3.16357">
        <ele>819</ele>
        <time>2026-08-21T17:48:21+00:00</time>
      </trkpt>
      <trkpt lat="44.12851" lon="3.16357">
        <ele>819</ele>
        <time>2026-08-21T17:48:24+00:00</time>
      </trkpt>
      <trkpt lat="44.12853" lon="3.16355">
        <ele>819</ele>
        <time>2026-08-21T17:48:27+00:00</time>
      </trkpt>
      <trkpt lat="44.12858" lon="3.16357">
        <ele>819</ele>
        <time>2026-08-21T17:48:30+00:00</time>
      </trkpt>
      <trkpt lat="44.1286" lon="3.16356">
        <ele>820</ele>
        <time>2026-08-21T17:48:33+00:00</time>
      </trkpt>
      <trkpt lat="44.12861" lon="3.16355">
        <ele>820</ele>
        <time>2026-08-21T17:48:36+00:00</time>
      </trkpt>
      <trkpt lat="44.1286" lon="3.16354">
        <ele>819</ele>
        <time>2026-08-21T17:48:39+00:00</time>
      </trkpt>
      <trkpt lat="44.1286" lon="3.16351">
        <ele>819</ele>
        <time>2026-08-21T17:48:42+00:00</time>
      </trkpt>
      <trkpt lat="44.12859" lon="3.16348">
        <ele>818</ele>
        <time>2026-08-21T17:48:45+00:00</time>
      </trkpt>
      <trkpt lat="44.12858" lon="3.16345">
        <ele>818</ele>
        <time>2026-08-21T17:48:48+00:00</time>
      </trkpt>
      <trkpt lat="44.12857" lon="3.16346">
        <ele>818</ele>
        <time>2026-08-21T17:48:51+00:00</time>
      </trkpt>
      <trkpt lat="44.12856" lon="3.16344">
        <ele>818</ele>
        <time>2026-08-21T17:48:54+00:00</time>
      </trkpt>
      <trkpt lat="44.12854" lon="3.1634">
        <ele>817</ele>
        <time>2026-08-21T17:48:57+00:00</time>
      </trkpt>
      <trkpt lat="44.12854" lon="3.16337">
        <ele>817</ele>
        <time>2026-08-21T17:49:00+00:00</time>
      </trkpt>
      <trkpt lat="44.12857" lon="3.16328">
        <ele>815</ele>
        <time>2026-08-21T17:49:03+00:00</time>
      </trkpt>
      <trkpt lat="44.12862" lon="3.16321">
        <ele>816</ele>
        <time>2026-08-21T17:49:06+00:00</time>
      </trkpt>
      <trkpt lat="44.12868" lon="3.16317">
        <ele>814</ele>
        <time>2026-08-21T17:49:09+00:00</time>
      </trkpt>
      <trkpt lat="44.12871" lon="3.16314">
        <ele>815</ele>
        <time>2026-08-21T17:49:12+00:00</time>
      </trkpt>
      <trkpt lat="44.12875" lon="3.16307">
        <ele>813</ele>
        <time>2026-08-21T17:49:15+00:00</time>
      </trkpt>
      <trkpt lat="44.12878" lon="3.16301">
        <ele>813</ele>
        <time>2026-08-21T17:49:18+00:00</time>
      </trkpt>
      <trkpt lat="44.12878" lon="3.16299">
        <ele>812</ele>
        <time>2026-08-21T17:49:21+00:00</time>
      </trkpt>
      <trkpt lat="44.12884" lon="3.1629">
        <ele>811</ele>
        <time>2026-08-21T17:49:24+00:00</time>
      </trkpt>
      <trkpt lat="44.12902" lon="3.16281">
        <ele>812</ele>
        <time>2026-08-21T17:49:27+00:00</time>
      </trkpt>
      <trkpt lat="44.12914" lon="3.16278">
        <ele>811</ele>
        <time>2026-08-21T17:49:30+00:00</time>
      </trkpt>
      <trkpt lat="44.12923" lon="3.16274">
        <ele>813</ele>
        <time>2026-08-21T17:49:33+00:00</time>
      </trkpt>
      <trkpt lat="44.12929" lon="3.16274">
        <ele>811</ele>
        <time>2026-08-21T17:49:36+00:00</time>
      </trkpt>
      <trkpt lat="44.12932" lon="3.16274">
        <ele>812</ele>
        <time>2026-08-21T17:49:39+00:00</time>
      </trkpt>
      <trkpt lat="44.12939" lon="3.16278">
        <ele>812</ele>
        <time>2026-08-21T17:49:42+00:00</time>
      </trkpt>
      <trkpt lat="44.12943" lon="3.16283">
        <ele>815</ele>
        <time>2026-08-21T17:49:45+00:00</time>
      </trkpt>
      <trkpt lat="44.12946" lon="3.16289">
        <ele>815</ele>
        <time>2026-08-21T17:49:48+00:00</time>
      </trkpt>
      <trkpt lat="44.12949" lon="3.16294">
        <ele>816</ele>
        <time>2026-08-21T17:49:51+00:00</time>
      </trkpt>
      <trkpt lat="44.12952" lon="3.16295">
        <ele>816</ele>
        <time>2026-08-21T17:49:54+00:00</time>
      </trkpt>
      <trkpt lat="44.12959" lon="3.16293">
        <ele>816</ele>
        <time>2026-08-21T17:49:57+00:00</time>
      </trkpt>
      <trkpt lat="44.12964" lon="3.16291">
        <ele>817</ele>
        <time>2026-08-21T17:50:00+00:00</time>
      </trkpt>
      <trkpt lat="44.12969" lon="3.1629">
        <ele>817</ele>
        <time>2026-08-21T17:50:03+00:00</time>
      </trkpt>
      <trkpt lat="44.12972" lon="3.1629">
        <ele>819</ele>
        <time>2026-08-21T17:50:06+00:00</time>
      </trkpt>
      <trkpt lat="44.12977" lon="3.16288">
        <ele>817</ele>
        <time>2026-08-21T17:50:09+00:00</time>
      </trkpt>
      <trkpt lat="44.12986" lon="3.16287">
        <ele>819</ele>
        <time>2026-08-21T17:50:12+00:00</time>
      </trkpt>
      <trkpt lat="44.12989" lon="3.16285">
        <ele>819</ele>
        <time>2026-08-21T17:50:15+00:00</time>
      </trkpt>
      <trkpt lat="44.12992" lon="3.16285">
        <ele>821</ele>
        <time>2026-08-21T17:50:18+00:00</time>
      </trkpt>
      <trkpt lat="44.12999" lon="3.16284">
        <ele>821</ele>
        <time>2026-08-21T17:50:21+00:00</time>
      </trkpt>
      <trkpt lat="44.13009" lon="3.16283">
        <ele>824</ele>
        <time>2026-08-21T17:50:24+00:00</time>
      </trkpt>
      <trkpt lat="44.13013" lon="3.16284">
        <ele>827</ele>
        <time>2026-08-21T17:50:27+00:00</time>
      </trkpt>
      <trkpt lat="44.13029" lon="3.16285">
        <ele>830</ele>
        <time>2026-08-21T17:50:30+00:00</time>
      </trkpt>
      <trkpt lat="44.13033" lon="3.16286">
        <ele>831</ele>
        <time>2026-08-21T17:50:33+00:00</time>
      </trkpt>
      <trkpt lat="44.13042" lon="3.16287">
        <ele>831</ele>
        <time>2026-08-21T17:50:36+00:00</time>
      </trkpt>
      <trkpt lat="44.13047" lon="3.16285">
        <ele>831</ele>
        <time>2026-08-21T17:50:39+00:00</time>
      </trkpt>
      <trkpt lat="44.13053" lon="3.16286">
        <ele>831</ele>
        <time>2026-08-21T17:50:42+00:00</time>
      </trkpt>
      <trkpt lat="44.13055" lon="3.16286">
        <ele>831</ele>
        <time>2026-08-21T17:50:45+00:00</time>
      </trkpt>
      <trkpt lat="44.13066" lon="3.16287">
        <ele>831</ele>
        <time>2026-08-21T17:50:48+00:00</time>
      </trkpt>
      <trkpt lat="44.13069" lon="3.16286">
        <ele>831</ele>
        <time>2026-08-21T17:50:51+00:00</time>
      </trkpt>
      <trkpt lat="44.13071" lon="3.16285">
        <ele>832</ele>
        <time>2026-08-21T17:50:54+00:00</time>
      </trkpt>
      <trkpt lat="44.13072" lon="3.16282">
        <ele>832</ele>
        <time>2026-08-21T17:50:57+00:00</time>
      </trkpt>
      <trkpt lat="44.13072" lon="3.16278">
        <ele>832</ele>
        <time>2026-08-21T17:51:00+00:00</time>
      </trkpt>
      <trkpt lat="44.13069" lon="3.16269">
        <ele>832</ele>
        <time>2026-08-21T17:51:03+00:00</time>
      </trkpt>
      <trkpt lat="44.13067" lon="3.16265">
        <ele>832</ele>
        <time>2026-08-21T17:51:06+00:00</time>
      </trkpt>
      <trkpt lat="44.13065" lon="3.16263">
        <ele>832</ele>
        <time>2026-08-21T17:51:09+00:00</time>
      </trkpt>
      <trkpt lat="44.13053" lon="3.16252">
        <ele>832</ele>
        <time>2026-08-21T17:51:12+00:00</time>
      </trkpt>
      <trkpt lat="44.13041" lon="3.16248">
        <ele>831</ele>
        <time>2026-08-21T17:51:15+00:00</time>
      </trkpt>
      <trkpt lat="44.13038" lon="3.16245">
        <ele>830</ele>
        <time>2026-08-21T17:51:18+00:00</time>
      </trkpt>
      <trkpt lat="44.13036" lon="3.16242">
        <ele>830</ele>
        <time>2026-08-21T17:51:21+00:00</time>
      </trkpt>
      <trkpt lat="44.13035" lon="3.16235">
        <ele>832</ele>
        <time>2026-08-21T17:51:24+00:00</time>
      </trkpt>
      <trkpt lat="44.13034" lon="3.16231">
        <ele>830</ele>
        <time>2026-08-21T17:51:27+00:00</time>
      </trkpt>
      <trkpt lat="44.13034" lon="3.16227">
        <ele>831</ele>
        <time>2026-08-21T17:51:30+00:00</time>
      </trkpt>
      <trkpt lat="44.13035" lon="3.16223">
        <ele>831</ele>
        <time>2026-08-21T17:51:33+00:00</time>
      </trkpt>
      <trkpt lat="44.13036" lon="3.16215">
        <ele>831</ele>
        <time>2026-08-21T17:51:36+00:00</time>
      </trkpt>
      <trkpt lat="44.13035" lon="3.16209">
        <ele>832</ele>
        <time>2026-08-21T17:51:39+00:00</time>
      </trkpt>
      <trkpt lat="44.13035" lon="3.16205">
        <ele>832</ele>
        <time>2026-08-21T17:51:42+00:00</time>
      </trkpt>
      <trkpt lat="44.13036" lon="3.16201">
        <ele>832</ele>
        <time>2026-08-21T17:51:45+00:00</time>
      </trkpt>
      <trkpt lat="44.13037" lon="3.16197">
        <ele>832</ele>
        <time>2026-08-21T17:51:48+00:00</time>
      </trkpt>
      <trkpt lat="44.13036" lon="3.16193">
        <ele>832</ele>
        <time>2026-08-21T17:51:51+00:00</time>
      </trkpt>
      <trkpt lat="44.13035" lon="3.1619">
        <ele>832</ele>
        <time>2026-08-21T17:51:54+00:00</time>
      </trkpt>
      <trkpt lat="44.13033" lon="3.16187">
        <ele>832</ele>
        <time>2026-08-21T17:51:57+00:00</time>
      </trkpt>
      <trkpt lat="44.13026" lon="3.16178">
        <ele>831</ele>
        <time>2026-08-21T17:52:00+00:00</time>
      </trkpt>
      <trkpt lat="44.13016" lon="3.16175">
        <ele>831</ele>
        <time>2026-08-21T17:52:03+00:00</time>
      </trkpt>
      <trkpt lat="44.1301" lon="3.1617">
        <ele>831</ele>
        <time>2026-08-21T17:52:06+00:00</time>
      </trkpt>
      <trkpt lat="44.12995" lon="3.16165">
        <ele>830</ele>
        <time>2026-08-21T17:52:09+00:00</time>
      </trkpt>
      <trkpt lat="44.12985" lon="3.16158">
        <ele>829</ele>
        <time>2026-08-21T17:52:12+00:00</time>
      </trkpt>
      <trkpt lat="44.12981" lon="3.16156">
        <ele>829</ele>
        <time>2026-08-21T17:52:15+00:00</time>
      </trkpt>
      <trkpt lat="44.12974" lon="3.16155">
        <ele>828</ele>
        <time>2026-08-21T17:52:18+00:00</time>
      </trkpt>
      <trkpt lat="44.12967" lon="3.16153">
        <ele>827</ele>
        <time>2026-08-21T17:52:21+00:00</time>
      </trkpt>
      <trkpt lat="44.12962" lon="3.1615">
        <ele>827</ele>
        <time>2026-08-21T17:52:24+00:00</time>
      </trkpt>
      <trkpt lat="44.12944" lon="3.16136">
        <ele>826</ele>
        <time>2026-08-21T17:52:27+00:00</time>
      </trkpt>
      <trkpt lat="44.12923" lon="3.16123">
        <ele>825</ele>
        <time>2026-08-21T17:52:30+00:00</time>
      </trkpt>
      <trkpt lat="44.12917" lon="3.16117">
        <ele>824</ele>
        <time>2026-08-21T17:52:33+00:00</time>
      </trkpt>
      <trkpt lat="44.12912" lon="3.16109">
        <ele>825</ele>
        <time>2026-08-21T17:52:36+00:00</time>
      </trkpt>
      <trkpt lat="44.12899" lon="3.16103">
        <ele>823</ele>
        <time>2026-08-21T17:52:39+00:00</time>
      </trkpt>
      <trkpt lat="44.12897" lon="3.16101">
        <ele>823</ele>
        <time>2026-08-21T17:52:42+00:00</time>
      </trkpt>
      <trkpt lat="44.12887" lon="3.16095">
        <ele>823</ele>
        <time>2026-08-21T17:52:45+00:00</time>
      </trkpt>
      <trkpt lat="44.1288" lon="3.16094">
        <ele>823</ele>
        <time>2026-08-21T17:52:48+00:00</time>
      </trkpt>
      <trkpt lat="44.1287" lon="3.16087">
        <ele>824</ele>
        <time>2026-08-21T17:52:51+00:00</time>
      </trkpt>
      <trkpt lat="44.12853" lon="3.16072">
        <ele>823</ele>
        <time>2026-08-21T17:52:54+00:00</time>
      </trkpt>
      <trkpt lat="44.12849" lon="3.1607">
        <ele>825</ele>
        <time>2026-08-21T17:52:57+00:00</time>
      </trkpt>
      <trkpt lat="44.12847" lon="3.16069">
        <ele>825</ele>
        <time>2026-08-21T17:53:00+00:00</time>
      </trkpt>
      <trkpt lat="44.12843" lon="3.16071">
        <ele>825</ele>
        <time>2026-08-21T17:53:03+00:00</time>
      </trkpt>
      <trkpt lat="44.12839" lon="3.16074">
        <ele>824</ele>
        <time>2026-08-21T17:53:06+00:00</time>
      </trkpt>
      <trkpt lat="44.12829" lon="3.16076">
        <ele>824</ele>
        <time>2026-08-21T17:53:09+00:00</time>
      </trkpt>
      <trkpt lat="44.12826" lon="3.16079">
        <ele>824</ele>
        <time>2026-08-21T17:53:12+00:00</time>
      </trkpt>
      <trkpt lat="44.12823" lon="3.16083">
        <ele>824</ele>
        <time>2026-08-21T17:53:15+00:00</time>
      </trkpt>
      <trkpt lat="44.12813" lon="3.1609">
        <ele>824</ele>
        <time>2026-08-21T17:53:18+00:00</time>
      </trkpt>
      <trkpt lat="44.12804" lon="3.16096">
        <ele>824</ele>
        <time>2026-08-21T17:53:21+00:00</time>
      </trkpt>
      <trkpt lat="44.12795" lon="3.16099">
        <ele>824</ele>
        <time>2026-08-21T17:53:24+00:00</time>
      </trkpt>
      <trkpt lat="44.1279" lon="3.16104">
        <ele>823</ele>
        <time>2026-08-21T17:53:27+00:00</time>
      </trkpt>
      <trkpt lat="44.12784" lon="3.16106">
        <ele>823</ele>
        <time>2026-08-21T17:53:30+00:00</time>
      </trkpt>
      <trkpt lat="44.1278" lon="3.16105">
        <ele>823</ele>
        <time>2026-08-21T17:53:33+00:00</time>
      </trkpt>
      <trkpt lat="44.12777" lon="3.16106">
        <ele>822</ele>
        <time>2026-08-21T17:53:36+00:00</time>
      </trkpt>
      <trkpt lat="44.1277" lon="3.16108">
        <ele>822</ele>
        <time>2026-08-21T17:53:39+00:00</time>
      </trkpt>
      <trkpt lat="44.12752" lon="3.16111">
        <ele>821</ele>
        <time>2026-08-21T17:53:42+00:00</time>
      </trkpt>
      <trkpt lat="44.12726" lon="3.16124">
        <ele>821</ele>
        <time>2026-08-21T17:53:45+00:00</time>
      </trkpt>
      <trkpt lat="44.1272" lon="3.16129">
        <ele>821</ele>
        <time>2026-08-21T17:53:48+00:00</time>
      </trkpt>
      <trkpt lat="44.1271" lon="3.16132">
        <ele>820</ele>
        <time>2026-08-21T17:53:51+00:00</time>
      </trkpt>
      <trkpt lat="44.12696" lon="3.1613">
        <ele>821</ele>
        <time>2026-08-21T17:53:54+00:00</time>
      </trkpt>
      <trkpt lat="44.12685" lon="3.16126">
        <ele>822</ele>
        <time>2026-08-21T17:53:57+00:00</time>
      </trkpt>
      <trkpt lat="44.12683" lon="3.16124">
        <ele>822</ele>
        <time>2026-08-21T17:54:00+00:00</time>
      </trkpt>
      <trkpt lat="44.1268" lon="3.16117">
        <ele>823</ele>
        <time>2026-08-21T17:54:03+00:00</time>
      </trkpt>
      <trkpt lat="44.12674" lon="3.16114">
        <ele>823</ele>
        <time>2026-08-21T17:54:06+00:00</time>
      </trkpt>
      <trkpt lat="44.12664" lon="3.16112">
        <ele>823</ele>
        <time>2026-08-21T17:54:09+00:00</time>
      </trkpt>
      <trkpt lat="44.12661" lon="3.16111">
        <ele>823</ele>
        <time>2026-08-21T17:54:12+00:00</time>
      </trkpt>
      <trkpt lat="44.12652" lon="3.16115">
        <ele>823</ele>
        <time>2026-08-21T17:54:15+00:00</time>
      </trkpt>
      <trkpt lat="44.12649" lon="3.16115">
        <ele>823</ele>
        <time>2026-08-21T17:54:18+00:00</time>
      </trkpt>
      <trkpt lat="44.12646" lon="3.16115">
        <ele>823</ele>
        <time>2026-08-21T17:54:21+00:00</time>
      </trkpt>
      <trkpt lat="44.12637" lon="3.16109">
        <ele>824</ele>
        <time>2026-08-21T17:54:24+00:00</time>
      </trkpt>
      <trkpt lat="44.12626" lon="3.16106">
        <ele>824</ele>
        <time>2026-08-21T17:54:27+00:00</time>
      </trkpt>
      <trkpt lat="44.12623" lon="3.16105">
        <ele>824</ele>
        <time>2026-08-21T17:54:30+00:00</time>
      </trkpt>
      <trkpt lat="44.12619" lon="3.16111">
        <ele>824</ele>
        <time>2026-08-21T17:54:33+00:00</time>
      </trkpt>
      <trkpt lat="44.12617" lon="3.16113">
        <ele>824</ele>
        <time>2026-08-21T17:54:36+00:00</time>
      </trkpt>
      <trkpt lat="44.12606" lon="3.16114">
        <ele>824</ele>
        <time>2026-08-21T17:54:39+00:00</time>
      </trkpt>
      <trkpt lat="44.12596" lon="3.16116">
        <ele>824</ele>
        <time>2026-08-21T17:54:42+00:00</time>
      </trkpt>
      <trkpt lat="44.1259" lon="3.16115">
        <ele>824</ele>
        <time>2026-08-21T17:54:45+00:00</time>
      </trkpt>
      <trkpt lat="44.12578" lon="3.16114">
        <ele>825</ele>
        <time>2026-08-21T17:54:48+00:00</time>
      </trkpt>
      <trkpt lat="44.12571" lon="3.16116">
        <ele>825</ele>
        <time>2026-08-21T17:54:51+00:00</time>
      </trkpt>
      <trkpt lat="44.12551" lon="3.16116">
        <ele>826</ele>
        <time>2026-08-21T17:54:54+00:00</time>
      </trkpt>
      <trkpt lat="44.12545" lon="3.16113">
        <ele>827</ele>
        <time>2026-08-21T17:54:57+00:00</time>
      </trkpt>
      <trkpt lat="44.12539" lon="3.16109">
        <ele>828</ele>
        <time>2026-08-21T17:55:00+00:00</time>
      </trkpt>
      <trkpt lat="44.12535" lon="3.16103">
        <ele>828</ele>
        <time>2026-08-21T17:55:03+00:00</time>
      </trkpt>
      <trkpt lat="44.1253" lon="3.16102">
        <ele>828</ele>
        <time>2026-08-21T17:55:06+00:00</time>
      </trkpt>
      <trkpt lat="44.12528" lon="3.16106">
        <ele>831</ele>
        <time>2026-08-21T17:55:09+00:00</time>
      </trkpt>
      <trkpt lat="44.12526" lon="3.16107">
        <ele>831</ele>
        <time>2026-08-21T17:55:12+00:00</time>
      </trkpt>
      <trkpt lat="44.12522" lon="3.16112">
        <ele>832</ele>
        <time>2026-08-21T17:55:15+00:00</time>
      </trkpt>
      <trkpt lat="44.12519" lon="3.16114">
        <ele>832</ele>
        <time>2026-08-21T17:55:18+00:00</time>
      </trkpt>
      <trkpt lat="44.12515" lon="3.16114">
        <ele>832</ele>
        <time>2026-08-21T17:55:21+00:00</time>
      </trkpt>
      <trkpt lat="44.12512" lon="3.16114">
        <ele>832</ele>
        <time>2026-08-21T17:55:24+00:00</time>
      </trkpt>
      <trkpt lat="44.1251" lon="3.16113">
        <ele>832</ele>
        <time>2026-08-21T17:55:27+00:00</time>
      </trkpt>
      <trkpt lat="44.12505" lon="3.16108">
        <ele>832</ele>
        <time>2026-08-21T17:55:30+00:00</time>
      </trkpt>
      <trkpt lat="44.12503" lon="3.16107">
        <ele>832</ele>
        <time>2026-08-21T17:55:33+00:00</time>
      </trkpt>
      <trkpt lat="44.12497" lon="3.16107">
        <ele>832</ele>
        <time>2026-08-21T17:55:36+00:00</time>
      </trkpt>
      <trkpt lat="44.12493" lon="3.16106">
        <ele>832</ele>
        <time>2026-08-21T17:55:39+00:00</time>
      </trkpt>
      <trkpt lat="44.12482" lon="3.16114">
        <ele>831</ele>
        <time>2026-08-21T17:55:42+00:00</time>
      </trkpt>
      <trkpt lat="44.1248" lon="3.16118">
        <ele>831</ele>
        <time>2026-08-21T17:55:45+00:00</time>
      </trkpt>
      <trkpt lat="44.12478" lon="3.16122">
        <ele>830</ele>
        <time>2026-08-21T17:55:48+00:00</time>
      </trkpt>
      <trkpt lat="44.12477" lon="3.16127">
        <ele>830</ele>
        <time>2026-08-21T17:55:51+00:00</time>
      </trkpt>
      <trkpt lat="44.12475" lon="3.1613">
        <ele>830</ele>
        <time>2026-08-21T17:55:54+00:00</time>
      </trkpt>
      <trkpt lat="44.12472" lon="3.16129">
        <ele>830</ele>
        <time>2026-08-21T17:55:57+00:00</time>
      </trkpt>
      <trkpt lat="44.12468" lon="3.16125">
        <ele>828</ele>
        <time>2026-08-21T17:56:00+00:00</time>
      </trkpt>
      <trkpt lat="44.1246" lon="3.16123">
        <ele>828</ele>
        <time>2026-08-21T17:56:03+00:00</time>
      </trkpt>
      <trkpt lat="44.12456" lon="3.16121">
        <ele>827</ele>
        <time>2026-08-21T17:56:06+00:00</time>
      </trkpt>
      <trkpt lat="44.12453" lon="3.16117">
        <ele>827</ele>
        <time>2026-08-21T17:56:09+00:00</time>
      </trkpt>
      <trkpt lat="44.12453" lon="3.16104">
        <ele>827</ele>
        <time>2026-08-21T17:56:12+00:00</time>
      </trkpt>
      <trkpt lat="44.12451" lon="3.16091">
        <ele>828</ele>
        <time>2026-08-21T17:56:15+00:00</time>
      </trkpt>
      <trkpt lat="44.12452" lon="3.16086">
        <ele>829</ele>
        <time>2026-08-21T17:56:18+00:00</time>
      </trkpt>
      <trkpt lat="44.12453" lon="3.16083">
        <ele>829</ele>
        <time>2026-08-21T17:56:21+00:00</time>
      </trkpt>
      <trkpt lat="44.12458" lon="3.16082">
        <ele>829</ele>
        <time>2026-08-21T17:56:24+00:00</time>
      </trkpt>
      <trkpt lat="44.1246" lon="3.16081">
        <ele>830</ele>
        <time>2026-08-21T17:56:27+00:00</time>
      </trkpt>
      <trkpt lat="44.12465" lon="3.16081">
        <ele>830</ele>
        <time>2026-08-21T17:56:30+00:00</time>
      </trkpt>
      <trkpt lat="44.1247" lon="3.1608">
        <ele>829</ele>
        <time>2026-08-21T17:56:33+00:00</time>
      </trkpt>
      <trkpt lat="44.12472" lon="3.16078">
        <ele>832</ele>
        <time>2026-08-21T17:56:36+00:00</time>
      </trkpt>
      <trkpt lat="44.12475" lon="3.16072">
        <ele>832</ele>
        <time>2026-08-21T17:56:39+00:00</time>
      </trkpt>
      <trkpt lat="44.12475" lon="3.16068">
        <ele>832</ele>
        <time>2026-08-21T17:56:42+00:00</time>
      </trkpt>
      <trkpt lat="44.12471" lon="3.1606">
        <ele>831</ele>
        <time>2026-08-21T17:56:45+00:00</time>
      </trkpt>
      <trkpt lat="44.12468" lon="3.16057">
        <ele>828</ele>
        <time>2026-08-21T17:56:48+00:00</time>
      </trkpt>
      <trkpt lat="44.12462" lon="3.16053">
        <ele>830</ele>
        <time>2026-08-21T17:56:51+00:00</time>
      </trkpt>
      <trkpt lat="44.12455" lon="3.1605">
        <ele>829</ele>
        <time>2026-08-21T17:56:54+00:00</time>
      </trkpt>
      <trkpt lat="44.12451" lon="3.16051">
        <ele>829</ele>
        <time>2026-08-21T17:56:57+00:00</time>
      </trkpt>
      <trkpt lat="44.12448" lon="3.16054">
        <ele>828</ele>
        <time>2026-08-21T17:57:00+00:00</time>
      </trkpt>
      <trkpt lat="44.12444" lon="3.16055">
        <ele>828</ele>
        <time>2026-08-21T17:57:03+00:00</time>
      </trkpt>
      <trkpt lat="44.1244" lon="3.16055">
        <ele>827</ele>
        <time>2026-08-21T17:57:06+00:00</time>
      </trkpt>
      <trkpt lat="44.12432" lon="3.16053">
        <ele>827</ele>
        <time>2026-08-21T17:57:09+00:00</time>
      </trkpt>
      <trkpt lat="44.12423" lon="3.16057">
        <ele>826</ele>
        <time>2026-08-21T17:57:12+00:00</time>
      </trkpt>
      <trkpt lat="44.12417" lon="3.16061">
        <ele>825</ele>
        <time>2026-08-21T17:57:15+00:00</time>
      </trkpt>
      <trkpt lat="44.12412" lon="3.16061">
        <ele>825</ele>
        <time>2026-08-21T17:57:18+00:00</time>
      </trkpt>
      <trkpt lat="44.12402" lon="3.16063">
        <ele>823</ele>
        <time>2026-08-21T17:57:21+00:00</time>
      </trkpt>
      <trkpt lat="44.12379" lon="3.16069">
        <ele>820</ele>
        <time>2026-08-21T17:57:24+00:00</time>
      </trkpt>
      <trkpt lat="44.12361" lon="3.16071">
        <ele>819</ele>
        <time>2026-08-21T17:57:27+00:00</time>
      </trkpt>
      <trkpt lat="44.12357" lon="3.16071">
        <ele>818</ele>
        <time>2026-08-21T17:57:30+00:00</time>
      </trkpt>
      <trkpt lat="44.12354" lon="3.16069">
        <ele>818</ele>
        <time>2026-08-21T17:57:33+00:00</time>
      </trkpt>
      <trkpt lat="44.12351" lon="3.16069">
        <ele>818</ele>
        <time>2026-08-21T17:57:36+00:00</time>
      </trkpt>
      <trkpt lat="44.12343" lon="3.16072">
        <ele>816</ele>
        <time>2026-08-21T17:57:39+00:00</time>
      </trkpt>
      <trkpt lat="44.1233" lon="3.16071">
        <ele>815</ele>
        <time>2026-08-21T17:57:42+00:00</time>
      </trkpt>
      <trkpt lat="44.12327" lon="3.16072">
        <ele>814</ele>
        <time>2026-08-21T17:57:45+00:00</time>
      </trkpt>
      <trkpt lat="44.12323" lon="3.16075">
        <ele>814</ele>
        <time>2026-08-21T17:57:48+00:00</time>
      </trkpt>
      <trkpt lat="44.1232" lon="3.16077">
        <ele>812</ele>
        <time>2026-08-21T17:57:51+00:00</time>
      </trkpt>
      <trkpt lat="44.12306" lon="3.1608">
        <ele>811</ele>
        <time>2026-08-21T17:57:54+00:00</time>
      </trkpt>
      <trkpt lat="44.12296" lon="3.16082">
        <ele>810</ele>
        <time>2026-08-21T17:57:57+00:00</time>
      </trkpt>
      <trkpt lat="44.12292" lon="3.16084">
        <ele>810</ele>
        <time>2026-08-21T17:58:00+00:00</time>
      </trkpt>
      <trkpt lat="44.12288" lon="3.16087">
        <ele>807</ele>
        <time>2026-08-21T17:58:03+00:00</time>
      </trkpt>
      <trkpt lat="44.12275" lon="3.16087">
        <ele>805</ele>
        <time>2026-08-21T17:58:06+00:00</time>
      </trkpt>
      <trkpt lat="44.12272" lon="3.16088">
        <ele>805</ele>
        <time>2026-08-21T17:58:09+00:00</time>
      </trkpt>
      <trkpt lat="44.12268" lon="3.16087">
        <ele>803</ele>
        <time>2026-08-21T17:58:12+00:00</time>
      </trkpt>
      <trkpt lat="44.12265" lon="3.16087">
        <ele>803</ele>
        <time>2026-08-21T17:58:15+00:00</time>
      </trkpt>
      <trkpt lat="44.12261" lon="3.16086">
        <ele>803</ele>
        <time>2026-08-21T17:58:18+00:00</time>
      </trkpt>
      <trkpt lat="44.1224" lon="3.16088">
        <ele>799</ele>
        <time>2026-08-21T17:58:21+00:00</time>
      </trkpt>
      <trkpt lat="44.12238" lon="3.1609">
        <ele>798</ele>
        <time>2026-08-21T17:58:24+00:00</time>
      </trkpt>
      <trkpt lat="44.12234" lon="3.16092">
        <ele>798</ele>
        <time>2026-08-21T17:58:27+00:00</time>
      </trkpt>
      <trkpt lat="44.12228" lon="3.16094">
        <ele>794</ele>
        <time>2026-08-21T17:58:30+00:00</time>
      </trkpt>
      <trkpt lat="44.12225" lon="3.16094">
        <ele>794</ele>
        <time>2026-08-21T17:58:33+00:00</time>
      </trkpt>
      <trkpt lat="44.12221" lon="3.16096">
        <ele>794</ele>
        <time>2026-08-21T17:58:36+00:00</time>
      </trkpt>
      <trkpt lat="44.12216" lon="3.16102">
        <ele>793</ele>
        <time>2026-08-21T17:58:39+00:00</time>
      </trkpt>
      <trkpt lat="44.12208" lon="3.16104">
        <ele>791</ele>
        <time>2026-08-21T17:58:42+00:00</time>
      </trkpt>
      <trkpt lat="44.12205" lon="3.16106">
        <ele>791</ele>
        <time>2026-08-21T17:58:45+00:00</time>
      </trkpt>
      <trkpt lat="44.12198" lon="3.1611">
        <ele>790</ele>
        <time>2026-08-21T17:58:48+00:00</time>
      </trkpt>
      <trkpt lat="44.12194" lon="3.1611">
        <ele>790</ele>
        <time>2026-08-21T17:58:51+00:00</time>
      </trkpt>
      <trkpt lat="44.1219" lon="3.16112">
        <ele>790</ele>
        <time>2026-08-21T17:58:54+00:00</time>
      </trkpt>
      <trkpt lat="44.12185" lon="3.1611">
        <ele>788</ele>
        <time>2026-08-21T17:58:57+00:00</time>
      </trkpt>
      <trkpt lat="44.12182" lon="3.16108">
        <ele>788</ele>
        <time>2026-08-21T17:59:00+00:00</time>
      </trkpt>
      <trkpt lat="44.1218" lon="3.161">
        <ele>786</ele>
        <time>2026-08-21T17:59:03+00:00</time>
      </trkpt>
      <trkpt lat="44.12179" lon="3.16092">
        <ele>786</ele>
        <time>2026-08-21T17:59:06+00:00</time>
      </trkpt>
      <trkpt lat="44.12187" lon="3.16073">
        <ele>785</ele>
        <time>2026-08-21T17:59:09+00:00</time>
      </trkpt>
      <trkpt lat="44.12187" lon="3.16069">
        <ele>784</ele>
        <time>2026-08-21T17:59:12+00:00</time>
      </trkpt>
      <trkpt lat="44.12184" lon="3.16066">
        <ele>784</ele>
        <time>2026-08-21T17:59:15+00:00</time>
      </trkpt>
      <trkpt lat="44.12181" lon="3.16064">
        <ele>784</ele>
        <time>2026-08-21T17:59:18+00:00</time>
      </trkpt>
      <trkpt lat="44.12173" lon="3.16054">
        <ele>783</ele>
        <time>2026-08-21T17:59:21+00:00</time>
      </trkpt>
      <trkpt lat="44.1217" lon="3.16051">
        <ele>780</ele>
        <time>2026-08-21T17:59:24+00:00</time>
      </trkpt>
      <trkpt lat="44.12167" lon="3.16047">
        <ele>780</ele>
        <time>2026-08-21T17:59:27+00:00</time>
      </trkpt>
      <trkpt lat="44.12165" lon="3.16038">
        <ele>781</ele>
        <time>2026-08-21T17:59:30+00:00</time>
      </trkpt>
      <trkpt lat="44.1216" lon="3.16035">
        <ele>779</ele>
        <time>2026-08-21T17:59:33+00:00</time>
      </trkpt>
      <trkpt lat="44.12157" lon="3.16036">
        <ele>779</ele>
        <time>2026-08-21T17:59:36+00:00</time>
      </trkpt>
      <trkpt lat="44.12155" lon="3.16032">
        <ele>779</ele>
        <time>2026-08-21T17:59:39+00:00</time>
      </trkpt>
      <trkpt lat="44.12154" lon="3.16027">
        <ele>777</ele>
        <time>2026-08-21T17:59:42+00:00</time>
      </trkpt>
      <trkpt lat="44.12157" lon="3.16013">
        <ele>778</ele>
        <time>2026-08-21T17:59:45+00:00</time>
      </trkpt>
      <trkpt lat="44.12156" lon="3.15999">
        <ele>776</ele>
        <time>2026-08-21T17:59:48+00:00</time>
      </trkpt>
      <trkpt lat="44.12157" lon="3.15993">
        <ele>776</ele>
        <time>2026-08-21T17:59:51+00:00</time>
      </trkpt>
      <trkpt lat="44.12161" lon="3.15978">
        <ele>778</ele>
        <time>2026-08-21T17:59:54+00:00</time>
      </trkpt>
      <trkpt lat="44.12161" lon="3.15959">
        <ele>779</ele>
        <time>2026-08-21T17:59:57+00:00</time>
      </trkpt>
      <trkpt lat="44.1216" lon="3.15951">
        <ele>779</ele>
        <time>2026-08-21T18:00:00+00:00</time>
      </trkpt>
      <trkpt lat="44.12155" lon="3.15929">
        <ele>779</ele>
        <time>2026-08-21T18:00:03+00:00</time>
      </trkpt>
      <trkpt lat="44.12156" lon="3.15914">
        <ele>780</ele>
        <time>2026-08-21T18:00:06+00:00</time>
      </trkpt>
      <trkpt lat="44.12158" lon="3.15907">
        <ele>781</ele>
        <time>2026-08-21T18:00:09+00:00</time>
      </trkpt>
      <trkpt lat="44.12159" lon="3.15902">
        <ele>781</ele>
        <time>2026-08-21T18:00:12+00:00</time>
      </trkpt>
      <trkpt lat="44.12158" lon="3.15895">
        <ele>782</ele>
        <time>2026-08-21T18:00:15+00:00</time>
      </trkpt>
      <trkpt lat="44.12156" lon="3.15892">
        <ele>782</ele>
        <time>2026-08-21T18:00:18+00:00</time>
      </trkpt>
      <trkpt lat="44.12154" lon="3.15889">
        <ele>779</ele>
        <time>2026-08-21T18:00:21+00:00</time>
      </trkpt>
      <trkpt lat="44.12151" lon="3.15887">
        <ele>782</ele>
        <time>2026-08-21T18:00:24+00:00</time>
      </trkpt>
      <trkpt lat="44.12148" lon="3.15884">
        <ele>781</ele>
        <time>2026-08-21T18:00:27+00:00</time>
      </trkpt>
      <trkpt lat="44.12145" lon="3.15882">
        <ele>781</ele>
        <time>2026-08-21T18:00:30+00:00</time>
      </trkpt>
      <trkpt lat="44.12141" lon="3.15882">
        <ele>781</ele>
        <time>2026-08-21T18:00:33+00:00</time>
      </trkpt>
      <trkpt lat="44.12137" lon="3.15883">
        <ele>779</ele>
        <time>2026-08-21T18:00:36+00:00</time>
      </trkpt>
      <trkpt lat="44.12129" lon="3.15883">
        <ele>778</ele>
        <time>2026-08-21T18:00:39+00:00</time>
      </trkpt>
      <trkpt lat="44.12117" lon="3.15882">
        <ele>776</ele>
        <time>2026-08-21T18:00:42+00:00</time>
      </trkpt>
      <trkpt lat="44.12113" lon="3.15882">
        <ele>776</ele>
        <time>2026-08-21T18:00:45+00:00</time>
      </trkpt>
      <trkpt lat="44.12109" lon="3.15884">
        <ele>774</ele>
        <time>2026-08-21T18:00:48+00:00</time>
      </trkpt>
      <trkpt lat="44.12105" lon="3.15884">
        <ele>774</ele>
        <time>2026-08-21T18:00:51+00:00</time>
      </trkpt>
      <trkpt lat="44.12095" lon="3.15884">
        <ele>773</ele>
        <time>2026-08-21T18:00:54+00:00</time>
      </trkpt>
      <trkpt lat="44.12089" lon="3.15884">
        <ele>772</ele>
        <time>2026-08-21T18:00:57+00:00</time>
      </trkpt>
      <trkpt lat="44.12087" lon="3.15884">
        <ele>772</ele>
        <time>2026-08-21T18:01:00+00:00</time>
      </trkpt>
      <trkpt lat="44.12084" lon="3.15883">
        <ele>772</ele>
        <time>2026-08-21T18:01:03+00:00</time>
      </trkpt>
      <trkpt lat="44.12082" lon="3.15883">
        <ele>772</ele>
        <time>2026-08-21T18:01:06+00:00</time>
      </trkpt>
      <trkpt lat="44.12079" lon="3.15883">
        <ele>770</ele>
        <time>2026-08-21T18:01:09+00:00</time>
      </trkpt>
      <trkpt lat="44.12076" lon="3.15883">
        <ele>770</ele>
        <time>2026-08-21T18:01:12+00:00</time>
      </trkpt>
      <trkpt lat="44.12074" lon="3.15883">
        <ele>770</ele>
        <time>2026-08-21T18:01:15+00:00</time>
      </trkpt>
      <trkpt lat="44.12072" lon="3.15883">
        <ele>770</ele>
        <time>2026-08-21T18:01:18+00:00</time>
      </trkpt>
      <trkpt lat="44.1207" lon="3.15882">
        <ele>770</ele>
        <time>2026-08-21T18:01:21+00:00</time>
      </trkpt>
      <trkpt lat="44.12068" lon="3.15881">
        <ele>768</ele>
        <time>2026-08-21T18:01:24+00:00</time>
      </trkpt>
      <trkpt lat="44.12065" lon="3.15878">
        <ele>767</ele>
        <time>2026-08-21T18:01:27+00:00</time>
      </trkpt>
      <trkpt lat="44.12063" lon="3.15877">
        <ele>767</ele>
        <time>2026-08-21T18:01:30+00:00</time>
      </trkpt>
      <trkpt lat="44.12061" lon="3.15876">
        <ele>767</ele>
        <time>2026-08-21T18:01:33+00:00</time>
      </trkpt>
      <trkpt lat="44.12059" lon="3.15876">
        <ele>765</ele>
        <time>2026-08-21T18:01:36+00:00</time>
      </trkpt>
      <trkpt lat="44.12057" lon="3.15877">
        <ele>765</ele>
        <time>2026-08-21T18:01:39+00:00</time>
      </trkpt>
      <trkpt lat="44.12056" lon="3.15878">
        <ele>765</ele>
        <time>2026-08-21T18:01:42+00:00</time>
      </trkpt>
      <trkpt lat="44.12055" lon="3.1588">
        <ele>765</ele>
        <time>2026-08-21T18:01:45+00:00</time>
      </trkpt>
      <trkpt lat="44.12054" lon="3.15881">
        <ele>766</ele>
        <time>2026-08-21T18:01:48+00:00</time>
      </trkpt>
      <trkpt lat="44.12053" lon="3.15881">
        <ele>766</ele>
        <time>2026-08-21T18:01:51+00:00</time>
      </trkpt>
      <trkpt lat="44.12051" lon="3.1588">
        <ele>765</ele>
        <time>2026-08-21T18:01:54+00:00</time>
      </trkpt>
      <trkpt lat="44.12049" lon="3.15878">
        <ele>761</ele>
        <time>2026-08-21T18:01:57+00:00</time>
      </trkpt>
      <trkpt lat="44.12047" lon="3.15875">
        <ele>761</ele>
        <time>2026-08-21T18:02:00+00:00</time>
      </trkpt>
      <trkpt lat="44.12045" lon="3.15872">
        <ele>761</ele>
        <time>2026-08-21T18:02:03+00:00</time>
      </trkpt>
      <trkpt lat="44.12044" lon="3.15871">
        <ele>761</ele>
        <time>2026-08-21T18:02:06+00:00</time>
      </trkpt>
      <trkpt lat="44.12043" lon="3.1587">
        <ele>761</ele>
        <time>2026-08-21T18:02:09+00:00</time>
      </trkpt>
      <trkpt lat="44.12041" lon="3.1587">
        <ele>761</ele>
        <time>2026-08-21T18:02:12+00:00</time>
      </trkpt>
      <trkpt lat="44.12038" lon="3.15872">
        <ele>760</ele>
        <time>2026-08-21T18:02:15+00:00</time>
      </trkpt>
      <trkpt lat="44.12037" lon="3.15872">
        <ele>760</ele>
        <time>2026-08-21T18:02:18+00:00</time>
      </trkpt>
      <trkpt lat="44.12034" lon="3.15872">
        <ele>760</ele>
        <time>2026-08-21T18:02:21+00:00</time>
      </trkpt>
      <trkpt lat="44.1203" lon="3.15872">
        <ele>760</ele>
        <time>2026-08-21T18:02:24+00:00</time>
      </trkpt>
      <trkpt lat="44.12027" lon="3.15872">
        <ele>758</ele>
        <time>2026-08-21T18:02:27+00:00</time>
      </trkpt>
      <trkpt lat="44.12025" lon="3.15873">
        <ele>758</ele>
        <time>2026-08-21T18:02:30+00:00</time>
      </trkpt>
      <trkpt lat="44.12023" lon="3.15875">
        <ele>758</ele>
        <time>2026-08-21T18:02:33+00:00</time>
      </trkpt>
      <trkpt lat="44.12021" lon="3.15876">
        <ele>758</ele>
        <time>2026-08-21T18:02:36+00:00</time>
      </trkpt>
      <trkpt lat="44.12019" lon="3.15877">
        <ele>756</ele>
        <time>2026-08-21T18:02:39+00:00</time>
      </trkpt>
      <trkpt lat="44.12016" lon="3.15876">
        <ele>756</ele>
        <time>2026-08-21T18:02:42+00:00</time>
      </trkpt>
      <trkpt lat="44.12014" lon="3.15875">
        <ele>756</ele>
        <time>2026-08-21T18:02:45+00:00</time>
      </trkpt>
      <trkpt lat="44.12011" lon="3.15874">
        <ele>756</ele>
        <time>2026-08-21T18:02:48+00:00</time>
      </trkpt>
      <trkpt lat="44.12008" lon="3.15874">
        <ele>754</ele>
        <time>2026-08-21T18:02:51+00:00</time>
      </trkpt>
      <trkpt lat="44.12005" lon="3.15874">
        <ele>754</ele>
        <time>2026-08-21T18:02:54+00:00</time>
      </trkpt>
      <trkpt lat="44.12002" lon="3.15874">
        <ele>754</ele>
        <time>2026-08-21T18:02:57+00:00</time>
      </trkpt>
      <trkpt lat="44.11999" lon="3.15875">
        <ele>753</ele>
        <time>2026-08-21T18:03:00+00:00</time>
      </trkpt>
      <trkpt lat="44.11995" lon="3.15878">
        <ele>753</ele>
        <time>2026-08-21T18:03:03+00:00</time>
      </trkpt>
      <trkpt lat="44.11992" lon="3.15881">
        <ele>755</ele>
        <time>2026-08-21T18:03:06+00:00</time>
      </trkpt>
      <trkpt lat="44.1199" lon="3.15883">
        <ele>752</ele>
        <time>2026-08-21T18:03:09+00:00</time>
      </trkpt>
      <trkpt lat="44.11988" lon="3.15884">
        <ele>752</ele>
        <time>2026-08-21T18:03:12+00:00</time>
      </trkpt>
      <trkpt lat="44.11986" lon="3.15883">
        <ele>752</ele>
        <time>2026-08-21T18:03:15+00:00</time>
      </trkpt>
      <trkpt lat="44.11984" lon="3.15883">
        <ele>752</ele>
        <time>2026-08-21T18:03:18+00:00</time>
      </trkpt>
      <trkpt lat="44.11982" lon="3.15884">
        <ele>752</ele>
        <time>2026-08-21T18:03:21+00:00</time>
      </trkpt>
      <trkpt lat="44.1198" lon="3.15887">
        <ele>752</ele>
        <time>2026-08-21T18:03:24+00:00</time>
      </trkpt>
      <trkpt lat="44.11979" lon="3.15888">
        <ele>751</ele>
        <time>2026-08-21T18:03:27+00:00</time>
      </trkpt>
      <trkpt lat="44.11977" lon="3.15888">
        <ele>751</ele>
        <time>2026-08-21T18:03:30+00:00</time>
      </trkpt>
      <trkpt lat="44.11974" lon="3.15888">
        <ele>751</ele>
        <time>2026-08-21T18:03:33+00:00</time>
      </trkpt>
      <trkpt lat="44.11971" lon="3.15888">
        <ele>751</ele>
        <time>2026-08-21T18:03:36+00:00</time>
      </trkpt>
      <trkpt lat="44.1197" lon="3.15889">
        <ele>751</ele>
        <time>2026-08-21T18:03:39+00:00</time>
      </trkpt>
      <trkpt lat="44.11968" lon="3.15891">
        <ele>752</ele>
        <time>2026-08-21T18:03:42+00:00</time>
      </trkpt>
      <trkpt lat="44.11967" lon="3.15891">
        <ele>752</ele>
        <time>2026-08-21T18:03:45+00:00</time>
      </trkpt>
      <trkpt lat="44.11962" lon="3.15892">
        <ele>752</ele>
        <time>2026-08-21T18:03:48+00:00</time>
      </trkpt>
      <trkpt lat="44.11957" lon="3.15892">
        <ele>751</ele>
        <time>2026-08-21T18:03:51+00:00</time>
      </trkpt>
      <trkpt lat="44.11953" lon="3.15892">
        <ele>751</ele>
        <time>2026-08-21T18:03:54+00:00</time>
      </trkpt>
      <trkpt lat="44.1195" lon="3.15893">
        <ele>749</ele>
        <time>2026-08-21T18:03:57+00:00</time>
      </trkpt>
      <trkpt lat="44.11947" lon="3.15895">
        <ele>749</ele>
        <time>2026-08-21T18:04:00+00:00</time>
      </trkpt>
      <trkpt lat="44.11945" lon="3.15897">
        <ele>749</ele>
        <time>2026-08-21T18:04:03+00:00</time>
      </trkpt>
      <trkpt lat="44.11944" lon="3.15898">
        <ele>749</ele>
        <time>2026-08-21T18:04:06+00:00</time>
      </trkpt>
      <trkpt lat="44.11943" lon="3.15898">
        <ele>749</ele>
        <time>2026-08-21T18:04:09+00:00</time>
      </trkpt>
      <trkpt lat="44.11941" lon="3.15898">
        <ele>749</ele>
        <time>2026-08-21T18:04:12+00:00</time>
      </trkpt>
      <trkpt lat="44.11937" lon="3.15899">
        <ele>746</ele>
        <time>2026-08-21T18:04:15+00:00</time>
      </trkpt>
      <trkpt lat="44.11935" lon="3.159">
        <ele>746</ele>
        <time>2026-08-21T18:04:18+00:00</time>
      </trkpt>
      <trkpt lat="44.11933" lon="3.15901">
        <ele>749</ele>
        <time>2026-08-21T18:04:21+00:00</time>
      </trkpt>
      <trkpt lat="44.1193" lon="3.15901">
        <ele>749</ele>
        <time>2026-08-21T18:04:24+00:00</time>
      </trkpt>
      <trkpt lat="44.11928" lon="3.15901">
        <ele>744</ele>
        <time>2026-08-21T18:04:27+00:00</time>
      </trkpt>
      <trkpt lat="44.11925" lon="3.15902">
        <ele>744</ele>
        <time>2026-08-21T18:04:30+00:00</time>
      </trkpt>
      <trkpt lat="44.11921" lon="3.15903">
        <ele>744</ele>
        <time>2026-08-21T18:04:33+00:00</time>
      </trkpt>
      <trkpt lat="44.11919" lon="3.15904">
        <ele>742</ele>
        <time>2026-08-21T18:04:36+00:00</time>
      </trkpt>
      <trkpt lat="44.11917" lon="3.15905">
        <ele>742</ele>
        <time>2026-08-21T18:04:39+00:00</time>
      </trkpt>
      <trkpt lat="44.11915" lon="3.15905">
        <ele>742</ele>
        <time>2026-08-21T18:04:42+00:00</time>
      </trkpt>
      <trkpt lat="44.11914" lon="3.15905">
        <ele>742</ele>
        <time>2026-08-21T18:04:45+00:00</time>
      </trkpt>
      <trkpt lat="44.11913" lon="3.15906">
        <ele>742</ele>
        <time>2026-08-21T18:04:48+00:00</time>
      </trkpt>
      <trkpt lat="44.1191" lon="3.15908">
        <ele>742</ele>
        <time>2026-08-21T18:04:51+00:00</time>
      </trkpt>
      <trkpt lat="44.11908" lon="3.15909">
        <ele>739</ele>
        <time>2026-08-21T18:04:54+00:00</time>
      </trkpt>
      <trkpt lat="44.11906" lon="3.15909">
        <ele>739</ele>
        <time>2026-08-21T18:04:57+00:00</time>
      </trkpt>
      <trkpt lat="44.11905" lon="3.15908">
        <ele>739</ele>
        <time>2026-08-21T18:05:00+00:00</time>
      </trkpt>
      <trkpt lat="44.11905" lon="3.15907">
        <ele>739</ele>
        <time>2026-08-21T18:05:03+00:00</time>
      </trkpt>
      <trkpt lat="44.11903" lon="3.15907">
        <ele>739</ele>
        <time>2026-08-21T18:05:06+00:00</time>
      </trkpt>
      <trkpt lat="44.11902" lon="3.15908">
        <ele>739</ele>
        <time>2026-08-21T18:05:09+00:00</time>
      </trkpt>
      <trkpt lat="44.11899" lon="3.1591">
        <ele>737</ele>
        <time>2026-08-21T18:05:12+00:00</time>
      </trkpt>
      <trkpt lat="44.11896" lon="3.15913">
        <ele>737</ele>
        <time>2026-08-21T18:05:15+00:00</time>
      </trkpt>
      <trkpt lat="44.11893" lon="3.15914">
        <ele>737</ele>
        <time>2026-08-21T18:05:18+00:00</time>
      </trkpt>
      <trkpt lat="44.11891" lon="3.15914">
        <ele>737</ele>
        <time>2026-08-21T18:05:21+00:00</time>
      </trkpt>
      <trkpt lat="44.1189" lon="3.15913">
        <ele>735</ele>
        <time>2026-08-21T18:05:24+00:00</time>
      </trkpt>
      <trkpt lat="44.11889" lon="3.15912">
        <ele>735</ele>
        <time>2026-08-21T18:05:27+00:00</time>
      </trkpt>
      <trkpt lat="44.11887" lon="3.15911">
        <ele>735</ele>
        <time>2026-08-21T18:05:30+00:00</time>
      </trkpt>
      <trkpt lat="44.11885" lon="3.15912">
        <ele>735</ele>
        <time>2026-08-21T18:05:33+00:00</time>
      </trkpt>
      <trkpt lat="44.11884" lon="3.15914">
        <ele>735</ele>
        <time>2026-08-21T18:05:36+00:00</time>
      </trkpt>
      <trkpt lat="44.11882" lon="3.15915">
        <ele>735</ele>
        <time>2026-08-21T18:05:39+00:00</time>
      </trkpt>
      <trkpt lat="44.11881" lon="3.15915">
        <ele>735</ele>
        <time>2026-08-21T18:05:42+00:00</time>
      </trkpt>
      <trkpt lat="44.11878" lon="3.15915">
        <ele>733</ele>
        <time>2026-08-21T18:05:45+00:00</time>
      </trkpt>
      <trkpt lat="44.11874" lon="3.15915">
        <ele>733</ele>
        <time>2026-08-21T18:05:48+00:00</time>
      </trkpt>
      <trkpt lat="44.11871" lon="3.15916">
        <ele>733</ele>
        <time>2026-08-21T18:05:51+00:00</time>
      </trkpt>
      <trkpt lat="44.11866" lon="3.15917">
        <ele>728</ele>
        <time>2026-08-21T18:05:54+00:00</time>
      </trkpt>
      <trkpt lat="44.11864" lon="3.15919">
        <ele>728</ele>
        <time>2026-08-21T18:05:57+00:00</time>
      </trkpt>
      <trkpt lat="44.11863" lon="3.1592">
        <ele>730</ele>
        <time>2026-08-21T18:06:00+00:00</time>
      </trkpt>
      <trkpt lat="44.11862" lon="3.15922">
        <ele>730</ele>
        <time>2026-08-21T18:06:03+00:00</time>
      </trkpt>
      <trkpt lat="44.11862" lon="3.15924">
        <ele>730</ele>
        <time>2026-08-21T18:06:06+00:00</time>
      </trkpt>
      <trkpt lat="44.11863" lon="3.15926">
        <ele>730</ele>
        <time>2026-08-21T18:06:09+00:00</time>
      </trkpt>
      <trkpt lat="44.11865" lon="3.15928">
        <ele>730</ele>
        <time>2026-08-21T18:06:12+00:00</time>
      </trkpt>
      <trkpt lat="44.11872" lon="3.15932">
        <ele>728</ele>
        <time>2026-08-21T18:06:15+00:00</time>
      </trkpt>
      <trkpt lat="44.11877" lon="3.15935">
        <ele>728</ele>
        <time>2026-08-21T18:06:18+00:00</time>
      </trkpt>
      <trkpt lat="44.11877" lon="3.15935">
        <ele>728</ele>
        <time>2026-08-21T18:06:21+00:00</time>
      </trkpt>
      <trkpt lat="44.1188" lon="3.15937">
        <ele>728</ele>
        <time>2026-08-21T18:06:24+00:00</time>
      </trkpt>
      <trkpt lat="44.11884" lon="3.15939">
        <ele>728</ele>
        <time>2026-08-21T18:06:27+00:00</time>
      </trkpt>
      <trkpt lat="44.1189" lon="3.15943">
        <ele>724</ele>
        <time>2026-08-21T18:06:30+00:00</time>
      </trkpt>
      <trkpt lat="44.11895" lon="3.15947">
        <ele>726</ele>
        <time>2026-08-21T18:06:33+00:00</time>
      </trkpt>
      <trkpt lat="44.119" lon="3.15952">
        <ele>724</ele>
        <time>2026-08-21T18:06:36+00:00</time>
      </trkpt>
      <trkpt lat="44.11905" lon="3.15957">
        <ele>724</ele>
        <time>2026-08-21T18:06:39+00:00</time>
      </trkpt>
      <trkpt lat="44.11908" lon="3.15961">
        <ele>721</ele>
        <time>2026-08-21T18:06:42+00:00</time>
      </trkpt>
      <trkpt lat="44.1191" lon="3.15963">
        <ele>719</ele>
        <time>2026-08-21T18:06:45+00:00</time>
      </trkpt>
      <trkpt lat="44.11914" lon="3.15964">
        <ele>719</ele>
        <time>2026-08-21T18:06:48+00:00</time>
      </trkpt>
      <trkpt lat="44.11918" lon="3.15966">
        <ele>719</ele>
        <time>2026-08-21T18:06:51+00:00</time>
      </trkpt>
      <trkpt lat="44.1192" lon="3.15966">
        <ele>719</ele>
        <time>2026-08-21T18:06:54+00:00</time>
      </trkpt>
      <trkpt lat="44.11924" lon="3.15966">
        <ele>719</ele>
        <time>2026-08-21T18:06:57+00:00</time>
      </trkpt>
      <trkpt lat="44.11928" lon="3.15968">
        <ele>719</ele>
        <time>2026-08-21T18:07:00+00:00</time>
      </trkpt>
      <trkpt lat="44.11931" lon="3.15969">
        <ele>719</ele>
        <time>2026-08-21T18:07:03+00:00</time>
      </trkpt>
      <trkpt lat="44.11935" lon="3.1597">
        <ele>716</ele>
        <time>2026-08-21T18:07:06+00:00</time>
      </trkpt>
      <trkpt lat="44.11936" lon="3.15971">
        <ele>716</ele>
        <time>2026-08-21T18:07:09+00:00</time>
      </trkpt>
      <trkpt lat="44.11937" lon="3.15972">
        <ele>716</ele>
        <time>2026-08-21T18:07:12+00:00</time>
      </trkpt>
      <trkpt lat="44.11937" lon="3.15973">
        <ele>716</ele>
        <time>2026-08-21T18:07:15+00:00</time>
      </trkpt>
      <trkpt lat="44.11935" lon="3.15973">
        <ele>716</ele>
        <time>2026-08-21T18:07:18+00:00</time>
      </trkpt>
      <trkpt lat="44.11932" lon="3.15974">
        <ele>716</ele>
        <time>2026-08-21T18:07:21+00:00</time>
      </trkpt>
      <trkpt lat="44.11928" lon="3.15975">
        <ele>715</ele>
        <time>2026-08-21T18:07:24+00:00</time>
      </trkpt>
      <trkpt lat="44.11921" lon="3.15977">
        <ele>715</ele>
        <time>2026-08-21T18:07:27+00:00</time>
      </trkpt>
      <trkpt lat="44.11916" lon="3.15979">
        <ele>715</ele>
        <time>2026-08-21T18:07:30+00:00</time>
      </trkpt>
      <trkpt lat="44.11912" lon="3.1598">
        <ele>711</ele>
        <time>2026-08-21T18:07:33+00:00</time>
      </trkpt>
      <trkpt lat="44.11908" lon="3.15981">
        <ele>710</ele>
        <time>2026-08-21T18:07:36+00:00</time>
      </trkpt>
      <trkpt lat="44.11905" lon="3.15982">
        <ele>710</ele>
        <time>2026-08-21T18:07:39+00:00</time>
      </trkpt>
      <trkpt lat="44.11901" lon="3.15981">
        <ele>710</ele>
        <time>2026-08-21T18:07:42+00:00</time>
      </trkpt>
      <trkpt lat="44.11898" lon="3.15981">
        <ele>707</ele>
        <time>2026-08-21T18:07:45+00:00</time>
      </trkpt>
      <trkpt lat="44.11895" lon="3.15978">
        <ele>710</ele>
        <time>2026-08-21T18:07:48+00:00</time>
      </trkpt>
      <trkpt lat="44.11892" lon="3.15976">
        <ele>710</ele>
        <time>2026-08-21T18:07:51+00:00</time>
      </trkpt>
      <trkpt lat="44.11889" lon="3.15975">
        <ele>708</ele>
        <time>2026-08-21T18:07:54+00:00</time>
      </trkpt>
      <trkpt lat="44.11888" lon="3.15975">
        <ele>708</ele>
        <time>2026-08-21T18:07:57+00:00</time>
      </trkpt>
      <trkpt lat="44.11887" lon="3.15975">
        <ele>708</ele>
        <time>2026-08-21T18:08:00+00:00</time>
      </trkpt>
      <trkpt lat="44.11887" lon="3.15976">
        <ele>708</ele>
        <time>2026-08-21T18:08:03+00:00</time>
      </trkpt>
      <trkpt lat="44.11887" lon="3.15978">
        <ele>708</ele>
        <time>2026-08-21T18:08:06+00:00</time>
      </trkpt>
      <trkpt lat="44.11888" lon="3.15979">
        <ele>708</ele>
        <time>2026-08-21T18:08:09+00:00</time>
      </trkpt>
      <trkpt lat="44.11891" lon="3.15983">
        <ele>707</ele>
        <time>2026-08-21T18:08:12+00:00</time>
      </trkpt>
      <trkpt lat="44.11893" lon="3.15986">
        <ele>707</ele>
        <time>2026-08-21T18:08:15+00:00</time>
      </trkpt>
      <trkpt lat="44.11893" lon="3.15988">
        <ele>707</ele>
        <time>2026-08-21T18:08:18+00:00</time>
      </trkpt>
      <trkpt lat="44.11894" lon="3.1599">
        <ele>704</ele>
        <time>2026-08-21T18:08:21+00:00</time>
      </trkpt>
      <trkpt lat="44.11896" lon="3.15992">
        <ele>704</ele>
        <time>2026-08-21T18:08:24+00:00</time>
      </trkpt>
      <trkpt lat="44.11901" lon="3.15995">
        <ele>707</ele>
        <time>2026-08-21T18:08:27+00:00</time>
      </trkpt>
      <trkpt lat="44.11909" lon="3.15999">
        <ele>707</ele>
        <time>2026-08-21T18:08:30+00:00</time>
      </trkpt>
      <trkpt lat="44.11915" lon="3.16001">
        <ele>704</ele>
        <time>2026-08-21T18:08:33+00:00</time>
      </trkpt>
      <trkpt lat="44.11919" lon="3.16003">
        <ele>704</ele>
        <time>2026-08-21T18:08:36+00:00</time>
      </trkpt>
      <trkpt lat="44.11929" lon="3.16009">
        <ele>704</ele>
        <time>2026-08-21T18:08:39+00:00</time>
      </trkpt>
      <trkpt lat="44.11933" lon="3.16011">
        <ele>702</ele>
        <time>2026-08-21T18:08:42+00:00</time>
      </trkpt>
      <trkpt lat="44.11937" lon="3.16012">
        <ele>702</ele>
        <time>2026-08-21T18:08:45+00:00</time>
      </trkpt>
      <trkpt lat="44.11941" lon="3.16012">
        <ele>700</ele>
        <time>2026-08-21T18:08:48+00:00</time>
      </trkpt>
      <trkpt lat="44.11942" lon="3.16012">
        <ele>700</ele>
        <time>2026-08-21T18:08:51+00:00</time>
      </trkpt>
      <trkpt lat="44.11943" lon="3.16012">
        <ele>700</ele>
        <time>2026-08-21T18:08:54+00:00</time>
      </trkpt>
      <trkpt lat="44.11943" lon="3.16013">
        <ele>700</ele>
        <time>2026-08-21T18:08:57+00:00</time>
      </trkpt>
      <trkpt lat="44.11943" lon="3.16014">
        <ele>700</ele>
        <time>2026-08-21T18:09:00+00:00</time>
      </trkpt>
      <trkpt lat="44.11944" lon="3.16015">
        <ele>700</ele>
        <time>2026-08-21T18:09:03+00:00</time>
      </trkpt>
      <trkpt lat="44.11946" lon="3.16015">
        <ele>700</ele>
        <time>2026-08-21T18:09:06+00:00</time>
      </trkpt>
      <trkpt lat="44.1195" lon="3.16015">
        <ele>699</ele>
        <time>2026-08-21T18:09:09+00:00</time>
      </trkpt>
      <trkpt lat="44.11957" lon="3.16015">
        <ele>699</ele>
        <time>2026-08-21T18:09:12+00:00</time>
      </trkpt>
      <trkpt lat="44.11961" lon="3.16016">
        <ele>698</ele>
        <time>2026-08-21T18:09:15+00:00</time>
      </trkpt>
      <trkpt lat="44.11965" lon="3.16017">
        <ele>698</ele>
        <time>2026-08-21T18:09:18+00:00</time>
      </trkpt>
      <trkpt lat="44.11969" lon="3.16019">
        <ele>698</ele>
        <time>2026-08-21T18:09:21+00:00</time>
      </trkpt>
      <trkpt lat="44.11971" lon="3.16019">
        <ele>697</ele>
        <time>2026-08-21T18:09:24+00:00</time>
      </trkpt>
      <trkpt lat="44.11977" lon="3.16025">
        <ele>693</ele>
        <time>2026-08-21T18:09:27+00:00</time>
      </trkpt>
      <trkpt lat="44.1198" lon="3.16028">
        <ele>693</ele>
        <time>2026-08-21T18:09:30+00:00</time>
      </trkpt>
      <trkpt lat="44.1198" lon="3.16034">
        <ele>686</ele>
        <time>2026-08-21T18:09:33+00:00</time>
      </trkpt>
      <trkpt lat="44.11977" lon="3.16038">
        <ele>685</ele>
        <time>2026-08-21T18:09:36+00:00</time>
      </trkpt>
      <trkpt lat="44.11969" lon="3.16042">
        <ele>680</ele>
        <time>2026-08-21T18:09:39+00:00</time>
      </trkpt>
      <trkpt lat="44.1196" lon="3.16044">
        <ele>680</ele>
        <time>2026-08-21T18:09:42+00:00</time>
      </trkpt>
      <trkpt lat="44.11955" lon="3.16048">
        <ele>680</ele>
        <time>2026-08-21T18:09:45+00:00</time>
      </trkpt>
      <trkpt lat="44.11956" lon="3.16051">
        <ele>676</ele>
        <time>2026-08-21T18:09:48+00:00</time>
      </trkpt>
      <trkpt lat="44.11965" lon="3.16061">
        <ele>673</ele>
        <time>2026-08-21T18:09:51+00:00</time>
      </trkpt>
      <trkpt lat="44.11969" lon="3.16067">
        <ele>673</ele>
        <time>2026-08-21T18:09:54+00:00</time>
      </trkpt>
      <trkpt lat="44.11969" lon="3.16073">
        <ele>670</ele>
        <time>2026-08-21T18:09:57+00:00</time>
      </trkpt>
      <trkpt lat="44.11964" lon="3.16082">
        <ele>670</ele>
        <time>2026-08-21T18:10:00+00:00</time>
      </trkpt>
      <trkpt lat="44.11947" lon="3.16102">
        <ele>666</ele>
        <time>2026-08-21T18:10:03+00:00</time>
      </trkpt>
      <trkpt lat="44.11937" lon="3.16113">
        <ele>663</ele>
        <time>2026-08-21T18:10:06+00:00</time>
      </trkpt>
      <trkpt lat="44.11933" lon="3.1612">
        <ele>664</ele>
        <time>2026-08-21T18:10:09+00:00</time>
      </trkpt>
      <trkpt lat="44.11922" lon="3.16139">
        <ele>658</ele>
        <time>2026-08-21T18:10:12+00:00</time>
      </trkpt>
      <trkpt lat="44.11915" lon="3.16148">
        <ele>656</ele>
        <time>2026-08-21T18:10:15+00:00</time>
      </trkpt>
      <trkpt lat="44.11911" lon="3.16147">
        <ele>656</ele>
        <time>2026-08-21T18:10:18+00:00</time>
      </trkpt>
      <trkpt lat="44.11908" lon="3.16146">
        <ele>653</ele>
        <time>2026-08-21T18:10:21+00:00</time>
      </trkpt>
      <trkpt lat="44.11907" lon="3.16136">
        <ele>652</ele>
        <time>2026-08-21T18:10:24+00:00</time>
      </trkpt>
      <trkpt lat="44.11907" lon="3.16117">
        <ele>655</ele>
        <time>2026-08-21T18:10:27+00:00</time>
      </trkpt>
      <trkpt lat="44.11907" lon="3.16111">
        <ele>650</ele>
        <time>2026-08-21T18:10:30+00:00</time>
      </trkpt>
      <trkpt lat="44.11904" lon="3.16103">
        <ele>652</ele>
        <time>2026-08-21T18:10:33+00:00</time>
      </trkpt>
      <trkpt lat="44.11891" lon="3.16097">
        <ele>655</ele>
        <time>2026-08-21T18:10:36+00:00</time>
      </trkpt>
      <trkpt lat="44.1186" lon="3.16089">
        <ele>655</ele>
        <time>2026-08-21T18:10:39+00:00</time>
      </trkpt>
      <trkpt lat="44.11819" lon="3.16089">
        <ele>650</ele>
        <time>2026-08-21T18:10:42+00:00</time>
      </trkpt>
      <trkpt lat="44.11795" lon="3.16086">
        <ele>644</ele>
        <time>2026-08-21T18:10:45+00:00</time>
      </trkpt>
      <trkpt lat="44.11769" lon="3.16082">
        <ele>638</ele>
        <time>2026-08-21T18:10:48+00:00</time>
      </trkpt>
      <trkpt lat="44.11752" lon="3.16079">
        <ele>640</ele>
        <time>2026-08-21T18:10:51+00:00</time>
      </trkpt>
      <trkpt lat="44.1174" lon="3.16077">
        <ele>636</ele>
        <time>2026-08-21T18:10:54+00:00</time>
      </trkpt>
      <trkpt lat="44.11718" lon="3.16082">
        <ele>631</ele>
        <time>2026-08-21T18:10:57+00:00</time>
      </trkpt>
      <trkpt lat="44.11696" lon="3.16092">
        <ele>628</ele>
        <time>2026-08-21T18:11:00+00:00</time>
      </trkpt>
      <trkpt lat="44.11683" lon="3.16102">
        <ele>625</ele>
        <time>2026-08-21T18:11:03+00:00</time>
      </trkpt>
      <trkpt lat="44.11681" lon="3.1611">
        <ele>625</ele>
        <time>2026-08-21T18:11:06+00:00</time>
      </trkpt>
      <trkpt lat="44.11682" lon="3.16111">
        <ele>621</ele>
        <time>2026-08-21T18:11:09+00:00</time>
      </trkpt>
      <trkpt lat="44.11686" lon="3.16114">
        <ele>621</ele>
        <time>2026-08-21T18:11:12+00:00</time>
      </trkpt>
      <trkpt lat="44.11693" lon="3.16113">
        <ele>615</ele>
        <time>2026-08-21T18:11:15+00:00</time>
      </trkpt>
      <trkpt lat="44.11696" lon="3.16115">
        <ele>615</ele>
        <time>2026-08-21T18:11:18+00:00</time>
      </trkpt>
      <trkpt lat="44.11694" lon="3.16117">
        <ele>615</ele>
        <time>2026-08-21T18:11:21+00:00</time>
      </trkpt>
      <trkpt lat="44.11688" lon="3.16124">
        <ele>618</ele>
        <time>2026-08-21T18:11:24+00:00</time>
      </trkpt>
      <trkpt lat="44.11686" lon="3.1613">
        <ele>613</ele>
        <time>2026-08-21T18:11:27+00:00</time>
      </trkpt>
      <trkpt lat="44.11687" lon="3.16133">
        <ele>613</ele>
        <time>2026-08-21T18:11:30+00:00</time>
      </trkpt>
      <trkpt lat="44.1169" lon="3.16135">
        <ele>613</ele>
        <time>2026-08-21T18:11:33+00:00</time>
      </trkpt>
      <trkpt lat="44.11695" lon="3.16137">
        <ele>608</ele>
        <time>2026-08-21T18:11:36+00:00</time>
      </trkpt>
      <trkpt lat="44.11701" lon="3.16136">
        <ele>605</ele>
        <time>2026-08-21T18:11:39+00:00</time>
      </trkpt>
      <trkpt lat="44.11704" lon="3.16138">
        <ele>605</ele>
        <time>2026-08-21T18:11:42+00:00</time>
      </trkpt>
      <trkpt lat="44.11703" lon="3.16142">
        <ele>601</ele>
        <time>2026-08-21T18:11:45+00:00</time>
      </trkpt>
      <trkpt lat="44.11687" lon="3.16168">
        <ele>597</ele>
        <time>2026-08-21T18:11:48+00:00</time>
      </trkpt>
      <trkpt lat="44.11659" lon="3.16203">
        <ele>589</ele>
        <time>2026-08-21T18:11:51+00:00</time>
      </trkpt>
      <trkpt lat="44.11632" lon="3.16227">
        <ele>580</ele>
        <time>2026-08-21T18:11:54+00:00</time>
      </trkpt>
      <trkpt lat="44.11617" lon="3.16232">
        <ele>577</ele>
        <time>2026-08-21T18:11:57+00:00</time>
      </trkpt>
      <trkpt lat="44.11597" lon="3.16235">
        <ele>578</ele>
        <time>2026-08-21T18:12:00+00:00</time>
      </trkpt>
      <trkpt lat="44.11573" lon="3.1624">
        <ele>577</ele>
        <time>2026-08-21T18:12:03+00:00</time>
      </trkpt>
      <trkpt lat="44.1155" lon="3.16245">
        <ele>570</ele>
        <time>2026-08-21T18:12:06+00:00</time>
      </trkpt>
      <trkpt lat="44.1153" lon="3.16253">
        <ele>564</ele>
        <time>2026-08-21T18:12:09+00:00</time>
      </trkpt>
      <trkpt lat="44.11526" lon="3.16257">
        <ele>564</ele>
        <time>2026-08-21T18:12:12+00:00</time>
      </trkpt>
      <trkpt lat="44.11527" lon="3.16263">
        <ele>559</ele>
        <time>2026-08-21T18:12:15+00:00</time>
      </trkpt>
      <trkpt lat="44.11528" lon="3.16263">
        <ele>559</ele>
        <time>2026-08-21T18:12:18+00:00</time>
      </trkpt>
      <trkpt lat="44.11531" lon="3.16266">
        <ele>559</ele>
        <time>2026-08-21T18:12:21+00:00</time>
      </trkpt>
      <trkpt lat="44.1153" lon="3.1627">
        <ele>550</ele>
        <time>2026-08-21T18:12:24+00:00</time>
      </trkpt>
      <trkpt lat="44.11506" lon="3.16291">
        <ele>543</ele>
        <time>2026-08-21T18:12:27+00:00</time>
      </trkpt>
      <trkpt lat="44.11483" lon="3.16303">
        <ele>541</ele>
        <time>2026-08-21T18:12:30+00:00</time>
      </trkpt>
      <trkpt lat="44.1146" lon="3.16315">
        <ele>539</ele>
        <time>2026-08-21T18:12:33+00:00</time>
      </trkpt>
      <trkpt lat="44.11427" lon="3.16331">
        <ele>530</ele>
        <time>2026-08-21T18:12:36+00:00</time>
      </trkpt>
      <trkpt lat="44.11414" lon="3.16335">
        <ele>531</ele>
        <time>2026-08-21T18:12:39+00:00</time>
      </trkpt>
      <trkpt lat="44.11392" lon="3.16344">
        <ele>528</ele>
        <time>2026-08-21T18:12:42+00:00</time>
      </trkpt>
      <trkpt lat="44.11359" lon="3.16359">
        <ele>526</ele>
        <time>2026-08-21T18:12:45+00:00</time>
      </trkpt>
      <trkpt lat="44.11344" lon="3.16366">
        <ele>523</ele>
        <time>2026-08-21T18:12:48+00:00</time>
      </trkpt>
      <trkpt lat="44.11333" lon="3.16368">
        <ele>522</ele>
        <time>2026-08-21T18:12:51+00:00</time>
      </trkpt>
      <trkpt lat="44.11319" lon="3.16369">
        <ele>518</ele>
        <time>2026-08-21T18:12:54+00:00</time>
      </trkpt>
      <trkpt lat="44.11312" lon="3.16366">
        <ele>518</ele>
        <time>2026-08-21T18:12:57+00:00</time>
      </trkpt>
      <trkpt lat="44.11301" lon="3.16359">
        <ele>518</ele>
        <time>2026-08-21T18:13:00+00:00</time>
      </trkpt>
      <trkpt lat="44.11288" lon="3.16351">
        <ele>512</ele>
        <time>2026-08-21T18:13:03+00:00</time>
      </trkpt>
      <trkpt lat="44.11268" lon="3.16341">
        <ele>512</ele>
        <time>2026-08-21T18:13:06+00:00</time>
      </trkpt>
      <trkpt lat="44.11252" lon="3.16318">
        <ele>512</ele>
        <time>2026-08-21T18:13:09+00:00</time>
      </trkpt>
      <trkpt lat="44.11237" lon="3.16298">
        <ele>511</ele>
        <time>2026-08-21T18:13:12+00:00</time>
      </trkpt>
      <trkpt lat="44.11228" lon="3.16274">
        <ele>509</ele>
        <time>2026-08-21T18:13:15+00:00</time>
      </trkpt>
      <trkpt lat="44.11218" lon="3.16242">
        <ele>511</ele>
        <time>2026-08-21T18:13:18+00:00</time>
      </trkpt>
      <trkpt lat="44.11209" lon="3.16215">
        <ele>512</ele>
        <time>2026-08-21T18:13:21+00:00</time>
      </trkpt>
      <trkpt lat="44.11208" lon="3.1621">
        <ele>512</ele>
        <time>2026-08-21T18:13:24+00:00</time>
      </trkpt>
      <trkpt lat="44.11205" lon="3.16196">
        <ele>519</ele>
        <time>2026-08-21T18:13:27+00:00</time>
      </trkpt>
      <trkpt lat="44.11202" lon="3.16188">
        <ele>521</ele>
        <time>2026-08-21T18:13:30+00:00</time>
      </trkpt>
      <trkpt lat="44.11199" lon="3.1618">
        <ele>515</ele>
        <time>2026-08-21T18:13:33+00:00</time>
      </trkpt>
      <trkpt lat="44.112" lon="3.16171">
        <ele>515</ele>
        <time>2026-08-21T18:13:36+00:00</time>
      </trkpt>
      <trkpt lat="44.11202" lon="3.16162">
        <ele>521</ele>
        <time>2026-08-21T18:13:39+00:00</time>
      </trkpt>
      <trkpt lat="44.11207" lon="3.16142">
        <ele>517</ele>
        <time>2026-08-21T18:13:42+00:00</time>
      </trkpt>
      <trkpt lat="44.11214" lon="3.16126">
        <ele>518</ele>
        <time>2026-08-21T18:13:45+00:00</time>
      </trkpt>
      <trkpt lat="44.11222" lon="3.16117">
        <ele>517</ele>
        <time>2026-08-21T18:13:48+00:00</time>
      </trkpt>
      <trkpt lat="44.11237" lon="3.16102">
        <ele>518</ele>
        <time>2026-08-21T18:13:51+00:00</time>
      </trkpt>
      <trkpt lat="44.11263" lon="3.16072">
        <ele>519</ele>
        <time>2026-08-21T18:13:54+00:00</time>
      </trkpt>
      <trkpt lat="44.11275" lon="3.16059">
        <ele>517</ele>
        <time>2026-08-21T18:13:57+00:00</time>
      </trkpt>
      <trkpt lat="44.11283" lon="3.16053">
        <ele>519</ele>
        <time>2026-08-21T18:14:00+00:00</time>
      </trkpt>
      <trkpt lat="44.11296" lon="3.16051">
        <ele>520</ele>
        <time>2026-08-21T18:14:03+00:00</time>
      </trkpt>
      <trkpt lat="44.11306" lon="3.16051">
        <ele>518</ele>
        <time>2026-08-21T18:14:06+00:00</time>
      </trkpt>
      <trkpt lat="44.11313" lon="3.16046">
        <ele>516</ele>
        <time>2026-08-21T18:14:09+00:00</time>
      </trkpt>
      <trkpt lat="44.11319" lon="3.16041">
        <ele>516</ele>
        <time>2026-08-21T18:14:12+00:00</time>
      </trkpt>
      <trkpt lat="44.11331" lon="3.16028">
        <ele>517</ele>
        <time>2026-08-21T18:14:15+00:00</time>
      </trkpt>
      <trkpt lat="44.1134" lon="3.16016">
        <ele>514</ele>
        <time>2026-08-21T18:14:18+00:00</time>
      </trkpt>
      <trkpt lat="44.11348" lon="3.16005">
        <ele>516</ele>
        <time>2026-08-21T18:14:21+00:00</time>
      </trkpt>
      <trkpt lat="44.11356" lon="3.15996">
        <ele>515</ele>
        <time>2026-08-21T18:14:24+00:00</time>
      </trkpt>
      <trkpt lat="44.11366" lon="3.15989">
        <ele>516</ele>
        <time>2026-08-21T18:14:27+00:00</time>
      </trkpt>
      <trkpt lat="44.11373" lon="3.15987">
        <ele>520</ele>
        <time>2026-08-21T18:14:30+00:00</time>
      </trkpt>
      <trkpt lat="44.11376" lon="3.15983">
        <ele>520</ele>
        <time>2026-08-21T18:14:33+00:00</time>
      </trkpt>
      <trkpt lat="44.11377" lon="3.15973">
        <ele>519</ele>
        <time>2026-08-21T18:14:36+00:00</time>
      </trkpt>
      <trkpt lat="44.11376" lon="3.15963">
        <ele>516</ele>
        <time>2026-08-21T18:14:39+00:00</time>
      </trkpt>
      <trkpt lat="44.11378" lon="3.15934">
        <ele>516</ele>
        <time>2026-08-21T18:14:42+00:00</time>
      </trkpt>
      <trkpt lat="44.11381" lon="3.15911">
        <ele>527</ele>
        <time>2026-08-21T18:14:45+00:00</time>
      </trkpt>
      <trkpt lat="44.11384" lon="3.15896">
        <ele>521</ele>
        <time>2026-08-21T18:14:48+00:00</time>
      </trkpt>
      <trkpt lat="44.11388" lon="3.15888">
        <ele>518</ele>
        <time>2026-08-21T18:14:51+00:00</time>
      </trkpt>
      <trkpt lat="44.11398" lon="3.15879">
        <ele>518</ele>
        <time>2026-08-21T18:14:54+00:00</time>
      </trkpt>
      <trkpt lat="44.11412" lon="3.15868">
        <ele>521</ele>
        <time>2026-08-21T18:14:57+00:00</time>
      </trkpt>
      <trkpt lat="44.11418" lon="3.1586">
        <ele>517</ele>
        <time>2026-08-21T18:15:00+00:00</time>
      </trkpt>
      <trkpt lat="44.1143" lon="3.15835">
        <ele>521</ele>
        <time>2026-08-21T18:15:03+00:00</time>
      </trkpt>
      <trkpt lat="44.11446" lon="3.1581">
        <ele>522</ele>
        <time>2026-08-21T18:15:06+00:00</time>
      </trkpt>
      <trkpt lat="44.11454" lon="3.15799">
        <ele>524</ele>
        <time>2026-08-21T18:15:09+00:00</time>
      </trkpt>
      <trkpt lat="44.11455" lon="3.15791">
        <ele>524</ele>
        <time>2026-08-21T18:15:12+00:00</time>
      </trkpt>
      <trkpt lat="44.11454" lon="3.15784">
        <ele>525</ele>
        <time>2026-08-21T18:15:15+00:00</time>
      </trkpt>
      <trkpt lat="44.11451" lon="3.15775">
        <ele>529</ele>
        <time>2026-08-21T18:15:18+00:00</time>
      </trkpt>
      <trkpt lat="44.11446" lon="3.15771">
        <ele>528</ele>
        <time>2026-08-21T18:15:21+00:00</time>
      </trkpt>
      <trkpt lat="44.11431" lon="3.15772">
        <ele>526</ele>
        <time>2026-08-21T18:15:24+00:00</time>
      </trkpt>
      <trkpt lat="44.11421" lon="3.15773">
        <ele>526</ele>
        <time>2026-08-21T18:15:27+00:00</time>
      </trkpt>
      <trkpt lat="44.11402" lon="3.15774">
        <ele>526</ele>
        <time>2026-08-21T18:15:30+00:00</time>
      </trkpt>
      <trkpt lat="44.11381" lon="3.15775">
        <ele>525</ele>
        <time>2026-08-21T18:15:33+00:00</time>
      </trkpt>
      <trkpt lat="44.11353" lon="3.15772">
        <ele>525</ele>
        <time>2026-08-21T18:15:36+00:00</time>
      </trkpt>
      <trkpt lat="44.11332" lon="3.15772">
        <ele>527</ele>
        <time>2026-08-21T18:15:39+00:00</time>
      </trkpt>
      <trkpt lat="44.11319" lon="3.15774">
        <ele>527</ele>
        <time>2026-08-21T18:15:42+00:00</time>
      </trkpt>
      <trkpt lat="44.11302" lon="3.15778">
        <ele>527</ele>
        <time>2026-08-21T18:15:45+00:00</time>
      </trkpt>
      <trkpt lat="44.11279" lon="3.15788">
        <ele>527</ele>
        <time>2026-08-21T18:15:48+00:00</time>
      </trkpt>
      <trkpt lat="44.11254" lon="3.1579">
        <ele>528</ele>
        <time>2026-08-21T18:15:51+00:00</time>
      </trkpt>
      <trkpt lat="44.11232" lon="3.1579">
        <ele>529</ele>
        <time>2026-08-21T18:15:54+00:00</time>
      </trkpt>
      <trkpt lat="44.11219" lon="3.1579">
        <ele>534</ele>
        <time>2026-08-21T18:15:57+00:00</time>
      </trkpt>
      <trkpt lat="44.11207" lon="3.15793">
        <ele>531</ele>
        <time>2026-08-21T18:16:00+00:00</time>
      </trkpt>
      <trkpt lat="44.11188" lon="3.15802">
        <ele>534</ele>
        <time>2026-08-21T18:16:03+00:00</time>
      </trkpt>
      <trkpt lat="44.11173" lon="3.15811">
        <ele>532</ele>
        <time>2026-08-21T18:16:06+00:00</time>
      </trkpt>
      <trkpt lat="44.11153" lon="3.15817">
        <ele>532</ele>
        <time>2026-08-21T18:16:09+00:00</time>
      </trkpt>
      <trkpt lat="44.11122" lon="3.15819">
        <ele>530</ele>
        <time>2026-08-21T18:16:12+00:00</time>
      </trkpt>
      <trkpt lat="44.11111" lon="3.1582">
        <ele>531</ele>
        <time>2026-08-21T18:16:15+00:00</time>
      </trkpt>
      <trkpt lat="44.11106" lon="3.15818">
        <ele>529</ele>
        <time>2026-08-21T18:16:18+00:00</time>
      </trkpt>
      <trkpt lat="44.111" lon="3.15812">
        <ele>529</ele>
        <time>2026-08-21T18:16:21+00:00</time>
      </trkpt>
      <trkpt lat="44.11092" lon="3.15797">
        <ele>529</ele>
        <time>2026-08-21T18:16:24+00:00</time>
      </trkpt>
      <trkpt lat="44.11087" lon="3.15778">
        <ele>530</ele>
        <time>2026-08-21T18:16:27+00:00</time>
      </trkpt>
      <trkpt lat="44.11081" lon="3.15751">
        <ele>527</ele>
        <time>2026-08-21T18:16:30+00:00</time>
      </trkpt>
      <trkpt lat="44.11075" lon="3.15688">
        <ele>527</ele>
        <time>2026-08-21T18:16:33+00:00</time>
      </trkpt>
      <trkpt lat="44.11074" lon="3.15649">
        <ele>528</ele>
        <time>2026-08-21T18:16:36+00:00</time>
      </trkpt>
      <trkpt lat="44.11072" lon="3.15598">
        <ele>532</ele>
        <time>2026-08-21T18:16:39+00:00</time>
      </trkpt>
      <trkpt lat="44.11071" lon="3.15532">
        <ele>534</ele>
        <time>2026-08-21T18:16:42+00:00</time>
      </trkpt>
      <trkpt lat="44.11076" lon="3.15513">
        <ele>531</ele>
        <time>2026-08-21T18:16:45+00:00</time>
      </trkpt>
      <trkpt lat="44.11086" lon="3.15493">
        <ele>537</ele>
        <time>2026-08-21T18:16:48+00:00</time>
      </trkpt>
      <trkpt lat="44.11096" lon="3.15472">
        <ele>535</ele>
        <time>2026-08-21T18:16:51+00:00</time>
      </trkpt>
      <trkpt lat="44.11114" lon="3.15439">
        <ele>537</ele>
        <time>2026-08-21T18:16:54+00:00</time>
      </trkpt>
      <trkpt lat="44.11118" lon="3.15427">
        <ele>539</ele>
        <time>2026-08-21T18:16:57+00:00</time>
      </trkpt>
      <trkpt lat="44.11119" lon="3.15417">
        <ele>537</ele>
        <time>2026-08-21T18:17:00+00:00</time>
      </trkpt>
      <trkpt lat="44.11118" lon="3.15407">
        <ele>538</ele>
        <time>2026-08-21T18:17:03+00:00</time>
      </trkpt>
      <trkpt lat="44.11102" lon="3.15373">
        <ele>541</ele>
        <time>2026-08-21T18:17:06+00:00</time>
      </trkpt>
      <trkpt lat="44.11092" lon="3.15356">
        <ele>547</ele>
        <time>2026-08-21T18:17:09+00:00</time>
      </trkpt>
      <trkpt lat="44.11082" lon="3.15347">
        <ele>541</ele>
        <time>2026-08-21T18:17:12+00:00</time>
      </trkpt>
      <trkpt lat="44.11058" lon="3.15321">
        <ele>541</ele>
        <time>2026-08-21T18:17:15+00:00</time>
      </trkpt>
      <trkpt lat="44.11045" lon="3.15304">
        <ele>543</ele>
        <time>2026-08-21T18:17:18+00:00</time>
      </trkpt>
      <trkpt lat="44.11041" lon="3.15293">
        <ele>542</ele>
        <time>2026-08-21T18:17:21+00:00</time>
      </trkpt>
      <trkpt lat="44.11037" lon="3.15271">
        <ele>543</ele>
        <time>2026-08-21T18:17:24+00:00</time>
      </trkpt>
      <trkpt lat="44.11035" lon="3.15261">
        <ele>544</ele>
        <time>2026-08-21T18:17:27+00:00</time>
      </trkpt>
      <trkpt lat="44.11029" lon="3.1525">
        <ele>541</ele>
        <time>2026-08-21T18:17:30+00:00</time>
      </trkpt>
      <trkpt lat="44.11024" lon="3.15236">
        <ele>544</ele>
        <time>2026-08-21T18:17:33+00:00</time>
      </trkpt>
      <trkpt lat="44.11011" lon="3.15222">
        <ele>539</ele>
        <time>2026-08-21T18:17:36+00:00</time>
      </trkpt>
      <trkpt lat="44.10988" lon="3.15197">
        <ele>536</ele>
        <time>2026-08-21T18:17:39+00:00</time>
      </trkpt>
      <trkpt lat="44.10983" lon="3.15193">
        <ele>536</ele>
        <time>2026-08-21T18:17:42+00:00</time>
      </trkpt>
      <trkpt lat="44.10978" lon="3.15188">
        <ele>535</ele>
        <time>2026-08-21T18:17:45+00:00</time>
      </trkpt>
      <trkpt lat="44.10974" lon="3.15184">
        <ele>535</ele>
        <time>2026-08-21T18:17:48+00:00</time>
      </trkpt>
      <trkpt lat="44.10955" lon="3.1516">
        <ele>537</ele>
        <time>2026-08-21T18:17:51+00:00</time>
      </trkpt>
      <trkpt lat="44.10949" lon="3.15151">
        <ele>533</ele>
        <time>2026-08-21T18:17:54+00:00</time>
      </trkpt>
      <trkpt lat="44.10948" lon="3.15146">
        <ele>534</ele>
        <time>2026-08-21T18:17:57+00:00</time>
      </trkpt>
      <trkpt lat="44.10949" lon="3.15138">
        <ele>535</ele>
        <time>2026-08-21T18:18:00+00:00</time>
      </trkpt>
      <trkpt lat="44.1095" lon="3.15128">
        <ele>537</ele>
        <time>2026-08-21T18:18:03+00:00</time>
      </trkpt>
      <trkpt lat="44.1095" lon="3.15122">
        <ele>534</ele>
        <time>2026-08-21T18:18:06+00:00</time>
      </trkpt>
      <trkpt lat="44.10949" lon="3.15116">
        <ele>533</ele>
        <time>2026-08-21T18:18:09+00:00</time>
      </trkpt>
      <trkpt lat="44.1095" lon="3.15104">
        <ele>539</ele>
        <time>2026-08-21T18:18:12+00:00</time>
      </trkpt>
      <trkpt lat="44.10953" lon="3.15091">
        <ele>538</ele>
        <time>2026-08-21T18:18:15+00:00</time>
      </trkpt>
      <trkpt lat="44.10961" lon="3.15071">
        <ele>547</ele>
        <time>2026-08-21T18:18:18+00:00</time>
      </trkpt>
      <trkpt lat="44.10963" lon="3.15049">
        <ele>545</ele>
        <time>2026-08-21T18:18:21+00:00</time>
      </trkpt>
      <trkpt lat="44.10967" lon="3.15034">
        <ele>545</ele>
        <time>2026-08-21T18:18:24+00:00</time>
      </trkpt>
      <trkpt lat="44.10977" lon="3.15018">
        <ele>549</ele>
        <time>2026-08-21T18:18:27+00:00</time>
      </trkpt>
      <trkpt lat="44.10992" lon="3.15001">
        <ele>559</ele>
        <time>2026-08-21T18:18:30+00:00</time>
      </trkpt>
      <trkpt lat="44.11002" lon="3.14997">
        <ele>565</ele>
        <time>2026-08-21T18:18:33+00:00</time>
      </trkpt>
      <trkpt lat="44.1101" lon="3.14998">
        <ele>570</ele>
        <time>2026-08-21T18:18:36+00:00</time>
      </trkpt>
      <trkpt lat="44.11013" lon="3.15006">
        <ele>569</ele>
        <time>2026-08-21T18:18:39+00:00</time>
      </trkpt>
      <trkpt lat="44.11015" lon="3.15009">
        <ele>569</ele>
        <time>2026-08-21T18:18:42+00:00</time>
      </trkpt>
      <trkpt lat="44.11019" lon="3.15004">
        <ele>569</ele>
        <time>2026-08-21T18:18:45+00:00</time>
      </trkpt>
      <trkpt lat="44.11027" lon="3.15003">
        <ele>579</ele>
        <time>2026-08-21T18:18:48+00:00</time>
      </trkpt>
      <trkpt lat="44.1103" lon="3.15">
        <ele>585</ele>
        <time>2026-08-21T18:18:51+00:00</time>
      </trkpt>
      <trkpt lat="44.11035" lon="3.14998">
        <ele>586</ele>
        <time>2026-08-21T18:18:54+00:00</time>
      </trkpt>
      <trkpt lat="44.11041" lon="3.14996">
        <ele>591</ele>
        <time>2026-08-21T18:18:57+00:00</time>
      </trkpt>
      <trkpt lat="44.11046" lon="3.15">
        <ele>590</ele>
        <time>2026-08-21T18:19:00+00:00</time>
      </trkpt>
      <trkpt lat="44.11049" lon="3.1501">
        <ele>590</ele>
        <time>2026-08-21T18:19:03+00:00</time>
      </trkpt>
      <trkpt lat="44.11053" lon="3.15017">
        <ele>595</ele>
        <time>2026-08-21T18:19:06+00:00</time>
      </trkpt>
      <trkpt lat="44.11056" lon="3.15016">
        <ele>595</ele>
        <time>2026-08-21T18:19:09+00:00</time>
      </trkpt>
      <trkpt lat="44.11059" lon="3.1501">
        <ele>595</ele>
        <time>2026-08-21T18:19:12+00:00</time>
      </trkpt>
      <trkpt lat="44.11063" lon="3.15011">
        <ele>601</ele>
        <time>2026-08-21T18:19:15+00:00</time>
      </trkpt>
      <trkpt lat="44.11069" lon="3.15014">
        <ele>601</ele>
        <time>2026-08-21T18:19:18+00:00</time>
      </trkpt>
      <trkpt lat="44.11072" lon="3.15017">
        <ele>606</ele>
        <time>2026-08-21T18:19:21+00:00</time>
      </trkpt>
      <trkpt lat="44.11076" lon="3.1502">
        <ele>607</ele>
        <time>2026-08-21T18:19:24+00:00</time>
      </trkpt>
      <trkpt lat="44.11082" lon="3.15021">
        <ele>618</ele>
        <time>2026-08-21T18:19:27+00:00</time>
      </trkpt>
      <trkpt lat="44.11086" lon="3.15016">
        <ele>618</ele>
        <time>2026-08-21T18:19:30+00:00</time>
      </trkpt>
      <trkpt lat="44.11092" lon="3.14997">
        <ele>624</ele>
        <time>2026-08-21T18:19:33+00:00</time>
      </trkpt>
      <trkpt lat="44.111" lon="3.14961">
        <ele>631</ele>
        <time>2026-08-21T18:19:36+00:00</time>
      </trkpt>
      <trkpt lat="44.11103" lon="3.14947">
        <ele>632</ele>
        <time>2026-08-21T18:19:39+00:00</time>
      </trkpt>
      <trkpt lat="44.11104" lon="3.14937">
        <ele>633</ele>
        <time>2026-08-21T18:19:42+00:00</time>
      </trkpt>
      <trkpt lat="44.11105" lon="3.14933">
        <ele>633</ele>
        <time>2026-08-21T18:19:45+00:00</time>
      </trkpt>
      <trkpt lat="44.11108" lon="3.1493">
        <ele>635</ele>
        <time>2026-08-21T18:19:48+00:00</time>
      </trkpt>
      <trkpt lat="44.11111" lon="3.14925">
        <ele>641</ele>
        <time>2026-08-21T18:19:51+00:00</time>
      </trkpt>
      <trkpt lat="44.11111" lon="3.14921">
        <ele>641</ele>
        <time>2026-08-21T18:19:54+00:00</time>
      </trkpt>
      <trkpt lat="44.11112" lon="3.14917">
        <ele>641</ele>
        <time>2026-08-21T18:19:57+00:00</time>
      </trkpt>
      <trkpt lat="44.11116" lon="3.14912">
        <ele>641</ele>
        <time>2026-08-21T18:20:00+00:00</time>
      </trkpt>
      <trkpt lat="44.11118" lon="3.14906">
        <ele>642</ele>
        <time>2026-08-21T18:20:03+00:00</time>
      </trkpt>
      <trkpt lat="44.11121" lon="3.14899">
        <ele>648</ele>
        <time>2026-08-21T18:20:06+00:00</time>
      </trkpt>
      <trkpt lat="44.11122" lon="3.14897">
        <ele>648</ele>
        <time>2026-08-21T18:20:09+00:00</time>
      </trkpt>
      <trkpt lat="44.1113" lon="3.14896">
        <ele>648</ele>
        <time>2026-08-21T18:20:12+00:00</time>
      </trkpt>
      <trkpt lat="44.11135" lon="3.14898">
        <ele>654</ele>
        <time>2026-08-21T18:20:15+00:00</time>
      </trkpt>
      <trkpt lat="44.11141" lon="3.14897">
        <ele>664</ele>
        <time>2026-08-21T18:20:18+00:00</time>
      </trkpt>
      <trkpt lat="44.11144" lon="3.1489">
        <ele>664</ele>
        <time>2026-08-21T18:20:21+00:00</time>
      </trkpt>
      <trkpt lat="44.11145" lon="3.14882">
        <ele>664</ele>
        <time>2026-08-21T18:20:24+00:00</time>
      </trkpt>
      <trkpt lat="44.11147" lon="3.14875">
        <ele>665</ele>
        <time>2026-08-21T18:20:27+00:00</time>
      </trkpt>
      <trkpt lat="44.11148" lon="3.14863">
        <ele>668</ele>
        <time>2026-08-21T18:20:30+00:00</time>
      </trkpt>
      <trkpt lat="44.11147" lon="3.1485">
        <ele>673</ele>
        <time>2026-08-21T18:20:33+00:00</time>
      </trkpt>
      <trkpt lat="44.11146" lon="3.14843">
        <ele>673</ele>
        <time>2026-08-21T18:20:36+00:00</time>
      </trkpt>
      <trkpt lat="44.11146" lon="3.14837">
        <ele>675</ele>
        <time>2026-08-21T18:20:39+00:00</time>
      </trkpt>
      <trkpt lat="44.1115" lon="3.14825">
        <ele>678</ele>
        <time>2026-08-21T18:20:42+00:00</time>
      </trkpt>
      <trkpt lat="44.11152" lon="3.1482">
        <ele>684</ele>
        <time>2026-08-21T18:20:45+00:00</time>
      </trkpt>
      <trkpt lat="44.11157" lon="3.14809">
        <ele>691</ele>
        <time>2026-08-21T18:20:48+00:00</time>
      </trkpt>
      <trkpt lat="44.11164" lon="3.14802">
        <ele>695</ele>
        <time>2026-08-21T18:20:51+00:00</time>
      </trkpt>
      <trkpt lat="44.11166" lon="3.14796">
        <ele>698</ele>
        <time>2026-08-21T18:20:54+00:00</time>
      </trkpt>
      <trkpt lat="44.11167" lon="3.14791">
        <ele>698</ele>
        <time>2026-08-21T18:20:57+00:00</time>
      </trkpt>
      <trkpt lat="44.11167" lon="3.14782">
        <ele>702</ele>
        <time>2026-08-21T18:21:00+00:00</time>
      </trkpt>
      <trkpt lat="44.11162" lon="3.14777">
        <ele>707</ele>
        <time>2026-08-21T18:21:03+00:00</time>
      </trkpt>
      <trkpt lat="44.11156" lon="3.1477">
        <ele>696</ele>
        <time>2026-08-21T18:21:06+00:00</time>
      </trkpt>
      <trkpt lat="44.1115" lon="3.14769">
        <ele>708</ele>
        <time>2026-08-21T18:21:09+00:00</time>
      </trkpt>
      <trkpt lat="44.11143" lon="3.14762">
        <ele>703</ele>
        <time>2026-08-21T18:21:12+00:00</time>
      </trkpt>
      <trkpt lat="44.1114" lon="3.14758">
        <ele>707</ele>
        <time>2026-08-21T18:21:15+00:00</time>
      </trkpt>
      <trkpt lat="44.11135" lon="3.14752">
        <ele>695</ele>
        <time>2026-08-21T18:21:18+00:00</time>
      </trkpt>
      <trkpt lat="44.11132" lon="3.14742">
        <ele>701</ele>
        <time>2026-08-21T18:21:21+00:00</time>
      </trkpt>
      <trkpt lat="44.11129" lon="3.14738">
        <ele>698</ele>
        <time>2026-08-21T18:21:24+00:00</time>
      </trkpt>
      <trkpt lat="44.11124" lon="3.14733">
        <ele>698</ele>
        <time>2026-08-21T18:21:27+00:00</time>
      </trkpt>
      <trkpt lat="44.1112" lon="3.14728">
        <ele>695</ele>
        <time>2026-08-21T18:21:30+00:00</time>
      </trkpt>
      <trkpt lat="44.11118" lon="3.14723">
        <ele>694</ele>
        <time>2026-08-21T18:21:33+00:00</time>
      </trkpt>
      <trkpt lat="44.11118" lon="3.14717">
        <ele>696</ele>
        <time>2026-08-21T18:21:36+00:00</time>
      </trkpt>
      <trkpt lat="44.11118" lon="3.14708">
        <ele>696</ele>
        <time>2026-08-21T18:21:39+00:00</time>
      </trkpt>
      <trkpt lat="44.11116" lon="3.147">
        <ele>694</ele>
        <time>2026-08-21T18:21:42+00:00</time>
      </trkpt>
      <trkpt lat="44.11116" lon="3.14691">
        <ele>697</ele>
        <time>2026-08-21T18:21:45+00:00</time>
      </trkpt>
      <trkpt lat="44.11118" lon="3.14685">
        <ele>697</ele>
        <time>2026-08-21T18:21:48+00:00</time>
      </trkpt>
      <trkpt lat="44.11119" lon="3.14679">
        <ele>696</ele>
        <time>2026-08-21T18:21:51+00:00</time>
      </trkpt>
      <trkpt lat="44.1112" lon="3.14675">
        <ele>696</ele>
        <time>2026-08-21T18:21:54+00:00</time>
      </trkpt>
      <trkpt lat="44.11114" lon="3.14669">
        <ele>694</ele>
        <time>2026-08-21T18:21:57+00:00</time>
      </trkpt>
      <trkpt lat="44.11114" lon="3.14665">
        <ele>694</ele>
        <time>2026-08-21T18:22:00+00:00</time>
      </trkpt>
      <trkpt lat="44.11115" lon="3.14662">
        <ele>694</ele>
        <time>2026-08-21T18:22:03+00:00</time>
      </trkpt>
      <trkpt lat="44.11122" lon="3.14658">
        <ele>693</ele>
        <time>2026-08-21T18:22:06+00:00</time>
      </trkpt>
      <trkpt lat="44.11127" lon="3.14656">
        <ele>693</ele>
        <time>2026-08-21T18:22:09+00:00</time>
      </trkpt>
      <trkpt lat="44.11132" lon="3.1465">
        <ele>694</ele>
        <time>2026-08-21T18:22:12+00:00</time>
      </trkpt>
      <trkpt lat="44.1114" lon="3.14648">
        <ele>692</ele>
        <time>2026-08-21T18:22:15+00:00</time>
      </trkpt>
      <trkpt lat="44.11153" lon="3.14645">
        <ele>694</ele>
        <time>2026-08-21T18:22:18+00:00</time>
      </trkpt>
      <trkpt lat="44.11173" lon="3.14641">
        <ele>697</ele>
        <time>2026-08-21T18:22:21+00:00</time>
      </trkpt>
      <trkpt lat="44.11182" lon="3.14644">
        <ele>698</ele>
        <time>2026-08-21T18:22:24+00:00</time>
      </trkpt>
      <trkpt lat="44.11187" lon="3.14651">
        <ele>703</ele>
        <time>2026-08-21T18:22:27+00:00</time>
      </trkpt>
      <trkpt lat="44.11191" lon="3.14658">
        <ele>703</ele>
        <time>2026-08-21T18:22:30+00:00</time>
      </trkpt>
      <trkpt lat="44.11209" lon="3.14658">
        <ele>702</ele>
        <time>2026-08-21T18:22:33+00:00</time>
      </trkpt>
      <trkpt lat="44.11235" lon="3.14659">
        <ele>704</ele>
        <time>2026-08-21T18:22:36+00:00</time>
      </trkpt>
      <trkpt lat="44.11246" lon="3.14659">
        <ele>705</ele>
        <time>2026-08-21T18:22:39+00:00</time>
      </trkpt>
      <trkpt lat="44.11257" lon="3.14656">
        <ele>707</ele>
        <time>2026-08-21T18:22:42+00:00</time>
      </trkpt>
      <trkpt lat="44.11263" lon="3.14656">
        <ele>708</ele>
        <time>2026-08-21T18:22:45+00:00</time>
      </trkpt>
      <trkpt lat="44.11272" lon="3.14659">
        <ele>709</ele>
        <time>2026-08-21T18:22:48+00:00</time>
      </trkpt>
      <trkpt lat="44.11282" lon="3.14663">
        <ele>716</ele>
        <time>2026-08-21T18:22:51+00:00</time>
      </trkpt>
      <trkpt lat="44.11291" lon="3.14665">
        <ele>718</ele>
        <time>2026-08-21T18:22:54+00:00</time>
      </trkpt>
      <trkpt lat="44.113" lon="3.14666">
        <ele>718</ele>
        <time>2026-08-21T18:22:57+00:00</time>
      </trkpt>
      <trkpt lat="44.11306" lon="3.14663">
        <ele>718</ele>
        <time>2026-08-21T18:23:00+00:00</time>
      </trkpt>
      <trkpt lat="44.11309" lon="3.1466">
        <ele>711</ele>
        <time>2026-08-21T18:23:03+00:00</time>
      </trkpt>
      <trkpt lat="44.11312" lon="3.14655">
        <ele>712</ele>
        <time>2026-08-21T18:23:06+00:00</time>
      </trkpt>
      <trkpt lat="44.11314" lon="3.14648">
        <ele>709</ele>
        <time>2026-08-21T18:23:09+00:00</time>
      </trkpt>
      <trkpt lat="44.11317" lon="3.14643">
        <ele>709</ele>
        <time>2026-08-21T18:23:12+00:00</time>
      </trkpt>
      <trkpt lat="44.11333" lon="3.14635">
        <ele>718</ele>
        <time>2026-08-21T18:23:15+00:00</time>
      </trkpt>
      <trkpt lat="44.11336" lon="3.14633">
        <ele>718</ele>
        <time>2026-08-21T18:23:18+00:00</time>
      </trkpt>
      <trkpt lat="44.1135" lon="3.14629">
        <ele>711</ele>
        <time>2026-08-21T18:23:21+00:00</time>
      </trkpt>
      <trkpt lat="44.11358" lon="3.14628">
        <ele>716</ele>
        <time>2026-08-21T18:23:24+00:00</time>
      </trkpt>
      <trkpt lat="44.11367" lon="3.14628">
        <ele>716</ele>
        <time>2026-08-21T18:23:27+00:00</time>
      </trkpt>
      <trkpt lat="44.11371" lon="3.14624">
        <ele>717</ele>
        <time>2026-08-21T18:23:30+00:00</time>
      </trkpt>
      <trkpt lat="44.11374" lon="3.14618">
        <ele>709</ele>
        <time>2026-08-21T18:23:33+00:00</time>
      </trkpt>
      <trkpt lat="44.11385" lon="3.14611">
        <ele>714</ele>
        <time>2026-08-21T18:23:36+00:00</time>
      </trkpt>
      <trkpt lat="44.11389" lon="3.14606">
        <ele>712</ele>
        <time>2026-08-21T18:23:39+00:00</time>
      </trkpt>
      <trkpt lat="44.11392" lon="3.14593">
        <ele>715</ele>
        <time>2026-08-21T18:23:42+00:00</time>
      </trkpt>
      <trkpt lat="44.11399" lon="3.14579">
        <ele>715</ele>
        <time>2026-08-21T18:23:45+00:00</time>
      </trkpt>
      <trkpt lat="44.11405" lon="3.14574">
        <ele>714</ele>
        <time>2026-08-21T18:23:48+00:00</time>
      </trkpt>
      <trkpt lat="44.11409" lon="3.14572">
        <ele>714</ele>
        <time>2026-08-21T18:23:51+00:00</time>
      </trkpt>
      <trkpt lat="44.11413" lon="3.14572">
        <ele>716</ele>
        <time>2026-08-21T18:23:54+00:00</time>
      </trkpt>
      <trkpt lat="44.11426" lon="3.14574">
        <ele>711</ele>
        <time>2026-08-21T18:23:57+00:00</time>
      </trkpt>
      <trkpt lat="44.11434" lon="3.14573">
        <ele>717</ele>
        <time>2026-08-21T18:24:00+00:00</time>
      </trkpt>
      <trkpt lat="44.11442" lon="3.14569">
        <ele>708</ele>
        <time>2026-08-21T18:24:03+00:00</time>
      </trkpt>
      <trkpt lat="44.11449" lon="3.14569">
        <ele>710</ele>
        <time>2026-08-21T18:24:06+00:00</time>
      </trkpt>
      <trkpt lat="44.11458" lon="3.14569">
        <ele>709</ele>
        <time>2026-08-21T18:24:09+00:00</time>
      </trkpt>
      <trkpt lat="44.11468" lon="3.14563">
        <ele>710</ele>
        <time>2026-08-21T18:24:12+00:00</time>
      </trkpt>
      <trkpt lat="44.11481" lon="3.14559">
        <ele>709</ele>
        <time>2026-08-21T18:24:15+00:00</time>
      </trkpt>
      <trkpt lat="44.11502" lon="3.14548">
        <ele>711</ele>
        <time>2026-08-21T18:24:18+00:00</time>
      </trkpt>
      <trkpt lat="44.11514" lon="3.14544">
        <ele>717</ele>
        <time>2026-08-21T18:24:21+00:00</time>
      </trkpt>
      <trkpt lat="44.11518" lon="3.14539">
        <ele>712</ele>
        <time>2026-08-21T18:24:24+00:00</time>
      </trkpt>
      <trkpt lat="44.1152" lon="3.14533">
        <ele>710</ele>
        <time>2026-08-21T18:24:27+00:00</time>
      </trkpt>
      <trkpt lat="44.11521" lon="3.14524">
        <ele>714</ele>
        <time>2026-08-21T18:24:30+00:00</time>
      </trkpt>
      <trkpt lat="44.11523" lon="3.14517">
        <ele>711</ele>
        <time>2026-08-21T18:24:33+00:00</time>
      </trkpt>
      <trkpt lat="44.11533" lon="3.14502">
        <ele>710</ele>
        <time>2026-08-21T18:24:36+00:00</time>
      </trkpt>
      <trkpt lat="44.1154" lon="3.14487">
        <ele>705</ele>
        <time>2026-08-21T18:24:39+00:00</time>
      </trkpt>
      <trkpt lat="44.11551" lon="3.14474">
        <ele>711</ele>
        <time>2026-08-21T18:24:42+00:00</time>
      </trkpt>
      <trkpt lat="44.11558" lon="3.14467">
        <ele>710</ele>
        <time>2026-08-21T18:24:45+00:00</time>
      </trkpt>
      <trkpt lat="44.11566" lon="3.14465">
        <ele>713</ele>
        <time>2026-08-21T18:24:48+00:00</time>
      </trkpt>
      <trkpt lat="44.1159" lon="3.14468">
        <ele>712</ele>
        <time>2026-08-21T18:24:51+00:00</time>
      </trkpt>
      <trkpt lat="44.11619" lon="3.14472">
        <ele>714</ele>
        <time>2026-08-21T18:24:54+00:00</time>
      </trkpt>
      <trkpt lat="44.11624" lon="3.14471">
        <ele>713</ele>
        <time>2026-08-21T18:24:57+00:00</time>
      </trkpt>
      <trkpt lat="44.1163" lon="3.14474">
        <ele>713</ele>
        <time>2026-08-21T18:25:00+00:00</time>
      </trkpt>
      <trkpt lat="44.11637" lon="3.14481">
        <ele>715</ele>
        <time>2026-08-21T18:25:03+00:00</time>
      </trkpt>
      <trkpt lat="44.11644" lon="3.14482">
        <ele>715</ele>
        <time>2026-08-21T18:25:06+00:00</time>
      </trkpt>
      <trkpt lat="44.1165" lon="3.14479">
        <ele>712</ele>
        <time>2026-08-21T18:25:09+00:00</time>
      </trkpt>
      <trkpt lat="44.11658" lon="3.14475">
        <ele>716</ele>
        <time>2026-08-21T18:25:12+00:00</time>
      </trkpt>
      <trkpt lat="44.11664" lon="3.14467">
        <ele>720</ele>
        <time>2026-08-21T18:25:15+00:00</time>
      </trkpt>
      <trkpt lat="44.11679" lon="3.14441">
        <ele>717</ele>
        <time>2026-08-21T18:25:18+00:00</time>
      </trkpt>
      <trkpt lat="44.11692" lon="3.14414">
        <ele>729</ele>
        <time>2026-08-21T18:25:21+00:00</time>
      </trkpt>
      <trkpt lat="44.117" lon="3.14401">
        <ele>732</ele>
        <time>2026-08-21T18:25:24+00:00</time>
      </trkpt>
      <trkpt lat="44.1171" lon="3.14394">
        <ele>729</ele>
        <time>2026-08-21T18:25:27+00:00</time>
      </trkpt>
      <trkpt lat="44.11714" lon="3.14391">
        <ele>731</ele>
        <time>2026-08-21T18:25:30+00:00</time>
      </trkpt>
      <trkpt lat="44.1172" lon="3.14393">
        <ele>728</ele>
        <time>2026-08-21T18:25:33+00:00</time>
      </trkpt>
      <trkpt lat="44.11727" lon="3.14399">
        <ele>728</ele>
        <time>2026-08-21T18:25:36+00:00</time>
      </trkpt>
      <trkpt lat="44.11741" lon="3.14411">
        <ele>728</ele>
        <time>2026-08-21T18:25:39+00:00</time>
      </trkpt>
      <trkpt lat="44.11754" lon="3.14417">
        <ele>728</ele>
        <time>2026-08-21T18:25:42+00:00</time>
      </trkpt>
      <trkpt lat="44.11759" lon="3.14418">
        <ele>728</ele>
        <time>2026-08-21T18:25:45+00:00</time>
      </trkpt>
      <trkpt lat="44.11768" lon="3.14436">
        <ele>728</ele>
        <time>2026-08-21T18:25:48+00:00</time>
      </trkpt>
      <trkpt lat="44.11781" lon="3.14445">
        <ele>726</ele>
        <time>2026-08-21T18:25:51+00:00</time>
      </trkpt>
      <trkpt lat="44.11788" lon="3.14446">
        <ele>726</ele>
        <time>2026-08-21T18:25:54+00:00</time>
      </trkpt>
      <trkpt lat="44.11792" lon="3.14443">
        <ele>725</ele>
        <time>2026-08-21T18:25:57+00:00</time>
      </trkpt>
      <trkpt lat="44.11794" lon="3.14438">
        <ele>722</ele>
        <time>2026-08-21T18:26:00+00:00</time>
      </trkpt>
      <trkpt lat="44.11794" lon="3.14432">
        <ele>722</ele>
        <time>2026-08-21T18:26:03+00:00</time>
      </trkpt>
      <trkpt lat="44.11796" lon="3.14423">
        <ele>724</ele>
        <time>2026-08-21T18:26:06+00:00</time>
      </trkpt>
      <trkpt lat="44.11798" lon="3.14416">
        <ele>716</ele>
        <time>2026-08-21T18:26:09+00:00</time>
      </trkpt>
      <trkpt lat="44.11801" lon="3.14412">
        <ele>719</ele>
        <time>2026-08-21T18:26:12+00:00</time>
      </trkpt>
      <trkpt lat="44.11806" lon="3.14407">
        <ele>715</ele>
        <time>2026-08-21T18:26:15+00:00</time>
      </trkpt>
      <trkpt lat="44.11817" lon="3.1439">
        <ele>722</ele>
        <time>2026-08-21T18:26:18+00:00</time>
      </trkpt>
      <trkpt lat="44.11822" lon="3.14385">
        <ele>719</ele>
        <time>2026-08-21T18:26:21+00:00</time>
      </trkpt>
      <trkpt lat="44.11825" lon="3.14381">
        <ele>719</ele>
        <time>2026-08-21T18:26:24+00:00</time>
      </trkpt>
      <trkpt lat="44.11828" lon="3.14377">
        <ele>715</ele>
        <time>2026-08-21T18:26:27+00:00</time>
      </trkpt>
      <trkpt lat="44.11834" lon="3.14368">
        <ele>720</ele>
        <time>2026-08-21T18:26:30+00:00</time>
      </trkpt>
      <trkpt lat="44.11838" lon="3.14364">
        <ele>716</ele>
        <time>2026-08-21T18:26:33+00:00</time>
      </trkpt>
      <trkpt lat="44.1184" lon="3.14363">
        <ele>716</ele>
        <time>2026-08-21T18:26:36+00:00</time>
      </trkpt>
      <trkpt lat="44.11847" lon="3.14356">
        <ele>718</ele>
        <time>2026-08-21T18:26:39+00:00</time>
      </trkpt>
      <trkpt lat="44.11856" lon="3.1435">
        <ele>723</ele>
        <time>2026-08-21T18:26:42+00:00</time>
      </trkpt>
      <trkpt lat="44.11863" lon="3.14349">
        <ele>722</ele>
        <time>2026-08-21T18:26:45+00:00</time>
      </trkpt>
      <trkpt lat="44.11869" lon="3.14349">
        <ele>722</ele>
        <time>2026-08-21T18:26:48+00:00</time>
      </trkpt>
      <trkpt lat="44.11875" lon="3.14351">
        <ele>721</ele>
        <time>2026-08-21T18:26:51+00:00</time>
      </trkpt>
      <trkpt lat="44.11878" lon="3.14353">
        <ele>727</ele>
        <time>2026-08-21T18:26:54+00:00</time>
      </trkpt>
      <trkpt lat="44.11881" lon="3.14357">
        <ele>723</ele>
        <time>2026-08-21T18:26:57+00:00</time>
      </trkpt>
      <trkpt lat="44.11886" lon="3.14363">
        <ele>724</ele>
        <time>2026-08-21T18:27:00+00:00</time>
      </trkpt>
      <trkpt lat="44.1189" lon="3.14367">
        <ele>720</ele>
        <time>2026-08-21T18:27:03+00:00</time>
      </trkpt>
      <trkpt lat="44.11894" lon="3.14369">
        <ele>722</ele>
        <time>2026-08-21T18:27:06+00:00</time>
      </trkpt>
      <trkpt lat="44.11898" lon="3.1437">
        <ele>724</ele>
        <time>2026-08-21T18:27:09+00:00</time>
      </trkpt>
      <trkpt lat="44.11902" lon="3.1437">
        <ele>726</ele>
        <time>2026-08-21T18:27:12+00:00</time>
      </trkpt>
      <trkpt lat="44.11907" lon="3.14367">
        <ele>721</ele>
        <time>2026-08-21T18:27:15+00:00</time>
      </trkpt>
      <trkpt lat="44.11914" lon="3.14363">
        <ele>723</ele>
        <time>2026-08-21T18:27:18+00:00</time>
      </trkpt>
      <trkpt lat="44.11921" lon="3.14362">
        <ele>725</ele>
        <time>2026-08-21T18:27:21+00:00</time>
      </trkpt>
      <trkpt lat="44.11928" lon="3.14359">
        <ele>718</ele>
        <time>2026-08-21T18:27:24+00:00</time>
      </trkpt>
      <trkpt lat="44.11936" lon="3.14358">
        <ele>723</ele>
        <time>2026-08-21T18:27:27+00:00</time>
      </trkpt>
      <trkpt lat="44.11942" lon="3.1436">
        <ele>729</ele>
        <time>2026-08-21T18:27:30+00:00</time>
      </trkpt>
      <trkpt lat="44.11947" lon="3.14361">
        <ele>729</ele>
        <time>2026-08-21T18:27:33+00:00</time>
      </trkpt>
      <trkpt lat="44.11953" lon="3.14359">
        <ele>724</ele>
        <time>2026-08-21T18:27:36+00:00</time>
      </trkpt>
      <trkpt lat="44.11962" lon="3.14358">
        <ele>724</ele>
        <time>2026-08-21T18:27:39+00:00</time>
      </trkpt>
      <trkpt lat="44.11972" lon="3.14358">
        <ele>724</ele>
        <time>2026-08-21T18:27:42+00:00</time>
      </trkpt>
      <trkpt lat="44.11979" lon="3.14358">
        <ele>724</ele>
        <time>2026-08-21T18:27:45+00:00</time>
      </trkpt>
      <trkpt lat="44.11989" lon="3.14356">
        <ele>724</ele>
        <time>2026-08-21T18:27:48+00:00</time>
      </trkpt>
      <trkpt lat="44.11999" lon="3.14357">
        <ele>725</ele>
        <time>2026-08-21T18:27:51+00:00</time>
      </trkpt>
      <trkpt lat="44.12009" lon="3.14359">
        <ele>724</ele>
        <time>2026-08-21T18:27:54+00:00</time>
      </trkpt>
      <trkpt lat="44.12019" lon="3.1436">
        <ele>722</ele>
        <time>2026-08-21T18:27:57+00:00</time>
      </trkpt>
      <trkpt lat="44.12027" lon="3.14358">
        <ele>721</ele>
        <time>2026-08-21T18:28:00+00:00</time>
      </trkpt>
      <trkpt lat="44.12035" lon="3.14357">
        <ele>725</ele>
        <time>2026-08-21T18:28:03+00:00</time>
      </trkpt>
      <trkpt lat="44.12048" lon="3.14357">
        <ele>724</ele>
        <time>2026-08-21T18:28:06+00:00</time>
      </trkpt>
      <trkpt lat="44.12055" lon="3.14355">
        <ele>727</ele>
        <time>2026-08-21T18:28:09+00:00</time>
      </trkpt>
      <trkpt lat="44.12067" lon="3.14344">
        <ele>729</ele>
        <time>2026-08-21T18:28:12+00:00</time>
      </trkpt>
      <trkpt lat="44.12083" lon="3.14328">
        <ele>733</ele>
        <time>2026-08-21T18:28:15+00:00</time>
      </trkpt>
      <trkpt lat="44.12086" lon="3.14319">
        <ele>732</ele>
        <time>2026-08-21T18:28:18+00:00</time>
      </trkpt>
      <trkpt lat="44.12091" lon="3.14301">
        <ele>738</ele>
        <time>2026-08-21T18:28:21+00:00</time>
      </trkpt>
      <trkpt lat="44.12095" lon="3.1429">
        <ele>735</ele>
        <time>2026-08-21T18:28:24+00:00</time>
      </trkpt>
      <trkpt lat="44.12102" lon="3.14285">
        <ele>739</ele>
        <time>2026-08-21T18:28:27+00:00</time>
      </trkpt>
      <trkpt lat="44.12108" lon="3.14284">
        <ele>739</ele>
        <time>2026-08-21T18:28:30+00:00</time>
      </trkpt>
      <trkpt lat="44.12116" lon="3.14286">
        <ele>740</ele>
        <time>2026-08-21T18:28:33+00:00</time>
      </trkpt>
      <trkpt lat="44.12125" lon="3.1429">
        <ele>743</ele>
        <time>2026-08-21T18:28:36+00:00</time>
      </trkpt>
      <trkpt lat="44.12138" lon="3.14301">
        <ele>746</ele>
        <time>2026-08-21T18:28:39+00:00</time>
      </trkpt>
      <trkpt lat="44.12145" lon="3.14304">
        <ele>746</ele>
        <time>2026-08-21T18:28:42+00:00</time>
      </trkpt>
      <trkpt lat="44.12161" lon="3.14305">
        <ele>747</ele>
        <time>2026-08-21T18:28:45+00:00</time>
      </trkpt>
      <trkpt lat="44.12183" lon="3.14308">
        <ele>752</ele>
        <time>2026-08-21T18:28:48+00:00</time>
      </trkpt>
      <trkpt lat="44.12196" lon="3.14313">
        <ele>758</ele>
        <time>2026-08-21T18:28:51+00:00</time>
      </trkpt>
      <trkpt lat="44.12203" lon="3.14312">
        <ele>760</ele>
        <time>2026-08-21T18:28:54+00:00</time>
      </trkpt>
      <trkpt lat="44.12211" lon="3.14308">
        <ele>759</ele>
        <time>2026-08-21T18:28:57+00:00</time>
      </trkpt>
      <trkpt lat="44.12214" lon="3.14307">
        <ele>759</ele>
        <time>2026-08-21T18:29:00+00:00</time>
      </trkpt>
      <trkpt lat="44.12217" lon="3.14308">
        <ele>759</ele>
        <time>2026-08-21T18:29:03+00:00</time>
      </trkpt>
      <trkpt lat="44.12218" lon="3.14312">
        <ele>762</ele>
        <time>2026-08-21T18:29:06+00:00</time>
      </trkpt>
      <trkpt lat="44.12219" lon="3.1432">
        <ele>764</ele>
        <time>2026-08-21T18:29:09+00:00</time>
      </trkpt>
      <trkpt lat="44.1222" lon="3.14327">
        <ele>766</ele>
        <time>2026-08-21T18:29:12+00:00</time>
      </trkpt>
      <trkpt lat="44.12223" lon="3.1433">
        <ele>772</ele>
        <time>2026-08-21T18:29:15+00:00</time>
      </trkpt>
      <trkpt lat="44.12226" lon="3.14331">
        <ele>772</ele>
        <time>2026-08-21T18:29:18+00:00</time>
      </trkpt>
      <trkpt lat="44.12229" lon="3.14325">
        <ele>766</ele>
        <time>2026-08-21T18:29:21+00:00</time>
      </trkpt>
      <trkpt lat="44.12233" lon="3.14315">
        <ele>767</ele>
        <time>2026-08-21T18:29:24+00:00</time>
      </trkpt>
      <trkpt lat="44.12235" lon="3.14311">
        <ele>767</ele>
        <time>2026-08-21T18:29:27+00:00</time>
      </trkpt>
      <trkpt lat="44.12239" lon="3.14312">
        <ele>767</ele>
        <time>2026-08-21T18:29:30+00:00</time>
      </trkpt>
      <trkpt lat="44.1224" lon="3.14318">
        <ele>768</ele>
        <time>2026-08-21T18:29:33+00:00</time>
      </trkpt>
      <trkpt lat="44.12242" lon="3.1433">
        <ele>771</ele>
        <time>2026-08-21T18:29:36+00:00</time>
      </trkpt>
      <trkpt lat="44.12247" lon="3.14344">
        <ele>778</ele>
        <time>2026-08-21T18:29:39+00:00</time>
      </trkpt>
      <trkpt lat="44.12251" lon="3.14351">
        <ele>779</ele>
        <time>2026-08-21T18:29:42+00:00</time>
      </trkpt>
      <trkpt lat="44.1225" lon="3.14361">
        <ele>781</ele>
        <time>2026-08-21T18:29:45+00:00</time>
      </trkpt>
      <trkpt lat="44.1225" lon="3.14376">
        <ele>782</ele>
        <time>2026-08-21T18:29:48+00:00</time>
      </trkpt>
      <trkpt lat="44.12255" lon="3.1439">
        <ele>786</ele>
        <time>2026-08-21T18:29:51+00:00</time>
      </trkpt>
      <trkpt lat="44.12262" lon="3.14412">
        <ele>789</ele>
        <time>2026-08-21T18:29:54+00:00</time>
      </trkpt>
      <trkpt lat="44.1227" lon="3.14429">
        <ele>790</ele>
        <time>2026-08-21T18:29:57+00:00</time>
      </trkpt>
      <trkpt lat="44.12275" lon="3.14439">
        <ele>791</ele>
        <time>2026-08-21T18:30:00+00:00</time>
      </trkpt>
      <trkpt lat="44.12278" lon="3.14452">
        <ele>794</ele>
        <time>2026-08-21T18:30:03+00:00</time>
      </trkpt>
      <trkpt lat="44.1228" lon="3.14466">
        <ele>795</ele>
        <time>2026-08-21T18:30:06+00:00</time>
      </trkpt>
      <trkpt lat="44.12284" lon="3.14487">
        <ele>796</ele>
        <time>2026-08-21T18:30:09+00:00</time>
      </trkpt>
      <trkpt lat="44.12288" lon="3.145">
        <ele>798</ele>
        <time>2026-08-21T18:30:12+00:00</time>
      </trkpt>
      <trkpt lat="44.12296" lon="3.14516">
        <ele>800</ele>
        <time>2026-08-21T18:30:15+00:00</time>
      </trkpt>
      <trkpt lat="44.12298" lon="3.14523">
        <ele>801</ele>
        <time>2026-08-21T18:30:18+00:00</time>
      </trkpt>
      <trkpt lat="44.123" lon="3.14531">
        <ele>803</ele>
        <time>2026-08-21T18:30:21+00:00</time>
      </trkpt>
      <trkpt lat="44.12303" lon="3.1454">
        <ele>803</ele>
        <time>2026-08-21T18:30:24+00:00</time>
      </trkpt>
      <trkpt lat="44.12311" lon="3.14553">
        <ele>807</ele>
        <time>2026-08-21T18:30:27+00:00</time>
      </trkpt>
      <trkpt lat="44.12318" lon="3.1456">
        <ele>807</ele>
        <time>2026-08-21T18:30:30+00:00</time>
      </trkpt>
      <trkpt lat="44.12325" lon="3.14564">
        <ele>809</ele>
        <time>2026-08-21T18:30:33+00:00</time>
      </trkpt>
      <trkpt lat="44.1233" lon="3.14564">
        <ele>809</ele>
        <time>2026-08-21T18:30:36+00:00</time>
      </trkpt>
      <trkpt lat="44.12329" lon="3.14572">
        <ele>812</ele>
        <time>2026-08-21T18:30:39+00:00</time>
      </trkpt>
      <trkpt lat="44.12329" lon="3.14577">
        <ele>812</ele>
        <time>2026-08-21T18:30:42+00:00</time>
      </trkpt>
      <trkpt lat="44.12333" lon="3.14586">
        <ele>814</ele>
        <time>2026-08-21T18:30:45+00:00</time>
      </trkpt>
      <trkpt lat="44.12339" lon="3.14597">
        <ele>815</ele>
        <time>2026-08-21T18:30:48+00:00</time>
      </trkpt>
      <trkpt lat="44.12358" lon="3.14622">
        <ele>813</ele>
        <time>2026-08-21T18:30:51+00:00</time>
      </trkpt>
      <trkpt lat="44.12366" lon="3.14637">
        <ele>816</ele>
        <time>2026-08-21T18:30:54+00:00</time>
      </trkpt>
      <trkpt lat="44.12362" lon="3.14638">
        <ele>816</ele>
        <time>2026-08-21T18:30:57+00:00</time>
      </trkpt>
      <trkpt lat="44.1236" lon="3.1464">
        <ele>815</ele>
        <time>2026-08-21T18:31:00+00:00</time>
      </trkpt>
      <trkpt lat="44.12358" lon="3.14644">
        <ele>815</ele>
        <time>2026-08-21T18:31:03+00:00</time>
      </trkpt>
      <trkpt lat="44.12358" lon="3.14644">
        <ele>815</ele>
        <time>2026-08-21T18:31:06+00:00</time>
      </trkpt>
      <trkpt lat="44.12358" lon="3.14644">
        <ele>815</ele>
        <time>2026-08-21T18:31:09+00:00</time>
      </trkpt>
      <trkpt lat="44.1236" lon="3.1464">
        <ele>815</ele>
        <time>2026-08-21T18:31:12+00:00</time>
      </trkpt>
      <trkpt lat="44.12362" lon="3.14638">
        <ele>816</ele>
        <time>2026-08-21T18:31:15+00:00</time>
      </trkpt>
      <trkpt lat="44.12366" lon="3.14637">
        <ele>816</ele>
        <time>2026-08-21T18:31:18+00:00</time>
      </trkpt>
      <trkpt lat="44.12358" lon="3.14622">
        <ele>815</ele>
        <time>2026-08-21T18:31:21+00:00</time>
      </trkpt>
      <trkpt lat="44.12339" lon="3.14597">
        <ele>815</ele>
        <time>2026-08-21T18:31:24+00:00</time>
      </trkpt>
      <trkpt lat="44.12333" lon="3.14586">
        <ele>814</ele>
        <time>2026-08-21T18:31:27+00:00</time>
      </trkpt>
      <trkpt lat="44.12329" lon="3.14577">
        <ele>812</ele>
        <time>2026-08-21T18:31:30+00:00</time>
      </trkpt>
      <trkpt lat="44.12329" lon="3.14572">
        <ele>812</ele>
        <time>2026-08-21T18:31:33+00:00</time>
      </trkpt>
      <trkpt lat="44.1233" lon="3.14564">
        <ele>809</ele>
        <time>2026-08-21T18:31:36+00:00</time>
      </trkpt>
      <trkpt lat="44.12334" lon="3.14551">
        <ele>809</ele>
        <time>2026-08-21T18:31:39+00:00</time>
      </trkpt>
      <trkpt lat="44.12342" lon="3.14529">
        <ele>808</ele>
        <time>2026-08-21T18:31:42+00:00</time>
      </trkpt>
      <trkpt lat="44.12347" lon="3.14521">
        <ele>808</ele>
        <time>2026-08-21T18:31:45+00:00</time>
      </trkpt>
      <trkpt lat="44.12351" lon="3.14509">
        <ele>808</ele>
        <time>2026-08-21T18:31:48+00:00</time>
      </trkpt>
      <trkpt lat="44.12357" lon="3.14496">
        <ele>806</ele>
        <time>2026-08-21T18:31:51+00:00</time>
      </trkpt>
      <trkpt lat="44.12366" lon="3.14482">
        <ele>807</ele>
        <time>2026-08-21T18:31:54+00:00</time>
      </trkpt>
      <trkpt lat="44.1237" lon="3.14463">
        <ele>805</ele>
        <time>2026-08-21T18:31:57+00:00</time>
      </trkpt>
      <trkpt lat="44.12371" lon="3.14449">
        <ele>802</ele>
        <time>2026-08-21T18:32:00+00:00</time>
      </trkpt>
      <trkpt lat="44.12371" lon="3.14433">
        <ele>800</ele>
        <time>2026-08-21T18:32:03+00:00</time>
      </trkpt>
      <trkpt lat="44.12372" lon="3.14421">
        <ele>799</ele>
        <time>2026-08-21T18:32:06+00:00</time>
      </trkpt>
      <trkpt lat="44.12374" lon="3.14416">
        <ele>797</ele>
        <time>2026-08-21T18:32:09+00:00</time>
      </trkpt>
      <trkpt lat="44.12378" lon="3.1441">
        <ele>797</ele>
        <time>2026-08-21T18:32:12+00:00</time>
      </trkpt>
      <trkpt lat="44.12388" lon="3.14403">
        <ele>796</ele>
        <time>2026-08-21T18:32:15+00:00</time>
      </trkpt>
      <trkpt lat="44.12395" lon="3.14397">
        <ele>795</ele>
        <time>2026-08-21T18:32:18+00:00</time>
      </trkpt>
      <trkpt lat="44.12398" lon="3.14391">
        <ele>795</ele>
        <time>2026-08-21T18:32:21+00:00</time>
      </trkpt>
      <trkpt lat="44.12401" lon="3.14383">
        <ele>791</ele>
        <time>2026-08-21T18:32:24+00:00</time>
      </trkpt>
      <trkpt lat="44.12407" lon="3.14372">
        <ele>790</ele>
        <time>2026-08-21T18:32:27+00:00</time>
      </trkpt>
      <trkpt lat="44.12415" lon="3.14362">
        <ele>787</ele>
        <time>2026-08-21T18:32:30+00:00</time>
      </trkpt>
      <trkpt lat="44.12423" lon="3.14357">
        <ele>785</ele>
        <time>2026-08-21T18:32:33+00:00</time>
      </trkpt>
      <trkpt lat="44.12428" lon="3.14352">
        <ele>785</ele>
        <time>2026-08-21T18:32:36+00:00</time>
      </trkpt>
      <trkpt lat="44.12429" lon="3.14348">
        <ele>783</ele>
        <time>2026-08-21T18:32:39+00:00</time>
      </trkpt>
      <trkpt lat="44.1243" lon="3.14344">
        <ele>783</ele>
        <time>2026-08-21T18:32:42+00:00</time>
      </trkpt>
      <trkpt lat="44.12429" lon="3.1434">
        <ele>783</ele>
        <time>2026-08-21T18:32:45+00:00</time>
      </trkpt>
      <trkpt lat="44.12429" lon="3.14336">
        <ele>781</ele>
        <time>2026-08-21T18:32:48+00:00</time>
      </trkpt>
      <trkpt lat="44.12427" lon="3.14332">
        <ele>781</ele>
        <time>2026-08-21T18:32:51+00:00</time>
      </trkpt>
      <trkpt lat="44.12425" lon="3.14329">
        <ele>777</ele>
        <time>2026-08-21T18:32:54+00:00</time>
      </trkpt>
      <trkpt lat="44.12425" lon="3.14325">
        <ele>777</ele>
        <time>2026-08-21T18:32:57+00:00</time>
      </trkpt>
      <trkpt lat="44.12427" lon="3.1432">
        <ele>776</ele>
        <time>2026-08-21T18:33:00+00:00</time>
      </trkpt>
      <trkpt lat="44.12428" lon="3.14317">
        <ele>776</ele>
        <time>2026-08-21T18:33:03+00:00</time>
      </trkpt>
      <trkpt lat="44.12428" lon="3.14313">
        <ele>776</ele>
        <time>2026-08-21T18:33:06+00:00</time>
      </trkpt>
      <trkpt lat="44.12427" lon="3.1431">
        <ele>775</ele>
        <time>2026-08-21T18:33:09+00:00</time>
      </trkpt>
      <trkpt lat="44.12426" lon="3.14307">
        <ele>775</ele>
        <time>2026-08-21T18:33:12+00:00</time>
      </trkpt>
      <trkpt lat="44.1242" lon="3.14302">
        <ele>775</ele>
        <time>2026-08-21T18:33:15+00:00</time>
      </trkpt>
      <trkpt lat="44.12414" lon="3.143">
        <ele>773</ele>
        <time>2026-08-21T18:33:18+00:00</time>
      </trkpt>
      <trkpt lat="44.12409" lon="3.14298">
        <ele>768</ele>
        <time>2026-08-21T18:33:21+00:00</time>
      </trkpt>
      <trkpt lat="44.12405" lon="3.14297">
        <ele>768</ele>
        <time>2026-08-21T18:33:24+00:00</time>
      </trkpt>
      <trkpt lat="44.12403" lon="3.14296">
        <ele>768</ele>
        <time>2026-08-21T18:33:27+00:00</time>
      </trkpt>
      <trkpt lat="44.12402" lon="3.14294">
        <ele>768</ele>
        <time>2026-08-21T18:33:30+00:00</time>
      </trkpt>
      <trkpt lat="44.12402" lon="3.14293">
        <ele>768</ele>
        <time>2026-08-21T18:33:33+00:00</time>
      </trkpt>
      <trkpt lat="44.12402" lon="3.14291">
        <ele>768</ele>
        <time>2026-08-21T18:33:36+00:00</time>
      </trkpt>
      <trkpt lat="44.12401" lon="3.14287">
        <ele>767</ele>
        <time>2026-08-21T18:33:39+00:00</time>
      </trkpt>
      <trkpt lat="44.12391" lon="3.14279">
        <ele>762</ele>
        <time>2026-08-21T18:33:42+00:00</time>
      </trkpt>
      <trkpt lat="44.12381" lon="3.14272">
        <ele>760</ele>
        <time>2026-08-21T18:33:45+00:00</time>
      </trkpt>
      <trkpt lat="44.12374" lon="3.1426">
        <ele>755</ele>
        <time>2026-08-21T18:33:48+00:00</time>
      </trkpt>
      <trkpt lat="44.12364" lon="3.14247">
        <ele>750</ele>
        <time>2026-08-21T18:33:51+00:00</time>
      </trkpt>
      <trkpt lat="44.12351" lon="3.14233">
        <ele>745</ele>
        <time>2026-08-21T18:33:54+00:00</time>
      </trkpt>
      <trkpt lat="44.12343" lon="3.14217">
        <ele>734</ele>
        <time>2026-08-21T18:33:57+00:00</time>
      </trkpt>
      <trkpt lat="44.12339" lon="3.14212">
        <ele>730</ele>
        <time>2026-08-21T18:34:00+00:00</time>
      </trkpt>
      <trkpt lat="44.12335" lon="3.14208">
        <ele>728</ele>
        <time>2026-08-21T18:34:03+00:00</time>
      </trkpt>
      <trkpt lat="44.12332" lon="3.14199">
        <ele>727</ele>
        <time>2026-08-21T18:34:06+00:00</time>
      </trkpt>
      <trkpt lat="44.12331" lon="3.14192">
        <ele>727</ele>
        <time>2026-08-21T18:34:09+00:00</time>
      </trkpt>
      <trkpt lat="44.12328" lon="3.14183">
        <ele>723</ele>
        <time>2026-08-21T18:34:12+00:00</time>
      </trkpt>
      <trkpt lat="44.12325" lon="3.14178">
        <ele>722</ele>
        <time>2026-08-21T18:34:15+00:00</time>
      </trkpt>
      <trkpt lat="44.1232" lon="3.14173">
        <ele>718</ele>
        <time>2026-08-21T18:34:18+00:00</time>
      </trkpt>
      <trkpt lat="44.12315" lon="3.14168">
        <ele>717</ele>
        <time>2026-08-21T18:34:21+00:00</time>
      </trkpt>
      <trkpt lat="44.12312" lon="3.14157">
        <ele>717</ele>
        <time>2026-08-21T18:34:24+00:00</time>
      </trkpt>
      <trkpt lat="44.12302" lon="3.14142">
        <ele>711</ele>
        <time>2026-08-21T18:34:27+00:00</time>
      </trkpt>
      <trkpt lat="44.1229" lon="3.14125">
        <ele>697</ele>
        <time>2026-08-21T18:34:30+00:00</time>
      </trkpt>
      <trkpt lat="44.12284" lon="3.14116">
        <ele>696</ele>
        <time>2026-08-21T18:34:33+00:00</time>
      </trkpt>
      <trkpt lat="44.12282" lon="3.14107">
        <ele>695</ele>
        <time>2026-08-21T18:34:36+00:00</time>
      </trkpt>
      <trkpt lat="44.12281" lon="3.14102">
        <ele>695</ele>
        <time>2026-08-21T18:34:39+00:00</time>
      </trkpt>
      <trkpt lat="44.12278" lon="3.141">
        <ele>691</ele>
        <time>2026-08-21T18:34:42+00:00</time>
      </trkpt>
      <trkpt lat="44.12268" lon="3.14104">
        <ele>688</ele>
        <time>2026-08-21T18:34:45+00:00</time>
      </trkpt>
      <trkpt lat="44.12261" lon="3.14105">
        <ele>688</ele>
        <time>2026-08-21T18:34:48+00:00</time>
      </trkpt>
      <trkpt lat="44.12254" lon="3.14103">
        <ele>686</ele>
        <time>2026-08-21T18:34:51+00:00</time>
      </trkpt>
      <trkpt lat="44.12248" lon="3.141">
        <ele>683</ele>
        <time>2026-08-21T18:34:54+00:00</time>
      </trkpt>
      <trkpt lat="44.12243" lon="3.141">
        <ele>683</ele>
        <time>2026-08-21T18:34:57+00:00</time>
      </trkpt>
      <trkpt lat="44.12236" lon="3.14103">
        <ele>683</ele>
        <time>2026-08-21T18:35:00+00:00</time>
      </trkpt>
      <trkpt lat="44.1222" lon="3.14106">
        <ele>680</ele>
        <time>2026-08-21T18:35:03+00:00</time>
      </trkpt>
      <trkpt lat="44.12205" lon="3.14108">
        <ele>679</ele>
        <time>2026-08-21T18:35:06+00:00</time>
      </trkpt>
      <trkpt lat="44.12194" lon="3.14107">
        <ele>679</ele>
        <time>2026-08-21T18:35:09+00:00</time>
      </trkpt>
      <trkpt lat="44.12178" lon="3.14107">
        <ele>678</ele>
        <time>2026-08-21T18:35:12+00:00</time>
      </trkpt>
      <trkpt lat="44.12166" lon="3.14109">
        <ele>678</ele>
        <time>2026-08-21T18:35:15+00:00</time>
      </trkpt>
      <trkpt lat="44.12149" lon="3.14111">
        <ele>676</ele>
        <time>2026-08-21T18:35:18+00:00</time>
      </trkpt>
      <trkpt lat="44.12132" lon="3.1411">
        <ele>673</ele>
        <time>2026-08-21T18:35:21+00:00</time>
      </trkpt>
      <trkpt lat="44.12109" lon="3.14108">
        <ele>661</ele>
        <time>2026-08-21T18:35:24+00:00</time>
      </trkpt>
      <trkpt lat="44.12083" lon="3.14101">
        <ele>656</ele>
        <time>2026-08-21T18:35:27+00:00</time>
      </trkpt>
      <trkpt lat="44.12068" lon="3.14098">
        <ele>654</ele>
        <time>2026-08-21T18:35:30+00:00</time>
      </trkpt>
      <trkpt lat="44.12058" lon="3.14091">
        <ele>650</ele>
        <time>2026-08-21T18:35:33+00:00</time>
      </trkpt>
      <trkpt lat="44.12055" lon="3.14091">
        <ele>650</ele>
        <time>2026-08-21T18:35:36+00:00</time>
      </trkpt>
      <trkpt lat="44.12049" lon="3.1409">
        <ele>656</ele>
        <time>2026-08-21T18:35:39+00:00</time>
      </trkpt>
      <trkpt lat="44.12041" lon="3.14092">
        <ele>647</ele>
        <time>2026-08-21T18:35:42+00:00</time>
      </trkpt>
      <trkpt lat="44.1203" lon="3.14095">
        <ele>650</ele>
        <time>2026-08-21T18:35:45+00:00</time>
      </trkpt>
      <trkpt lat="44.12019" lon="3.14103">
        <ele>648</ele>
        <time>2026-08-21T18:35:48+00:00</time>
      </trkpt>
      <trkpt lat="44.12006" lon="3.14111">
        <ele>646</ele>
        <time>2026-08-21T18:35:51+00:00</time>
      </trkpt>
      <trkpt lat="44.11991" lon="3.14117">
        <ele>646</ele>
        <time>2026-08-21T18:35:54+00:00</time>
      </trkpt>
      <trkpt lat="44.1198" lon="3.14119">
        <ele>641</ele>
        <time>2026-08-21T18:35:57+00:00</time>
      </trkpt>
      <trkpt lat="44.11968" lon="3.14121">
        <ele>635</ele>
        <time>2026-08-21T18:36:00+00:00</time>
      </trkpt>
      <trkpt lat="44.11953" lon="3.1412">
        <ele>632</ele>
        <time>2026-08-21T18:36:03+00:00</time>
      </trkpt>
      <trkpt lat="44.11945" lon="3.14116">
        <ele>632</ele>
        <time>2026-08-21T18:36:06+00:00</time>
      </trkpt>
      <trkpt lat="44.11938" lon="3.14111">
        <ele>629</ele>
        <time>2026-08-21T18:36:09+00:00</time>
      </trkpt>
      <trkpt lat="44.11931" lon="3.1411">
        <ele>631</ele>
        <time>2026-08-21T18:36:12+00:00</time>
      </trkpt>
      <trkpt lat="44.11925" lon="3.14109">
        <ele>625</ele>
        <time>2026-08-21T18:36:15+00:00</time>
      </trkpt>
      <trkpt lat="44.11921" lon="3.14112">
        <ele>623</ele>
        <time>2026-08-21T18:36:18+00:00</time>
      </trkpt>
      <trkpt lat="44.11919" lon="3.1412">
        <ele>618</ele>
        <time>2026-08-21T18:36:21+00:00</time>
      </trkpt>
      <trkpt lat="44.11917" lon="3.14126">
        <ele>618</ele>
        <time>2026-08-21T18:36:24+00:00</time>
      </trkpt>
      <trkpt lat="44.11911" lon="3.14127">
        <ele>618</ele>
        <time>2026-08-21T18:36:27+00:00</time>
      </trkpt>
      <trkpt lat="44.11904" lon="3.14128">
        <ele>618</ele>
        <time>2026-08-21T18:36:30+00:00</time>
      </trkpt>
      <trkpt lat="44.119" lon="3.1413">
        <ele>619</ele>
        <time>2026-08-21T18:36:33+00:00</time>
      </trkpt>
      <trkpt lat="44.11897" lon="3.14133">
        <ele>613</ele>
        <time>2026-08-21T18:36:36+00:00</time>
      </trkpt>
      <trkpt lat="44.11891" lon="3.14133">
        <ele>613</ele>
        <time>2026-08-21T18:36:39+00:00</time>
      </trkpt>
      <trkpt lat="44.11886" lon="3.14133">
        <ele>611</ele>
        <time>2026-08-21T18:36:42+00:00</time>
      </trkpt>
      <trkpt lat="44.11881" lon="3.14135">
        <ele>611</ele>
        <time>2026-08-21T18:36:45+00:00</time>
      </trkpt>
      <trkpt lat="44.11876" lon="3.14139">
        <ele>610</ele>
        <time>2026-08-21T18:36:48+00:00</time>
      </trkpt>
      <trkpt lat="44.11871" lon="3.1414">
        <ele>610</ele>
        <time>2026-08-21T18:36:51+00:00</time>
      </trkpt>
      <trkpt lat="44.11866" lon="3.14137">
        <ele>604</ele>
        <time>2026-08-21T18:36:54+00:00</time>
      </trkpt>
      <trkpt lat="44.1186" lon="3.1413">
        <ele>606</ele>
        <time>2026-08-21T18:36:57+00:00</time>
      </trkpt>
      <trkpt lat="44.11848" lon="3.1412">
        <ele>604</ele>
        <time>2026-08-21T18:37:00+00:00</time>
      </trkpt>
      <trkpt lat="44.11838" lon="3.14118">
        <ele>597</ele>
        <time>2026-08-21T18:37:03+00:00</time>
      </trkpt>
      <trkpt lat="44.11827" lon="3.14112">
        <ele>599</ele>
        <time>2026-08-21T18:37:06+00:00</time>
      </trkpt>
      <trkpt lat="44.11808" lon="3.14105">
        <ele>593</ele>
        <time>2026-08-21T18:37:09+00:00</time>
      </trkpt>
      <trkpt lat="44.11787" lon="3.14099">
        <ele>584</ele>
        <time>2026-08-21T18:37:12+00:00</time>
      </trkpt>
      <trkpt lat="44.11783" lon="3.14098">
        <ele>584</ele>
        <time>2026-08-21T18:37:15+00:00</time>
      </trkpt>
      <trkpt lat="44.11778" lon="3.14095">
        <ele>583</ele>
        <time>2026-08-21T18:37:18+00:00</time>
      </trkpt>
      <trkpt lat="44.11777" lon="3.14094">
        <ele>583</ele>
        <time>2026-08-21T18:37:21+00:00</time>
      </trkpt>
      <trkpt lat="44.11776" lon="3.14093">
        <ele>583</ele>
        <time>2026-08-21T18:37:24+00:00</time>
      </trkpt>
      <trkpt lat="44.11776" lon="3.1409">
        <ele>583</ele>
        <time>2026-08-21T18:37:27+00:00</time>
      </trkpt>
      <trkpt lat="44.11778" lon="3.14087">
        <ele>575</ele>
        <time>2026-08-21T18:37:30+00:00</time>
      </trkpt>
      <trkpt lat="44.1178" lon="3.14083">
        <ele>575</ele>
        <time>2026-08-21T18:37:33+00:00</time>
      </trkpt>
      <trkpt lat="44.11781" lon="3.1408">
        <ele>571</ele>
        <time>2026-08-21T18:37:36+00:00</time>
      </trkpt>
      <trkpt lat="44.11781" lon="3.14075">
        <ele>571</ele>
        <time>2026-08-21T18:37:39+00:00</time>
      </trkpt>
      <trkpt lat="44.11775" lon="3.14057">
        <ele>571</ele>
        <time>2026-08-21T18:37:42+00:00</time>
      </trkpt>
      <trkpt lat="44.11768" lon="3.14048">
        <ele>571</ele>
        <time>2026-08-21T18:37:45+00:00</time>
      </trkpt>
      <trkpt lat="44.11762" lon="3.14041">
        <ele>571</ele>
        <time>2026-08-21T18:37:48+00:00</time>
      </trkpt>
      <trkpt lat="44.11744" lon="3.14035">
        <ele>571</ele>
        <time>2026-08-21T18:37:51+00:00</time>
      </trkpt>
      <trkpt lat="44.11728" lon="3.14032">
        <ele>567</ele>
        <time>2026-08-21T18:37:54+00:00</time>
      </trkpt>
      <trkpt lat="44.11722" lon="3.1403">
        <ele>566</ele>
        <time>2026-08-21T18:37:57+00:00</time>
      </trkpt>
      <trkpt lat="44.11712" lon="3.14024">
        <ele>566</ele>
        <time>2026-08-21T18:38:00+00:00</time>
      </trkpt>
      <trkpt lat="44.11702" lon="3.1401">
        <ele>562</ele>
        <time>2026-08-21T18:38:03+00:00</time>
      </trkpt>
      <trkpt lat="44.11692" lon="3.13989">
        <ele>557</ele>
        <time>2026-08-21T18:38:06+00:00</time>
      </trkpt>
      <trkpt lat="44.11686" lon="3.13976">
        <ele>546</ele>
        <time>2026-08-21T18:38:09+00:00</time>
      </trkpt>
      <trkpt lat="44.11683" lon="3.13973">
        <ele>546</ele>
        <time>2026-08-21T18:38:12+00:00</time>
      </trkpt>
      <trkpt lat="44.11678" lon="3.13974">
        <ele>545</ele>
        <time>2026-08-21T18:38:15+00:00</time>
      </trkpt>
      <trkpt lat="44.11674" lon="3.13975">
        <ele>545</ele>
        <time>2026-08-21T18:38:18+00:00</time>
      </trkpt>
      <trkpt lat="44.11672" lon="3.13975">
        <ele>545</ele>
        <time>2026-08-21T18:38:21+00:00</time>
      </trkpt>
      <trkpt lat="44.11669" lon="3.13973">
        <ele>551</ele>
        <time>2026-08-21T18:38:24+00:00</time>
      </trkpt>
      <trkpt lat="44.11667" lon="3.13969">
        <ele>546</ele>
        <time>2026-08-21T18:38:27+00:00</time>
      </trkpt>
      <trkpt lat="44.11657" lon="3.13946">
        <ele>544</ele>
        <time>2026-08-21T18:38:30+00:00</time>
      </trkpt>
      <trkpt lat="44.11651" lon="3.13933">
        <ele>540</ele>
        <time>2026-08-21T18:38:33+00:00</time>
      </trkpt>
      <trkpt lat="44.11646" lon="3.13927">
        <ele>538</ele>
        <time>2026-08-21T18:38:36+00:00</time>
      </trkpt>
      <trkpt lat="44.11632" lon="3.13918">
        <ele>535</ele>
        <time>2026-08-21T18:38:39+00:00</time>
      </trkpt>
      <trkpt lat="44.11615" lon="3.13912">
        <ele>534</ele>
        <time>2026-08-21T18:38:42+00:00</time>
      </trkpt>
      <trkpt lat="44.11588" lon="3.13907">
        <ele>527</ele>
        <time>2026-08-21T18:38:45+00:00</time>
      </trkpt>
      <trkpt lat="44.11575" lon="3.13907">
        <ele>526</ele>
        <time>2026-08-21T18:38:48+00:00</time>
      </trkpt>
      <trkpt lat="44.11565" lon="3.1391">
        <ele>523</ele>
        <time>2026-08-21T18:38:51+00:00</time>
      </trkpt>
      <trkpt lat="44.11556" lon="3.13915">
        <ele>520</ele>
        <time>2026-08-21T18:38:54+00:00</time>
      </trkpt>
      <trkpt lat="44.1155" lon="3.13921">
        <ele>521</ele>
        <time>2026-08-21T18:38:57+00:00</time>
      </trkpt>
      <trkpt lat="44.11544" lon="3.13931">
        <ele>519</ele>
        <time>2026-08-21T18:39:00+00:00</time>
      </trkpt>
      <trkpt lat="44.11541" lon="3.13941">
        <ele>519</ele>
        <time>2026-08-21T18:39:03+00:00</time>
      </trkpt>
      <trkpt lat="44.1154" lon="3.13949">
        <ele>519</ele>
        <time>2026-08-21T18:39:06+00:00</time>
      </trkpt>
      <trkpt lat="44.11539" lon="3.13959">
        <ele>515</ele>
        <time>2026-08-21T18:39:09+00:00</time>
      </trkpt>
      <trkpt lat="44.11536" lon="3.13969">
        <ele>514</ele>
        <time>2026-08-21T18:39:12+00:00</time>
      </trkpt>
      <trkpt lat="44.11531" lon="3.13986">
        <ele>515</ele>
        <time>2026-08-21T18:39:15+00:00</time>
      </trkpt>
      <trkpt lat="44.11526" lon="3.13999">
        <ele>511</ele>
        <time>2026-08-21T18:39:18+00:00</time>
      </trkpt>
      <trkpt lat="44.11526" lon="3.14004">
        <ele>512</ele>
        <time>2026-08-21T18:39:21+00:00</time>
      </trkpt>
      <trkpt lat="44.11523" lon="3.1401">
        <ele>512</ele>
        <time>2026-08-21T18:39:24+00:00</time>
      </trkpt>
      <trkpt lat="44.11521" lon="3.14012">
        <ele>513</ele>
        <time>2026-08-21T18:39:27+00:00</time>
      </trkpt>
      <trkpt lat="44.11522" lon="3.14018">
        <ele>513</ele>
        <time>2026-08-21T18:39:30+00:00</time>
      </trkpt>
      <trkpt lat="44.11519" lon="3.14029">
        <ele>509</ele>
        <time>2026-08-21T18:39:33+00:00</time>
      </trkpt>
      <trkpt lat="44.11518" lon="3.14034">
        <ele>509</ele>
        <time>2026-08-21T18:39:36+00:00</time>
      </trkpt>
      <trkpt lat="44.11519" lon="3.14042">
        <ele>510</ele>
        <time>2026-08-21T18:39:39+00:00</time>
      </trkpt>
      <trkpt lat="44.11518" lon="3.14048">
        <ele>507</ele>
        <time>2026-08-21T18:39:42+00:00</time>
      </trkpt>
      <trkpt lat="44.11517" lon="3.14056">
        <ele>507</ele>
        <time>2026-08-21T18:39:45+00:00</time>
      </trkpt>
      <trkpt lat="44.11516" lon="3.14059">
        <ele>507</ele>
        <time>2026-08-21T18:39:48+00:00</time>
      </trkpt>
      <trkpt lat="44.11514" lon="3.14063">
        <ele>508</ele>
        <time>2026-08-21T18:39:51+00:00</time>
      </trkpt>
      <trkpt lat="44.11511" lon="3.14068">
        <ele>508</ele>
        <time>2026-08-21T18:39:54+00:00</time>
      </trkpt>
      <trkpt lat="44.115" lon="3.14096">
        <ele>507</ele>
        <time>2026-08-21T18:39:57+00:00</time>
      </trkpt>
      <trkpt lat="44.11491" lon="3.14111">
        <ele>504</ele>
        <time>2026-08-21T18:40:00+00:00</time>
      </trkpt>
      <trkpt lat="44.11486" lon="3.14113">
        <ele>502</ele>
        <time>2026-08-21T18:40:03+00:00</time>
      </trkpt>
      <trkpt lat="44.11478" lon="3.14114">
        <ele>501</ele>
        <time>2026-08-21T18:40:06+00:00</time>
      </trkpt>
      <trkpt lat="44.11473" lon="3.14121">
        <ele>501</ele>
        <time>2026-08-21T18:40:09+00:00</time>
      </trkpt>
      <trkpt lat="44.1147" lon="3.14124">
        <ele>499</ele>
        <time>2026-08-21T18:40:12+00:00</time>
      </trkpt>
      <trkpt lat="44.11466" lon="3.14125">
        <ele>499</ele>
        <time>2026-08-21T18:40:15+00:00</time>
      </trkpt>
      <trkpt lat="44.11462" lon="3.14123">
        <ele>499</ele>
        <time>2026-08-21T18:40:18+00:00</time>
      </trkpt>
      <trkpt lat="44.11455" lon="3.14126">
        <ele>496</ele>
        <time>2026-08-21T18:40:21+00:00</time>
      </trkpt>
      <trkpt lat="44.11446" lon="3.14125">
        <ele>493</ele>
        <time>2026-08-21T18:40:24+00:00</time>
      </trkpt>
      <trkpt lat="44.11437" lon="3.14128">
        <ele>492</ele>
        <time>2026-08-21T18:40:27+00:00</time>
      </trkpt>
      <trkpt lat="44.1142" lon="3.14133">
        <ele>492</ele>
        <time>2026-08-21T18:40:30+00:00</time>
      </trkpt>
      <trkpt lat="44.11415" lon="3.14143">
        <ele>490</ele>
        <time>2026-08-21T18:40:33+00:00</time>
      </trkpt>
      <trkpt lat="44.11405" lon="3.14147">
        <ele>490</ele>
        <time>2026-08-21T18:40:36+00:00</time>
      </trkpt>
      <trkpt lat="44.11398" lon="3.14146">
        <ele>492</ele>
        <time>2026-08-21T18:40:39+00:00</time>
      </trkpt>
      <trkpt lat="44.1139" lon="3.14144">
        <ele>491</ele>
        <time>2026-08-21T18:40:42+00:00</time>
      </trkpt>
      <trkpt lat="44.11377" lon="3.14139">
        <ele>492</ele>
        <time>2026-08-21T18:40:45+00:00</time>
      </trkpt>
      <trkpt lat="44.11365" lon="3.14135">
        <ele>488</ele>
        <time>2026-08-21T18:40:48+00:00</time>
      </trkpt>
      <trkpt lat="44.11358" lon="3.14127">
        <ele>493</ele>
        <time>2026-08-21T18:40:51+00:00</time>
      </trkpt>
      <trkpt lat="44.1135" lon="3.1411">
        <ele>495</ele>
        <time>2026-08-21T18:40:54+00:00</time>
      </trkpt>
      <trkpt lat="44.11347" lon="3.14106">
        <ele>494</ele>
        <time>2026-08-21T18:40:57+00:00</time>
      </trkpt>
      <trkpt lat="44.11345" lon="3.14102">
        <ele>494</ele>
        <time>2026-08-21T18:41:00+00:00</time>
      </trkpt>
      <trkpt lat="44.11344" lon="3.14097">
        <ele>496</ele>
        <time>2026-08-21T18:41:03+00:00</time>
      </trkpt>
      <trkpt lat="44.11343" lon="3.14091">
        <ele>496</ele>
        <time>2026-08-21T18:41:06+00:00</time>
      </trkpt>
      <trkpt lat="44.11344" lon="3.14083">
        <ele>498</ele>
        <time>2026-08-21T18:41:09+00:00</time>
      </trkpt>
      <trkpt lat="44.11344" lon="3.14077">
        <ele>498</ele>
        <time>2026-08-21T18:41:12+00:00</time>
      </trkpt>
      <trkpt lat="44.11344" lon="3.14072">
        <ele>498</ele>
        <time>2026-08-21T18:41:15+00:00</time>
      </trkpt>
      <trkpt lat="44.11343" lon="3.14065">
        <ele>499</ele>
        <time>2026-08-21T18:41:18+00:00</time>
      </trkpt>
      <trkpt lat="44.11343" lon="3.14061">
        <ele>499</ele>
        <time>2026-08-21T18:41:21+00:00</time>
      </trkpt>
      <trkpt lat="44.11344" lon="3.14058">
        <ele>500</ele>
        <time>2026-08-21T18:41:24+00:00</time>
      </trkpt>
      <trkpt lat="44.11344" lon="3.14056">
        <ele>500</ele>
        <time>2026-08-21T18:41:27+00:00</time>
      </trkpt>
      <trkpt lat="44.11346" lon="3.14056">
        <ele>500</ele>
        <time>2026-08-21T18:41:30+00:00</time>
      </trkpt>
      <trkpt lat="44.11347" lon="3.14057">
        <ele>500</ele>
        <time>2026-08-21T18:41:33+00:00</time>
      </trkpt>
      <trkpt lat="44.11348" lon="3.14058">
        <ele>500</ele>
        <time>2026-08-21T18:41:36+00:00</time>
      </trkpt>
      <trkpt lat="44.11349" lon="3.14061">
        <ele>499</ele>
        <time>2026-08-21T18:41:39+00:00</time>
      </trkpt>
      <trkpt lat="44.1135" lon="3.14064">
        <ele>499</ele>
        <time>2026-08-21T18:41:42+00:00</time>
      </trkpt>
      <trkpt lat="44.11352" lon="3.14058">
        <ele>503</ele>
        <time>2026-08-21T18:41:45+00:00</time>
      </trkpt>
      <trkpt lat="44.11351" lon="3.14051">
        <ele>503</ele>
        <time>2026-08-21T18:41:48+00:00</time>
      </trkpt>
      <trkpt lat="44.11348" lon="3.14036">
        <ele>503</ele>
        <time>2026-08-21T18:41:51+00:00</time>
      </trkpt>
      <trkpt lat="44.11346" lon="3.14025">
        <ele>508</ele>
        <time>2026-08-21T18:41:54+00:00</time>
      </trkpt>
      <trkpt lat="44.11343" lon="3.14014">
        <ele>509</ele>
        <time>2026-08-21T18:41:57+00:00</time>
      </trkpt>
      <trkpt lat="44.11343" lon="3.14005">
        <ele>510</ele>
        <time>2026-08-21T18:42:00+00:00</time>
      </trkpt>
      <trkpt lat="44.11346" lon="3.13989">
        <ele>512</ele>
        <time>2026-08-21T18:42:03+00:00</time>
      </trkpt>
      <trkpt lat="44.11348" lon="3.13974">
        <ele>514</ele>
        <time>2026-08-21T18:42:06+00:00</time>
      </trkpt>
      <trkpt lat="44.1135" lon="3.13956">
        <ele>521</ele>
        <time>2026-08-21T18:42:09+00:00</time>
      </trkpt>
      <trkpt lat="44.11348" lon="3.13945">
        <ele>524</ele>
        <time>2026-08-21T18:42:12+00:00</time>
      </trkpt>
      <trkpt lat="44.11345" lon="3.13934">
        <ele>525</ele>
        <time>2026-08-21T18:42:15+00:00</time>
      </trkpt>
      <trkpt lat="44.11345" lon="3.13927">
        <ele>526</ele>
        <time>2026-08-21T18:42:18+00:00</time>
      </trkpt>
      <trkpt lat="44.11345" lon="3.13909">
        <ele>528</ele>
        <time>2026-08-21T18:42:21+00:00</time>
      </trkpt>
      <trkpt lat="44.11345" lon="3.13897">
        <ele>532</ele>
        <time>2026-08-21T18:42:24+00:00</time>
      </trkpt>
      <trkpt lat="44.11342" lon="3.13882">
        <ele>533</ele>
        <time>2026-08-21T18:42:27+00:00</time>
      </trkpt>
      <trkpt lat="44.11338" lon="3.13872">
        <ele>534</ele>
        <time>2026-08-21T18:42:30+00:00</time>
      </trkpt>
      <trkpt lat="44.11334" lon="3.13864">
        <ele>536</ele>
        <time>2026-08-21T18:42:33+00:00</time>
      </trkpt>
      <trkpt lat="44.11326" lon="3.13844">
        <ele>539</ele>
        <time>2026-08-21T18:42:36+00:00</time>
      </trkpt>
      <trkpt lat="44.11315" lon="3.13829">
        <ele>544</ele>
        <time>2026-08-21T18:42:39+00:00</time>
      </trkpt>
      <trkpt lat="44.11297" lon="3.13808">
        <ele>548</ele>
        <time>2026-08-21T18:42:42+00:00</time>
      </trkpt>
      <trkpt lat="44.11294" lon="3.13804">
        <ele>548</ele>
        <time>2026-08-21T18:42:45+00:00</time>
      </trkpt>
      <trkpt lat="44.113" lon="3.13794">
        <ele>550</ele>
        <time>2026-08-21T18:42:48+00:00</time>
      </trkpt>
      <trkpt lat="44.11296" lon="3.13783">
        <ele>553</ele>
        <time>2026-08-21T18:42:51+00:00</time>
      </trkpt>
      <trkpt lat="44.1129" lon="3.13775">
        <ele>557</ele>
        <time>2026-08-21T18:42:54+00:00</time>
      </trkpt>
      <trkpt lat="44.11284" lon="3.13769">
        <ele>558</ele>
        <time>2026-08-21T18:42:57+00:00</time>
      </trkpt>
      <trkpt lat="44.11275" lon="3.1376">
        <ele>560</ele>
        <time>2026-08-21T18:43:00+00:00</time>
      </trkpt>
      <trkpt lat="44.1127" lon="3.13754">
        <ele>559</ele>
        <time>2026-08-21T18:43:03+00:00</time>
      </trkpt>
      <trkpt lat="44.11264" lon="3.13744">
        <ele>561</ele>
        <time>2026-08-21T18:43:06+00:00</time>
      </trkpt>
      <trkpt lat="44.11259" lon="3.13734">
        <ele>563</ele>
        <time>2026-08-21T18:43:09+00:00</time>
      </trkpt>
      <trkpt lat="44.11256" lon="3.13726">
        <ele>565</ele>
        <time>2026-08-21T18:43:12+00:00</time>
      </trkpt>
      <trkpt lat="44.11246" lon="3.13713">
        <ele>564</ele>
        <time>2026-08-21T18:43:15+00:00</time>
      </trkpt>
      <trkpt lat="44.11243" lon="3.13706">
        <ele>568</ele>
        <time>2026-08-21T18:43:18+00:00</time>
      </trkpt>
      <trkpt lat="44.1124" lon="3.13696">
        <ele>569</ele>
        <time>2026-08-21T18:43:21+00:00</time>
      </trkpt>
      <trkpt lat="44.11239" lon="3.13687">
        <ele>566</ele>
        <time>2026-08-21T18:43:24+00:00</time>
      </trkpt>
      <trkpt lat="44.11241" lon="3.13681">
        <ele>569</ele>
        <time>2026-08-21T18:43:27+00:00</time>
      </trkpt>
      <trkpt lat="44.11245" lon="3.13674">
        <ele>568</ele>
        <time>2026-08-21T18:43:30+00:00</time>
      </trkpt>
      <trkpt lat="44.11259" lon="3.13663">
        <ele>571</ele>
        <time>2026-08-21T18:43:33+00:00</time>
      </trkpt>
      <trkpt lat="44.11269" lon="3.13656">
        <ele>577</ele>
        <time>2026-08-21T18:43:36+00:00</time>
      </trkpt>
      <trkpt lat="44.11279" lon="3.13651">
        <ele>580</ele>
        <time>2026-08-21T18:43:39+00:00</time>
      </trkpt>
      <trkpt lat="44.1129" lon="3.1364">
        <ele>582</ele>
        <time>2026-08-21T18:43:42+00:00</time>
      </trkpt>
      <trkpt lat="44.11295" lon="3.13634">
        <ele>586</ele>
        <time>2026-08-21T18:43:45+00:00</time>
      </trkpt>
      <trkpt lat="44.11305" lon="3.13626">
        <ele>589</ele>
        <time>2026-08-21T18:43:48+00:00</time>
      </trkpt>
      <trkpt lat="44.11311" lon="3.13624">
        <ele>592</ele>
        <time>2026-08-21T18:43:51+00:00</time>
      </trkpt>
      <trkpt lat="44.1132" lon="3.13618">
        <ele>600</ele>
        <time>2026-08-21T18:43:54+00:00</time>
      </trkpt>
      <trkpt lat="44.11326" lon="3.13602">
        <ele>601</ele>
        <time>2026-08-21T18:43:57+00:00</time>
      </trkpt>
      <trkpt lat="44.11331" lon="3.136">
        <ele>606</ele>
        <time>2026-08-21T18:44:00+00:00</time>
      </trkpt>
      <trkpt lat="44.11333" lon="3.13598">
        <ele>606</ele>
        <time>2026-08-21T18:44:03+00:00</time>
      </trkpt>
      <trkpt lat="44.11337" lon="3.13594">
        <ele>606</ele>
        <time>2026-08-21T18:44:06+00:00</time>
      </trkpt>
      <trkpt lat="44.11342" lon="3.13585">
        <ele>611</ele>
        <time>2026-08-21T18:44:09+00:00</time>
      </trkpt>
      <trkpt lat="44.11348" lon="3.13578">
        <ele>612</ele>
        <time>2026-08-21T18:44:12+00:00</time>
      </trkpt>
      <trkpt lat="44.11352" lon="3.1357">
        <ele>616</ele>
        <time>2026-08-21T18:44:15+00:00</time>
      </trkpt>
      <trkpt lat="44.11356" lon="3.13566">
        <ele>617</ele>
        <time>2026-08-21T18:44:18+00:00</time>
      </trkpt>
      <trkpt lat="44.11362" lon="3.13564">
        <ele>620</ele>
        <time>2026-08-21T18:44:21+00:00</time>
      </trkpt>
      <trkpt lat="44.11366" lon="3.13557">
        <ele>622</ele>
        <time>2026-08-21T18:44:24+00:00</time>
      </trkpt>
      <trkpt lat="44.11367" lon="3.13546">
        <ele>622</ele>
        <time>2026-08-21T18:44:27+00:00</time>
      </trkpt>
      <trkpt lat="44.11371" lon="3.1354">
        <ele>626</ele>
        <time>2026-08-21T18:44:30+00:00</time>
      </trkpt>
      <trkpt lat="44.11375" lon="3.13531">
        <ele>626</ele>
        <time>2026-08-21T18:44:33+00:00</time>
      </trkpt>
      <trkpt lat="44.11381" lon="3.13526">
        <ele>635</ele>
        <time>2026-08-21T18:44:36+00:00</time>
      </trkpt>
      <trkpt lat="44.11386" lon="3.13519">
        <ele>634</ele>
        <time>2026-08-21T18:44:39+00:00</time>
      </trkpt>
      <trkpt lat="44.11391" lon="3.13509">
        <ele>638</ele>
        <time>2026-08-21T18:44:42+00:00</time>
      </trkpt>
      <trkpt lat="44.11392" lon="3.13506">
        <ele>638</ele>
        <time>2026-08-21T18:44:45+00:00</time>
      </trkpt>
      <trkpt lat="44.11398" lon="3.13508">
        <ele>638</ele>
        <time>2026-08-21T18:44:48+00:00</time>
      </trkpt>
      <trkpt lat="44.11401" lon="3.13517">
        <ele>644</ele>
        <time>2026-08-21T18:44:51+00:00</time>
      </trkpt>
      <trkpt lat="44.11403" lon="3.13517">
        <ele>644</ele>
        <time>2026-08-21T18:44:54+00:00</time>
      </trkpt>
      <trkpt lat="44.11407" lon="3.13523">
        <ele>645</ele>
        <time>2026-08-21T18:44:57+00:00</time>
      </trkpt>
      <trkpt lat="44.1141" lon="3.13514">
        <ele>644</ele>
        <time>2026-08-21T18:45:00+00:00</time>
      </trkpt>
      <trkpt lat="44.11412" lon="3.1351">
        <ele>650</ele>
        <time>2026-08-21T18:45:03+00:00</time>
      </trkpt>
      <trkpt lat="44.11419" lon="3.1352">
        <ele>650</ele>
        <time>2026-08-21T18:45:06+00:00</time>
      </trkpt>
      <trkpt lat="44.11421" lon="3.13521">
        <ele>655</ele>
        <time>2026-08-21T18:45:09+00:00</time>
      </trkpt>
      <trkpt lat="44.11422" lon="3.1352">
        <ele>655</ele>
        <time>2026-08-21T18:45:12+00:00</time>
      </trkpt>
      <trkpt lat="44.11426" lon="3.13518">
        <ele>655</ele>
        <time>2026-08-21T18:45:15+00:00</time>
      </trkpt>
      <trkpt lat="44.1143" lon="3.13518">
        <ele>655</ele>
        <time>2026-08-21T18:45:18+00:00</time>
      </trkpt>
      <trkpt lat="44.11431" lon="3.13516">
        <ele>660</ele>
        <time>2026-08-21T18:45:21+00:00</time>
      </trkpt>
      <trkpt lat="44.11431" lon="3.13507">
        <ele>659</ele>
        <time>2026-08-21T18:45:24+00:00</time>
      </trkpt>
      <trkpt lat="44.11432" lon="3.13504">
        <ele>659</ele>
        <time>2026-08-21T18:45:27+00:00</time>
      </trkpt>
      <trkpt lat="44.11436" lon="3.13508">
        <ele>659</ele>
        <time>2026-08-21T18:45:30+00:00</time>
      </trkpt>
      <trkpt lat="44.1144" lon="3.1351">
        <ele>667</ele>
        <time>2026-08-21T18:45:33+00:00</time>
      </trkpt>
      <trkpt lat="44.11443" lon="3.13507">
        <ele>668</ele>
        <time>2026-08-21T18:45:36+00:00</time>
      </trkpt>
      <trkpt lat="44.11446" lon="3.13498">
        <ele>666</ele>
        <time>2026-08-21T18:45:39+00:00</time>
      </trkpt>
      <trkpt lat="44.1145" lon="3.13491">
        <ele>671</ele>
        <time>2026-08-21T18:45:42+00:00</time>
      </trkpt>
      <trkpt lat="44.11456" lon="3.13489">
        <ele>669</ele>
        <time>2026-08-21T18:45:45+00:00</time>
      </trkpt>
      <trkpt lat="44.11465" lon="3.13487">
        <ele>673</ele>
        <time>2026-08-21T18:45:48+00:00</time>
      </trkpt>
      <trkpt lat="44.1147" lon="3.13485">
        <ele>673</ele>
        <time>2026-08-21T18:45:51+00:00</time>
      </trkpt>
      <trkpt lat="44.11476" lon="3.13481">
        <ele>677</ele>
        <time>2026-08-21T18:45:54+00:00</time>
      </trkpt>
      <trkpt lat="44.1148" lon="3.13473">
        <ele>680</ele>
        <time>2026-08-21T18:45:57+00:00</time>
      </trkpt>
      <trkpt lat="44.11486" lon="3.13459">
        <ele>677</ele>
        <time>2026-08-21T18:46:00+00:00</time>
      </trkpt>
      <trkpt lat="44.11492" lon="3.13447">
        <ele>681</ele>
        <time>2026-08-21T18:46:03+00:00</time>
      </trkpt>
      <trkpt lat="44.11497" lon="3.1344">
        <ele>679</ele>
        <time>2026-08-21T18:46:06+00:00</time>
      </trkpt>
      <trkpt lat="44.11502" lon="3.13429">
        <ele>690</ele>
        <time>2026-08-21T18:46:09+00:00</time>
      </trkpt>
      <trkpt lat="44.11513" lon="3.13412">
        <ele>690</ele>
        <time>2026-08-21T18:46:12+00:00</time>
      </trkpt>
      <trkpt lat="44.11522" lon="3.13396">
        <ele>693</ele>
        <time>2026-08-21T18:46:15+00:00</time>
      </trkpt>
      <trkpt lat="44.11524" lon="3.13389">
        <ele>694</ele>
        <time>2026-08-21T18:46:18+00:00</time>
      </trkpt>
      <trkpt lat="44.11524" lon="3.13365">
        <ele>694</ele>
        <time>2026-08-21T18:46:21+00:00</time>
      </trkpt>
      <trkpt lat="44.11527" lon="3.13353">
        <ele>698</ele>
        <time>2026-08-21T18:46:24+00:00</time>
      </trkpt>
      <trkpt lat="44.1153" lon="3.13337">
        <ele>704</ele>
        <time>2026-08-21T18:46:27+00:00</time>
      </trkpt>
      <trkpt lat="44.11524" lon="3.13327">
        <ele>707</ele>
        <time>2026-08-21T18:46:30+00:00</time>
      </trkpt>
      <trkpt lat="44.11519" lon="3.1332">
        <ele>705</ele>
        <time>2026-08-21T18:46:33+00:00</time>
      </trkpt>
      <trkpt lat="44.1152" lon="3.13308">
        <ele>706</ele>
        <time>2026-08-21T18:46:36+00:00</time>
      </trkpt>
      <trkpt lat="44.11521" lon="3.13302">
        <ele>711</ele>
        <time>2026-08-21T18:46:39+00:00</time>
      </trkpt>
      <trkpt lat="44.11525" lon="3.13293">
        <ele>714</ele>
        <time>2026-08-21T18:46:42+00:00</time>
      </trkpt>
      <trkpt lat="44.11525" lon="3.13286">
        <ele>714</ele>
        <time>2026-08-21T18:46:45+00:00</time>
      </trkpt>
      <trkpt lat="44.11523" lon="3.13279">
        <ele>710</ele>
        <time>2026-08-21T18:46:48+00:00</time>
      </trkpt>
      <trkpt lat="44.11521" lon="3.13269">
        <ele>717</ele>
        <time>2026-08-21T18:46:51+00:00</time>
      </trkpt>
      <trkpt lat="44.11519" lon="3.13264">
        <ele>712</ele>
        <time>2026-08-21T18:46:54+00:00</time>
      </trkpt>
      <trkpt lat="44.11515" lon="3.13254">
        <ele>715</ele>
        <time>2026-08-21T18:46:57+00:00</time>
      </trkpt>
      <trkpt lat="44.11512" lon="3.13243">
        <ele>717</ele>
        <time>2026-08-21T18:47:00+00:00</time>
      </trkpt>
      <trkpt lat="44.11509" lon="3.13238">
        <ele>721</ele>
        <time>2026-08-21T18:47:03+00:00</time>
      </trkpt>
      <trkpt lat="44.11501" lon="3.13229">
        <ele>717</ele>
        <time>2026-08-21T18:47:06+00:00</time>
      </trkpt>
      <trkpt lat="44.11488" lon="3.13206">
        <ele>720</ele>
        <time>2026-08-21T18:47:09+00:00</time>
      </trkpt>
      <trkpt lat="44.11482" lon="3.1319">
        <ele>722</ele>
        <time>2026-08-21T18:47:12+00:00</time>
      </trkpt>
      <trkpt lat="44.11482" lon="3.13185">
        <ele>723</ele>
        <time>2026-08-21T18:47:15+00:00</time>
      </trkpt>
      <trkpt lat="44.11483" lon="3.13179">
        <ele>726</ele>
        <time>2026-08-21T18:47:18+00:00</time>
      </trkpt>
      <trkpt lat="44.11486" lon="3.13174">
        <ele>726</ele>
        <time>2026-08-21T18:47:21+00:00</time>
      </trkpt>
      <trkpt lat="44.1149" lon="3.13169">
        <ele>734</ele>
        <time>2026-08-21T18:47:24+00:00</time>
      </trkpt>
      <trkpt lat="44.11493" lon="3.13169">
        <ele>734</ele>
        <time>2026-08-21T18:47:27+00:00</time>
      </trkpt>
      <trkpt lat="44.11495" lon="3.1317">
        <ele>731</ele>
        <time>2026-08-21T18:47:30+00:00</time>
      </trkpt>
      <trkpt lat="44.11498" lon="3.13169">
        <ele>734</ele>
        <time>2026-08-21T18:47:33+00:00</time>
      </trkpt>
      <trkpt lat="44.11499" lon="3.13165">
        <ele>734</ele>
        <time>2026-08-21T18:47:36+00:00</time>
      </trkpt>
      <trkpt lat="44.11499" lon="3.13152">
        <ele>736</ele>
        <time>2026-08-21T18:47:39+00:00</time>
      </trkpt>
      <trkpt lat="44.11499" lon="3.13147">
        <ele>740</ele>
        <time>2026-08-21T18:47:42+00:00</time>
      </trkpt>
      <trkpt lat="44.11499" lon="3.13146">
        <ele>740</ele>
        <time>2026-08-21T18:47:45+00:00</time>
      </trkpt>
      <trkpt lat="44.11501" lon="3.13146">
        <ele>747</ele>
        <time>2026-08-21T18:47:48+00:00</time>
      </trkpt>
      <trkpt lat="44.11506" lon="3.13151">
        <ele>745</ele>
        <time>2026-08-21T18:47:51+00:00</time>
      </trkpt>
      <trkpt lat="44.11514" lon="3.13159">
        <ele>749</ele>
        <time>2026-08-21T18:47:54+00:00</time>
      </trkpt>
      <trkpt lat="44.11518" lon="3.13162">
        <ele>747</ele>
        <time>2026-08-21T18:47:57+00:00</time>
      </trkpt>
      <trkpt lat="44.1152" lon="3.1317">
        <ele>747</ele>
        <time>2026-08-21T18:48:00+00:00</time>
      </trkpt>
      <trkpt lat="44.11521" lon="3.13173">
        <ele>751</ele>
        <time>2026-08-21T18:48:03+00:00</time>
      </trkpt>
      <trkpt lat="44.11523" lon="3.13175">
        <ele>751</ele>
        <time>2026-08-21T18:48:06+00:00</time>
      </trkpt>
      <trkpt lat="44.11525" lon="3.13174">
        <ele>751</ele>
        <time>2026-08-21T18:48:09+00:00</time>
      </trkpt>
      <trkpt lat="44.11527" lon="3.1317">
        <ele>752</ele>
        <time>2026-08-21T18:48:12+00:00</time>
      </trkpt>
      <trkpt lat="44.1153" lon="3.13161">
        <ele>752</ele>
        <time>2026-08-21T18:48:15+00:00</time>
      </trkpt>
      <trkpt lat="44.11531" lon="3.13155">
        <ele>758</ele>
        <time>2026-08-21T18:48:18+00:00</time>
      </trkpt>
      <trkpt lat="44.11531" lon="3.13145">
        <ele>760</ele>
        <time>2026-08-21T18:48:21+00:00</time>
      </trkpt>
      <trkpt lat="44.1153" lon="3.13139">
        <ele>760</ele>
        <time>2026-08-21T18:48:24+00:00</time>
      </trkpt>
      <trkpt lat="44.11531" lon="3.13138">
        <ele>763</ele>
        <time>2026-08-21T18:48:27+00:00</time>
      </trkpt>
      <trkpt lat="44.11532" lon="3.13139">
        <ele>763</ele>
        <time>2026-08-21T18:48:30+00:00</time>
      </trkpt>
      <trkpt lat="44.11535" lon="3.13142">
        <ele>760</ele>
        <time>2026-08-21T18:48:33+00:00</time>
      </trkpt>
      <trkpt lat="44.11538" lon="3.13146">
        <ele>760</ele>
        <time>2026-08-21T18:48:36+00:00</time>
      </trkpt>
      <trkpt lat="44.11541" lon="3.13151">
        <ele>763</ele>
        <time>2026-08-21T18:48:39+00:00</time>
      </trkpt>
      <trkpt lat="44.11546" lon="3.13159">
        <ele>763</ele>
        <time>2026-08-21T18:48:42+00:00</time>
      </trkpt>
      <trkpt lat="44.11547" lon="3.13163">
        <ele>762</ele>
        <time>2026-08-21T18:48:45+00:00</time>
      </trkpt>
      <trkpt lat="44.11549" lon="3.13165">
        <ele>762</ele>
        <time>2026-08-21T18:48:48+00:00</time>
      </trkpt>
      <trkpt lat="44.11549" lon="3.13165">
        <ele>762</ele>
        <time>2026-08-21T18:48:51+00:00</time>
      </trkpt>
      <trkpt lat="44.1155" lon="3.13164">
        <ele>766</ele>
        <time>2026-08-21T18:48:54+00:00</time>
      </trkpt>
      <trkpt lat="44.11551" lon="3.13162">
        <ele>766</ele>
        <time>2026-08-21T18:48:57+00:00</time>
      </trkpt>
      <trkpt lat="44.11553" lon="3.13158">
        <ele>768</ele>
        <time>2026-08-21T18:49:00+00:00</time>
      </trkpt>
      <trkpt lat="44.11555" lon="3.13151">
        <ele>768</ele>
        <time>2026-08-21T18:49:03+00:00</time>
      </trkpt>
      <trkpt lat="44.11556" lon="3.13145">
        <ele>769</ele>
        <time>2026-08-21T18:49:06+00:00</time>
      </trkpt>
      <trkpt lat="44.11556" lon="3.1314">
        <ele>769</ele>
        <time>2026-08-21T18:49:09+00:00</time>
      </trkpt>
      <trkpt lat="44.11556" lon="3.13134">
        <ele>771</ele>
        <time>2026-08-21T18:49:12+00:00</time>
      </trkpt>
      <trkpt lat="44.11559" lon="3.13135">
        <ele>771</ele>
        <time>2026-08-21T18:49:15+00:00</time>
      </trkpt>
      <trkpt lat="44.11562" lon="3.13136">
        <ele>775</ele>
        <time>2026-08-21T18:49:18+00:00</time>
      </trkpt>
      <trkpt lat="44.11564" lon="3.1314">
        <ele>774</ele>
        <time>2026-08-21T18:49:21+00:00</time>
      </trkpt>
      <trkpt lat="44.11566" lon="3.13144">
        <ele>774</ele>
        <time>2026-08-21T18:49:24+00:00</time>
      </trkpt>
      <trkpt lat="44.1157" lon="3.13148">
        <ele>781</ele>
        <time>2026-08-21T18:49:27+00:00</time>
      </trkpt>
      <trkpt lat="44.11573" lon="3.13152">
        <ele>780</ele>
        <time>2026-08-21T18:49:30+00:00</time>
      </trkpt>
      <trkpt lat="44.11576" lon="3.13157">
        <ele>780</ele>
        <time>2026-08-21T18:49:33+00:00</time>
      </trkpt>
      <trkpt lat="44.11578" lon="3.13161">
        <ele>780</ele>
        <time>2026-08-21T18:49:36+00:00</time>
      </trkpt>
      <trkpt lat="44.11579" lon="3.13164">
        <ele>780</ele>
        <time>2026-08-21T18:49:39+00:00</time>
      </trkpt>
      <trkpt lat="44.1158" lon="3.13165">
        <ele>784</ele>
        <time>2026-08-21T18:49:42+00:00</time>
      </trkpt>
      <trkpt lat="44.11582" lon="3.13162">
        <ele>784</ele>
        <time>2026-08-21T18:49:45+00:00</time>
      </trkpt>
      <trkpt lat="44.11588" lon="3.13157">
        <ele>784</ele>
        <time>2026-08-21T18:49:48+00:00</time>
      </trkpt>
      <trkpt lat="44.11594" lon="3.13155">
        <ele>786</ele>
        <time>2026-08-21T18:49:51+00:00</time>
      </trkpt>
      <trkpt lat="44.11599" lon="3.13155">
        <ele>786</ele>
        <time>2026-08-21T18:49:54+00:00</time>
      </trkpt>
      <trkpt lat="44.11606" lon="3.13153">
        <ele>787</ele>
        <time>2026-08-21T18:49:57+00:00</time>
      </trkpt>
      <trkpt lat="44.11611" lon="3.13152">
        <ele>789</ele>
        <time>2026-08-21T18:50:00+00:00</time>
      </trkpt>
      <trkpt lat="44.11616" lon="3.13153">
        <ele>789</ele>
        <time>2026-08-21T18:50:03+00:00</time>
      </trkpt>
      <trkpt lat="44.11621" lon="3.13154">
        <ele>791</ele>
        <time>2026-08-21T18:50:06+00:00</time>
      </trkpt>
      <trkpt lat="44.11626" lon="3.13155">
        <ele>791</ele>
        <time>2026-08-21T18:50:09+00:00</time>
      </trkpt>
      <trkpt lat="44.11632" lon="3.13156">
        <ele>793</ele>
        <time>2026-08-21T18:50:12+00:00</time>
      </trkpt>
      <trkpt lat="44.11639" lon="3.13155">
        <ele>793</ele>
        <time>2026-08-21T18:50:15+00:00</time>
      </trkpt>
      <trkpt lat="44.11651" lon="3.13155">
        <ele>794</ele>
        <time>2026-08-21T18:50:18+00:00</time>
      </trkpt>
      <trkpt lat="44.11657" lon="3.13154">
        <ele>794</ele>
        <time>2026-08-21T18:50:21+00:00</time>
      </trkpt>
      <trkpt lat="44.1166" lon="3.13152">
        <ele>794</ele>
        <time>2026-08-21T18:50:24+00:00</time>
      </trkpt>
      <trkpt lat="44.11661" lon="3.1315">
        <ele>794</ele>
        <time>2026-08-21T18:50:27+00:00</time>
      </trkpt>
      <trkpt lat="44.11663" lon="3.13148">
        <ele>794</ele>
        <time>2026-08-21T18:50:30+00:00</time>
      </trkpt>
      <trkpt lat="44.11665" lon="3.13146">
        <ele>794</ele>
        <time>2026-08-21T18:50:33+00:00</time>
      </trkpt>
      <trkpt lat="44.11669" lon="3.13143">
        <ele>794</ele>
        <time>2026-08-21T18:50:36+00:00</time>
      </trkpt>
      <trkpt lat="44.11676" lon="3.13137">
        <ele>794</ele>
        <time>2026-08-21T18:50:39+00:00</time>
      </trkpt>
      <trkpt lat="44.11682" lon="3.13135">
        <ele>796</ele>
        <time>2026-08-21T18:50:42+00:00</time>
      </trkpt>
      <trkpt lat="44.11688" lon="3.1313">
        <ele>794</ele>
        <time>2026-08-21T18:50:45+00:00</time>
      </trkpt>
      <trkpt lat="44.11692" lon="3.13123">
        <ele>798</ele>
        <time>2026-08-21T18:50:48+00:00</time>
      </trkpt>
      <trkpt lat="44.11697" lon="3.13117">
        <ele>793</ele>
        <time>2026-08-21T18:50:51+00:00</time>
      </trkpt>
      <trkpt lat="44.117" lon="3.13114">
        <ele>794</ele>
        <time>2026-08-21T18:50:54+00:00</time>
      </trkpt>
      <trkpt lat="44.11703" lon="3.13112">
        <ele>794</ele>
        <time>2026-08-21T18:50:57+00:00</time>
      </trkpt>
      <trkpt lat="44.11709" lon="3.13108">
        <ele>790</ele>
        <time>2026-08-21T18:51:00+00:00</time>
      </trkpt>
      <trkpt lat="44.11713" lon="3.13107">
        <ele>791</ele>
        <time>2026-08-21T18:51:03+00:00</time>
      </trkpt>
      <trkpt lat="44.11722" lon="3.13105">
        <ele>797</ele>
        <time>2026-08-21T18:51:06+00:00</time>
      </trkpt>
      <trkpt lat="44.11726" lon="3.13104">
        <ele>793</ele>
        <time>2026-08-21T18:51:09+00:00</time>
      </trkpt>
      <trkpt lat="44.11733" lon="3.13104">
        <ele>797</ele>
        <time>2026-08-21T18:51:12+00:00</time>
      </trkpt>
      <trkpt lat="44.11738" lon="3.13102">
        <ele>797</ele>
        <time>2026-08-21T18:51:15+00:00</time>
      </trkpt>
      <trkpt lat="44.11745" lon="3.131">
        <ele>800</ele>
        <time>2026-08-21T18:51:18+00:00</time>
      </trkpt>
      <trkpt lat="44.11745" lon="3.13094">
        <ele>799</ele>
        <time>2026-08-21T18:51:21+00:00</time>
      </trkpt>
      <trkpt lat="44.11748" lon="3.13087">
        <ele>799</ele>
        <time>2026-08-21T18:51:24+00:00</time>
      </trkpt>
      <trkpt lat="44.11751" lon="3.13081">
        <ele>803</ele>
        <time>2026-08-21T18:51:27+00:00</time>
      </trkpt>
      <trkpt lat="44.11754" lon="3.13073">
        <ele>800</ele>
        <time>2026-08-21T18:51:30+00:00</time>
      </trkpt>
      <trkpt lat="44.11756" lon="3.13066">
        <ele>802</ele>
        <time>2026-08-21T18:51:33+00:00</time>
      </trkpt>
      <trkpt lat="44.11758" lon="3.13059">
        <ele>802</ele>
        <time>2026-08-21T18:51:36+00:00</time>
      </trkpt>
      <trkpt lat="44.11759" lon="3.13051">
        <ele>802</ele>
        <time>2026-08-21T18:51:39+00:00</time>
      </trkpt>
      <trkpt lat="44.11759" lon="3.13047">
        <ele>801</ele>
        <time>2026-08-21T18:51:42+00:00</time>
      </trkpt>
      <trkpt lat="44.11762" lon="3.13041">
        <ele>802</ele>
        <time>2026-08-21T18:51:45+00:00</time>
      </trkpt>
      <trkpt lat="44.11764" lon="3.13037">
        <ele>802</ele>
        <time>2026-08-21T18:51:48+00:00</time>
      </trkpt>
      <trkpt lat="44.11768" lon="3.13032">
        <ele>802</ele>
        <time>2026-08-21T18:51:51+00:00</time>
      </trkpt>
      <trkpt lat="44.1177" lon="3.13028">
        <ele>803</ele>
        <time>2026-08-21T18:51:54+00:00</time>
      </trkpt>
      <trkpt lat="44.11774" lon="3.13021">
        <ele>801</ele>
        <time>2026-08-21T18:51:57+00:00</time>
      </trkpt>
      <trkpt lat="44.11776" lon="3.13017">
        <ele>803</ele>
        <time>2026-08-21T18:52:00+00:00</time>
      </trkpt>
      <trkpt lat="44.11777" lon="3.13013">
        <ele>803</ele>
        <time>2026-08-21T18:52:03+00:00</time>
      </trkpt>
      <trkpt lat="44.1178" lon="3.13009">
        <ele>802</ele>
        <time>2026-08-21T18:52:06+00:00</time>
      </trkpt>
      <trkpt lat="44.11784" lon="3.13003">
        <ele>803</ele>
        <time>2026-08-21T18:52:09+00:00</time>
      </trkpt>
      <trkpt lat="44.11789" lon="3.12996">
        <ele>802</ele>
        <time>2026-08-21T18:52:12+00:00</time>
      </trkpt>
      <trkpt lat="44.11795" lon="3.12987">
        <ele>802</ele>
        <time>2026-08-21T18:52:15+00:00</time>
      </trkpt>
      <trkpt lat="44.11799" lon="3.12982">
        <ele>802</ele>
        <time>2026-08-21T18:52:18+00:00</time>
      </trkpt>
      <trkpt lat="44.11802" lon="3.12977">
        <ele>802</ele>
        <time>2026-08-21T18:52:21+00:00</time>
      </trkpt>
      <trkpt lat="44.11806" lon="3.12974">
        <ele>802</ele>
        <time>2026-08-21T18:52:24+00:00</time>
      </trkpt>
      <trkpt lat="44.11812" lon="3.12968">
        <ele>803</ele>
        <time>2026-08-21T18:52:27+00:00</time>
      </trkpt>
      <trkpt lat="44.11818" lon="3.12962">
        <ele>803</ele>
        <time>2026-08-21T18:52:30+00:00</time>
      </trkpt>
      <trkpt lat="44.11825" lon="3.12954">
        <ele>802</ele>
        <time>2026-08-21T18:52:33+00:00</time>
      </trkpt>
      <trkpt lat="44.11827" lon="3.12952">
        <ele>802</ele>
        <time>2026-08-21T18:52:36+00:00</time>
      </trkpt>
      <trkpt lat="44.11829" lon="3.12949">
        <ele>801</ele>
        <time>2026-08-21T18:52:39+00:00</time>
      </trkpt>
      <trkpt lat="44.11832" lon="3.12945">
        <ele>801</ele>
        <time>2026-08-21T18:52:42+00:00</time>
      </trkpt>
      <trkpt lat="44.11838" lon="3.1294">
        <ele>801</ele>
        <time>2026-08-21T18:52:45+00:00</time>
      </trkpt>
      <trkpt lat="44.1184" lon="3.12937">
        <ele>801</ele>
        <time>2026-08-21T18:52:48+00:00</time>
      </trkpt>
      <trkpt lat="44.11841" lon="3.12934">
        <ele>804</ele>
        <time>2026-08-21T18:52:51+00:00</time>
      </trkpt>
      <trkpt lat="44.11842" lon="3.12929">
        <ele>805</ele>
        <time>2026-08-21T18:52:54+00:00</time>
      </trkpt>
      <trkpt lat="44.1184" lon="3.12925">
        <ele>801</ele>
        <time>2026-08-21T18:52:57+00:00</time>
      </trkpt>
      <trkpt lat="44.11841" lon="3.12923">
        <ele>805</ele>
        <time>2026-08-21T18:53:00+00:00</time>
      </trkpt>
      <trkpt lat="44.11843" lon="3.1292">
        <ele>805</ele>
        <time>2026-08-21T18:53:03+00:00</time>
      </trkpt>
      <trkpt lat="44.11845" lon="3.12917">
        <ele>805</ele>
        <time>2026-08-21T18:53:06+00:00</time>
      </trkpt>
      <trkpt lat="44.11847" lon="3.12912">
        <ele>805</ele>
        <time>2026-08-21T18:53:09+00:00</time>
      </trkpt>
      <trkpt lat="44.11848" lon="3.12908">
        <ele>804</ele>
        <time>2026-08-21T18:53:12+00:00</time>
      </trkpt>
      <trkpt lat="44.11851" lon="3.12905">
        <ele>807</ele>
        <time>2026-08-21T18:53:15+00:00</time>
      </trkpt>
      <trkpt lat="44.11852" lon="3.12901">
        <ele>807</ele>
        <time>2026-08-21T18:53:18+00:00</time>
      </trkpt>
      <trkpt lat="44.11853" lon="3.12899">
        <ele>807</ele>
        <time>2026-08-21T18:53:21+00:00</time>
      </trkpt>
      <trkpt lat="44.11856" lon="3.12895">
        <ele>807</ele>
        <time>2026-08-21T18:53:24+00:00</time>
      </trkpt>
      <trkpt lat="44.11858" lon="3.12889">
        <ele>807</ele>
        <time>2026-08-21T18:53:27+00:00</time>
      </trkpt>
      <trkpt lat="44.11859" lon="3.12885">
        <ele>807</ele>
        <time>2026-08-21T18:53:30+00:00</time>
      </trkpt>
      <trkpt lat="44.11861" lon="3.12876">
        <ele>812</ele>
        <time>2026-08-21T18:53:33+00:00</time>
      </trkpt>
      <trkpt lat="44.11861" lon="3.12873">
        <ele>812</ele>
        <time>2026-08-21T18:53:36+00:00</time>
      </trkpt>
      <trkpt lat="44.11862" lon="3.1287">
        <ele>813</ele>
        <time>2026-08-21T18:53:39+00:00</time>
      </trkpt>
      <trkpt lat="44.11863" lon="3.12865">
        <ele>813</ele>
        <time>2026-08-21T18:53:42+00:00</time>
      </trkpt>
      <trkpt lat="44.11861" lon="3.1286">
        <ele>813</ele>
        <time>2026-08-21T18:53:45+00:00</time>
      </trkpt>
      <trkpt lat="44.1186" lon="3.1285">
        <ele>814</ele>
        <time>2026-08-21T18:53:48+00:00</time>
      </trkpt>
      <trkpt lat="44.11859" lon="3.12838">
        <ele>814</ele>
        <time>2026-08-21T18:53:51+00:00</time>
      </trkpt>
      <trkpt lat="44.11859" lon="3.12822">
        <ele>815</ele>
        <time>2026-08-21T18:53:54+00:00</time>
      </trkpt>
      <trkpt lat="44.11859" lon="3.12808">
        <ele>818</ele>
        <time>2026-08-21T18:53:57+00:00</time>
      </trkpt>
      <trkpt lat="44.11859" lon="3.12803">
        <ele>818</ele>
        <time>2026-08-21T18:54:00+00:00</time>
      </trkpt>
      <trkpt lat="44.11858" lon="3.12798">
        <ele>819</ele>
        <time>2026-08-21T18:54:03+00:00</time>
      </trkpt>
      <trkpt lat="44.11857" lon="3.12794">
        <ele>819</ele>
        <time>2026-08-21T18:54:06+00:00</time>
      </trkpt>
      <trkpt lat="44.11855" lon="3.12793">
        <ele>819</ele>
        <time>2026-08-21T18:54:09+00:00</time>
      </trkpt>
      <trkpt lat="44.11853" lon="3.12793">
        <ele>819</ele>
        <time>2026-08-21T18:54:12+00:00</time>
      </trkpt>
      <trkpt lat="44.1185" lon="3.12793">
        <ele>819</ele>
        <time>2026-08-21T18:54:15+00:00</time>
      </trkpt>
      <trkpt lat="44.1185" lon="3.12792">
        <ele>816</ele>
        <time>2026-08-21T18:54:18+00:00</time>
      </trkpt>
      <trkpt lat="44.11848" lon="3.12792">
        <ele>816</ele>
        <time>2026-08-21T18:54:21+00:00</time>
      </trkpt>
      <trkpt lat="44.11847" lon="3.12791">
        <ele>816</ele>
        <time>2026-08-21T18:54:24+00:00</time>
      </trkpt>
      <trkpt lat="44.11846" lon="3.12788">
        <ele>818</ele>
        <time>2026-08-21T18:54:27+00:00</time>
      </trkpt>
      <trkpt lat="44.11845" lon="3.12782">
        <ele>818</ele>
        <time>2026-08-21T18:54:30+00:00</time>
      </trkpt>
      <trkpt lat="44.11842" lon="3.12776">
        <ele>819</ele>
        <time>2026-08-21T18:54:33+00:00</time>
      </trkpt>
      <trkpt lat="44.11839" lon="3.12768">
        <ele>817</ele>
        <time>2026-08-21T18:54:36+00:00</time>
      </trkpt>
      <trkpt lat="44.11837" lon="3.12765">
        <ele>817</ele>
        <time>2026-08-21T18:54:39+00:00</time>
      </trkpt>
      <trkpt lat="44.11835" lon="3.12764">
        <ele>817</ele>
        <time>2026-08-21T18:54:42+00:00</time>
      </trkpt>
      <trkpt lat="44.11833" lon="3.12764">
        <ele>817</ele>
        <time>2026-08-21T18:54:45+00:00</time>
      </trkpt>
      <trkpt lat="44.11829" lon="3.12762">
        <ele>814</ele>
        <time>2026-08-21T18:54:48+00:00</time>
      </trkpt>
      <trkpt lat="44.11826" lon="3.12757">
        <ele>818</ele>
        <time>2026-08-21T18:54:51+00:00</time>
      </trkpt>
      <trkpt lat="44.11821" lon="3.1275">
        <ele>816</ele>
        <time>2026-08-21T18:54:54+00:00</time>
      </trkpt>
      <trkpt lat="44.11818" lon="3.12743">
        <ele>816</ele>
        <time>2026-08-21T18:54:57+00:00</time>
      </trkpt>
      <trkpt lat="44.11818" lon="3.1274">
        <ele>816</ele>
        <time>2026-08-21T18:55:00+00:00</time>
      </trkpt>
      <trkpt lat="44.11815" lon="3.12738">
        <ele>817</ele>
        <time>2026-08-21T18:55:03+00:00</time>
      </trkpt>
      <trkpt lat="44.11812" lon="3.12736">
        <ele>817</ele>
        <time>2026-08-21T18:55:06+00:00</time>
      </trkpt>
      <trkpt lat="44.11808" lon="3.12732">
        <ele>811</ele>
        <time>2026-08-21T18:55:09+00:00</time>
      </trkpt>
      <trkpt lat="44.11805" lon="3.12721">
        <ele>812</ele>
        <time>2026-08-21T18:55:12+00:00</time>
      </trkpt>
      <trkpt lat="44.11804" lon="3.12719">
        <ele>812</ele>
        <time>2026-08-21T18:55:15+00:00</time>
      </trkpt>
      <trkpt lat="44.118" lon="3.12715">
        <ele>812</ele>
        <time>2026-08-21T18:55:18+00:00</time>
      </trkpt>
      <trkpt lat="44.11797" lon="3.12714">
        <ele>809</ele>
        <time>2026-08-21T18:55:21+00:00</time>
      </trkpt>
      <trkpt lat="44.11794" lon="3.1271">
        <ele>809</ele>
        <time>2026-08-21T18:55:24+00:00</time>
      </trkpt>
      <trkpt lat="44.11793" lon="3.12704">
        <ele>809</ele>
        <time>2026-08-21T18:55:27+00:00</time>
      </trkpt>
      <trkpt lat="44.11792" lon="3.12699">
        <ele>808</ele>
        <time>2026-08-21T18:55:30+00:00</time>
      </trkpt>
      <trkpt lat="44.11791" lon="3.12693">
        <ele>808</ele>
        <time>2026-08-21T18:55:33+00:00</time>
      </trkpt>
      <trkpt lat="44.11788" lon="3.12679">
        <ele>806</ele>
        <time>2026-08-21T18:55:36+00:00</time>
      </trkpt>
      <trkpt lat="44.11786" lon="3.1267">
        <ele>807</ele>
        <time>2026-08-21T18:55:39+00:00</time>
      </trkpt>
      <trkpt lat="44.11787" lon="3.12665">
        <ele>808</ele>
        <time>2026-08-21T18:55:42+00:00</time>
      </trkpt>
      <trkpt lat="44.11786" lon="3.12662">
        <ele>807</ele>
        <time>2026-08-21T18:55:45+00:00</time>
      </trkpt>
      <trkpt lat="44.11783" lon="3.1266">
        <ele>809</ele>
        <time>2026-08-21T18:55:48+00:00</time>
      </trkpt>
      <trkpt lat="44.1178" lon="3.12656">
        <ele>807</ele>
        <time>2026-08-21T18:55:51+00:00</time>
      </trkpt>
      <trkpt lat="44.11775" lon="3.12649">
        <ele>809</ele>
        <time>2026-08-21T18:55:54+00:00</time>
      </trkpt>
      <trkpt lat="44.11773" lon="3.12645">
        <ele>808</ele>
        <time>2026-08-21T18:55:57+00:00</time>
      </trkpt>
      <trkpt lat="44.1177" lon="3.12641">
        <ele>808</ele>
        <time>2026-08-21T18:56:00+00:00</time>
      </trkpt>
      <trkpt lat="44.11764" lon="3.12635">
        <ele>809</ele>
        <time>2026-08-21T18:56:03+00:00</time>
      </trkpt>
      <trkpt lat="44.1176" lon="3.1263">
        <ele>810</ele>
        <time>2026-08-21T18:56:06+00:00</time>
      </trkpt>
      <trkpt lat="44.11759" lon="3.12625">
        <ele>808</ele>
        <time>2026-08-21T18:56:09+00:00</time>
      </trkpt>
      <trkpt lat="44.11758" lon="3.1262">
        <ele>808</ele>
        <time>2026-08-21T18:56:12+00:00</time>
      </trkpt>
      <trkpt lat="44.11757" lon="3.12612">
        <ele>809</ele>
        <time>2026-08-21T18:56:15+00:00</time>
      </trkpt>
      <trkpt lat="44.11754" lon="3.12604">
        <ele>810</ele>
        <time>2026-08-21T18:56:18+00:00</time>
      </trkpt>
      <trkpt lat="44.11751" lon="3.12597">
        <ele>811</ele>
        <time>2026-08-21T18:56:21+00:00</time>
      </trkpt>
      <trkpt lat="44.11749" lon="3.1259">
        <ele>803</ele>
        <time>2026-08-21T18:56:24+00:00</time>
      </trkpt>
      <trkpt lat="44.11749" lon="3.1259">
        <ele>803</ele>
        <time>2026-08-21T18:56:27+00:00</time>
      </trkpt>
      <trkpt lat="44.11749" lon="3.1259">
        <ele>803</ele>
        <time>2026-08-21T18:56:30+00:00</time>
      </trkpt>
      <trkpt lat="44.11748" lon="3.12587">
        <ele>806</ele>
        <time>2026-08-21T18:56:33+00:00</time>
      </trkpt>
      <trkpt lat="44.11748" lon="3.12584">
        <ele>806</ele>
        <time>2026-08-21T18:56:36+00:00</time>
      </trkpt>
      <trkpt lat="44.11747" lon="3.1258">
        <ele>808</ele>
        <time>2026-08-21T18:56:39+00:00</time>
      </trkpt>
      <trkpt lat="44.11745" lon="3.12575">
        <ele>808</ele>
        <time>2026-08-21T18:56:42+00:00</time>
      </trkpt>
      <trkpt lat="44.11744" lon="3.12569">
        <ele>811</ele>
        <time>2026-08-21T18:56:45+00:00</time>
      </trkpt>
      <trkpt lat="44.11743" lon="3.12559">
        <ele>812</ele>
        <time>2026-08-21T18:56:48+00:00</time>
      </trkpt>
      <trkpt lat="44.11743" lon="3.12553">
        <ele>812</ele>
        <time>2026-08-21T18:56:51+00:00</time>
      </trkpt>
      <trkpt lat="44.11742" lon="3.1255">
        <ele>812</ele>
        <time>2026-08-21T18:56:54+00:00</time>
      </trkpt>
      <trkpt lat="44.11738" lon="3.12549">
        <ele>812</ele>
        <time>2026-08-21T18:56:57+00:00</time>
      </trkpt>
      <trkpt lat="44.11737" lon="3.12547">
        <ele>812</ele>
        <time>2026-08-21T18:57:00+00:00</time>
      </trkpt>
      <trkpt lat="44.11735" lon="3.12544">
        <ele>812</ele>
        <time>2026-08-21T18:57:03+00:00</time>
      </trkpt>
      <trkpt lat="44.11734" lon="3.1254">
        <ele>812</ele>
        <time>2026-08-21T18:57:06+00:00</time>
      </trkpt>
      <trkpt lat="44.11734" lon="3.12533">
        <ele>812</ele>
        <time>2026-08-21T18:57:09+00:00</time>
      </trkpt>
      <trkpt lat="44.11734" lon="3.12517">
        <ele>813</ele>
        <time>2026-08-21T18:57:12+00:00</time>
      </trkpt>
      <trkpt lat="44.11735" lon="3.12507">
        <ele>813</ele>
        <time>2026-08-21T18:57:15+00:00</time>
      </trkpt>
      <trkpt lat="44.11737" lon="3.12498">
        <ele>812</ele>
        <time>2026-08-21T18:57:18+00:00</time>
      </trkpt>
      <trkpt lat="44.1174" lon="3.12493">
        <ele>812</ele>
        <time>2026-08-21T18:57:21+00:00</time>
      </trkpt>
      <trkpt lat="44.11742" lon="3.12491">
        <ele>815</ele>
        <time>2026-08-21T18:57:24+00:00</time>
      </trkpt>
      <trkpt lat="44.11747" lon="3.12486">
        <ele>814</ele>
        <time>2026-08-21T18:57:27+00:00</time>
      </trkpt>
      <trkpt lat="44.11755" lon="3.12478">
        <ele>818</ele>
        <time>2026-08-21T18:57:30+00:00</time>
      </trkpt>
      <trkpt lat="44.11762" lon="3.12469">
        <ele>819</ele>
        <time>2026-08-21T18:57:33+00:00</time>
      </trkpt>
      <trkpt lat="44.11769" lon="3.12455">
        <ele>820</ele>
        <time>2026-08-21T18:57:36+00:00</time>
      </trkpt>
      <trkpt lat="44.11761" lon="3.12448">
        <ele>821</ele>
        <time>2026-08-21T18:57:39+00:00</time>
      </trkpt>
      <trkpt lat="44.11755" lon="3.12443">
        <ele>821</ele>
        <time>2026-08-21T18:57:42+00:00</time>
      </trkpt>
      <trkpt lat="44.11742" lon="3.12439">
        <ele>822</ele>
        <time>2026-08-21T18:57:45+00:00</time>
      </trkpt>
      <trkpt lat="44.11731" lon="3.12432">
        <ele>822</ele>
        <time>2026-08-21T18:57:48+00:00</time>
      </trkpt>
      <trkpt lat="44.11717" lon="3.12418">
        <ele>823</ele>
        <time>2026-08-21T18:57:51+00:00</time>
      </trkpt>
      <trkpt lat="44.11701" lon="3.12397">
        <ele>825</ele>
        <time>2026-08-21T18:57:54+00:00</time>
      </trkpt>
      <trkpt lat="44.11684" lon="3.12376">
        <ele>825</ele>
        <time>2026-08-21T18:57:57+00:00</time>
      </trkpt>
      <trkpt lat="44.1168" lon="3.1237">
        <ele>825</ele>
        <time>2026-08-21T18:58:00+00:00</time>
      </trkpt>
      <trkpt lat="44.11676" lon="3.12359">
        <ele>826</ele>
        <time>2026-08-21T18:58:03+00:00</time>
      </trkpt>
      <trkpt lat="44.11669" lon="3.12331">
        <ele>824</ele>
        <time>2026-08-21T18:58:06+00:00</time>
      </trkpt>
      <trkpt lat="44.11666" lon="3.12324">
        <ele>825</ele>
        <time>2026-08-21T18:58:09+00:00</time>
      </trkpt>
      <trkpt lat="44.11661" lon="3.12316">
        <ele>825</ele>
        <time>2026-08-21T18:58:12+00:00</time>
      </trkpt>
      <trkpt lat="44.11653" lon="3.12308">
        <ele>824</ele>
        <time>2026-08-21T18:58:15+00:00</time>
      </trkpt>
      <trkpt lat="44.11649" lon="3.12301">
        <ele>824</ele>
        <time>2026-08-21T18:58:18+00:00</time>
      </trkpt>
      <trkpt lat="44.11648" lon="3.12296">
        <ele>824</ele>
        <time>2026-08-21T18:58:21+00:00</time>
      </trkpt>
      <trkpt lat="44.11645" lon="3.12274">
        <ele>823</ele>
        <time>2026-08-21T18:58:24+00:00</time>
      </trkpt>
      <trkpt lat="44.11644" lon="3.1226">
        <ele>822</ele>
        <time>2026-08-21T18:58:27+00:00</time>
      </trkpt>
      <trkpt lat="44.11644" lon="3.12246">
        <ele>821</ele>
        <time>2026-08-21T18:58:30+00:00</time>
      </trkpt>
      <trkpt lat="44.11645" lon="3.12232">
        <ele>821</ele>
        <time>2026-08-21T18:58:33+00:00</time>
      </trkpt>
      <trkpt lat="44.11648" lon="3.12214">
        <ele>820</ele>
        <time>2026-08-21T18:58:36+00:00</time>
      </trkpt>
      <trkpt lat="44.11649" lon="3.12203">
        <ele>819</ele>
        <time>2026-08-21T18:58:39+00:00</time>
      </trkpt>
      <trkpt lat="44.11652" lon="3.1219">
        <ele>819</ele>
        <time>2026-08-21T18:58:42+00:00</time>
      </trkpt>
      <trkpt lat="44.11657" lon="3.12171">
        <ele>818</ele>
        <time>2026-08-21T18:58:45+00:00</time>
      </trkpt>
      <trkpt lat="44.11664" lon="3.12156">
        <ele>819</ele>
        <time>2026-08-21T18:58:48+00:00</time>
      </trkpt>
      <trkpt lat="44.11668" lon="3.12143">
        <ele>818</ele>
        <time>2026-08-21T18:58:51+00:00</time>
      </trkpt>
      <trkpt lat="44.11673" lon="3.12125">
        <ele>818</ele>
        <time>2026-08-21T18:58:54+00:00</time>
      </trkpt>
      <trkpt lat="44.11681" lon="3.12105">
        <ele>818</ele>
        <time>2026-08-21T18:58:57+00:00</time>
      </trkpt>
      <trkpt lat="44.11682" lon="3.12092">
        <ele>817</ele>
        <time>2026-08-21T18:59:00+00:00</time>
      </trkpt>
      <trkpt lat="44.11666" lon="3.12091">
        <ele>814</ele>
        <time>2026-08-21T18:59:03+00:00</time>
      </trkpt>
      <trkpt lat="44.11628" lon="3.12095">
        <ele>807</ele>
        <time>2026-08-21T18:59:06+00:00</time>
      </trkpt>
      <trkpt lat="44.11607" lon="3.121">
        <ele>806</ele>
        <time>2026-08-21T18:59:09+00:00</time>
      </trkpt>
      <trkpt lat="44.11584" lon="3.12112">
        <ele>804</ele>
        <time>2026-08-21T18:59:12+00:00</time>
      </trkpt>
      <trkpt lat="44.11558" lon="3.12125">
        <ele>803</ele>
        <time>2026-08-21T18:59:15+00:00</time>
      </trkpt>
      <trkpt lat="44.11536" lon="3.12137">
        <ele>801</ele>
        <time>2026-08-21T18:59:18+00:00</time>
      </trkpt>
      <trkpt lat="44.11513" lon="3.12149">
        <ele>798</ele>
        <time>2026-08-21T18:59:21+00:00</time>
      </trkpt>
      <trkpt lat="44.11477" lon="3.12164">
        <ele>785</ele>
        <time>2026-08-21T18:59:24+00:00</time>
      </trkpt>
      <trkpt lat="44.11451" lon="3.12167">
        <ele>783</ele>
        <time>2026-08-21T18:59:27+00:00</time>
      </trkpt>
      <trkpt lat="44.11436" lon="3.12168">
        <ele>781</ele>
        <time>2026-08-21T18:59:30+00:00</time>
      </trkpt>
      <trkpt lat="44.11419" lon="3.12172">
        <ele>782</ele>
        <time>2026-08-21T18:59:33+00:00</time>
      </trkpt>
      <trkpt lat="44.11398" lon="3.12173">
        <ele>782</ele>
        <time>2026-08-21T18:59:36+00:00</time>
      </trkpt>
      <trkpt lat="44.11384" lon="3.12174">
        <ele>782</ele>
        <time>2026-08-21T18:59:39+00:00</time>
      </trkpt>
      <trkpt lat="44.11366" lon="3.12178">
        <ele>782</ele>
        <time>2026-08-21T18:59:42+00:00</time>
      </trkpt>
      <trkpt lat="44.11364" lon="3.12179">
        <ele>782</ele>
        <time>2026-08-21T18:59:45+00:00</time>
      </trkpt>
      <trkpt lat="44.11364" lon="3.12179">
        <ele>782</ele>
        <time>2026-08-21T18:59:48+00:00</time>
      </trkpt>
      <trkpt lat="44.11364" lon="3.12179">
        <ele>782</ele>
        <time>2026-08-21T18:59:51+00:00</time>
      </trkpt>
      <trkpt lat="44.11351" lon="3.12183">
        <ele>778</ele>
        <time>2026-08-21T18:59:54+00:00</time>
      </trkpt>
      <trkpt lat="44.11333" lon="3.12185">
        <ele>777</ele>
        <time>2026-08-21T18:59:57+00:00</time>
      </trkpt>
      <trkpt lat="44.11326" lon="3.12184">
        <ele>777</ele>
        <time>2026-08-21T19:00:00+00:00</time>
      </trkpt>
      <trkpt lat="44.11322" lon="3.12182">
        <ele>777</ele>
        <time>2026-08-21T19:00:03+00:00</time>
      </trkpt>
      <trkpt lat="44.11311" lon="3.12174">
        <ele>773</ele>
        <time>2026-08-21T19:00:06+00:00</time>
      </trkpt>
      <trkpt lat="44.11302" lon="3.12167">
        <ele>769</ele>
        <time>2026-08-21T19:00:09+00:00</time>
      </trkpt>
      <trkpt lat="44.11291" lon="3.12154">
        <ele>771</ele>
        <time>2026-08-21T19:00:12+00:00</time>
      </trkpt>
      <trkpt lat="44.11283" lon="3.12139">
        <ele>767</ele>
        <time>2026-08-21T19:00:15+00:00</time>
      </trkpt>
      <trkpt lat="44.11281" lon="3.12124">
        <ele>770</ele>
        <time>2026-08-21T19:00:18+00:00</time>
      </trkpt>
      <trkpt lat="44.11277" lon="3.12113">
        <ele>767</ele>
        <time>2026-08-21T19:00:21+00:00</time>
      </trkpt>
      <trkpt lat="44.11266" lon="3.12092">
        <ele>770</ele>
        <time>2026-08-21T19:00:24+00:00</time>
      </trkpt>
      <trkpt lat="44.11263" lon="3.12086">
        <ele>778</ele>
        <time>2026-08-21T19:00:27+00:00</time>
      </trkpt>
      <trkpt lat="44.11249" lon="3.12081">
        <ele>775</ele>
        <time>2026-08-21T19:00:30+00:00</time>
      </trkpt>
      <trkpt lat="44.1124" lon="3.12077">
        <ele>776</ele>
        <time>2026-08-21T19:00:33+00:00</time>
      </trkpt>
      <trkpt lat="44.11249" lon="3.12078">
        <ele>778</ele>
        <time>2026-08-21T19:00:36+00:00</time>
      </trkpt>
      <trkpt lat="44.11249" lon="3.12078">
        <ele>778</ele>
        <time>2026-08-21T19:00:39+00:00</time>
      </trkpt>
      <trkpt lat="44.11259" lon="3.12077">
        <ele>780</ele>
        <time>2026-08-21T19:00:42+00:00</time>
      </trkpt>
      <trkpt lat="44.11273" lon="3.12068">
        <ele>790</ele>
        <time>2026-08-21T19:00:45+00:00</time>
      </trkpt>
      <trkpt lat="44.11278" lon="3.12067">
        <ele>784</ele>
        <time>2026-08-21T19:00:48+00:00</time>
      </trkpt>
      <trkpt lat="44.11283" lon="3.12069">
        <ele>791</ele>
        <time>2026-08-21T19:00:51+00:00</time>
      </trkpt>
      <trkpt lat="44.11288" lon="3.12072">
        <ele>786</ele>
        <time>2026-08-21T19:00:54+00:00</time>
      </trkpt>
      <trkpt lat="44.11291" lon="3.12077">
        <ele>790</ele>
        <time>2026-08-21T19:00:57+00:00</time>
      </trkpt>
      <trkpt lat="44.11293" lon="3.1208">
        <ele>790</ele>
        <time>2026-08-21T19:01:00+00:00</time>
      </trkpt>
      <trkpt lat="44.11297" lon="3.12082">
        <ele>788</ele>
        <time>2026-08-21T19:01:03+00:00</time>
      </trkpt>
      <trkpt lat="44.113" lon="3.12086">
        <ele>793</ele>
        <time>2026-08-21T19:01:06+00:00</time>
      </trkpt>
      <trkpt lat="44.11303" lon="3.12087">
        <ele>793</ele>
        <time>2026-08-21T19:01:09+00:00</time>
      </trkpt>
      <trkpt lat="44.11309" lon="3.12088">
        <ele>793</ele>
        <time>2026-08-21T19:01:12+00:00</time>
      </trkpt>
      <trkpt lat="44.11314" lon="3.12091">
        <ele>793</ele>
        <time>2026-08-21T19:01:15+00:00</time>
      </trkpt>
      <trkpt lat="44.11318" lon="3.12092">
        <ele>793</ele>
        <time>2026-08-21T19:01:18+00:00</time>
      </trkpt>
      <trkpt lat="44.11324" lon="3.12093">
        <ele>798</ele>
        <time>2026-08-21T19:01:21+00:00</time>
      </trkpt>
      <trkpt lat="44.11332" lon="3.12093">
        <ele>800</ele>
        <time>2026-08-21T19:01:24+00:00</time>
      </trkpt>
      <trkpt lat="44.1134" lon="3.12096">
        <ele>800</ele>
        <time>2026-08-21T19:01:27+00:00</time>
      </trkpt>
      <trkpt lat="44.11347" lon="3.12099">
        <ele>801</ele>
        <time>2026-08-21T19:01:30+00:00</time>
      </trkpt>
      <trkpt lat="44.11355" lon="3.12102">
        <ele>800</ele>
        <time>2026-08-21T19:01:33+00:00</time>
      </trkpt>
      <trkpt lat="44.11365" lon="3.12102">
        <ele>801</ele>
        <time>2026-08-21T19:01:36+00:00</time>
      </trkpt>
      <trkpt lat="44.1138" lon="3.12101">
        <ele>804</ele>
        <time>2026-08-21T19:01:39+00:00</time>
      </trkpt>
      <trkpt lat="44.11392" lon="3.12102">
        <ele>804</ele>
        <time>2026-08-21T19:01:42+00:00</time>
      </trkpt>
      <trkpt lat="44.11395" lon="3.12102">
        <ele>804</ele>
        <time>2026-08-21T19:01:45+00:00</time>
      </trkpt>
      <trkpt lat="44.11411" lon="3.12098">
        <ele>807</ele>
        <time>2026-08-21T19:01:48+00:00</time>
      </trkpt>
      <trkpt lat="44.11421" lon="3.12096">
        <ele>808</ele>
        <time>2026-08-21T19:01:51+00:00</time>
      </trkpt>
      <trkpt lat="44.11429" lon="3.12094">
        <ele>808</ele>
        <time>2026-08-21T19:01:54+00:00</time>
      </trkpt>
      <trkpt lat="44.11435" lon="3.12092">
        <ele>808</ele>
        <time>2026-08-21T19:01:57+00:00</time>
      </trkpt>
      <trkpt lat="44.11441" lon="3.12089">
        <ele>813</ele>
        <time>2026-08-21T19:02:00+00:00</time>
      </trkpt>
      <trkpt lat="44.11449" lon="3.12083">
        <ele>813</ele>
        <time>2026-08-21T19:02:03+00:00</time>
      </trkpt>
      <trkpt lat="44.11465" lon="3.12073">
        <ele>815</ele>
        <time>2026-08-21T19:02:06+00:00</time>
      </trkpt>
      <trkpt lat="44.11475" lon="3.12065">
        <ele>817</ele>
        <time>2026-08-21T19:02:09+00:00</time>
      </trkpt>
      <trkpt lat="44.11489" lon="3.12056">
        <ele>819</ele>
        <time>2026-08-21T19:02:12+00:00</time>
      </trkpt>
      <trkpt lat="44.11502" lon="3.12048">
        <ele>821</ele>
        <time>2026-08-21T19:02:15+00:00</time>
      </trkpt>
      <trkpt lat="44.11516" lon="3.12042">
        <ele>820</ele>
        <time>2026-08-21T19:02:18+00:00</time>
      </trkpt>
      <trkpt lat="44.11525" lon="3.12036">
        <ele>823</ele>
        <time>2026-08-21T19:02:21+00:00</time>
      </trkpt>
      <trkpt lat="44.1155" lon="3.12019">
        <ele>826</ele>
        <time>2026-08-21T19:02:24+00:00</time>
      </trkpt>
      <trkpt lat="44.11578" lon="3.11998">
        <ele>825</ele>
        <time>2026-08-21T19:02:27+00:00</time>
      </trkpt>
      <trkpt lat="44.11581" lon="3.12001">
        <ele>825</ele>
        <time>2026-08-21T19:02:30+00:00</time>
      </trkpt>
      <trkpt lat="44.11587" lon="3.12001">
        <ele>825</ele>
        <time>2026-08-21T19:02:33+00:00</time>
      </trkpt>
      <trkpt lat="44.11606" lon="3.12005">
        <ele>825</ele>
        <time>2026-08-21T19:02:36+00:00</time>
      </trkpt>
      <trkpt lat="44.11622" lon="3.12008">
        <ele>824</ele>
        <time>2026-08-21T19:02:39+00:00</time>
      </trkpt>
      <trkpt lat="44.11637" lon="3.12015">
        <ele>823</ele>
        <time>2026-08-21T19:02:42+00:00</time>
      </trkpt>
      <trkpt lat="44.1165" lon="3.12021">
        <ele>821</ele>
        <time>2026-08-21T19:02:45+00:00</time>
      </trkpt>
      <trkpt lat="44.11657" lon="3.12029">
        <ele>821</ele>
        <time>2026-08-21T19:02:48+00:00</time>
      </trkpt>
      <trkpt lat="44.11663" lon="3.12035">
        <ele>819</ele>
        <time>2026-08-21T19:02:51+00:00</time>
      </trkpt>
      <trkpt lat="44.11667" lon="3.12042">
        <ele>818</ele>
        <time>2026-08-21T19:02:54+00:00</time>
      </trkpt>
      <trkpt lat="44.11671" lon="3.12052">
        <ele>820</ele>
        <time>2026-08-21T19:02:57+00:00</time>
      </trkpt>
      <trkpt lat="44.11677" lon="3.12071">
        <ele>818</ele>
        <time>2026-08-21T19:03:00+00:00</time>
      </trkpt>
      <trkpt lat="44.11682" lon="3.12087">
        <ele>820</ele>
        <time>2026-08-21T19:03:03+00:00</time>
      </trkpt>
      <trkpt lat="44.11692" lon="3.12077">
        <ele>821</ele>
        <time>2026-08-21T19:03:06+00:00</time>
      </trkpt>
      <trkpt lat="44.11699" lon="3.12072">
        <ele>821</ele>
        <time>2026-08-21T19:03:09+00:00</time>
      </trkpt>
      <trkpt lat="44.11714" lon="3.12064">
        <ele>823</ele>
        <time>2026-08-21T19:03:12+00:00</time>
      </trkpt>
      <trkpt lat="44.11719" lon="3.12061">
        <ele>823</ele>
        <time>2026-08-21T19:03:15+00:00</time>
      </trkpt>
      <trkpt lat="44.11718" lon="3.12054">
        <ele>823</ele>
        <time>2026-08-21T19:03:18+00:00</time>
      </trkpt>
      <trkpt lat="44.11722" lon="3.12054">
        <ele>824</ele>
        <time>2026-08-21T19:03:21+00:00</time>
      </trkpt>
      <trkpt lat="44.11733" lon="3.1205">
        <ele>825</ele>
        <time>2026-08-21T19:03:24+00:00</time>
      </trkpt>
      <trkpt lat="44.1174" lon="3.12048">
        <ele>826</ele>
        <time>2026-08-21T19:03:27+00:00</time>
      </trkpt>
      <trkpt lat="44.1176" lon="3.1205">
        <ele>828</ele>
        <time>2026-08-21T19:03:30+00:00</time>
      </trkpt>
      <trkpt lat="44.11765" lon="3.12052">
        <ele>828</ele>
        <time>2026-08-21T19:03:33+00:00</time>
      </trkpt>
      <trkpt lat="44.1177" lon="3.12054">
        <ele>829</ele>
        <time>2026-08-21T19:03:36+00:00</time>
      </trkpt>
      <trkpt lat="44.1178" lon="3.12048">
        <ele>829</ele>
        <time>2026-08-21T19:03:39+00:00</time>
      </trkpt>
      <trkpt lat="44.11784" lon="3.12044">
        <ele>829</ele>
        <time>2026-08-21T19:03:42+00:00</time>
      </trkpt>
      <trkpt lat="44.11799" lon="3.12032">
        <ele>830</ele>
        <time>2026-08-21T19:03:45+00:00</time>
      </trkpt>
      <trkpt lat="44.11818" lon="3.12018">
        <ele>831</ele>
        <time>2026-08-21T19:03:48+00:00</time>
      </trkpt>
      <trkpt lat="44.11828" lon="3.12005">
        <ele>831</ele>
        <time>2026-08-21T19:03:51+00:00</time>
      </trkpt>
      <trkpt lat="44.11843" lon="3.11992">
        <ele>831</ele>
        <time>2026-08-21T19:03:54+00:00</time>
      </trkpt>
      <trkpt lat="44.11857" lon="3.11985">
        <ele>831</ele>
        <time>2026-08-21T19:03:57+00:00</time>
      </trkpt>
      <trkpt lat="44.11878" lon="3.1197">
        <ele>831</ele>
        <time>2026-08-21T19:04:00+00:00</time>
      </trkpt>
      <trkpt lat="44.11885" lon="3.11967">
        <ele>831</ele>
        <time>2026-08-21T19:04:03+00:00</time>
      </trkpt>
      <trkpt lat="44.11889" lon="3.11967">
        <ele>831</ele>
        <time>2026-08-21T19:04:06+00:00</time>
      </trkpt>
      <trkpt lat="44.11896" lon="3.11968">
        <ele>830</ele>
        <time>2026-08-21T19:04:09+00:00</time>
      </trkpt>
      <trkpt lat="44.1191" lon="3.11977">
        <ele>830</ele>
        <time>2026-08-21T19:04:12+00:00</time>
      </trkpt>
      <trkpt lat="44.11918" lon="3.11978">
        <ele>830</ele>
        <time>2026-08-21T19:04:15+00:00</time>
      </trkpt>
      <trkpt lat="44.11922" lon="3.11978">
        <ele>829</ele>
        <time>2026-08-21T19:04:18+00:00</time>
      </trkpt>
      <trkpt lat="44.11927" lon="3.11975">
        <ele>829</ele>
        <time>2026-08-21T19:04:21+00:00</time>
      </trkpt>
      <trkpt lat="44.11934" lon="3.11969">
        <ele>829</ele>
        <time>2026-08-21T19:04:24+00:00</time>
      </trkpt>
      <trkpt lat="44.11936" lon="3.11965">
        <ele>829</ele>
        <time>2026-08-21T19:04:27+00:00</time>
      </trkpt>
      <trkpt lat="44.11939" lon="3.11957">
        <ele>829</ele>
        <time>2026-08-21T19:04:30+00:00</time>
      </trkpt>
      <trkpt lat="44.1194" lon="3.11952">
        <ele>829</ele>
        <time>2026-08-21T19:04:33+00:00</time>
      </trkpt>
      <trkpt lat="44.11943" lon="3.11942">
        <ele>829</ele>
        <time>2026-08-21T19:04:36+00:00</time>
      </trkpt>
      <trkpt lat="44.11949" lon="3.11936">
        <ele>829</ele>
        <time>2026-08-21T19:04:39+00:00</time>
      </trkpt>
      <trkpt lat="44.11952" lon="3.11933">
        <ele>829</ele>
        <time>2026-08-21T19:04:42+00:00</time>
      </trkpt>
      <trkpt lat="44.11974" lon="3.11925">
        <ele>829</ele>
        <time>2026-08-21T19:04:45+00:00</time>
      </trkpt>
      <trkpt lat="44.11977" lon="3.11923">
        <ele>829</ele>
        <time>2026-08-21T19:04:48+00:00</time>
      </trkpt>
      <trkpt lat="44.11981" lon="3.11922">
        <ele>829</ele>
        <time>2026-08-21T19:04:51+00:00</time>
      </trkpt>
      <trkpt lat="44.12" lon="3.11916">
        <ele>829</ele>
        <time>2026-08-21T19:04:54+00:00</time>
      </trkpt>
      <trkpt lat="44.12017" lon="3.11909">
        <ele>829</ele>
        <time>2026-08-21T19:04:57+00:00</time>
      </trkpt>
      <trkpt lat="44.12033" lon="3.11905">
        <ele>829</ele>
        <time>2026-08-21T19:05:00+00:00</time>
      </trkpt>
      <trkpt lat="44.1204" lon="3.11902">
        <ele>829</ele>
        <time>2026-08-21T19:05:03+00:00</time>
      </trkpt>
      <trkpt lat="44.12044" lon="3.119">
        <ele>829</ele>
        <time>2026-08-21T19:05:06+00:00</time>
      </trkpt>
      <trkpt lat="44.12045" lon="3.11896">
        <ele>829</ele>
        <time>2026-08-21T19:05:09+00:00</time>
      </trkpt>
      <trkpt lat="44.12047" lon="3.11891">
        <ele>829</ele>
        <time>2026-08-21T19:05:12+00:00</time>
      </trkpt>
      <trkpt lat="44.12048" lon="3.11881">
        <ele>830</ele>
        <time>2026-08-21T19:05:15+00:00</time>
      </trkpt>
      <trkpt lat="44.12051" lon="3.11874">
        <ele>831</ele>
        <time>2026-08-21T19:05:18+00:00</time>
      </trkpt>
      <trkpt lat="44.12055" lon="3.11873">
        <ele>831</ele>
        <time>2026-08-21T19:05:21+00:00</time>
      </trkpt>
      <trkpt lat="44.12064" lon="3.11874">
        <ele>832</ele>
        <time>2026-08-21T19:05:24+00:00</time>
      </trkpt>
      <trkpt lat="44.12066" lon="3.11874">
        <ele>832</ele>
        <time>2026-08-21T19:05:27+00:00</time>
      </trkpt>
      <trkpt lat="44.12071" lon="3.11876">
        <ele>832</ele>
        <time>2026-08-21T19:05:30+00:00</time>
      </trkpt>
      <trkpt lat="44.12089" lon="3.11878">
        <ele>833</ele>
        <time>2026-08-21T19:05:33+00:00</time>
      </trkpt>
      <trkpt lat="44.12095" lon="3.11877">
        <ele>833</ele>
        <time>2026-08-21T19:05:36+00:00</time>
      </trkpt>
      <trkpt lat="44.12106" lon="3.11877">
        <ele>834</ele>
        <time>2026-08-21T19:05:39+00:00</time>
      </trkpt>
      <trkpt lat="44.12109" lon="3.11876">
        <ele>834</ele>
        <time>2026-08-21T19:05:42+00:00</time>
      </trkpt>
      <trkpt lat="44.12107" lon="3.11874">
        <ele>834</ele>
        <time>2026-08-21T19:05:45+00:00</time>
      </trkpt>
      <trkpt lat="44.12101" lon="3.11871">
        <ele>834</ele>
        <time>2026-08-21T19:05:48+00:00</time>
      </trkpt>
      <trkpt lat="44.12094" lon="3.11866">
        <ele>834</ele>
        <time>2026-08-21T19:05:51+00:00</time>
      </trkpt>
      <trkpt lat="44.12084" lon="3.11862">
        <ele>834</ele>
        <time>2026-08-21T19:05:54+00:00</time>
      </trkpt>
      <trkpt lat="44.12072" lon="3.11859">
        <ele>834</ele>
        <time>2026-08-21T19:05:57+00:00</time>
      </trkpt>
      <trkpt lat="44.12065" lon="3.11853">
        <ele>834</ele>
        <time>2026-08-21T19:06:00+00:00</time>
      </trkpt>
      <trkpt lat="44.12059" lon="3.11846">
        <ele>834</ele>
        <time>2026-08-21T19:06:03+00:00</time>
      </trkpt>
      <trkpt lat="44.1205" lon="3.11831">
        <ele>835</ele>
        <time>2026-08-21T19:06:06+00:00</time>
      </trkpt>
      <trkpt lat="44.12035" lon="3.11815">
        <ele>836</ele>
        <time>2026-08-21T19:06:09+00:00</time>
      </trkpt>
      <trkpt lat="44.12031" lon="3.11808">
        <ele>837</ele>
        <time>2026-08-21T19:06:12+00:00</time>
      </trkpt>
      <trkpt lat="44.12028" lon="3.11805">
        <ele>837</ele>
        <time>2026-08-21T19:06:15+00:00</time>
      </trkpt>
      <trkpt lat="44.12022" lon="3.118">
        <ele>838</ele>
        <time>2026-08-21T19:06:18+00:00</time>
      </trkpt>
      <trkpt lat="44.1202" lon="3.11798">
        <ele>837</ele>
        <time>2026-08-21T19:06:21+00:00</time>
      </trkpt>
      <trkpt lat="44.12013" lon="3.11797">
        <ele>837</ele>
        <time>2026-08-21T19:06:24+00:00</time>
      </trkpt>
      <trkpt lat="44.12002" lon="3.11795">
        <ele>837</ele>
        <time>2026-08-21T19:06:27+00:00</time>
      </trkpt>
      <trkpt lat="44.11988" lon="3.11793">
        <ele>837</ele>
        <time>2026-08-21T19:06:30+00:00</time>
      </trkpt>
      <trkpt lat="44.1197" lon="3.11794">
        <ele>837</ele>
        <time>2026-08-21T19:06:33+00:00</time>
      </trkpt>
      <trkpt lat="44.11959" lon="3.11797">
        <ele>838</ele>
        <time>2026-08-21T19:06:36+00:00</time>
      </trkpt>
      <trkpt lat="44.11944" lon="3.11804">
        <ele>837</ele>
        <time>2026-08-21T19:06:39+00:00</time>
      </trkpt>
      <trkpt lat="44.11926" lon="3.11813">
        <ele>838</ele>
        <time>2026-08-21T19:06:42+00:00</time>
      </trkpt>
      <trkpt lat="44.11921" lon="3.11816">
        <ele>838</ele>
        <time>2026-08-21T19:06:45+00:00</time>
      </trkpt>
      <trkpt lat="44.11902" lon="3.11826">
        <ele>838</ele>
        <time>2026-08-21T19:06:48+00:00</time>
      </trkpt>
      <trkpt lat="44.11883" lon="3.11835">
        <ele>838</ele>
        <time>2026-08-21T19:06:51+00:00</time>
      </trkpt>
      <trkpt lat="44.11866" lon="3.11843">
        <ele>839</ele>
        <time>2026-08-21T19:06:54+00:00</time>
      </trkpt>
      <trkpt lat="44.11858" lon="3.11845">
        <ele>840</ele>
        <time>2026-08-21T19:06:57+00:00</time>
      </trkpt>
      <trkpt lat="44.11854" lon="3.11846">
        <ele>840</ele>
        <time>2026-08-21T19:07:00+00:00</time>
      </trkpt>
      <trkpt lat="44.1185" lon="3.11845">
        <ele>840</ele>
        <time>2026-08-21T19:07:03+00:00</time>
      </trkpt>
      <trkpt lat="44.11846" lon="3.11843">
        <ele>840</ele>
        <time>2026-08-21T19:07:06+00:00</time>
      </trkpt>
      <trkpt lat="44.11841" lon="3.11838">
        <ele>841</ele>
        <time>2026-08-21T19:07:09+00:00</time>
      </trkpt>
      <trkpt lat="44.11822" lon="3.11812">
        <ele>843</ele>
        <time>2026-08-21T19:07:12+00:00</time>
      </trkpt>
      <trkpt lat="44.11805" lon="3.11788">
        <ele>846</ele>
        <time>2026-08-21T19:07:15+00:00</time>
      </trkpt>
      <trkpt lat="44.11799" lon="3.11781">
        <ele>847</ele>
        <time>2026-08-21T19:07:18+00:00</time>
      </trkpt>
      <trkpt lat="44.11776" lon="3.11761">
        <ele>850</ele>
        <time>2026-08-21T19:07:21+00:00</time>
      </trkpt>
      <trkpt lat="44.11768" lon="3.11752">
        <ele>851</ele>
        <time>2026-08-21T19:07:24+00:00</time>
      </trkpt>
      <trkpt lat="44.11763" lon="3.11748">
        <ele>852</ele>
        <time>2026-08-21T19:07:27+00:00</time>
      </trkpt>
      <trkpt lat="44.11756" lon="3.11745">
        <ele>853</ele>
        <time>2026-08-21T19:07:30+00:00</time>
      </trkpt>
      <trkpt lat="44.11746" lon="3.11741">
        <ele>853</ele>
        <time>2026-08-21T19:07:33+00:00</time>
      </trkpt>
      <trkpt lat="44.11733" lon="3.11733">
        <ele>855</ele>
        <time>2026-08-21T19:07:36+00:00</time>
      </trkpt>
      <trkpt lat="44.11718" lon="3.11727">
        <ele>856</ele>
        <time>2026-08-21T19:07:39+00:00</time>
      </trkpt>
      <trkpt lat="44.11699" lon="3.11719">
        <ele>858</ele>
        <time>2026-08-21T19:07:42+00:00</time>
      </trkpt>
      <trkpt lat="44.11674" lon="3.11709">
        <ele>858</ele>
        <time>2026-08-21T19:07:45+00:00</time>
      </trkpt>
      <trkpt lat="44.11662" lon="3.11706">
        <ele>858</ele>
        <time>2026-08-21T19:07:48+00:00</time>
      </trkpt>
      <trkpt lat="44.11649" lon="3.11702">
        <ele>858</ele>
        <time>2026-08-21T19:07:51+00:00</time>
      </trkpt>
      <trkpt lat="44.1164" lon="3.117">
        <ele>858</ele>
        <time>2026-08-21T19:07:54+00:00</time>
      </trkpt>
      <trkpt lat="44.11637" lon="3.11699">
        <ele>858</ele>
        <time>2026-08-21T19:07:57+00:00</time>
      </trkpt>
      <trkpt lat="44.11635" lon="3.117">
        <ele>858</ele>
        <time>2026-08-21T19:08:00+00:00</time>
      </trkpt>
      <trkpt lat="44.11633" lon="3.117">
        <ele>858</ele>
        <time>2026-08-21T19:08:03+00:00</time>
      </trkpt>
      <trkpt lat="44.11623" lon="3.11703">
        <ele>857</ele>
        <time>2026-08-21T19:08:06+00:00</time>
      </trkpt>
      <trkpt lat="44.11603" lon="3.1171">
        <ele>857</ele>
        <time>2026-08-21T19:08:09+00:00</time>
      </trkpt>
      <trkpt lat="44.11594" lon="3.11712">
        <ele>856</ele>
        <time>2026-08-21T19:08:12+00:00</time>
      </trkpt>
      <trkpt lat="44.11589" lon="3.11713">
        <ele>855</ele>
        <time>2026-08-21T19:08:15+00:00</time>
      </trkpt>
      <trkpt lat="44.11583" lon="3.11713">
        <ele>855</ele>
        <time>2026-08-21T19:08:18+00:00</time>
      </trkpt>
      <trkpt lat="44.11571" lon="3.11712">
        <ele>855</ele>
        <time>2026-08-21T19:08:21+00:00</time>
      </trkpt>
      <trkpt lat="44.11561" lon="3.11712">
        <ele>854</ele>
        <time>2026-08-21T19:08:24+00:00</time>
      </trkpt>
      <trkpt lat="44.11559" lon="3.11711">
        <ele>853</ele>
        <time>2026-08-21T19:08:27+00:00</time>
      </trkpt>
      <trkpt lat="44.11557" lon="3.11711">
        <ele>853</ele>
        <time>2026-08-21T19:08:30+00:00</time>
      </trkpt>
      <trkpt lat="44.11553" lon="3.1171">
        <ele>853</ele>
        <time>2026-08-21T19:08:33+00:00</time>
      </trkpt>
      <trkpt lat="44.11543" lon="3.11705">
        <ele>853</ele>
        <time>2026-08-21T19:08:36+00:00</time>
      </trkpt>
      <trkpt lat="44.11529" lon="3.11698">
        <ele>851</ele>
        <time>2026-08-21T19:08:39+00:00</time>
      </trkpt>
      <trkpt lat="44.11522" lon="3.11695">
        <ele>851</ele>
        <time>2026-08-21T19:08:42+00:00</time>
      </trkpt>
      <trkpt lat="44.11517" lon="3.1169">
        <ele>851</ele>
        <time>2026-08-21T19:08:45+00:00</time>
      </trkpt>
      <trkpt lat="44.11511" lon="3.11688">
        <ele>851</ele>
        <time>2026-08-21T19:08:48+00:00</time>
      </trkpt>
      <trkpt lat="44.11498" lon="3.11682">
        <ele>850</ele>
        <time>2026-08-21T19:08:51+00:00</time>
      </trkpt>
      <trkpt lat="44.11475" lon="3.11675">
        <ele>850</ele>
        <time>2026-08-21T19:08:54+00:00</time>
      </trkpt>
      <trkpt lat="44.1146" lon="3.11671">
        <ele>850</ele>
        <time>2026-08-21T19:08:57+00:00</time>
      </trkpt>
      <trkpt lat="44.1145" lon="3.11668">
        <ele>849</ele>
        <time>2026-08-21T19:09:00+00:00</time>
      </trkpt>
      <trkpt lat="44.11442" lon="3.11664">
        <ele>849</ele>
        <time>2026-08-21T19:09:03+00:00</time>
      </trkpt>
      <trkpt lat="44.11432" lon="3.11658">
        <ele>849</ele>
        <time>2026-08-21T19:09:06+00:00</time>
      </trkpt>
      <trkpt lat="44.11423" lon="3.11652">
        <ele>849</ele>
        <time>2026-08-21T19:09:09+00:00</time>
      </trkpt>
      <trkpt lat="44.11418" lon="3.1165">
        <ele>848</ele>
        <time>2026-08-21T19:09:12+00:00</time>
      </trkpt>
      <trkpt lat="44.1141" lon="3.11647">
        <ele>848</ele>
        <time>2026-08-21T19:09:15+00:00</time>
      </trkpt>
      <trkpt lat="44.11393" lon="3.11643">
        <ele>846</ele>
        <time>2026-08-21T19:09:18+00:00</time>
      </trkpt>
      <trkpt lat="44.11376" lon="3.1164">
        <ele>845</ele>
        <time>2026-08-21T19:09:21+00:00</time>
      </trkpt>
      <trkpt lat="44.11365" lon="3.11636">
        <ele>844</ele>
        <time>2026-08-21T19:09:24+00:00</time>
      </trkpt>
      <trkpt lat="44.1134" lon="3.11627">
        <ele>843</ele>
        <time>2026-08-21T19:09:27+00:00</time>
      </trkpt>
      <trkpt lat="44.11321" lon="3.11618">
        <ele>842</ele>
        <time>2026-08-21T19:09:30+00:00</time>
      </trkpt>
      <trkpt lat="44.11311" lon="3.11612">
        <ele>841</ele>
        <time>2026-08-21T19:09:33+00:00</time>
      </trkpt>
      <trkpt lat="44.11306" lon="3.11611">
        <ele>841</ele>
        <time>2026-08-21T19:09:36+00:00</time>
      </trkpt>
      <trkpt lat="44.11296" lon="3.11608">
        <ele>840</ele>
        <time>2026-08-21T19:09:39+00:00</time>
      </trkpt>
      <trkpt lat="44.11287" lon="3.11608">
        <ele>840</ele>
        <time>2026-08-21T19:09:42+00:00</time>
      </trkpt>
      <trkpt lat="44.11273" lon="3.11609">
        <ele>839</ele>
        <time>2026-08-21T19:09:45+00:00</time>
      </trkpt>
      <trkpt lat="44.1126" lon="3.11612">
        <ele>838</ele>
        <time>2026-08-21T19:09:48+00:00</time>
      </trkpt>
      <trkpt lat="44.11248" lon="3.11616">
        <ele>835</ele>
        <time>2026-08-21T19:09:51+00:00</time>
      </trkpt>
      <trkpt lat="44.11228" lon="3.11619">
        <ele>833</ele>
        <time>2026-08-21T19:09:54+00:00</time>
      </trkpt>
      <trkpt lat="44.1121" lon="3.11622">
        <ele>831</ele>
        <time>2026-08-21T19:09:57+00:00</time>
      </trkpt>
      <trkpt lat="44.11196" lon="3.11622">
        <ele>826</ele>
        <time>2026-08-21T19:10:00+00:00</time>
      </trkpt>
      <trkpt lat="44.11181" lon="3.1162">
        <ele>825</ele>
        <time>2026-08-21T19:10:03+00:00</time>
      </trkpt>
      <trkpt lat="44.11174" lon="3.11619">
        <ele>824</ele>
        <time>2026-08-21T19:10:06+00:00</time>
      </trkpt>
      <trkpt lat="44.11167" lon="3.11615">
        <ele>822</ele>
        <time>2026-08-21T19:10:09+00:00</time>
      </trkpt>
      <trkpt lat="44.11158" lon="3.1161">
        <ele>821</ele>
        <time>2026-08-21T19:10:12+00:00</time>
      </trkpt>
      <trkpt lat="44.11146" lon="3.11604">
        <ele>820</ele>
        <time>2026-08-21T19:10:15+00:00</time>
      </trkpt>
      <trkpt lat="44.11134" lon="3.11601">
        <ele>818</ele>
        <time>2026-08-21T19:10:18+00:00</time>
      </trkpt>
      <trkpt lat="44.11121" lon="3.11599">
        <ele>817</ele>
        <time>2026-08-21T19:10:21+00:00</time>
      </trkpt>
      <trkpt lat="44.11109" lon="3.11599">
        <ele>815</ele>
        <time>2026-08-21T19:10:24+00:00</time>
      </trkpt>
      <trkpt lat="44.11096" lon="3.116">
        <ele>813</ele>
        <time>2026-08-21T19:10:27+00:00</time>
      </trkpt>
      <trkpt lat="44.11092" lon="3.116">
        <ele>813</ele>
        <time>2026-08-21T19:10:30+00:00</time>
      </trkpt>
      <trkpt lat="44.11092" lon="3.11599">
        <ele>813</ele>
        <time>2026-08-21T19:10:33+00:00</time>
      </trkpt>
      <trkpt lat="44.1109" lon="3.11598">
        <ele>813</ele>
        <time>2026-08-21T19:10:36+00:00</time>
      </trkpt>
      <trkpt lat="44.11089" lon="3.11595">
        <ele>812</ele>
        <time>2026-08-21T19:10:39+00:00</time>
      </trkpt>
      <trkpt lat="44.11088" lon="3.11591">
        <ele>812</ele>
        <time>2026-08-21T19:10:42+00:00</time>
      </trkpt>
      <trkpt lat="44.11088" lon="3.11587">
        <ele>812</ele>
        <time>2026-08-21T19:10:45+00:00</time>
      </trkpt>
      <trkpt lat="44.11089" lon="3.11584">
        <ele>812</ele>
        <time>2026-08-21T19:10:48+00:00</time>
      </trkpt>
      <trkpt lat="44.11091" lon="3.1158">
        <ele>813</ele>
        <time>2026-08-21T19:10:51+00:00</time>
      </trkpt>
      <trkpt lat="44.11098" lon="3.1157">
        <ele>812</ele>
        <time>2026-08-21T19:10:54+00:00</time>
      </trkpt>
      <trkpt lat="44.11112" lon="3.11548">
        <ele>814</ele>
        <time>2026-08-21T19:10:57+00:00</time>
      </trkpt>
      <trkpt lat="44.11125" lon="3.11529">
        <ele>813</ele>
        <time>2026-08-21T19:11:00+00:00</time>
      </trkpt>
      <trkpt lat="44.11135" lon="3.11512">
        <ele>814</ele>
        <time>2026-08-21T19:11:03+00:00</time>
      </trkpt>
      <trkpt lat="44.11144" lon="3.115">
        <ele>816</ele>
        <time>2026-08-21T19:11:06+00:00</time>
      </trkpt>
      <trkpt lat="44.11149" lon="3.11494">
        <ele>816</ele>
        <time>2026-08-21T19:11:09+00:00</time>
      </trkpt>
      <trkpt lat="44.11152" lon="3.11489">
        <ele>815</ele>
        <time>2026-08-21T19:11:12+00:00</time>
      </trkpt>
      <trkpt lat="44.11155" lon="3.11484">
        <ele>818</ele>
        <time>2026-08-21T19:11:15+00:00</time>
      </trkpt>
      <trkpt lat="44.11156" lon="3.11479">
        <ele>814</ele>
        <time>2026-08-21T19:11:18+00:00</time>
      </trkpt>
      <trkpt lat="44.11158" lon="3.11477">
        <ele>814</ele>
        <time>2026-08-21T19:11:21+00:00</time>
      </trkpt>
      <trkpt lat="44.1116" lon="3.11474">
        <ele>817</ele>
        <time>2026-08-21T19:11:24+00:00</time>
      </trkpt>
      <trkpt lat="44.11166" lon="3.1147">
        <ele>817</ele>
        <time>2026-08-21T19:11:27+00:00</time>
      </trkpt>
      <trkpt lat="44.11194" lon="3.11458">
        <ele>817</ele>
        <time>2026-08-21T19:11:30+00:00</time>
      </trkpt>
      <trkpt lat="44.11212" lon="3.11451">
        <ele>820</ele>
        <time>2026-08-21T19:11:33+00:00</time>
      </trkpt>
      <trkpt lat="44.11226" lon="3.11447">
        <ele>819</ele>
        <time>2026-08-21T19:11:36+00:00</time>
      </trkpt>
      <trkpt lat="44.11237" lon="3.11446">
        <ele>820</ele>
        <time>2026-08-21T19:11:39+00:00</time>
      </trkpt>
      <trkpt lat="44.11249" lon="3.11444">
        <ele>820</ele>
        <time>2026-08-21T19:11:42+00:00</time>
      </trkpt>
      <trkpt lat="44.11266" lon="3.11445">
        <ele>821</ele>
        <time>2026-08-21T19:11:45+00:00</time>
      </trkpt>
      <trkpt lat="44.11285" lon="3.11446">
        <ele>820</ele>
        <time>2026-08-21T19:11:48+00:00</time>
      </trkpt>
      <trkpt lat="44.11307" lon="3.11446">
        <ele>820</ele>
        <time>2026-08-21T19:11:51+00:00</time>
      </trkpt>
      <trkpt lat="44.11319" lon="3.11445">
        <ele>820</ele>
        <time>2026-08-21T19:11:54+00:00</time>
      </trkpt>
      <trkpt lat="44.11326" lon="3.11442">
        <ele>821</ele>
        <time>2026-08-21T19:11:57+00:00</time>
      </trkpt>
      <trkpt lat="44.11335" lon="3.11438">
        <ele>819</ele>
        <time>2026-08-21T19:12:00+00:00</time>
      </trkpt>
      <trkpt lat="44.11343" lon="3.11431">
        <ele>819</ele>
        <time>2026-08-21T19:12:03+00:00</time>
      </trkpt>
      <trkpt lat="44.11351" lon="3.11422">
        <ele>818</ele>
        <time>2026-08-21T19:12:06+00:00</time>
      </trkpt>
      <trkpt lat="44.11368" lon="3.11404">
        <ele>813</ele>
        <time>2026-08-21T19:12:09+00:00</time>
      </trkpt>
      <trkpt lat="44.11382" lon="3.11388">
        <ele>811</ele>
        <time>2026-08-21T19:12:12+00:00</time>
      </trkpt>
      <trkpt lat="44.11398" lon="3.11371">
        <ele>809</ele>
        <time>2026-08-21T19:12:15+00:00</time>
      </trkpt>
      <trkpt lat="44.11409" lon="3.11363">
        <ele>808</ele>
        <time>2026-08-21T19:12:18+00:00</time>
      </trkpt>
      <trkpt lat="44.11416" lon="3.11359">
        <ele>804</ele>
        <time>2026-08-21T19:12:21+00:00</time>
      </trkpt>
      <trkpt lat="44.11422" lon="3.11356">
        <ele>804</ele>
        <time>2026-08-21T19:12:24+00:00</time>
      </trkpt>
      <trkpt lat="44.11428" lon="3.11353">
        <ele>804</ele>
        <time>2026-08-21T19:12:27+00:00</time>
      </trkpt>
      <trkpt lat="44.11437" lon="3.11349">
        <ele>803</ele>
        <time>2026-08-21T19:12:30+00:00</time>
      </trkpt>
      <trkpt lat="44.11456" lon="3.11339">
        <ele>803</ele>
        <time>2026-08-21T19:12:33+00:00</time>
      </trkpt>
      <trkpt lat="44.11484" lon="3.11323">
        <ele>802</ele>
        <time>2026-08-21T19:12:36+00:00</time>
      </trkpt>
      <trkpt lat="44.11491" lon="3.11317">
        <ele>804</ele>
        <time>2026-08-21T19:12:39+00:00</time>
      </trkpt>
      <trkpt lat="44.11495" lon="3.11313">
        <ele>804</ele>
        <time>2026-08-21T19:12:42+00:00</time>
      </trkpt>
      <trkpt lat="44.11498" lon="3.11308">
        <ele>802</ele>
        <time>2026-08-21T19:12:45+00:00</time>
      </trkpt>
      <trkpt lat="44.11505" lon="3.11298">
        <ele>802</ele>
        <time>2026-08-21T19:12:48+00:00</time>
      </trkpt>
      <trkpt lat="44.11516" lon="3.11278">
        <ele>800</ele>
        <time>2026-08-21T19:12:51+00:00</time>
      </trkpt>
      <trkpt lat="44.11509" lon="3.11266">
        <ele>798</ele>
        <time>2026-08-21T19:12:54+00:00</time>
      </trkpt>
      <trkpt lat="44.11498" lon="3.11251">
        <ele>794</ele>
        <time>2026-08-21T19:12:57+00:00</time>
      </trkpt>
      <trkpt lat="44.11484" lon="3.11235">
        <ele>789</ele>
        <time>2026-08-21T19:13:00+00:00</time>
      </trkpt>
      <trkpt lat="44.1148" lon="3.11229">
        <ele>787</ele>
        <time>2026-08-21T19:13:03+00:00</time>
      </trkpt>
      <trkpt lat="44.11476" lon="3.11222">
        <ele>787</ele>
        <time>2026-08-21T19:13:06+00:00</time>
      </trkpt>
      <trkpt lat="44.11476" lon="3.11215">
        <ele>786</ele>
        <time>2026-08-21T19:13:09+00:00</time>
      </trkpt>
      <trkpt lat="44.11477" lon="3.11203">
        <ele>785</ele>
        <time>2026-08-21T19:13:12+00:00</time>
      </trkpt>
      <trkpt lat="44.11481" lon="3.1119">
        <ele>785</ele>
        <time>2026-08-21T19:13:15+00:00</time>
      </trkpt>
      <trkpt lat="44.11491" lon="3.11167">
        <ele>785</ele>
        <time>2026-08-21T19:13:18+00:00</time>
      </trkpt>
      <trkpt lat="44.11498" lon="3.11151">
        <ele>786</ele>
        <time>2026-08-21T19:13:21+00:00</time>
      </trkpt>
      <trkpt lat="44.11502" lon="3.11138">
        <ele>787</ele>
        <time>2026-08-21T19:13:24+00:00</time>
      </trkpt>
      <trkpt lat="44.11503" lon="3.11129">
        <ele>788</ele>
        <time>2026-08-21T19:13:27+00:00</time>
      </trkpt>
      <trkpt lat="44.11499" lon="3.11116">
        <ele>789</ele>
        <time>2026-08-21T19:13:30+00:00</time>
      </trkpt>
      <trkpt lat="44.11489" lon="3.11104">
        <ele>790</ele>
        <time>2026-08-21T19:13:33+00:00</time>
      </trkpt>
      <trkpt lat="44.11483" lon="3.111">
        <ele>790</ele>
        <time>2026-08-21T19:13:36+00:00</time>
      </trkpt>
      <trkpt lat="44.11479" lon="3.11097">
        <ele>791</ele>
        <time>2026-08-21T19:13:39+00:00</time>
      </trkpt>
      <trkpt lat="44.11474" lon="3.111">
        <ele>790</ele>
        <time>2026-08-21T19:13:42+00:00</time>
      </trkpt>
      <trkpt lat="44.11467" lon="3.11107">
        <ele>789</ele>
        <time>2026-08-21T19:13:45+00:00</time>
      </trkpt>
      <trkpt lat="44.1146" lon="3.11116">
        <ele>790</ele>
        <time>2026-08-21T19:13:48+00:00</time>
      </trkpt>
      <trkpt lat="44.11451" lon="3.11123">
        <ele>789</ele>
        <time>2026-08-21T19:13:51+00:00</time>
      </trkpt>
      <trkpt lat="44.11443" lon="3.11128">
        <ele>789</ele>
        <time>2026-08-21T19:13:54+00:00</time>
      </trkpt>
      <trkpt lat="44.11432" lon="3.11131">
        <ele>789</ele>
        <time>2026-08-21T19:13:57+00:00</time>
      </trkpt>
      <trkpt lat="44.11419" lon="3.11133">
        <ele>789</ele>
        <time>2026-08-21T19:14:00+00:00</time>
      </trkpt>
      <trkpt lat="44.11407" lon="3.11133">
        <ele>790</ele>
        <time>2026-08-21T19:14:03+00:00</time>
      </trkpt>
      <trkpt lat="44.11394" lon="3.11132">
        <ele>790</ele>
        <time>2026-08-21T19:14:06+00:00</time>
      </trkpt>
      <trkpt lat="44.11382" lon="3.11129">
        <ele>791</ele>
        <time>2026-08-21T19:14:09+00:00</time>
      </trkpt>
      <trkpt lat="44.11366" lon="3.11127">
        <ele>791</ele>
        <time>2026-08-21T19:14:12+00:00</time>
      </trkpt>
      <trkpt lat="44.11354" lon="3.11119">
        <ele>793</ele>
        <time>2026-08-21T19:14:15+00:00</time>
      </trkpt>
      <trkpt lat="44.11349" lon="3.11115">
        <ele>793</ele>
        <time>2026-08-21T19:14:18+00:00</time>
      </trkpt>
      <trkpt lat="44.11338" lon="3.11112">
        <ele>793</ele>
        <time>2026-08-21T19:14:21+00:00</time>
      </trkpt>
      <trkpt lat="44.1133" lon="3.11108">
        <ele>793</ele>
        <time>2026-08-21T19:14:24+00:00</time>
      </trkpt>
      <trkpt lat="44.11321" lon="3.11102">
        <ele>793</ele>
        <time>2026-08-21T19:14:27+00:00</time>
      </trkpt>
      <trkpt lat="44.1131" lon="3.11093">
        <ele>793</ele>
        <time>2026-08-21T19:14:30+00:00</time>
      </trkpt>
      <trkpt lat="44.11288" lon="3.11078">
        <ele>793</ele>
        <time>2026-08-21T19:14:33+00:00</time>
      </trkpt>
      <trkpt lat="44.11271" lon="3.11064">
        <ele>793</ele>
        <time>2026-08-21T19:14:36+00:00</time>
      </trkpt>
      <trkpt lat="44.11258" lon="3.11052">
        <ele>792</ele>
        <time>2026-08-21T19:14:39+00:00</time>
      </trkpt>
      <trkpt lat="44.11245" lon="3.11037">
        <ele>793</ele>
        <time>2026-08-21T19:14:42+00:00</time>
      </trkpt>
      <trkpt lat="44.1123" lon="3.11021">
        <ele>792</ele>
        <time>2026-08-21T19:14:45+00:00</time>
      </trkpt>
      <trkpt lat="44.11221" lon="3.11012">
        <ele>792</ele>
        <time>2026-08-21T19:14:48+00:00</time>
      </trkpt>
      <trkpt lat="44.11209" lon="3.11001">
        <ele>792</ele>
        <time>2026-08-21T19:14:51+00:00</time>
      </trkpt>
      <trkpt lat="44.11201" lon="3.10996">
        <ele>794</ele>
        <time>2026-08-21T19:14:54+00:00</time>
      </trkpt>
      <trkpt lat="44.11195" lon="3.10991">
        <ele>791</ele>
        <time>2026-08-21T19:14:57+00:00</time>
      </trkpt>
      <trkpt lat="44.11191" lon="3.10986">
        <ele>793</ele>
        <time>2026-08-21T19:15:00+00:00</time>
      </trkpt>
      <trkpt lat="44.1119" lon="3.10983">
        <ele>792</ele>
        <time>2026-08-21T19:15:03+00:00</time>
      </trkpt>
      <trkpt lat="44.11189" lon="3.10979">
        <ele>794</ele>
        <time>2026-08-21T19:15:06+00:00</time>
      </trkpt>
      <trkpt lat="44.11187" lon="3.10976">
        <ele>794</ele>
        <time>2026-08-21T19:15:09+00:00</time>
      </trkpt>
      <trkpt lat="44.11181" lon="3.10967">
        <ele>796</ele>
        <time>2026-08-21T19:15:12+00:00</time>
      </trkpt>
      <trkpt lat="44.11172" lon="3.10959">
        <ele>796</ele>
        <time>2026-08-21T19:15:15+00:00</time>
      </trkpt>
      <trkpt lat="44.11164" lon="3.10954">
        <ele>795</ele>
        <time>2026-08-21T19:15:18+00:00</time>
      </trkpt>
      <trkpt lat="44.11152" lon="3.10949">
        <ele>795</ele>
        <time>2026-08-21T19:15:21+00:00</time>
      </trkpt>
      <trkpt lat="44.11135" lon="3.10946">
        <ele>795</ele>
        <time>2026-08-21T19:15:24+00:00</time>
      </trkpt>
      <trkpt lat="44.11124" lon="3.10943">
        <ele>796</ele>
        <time>2026-08-21T19:15:27+00:00</time>
      </trkpt>
      <trkpt lat="44.11113" lon="3.1094">
        <ele>794</ele>
        <time>2026-08-21T19:15:30+00:00</time>
      </trkpt>
      <trkpt lat="44.11108" lon="3.10938">
        <ele>797</ele>
        <time>2026-08-21T19:15:33+00:00</time>
      </trkpt>
      <trkpt lat="44.11103" lon="3.10935">
        <ele>797</ele>
        <time>2026-08-21T19:15:36+00:00</time>
      </trkpt>
      <trkpt lat="44.11101" lon="3.10931">
        <ele>797</ele>
        <time>2026-08-21T19:15:39+00:00</time>
      </trkpt>
      <trkpt lat="44.11093" lon="3.1092">
        <ele>799</ele>
        <time>2026-08-21T19:15:42+00:00</time>
      </trkpt>
      <trkpt lat="44.11082" lon="3.109">
        <ele>798</ele>
        <time>2026-08-21T19:15:45+00:00</time>
      </trkpt>
      <trkpt lat="44.11075" lon="3.10882">
        <ele>798</ele>
        <time>2026-08-21T19:15:48+00:00</time>
      </trkpt>
      <trkpt lat="44.11073" lon="3.10874">
        <ele>799</ele>
        <time>2026-08-21T19:15:51+00:00</time>
      </trkpt>
      <trkpt lat="44.11072" lon="3.10862">
        <ele>800</ele>
        <time>2026-08-21T19:15:54+00:00</time>
      </trkpt>
      <trkpt lat="44.11071" lon="3.10844">
        <ele>800</ele>
        <time>2026-08-21T19:15:57+00:00</time>
      </trkpt>
      <trkpt lat="44.11072" lon="3.10829">
        <ele>801</ele>
        <time>2026-08-21T19:16:00+00:00</time>
      </trkpt>
      <trkpt lat="44.11075" lon="3.10812">
        <ele>802</ele>
        <time>2026-08-21T19:16:03+00:00</time>
      </trkpt>
      <trkpt lat="44.11077" lon="3.10797">
        <ele>803</ele>
        <time>2026-08-21T19:16:06+00:00</time>
      </trkpt>
      <trkpt lat="44.11078" lon="3.10791">
        <ele>803</ele>
        <time>2026-08-21T19:16:09+00:00</time>
      </trkpt>
      <trkpt lat="44.11078" lon="3.10785">
        <ele>804</ele>
        <time>2026-08-21T19:16:12+00:00</time>
      </trkpt>
      <trkpt lat="44.11078" lon="3.10781">
        <ele>804</ele>
        <time>2026-08-21T19:16:15+00:00</time>
      </trkpt>
      <trkpt lat="44.11074" lon="3.10765">
        <ele>808</ele>
        <time>2026-08-21T19:16:18+00:00</time>
      </trkpt>
      <trkpt lat="44.11068" lon="3.10743">
        <ele>812</ele>
        <time>2026-08-21T19:16:21+00:00</time>
      </trkpt>
      <trkpt lat="44.11062" lon="3.1071">
        <ele>817</ele>
        <time>2026-08-21T19:16:24+00:00</time>
      </trkpt>
      <trkpt lat="44.11057" lon="3.10681">
        <ele>822</ele>
        <time>2026-08-21T19:16:27+00:00</time>
      </trkpt>
      <trkpt lat="44.11055" lon="3.10676">
        <ele>823</ele>
        <time>2026-08-21T19:16:30+00:00</time>
      </trkpt>
      <trkpt lat="44.11054" lon="3.10674">
        <ele>823</ele>
        <time>2026-08-21T19:16:33+00:00</time>
      </trkpt>
      <trkpt lat="44.11052" lon="3.10674">
        <ele>823</ele>
        <time>2026-08-21T19:16:36+00:00</time>
      </trkpt>
      <trkpt lat="44.11043" lon="3.10677">
        <ele>823</ele>
        <time>2026-08-21T19:16:39+00:00</time>
      </trkpt>
      <trkpt lat="44.11036" lon="3.1068">
        <ele>823</ele>
        <time>2026-08-21T19:16:42+00:00</time>
      </trkpt>
      <trkpt lat="44.11031" lon="3.1068">
        <ele>823</ele>
        <time>2026-08-21T19:16:45+00:00</time>
      </trkpt>
      <trkpt lat="44.11026" lon="3.10678">
        <ele>823</ele>
        <time>2026-08-21T19:16:48+00:00</time>
      </trkpt>
      <trkpt lat="44.11019" lon="3.10673">
        <ele>823</ele>
        <time>2026-08-21T19:16:51+00:00</time>
      </trkpt>
      <trkpt lat="44.1101" lon="3.10664">
        <ele>823</ele>
        <time>2026-08-21T19:16:54+00:00</time>
      </trkpt>
      <trkpt lat="44.11006" lon="3.1066">
        <ele>823</ele>
        <time>2026-08-21T19:16:57+00:00</time>
      </trkpt>
      <trkpt lat="44.11" lon="3.10657">
        <ele>825</ele>
        <time>2026-08-21T19:17:00+00:00</time>
      </trkpt>
      <trkpt lat="44.10994" lon="3.10655">
        <ele>823</ele>
        <time>2026-08-21T19:17:03+00:00</time>
      </trkpt>
      <trkpt lat="44.1099" lon="3.10652">
        <ele>823</ele>
        <time>2026-08-21T19:17:06+00:00</time>
      </trkpt>
      <trkpt lat="44.10988" lon="3.10649">
        <ele>821</ele>
        <time>2026-08-21T19:17:09+00:00</time>
      </trkpt>
      <trkpt lat="44.10986" lon="3.1064">
        <ele>821</ele>
        <time>2026-08-21T19:17:12+00:00</time>
      </trkpt>
      <trkpt lat="44.10982" lon="3.10619">
        <ele>825</ele>
        <time>2026-08-21T19:17:15+00:00</time>
      </trkpt>
      <trkpt lat="44.10982" lon="3.10607">
        <ele>826</ele>
        <time>2026-08-21T19:17:18+00:00</time>
      </trkpt>
      <trkpt lat="44.10982" lon="3.10605">
        <ele>826</ele>
        <time>2026-08-21T19:17:21+00:00</time>
      </trkpt>
      <trkpt lat="44.10984" lon="3.10603">
        <ele>826</ele>
        <time>2026-08-21T19:17:24+00:00</time>
      </trkpt>
      <trkpt lat="44.10986" lon="3.10603">
        <ele>826</ele>
        <time>2026-08-21T19:17:27+00:00</time>
      </trkpt>
      <trkpt lat="44.10988" lon="3.10602">
        <ele>826</ele>
        <time>2026-08-21T19:17:30+00:00</time>
      </trkpt>
      <trkpt lat="44.1099" lon="3.10601">
        <ele>826</ele>
        <time>2026-08-21T19:17:33+00:00</time>
      </trkpt>
      <trkpt lat="44.1099" lon="3.10599">
        <ele>827</ele>
        <time>2026-08-21T19:17:36+00:00</time>
      </trkpt>
      <trkpt lat="44.10989" lon="3.10593">
        <ele>827</ele>
        <time>2026-08-21T19:17:39+00:00</time>
      </trkpt>
      <trkpt lat="44.10988" lon="3.10573">
        <ele>830</ele>
        <time>2026-08-21T19:17:42+00:00</time>
      </trkpt>
      <trkpt lat="44.10989" lon="3.10562">
        <ele>831</ele>
        <time>2026-08-21T19:17:45+00:00</time>
      </trkpt>
      <trkpt lat="44.1099" lon="3.10554">
        <ele>835</ele>
        <time>2026-08-21T19:17:48+00:00</time>
      </trkpt>
      <trkpt lat="44.10992" lon="3.10552">
        <ele>835</ele>
        <time>2026-08-21T19:17:51+00:00</time>
      </trkpt>
      <trkpt lat="44.10994" lon="3.1055">
        <ele>836</ele>
        <time>2026-08-21T19:17:54+00:00</time>
      </trkpt>
      <trkpt lat="44.10995" lon="3.10549">
        <ele>836</ele>
        <time>2026-08-21T19:17:57+00:00</time>
      </trkpt>
      <trkpt lat="44.10997" lon="3.10547">
        <ele>836</ele>
        <time>2026-08-21T19:18:00+00:00</time>
      </trkpt>
      <trkpt lat="44.10998" lon="3.10543">
        <ele>836</ele>
        <time>2026-08-21T19:18:03+00:00</time>
      </trkpt>
      <trkpt lat="44.10999" lon="3.10538">
        <ele>836</ele>
        <time>2026-08-21T19:18:06+00:00</time>
      </trkpt>
      <trkpt lat="44.10998" lon="3.1053">
        <ele>836</ele>
        <time>2026-08-21T19:18:09+00:00</time>
      </trkpt>
      <trkpt lat="44.10997" lon="3.10523">
        <ele>836</ele>
        <time>2026-08-21T19:18:12+00:00</time>
      </trkpt>
      <trkpt lat="44.10997" lon="3.10511">
        <ele>836</ele>
        <time>2026-08-21T19:18:15+00:00</time>
      </trkpt>
      <trkpt lat="44.10999" lon="3.10479">
        <ele>832</ele>
        <time>2026-08-21T19:18:18+00:00</time>
      </trkpt>
      <trkpt lat="44.11002" lon="3.10454">
        <ele>835</ele>
        <time>2026-08-21T19:18:21+00:00</time>
      </trkpt>
      <trkpt lat="44.11007" lon="3.10417">
        <ele>833</ele>
        <time>2026-08-21T19:18:24+00:00</time>
      </trkpt>
      <trkpt lat="44.11009" lon="3.10397">
        <ele>829</ele>
        <time>2026-08-21T19:18:27+00:00</time>
      </trkpt>
      <trkpt lat="44.11013" lon="3.10373">
        <ele>833</ele>
        <time>2026-08-21T19:18:30+00:00</time>
      </trkpt>
      <trkpt lat="44.11018" lon="3.1035">
        <ele>833</ele>
        <time>2026-08-21T19:18:33+00:00</time>
      </trkpt>
      <trkpt lat="44.11019" lon="3.10346">
        <ele>833</ele>
        <time>2026-08-21T19:18:36+00:00</time>
      </trkpt>
      <trkpt lat="44.11022" lon="3.10335">
        <ele>837</ele>
        <time>2026-08-21T19:18:39+00:00</time>
      </trkpt>
      <trkpt lat="44.11023" lon="3.10333">
        <ele>837</ele>
        <time>2026-08-21T19:18:42+00:00</time>
      </trkpt>
      <trkpt lat="44.11023" lon="3.10334">
        <ele>837</ele>
        <time>2026-08-21T19:18:45+00:00</time>
      </trkpt>
      <trkpt lat="44.11023" lon="3.10298">
        <ele>839</ele>
        <time>2026-08-21T19:18:48+00:00</time>
      </trkpt>
      <trkpt lat="44.11024" lon="3.10287">
        <ele>840</ele>
        <time>2026-08-21T19:18:51+00:00</time>
      </trkpt>
      <trkpt lat="44.11023" lon="3.10284">
        <ele>840</ele>
        <time>2026-08-21T19:18:54+00:00</time>
      </trkpt>
      <trkpt lat="44.11022" lon="3.10279">
        <ele>840</ele>
        <time>2026-08-21T19:18:57+00:00</time>
      </trkpt>
      <trkpt lat="44.11022" lon="3.10277">
        <ele>840</ele>
        <time>2026-08-21T19:19:00+00:00</time>
      </trkpt>
      <trkpt lat="44.11022" lon="3.10271">
        <ele>838</ele>
        <time>2026-08-21T19:19:03+00:00</time>
      </trkpt>
      <trkpt lat="44.11022" lon="3.10269">
        <ele>839</ele>
        <time>2026-08-21T19:19:06+00:00</time>
      </trkpt>
      <trkpt lat="44.11024" lon="3.10265">
        <ele>839</ele>
        <time>2026-08-21T19:19:09+00:00</time>
      </trkpt>
      <trkpt lat="44.11027" lon="3.10262">
        <ele>839</ele>
        <time>2026-08-21T19:19:12+00:00</time>
      </trkpt>
      <trkpt lat="44.1103" lon="3.10262">
        <ele>839</ele>
        <time>2026-08-21T19:19:15+00:00</time>
      </trkpt>
      <trkpt lat="44.11059" lon="3.10268">
        <ele>837</ele>
        <time>2026-08-21T19:19:18+00:00</time>
      </trkpt>
      <trkpt lat="44.11072" lon="3.10265">
        <ele>834</ele>
        <time>2026-08-21T19:19:21+00:00</time>
      </trkpt>
      <trkpt lat="44.11075" lon="3.10269">
        <ele>834</ele>
        <time>2026-08-21T19:19:24+00:00</time>
      </trkpt>
      <trkpt lat="44.11082" lon="3.10275">
        <ele>836</ele>
        <time>2026-08-21T19:19:27+00:00</time>
      </trkpt>
      <trkpt lat="44.11084" lon="3.10281">
        <ele>833</ele>
        <time>2026-08-21T19:19:30+00:00</time>
      </trkpt>
      <trkpt lat="44.11083" lon="3.103">
        <ele>834</ele>
        <time>2026-08-21T19:19:33+00:00</time>
      </trkpt>
      <trkpt lat="44.11089" lon="3.10322">
        <ele>835</ele>
        <time>2026-08-21T19:19:36+00:00</time>
      </trkpt>
      <trkpt lat="44.11094" lon="3.10335">
        <ele>835</ele>
        <time>2026-08-21T19:19:39+00:00</time>
      </trkpt>
      <trkpt lat="44.11103" lon="3.10343">
        <ele>835</ele>
        <time>2026-08-21T19:19:42+00:00</time>
      </trkpt>
      <trkpt lat="44.11108" lon="3.10351">
        <ele>835</ele>
        <time>2026-08-21T19:19:45+00:00</time>
      </trkpt>
      <trkpt lat="44.11109" lon="3.10363">
        <ele>836</ele>
        <time>2026-08-21T19:19:48+00:00</time>
      </trkpt>
      <trkpt lat="44.11113" lon="3.10369">
        <ele>835</ele>
        <time>2026-08-21T19:19:51+00:00</time>
      </trkpt>
      <trkpt lat="44.11118" lon="3.10373">
        <ele>836</ele>
        <time>2026-08-21T19:19:54+00:00</time>
      </trkpt>
      <trkpt lat="44.11121" lon="3.10374">
        <ele>835</ele>
        <time>2026-08-21T19:19:57+00:00</time>
      </trkpt>
      <trkpt lat="44.11131" lon="3.10386">
        <ele>834</ele>
        <time>2026-08-21T19:20:00+00:00</time>
      </trkpt>
      <trkpt lat="44.11141" lon="3.10402">
        <ele>833</ele>
        <time>2026-08-21T19:20:03+00:00</time>
      </trkpt>
      <trkpt lat="44.11142" lon="3.10405">
        <ele>833</ele>
        <time>2026-08-21T19:20:06+00:00</time>
      </trkpt>
      <trkpt lat="44.11155" lon="3.10423">
        <ele>833</ele>
        <time>2026-08-21T19:20:09+00:00</time>
      </trkpt>
      <trkpt lat="44.11167" lon="3.10445">
        <ele>832</ele>
        <time>2026-08-21T19:20:12+00:00</time>
      </trkpt>
      <trkpt lat="44.11194" lon="3.10425">
        <ele>825</ele>
        <time>2026-08-21T19:20:15+00:00</time>
      </trkpt>
      <trkpt lat="44.11203" lon="3.10421">
        <ele>821</ele>
        <time>2026-08-21T19:20:18+00:00</time>
      </trkpt>
      <trkpt lat="44.11221" lon="3.10414">
        <ele>817</ele>
        <time>2026-08-21T19:20:21+00:00</time>
      </trkpt>
      <trkpt lat="44.1123" lon="3.10407">
        <ele>816</ele>
        <time>2026-08-21T19:20:24+00:00</time>
      </trkpt>
      <trkpt lat="44.11246" lon="3.1039">
        <ele>812</ele>
        <time>2026-08-21T19:20:27+00:00</time>
      </trkpt>
      <trkpt lat="44.11252" lon="3.10379">
        <ele>803</ele>
        <time>2026-08-21T19:20:30+00:00</time>
      </trkpt>
      <trkpt lat="44.11257" lon="3.1037">
        <ele>799</ele>
        <time>2026-08-21T19:20:33+00:00</time>
      </trkpt>
      <trkpt lat="44.11261" lon="3.1036">
        <ele>791</ele>
        <time>2026-08-21T19:20:36+00:00</time>
      </trkpt>
      <trkpt lat="44.11271" lon="3.1035">
        <ele>785</ele>
        <time>2026-08-21T19:20:39+00:00</time>
      </trkpt>
      <trkpt lat="44.11281" lon="3.10343">
        <ele>784</ele>
        <time>2026-08-21T19:20:42+00:00</time>
      </trkpt>
      <trkpt lat="44.11285" lon="3.10339">
        <ele>779</ele>
        <time>2026-08-21T19:20:45+00:00</time>
      </trkpt>
      <trkpt lat="44.11286" lon="3.10337">
        <ele>779</ele>
        <time>2026-08-21T19:20:48+00:00</time>
      </trkpt>
      <trkpt lat="44.11285" lon="3.10334">
        <ele>779</ele>
        <time>2026-08-21T19:20:51+00:00</time>
      </trkpt>
      <trkpt lat="44.11283" lon="3.10331">
        <ele>779</ele>
        <time>2026-08-21T19:20:54+00:00</time>
      </trkpt>
      <trkpt lat="44.11278" lon="3.10328">
        <ele>773</ele>
        <time>2026-08-21T19:20:57+00:00</time>
      </trkpt>
      <trkpt lat="44.11271" lon="3.10324">
        <ele>773</ele>
        <time>2026-08-21T19:21:00+00:00</time>
      </trkpt>
      <trkpt lat="44.11269" lon="3.1032">
        <ele>775</ele>
        <time>2026-08-21T19:21:03+00:00</time>
      </trkpt>
      <trkpt lat="44.11269" lon="3.10318">
        <ele>771</ele>
        <time>2026-08-21T19:21:06+00:00</time>
      </trkpt>
      <trkpt lat="44.11273" lon="3.10314">
        <ele>769</ele>
        <time>2026-08-21T19:21:09+00:00</time>
      </trkpt>
      <trkpt lat="44.11276" lon="3.10313">
        <ele>769</ele>
        <time>2026-08-21T19:21:12+00:00</time>
      </trkpt>
      <trkpt lat="44.11278" lon="3.1031">
        <ele>765</ele>
        <time>2026-08-21T19:21:15+00:00</time>
      </trkpt>
      <trkpt lat="44.11278" lon="3.10306">
        <ele>765</ele>
        <time>2026-08-21T19:21:18+00:00</time>
      </trkpt>
      <trkpt lat="44.11278" lon="3.10302">
        <ele>765</ele>
        <time>2026-08-21T19:21:21+00:00</time>
      </trkpt>
      <trkpt lat="44.11281" lon="3.10299">
        <ele>760</ele>
        <time>2026-08-21T19:21:24+00:00</time>
      </trkpt>
      <trkpt lat="44.11285" lon="3.10297">
        <ele>760</ele>
        <time>2026-08-21T19:21:27+00:00</time>
      </trkpt>
      <trkpt lat="44.11291" lon="3.10293">
        <ele>759</ele>
        <time>2026-08-21T19:21:30+00:00</time>
      </trkpt>
      <trkpt lat="44.11291" lon="3.10291">
        <ele>759</ele>
        <time>2026-08-21T19:21:33+00:00</time>
      </trkpt>
      <trkpt lat="44.1129" lon="3.10289">
        <ele>756</ele>
        <time>2026-08-21T19:21:36+00:00</time>
      </trkpt>
      <trkpt lat="44.11282" lon="3.10282">
        <ele>756</ele>
        <time>2026-08-21T19:21:39+00:00</time>
      </trkpt>
      <trkpt lat="44.11278" lon="3.10279">
        <ele>754</ele>
        <time>2026-08-21T19:21:42+00:00</time>
      </trkpt>
      <trkpt lat="44.11273" lon="3.10277">
        <ele>754</ele>
        <time>2026-08-21T19:21:45+00:00</time>
      </trkpt>
      <trkpt lat="44.11269" lon="3.10276">
        <ele>756</ele>
        <time>2026-08-21T19:21:48+00:00</time>
      </trkpt>
      <trkpt lat="44.11268" lon="3.10273">
        <ele>756</ele>
        <time>2026-08-21T19:21:51+00:00</time>
      </trkpt>
      <trkpt lat="44.11268" lon="3.10269">
        <ele>751</ele>
        <time>2026-08-21T19:21:54+00:00</time>
      </trkpt>
      <trkpt lat="44.11268" lon="3.10266">
        <ele>751</ele>
        <time>2026-08-21T19:21:57+00:00</time>
      </trkpt>
      <trkpt lat="44.11271" lon="3.10262">
        <ele>749</ele>
        <time>2026-08-21T19:22:00+00:00</time>
      </trkpt>
      <trkpt lat="44.11276" lon="3.10259">
        <ele>745</ele>
        <time>2026-08-21T19:22:03+00:00</time>
      </trkpt>
      <trkpt lat="44.11278" lon="3.10257">
        <ele>745</ele>
        <time>2026-08-21T19:22:06+00:00</time>
      </trkpt>
      <trkpt lat="44.1128" lon="3.10252">
        <ele>745</ele>
        <time>2026-08-21T19:22:09+00:00</time>
      </trkpt>
      <trkpt lat="44.1128" lon="3.10246">
        <ele>742</ele>
        <time>2026-08-21T19:22:12+00:00</time>
      </trkpt>
      <trkpt lat="44.1128" lon="3.1024">
        <ele>739</ele>
        <time>2026-08-21T19:22:15+00:00</time>
      </trkpt>
      <trkpt lat="44.11285" lon="3.10233">
        <ele>734</ele>
        <time>2026-08-21T19:22:18+00:00</time>
      </trkpt>
      <trkpt lat="44.11293" lon="3.10221">
        <ele>728</ele>
        <time>2026-08-21T19:22:21+00:00</time>
      </trkpt>
      <trkpt lat="44.11298" lon="3.1022">
        <ele>725</ele>
        <time>2026-08-21T19:22:24+00:00</time>
      </trkpt>
      <trkpt lat="44.11303" lon="3.10214">
        <ele>724</ele>
        <time>2026-08-21T19:22:27+00:00</time>
      </trkpt>
      <trkpt lat="44.11303" lon="3.10209">
        <ele>719</ele>
        <time>2026-08-21T19:22:30+00:00</time>
      </trkpt>
      <trkpt lat="44.11299" lon="3.10206">
        <ele>720</ele>
        <time>2026-08-21T19:22:33+00:00</time>
      </trkpt>
      <trkpt lat="44.11291" lon="3.10185">
        <ele>713</ele>
        <time>2026-08-21T19:22:36+00:00</time>
      </trkpt>
      <trkpt lat="44.1129" lon="3.10181">
        <ele>713</ele>
        <time>2026-08-21T19:22:39+00:00</time>
      </trkpt>
      <trkpt lat="44.11291" lon="3.10176">
        <ele>708</ele>
        <time>2026-08-21T19:22:42+00:00</time>
      </trkpt>
      <trkpt lat="44.11294" lon="3.10173">
        <ele>708</ele>
        <time>2026-08-21T19:22:45+00:00</time>
      </trkpt>
      <trkpt lat="44.11302" lon="3.10171">
        <ele>705</ele>
        <time>2026-08-21T19:22:48+00:00</time>
      </trkpt>
      <trkpt lat="44.11308" lon="3.10168">
        <ele>701</ele>
        <time>2026-08-21T19:22:51+00:00</time>
      </trkpt>
      <trkpt lat="44.1131" lon="3.10164">
        <ele>701</ele>
        <time>2026-08-21T19:22:54+00:00</time>
      </trkpt>
      <trkpt lat="44.1131" lon="3.10161">
        <ele>701</ele>
        <time>2026-08-21T19:22:57+00:00</time>
      </trkpt>
      <trkpt lat="44.11309" lon="3.10158">
        <ele>698</ele>
        <time>2026-08-21T19:23:00+00:00</time>
      </trkpt>
      <trkpt lat="44.11306" lon="3.10154">
        <ele>698</ele>
        <time>2026-08-21T19:23:03+00:00</time>
      </trkpt>
      <trkpt lat="44.11303" lon="3.10151">
        <ele>698</ele>
        <time>2026-08-21T19:23:06+00:00</time>
      </trkpt>
      <trkpt lat="44.11301" lon="3.10148">
        <ele>693</ele>
        <time>2026-08-21T19:23:09+00:00</time>
      </trkpt>
      <trkpt lat="44.11301" lon="3.10144">
        <ele>693</ele>
        <time>2026-08-21T19:23:12+00:00</time>
      </trkpt>
      <trkpt lat="44.11302" lon="3.10139">
        <ele>690</ele>
        <time>2026-08-21T19:23:15+00:00</time>
      </trkpt>
      <trkpt lat="44.11302" lon="3.10131">
        <ele>690</ele>
        <time>2026-08-21T19:23:18+00:00</time>
      </trkpt>
      <trkpt lat="44.11304" lon="3.1013">
        <ele>690</ele>
        <time>2026-08-21T19:23:21+00:00</time>
      </trkpt>
      <trkpt lat="44.11302" lon="3.10131">
        <ele>690</ele>
        <time>2026-08-21T19:23:24+00:00</time>
      </trkpt>
      <trkpt lat="44.11308" lon="3.10118">
        <ele>687</ele>
        <time>2026-08-21T19:23:27+00:00</time>
      </trkpt>
      <trkpt lat="44.11312" lon="3.10106">
        <ele>678</ele>
        <time>2026-08-21T19:23:30+00:00</time>
      </trkpt>
      <trkpt lat="44.11314" lon="3.10101">
        <ele>678</ele>
        <time>2026-08-21T19:23:33+00:00</time>
      </trkpt>
      <trkpt lat="44.11315" lon="3.10092">
        <ele>676</ele>
        <time>2026-08-21T19:23:36+00:00</time>
      </trkpt>
      <trkpt lat="44.11316" lon="3.10084">
        <ele>674</ele>
        <time>2026-08-21T19:23:39+00:00</time>
      </trkpt>
      <trkpt lat="44.11316" lon="3.10076">
        <ele>672</ele>
        <time>2026-08-21T19:23:42+00:00</time>
      </trkpt>
      <trkpt lat="44.11318" lon="3.10069">
        <ele>671</ele>
        <time>2026-08-21T19:23:45+00:00</time>
      </trkpt>
      <trkpt lat="44.11319" lon="3.10065">
        <ele>671</ele>
        <time>2026-08-21T19:23:48+00:00</time>
      </trkpt>
      <trkpt lat="44.11319" lon="3.1006">
        <ele>669</ele>
        <time>2026-08-21T19:23:51+00:00</time>
      </trkpt>
      <trkpt lat="44.11319" lon="3.10054">
        <ele>669</ele>
        <time>2026-08-21T19:23:54+00:00</time>
      </trkpt>
      <trkpt lat="44.11319" lon="3.10048">
        <ele>668</ele>
        <time>2026-08-21T19:23:57+00:00</time>
      </trkpt>
      <trkpt lat="44.1132" lon="3.10043">
        <ele>668</ele>
        <time>2026-08-21T19:24:00+00:00</time>
      </trkpt>
      <trkpt lat="44.1132" lon="3.1004">
        <ele>658</ele>
        <time>2026-08-21T19:24:03+00:00</time>
      </trkpt>
      <trkpt lat="44.11322" lon="3.10034">
        <ele>658</ele>
        <time>2026-08-21T19:24:06+00:00</time>
      </trkpt>
      <trkpt lat="44.11323" lon="3.10025">
        <ele>656</ele>
        <time>2026-08-21T19:24:09+00:00</time>
      </trkpt>
      <trkpt lat="44.11323" lon="3.10018">
        <ele>654</ele>
        <time>2026-08-21T19:24:12+00:00</time>
      </trkpt>
      <trkpt lat="44.11323" lon="3.10009">
        <ele>653</ele>
        <time>2026-08-21T19:24:15+00:00</time>
      </trkpt>
      <trkpt lat="44.11324" lon="3.1">
        <ele>649</ele>
        <time>2026-08-21T19:24:18+00:00</time>
      </trkpt>
      <trkpt lat="44.11325" lon="3.09992">
        <ele>649</ele>
        <time>2026-08-21T19:24:21+00:00</time>
      </trkpt>
      <trkpt lat="44.11326" lon="3.09987">
        <ele>647</ele>
        <time>2026-08-21T19:24:24+00:00</time>
      </trkpt>
      <trkpt lat="44.11329" lon="3.09979">
        <ele>645</ele>
        <time>2026-08-21T19:24:27+00:00</time>
      </trkpt>
      <trkpt lat="44.11332" lon="3.09974">
        <ele>641</ele>
        <time>2026-08-21T19:24:30+00:00</time>
      </trkpt>
      <trkpt lat="44.11333" lon="3.09967">
        <ele>637</ele>
        <time>2026-08-21T19:24:33+00:00</time>
      </trkpt>
      <trkpt lat="44.11337" lon="3.0996">
        <ele>637</ele>
        <time>2026-08-21T19:24:36+00:00</time>
      </trkpt>
      <trkpt lat="44.11341" lon="3.09955">
        <ele>631</ele>
        <time>2026-08-21T19:24:39+00:00</time>
      </trkpt>
      <trkpt lat="44.11345" lon="3.0995">
        <ele>631</ele>
        <time>2026-08-21T19:24:42+00:00</time>
      </trkpt>
      <trkpt lat="44.1135" lon="3.09948">
        <ele>629</ele>
        <time>2026-08-21T19:24:45+00:00</time>
      </trkpt>
      <trkpt lat="44.11354" lon="3.09945">
        <ele>623</ele>
        <time>2026-08-21T19:24:48+00:00</time>
      </trkpt>
      <trkpt lat="44.11358" lon="3.09944">
        <ele>623</ele>
        <time>2026-08-21T19:24:51+00:00</time>
      </trkpt>
      <trkpt lat="44.11362" lon="3.09944">
        <ele>621</ele>
        <time>2026-08-21T19:24:54+00:00</time>
      </trkpt>
      <trkpt lat="44.11368" lon="3.09944">
        <ele>621</ele>
        <time>2026-08-21T19:24:57+00:00</time>
      </trkpt>
      <trkpt lat="44.11371" lon="3.09942">
        <ele>617</ele>
        <time>2026-08-21T19:25:00+00:00</time>
      </trkpt>
      <trkpt lat="44.11376" lon="3.09941">
        <ele>617</ele>
        <time>2026-08-21T19:25:03+00:00</time>
      </trkpt>
      <trkpt lat="44.11382" lon="3.09942">
        <ele>612</ele>
        <time>2026-08-21T19:25:06+00:00</time>
      </trkpt>
      <trkpt lat="44.11386" lon="3.09946">
        <ele>612</ele>
        <time>2026-08-21T19:25:09+00:00</time>
      </trkpt>
      <trkpt lat="44.1139" lon="3.09953">
        <ele>614</ele>
        <time>2026-08-21T19:25:12+00:00</time>
      </trkpt>
      <trkpt lat="44.11392" lon="3.09961">
        <ele>611</ele>
        <time>2026-08-21T19:25:15+00:00</time>
      </trkpt>
      <trkpt lat="44.11393" lon="3.09967">
        <ele>611</ele>
        <time>2026-08-21T19:25:18+00:00</time>
      </trkpt>
      <trkpt lat="44.11394" lon="3.09971">
        <ele>613</ele>
        <time>2026-08-21T19:25:21+00:00</time>
      </trkpt>
      <trkpt lat="44.11395" lon="3.09972">
        <ele>613</ele>
        <time>2026-08-21T19:25:24+00:00</time>
      </trkpt>
      <trkpt lat="44.11401" lon="3.09972">
        <ele>609</ele>
        <time>2026-08-21T19:25:27+00:00</time>
      </trkpt>
      <trkpt lat="44.11408" lon="3.09971">
        <ele>609</ele>
        <time>2026-08-21T19:25:30+00:00</time>
      </trkpt>
      <trkpt lat="44.11409" lon="3.09968">
        <ele>607</ele>
        <time>2026-08-21T19:25:33+00:00</time>
      </trkpt>
      <trkpt lat="44.11411" lon="3.09963">
        <ele>602</ele>
        <time>2026-08-21T19:25:36+00:00</time>
      </trkpt>
      <trkpt lat="44.11414" lon="3.09961">
        <ele>602</ele>
        <time>2026-08-21T19:25:39+00:00</time>
      </trkpt>
      <trkpt lat="44.1142" lon="3.09961">
        <ele>599</ele>
        <time>2026-08-21T19:25:42+00:00</time>
      </trkpt>
      <trkpt lat="44.11426" lon="3.09961">
        <ele>599</ele>
        <time>2026-08-21T19:25:45+00:00</time>
      </trkpt>
      <trkpt lat="44.1143" lon="3.09961">
        <ele>597</ele>
        <time>2026-08-21T19:25:48+00:00</time>
      </trkpt>
      <trkpt lat="44.11435" lon="3.09958">
        <ele>594</ele>
        <time>2026-08-21T19:25:51+00:00</time>
      </trkpt>
      <trkpt lat="44.11443" lon="3.0995">
        <ele>588</ele>
        <time>2026-08-21T19:25:54+00:00</time>
      </trkpt>
      <trkpt lat="44.11442" lon="3.09946">
        <ele>588</ele>
        <time>2026-08-21T19:25:57+00:00</time>
      </trkpt>
      <trkpt lat="44.11442" lon="3.09938">
        <ele>585</ele>
        <time>2026-08-21T19:26:00+00:00</time>
      </trkpt>
      <trkpt lat="44.11442" lon="3.09932">
        <ele>585</ele>
        <time>2026-08-21T19:26:03+00:00</time>
      </trkpt>
      <trkpt lat="44.11445" lon="3.09928">
        <ele>583</ele>
        <time>2026-08-21T19:26:06+00:00</time>
      </trkpt>
      <trkpt lat="44.11448" lon="3.09927">
        <ele>583</ele>
        <time>2026-08-21T19:26:09+00:00</time>
      </trkpt>
      <trkpt lat="44.11455" lon="3.09925">
        <ele>578</ele>
        <time>2026-08-21T19:26:12+00:00</time>
      </trkpt>
      <trkpt lat="44.11463" lon="3.09923">
        <ele>576</ele>
        <time>2026-08-21T19:26:15+00:00</time>
      </trkpt>
      <trkpt lat="44.11466" lon="3.09923">
        <ele>576</ele>
        <time>2026-08-21T19:26:18+00:00</time>
      </trkpt>
      <trkpt lat="44.11473" lon="3.09922">
        <ele>569</ele>
        <time>2026-08-21T19:26:21+00:00</time>
      </trkpt>
      <trkpt lat="44.11476" lon="3.0992">
        <ele>569</ele>
        <time>2026-08-21T19:26:24+00:00</time>
      </trkpt>
      <trkpt lat="44.11479" lon="3.09917">
        <ele>568</ele>
        <time>2026-08-21T19:26:27+00:00</time>
      </trkpt>
      <trkpt lat="44.11479" lon="3.09915">
        <ele>568</ele>
        <time>2026-08-21T19:26:30+00:00</time>
      </trkpt>
      <trkpt lat="44.11479" lon="3.09906">
        <ele>566</ele>
        <time>2026-08-21T19:26:33+00:00</time>
      </trkpt>
      <trkpt lat="44.1148" lon="3.09895">
        <ele>562</ele>
        <time>2026-08-21T19:26:36+00:00</time>
      </trkpt>
      <trkpt lat="44.11483" lon="3.09879">
        <ele>560</ele>
        <time>2026-08-21T19:26:39+00:00</time>
      </trkpt>
      <trkpt lat="44.11485" lon="3.0987">
        <ele>558</ele>
        <time>2026-08-21T19:26:42+00:00</time>
      </trkpt>
      <trkpt lat="44.11487" lon="3.09867">
        <ele>558</ele>
        <time>2026-08-21T19:26:45+00:00</time>
      </trkpt>
      <trkpt lat="44.1149" lon="3.09867">
        <ele>558</ele>
        <time>2026-08-21T19:26:48+00:00</time>
      </trkpt>
      <trkpt lat="44.1149" lon="3.09867">
        <ele>557</ele>
        <time>2026-08-21T19:26:51+00:00</time>
      </trkpt>
      <trkpt lat="44.11495" lon="3.09871">
        <ele>557</ele>
        <time>2026-08-21T19:26:54+00:00</time>
      </trkpt>
      <trkpt lat="44.115" lon="3.09871">
        <ele>557</ele>
        <time>2026-08-21T19:26:57+00:00</time>
      </trkpt>
      <trkpt lat="44.11503" lon="3.09866">
        <ele>553</ele>
        <time>2026-08-21T19:27:00+00:00</time>
      </trkpt>
      <trkpt lat="44.11509" lon="3.09846">
        <ele>551</ele>
        <time>2026-08-21T19:27:03+00:00</time>
      </trkpt>
      <trkpt lat="44.11515" lon="3.0982">
        <ele>547</ele>
        <time>2026-08-21T19:27:06+00:00</time>
      </trkpt>
      <trkpt lat="44.11515" lon="3.09809">
        <ele>544</ele>
        <time>2026-08-21T19:27:09+00:00</time>
      </trkpt>
      <trkpt lat="44.11513" lon="3.09798">
        <ele>542</ele>
        <time>2026-08-21T19:27:12+00:00</time>
      </trkpt>
      <trkpt lat="44.11514" lon="3.09786">
        <ele>540</ele>
        <time>2026-08-21T19:27:15+00:00</time>
      </trkpt>
      <trkpt lat="44.11516" lon="3.09762">
        <ele>537</ele>
        <time>2026-08-21T19:27:18+00:00</time>
      </trkpt>
      <trkpt lat="44.11517" lon="3.0973">
        <ele>531</ele>
        <time>2026-08-21T19:27:21+00:00</time>
      </trkpt>
      <trkpt lat="44.11517" lon="3.09703">
        <ele>526</ele>
        <time>2026-08-21T19:27:24+00:00</time>
      </trkpt>
      <trkpt lat="44.11517" lon="3.09694">
        <ele>525</ele>
        <time>2026-08-21T19:27:27+00:00</time>
      </trkpt>
      <trkpt lat="44.11515" lon="3.09681">
        <ele>523</ele>
        <time>2026-08-21T19:27:30+00:00</time>
      </trkpt>
      <trkpt lat="44.11511" lon="3.09658">
        <ele>520</ele>
        <time>2026-08-21T19:27:33+00:00</time>
      </trkpt>
      <trkpt lat="44.11505" lon="3.09628">
        <ele>517</ele>
        <time>2026-08-21T19:27:36+00:00</time>
      </trkpt>
      <trkpt lat="44.11497" lon="3.09592">
        <ele>512</ele>
        <time>2026-08-21T19:27:39+00:00</time>
      </trkpt>
      <trkpt lat="44.11489" lon="3.09554">
        <ele>509</ele>
        <time>2026-08-21T19:27:42+00:00</time>
      </trkpt>
      <trkpt lat="44.1148" lon="3.0952">
        <ele>507</ele>
        <time>2026-08-21T19:27:45+00:00</time>
      </trkpt>
      <trkpt lat="44.11477" lon="3.09505">
        <ele>502</ele>
        <time>2026-08-21T19:27:48+00:00</time>
      </trkpt>
      <trkpt lat="44.11474" lon="3.09486">
        <ele>503</ele>
        <time>2026-08-21T19:27:51+00:00</time>
      </trkpt>
      <trkpt lat="44.11472" lon="3.09472">
        <ele>502</ele>
        <time>2026-08-21T19:27:54+00:00</time>
      </trkpt>
      <trkpt lat="44.11472" lon="3.09464">
        <ele>501</ele>
        <time>2026-08-21T19:27:57+00:00</time>
      </trkpt>
      <trkpt lat="44.11473" lon="3.09456">
        <ele>500</ele>
        <time>2026-08-21T19:28:00+00:00</time>
      </trkpt>
      <trkpt lat="44.11476" lon="3.09439">
        <ele>498</ele>
        <time>2026-08-21T19:28:03+00:00</time>
      </trkpt>
      <trkpt lat="44.11479" lon="3.09423">
        <ele>496</ele>
        <time>2026-08-21T19:28:06+00:00</time>
      </trkpt>
      <trkpt lat="44.1148" lon="3.09417">
        <ele>493</ele>
        <time>2026-08-21T19:28:09+00:00</time>
      </trkpt>
      <trkpt lat="44.1148" lon="3.09415">
        <ele>493</ele>
        <time>2026-08-21T19:28:12+00:00</time>
      </trkpt>
      <trkpt lat="44.1148" lon="3.09414">
        <ele>493</ele>
        <time>2026-08-21T19:28:15+00:00</time>
      </trkpt>
      <trkpt lat="44.11478" lon="3.0941">
        <ele>492</ele>
        <time>2026-08-21T19:28:18+00:00</time>
      </trkpt>
      <trkpt lat="44.11474" lon="3.09406">
        <ele>492</ele>
        <time>2026-08-21T19:28:21+00:00</time>
      </trkpt>
      <trkpt lat="44.11457" lon="3.09397">
        <ele>489</ele>
        <time>2026-08-21T19:28:24+00:00</time>
      </trkpt>
      <trkpt lat="44.11445" lon="3.09388">
        <ele>486</ele>
        <time>2026-08-21T19:28:27+00:00</time>
      </trkpt>
      <trkpt lat="44.11436" lon="3.09383">
        <ele>485</ele>
        <time>2026-08-21T19:28:30+00:00</time>
      </trkpt>
      <trkpt lat="44.11438" lon="3.09379">
        <ele>483</ele>
        <time>2026-08-21T19:28:33+00:00</time>
      </trkpt>
      <trkpt lat="44.11433" lon="3.09369">
        <ele>481</ele>
        <time>2026-08-21T19:28:36+00:00</time>
      </trkpt>
      <trkpt lat="44.11426" lon="3.09365">
        <ele>481</ele>
        <time>2026-08-21T19:28:39+00:00</time>
      </trkpt>
      <trkpt lat="44.11423" lon="3.09359">
        <ele>480</ele>
        <time>2026-08-21T19:28:42+00:00</time>
      </trkpt>
      <trkpt lat="44.11421" lon="3.09358">
        <ele>480</ele>
        <time>2026-08-21T19:28:45+00:00</time>
      </trkpt>
      <trkpt lat="44.1142" lon="3.09356">
        <ele>480</ele>
        <time>2026-08-21T19:28:48+00:00</time>
      </trkpt>
      <trkpt lat="44.1142" lon="3.09353">
        <ele>480</ele>
        <time>2026-08-21T19:28:51+00:00</time>
      </trkpt>
      <trkpt lat="44.11422" lon="3.09349">
        <ele>476</ele>
        <time>2026-08-21T19:28:54+00:00</time>
      </trkpt>
      <trkpt lat="44.11426" lon="3.09348">
        <ele>476</ele>
        <time>2026-08-21T19:28:57+00:00</time>
      </trkpt>
      <trkpt lat="44.11438" lon="3.09351">
        <ele>479</ele>
        <time>2026-08-21T19:29:00+00:00</time>
      </trkpt>
      <trkpt lat="44.11443" lon="3.09353">
        <ele>478</ele>
        <time>2026-08-21T19:29:03+00:00</time>
      </trkpt>
      <trkpt lat="44.11449" lon="3.09353">
        <ele>478</ele>
        <time>2026-08-21T19:29:06+00:00</time>
      </trkpt>
      <trkpt lat="44.11466" lon="3.0935">
        <ele>473</ele>
        <time>2026-08-21T19:29:09+00:00</time>
      </trkpt>
      <trkpt lat="44.11487" lon="3.09346">
        <ele>473</ele>
        <time>2026-08-21T19:29:12+00:00</time>
      </trkpt>
      <trkpt lat="44.11509" lon="3.09342">
        <ele>473</ele>
        <time>2026-08-21T19:29:15+00:00</time>
      </trkpt>
      <trkpt lat="44.11527" lon="3.09337">
        <ele>469</ele>
        <time>2026-08-21T19:29:18+00:00</time>
      </trkpt>
      <trkpt lat="44.11547" lon="3.0933">
        <ele>466</ele>
        <time>2026-08-21T19:29:21+00:00</time>
      </trkpt>
      <trkpt lat="44.11569" lon="3.09322">
        <ele>466</ele>
        <time>2026-08-21T19:29:24+00:00</time>
      </trkpt>
      <trkpt lat="44.11589" lon="3.09318">
        <ele>464</ele>
        <time>2026-08-21T19:29:27+00:00</time>
      </trkpt>
      <trkpt lat="44.11604" lon="3.09317">
        <ele>463</ele>
        <time>2026-08-21T19:29:30+00:00</time>
      </trkpt>
      <trkpt lat="44.11613" lon="3.09318">
        <ele>462</ele>
        <time>2026-08-21T19:29:33+00:00</time>
      </trkpt>
      <trkpt lat="44.11619" lon="3.0932">
        <ele>464</ele>
        <time>2026-08-21T19:29:36+00:00</time>
      </trkpt>
      <trkpt lat="44.11624" lon="3.09319">
        <ele>462</ele>
        <time>2026-08-21T19:29:39+00:00</time>
      </trkpt>
      <trkpt lat="44.11624" lon="3.09318">
        <ele>462</ele>
        <time>2026-08-21T19:29:42+00:00</time>
      </trkpt>
      <trkpt lat="44.11627" lon="3.09313">
        <ele>462</ele>
        <time>2026-08-21T19:29:45+00:00</time>
      </trkpt>
      <trkpt lat="44.11625" lon="3.093">
        <ele>460</ele>
        <time>2026-08-21T19:29:48+00:00</time>
      </trkpt>
      <trkpt lat="44.11619" lon="3.0928">
        <ele>457</ele>
        <time>2026-08-21T19:29:51+00:00</time>
      </trkpt>
      <trkpt lat="44.11613" lon="3.09268">
        <ele>456</ele>
        <time>2026-08-21T19:29:54+00:00</time>
      </trkpt>
      <trkpt lat="44.11601" lon="3.0925">
        <ele>455</ele>
        <time>2026-08-21T19:29:57+00:00</time>
      </trkpt>
      <trkpt lat="44.11589" lon="3.09238">
        <ele>452</ele>
        <time>2026-08-21T19:30:00+00:00</time>
      </trkpt>
      <trkpt lat="44.1158" lon="3.09231">
        <ele>452</ele>
        <time>2026-08-21T19:30:03+00:00</time>
      </trkpt>
      <trkpt lat="44.1157" lon="3.09225">
        <ele>448</ele>
        <time>2026-08-21T19:30:06+00:00</time>
      </trkpt>
      <trkpt lat="44.11561" lon="3.09219">
        <ele>448</ele>
        <time>2026-08-21T19:30:09+00:00</time>
      </trkpt>
      <trkpt lat="44.11545" lon="3.09212">
        <ele>446</ele>
        <time>2026-08-21T19:30:12+00:00</time>
      </trkpt>
      <trkpt lat="44.11542" lon="3.0921">
        <ele>444</ele>
        <time>2026-08-21T19:30:15+00:00</time>
      </trkpt>
      <trkpt lat="44.11541" lon="3.09207">
        <ele>444</ele>
        <time>2026-08-21T19:30:18+00:00</time>
      </trkpt>
      <trkpt lat="44.11542" lon="3.09203">
        <ele>444</ele>
        <time>2026-08-21T19:30:21+00:00</time>
      </trkpt>
      <trkpt lat="44.11542" lon="3.09196">
        <ele>442</ele>
        <time>2026-08-21T19:30:24+00:00</time>
      </trkpt>
      <trkpt lat="44.11529" lon="3.09187">
        <ele>441</ele>
        <time>2026-08-21T19:30:27+00:00</time>
      </trkpt>
      <trkpt lat="44.11513" lon="3.09176">
        <ele>437</ele>
        <time>2026-08-21T19:30:30+00:00</time>
      </trkpt>
      <trkpt lat="44.11495" lon="3.09152">
        <ele>436</ele>
        <time>2026-08-21T19:30:33+00:00</time>
      </trkpt>
      <trkpt lat="44.11481" lon="3.09122">
        <ele>430</ele>
        <time>2026-08-21T19:30:36+00:00</time>
      </trkpt>
      <trkpt lat="44.11469" lon="3.091">
        <ele>425</ele>
        <time>2026-08-21T19:30:39+00:00</time>
      </trkpt>
      <trkpt lat="44.11451" lon="3.09079">
        <ele>422</ele>
        <time>2026-08-21T19:30:42+00:00</time>
      </trkpt>
      <trkpt lat="44.11439" lon="3.09071">
        <ele>423</ele>
        <time>2026-08-21T19:30:45+00:00</time>
      </trkpt>
      <trkpt lat="44.11434" lon="3.09063">
        <ele>419</ele>
        <time>2026-08-21T19:30:48+00:00</time>
      </trkpt>
      <trkpt lat="44.11423" lon="3.09043">
        <ele>413</ele>
        <time>2026-08-21T19:30:51+00:00</time>
      </trkpt>
      <trkpt lat="44.11416" lon="3.09025">
        <ele>411</ele>
        <time>2026-08-21T19:30:54+00:00</time>
      </trkpt>
      <trkpt lat="44.11413" lon="3.09016">
        <ele>409</ele>
        <time>2026-08-21T19:30:57+00:00</time>
      </trkpt>
      <trkpt lat="44.11413" lon="3.09003">
        <ele>408</ele>
        <time>2026-08-21T19:31:00+00:00</time>
      </trkpt>
      <trkpt lat="44.11407" lon="3.08992">
        <ele>407</ele>
        <time>2026-08-21T19:31:03+00:00</time>
      </trkpt>
      <trkpt lat="44.11402" lon="3.08984">
        <ele>404</ele>
        <time>2026-08-21T19:31:06+00:00</time>
      </trkpt>
      <trkpt lat="44.114" lon="3.08975">
        <ele>404</ele>
        <time>2026-08-21T19:31:09+00:00</time>
      </trkpt>
      <trkpt lat="44.114" lon="3.08962">
        <ele>398</ele>
        <time>2026-08-21T19:31:12+00:00</time>
      </trkpt>
      <trkpt lat="44.11406" lon="3.08951">
        <ele>396</ele>
        <time>2026-08-21T19:31:15+00:00</time>
      </trkpt>
      <trkpt lat="44.11408" lon="3.0894">
        <ele>394</ele>
        <time>2026-08-21T19:31:18+00:00</time>
      </trkpt>
      <trkpt lat="44.11413" lon="3.08937">
        <ele>391</ele>
        <time>2026-08-21T19:31:21+00:00</time>
      </trkpt>
      <trkpt lat="44.11422" lon="3.08935">
        <ele>391</ele>
        <time>2026-08-21T19:31:24+00:00</time>
      </trkpt>
      <trkpt lat="44.11426" lon="3.08921">
        <ele>388</ele>
        <time>2026-08-21T19:31:27+00:00</time>
      </trkpt>
      <trkpt lat="44.1143" lon="3.08917">
        <ele>386</ele>
        <time>2026-08-21T19:31:30+00:00</time>
      </trkpt>
      <trkpt lat="44.11427" lon="3.08912">
        <ele>386</ele>
        <time>2026-08-21T19:31:33+00:00</time>
      </trkpt>
      <trkpt lat="44.11432" lon="3.08911">
        <ele>385</ele>
        <time>2026-08-21T19:31:36+00:00</time>
      </trkpt>
      <trkpt lat="44.11442" lon="3.08911">
        <ele>384</ele>
        <time>2026-08-21T19:31:39+00:00</time>
      </trkpt>
      <trkpt lat="44.11453" lon="3.0891">
        <ele>384</ele>
        <time>2026-08-21T19:31:42+00:00</time>
      </trkpt>
      <trkpt lat="44.11462" lon="3.08914">
        <ele>384</ele>
        <time>2026-08-21T19:31:45+00:00</time>
      </trkpt>
      <trkpt lat="44.11467" lon="3.08917">
        <ele>384</ele>
        <time>2026-08-21T19:31:48+00:00</time>
      </trkpt>
      <trkpt lat="44.1147" lon="3.08921">
        <ele>386</ele>
        <time>2026-08-21T19:31:51+00:00</time>
      </trkpt>
      <trkpt lat="44.11472" lon="3.08926">
        <ele>386</ele>
        <time>2026-08-21T19:31:54+00:00</time>
      </trkpt>
      <trkpt lat="44.11473" lon="3.08931">
        <ele>387</ele>
        <time>2026-08-21T19:31:57+00:00</time>
      </trkpt>
      <trkpt lat="44.1147" lon="3.08946">
        <ele>390</ele>
        <time>2026-08-21T19:32:00+00:00</time>
      </trkpt>
      <trkpt lat="44.11469" lon="3.08949">
        <ele>391</ele>
        <time>2026-08-21T19:32:03+00:00</time>
      </trkpt>
      <trkpt lat="44.11466" lon="3.08951">
        <ele>393</ele>
        <time>2026-08-21T19:32:06+00:00</time>
      </trkpt>
      <trkpt lat="44.11451" lon="3.08951">
        <ele>393</ele>
        <time>2026-08-21T19:32:09+00:00</time>
      </trkpt>
      <trkpt lat="44.11433" lon="3.08948">
        <ele>394</ele>
        <time>2026-08-21T19:32:12+00:00</time>
      </trkpt>
    </trkseg>
  </trk>
</gpx>
