<?xml version="1.0" encoding="UTF-8"?>
<gpx creator="StravaGPX" version="1.1" xmlns="http://www.topografix.com/GPX/1/1" xmlns:xsi="http://www.w3.org/2001/XMLSchema-instance" xsi:schemaLocation="http://www.topografix.com/GPX/1/1 http://www.topografix.com/GPX/1/1/gpx.xsd">
 <metadata>
  <name>ultra tour</name>
  <author>
   <name>Benoit Hoelt</name>
   <link href="https://www.strava.com/athletes/42795295"/>
  </author>
  <copyright author="OpenStreetMap contributors">
   <year>2020</year>
   <license>https://www.openstreetmap.org/copyright</license>
  </copyright>
  <link href="https://www.strava.com/routes/3522945724165156614"/>
 </metadata>
 <trk>
  <name>ultra tour</name>
  <link href="https://www.strava.com/routes/3522945724165156614"/>
  <type>running</type>
  <trkseg>
   <trkpt lat="42.82976" lon="0.32736000000000004">
    <ele>794.7400000000001</ele>
   </trkpt>
   <trkpt lat="42.82969000000001" lon="0.32812">
    <ele>796.33</ele>
   </trkpt>
   <trkpt lat="42.829570000000004" lon="0.32847000000000004">
    <ele>796.3000000000001</ele>
   </trkpt>
   <trkpt lat="42.82952" lon="0.32848000000000005">
    <ele>796.1</ele>
   </trkpt>
   <trkpt lat="42.82932" lon="0.32870000000000005">
    <ele>796.1700000000001</ele>
   </trkpt>
   <trkpt lat="42.829190000000004" lon="0.32882">
    <ele>796.1400000000001</ele>
   </trkpt>
   <trkpt lat="42.82911" lon="0.32885000000000003">
    <ele>796.1700000000001</ele>
   </trkpt>
   <trkpt lat="42.828630000000004" lon="0.32862">
    <ele>796.9600000000002</ele>
   </trkpt>
   <trkpt lat="42.82828000000001" lon="0.32855">
    <ele>797.78</ele>
   </trkpt>
   <trkpt lat="42.8277199998201" lon="0.3284049986161091">
    <ele>798.09</ele>
   </trkpt>
   <trkpt lat="42.827160000000006" lon="0.32826000000000005">
    <ele>798.44</ele>
   </trkpt>
   <trkpt lat="42.82667" lon="0.32806">
    <ele>799.08</ele>
   </trkpt>
   <trkpt lat="42.82647" lon="0.32793">
    <ele>799.5600000000001</ele>
   </trkpt>
   <trkpt lat="42.82636" lon="0.32781000000000005">
    <ele>799.5600000000001</ele>
   </trkpt>
   <trkpt lat="42.826015000972305" lon="0.3273749977601977">
    <ele>800.6500000000001</ele>
   </trkpt>
   <trkpt lat="42.82567" lon="0.32694">
    <ele>801.1600000000001</ele>
   </trkpt>
   <trkpt lat="42.825610000000005" lon="0.32683">
    <ele>801.1600000000001</ele>
   </trkpt>
   <trkpt lat="42.825480000000006" lon="0.32668">
    <ele>801.2600000000001</ele>
   </trkpt>
   <trkpt lat="42.825410000000005" lon="0.32663000000000003">
    <ele>801.39</ele>
   </trkpt>
   <trkpt lat="42.82479000485656" lon="0.32588331836305534">
    <ele>802.6200000000001</ele>
   </trkpt>
   <trkpt lat="42.82417000486183" lon="0.3251366517029827">
    <ele>803.94</ele>
   </trkpt>
   <trkpt lat="42.823550000000004" lon="0.32439">
    <ele>804.9300000000001</ele>
   </trkpt>
   <trkpt lat="42.823420000000006" lon="0.32420000000000004">
    <ele>805.37</ele>
   </trkpt>
   <trkpt lat="42.82338" lon="0.32397000000000004">
    <ele>805.7900000000001</ele>
   </trkpt>
   <trkpt lat="42.82339" lon="0.32384">
    <ele>806.08</ele>
   </trkpt>
   <trkpt lat="42.823370000000004" lon="0.32379">
    <ele>806.08</ele>
   </trkpt>
   <trkpt lat="42.82339" lon="0.32352000000000003">
    <ele>806.6</ele>
   </trkpt>
   <trkpt lat="42.823815003885905" lon="0.3225800063700986">
    <ele>808.2800000000001</ele>
   </trkpt>
   <trkpt lat="42.82424" lon="0.32164000000000004">
    <ele>808.6600000000001</ele>
   </trkpt>
   <trkpt lat="42.8246050022027" lon="0.3209300041735146">
    <ele>810.36</ele>
   </trkpt>
   <trkpt lat="42.82497" lon="0.32022">
    <ele>813.2900000000001</ele>
   </trkpt>
   <trkpt lat="42.825255002838915" lon="0.3194200035354041">
    <ele>818.3100000000001</ele>
   </trkpt>
   <trkpt lat="42.825540000000004" lon="0.31862">
    <ele>820.13</ele>
   </trkpt>
   <trkpt lat="42.825700000000005" lon="0.31794">
    <ele>823.85</ele>
   </trkpt>
   <trkpt lat="42.82567" lon="0.31782000000000005">
    <ele>823.5500000000001</ele>
   </trkpt>
   <trkpt lat="42.825630000000004" lon="0.31776000000000004">
    <ele>823.3900000000001</ele>
   </trkpt>
   <trkpt lat="42.82549" lon="0.31766000000000005">
    <ele>823.2</ele>
   </trkpt>
   <trkpt lat="42.82522" lon="0.31754000000000004">
    <ele>822.5600000000001</ele>
   </trkpt>
   <trkpt lat="42.82511" lon="0.31747000000000003">
    <ele>822.4200000000001</ele>
   </trkpt>
   <trkpt lat="42.824850000000005" lon="0.31724">
    <ele>822.4</ele>
   </trkpt>
   <trkpt lat="42.824470000000005" lon="0.31675000000000003">
    <ele>822.4</ele>
   </trkpt>
   <trkpt lat="42.82419" lon="0.31647000000000003">
    <ele>822.67</ele>
   </trkpt>
   <trkpt lat="42.82392" lon="0.31635">
    <ele>823.4100000000001</ele>
   </trkpt>
   <trkpt lat="42.82374" lon="0.31625000000000003">
    <ele>824.21</ele>
   </trkpt>
   <trkpt lat="42.823570000000004" lon="0.31612">
    <ele>825.23</ele>
   </trkpt>
   <trkpt lat="42.823530000000005" lon="0.31582000000000005">
    <ele>826.62</ele>
   </trkpt>
   <trkpt lat="42.823440000000005" lon="0.31551">
    <ele>828.61</ele>
   </trkpt>
   <trkpt lat="42.823420000000006" lon="0.31499000000000005">
    <ele>833.32</ele>
   </trkpt>
   <trkpt lat="42.823440000000005" lon="0.31463">
    <ele>838.73</ele>
   </trkpt>
   <trkpt lat="42.82365" lon="0.31403000000000003">
    <ele>847.28</ele>
   </trkpt>
   <trkpt lat="42.8237" lon="0.31399000000000005">
    <ele>847.28</ele>
   </trkpt>
   <trkpt lat="42.823800000000006" lon="0.31395">
    <ele>848.55</ele>
   </trkpt>
   <trkpt lat="42.82394" lon="0.31392000000000003">
    <ele>850.26</ele>
   </trkpt>
   <trkpt lat="42.82408" lon="0.31393000000000004">
    <ele>851.32</ele>
   </trkpt>
   <trkpt lat="42.824220000000004" lon="0.31398000000000004">
    <ele>853.34</ele>
   </trkpt>
   <trkpt lat="42.824380000000005" lon="0.31401">
    <ele>855.22</ele>
   </trkpt>
   <trkpt lat="42.82522" lon="0.31403000000000003">
    <ele>864.9100000000001</ele>
   </trkpt>
   <trkpt lat="42.82546000000001" lon="0.314">
    <ele>867.99</ele>
   </trkpt>
   <trkpt lat="42.82584000000001" lon="0.31385">
    <ele>873.6400000000001</ele>
   </trkpt>
   <trkpt lat="42.8262" lon="0.31379">
    <ele>878.1700000000001</ele>
   </trkpt>
   <trkpt lat="42.826220000000006" lon="0.31377000000000005">
    <ele>878.82</ele>
   </trkpt>
   <trkpt lat="42.8262" lon="0.31373">
    <ele>879.4300000000001</ele>
   </trkpt>
   <trkpt lat="42.825750000000006" lon="0.31353000000000003">
    <ele>884.74</ele>
   </trkpt>
   <trkpt lat="42.825190000000006" lon="0.31323">
    <ele>891.3100000000001</ele>
   </trkpt>
   <trkpt lat="42.82475" lon="0.31291">
    <ele>894.26</ele>
   </trkpt>
   <trkpt lat="42.824580000000005" lon="0.31281000000000003">
    <ele>896.6</ele>
   </trkpt>
   <trkpt lat="42.824540000000006" lon="0.31275000000000003">
    <ele>896.6</ele>
   </trkpt>
   <trkpt lat="42.82457" lon="0.31269">
    <ele>898.0100000000001</ele>
   </trkpt>
   <trkpt lat="42.824630000000006" lon="0.31268">
    <ele>899.3000000000001</ele>
   </trkpt>
   <trkpt lat="42.82508000000001" lon="0.31274">
    <ele>905.23</ele>
   </trkpt>
   <trkpt lat="42.825480000000006" lon="0.31272">
    <ele>911.0600000000001</ele>
   </trkpt>
   <trkpt lat="42.82623" lon="0.31251">
    <ele>922.76</ele>
   </trkpt>
   <trkpt lat="42.82643" lon="0.31244000000000005">
    <ele>922.76</ele>
   </trkpt>
   <trkpt lat="42.826890000000006" lon="0.31219">
    <ele>928.9200000000001</ele>
   </trkpt>
   <trkpt lat="42.82739" lon="0.31188000000000005">
    <ele>936.42</ele>
   </trkpt>
   <trkpt lat="42.82744" lon="0.31182000000000004">
    <ele>938.5700000000002</ele>
   </trkpt>
   <trkpt lat="42.827450000000006" lon="0.31176000000000004">
    <ele>939.34</ele>
   </trkpt>
   <trkpt lat="42.827420000000004" lon="0.31169">
    <ele>940.0400000000001</ele>
   </trkpt>
   <trkpt lat="42.82739" lon="0.31168">
    <ele>940.64</ele>
   </trkpt>
   <trkpt lat="42.82715" lon="0.31171000000000004">
    <ele>942.6200000000001</ele>
   </trkpt>
   <trkpt lat="42.8269" lon="0.31170000000000003">
    <ele>944.39</ele>
   </trkpt>
   <trkpt lat="42.826370000000004" lon="0.31163">
    <ele>950.1700000000001</ele>
   </trkpt>
   <trkpt lat="42.82629" lon="0.31164000000000003">
    <ele>950.1700000000001</ele>
   </trkpt>
   <trkpt lat="42.82578" lon="0.31182000000000004">
    <ele>956.2</ele>
   </trkpt>
   <trkpt lat="42.825610000000005" lon="0.31185">
    <ele>957.3900000000001</ele>
   </trkpt>
   <trkpt lat="42.82551" lon="0.31183000000000005">
    <ele>958.0600000000001</ele>
   </trkpt>
   <trkpt lat="42.825480000000006" lon="0.31177000000000005">
    <ele>958.0600000000001</ele>
   </trkpt>
   <trkpt lat="42.825500000000005" lon="0.31174">
    <ele>959.23</ele>
   </trkpt>
   <trkpt lat="42.82567" lon="0.31172000000000005">
    <ele>960.7700000000001</ele>
   </trkpt>
   <trkpt lat="42.825770000000006" lon="0.31169">
    <ele>962.0300000000001</ele>
   </trkpt>
   <trkpt lat="42.825950000000006" lon="0.31158">
    <ele>963.62</ele>
   </trkpt>
   <trkpt lat="42.826420000000006" lon="0.31122000000000005">
    <ele>967.7</ele>
   </trkpt>
   <trkpt lat="42.82677" lon="0.31110000000000004">
    <ele>969.6300000000001</ele>
   </trkpt>
   <trkpt lat="42.82681" lon="0.31107">
    <ele>969.9900000000001</ele>
   </trkpt>
   <trkpt lat="42.82699" lon="0.31071000000000004">
    <ele>974.5400000000001</ele>
   </trkpt>
   <trkpt lat="42.827290000000005" lon="0.31002">
    <ele>979.6600000000001</ele>
   </trkpt>
   <trkpt lat="42.82744" lon="0.30982000000000004">
    <ele>983.08</ele>
   </trkpt>
   <trkpt lat="42.82746" lon="0.30976000000000004">
    <ele>983.08</ele>
   </trkpt>
   <trkpt lat="42.82744" lon="0.30972000000000005">
    <ele>983.5400000000001</ele>
   </trkpt>
   <trkpt lat="42.82737" lon="0.30971000000000004">
    <ele>984.34</ele>
   </trkpt>
   <trkpt lat="42.82686" lon="0.31034">
    <ele>990.38</ele>
   </trkpt>
   <trkpt lat="42.82663" lon="0.31053000000000003">
    <ele>994.6400000000001</ele>
   </trkpt>
   <trkpt lat="42.826150000000005" lon="0.31071000000000004">
    <ele>997.5800000000002</ele>
   </trkpt>
   <trkpt lat="42.826080000000005" lon="0.31073">
    <ele>997.5800000000002</ele>
   </trkpt>
   <trkpt lat="42.826060000000005" lon="0.31072000000000005">
    <ele>997.5800000000002</ele>
   </trkpt>
   <trkpt lat="42.82609" lon="0.31065000000000004">
    <ele>1000.5500000000001</ele>
   </trkpt>
   <trkpt lat="42.826460000000004" lon="0.31033000000000005">
    <ele>1003.09</ele>
   </trkpt>
   <trkpt lat="42.82661" lon="0.31016000000000005">
    <ele>1006.58</ele>
   </trkpt>
   <trkpt lat="42.82685" lon="0.30970000000000003">
    <ele>1008.98</ele>
   </trkpt>
   <trkpt lat="42.82699" lon="0.30937000000000003">
    <ele>1012.9000000000001</ele>
   </trkpt>
   <trkpt lat="42.82734000000001" lon="0.30868">
    <ele>1020.5000000000001</ele>
   </trkpt>
   <trkpt lat="42.827450000000006" lon="0.3084">
    <ele>1024.5000000000002</ele>
   </trkpt>
   <trkpt lat="42.8275" lon="0.30818">
    <ele>1026.6000000000001</ele>
   </trkpt>
   <trkpt lat="42.827510000000004" lon="0.3079">
    <ele>1029.65</ele>
   </trkpt>
   <trkpt lat="42.82755" lon="0.30774">
    <ele>1029.65</ele>
   </trkpt>
   <trkpt lat="42.82772000000001" lon="0.30727000000000004">
    <ele>1037.72</ele>
   </trkpt>
   <trkpt lat="42.82779" lon="0.30699000000000004">
    <ele>1037.72</ele>
   </trkpt>
   <trkpt lat="42.827920003237374" lon="0.3061300016795219">
    <ele>1051.35</ele>
   </trkpt>
   <trkpt lat="42.828050000000005" lon="0.30527000000000004">
    <ele>1060.4</ele>
   </trkpt>
   <trkpt lat="42.828" lon="0.30518">
    <ele>1060.5600000000002</ele>
   </trkpt>
   <trkpt lat="42.827850000000005" lon="0.30551">
    <ele>1065.32</ele>
   </trkpt>
   <trkpt lat="42.82764" lon="0.30584">
    <ele>1069.05</ele>
   </trkpt>
   <trkpt lat="42.8271" lon="0.30678000000000005">
    <ele>1080.03</ele>
   </trkpt>
   <trkpt lat="42.826930000000004" lon="0.30693000000000004">
    <ele>1082.44</ele>
   </trkpt>
   <trkpt lat="42.82641" lon="0.30721000000000004">
    <ele>1089.94</ele>
   </trkpt>
   <trkpt lat="42.82578" lon="0.30763">
    <ele>1097.8100000000002</ele>
   </trkpt>
   <trkpt lat="42.82555000000001" lon="0.30771000000000004">
    <ele>1101.07</ele>
   </trkpt>
   <trkpt lat="42.82551" lon="0.30767">
    <ele>1101.07</ele>
   </trkpt>
   <trkpt lat="42.825540000000004" lon="0.30760000000000004">
    <ele>1103.61</ele>
   </trkpt>
   <trkpt lat="42.82567" lon="0.30755000000000005">
    <ele>1104.7</ele>
   </trkpt>
   <trkpt lat="42.82583" lon="0.3074">
    <ele>1106.1100000000001</ele>
   </trkpt>
   <trkpt lat="42.825950000000006" lon="0.30724">
    <ele>1107.41</ele>
   </trkpt>
   <trkpt lat="42.82639" lon="0.30651">
    <ele>1115.28</ele>
   </trkpt>
   <trkpt lat="42.82638" lon="0.30644000000000005">
    <ele>1117.28</ele>
   </trkpt>
   <trkpt lat="42.82631000000001" lon="0.30646">
    <ele>1117.91</ele>
   </trkpt>
   <trkpt lat="42.82587" lon="0.30695">
    <ele>1123.21</ele>
   </trkpt>
   <trkpt lat="42.82576" lon="0.30703">
    <ele>1124.7500000000002</ele>
   </trkpt>
   <trkpt lat="42.82571" lon="0.30702">
    <ele>1124.7500000000002</ele>
   </trkpt>
   <trkpt lat="42.82571" lon="0.30696">
    <ele>1126.56</ele>
   </trkpt>
   <trkpt lat="42.82583" lon="0.30682000000000004">
    <ele>1128.7900000000002</ele>
   </trkpt>
   <trkpt lat="42.82605" lon="0.30647">
    <ele>1131.76</ele>
   </trkpt>
   <trkpt lat="42.8262" lon="0.30612">
    <ele>1137.0900000000001</ele>
   </trkpt>
   <trkpt lat="42.82641" lon="0.30575">
    <ele>1142.71</ele>
   </trkpt>
   <trkpt lat="42.826420000000006" lon="0.3057">
    <ele>1142.71</ele>
   </trkpt>
   <trkpt lat="42.82640000000001" lon="0.30567">
    <ele>1143.39</ele>
   </trkpt>
   <trkpt lat="42.82638" lon="0.30567">
    <ele>1143.39</ele>
   </trkpt>
   <trkpt lat="42.825950000000006" lon="0.30610000000000004">
    <ele>1150.43</ele>
   </trkpt>
   <trkpt lat="42.82574" lon="0.30623">
    <ele>1153.44</ele>
   </trkpt>
   <trkpt lat="42.825660000000006" lon="0.30626000000000003">
    <ele>1154.5700000000002</ele>
   </trkpt>
   <trkpt lat="42.825480000000006" lon="0.30627000000000004">
    <ele>1157.28</ele>
   </trkpt>
   <trkpt lat="42.8252" lon="0.30610000000000004">
    <ele>1160.2100000000003</ele>
   </trkpt>
   <trkpt lat="42.82518" lon="0.30606">
    <ele>1160.2100000000003</ele>
   </trkpt>
   <trkpt lat="42.82511" lon="0.30600000000000005">
    <ele>1161.78</ele>
   </trkpt>
   <trkpt lat="42.824980000000004" lon="0.30578000000000005">
    <ele>1165.74</ele>
   </trkpt>
   <trkpt lat="42.824870000000004" lon="0.3057">
    <ele>1165.74</ele>
   </trkpt>
   <trkpt lat="42.824450000000006" lon="0.30504000000000003">
    <ele>1175.34</ele>
   </trkpt>
   <trkpt lat="42.824020000000004" lon="0.30424">
    <ele>1184.42</ele>
   </trkpt>
   <trkpt lat="42.82397" lon="0.30407">
    <ele>1186.8</ele>
   </trkpt>
   <trkpt lat="42.82395" lon="0.30386">
    <ele>1189.68</ele>
   </trkpt>
   <trkpt lat="42.82396000000001" lon="0.30372000000000005">
    <ele>1190.5800000000002</ele>
   </trkpt>
   <trkpt lat="42.824020000000004" lon="0.30357">
    <ele>1193.48</ele>
   </trkpt>
   <trkpt lat="42.824040000000004" lon="0.30284">
    <ele>1204.0700000000002</ele>
   </trkpt>
   <trkpt lat="42.82395" lon="0.30250000000000005">
    <ele>1206.53</ele>
   </trkpt>
   <trkpt lat="42.82401" lon="0.30232000000000003">
    <ele>1207.2</ele>
   </trkpt>
   <trkpt lat="42.824020000000004" lon="0.30222000000000004">
    <ele>1212.2400000000002</ele>
   </trkpt>
   <trkpt lat="42.82394" lon="0.30200000000000005">
    <ele>1212.2400000000002</ele>
   </trkpt>
   <trkpt lat="42.823930000000004" lon="0.30174">
    <ele>1215.99</ele>
   </trkpt>
   <trkpt lat="42.82379" lon="0.30089000000000005">
    <ele>1224.1200000000001</ele>
   </trkpt>
   <trkpt lat="42.823750000000004" lon="0.30073">
    <ele>1227.24</ele>
   </trkpt>
   <trkpt lat="42.82377" lon="0.30042">
    <ele>1229.53</ele>
   </trkpt>
   <trkpt lat="42.823800000000006" lon="0.30021000000000003">
    <ele>1230.82</ele>
   </trkpt>
   <trkpt lat="42.824020000000004" lon="0.29987">
    <ele>1234.07</ele>
   </trkpt>
   <trkpt lat="42.824160000000006" lon="0.29944000000000004">
    <ele>1238.14</ele>
   </trkpt>
   <trkpt lat="42.824380000000005" lon="0.29863">
    <ele>1246.3600000000001</ele>
   </trkpt>
   <trkpt lat="42.824450000000006" lon="0.29819">
    <ele>1251.46</ele>
   </trkpt>
   <trkpt lat="42.82446" lon="0.29766000000000004">
    <ele>1257.49</ele>
   </trkpt>
   <trkpt lat="42.82444" lon="0.29693">
    <ele>1268.0800000000002</ele>
   </trkpt>
   <trkpt lat="42.824380000000005" lon="0.29663">
    <ele>1272.78</ele>
   </trkpt>
   <trkpt lat="42.824380000000005" lon="0.29644000000000004">
    <ele>1276.15</ele>
   </trkpt>
   <trkpt lat="42.82433" lon="0.29593">
    <ele>1278.73</ele>
   </trkpt>
   <trkpt lat="42.82428" lon="0.29478000000000004">
    <ele>1287.7800000000002</ele>
   </trkpt>
   <trkpt lat="42.82426" lon="0.29476">
    <ele>1288.1200000000001</ele>
   </trkpt>
   <trkpt lat="42.82423" lon="0.29477000000000003">
    <ele>1288.1200000000001</ele>
   </trkpt>
   <trkpt lat="42.82419" lon="0.29500000000000004">
    <ele>1291.42</ele>
   </trkpt>
   <trkpt lat="42.824110000000005" lon="0.29525">
    <ele>1292.9</ele>
   </trkpt>
   <trkpt lat="42.82403" lon="0.29571000000000003">
    <ele>1296.7300000000002</ele>
   </trkpt>
   <trkpt lat="42.82401" lon="0.29601000000000005">
    <ele>1298.18</ele>
   </trkpt>
   <trkpt lat="42.82397" lon="0.29605000000000004">
    <ele>1299.35</ele>
   </trkpt>
   <trkpt lat="42.82395" lon="0.29603">
    <ele>1299.35</ele>
   </trkpt>
   <trkpt lat="42.82386" lon="0.29534000000000005">
    <ele>1308.1299999999999</ele>
   </trkpt>
   <trkpt lat="42.823750000000004" lon="0.29496">
    <ele>1315.7</ele>
   </trkpt>
   <trkpt lat="42.82358000000001" lon="0.2947">
    <ele>1323.1000000000001</ele>
   </trkpt>
   <trkpt lat="42.823530000000005" lon="0.29469">
    <ele>1324.78</ele>
   </trkpt>
   <trkpt lat="42.82343" lon="0.29475">
    <ele>1326.5800000000002</ele>
   </trkpt>
   <trkpt lat="42.823260000000005" lon="0.29475">
    <ele>1337.8500000000001</ele>
   </trkpt>
   <trkpt lat="42.82318" lon="0.29472000000000004">
    <ele>1341.13</ele>
   </trkpt>
   <trkpt lat="42.823080000000004" lon="0.29472000000000004">
    <ele>1345.82</ele>
   </trkpt>
   <trkpt lat="42.82287" lon="0.29477000000000003">
    <ele>1350.8600000000001</ele>
   </trkpt>
   <trkpt lat="42.82282" lon="0.2948">
    <ele>1351.7800000000002</ele>
   </trkpt>
   <trkpt lat="42.822750000000006" lon="0.29490000000000005">
    <ele>1354.15</ele>
   </trkpt>
   <trkpt lat="42.822660000000006" lon="0.29492">
    <ele>1355.04</ele>
   </trkpt>
   <trkpt lat="42.82245" lon="0.29511000000000004">
    <ele>1361.17</ele>
   </trkpt>
   <trkpt lat="42.82224" lon="0.29546">
    <ele>1369.7</ele>
   </trkpt>
   <trkpt lat="42.82211" lon="0.29558">
    <ele>1373.4400000000003</ele>
   </trkpt>
   <trkpt lat="42.82199000000001" lon="0.29565">
    <ele>1377.96</ele>
   </trkpt>
   <trkpt lat="42.8218" lon="0.29569">
    <ele>1380.5</ele>
   </trkpt>
   <trkpt lat="42.82170000000001" lon="0.29568">
    <ele>1383.3300000000002</ele>
   </trkpt>
   <trkpt lat="42.82159" lon="0.29564">
    <ele>1383.3300000000002</ele>
   </trkpt>
   <trkpt lat="42.82137" lon="0.29549000000000003">
    <ele>1398.22</ele>
   </trkpt>
   <trkpt lat="42.821020000000004" lon="0.29503">
    <ele>1415.8400000000001</ele>
   </trkpt>
   <trkpt lat="42.82074" lon="0.29458">
    <ele>1429.7300000000002</ele>
   </trkpt>
   <trkpt lat="42.82067000000001" lon="0.29456000000000004">
    <ele>1430.8200000000002</ele>
   </trkpt>
   <trkpt lat="42.82044000541802" lon="0.29376999407946974">
    <ele>1447.6200000000001</ele>
   </trkpt>
   <trkpt lat="42.82021000540542" lon="0.29297999403634084">
    <ele>1462.8400000000001</ele>
   </trkpt>
   <trkpt lat="42.81998" lon="0.29219">
    <ele>1480.64</ele>
   </trkpt>
   <trkpt lat="42.81998" lon="0.29206000000000004">
    <ele>1485.4600000000003</ele>
   </trkpt>
   <trkpt lat="42.81994" lon="0.29192">
    <ele>1485.4600000000003</ele>
   </trkpt>
   <trkpt lat="42.81985" lon="0.29172000000000003">
    <ele>1491.0500000000002</ele>
   </trkpt>
   <trkpt lat="42.81971" lon="0.29128000000000004">
    <ele>1498.0000000000002</ele>
   </trkpt>
   <trkpt lat="42.819630000000004" lon="0.29109">
    <ele>1500.7700000000002</ele>
   </trkpt>
   <trkpt lat="42.81946000000001" lon="0.29033000000000003">
    <ele>1507.3</ele>
   </trkpt>
   <trkpt lat="42.81945" lon="0.2903">
    <ele>1507.3</ele>
   </trkpt>
   <trkpt lat="42.81942" lon="0.29028000000000004">
    <ele>1507.3</ele>
   </trkpt>
   <trkpt lat="42.819390000000006" lon="0.29031">
    <ele>1509.0800000000002</ele>
   </trkpt>
   <trkpt lat="42.81924" lon="0.29100000000000004">
    <ele>1513.4</ele>
   </trkpt>
   <trkpt lat="42.819210000000005" lon="0.29126">
    <ele>1512.66</ele>
   </trkpt>
   <trkpt lat="42.81924" lon="0.29100000000000004">
    <ele>1513.3</ele>
   </trkpt>
   <trkpt lat="42.81922" lon="0.29099">
    <ele>1513.4</ele>
   </trkpt>
   <trkpt lat="42.81918" lon="0.29085">
    <ele>1517.68</ele>
   </trkpt>
   <trkpt lat="42.819140000000004" lon="0.29083000000000003">
    <ele>1517.68</ele>
   </trkpt>
   <trkpt lat="42.819120000000005" lon="0.29071">
    <ele>1517.8200000000002</ele>
   </trkpt>
   <trkpt lat="42.819160000000004" lon="0.29048">
    <ele>1518.3000000000002</ele>
   </trkpt>
   <trkpt lat="42.81918" lon="0.29004">
    <ele>1522.01</ele>
   </trkpt>
   <trkpt lat="42.81917000000001" lon="0.28988">
    <ele>1523.3500000000001</ele>
   </trkpt>
   <trkpt lat="42.81915" lon="0.28985">
    <ele>1523.3500000000001</ele>
   </trkpt>
   <trkpt lat="42.819120000000005" lon="0.28986">
    <ele>1524.8100000000002</ele>
   </trkpt>
   <trkpt lat="42.81879000000001" lon="0.29059">
    <ele>1530.73</ele>
   </trkpt>
   <trkpt lat="42.81842" lon="0.29123000000000004">
    <ele>1534.78</ele>
   </trkpt>
   <trkpt lat="42.818200000000004" lon="0.29140000000000005">
    <ele>1536.97</ele>
   </trkpt>
   <trkpt lat="42.81799" lon="0.29144000000000003">
    <ele>1537.4200000000003</ele>
   </trkpt>
   <trkpt lat="42.81788" lon="0.29141">
    <ele>1538.21</ele>
   </trkpt>
   <trkpt lat="42.81785" lon="0.29136">
    <ele>1538.8100000000002</ele>
   </trkpt>
   <trkpt lat="42.81824" lon="0.29077000000000003">
    <ele>1544.3500000000001</ele>
   </trkpt>
   <trkpt lat="42.818450000000006" lon="0.29032">
    <ele>1546.95</ele>
   </trkpt>
   <trkpt lat="42.818580000000004" lon="0.28987">
    <ele>1551.0900000000001</ele>
   </trkpt>
   <trkpt lat="42.81868" lon="0.28933000000000003">
    <ele>1554.69</ele>
   </trkpt>
   <trkpt lat="42.81873" lon="0.28886">
    <ele>1559.2100000000003</ele>
   </trkpt>
   <trkpt lat="42.81873" lon="0.28868000000000005">
    <ele>1560.3200000000002</ele>
   </trkpt>
   <trkpt lat="42.818690000000004" lon="0.28861000000000003">
    <ele>1561.5</ele>
   </trkpt>
   <trkpt lat="42.81866" lon="0.28864">
    <ele>1561.5</ele>
   </trkpt>
   <trkpt lat="42.81848" lon="0.28921">
    <ele>1566.1299999999999</ele>
   </trkpt>
   <trkpt lat="42.8183" lon="0.28950000000000004">
    <ele>1568.54</ele>
   </trkpt>
   <trkpt lat="42.818220000000004" lon="0.28959">
    <ele>1569.3100000000002</ele>
   </trkpt>
   <trkpt lat="42.81804" lon="0.28968000000000005">
    <ele>1570.57</ele>
   </trkpt>
   <trkpt lat="42.817890000000006" lon="0.28972000000000003">
    <ele>1573.66</ele>
   </trkpt>
   <trkpt lat="42.817690000000006" lon="0.28974">
    <ele>1575.05</ele>
   </trkpt>
   <trkpt lat="42.817420000000006" lon="0.28972000000000003">
    <ele>1578.5900000000001</ele>
   </trkpt>
   <trkpt lat="42.81732" lon="0.28969">
    <ele>1578.5900000000001</ele>
   </trkpt>
   <trkpt lat="42.81725" lon="0.28964">
    <ele>1580.24</ele>
   </trkpt>
   <trkpt lat="42.817220000000006" lon="0.28957000000000005">
    <ele>1581.3700000000001</ele>
   </trkpt>
   <trkpt lat="42.817220000000006" lon="0.28951000000000005">
    <ele>1581.3700000000001</ele>
   </trkpt>
   <trkpt lat="42.81711000000001" lon="0.28945000000000004">
    <ele>1582.69</ele>
   </trkpt>
   <trkpt lat="42.816770000000005" lon="0.28941">
    <ele>1588.4900000000002</ele>
   </trkpt>
   <trkpt lat="42.81642" lon="0.28915">
    <ele>1598.24</ele>
   </trkpt>
   <trkpt lat="42.81624" lon="0.28911000000000003">
    <ele>1600.5200000000002</ele>
   </trkpt>
   <trkpt lat="42.815920000000006" lon="0.28915">
    <ele>1604.7000000000003</ele>
   </trkpt>
   <trkpt lat="42.81582" lon="0.28919">
    <ele>1605.3700000000001</ele>
   </trkpt>
   <trkpt lat="42.81579000000001" lon="0.28924">
    <ele>1605.8300000000002</ele>
   </trkpt>
   <trkpt lat="42.815760000000004" lon="0.28922000000000003">
    <ele>1605.8300000000002</ele>
   </trkpt>
   <trkpt lat="42.81570000000001" lon="0.28925">
    <ele>1606.51</ele>
   </trkpt>
   <trkpt lat="42.8153" lon="0.29002">
    <ele>1610.81</ele>
   </trkpt>
   <trkpt lat="42.815160000000006" lon="0.29025">
    <ele>1612.68</ele>
   </trkpt>
   <trkpt lat="42.814930000000004" lon="0.29046000000000005">
    <ele>1615.4400000000003</ele>
   </trkpt>
   <trkpt lat="42.8145" lon="0.28982">
    <ele>1633.75</ele>
   </trkpt>
   <trkpt lat="42.81468" lon="0.28953">
    <ele>1634.75</ele>
   </trkpt>
   <trkpt lat="42.81458000000001" lon="0.28939000000000004">
    <ele>1638.38</ele>
   </trkpt>
   <trkpt lat="42.814820000000005" lon="0.2891">
    <ele>1635.28</ele>
   </trkpt>
   <trkpt lat="42.81506" lon="0.2887">
    <ele>1631.96</ele>
   </trkpt>
   <trkpt lat="42.81519" lon="0.28854">
    <ele>1631.2900000000002</ele>
   </trkpt>
   <trkpt lat="42.815380000000005" lon="0.28843">
    <ele>1629.8300000000002</ele>
   </trkpt>
   <trkpt lat="42.815760000000004" lon="0.28828000000000004">
    <ele>1626.47</ele>
   </trkpt>
   <trkpt lat="42.81589" lon="0.28826">
    <ele>1625.7400000000002</ele>
   </trkpt>
   <trkpt lat="42.816750000000006" lon="0.28843">
    <ele>1618.93</ele>
   </trkpt>
   <trkpt lat="42.816990000000004" lon="0.28841">
    <ele>1616.2200000000003</ele>
   </trkpt>
   <trkpt lat="42.81725" lon="0.28825">
    <ele>1614.4</ele>
   </trkpt>
   <trkpt lat="42.81747" lon="0.28798">
    <ele>1611.0900000000001</ele>
   </trkpt>
   <trkpt lat="42.81761" lon="0.2877">
    <ele>1608.2200000000003</ele>
   </trkpt>
   <trkpt lat="42.81781" lon="0.28706000000000004">
    <ele>1607.8700000000001</ele>
   </trkpt>
   <trkpt lat="42.81796000000001" lon="0.28695000000000004">
    <ele>1607.96</ele>
   </trkpt>
   <trkpt lat="42.81799" lon="0.28684000000000004">
    <ele>1608.15</ele>
   </trkpt>
   <trkpt lat="42.818070000000006" lon="0.28679000000000004">
    <ele>1608.3100000000002</ele>
   </trkpt>
   <trkpt lat="42.81824" lon="0.28640000000000004">
    <ele>1612.78</ele>
   </trkpt>
   <trkpt lat="42.81855" lon="0.28598">
    <ele>1624.3700000000001</ele>
   </trkpt>
   <trkpt lat="42.818630000000006" lon="0.28578000000000003">
    <ele>1625.16</ele>
   </trkpt>
   <trkpt lat="42.818850002347055" lon="0.2850350028798855">
    <ele>1633.5000000000002</ele>
   </trkpt>
   <trkpt lat="42.81907" lon="0.28429000000000004">
    <ele>1645.96</ele>
   </trkpt>
   <trkpt lat="42.81915" lon="0.28376">
    <ele>1651.65</ele>
   </trkpt>
   <trkpt lat="42.81915000244726" lon="0.2830099999145418">
    <ele>1658.68</ele>
   </trkpt>
   <trkpt lat="42.81915" lon="0.28226">
    <ele>1667.97</ele>
   </trkpt>
   <trkpt lat="42.819190000000006" lon="0.28204">
    <ele>1669.5900000000001</ele>
   </trkpt>
   <trkpt lat="42.819250000000004" lon="0.28185000000000004">
    <ele>1671.8500000000001</ele>
   </trkpt>
   <trkpt lat="42.819570000000006" lon="0.28113000000000005">
    <ele>1682.17</ele>
   </trkpt>
   <trkpt lat="42.819610000000004" lon="0.28091000000000005">
    <ele>1684.0400000000002</ele>
   </trkpt>
   <trkpt lat="42.819570000000006" lon="0.28067000000000003">
    <ele>1687.1</ele>
   </trkpt>
   <trkpt lat="42.81936500246607" lon="0.2799299978484522">
    <ele>1705.1100000000001</ele>
   </trkpt>
   <trkpt lat="42.819160000000004" lon="0.27919000000000005">
    <ele>1719.4300000000003</ele>
   </trkpt>
   <trkpt lat="42.818960000000004" lon="0.27864">
    <ele>1739.67</ele>
   </trkpt>
   <trkpt lat="42.81893" lon="0.27830000000000005">
    <ele>1749.27</ele>
   </trkpt>
   <trkpt lat="42.818920000000006" lon="0.27781">
    <ele>1761.42</ele>
   </trkpt>
   <trkpt lat="42.818870000000004" lon="0.27762000000000003">
    <ele>1764.89</ele>
   </trkpt>
   <trkpt lat="42.818740000000005" lon="0.27730000000000005">
    <ele>1771.67</ele>
   </trkpt>
   <trkpt lat="42.818690000000004" lon="0.27698">
    <ele>1775.02</ele>
   </trkpt>
   <trkpt lat="42.81857" lon="0.27662000000000003">
    <ele>1781.16</ele>
   </trkpt>
   <trkpt lat="42.81848" lon="0.27625">
    <ele>1786.72</ele>
   </trkpt>
   <trkpt lat="42.81846" lon="0.27608000000000005">
    <ele>1792.79</ele>
   </trkpt>
   <trkpt lat="42.81848" lon="0.27590000000000003">
    <ele>1796.13</ele>
   </trkpt>
   <trkpt lat="42.818540000000006" lon="0.27566">
    <ele>1796.13</ele>
   </trkpt>
   <trkpt lat="42.81868" lon="0.27538">
    <ele>1805.2</ele>
   </trkpt>
   <trkpt lat="42.81909" lon="0.27493">
    <ele>1815.89</ele>
   </trkpt>
   <trkpt lat="42.81922" lon="0.27480000000000004">
    <ele>1818.5300000000002</ele>
   </trkpt>
   <trkpt lat="42.81935" lon="0.2747">
    <ele>1820.78</ele>
   </trkpt>
   <trkpt lat="42.81985" lon="0.27448">
    <ele>1830.0500000000002</ele>
   </trkpt>
   <trkpt lat="42.82007" lon="0.27438">
    <ele>1834.5200000000002</ele>
   </trkpt>
   <trkpt lat="42.820170000000005" lon="0.27431">
    <ele>1837.3400000000001</ele>
   </trkpt>
   <trkpt lat="42.820370000000004" lon="0.27396000000000004">
    <ele>1842.95</ele>
   </trkpt>
   <trkpt lat="42.82049000000001" lon="0.27352000000000004">
    <ele>1846.65</ele>
   </trkpt>
   <trkpt lat="42.820550000000004" lon="0.27327">
    <ele>1847.5100000000002</ele>
   </trkpt>
   <trkpt lat="42.820530000000005" lon="0.27230000000000004">
    <ele>1851.16</ele>
   </trkpt>
   <trkpt lat="42.82039" lon="0.27125000000000005">
    <ele>1846.0400000000002</ele>
   </trkpt>
   <trkpt lat="42.82036" lon="0.27068000000000003">
    <ele>1846.18</ele>
   </trkpt>
   <trkpt lat="42.82041" lon="0.27012">
    <ele>1848.41</ele>
   </trkpt>
   <trkpt lat="42.820420000000006" lon="0.26965">
    <ele>1850.74</ele>
   </trkpt>
   <trkpt lat="42.82029" lon="0.26899">
    <ele>1852.1900000000003</ele>
   </trkpt>
   <trkpt lat="42.820220000000006" lon="0.26878">
    <ele>1853.02</ele>
   </trkpt>
   <trkpt lat="42.81987" lon="0.26827">
    <ele>1858.47</ele>
   </trkpt>
   <trkpt lat="42.81974" lon="0.26799">
    <ele>1868.7900000000002</ele>
   </trkpt>
   <trkpt lat="42.81958" lon="0.26757000000000003">
    <ele>1876.0500000000002</ele>
   </trkpt>
   <trkpt lat="42.81953" lon="0.26732">
    <ele>1877.5700000000002</ele>
   </trkpt>
   <trkpt lat="42.819520000000004" lon="0.26665">
    <ele>1885.21</ele>
   </trkpt>
   <trkpt lat="42.81956" lon="0.2664">
    <ele>1884.89</ele>
   </trkpt>
   <trkpt lat="42.81956" lon="0.26617">
    <ele>1885.96</ele>
   </trkpt>
   <trkpt lat="42.819520000000004" lon="0.26594">
    <ele>1888.0200000000002</ele>
   </trkpt>
   <trkpt lat="42.81949" lon="0.26563000000000003">
    <ele>1891.6000000000001</ele>
   </trkpt>
   <trkpt lat="42.819500000000005" lon="0.26557000000000003">
    <ele>1891.8500000000001</ele>
   </trkpt>
   <trkpt lat="42.819660000000006" lon="0.26528">
    <ele>1892.3</ele>
   </trkpt>
   <trkpt lat="42.819700000000005" lon="0.26502000000000003">
    <ele>1892.38</ele>
   </trkpt>
   <trkpt lat="42.819880000000005" lon="0.26435000000000003">
    <ele>1896.0800000000002</ele>
   </trkpt>
   <trkpt lat="42.82012" lon="0.26377">
    <ele>1902.3200000000002</ele>
   </trkpt>
   <trkpt lat="42.82012" lon="0.26367">
    <ele>1902.3200000000002</ele>
   </trkpt>
   <trkpt lat="42.820060000000005" lon="0.26347000000000004">
    <ele>1902.74</ele>
   </trkpt>
   <trkpt lat="42.820170000000005" lon="0.26337000000000005">
    <ele>1900.8200000000002</ele>
   </trkpt>
   <trkpt lat="42.82067000000001" lon="0.2631">
    <ele>1894.69</ele>
   </trkpt>
   <trkpt lat="42.82077" lon="0.26303000000000004">
    <ele>1894.2</ele>
   </trkpt>
   <trkpt lat="42.82085" lon="0.26289">
    <ele>1893.2900000000002</ele>
   </trkpt>
   <trkpt lat="42.82095" lon="0.26263000000000003">
    <ele>1890.8600000000001</ele>
   </trkpt>
   <trkpt lat="42.82096000000001" lon="0.26238">
    <ele>1888.9000000000003</ele>
   </trkpt>
   <trkpt lat="42.8209" lon="0.26194">
    <ele>1882.14</ele>
   </trkpt>
   <trkpt lat="42.82092" lon="0.2616">
    <ele>1877.9200000000003</ele>
   </trkpt>
   <trkpt lat="42.820840000000004" lon="0.26119000000000003">
    <ele>1874.2500000000002</ele>
   </trkpt>
   <trkpt lat="42.820840000000004" lon="0.26102000000000003">
    <ele>1873.3200000000002</ele>
   </trkpt>
   <trkpt lat="42.82088" lon="0.26089">
    <ele>1872.3</ele>
   </trkpt>
   <trkpt lat="42.82088" lon="0.26069000000000003">
    <ele>1871.7700000000002</ele>
   </trkpt>
   <trkpt lat="42.82085" lon="0.26055">
    <ele>1870.8300000000002</ele>
   </trkpt>
   <trkpt lat="42.820730000000005" lon="0.26029">
    <ele>1870.0</ele>
   </trkpt>
   <trkpt lat="42.820710000000005" lon="0.26009000000000004">
    <ele>1869.8700000000001</ele>
   </trkpt>
   <trkpt lat="42.820730000000005" lon="0.25973">
    <ele>1869.73</ele>
   </trkpt>
   <trkpt lat="42.82072" lon="0.25959000000000004">
    <ele>1869.5400000000002</ele>
   </trkpt>
   <trkpt lat="42.82065" lon="0.25931000000000004">
    <ele>1868.4300000000003</ele>
   </trkpt>
   <trkpt lat="42.820620000000005" lon="0.25905">
    <ele>1866.3</ele>
   </trkpt>
   <trkpt lat="42.82063" lon="0.25887000000000004">
    <ele>1865.4700000000003</ele>
   </trkpt>
   <trkpt lat="42.820800000000006" lon="0.25822">
    <ele>1858.95</ele>
   </trkpt>
   <trkpt lat="42.82108500222205" lon="0.25750500330118903">
    <ele>1855.45</ele>
   </trkpt>
   <trkpt lat="42.82137" lon="0.25679">
    <ele>1852.5900000000001</ele>
   </trkpt>
   <trkpt lat="42.82139" lon="0.2566">
    <ele>1852.47</ele>
   </trkpt>
   <trkpt lat="42.821380000000005" lon="0.25599">
    <ele>1851.3700000000001</ele>
   </trkpt>
   <trkpt lat="42.82144" lon="0.25569000000000003">
    <ele>1850.41</ele>
   </trkpt>
   <trkpt lat="42.82155" lon="0.25541">
    <ele>1849.7700000000002</ele>
   </trkpt>
   <trkpt lat="42.821670000000005" lon="0.25521000000000005">
    <ele>1849.3300000000002</ele>
   </trkpt>
   <trkpt lat="42.82197" lon="0.2548">
    <ele>1846.9400000000003</ele>
   </trkpt>
   <trkpt lat="42.82208000000001" lon="0.25427">
    <ele>1842.2500000000002</ele>
   </trkpt>
   <trkpt lat="42.82215" lon="0.25408000000000003">
    <ele>1839.8400000000001</ele>
   </trkpt>
   <trkpt lat="42.822230000000005" lon="0.25395">
    <ele>1838.7000000000003</ele>
   </trkpt>
   <trkpt lat="42.82245" lon="0.25372">
    <ele>1834.5200000000002</ele>
   </trkpt>
   <trkpt lat="42.82276" lon="0.25344">
    <ele>1830.75</ele>
   </trkpt>
   <trkpt lat="42.82311000000001" lon="0.25305">
    <ele>1826.92</ele>
   </trkpt>
   <trkpt lat="42.82327" lon="0.25293000000000004">
    <ele>1825.9600000000003</ele>
   </trkpt>
   <trkpt lat="42.82367000000001" lon="0.25273">
    <ele>1822.7700000000002</ele>
   </trkpt>
   <trkpt lat="42.82376" lon="0.25265000000000004">
    <ele>1822.38</ele>
   </trkpt>
   <trkpt lat="42.823980000000006" lon="0.2524">
    <ele>1819.46</ele>
   </trkpt>
   <trkpt lat="42.82403" lon="0.25227">
    <ele>1818.8400000000001</ele>
   </trkpt>
   <trkpt lat="42.824630000000006" lon="0.25161">
    <ele>1817.1200000000001</ele>
   </trkpt>
   <trkpt lat="42.82477" lon="0.25154000000000004">
    <ele>1816.66</ele>
   </trkpt>
   <trkpt lat="42.82491" lon="0.25152">
    <ele>1816.2600000000002</ele>
   </trkpt>
   <trkpt lat="42.82499000000001" lon="0.25154000000000004">
    <ele>1816.2600000000002</ele>
   </trkpt>
   <trkpt lat="42.82509" lon="0.25125000000000003">
    <ele>1816.8600000000001</ele>
   </trkpt>
   <trkpt lat="42.82515" lon="0.25088000000000005">
    <ele>1818.5000000000002</ele>
   </trkpt>
   <trkpt lat="42.825190000000006" lon="0.25048000000000004">
    <ele>1819.8600000000001</ele>
   </trkpt>
   <trkpt lat="42.82529" lon="0.25009000000000003">
    <ele>1822.69</ele>
   </trkpt>
   <trkpt lat="42.82540000196692" lon="0.24942000110768697">
    <ele>1829.5500000000002</ele>
   </trkpt>
   <trkpt lat="42.82551" lon="0.24875000000000003">
    <ele>1839.2</ele>
   </trkpt>
   <trkpt lat="42.825540000000004" lon="0.24867000000000003">
    <ele>1840.0400000000002</ele>
   </trkpt>
   <trkpt lat="42.82562" lon="0.24857">
    <ele>1841.53</ele>
   </trkpt>
   <trkpt lat="42.82564000000001" lon="0.24852000000000002">
    <ele>1842.13</ele>
   </trkpt>
   <trkpt lat="42.82574" lon="0.24847000000000002">
    <ele>1842.68</ele>
   </trkpt>
   <trkpt lat="42.825810000000004" lon="0.24847000000000002">
    <ele>1843.32</ele>
   </trkpt>
   <trkpt lat="42.826010000000004" lon="0.24852000000000002">
    <ele>1845.7</ele>
   </trkpt>
   <trkpt lat="42.82634" lon="0.24869000000000002">
    <ele>1848.89</ele>
   </trkpt>
   <trkpt lat="42.82687500034196" lon="0.24892999796383616">
    <ele>1854.4</ele>
   </trkpt>
   <trkpt lat="42.82741" lon="0.24917000000000003">
    <ele>1858.2500000000002</ele>
   </trkpt>
   <trkpt lat="42.827870000000004" lon="0.24931000000000003">
    <ele>1862.99</ele>
   </trkpt>
   <trkpt lat="42.828" lon="0.24933000000000002">
    <ele>1863.8500000000001</ele>
   </trkpt>
   <trkpt lat="42.828190000000006" lon="0.24930000000000002">
    <ele>1867.08</ele>
   </trkpt>
   <trkpt lat="42.82838" lon="0.24923">
    <ele>1868.0800000000002</ele>
   </trkpt>
   <trkpt lat="42.828680000000006" lon="0.24905000000000002">
    <ele>1872.44</ele>
   </trkpt>
   <trkpt lat="42.82898" lon="0.24876">
    <ele>1879.6200000000001</ele>
   </trkpt>
   <trkpt lat="42.82926000116975" lon="0.248260002118477">
    <ele>1888.68</ele>
   </trkpt>
   <trkpt lat="42.82954" lon="0.24776">
    <ele>1902.9300000000003</ele>
   </trkpt>
   <trkpt lat="42.82974" lon="0.24749000000000002">
    <ele>1909.93</ele>
   </trkpt>
   <trkpt lat="42.83021" lon="0.24714000000000003">
    <ele>1920.3400000000001</ele>
   </trkpt>
   <trkpt lat="42.830420000000004" lon="0.24708000000000002">
    <ele>1926.2</ele>
   </trkpt>
   <trkpt lat="42.83104" lon="0.24707">
    <ele>1937.3700000000001</ele>
   </trkpt>
   <trkpt lat="42.831390000000006" lon="0.24704">
    <ele>1940.7500000000002</ele>
   </trkpt>
   <trkpt lat="42.83147" lon="0.24702000000000002">
    <ele>1940.7500000000002</ele>
   </trkpt>
   <trkpt lat="42.8316" lon="0.24695000000000003">
    <ele>1942.49</ele>
   </trkpt>
   <trkpt lat="42.831790000000005" lon="0.24681000000000003">
    <ele>1943.8400000000001</ele>
   </trkpt>
   <trkpt lat="42.832" lon="0.24658000000000002">
    <ele>1945.95</ele>
   </trkpt>
   <trkpt lat="42.83238" lon="0.24589000000000003">
    <ele>1955.63</ele>
   </trkpt>
   <trkpt lat="42.83283" lon="0.24492000000000003">
    <ele>1969.45</ele>
   </trkpt>
   <trkpt lat="42.83309000488776" lon="0.24386000446290498">
    <ele>1990.5400000000002</ele>
   </trkpt>
   <trkpt lat="42.83335" lon="0.24280000000000002">
    <ele>2018.2200000000003</ele>
   </trkpt>
   <trkpt lat="42.833400000000005" lon="0.24247000000000002">
    <ele>2027.25</ele>
   </trkpt>
   <trkpt lat="42.833450000000006" lon="0.24183000000000002">
    <ele>2040.53</ele>
   </trkpt>
   <trkpt lat="42.83344" lon="0.24133000000000002">
    <ele>2052.35</ele>
   </trkpt>
   <trkpt lat="42.833380000000005" lon="0.24104000000000003">
    <ele>2059.52</ele>
   </trkpt>
   <trkpt lat="42.83328" lon="0.24079000000000003">
    <ele>2070.83</ele>
   </trkpt>
   <trkpt lat="42.83314" lon="0.24061000000000002">
    <ele>2079.4100000000003</ele>
   </trkpt>
   <trkpt lat="42.832750000000004" lon="0.24032">
    <ele>2094.25</ele>
   </trkpt>
   <trkpt lat="42.832710000000006" lon="0.24023000000000003">
    <ele>2097.03</ele>
   </trkpt>
   <trkpt lat="42.83272" lon="0.24014000000000002">
    <ele>2098.2700000000004</ele>
   </trkpt>
   <trkpt lat="42.83278000000001" lon="0.23998000000000003">
    <ele>2101.4600000000005</ele>
   </trkpt>
   <trkpt lat="42.83312" lon="0.23947000000000002">
    <ele>2113.59</ele>
   </trkpt>
   <trkpt lat="42.833490000000005" lon="0.23903000000000002">
    <ele>2123.17</ele>
   </trkpt>
   <trkpt lat="42.833670000000005" lon="0.23897000000000002">
    <ele>2126.32</ele>
   </trkpt>
   <trkpt lat="42.834030000000006" lon="0.23879000000000003">
    <ele>2131.2200000000003</ele>
   </trkpt>
   <trkpt lat="42.834250000000004" lon="0.23859000000000002">
    <ele>2138.46</ele>
   </trkpt>
   <trkpt lat="42.834390000000006" lon="0.23841">
    <ele>2143.23</ele>
   </trkpt>
   <trkpt lat="42.834500000000006" lon="0.23812000000000003">
    <ele>2159.44</ele>
   </trkpt>
   <trkpt lat="42.834540000000004" lon="0.23788">
    <ele>2159.44</ele>
   </trkpt>
   <trkpt lat="42.83457000000001" lon="0.23754000000000003">
    <ele>2172.67</ele>
   </trkpt>
   <trkpt lat="42.834540000000004" lon="0.23729000000000003">
    <ele>2180.88</ele>
   </trkpt>
   <trkpt lat="42.83449" lon="0.23721000000000003">
    <ele>2180.88</ele>
   </trkpt>
   <trkpt lat="42.83444" lon="0.23716">
    <ele>2185.09</ele>
   </trkpt>
   <trkpt lat="42.833940000000005" lon="0.23695000000000002">
    <ele>2200.21</ele>
   </trkpt>
   <trkpt lat="42.8337" lon="0.23682000000000003">
    <ele>2206.3</ele>
   </trkpt>
   <trkpt lat="42.83353" lon="0.23666">
    <ele>2209.39</ele>
   </trkpt>
   <trkpt lat="42.833110000000005" lon="0.23649">
    <ele>2210.2400000000002</ele>
   </trkpt>
   <trkpt lat="42.832770001384134" lon="0.23594999721257645">
    <ele>2210.35</ele>
   </trkpt>
   <trkpt lat="42.83243" lon="0.23541">
    <ele>2207.6000000000004</ele>
   </trkpt>
   <trkpt lat="42.83236" lon="0.23536">
    <ele>2206.35</ele>
   </trkpt>
   <trkpt lat="42.831970000000005" lon="0.23472">
    <ele>2200.4700000000003</ele>
   </trkpt>
   <trkpt lat="42.83169" lon="0.23446000000000003">
    <ele>2194.38</ele>
   </trkpt>
   <trkpt lat="42.831360000000004" lon="0.23395000000000002">
    <ele>2189.76</ele>
   </trkpt>
   <trkpt lat="42.831250000000004" lon="0.23360000000000003">
    <ele>2184.82</ele>
   </trkpt>
   <trkpt lat="42.831050000000005" lon="0.23309000000000002">
    <ele>2178.44</ele>
   </trkpt>
   <trkpt lat="42.83081000000001" lon="0.23268000000000003">
    <ele>2171.5</ele>
   </trkpt>
   <trkpt lat="42.83072000000001" lon="0.23242000000000002">
    <ele>2167.26</ele>
   </trkpt>
   <trkpt lat="42.830630000000006" lon="0.23207000000000003">
    <ele>2165.01</ele>
   </trkpt>
   <trkpt lat="42.83037" lon="0.23139">
    <ele>2152.87</ele>
   </trkpt>
   <trkpt lat="42.830330000000004" lon="0.23119">
    <ele>2150.7200000000003</ele>
   </trkpt>
   <trkpt lat="42.83023" lon="0.23107000000000003">
    <ele>2149.3900000000003</ele>
   </trkpt>
   <trkpt lat="42.829835002718326" lon="0.23028999515607165">
    <ele>2137.98</ele>
   </trkpt>
   <trkpt lat="42.829440000000005" lon="0.22951000000000002">
    <ele>2129.6700000000005</ele>
   </trkpt>
   <trkpt lat="42.829170000000005" lon="0.22886">
    <ele>2118.7</ele>
   </trkpt>
   <trkpt lat="42.829" lon="0.22818000000000002">
    <ele>2112.76</ele>
   </trkpt>
   <trkpt lat="42.8288000060315" lon="0.2269999960253446">
    <ele>2099.4300000000003</ele>
   </trkpt>
   <trkpt lat="42.8286" lon="0.22582000000000002">
    <ele>2087.07</ele>
   </trkpt>
   <trkpt lat="42.82854000210122" lon="0.22512499932172203">
    <ele>2073.65</ele>
   </trkpt>
   <trkpt lat="42.828480000000006" lon="0.22443000000000002">
    <ele>2063.82</ele>
   </trkpt>
   <trkpt lat="42.82849" lon="0.22396000000000002">
    <ele>2056.61</ele>
   </trkpt>
   <trkpt lat="42.828520000000005" lon="0.22383000000000003">
    <ele>2056.61</ele>
   </trkpt>
   <trkpt lat="42.828480000000006" lon="0.22323">
    <ele>2049.67</ele>
   </trkpt>
   <trkpt lat="42.828430000000004" lon="0.22291000000000002">
    <ele>2045.01</ele>
   </trkpt>
   <trkpt lat="42.82833" lon="0.22256">
    <ele>2041.7800000000002</ele>
   </trkpt>
   <trkpt lat="42.82833" lon="0.22236000000000003">
    <ele>2041.23</ele>
   </trkpt>
   <trkpt lat="42.828480000000006" lon="0.22198">
    <ele>2040.1899999999998</ele>
   </trkpt>
   <trkpt lat="42.82847" lon="0.22188000000000002">
    <ele>2039.94</ele>
   </trkpt>
   <trkpt lat="42.828430000000004" lon="0.22174000000000002">
    <ele>2038.6000000000001</ele>
   </trkpt>
   <trkpt lat="42.82818" lon="0.22122000000000003">
    <ele>2036.6500000000003</ele>
   </trkpt>
   <trkpt lat="42.82811" lon="0.22058000000000003">
    <ele>2035.6900000000003</ele>
   </trkpt>
   <trkpt lat="42.82818" lon="0.22037">
    <ele>2036.76</ele>
   </trkpt>
   <trkpt lat="42.82828000000001" lon="0.22024000000000002">
    <ele>2037.65</ele>
   </trkpt>
   <trkpt lat="42.82838" lon="0.2202">
    <ele>2037.5200000000002</ele>
   </trkpt>
   <trkpt lat="42.82846000000001" lon="0.22004">
    <ele>2037.48</ele>
   </trkpt>
   <trkpt lat="42.82862" lon="0.21952000000000002">
    <ele>2039.7000000000003</ele>
   </trkpt>
   <trkpt lat="42.82884000000001" lon="0.21862">
    <ele>2045.63</ele>
   </trkpt>
   <trkpt lat="42.82887" lon="0.21810000000000002">
    <ele>2051.7000000000003</ele>
   </trkpt>
   <trkpt lat="42.829100000000004" lon="0.21747000000000002">
    <ele>2056.3100000000004</ele>
   </trkpt>
   <trkpt lat="42.82921" lon="0.21724000000000002">
    <ele>2057.82</ele>
   </trkpt>
   <trkpt lat="42.829240000000006" lon="0.21686000000000002">
    <ele>2063.8</ele>
   </trkpt>
   <trkpt lat="42.8292" lon="0.21661000000000002">
    <ele>2067.96</ele>
   </trkpt>
   <trkpt lat="42.829100000000004" lon="0.21641000000000002">
    <ele>2073.41</ele>
   </trkpt>
   <trkpt lat="42.829080000000005" lon="0.21633000000000002">
    <ele>2073.41</ele>
   </trkpt>
   <trkpt lat="42.829080000000005" lon="0.21608000000000002">
    <ele>2075.52</ele>
   </trkpt>
   <trkpt lat="42.829150000000006" lon="0.21574000000000002">
    <ele>2083.2300000000005</ele>
   </trkpt>
   <trkpt lat="42.829240000000006" lon="0.21487">
    <ele>2089.48</ele>
   </trkpt>
   <trkpt lat="42.82925" lon="0.21451">
    <ele>2091.7400000000002</ele>
   </trkpt>
   <trkpt lat="42.82929" lon="0.21422000000000002">
    <ele>2092.56</ele>
   </trkpt>
   <trkpt lat="42.829550000000005" lon="0.21384000000000003">
    <ele>2093.5</ele>
   </trkpt>
   <trkpt lat="42.829820000000005" lon="0.21353000000000003">
    <ele>2094.1800000000003</ele>
   </trkpt>
   <trkpt lat="42.82996000000001" lon="0.21351">
    <ele>2093.7400000000002</ele>
   </trkpt>
   <trkpt lat="42.83008" lon="0.21355000000000002">
    <ele>2093.75</ele>
   </trkpt>
   <trkpt lat="42.83015" lon="0.21352000000000002">
    <ele>2094.03</ele>
   </trkpt>
   <trkpt lat="42.830220000000004" lon="0.21333000000000002">
    <ele>2097.7200000000003</ele>
   </trkpt>
   <trkpt lat="42.83025000000001" lon="0.21318">
    <ele>2098.4500000000003</ele>
   </trkpt>
   <trkpt lat="42.83025000000001" lon="0.21305000000000002">
    <ele>2099.87</ele>
   </trkpt>
   <trkpt lat="42.830310000000004" lon="0.21277000000000001">
    <ele>2101.3700000000003</ele>
   </trkpt>
   <trkpt lat="42.830400000000004" lon="0.21255000000000002">
    <ele>2103.44</ele>
   </trkpt>
   <trkpt lat="42.83075" lon="0.21214000000000002">
    <ele>2113.1200000000003</ele>
   </trkpt>
   <trkpt lat="42.830870000000004" lon="0.21206000000000003">
    <ele>2114.73</ele>
   </trkpt>
   <trkpt lat="42.83109" lon="0.21181000000000003">
    <ele>2119.06</ele>
   </trkpt>
   <trkpt lat="42.831340000000004" lon="0.21137000000000003">
    <ele>2130.17</ele>
   </trkpt>
   <trkpt lat="42.83162" lon="0.21076000000000003">
    <ele>2135.45</ele>
   </trkpt>
   <trkpt lat="42.83169" lon="0.21068">
    <ele>2136.26</ele>
   </trkpt>
   <trkpt lat="42.83171" lon="0.21061000000000002">
    <ele>2135.46</ele>
   </trkpt>
   <trkpt lat="42.8318" lon="0.21052">
    <ele>2135.46</ele>
   </trkpt>
   <trkpt lat="42.83211" lon="0.21011000000000002">
    <ele>2131.0800000000004</ele>
   </trkpt>
   <trkpt lat="42.83268" lon="0.20975000000000002">
    <ele>2125.1800000000003</ele>
   </trkpt>
   <trkpt lat="42.83308" lon="0.20965000000000003">
    <ele>2122.6600000000003</ele>
   </trkpt>
   <trkpt lat="42.833380000000005" lon="0.20967000000000002">
    <ele>2118.37</ele>
   </trkpt>
   <trkpt lat="42.83346" lon="0.20966">
    <ele>2117.7900000000004</ele>
   </trkpt>
   <trkpt lat="42.83364" lon="0.20954">
    <ele>2116.54</ele>
   </trkpt>
   <trkpt lat="42.8337" lon="0.20942000000000002">
    <ele>2116.27</ele>
   </trkpt>
   <trkpt lat="42.833960000000005" lon="0.20926000000000003">
    <ele>2115.79</ele>
   </trkpt>
   <trkpt lat="42.83411" lon="0.20913">
    <ele>2116.19</ele>
   </trkpt>
   <trkpt lat="42.834230000000005" lon="0.2091">
    <ele>2116.23</ele>
   </trkpt>
   <trkpt lat="42.834270000000004" lon="0.20907">
    <ele>2116.23</ele>
   </trkpt>
   <trkpt lat="42.834390000000006" lon="0.20889000000000002">
    <ele>2116.94</ele>
   </trkpt>
   <trkpt lat="42.83453" lon="0.20887000000000003">
    <ele>2116.52</ele>
   </trkpt>
   <trkpt lat="42.83469" lon="0.20895000000000002">
    <ele>2114.08</ele>
   </trkpt>
   <trkpt lat="42.834830000000004" lon="0.20890000000000003">
    <ele>2113.56</ele>
   </trkpt>
   <trkpt lat="42.835040000000006" lon="0.20898000000000003">
    <ele>2113.07</ele>
   </trkpt>
   <trkpt lat="42.835240000000006" lon="0.20884000000000003">
    <ele>2115.26</ele>
   </trkpt>
   <trkpt lat="42.83541" lon="0.20882">
    <ele>2116.4700000000003</ele>
   </trkpt>
   <trkpt lat="42.83558" lon="0.20875000000000002">
    <ele>2117.5200000000004</ele>
   </trkpt>
   <trkpt lat="42.83578000000001" lon="0.20871">
    <ele>2118.25</ele>
   </trkpt>
   <trkpt lat="42.835980000000006" lon="0.20864000000000002">
    <ele>2120.15</ele>
   </trkpt>
   <trkpt lat="42.83644" lon="0.20864000000000002">
    <ele>2120.9100000000003</ele>
   </trkpt>
   <trkpt lat="42.83653" lon="0.20866">
    <ele>2120.96</ele>
   </trkpt>
   <trkpt lat="42.836670000000005" lon="0.20864000000000002">
    <ele>2121.5200000000004</ele>
   </trkpt>
   <trkpt lat="42.836800000000004" lon="0.20871">
    <ele>2121.9100000000003</ele>
   </trkpt>
   <trkpt lat="42.836890000000004" lon="0.20869000000000001">
    <ele>2122.58</ele>
   </trkpt>
   <trkpt lat="42.83701000000001" lon="0.20871">
    <ele>2123.8</ele>
   </trkpt>
   <trkpt lat="42.8372" lon="0.20855">
    <ele>2125.2</ele>
   </trkpt>
   <trkpt lat="42.83742" lon="0.20843">
    <ele>2127.72</ele>
   </trkpt>
   <trkpt lat="42.83756" lon="0.20833000000000002">
    <ele>2128.66</ele>
   </trkpt>
   <trkpt lat="42.83769" lon="0.20827">
    <ele>2130.28</ele>
   </trkpt>
   <trkpt lat="42.838010000000004" lon="0.20825000000000002">
    <ele>2131.94</ele>
   </trkpt>
   <trkpt lat="42.83822000000001" lon="0.20832">
    <ele>2134.07</ele>
   </trkpt>
   <trkpt lat="42.83838" lon="0.20834000000000003">
    <ele>2134.07</ele>
   </trkpt>
   <trkpt lat="42.838640000000005" lon="0.20829000000000003">
    <ele>2139.25</ele>
   </trkpt>
   <trkpt lat="42.838890000000006" lon="0.20813">
    <ele>2141.1000000000004</ele>
   </trkpt>
   <trkpt lat="42.839020000000005" lon="0.20811000000000002">
    <ele>2141.27</ele>
   </trkpt>
   <trkpt lat="42.83916000000001" lon="0.20817000000000002">
    <ele>2140.84</ele>
   </trkpt>
   <trkpt lat="42.83926" lon="0.20825000000000002">
    <ele>2140.26</ele>
   </trkpt>
   <trkpt lat="42.839330000000004" lon="0.20828000000000002">
    <ele>2139.7700000000004</ele>
   </trkpt>
   <trkpt lat="42.83964" lon="0.20823000000000003">
    <ele>2139.37</ele>
   </trkpt>
   <trkpt lat="42.8397" lon="0.20827">
    <ele>2139.4100000000003</ele>
   </trkpt>
   <trkpt lat="42.839920000000006" lon="0.20833000000000002">
    <ele>2139.76</ele>
   </trkpt>
   <trkpt lat="42.84002" lon="0.20839000000000002">
    <ele>2139.9300000000003</ele>
   </trkpt>
   <trkpt lat="42.84006" lon="0.20844000000000001">
    <ele>2139.9300000000003</ele>
   </trkpt>
   <trkpt lat="42.84017" lon="0.20850000000000002">
    <ele>2140.5000000000005</ele>
   </trkpt>
   <trkpt lat="42.840360000000004" lon="0.20852">
    <ele>2141.41</ele>
   </trkpt>
   <trkpt lat="42.84047" lon="0.20850000000000002">
    <ele>2142.05</ele>
   </trkpt>
   <trkpt lat="42.840720000000005" lon="0.20866">
    <ele>2144.69</ele>
   </trkpt>
   <trkpt lat="42.84091" lon="0.20881000000000002">
    <ele>2144.07</ele>
   </trkpt>
   <trkpt lat="42.840970000000006" lon="0.20883000000000002">
    <ele>2143.85</ele>
   </trkpt>
   <trkpt lat="42.841060000000006" lon="0.20883000000000002">
    <ele>2143.11</ele>
   </trkpt>
   <trkpt lat="42.841170000000005" lon="0.20888">
    <ele>2142.64</ele>
   </trkpt>
   <trkpt lat="42.841240000000006" lon="0.20897000000000002">
    <ele>2142.56</ele>
   </trkpt>
   <trkpt lat="42.84131" lon="0.20903000000000002">
    <ele>2142.5</ele>
   </trkpt>
   <trkpt lat="42.84142000000001" lon="0.20904">
    <ele>2142.34</ele>
   </trkpt>
   <trkpt lat="42.8415" lon="0.20898000000000003">
    <ele>2142.3300000000004</ele>
   </trkpt>
   <trkpt lat="42.841570000000004" lon="0.20900000000000002">
    <ele>2142.49</ele>
   </trkpt>
   <trkpt lat="42.84165" lon="0.20899">
    <ele>2142.71</ele>
   </trkpt>
   <trkpt lat="42.841860000000004" lon="0.20919000000000001">
    <ele>2143.71</ele>
   </trkpt>
   <trkpt lat="42.84194" lon="0.20919000000000001">
    <ele>2143.5099999999998</ele>
   </trkpt>
   <trkpt lat="42.84216000000001" lon="0.20933000000000002">
    <ele>2145.9</ele>
   </trkpt>
   <trkpt lat="42.84226" lon="0.20946">
    <ele>2148.0400000000004</ele>
   </trkpt>
   <trkpt lat="42.8423" lon="0.20957">
    <ele>2149.32</ele>
   </trkpt>
   <trkpt lat="42.842360000000006" lon="0.20964000000000002">
    <ele>2150.1400000000003</ele>
   </trkpt>
   <trkpt lat="42.84245000000001" lon="0.20970000000000003">
    <ele>2151.15</ele>
   </trkpt>
   <trkpt lat="42.842560000000006" lon="0.20970000000000003">
    <ele>2154.7400000000002</ele>
   </trkpt>
   <trkpt lat="42.84302" lon="0.20996">
    <ele>2160.94</ele>
   </trkpt>
   <trkpt lat="42.8434" lon="0.21029">
    <ele>2167.5600000000004</ele>
   </trkpt>
   <trkpt lat="42.84342" lon="0.21037000000000003">
    <ele>2167.5600000000004</ele>
   </trkpt>
   <trkpt lat="42.843450000000004" lon="0.2104">
    <ele>2167.94</ele>
   </trkpt>
   <trkpt lat="42.84362" lon="0.21052">
    <ele>2168.2000000000003</ele>
   </trkpt>
   <trkpt lat="42.84366000000001" lon="0.21052">
    <ele>2168.2000000000003</ele>
   </trkpt>
   <trkpt lat="42.84376" lon="0.21044000000000002">
    <ele>2168.46</ele>
   </trkpt>
   <trkpt lat="42.84396" lon="0.21033000000000002">
    <ele>2169.5</ele>
   </trkpt>
   <trkpt lat="42.844080000000005" lon="0.21029">
    <ele>2171.9500000000003</ele>
   </trkpt>
   <trkpt lat="42.844300000000004" lon="0.21030000000000001">
    <ele>2173.3100000000004</ele>
   </trkpt>
   <trkpt lat="42.84438" lon="0.21029">
    <ele>2173.65</ele>
   </trkpt>
   <trkpt lat="42.84442000000001" lon="0.21033000000000002">
    <ele>2174.08</ele>
   </trkpt>
   <trkpt lat="42.84452" lon="0.21027">
    <ele>2175.31</ele>
   </trkpt>
   <trkpt lat="42.844550000000005" lon="0.21027">
    <ele>2175.31</ele>
   </trkpt>
   <trkpt lat="42.844800000000006" lon="0.21055000000000001">
    <ele>2179.67</ele>
   </trkpt>
   <trkpt lat="42.844860000000004" lon="0.21058000000000002">
    <ele>2179.51</ele>
   </trkpt>
   <trkpt lat="42.84497" lon="0.21076000000000003">
    <ele>2178.96</ele>
   </trkpt>
   <trkpt lat="42.84499" lon="0.21085">
    <ele>2178.9</ele>
   </trkpt>
   <trkpt lat="42.84514" lon="0.21107">
    <ele>2179.6900000000005</ele>
   </trkpt>
   <trkpt lat="42.84525" lon="0.21120000000000003">
    <ele>2180.94</ele>
   </trkpt>
   <trkpt lat="42.84534" lon="0.2114">
    <ele>2184.2000000000003</ele>
   </trkpt>
   <trkpt lat="42.84544" lon="0.2114">
    <ele>2184.81</ele>
   </trkpt>
   <trkpt lat="42.845490000000005" lon="0.21144000000000002">
    <ele>2185.75</ele>
   </trkpt>
   <trkpt lat="42.84555" lon="0.21152">
    <ele>2186.4500000000003</ele>
   </trkpt>
   <trkpt lat="42.84564" lon="0.21158000000000002">
    <ele>2187.02</ele>
   </trkpt>
   <trkpt lat="42.845710000000004" lon="0.21167000000000002">
    <ele>2187.36</ele>
   </trkpt>
   <trkpt lat="42.845800000000004" lon="0.21173000000000003">
    <ele>2187.4800000000005</ele>
   </trkpt>
   <trkpt lat="42.84592000000001" lon="0.2119">
    <ele>2188.39</ele>
   </trkpt>
   <trkpt lat="42.846050000000005" lon="0.21198000000000003">
    <ele>2189.81</ele>
   </trkpt>
   <trkpt lat="42.846090000000004" lon="0.21203000000000002">
    <ele>2191.13</ele>
   </trkpt>
   <trkpt lat="42.84617" lon="0.21219000000000002">
    <ele>2192.53</ele>
   </trkpt>
   <trkpt lat="42.84624" lon="0.21249">
    <ele>2193.4300000000003</ele>
   </trkpt>
   <trkpt lat="42.84633" lon="0.2126">
    <ele>2194.1200000000003</ele>
   </trkpt>
   <trkpt lat="42.84635" lon="0.21269000000000002">
    <ele>2195.1200000000003</ele>
   </trkpt>
   <trkpt lat="42.846410000000006" lon="0.21276">
    <ele>2196.34</ele>
   </trkpt>
   <trkpt lat="42.84649" lon="0.21278000000000002">
    <ele>2197.03</ele>
   </trkpt>
   <trkpt lat="42.84657000000001" lon="0.21273000000000003">
    <ele>2199.4100000000003</ele>
   </trkpt>
   <trkpt lat="42.84662" lon="0.21272000000000002">
    <ele>2200.09</ele>
   </trkpt>
   <trkpt lat="42.846740000000004" lon="0.21278000000000002">
    <ele>2200.94</ele>
   </trkpt>
   <trkpt lat="42.84684" lon="0.21277000000000001">
    <ele>2201.87</ele>
   </trkpt>
   <trkpt lat="42.846900000000005" lon="0.21282">
    <ele>2202.4500000000003</ele>
   </trkpt>
   <trkpt lat="42.846940000000004" lon="0.21280000000000002">
    <ele>2203.17</ele>
   </trkpt>
   <trkpt lat="42.847030000000004" lon="0.2129">
    <ele>2205.47</ele>
   </trkpt>
   <trkpt lat="42.84714" lon="0.21286000000000002">
    <ele>2206.1200000000003</ele>
   </trkpt>
   <trkpt lat="42.84729" lon="0.21297000000000002">
    <ele>2205.06</ele>
   </trkpt>
   <trkpt lat="42.847460000000005" lon="0.21303000000000002">
    <ele>2202.55</ele>
   </trkpt>
   <trkpt lat="42.84752" lon="0.21309000000000003">
    <ele>2202.25</ele>
   </trkpt>
   <trkpt lat="42.8477" lon="0.21338000000000001">
    <ele>2201.62</ele>
   </trkpt>
   <trkpt lat="42.847840000000005" lon="0.21347000000000002">
    <ele>2201.89</ele>
   </trkpt>
   <trkpt lat="42.84792" lon="0.21342000000000003">
    <ele>2201.8500000000004</ele>
   </trkpt>
   <trkpt lat="42.848020000000005" lon="0.21334000000000003">
    <ele>2202.0000000000005</ele>
   </trkpt>
   <trkpt lat="42.848240000000004" lon="0.21309000000000003">
    <ele>2204.7100000000005</ele>
   </trkpt>
   <trkpt lat="42.848400000000005" lon="0.21296">
    <ele>2205.73</ele>
   </trkpt>
   <trkpt lat="42.84863" lon="0.21281000000000003">
    <ele>2208.09</ele>
   </trkpt>
   <trkpt lat="42.848780000000005" lon="0.21266000000000002">
    <ele>2211.1400000000003</ele>
   </trkpt>
   <trkpt lat="42.84886" lon="0.21262000000000003">
    <ele>2212.01</ele>
   </trkpt>
   <trkpt lat="42.848960000000005" lon="0.21254">
    <ele>2215.6800000000003</ele>
   </trkpt>
   <trkpt lat="42.84901000000001" lon="0.21252000000000001">
    <ele>2215.6800000000003</ele>
   </trkpt>
   <trkpt lat="42.84917" lon="0.21251">
    <ele>2218.62</ele>
   </trkpt>
   <trkpt lat="42.8494" lon="0.21253000000000002">
    <ele>2220.48</ele>
   </trkpt>
   <trkpt lat="42.849520000000005" lon="0.21259000000000003">
    <ele>2221.2599999999998</ele>
   </trkpt>
   <trkpt lat="42.849630000000005" lon="0.21267000000000003">
    <ele>2221.62</ele>
   </trkpt>
   <trkpt lat="42.84973" lon="0.21268">
    <ele>2221.7000000000003</ele>
   </trkpt>
   <trkpt lat="42.85005" lon="0.21236000000000002">
    <ele>2222.68</ele>
   </trkpt>
   <trkpt lat="42.850440000000006" lon="0.21208000000000002">
    <ele>2221.2</ele>
   </trkpt>
   <trkpt lat="42.85089000000001" lon="0.2119">
    <ele>2218.11</ele>
   </trkpt>
   <trkpt lat="42.85101" lon="0.21192000000000003">
    <ele>2217.09</ele>
   </trkpt>
   <trkpt lat="42.8511" lon="0.21189000000000002">
    <ele>2216.44</ele>
   </trkpt>
   <trkpt lat="42.85119" lon="0.21169000000000002">
    <ele>2215.9</ele>
   </trkpt>
   <trkpt lat="42.851310000000005" lon="0.21151">
    <ele>2216.5600000000004</ele>
   </trkpt>
   <trkpt lat="42.85139" lon="0.21147000000000002">
    <ele>2216.76</ele>
   </trkpt>
   <trkpt lat="42.851620000000004" lon="0.21143">
    <ele>2217.55</ele>
   </trkpt>
   <trkpt lat="42.851710000000004" lon="0.21139000000000002">
    <ele>2218.29</ele>
   </trkpt>
   <trkpt lat="42.85181" lon="0.21130000000000002">
    <ele>2220.84</ele>
   </trkpt>
   <trkpt lat="42.851940000000006" lon="0.21131000000000003">
    <ele>2222.09</ele>
   </trkpt>
   <trkpt lat="42.852090000000004" lon="0.21129">
    <ele>2222.8100000000004</ele>
   </trkpt>
   <trkpt lat="42.85217" lon="0.21126000000000003">
    <ele>2222.8100000000004</ele>
   </trkpt>
   <trkpt lat="42.85237" lon="0.2111">
    <ele>2224.1</ele>
   </trkpt>
   <trkpt lat="42.85251" lon="0.21094000000000002">
    <ele>2228.69</ele>
   </trkpt>
   <trkpt lat="42.85253" lon="0.21086000000000002">
    <ele>2228.69</ele>
   </trkpt>
   <trkpt lat="42.85255" lon="0.21086000000000002">
    <ele>2230.5</ele>
   </trkpt>
   <trkpt lat="42.85257" lon="0.2109">
    <ele>2230.5</ele>
   </trkpt>
   <trkpt lat="42.852590000000006" lon="0.21101000000000003">
    <ele>2232.2200000000003</ele>
   </trkpt>
   <trkpt lat="42.852630000000005" lon="0.21084000000000003">
    <ele>2235.53</ele>
   </trkpt>
   <trkpt lat="42.852700000000006" lon="0.21098000000000003">
    <ele>2236.4100000000003</ele>
   </trkpt>
   <trkpt lat="42.85273" lon="0.21083000000000002">
    <ele>2238.3</ele>
   </trkpt>
   <trkpt lat="42.852790000000006" lon="0.21091000000000001">
    <ele>2242.2500000000005</ele>
   </trkpt>
   <trkpt lat="42.852810000000005" lon="0.2109">
    <ele>2242.2500000000005</ele>
   </trkpt>
   <trkpt lat="42.852810000000005" lon="0.21073000000000003">
    <ele>2245.93</ele>
   </trkpt>
   <trkpt lat="42.85286000000001" lon="0.21073000000000003">
    <ele>2245.93</ele>
   </trkpt>
   <trkpt lat="42.85289" lon="0.21070000000000003">
    <ele>2245.93</ele>
   </trkpt>
   <trkpt lat="42.852970000000006" lon="0.21058000000000002">
    <ele>2248.5099999999998</ele>
   </trkpt>
   <trkpt lat="42.85304" lon="0.21042000000000002">
    <ele>2250.21</ele>
   </trkpt>
   <trkpt lat="42.85318" lon="0.21030000000000001">
    <ele>2249.7100000000005</ele>
   </trkpt>
   <trkpt lat="42.85322" lon="0.21021">
    <ele>2249.28</ele>
   </trkpt>
   <trkpt lat="42.85333000000001" lon="0.20978000000000002">
    <ele>2246.29</ele>
   </trkpt>
   <trkpt lat="42.8534" lon="0.20970000000000003">
    <ele>2245.9100000000003</ele>
   </trkpt>
   <trkpt lat="42.85347" lon="0.20969000000000002">
    <ele>2245.9100000000003</ele>
   </trkpt>
   <trkpt lat="42.853530000000006" lon="0.20967000000000002">
    <ele>2245.78</ele>
   </trkpt>
   <trkpt lat="42.8536" lon="0.20970000000000003">
    <ele>2246.82</ele>
   </trkpt>
   <trkpt lat="42.85367" lon="0.20968">
    <ele>2247.4500000000003</ele>
   </trkpt>
   <trkpt lat="42.85418000000001" lon="0.20988">
    <ele>2251.36</ele>
   </trkpt>
   <trkpt lat="42.85432" lon="0.20986000000000002">
    <ele>2251.6600000000003</ele>
   </trkpt>
   <trkpt lat="42.85439" lon="0.20982">
    <ele>2252.1400000000003</ele>
   </trkpt>
   <trkpt lat="42.85448" lon="0.20982">
    <ele>2252.48</ele>
   </trkpt>
   <trkpt lat="42.854580000000006" lon="0.20981000000000002">
    <ele>2253.4900000000002</ele>
   </trkpt>
   <trkpt lat="42.85502" lon="0.20959000000000003">
    <ele>2256.5699999999997</ele>
   </trkpt>
   <trkpt lat="42.855090000000004" lon="0.20953000000000002">
    <ele>2258.27</ele>
   </trkpt>
   <trkpt lat="42.85530000000001" lon="0.20952">
    <ele>2259.4700000000003</ele>
   </trkpt>
   <trkpt lat="42.85537" lon="0.20948000000000003">
    <ele>2259.88</ele>
   </trkpt>
   <trkpt lat="42.85544" lon="0.20950000000000002">
    <ele>2260.09</ele>
   </trkpt>
   <trkpt lat="42.855470000000004" lon="0.20948000000000003">
    <ele>2260.13</ele>
   </trkpt>
   <trkpt lat="42.855540000000005" lon="0.20934000000000003">
    <ele>2260.13</ele>
   </trkpt>
   <trkpt lat="42.855560000000004" lon="0.20923000000000003">
    <ele>2260.4300000000003</ele>
   </trkpt>
   <trkpt lat="42.85568000000001" lon="0.20908000000000002">
    <ele>2261.66</ele>
   </trkpt>
   <trkpt lat="42.85584" lon="0.20879">
    <ele>2267.84</ele>
   </trkpt>
   <trkpt lat="42.855920000000005" lon="0.20870000000000002">
    <ele>2268.8300000000004</ele>
   </trkpt>
   <trkpt lat="42.85595" lon="0.20855">
    <ele>2270.6000000000004</ele>
   </trkpt>
   <trkpt lat="42.855940000000004" lon="0.20845000000000002">
    <ele>2270.9100000000003</ele>
   </trkpt>
   <trkpt lat="42.85586000000001" lon="0.20823000000000003">
    <ele>2272.38</ele>
   </trkpt>
   <trkpt lat="42.85587" lon="0.20813">
    <ele>2273.03</ele>
   </trkpt>
   <trkpt lat="42.85593" lon="0.20795000000000002">
    <ele>2273.6400000000003</ele>
   </trkpt>
   <trkpt lat="42.855920000000005" lon="0.20772000000000002">
    <ele>2275.51</ele>
   </trkpt>
   <trkpt lat="42.85595" lon="0.20756000000000002">
    <ele>2278.63</ele>
   </trkpt>
   <trkpt lat="42.856100000000005" lon="0.20743">
    <ele>2279.98</ele>
   </trkpt>
   <trkpt lat="42.856300000000005" lon="0.20738">
    <ele>2280.34</ele>
   </trkpt>
   <trkpt lat="42.856570000000005" lon="0.20718000000000003">
    <ele>2283.43</ele>
   </trkpt>
   <trkpt lat="42.856680000000004" lon="0.20713">
    <ele>2284.3500000000004</ele>
   </trkpt>
   <trkpt lat="42.856730000000006" lon="0.20714000000000002">
    <ele>2284.9900000000002</ele>
   </trkpt>
   <trkpt lat="42.85676" lon="0.20718000000000003">
    <ele>2285.76</ele>
   </trkpt>
   <trkpt lat="42.856770000000004" lon="0.20723000000000003">
    <ele>2286.63</ele>
   </trkpt>
   <trkpt lat="42.856770000000004" lon="0.20738">
    <ele>2287.5499999999997</ele>
   </trkpt>
   <trkpt lat="42.85694" lon="0.20747000000000002">
    <ele>2291.23</ele>
   </trkpt>
   <trkpt lat="42.857000000000006" lon="0.20745000000000002">
    <ele>2292.23</ele>
   </trkpt>
   <trkpt lat="42.85705" lon="0.20737000000000003">
    <ele>2292.91</ele>
   </trkpt>
   <trkpt lat="42.85709000000001" lon="0.20737000000000003">
    <ele>2292.91</ele>
   </trkpt>
   <trkpt lat="42.85716" lon="0.20731000000000002">
    <ele>2293.7100000000005</ele>
   </trkpt>
   <trkpt lat="42.85717" lon="0.20725000000000002">
    <ele>2294.29</ele>
   </trkpt>
   <trkpt lat="42.85719" lon="0.20724">
    <ele>2294.98</ele>
   </trkpt>
   <trkpt lat="42.8573" lon="0.20729000000000003">
    <ele>2297.39</ele>
   </trkpt>
   <trkpt lat="42.857330000000005" lon="0.20727">
    <ele>2297.39</ele>
   </trkpt>
   <trkpt lat="42.857350000000004" lon="0.20728000000000002">
    <ele>2297.39</ele>
   </trkpt>
   <trkpt lat="42.857420000000005" lon="0.20751000000000003">
    <ele>2302.02</ele>
   </trkpt>
   <trkpt lat="42.85745" lon="0.20752">
    <ele>2303.0000000000005</ele>
   </trkpt>
   <trkpt lat="42.8575" lon="0.20752">
    <ele>2303.7500000000005</ele>
   </trkpt>
   <trkpt lat="42.85765000000001" lon="0.20739000000000002">
    <ele>2305.13</ele>
   </trkpt>
   <trkpt lat="42.857760000000006" lon="0.20748000000000003">
    <ele>2305.8</ele>
   </trkpt>
   <trkpt lat="42.85786" lon="0.20748000000000003">
    <ele>2306.17</ele>
   </trkpt>
   <trkpt lat="42.857910000000004" lon="0.20747000000000002">
    <ele>2307.85</ele>
   </trkpt>
   <trkpt lat="42.85793" lon="0.20742000000000002">
    <ele>2307.85</ele>
   </trkpt>
   <trkpt lat="42.857980000000005" lon="0.20739000000000002">
    <ele>2307.85</ele>
   </trkpt>
   <trkpt lat="42.85802" lon="0.20739000000000002">
    <ele>2308.58</ele>
   </trkpt>
   <trkpt lat="42.8581" lon="0.20734000000000002">
    <ele>2308.9900000000002</ele>
   </trkpt>
   <trkpt lat="42.858180000000004" lon="0.20734000000000002">
    <ele>2309.5000000000005</ele>
   </trkpt>
   <trkpt lat="42.85822" lon="0.20735">
    <ele>2310.6400000000003</ele>
   </trkpt>
   <trkpt lat="42.858250000000005" lon="0.20739000000000002">
    <ele>2311.1</ele>
   </trkpt>
   <trkpt lat="42.858340000000005" lon="0.20743">
    <ele>2311.4700000000003</ele>
   </trkpt>
   <trkpt lat="42.858470000000004" lon="0.20742000000000002">
    <ele>2311.42</ele>
   </trkpt>
   <trkpt lat="42.85855" lon="0.20744">
    <ele>2311.9</ele>
   </trkpt>
   <trkpt lat="42.85871" lon="0.20758000000000001">
    <ele>2312.91</ele>
   </trkpt>
   <trkpt lat="42.858760000000004" lon="0.20759000000000002">
    <ele>2315.3</ele>
   </trkpt>
   <trkpt lat="42.85897000000001" lon="0.20752">
    <ele>2318.4</ele>
   </trkpt>
   <trkpt lat="42.85902" lon="0.20751000000000003">
    <ele>2319.13</ele>
   </trkpt>
   <trkpt lat="42.859080000000006" lon="0.20754000000000003">
    <ele>2319.75</ele>
   </trkpt>
   <trkpt lat="42.859140000000004" lon="0.20751000000000003">
    <ele>2320.6200000000003</ele>
   </trkpt>
   <trkpt lat="42.859190000000005" lon="0.20742000000000002">
    <ele>2320.91</ele>
   </trkpt>
   <trkpt lat="42.85924000000001" lon="0.20740000000000003">
    <ele>2320.9500000000003</ele>
   </trkpt>
   <trkpt lat="42.85929" lon="0.20734000000000002">
    <ele>2321.06</ele>
   </trkpt>
   <trkpt lat="42.859280000000005" lon="0.20727">
    <ele>2321.3700000000003</ele>
   </trkpt>
   <trkpt lat="42.859320000000004" lon="0.20718000000000003">
    <ele>2322.68</ele>
   </trkpt>
   <trkpt lat="42.859500000000004" lon="0.20697000000000002">
    <ele>2325.46</ele>
   </trkpt>
   <trkpt lat="42.85967" lon="0.20692000000000002">
    <ele>2326.59</ele>
   </trkpt>
   <trkpt lat="42.859730000000006" lon="0.20694">
    <ele>2327.98</ele>
   </trkpt>
   <trkpt lat="42.85976" lon="0.20693000000000003">
    <ele>2327.98</ele>
   </trkpt>
   <trkpt lat="42.85985" lon="0.20683">
    <ele>2330.4500000000003</ele>
   </trkpt>
   <trkpt lat="42.85998" lon="0.20677">
    <ele>2332.31</ele>
   </trkpt>
   <trkpt lat="42.86014" lon="0.20683">
    <ele>2333.32</ele>
   </trkpt>
   <trkpt lat="42.86023" lon="0.20693000000000003">
    <ele>2334.02</ele>
   </trkpt>
   <trkpt lat="42.86032" lon="0.20693000000000003">
    <ele>2335.1</ele>
   </trkpt>
   <trkpt lat="42.86041" lon="0.20683">
    <ele>2337.06</ele>
   </trkpt>
   <trkpt lat="42.860510000000005" lon="0.20682">
    <ele>2338.87</ele>
   </trkpt>
   <trkpt lat="42.860710000000005" lon="0.20687000000000003">
    <ele>2342.3700000000003</ele>
   </trkpt>
   <trkpt lat="42.860760000000006" lon="0.20698000000000003">
    <ele>2343.6000000000004</ele>
   </trkpt>
   <trkpt lat="42.86086" lon="0.20694">
    <ele>2349.04</ele>
   </trkpt>
   <trkpt lat="42.860890000000005" lon="0.20697000000000002">
    <ele>2349.04</ele>
   </trkpt>
   <trkpt lat="42.86101" lon="0.20700000000000002">
    <ele>2353.4300000000003</ele>
   </trkpt>
   <trkpt lat="42.86113" lon="0.20661000000000002">
    <ele>2364.57</ele>
   </trkpt>
   <trkpt lat="42.861110000000004" lon="0.20647000000000001">
    <ele>2369.3500000000004</ele>
   </trkpt>
   <trkpt lat="42.861160000000005" lon="0.20641">
    <ele>2372.43</ele>
   </trkpt>
   <trkpt lat="42.86119" lon="0.20644">
    <ele>2372.43</ele>
   </trkpt>
   <trkpt lat="42.86137" lon="0.20650000000000002">
    <ele>2378.66</ele>
   </trkpt>
   <trkpt lat="42.861450000000005" lon="0.20656000000000002">
    <ele>2381.39</ele>
   </trkpt>
   <trkpt lat="42.86153" lon="0.20665000000000003">
    <ele>2384.83</ele>
   </trkpt>
   <trkpt lat="42.861610000000006" lon="0.2068">
    <ele>2387.2</ele>
   </trkpt>
   <trkpt lat="42.861790000000006" lon="0.20694">
    <ele>2389.57</ele>
   </trkpt>
   <trkpt lat="42.86189" lon="0.20697000000000002">
    <ele>2390.0400000000004</ele>
   </trkpt>
   <trkpt lat="42.861990000000006" lon="0.20697000000000002">
    <ele>2391.68</ele>
   </trkpt>
   <trkpt lat="42.86205" lon="0.20694">
    <ele>2391.98</ele>
   </trkpt>
   <trkpt lat="42.86227" lon="0.20697000000000002">
    <ele>2391.54</ele>
   </trkpt>
   <trkpt lat="42.862460000000006" lon="0.20705">
    <ele>2392.7200000000003</ele>
   </trkpt>
   <trkpt lat="42.862480000000005" lon="0.20708000000000001">
    <ele>2392.7200000000003</ele>
   </trkpt>
   <trkpt lat="42.8626" lon="0.20711000000000002">
    <ele>2394.86</ele>
   </trkpt>
   <trkpt lat="42.86267" lon="0.20711000000000002">
    <ele>2395.4600000000005</ele>
   </trkpt>
   <trkpt lat="42.86271000000001" lon="0.20718000000000003">
    <ele>2396.57</ele>
   </trkpt>
   <trkpt lat="42.862880000000004" lon="0.20727">
    <ele>2399.4500000000003</ele>
   </trkpt>
   <trkpt lat="42.86292" lon="0.20722000000000002">
    <ele>2400.8700000000003</ele>
   </trkpt>
   <trkpt lat="42.86298" lon="0.20723000000000003">
    <ele>2401.67</ele>
   </trkpt>
   <trkpt lat="42.86305" lon="0.20714000000000002">
    <ele>2403.4</ele>
   </trkpt>
   <trkpt lat="42.863110000000006" lon="0.20712000000000003">
    <ele>2404.13</ele>
   </trkpt>
   <trkpt lat="42.86314" lon="0.20712000000000003">
    <ele>2404.63</ele>
   </trkpt>
   <trkpt lat="42.863310000000006" lon="0.20721">
    <ele>2404.4800000000005</ele>
   </trkpt>
   <trkpt lat="42.863420000000005" lon="0.20720000000000002">
    <ele>2404.38</ele>
   </trkpt>
   <trkpt lat="42.86347000000001" lon="0.20723000000000003">
    <ele>2404.38</ele>
   </trkpt>
   <trkpt lat="42.86354" lon="0.20718000000000003">
    <ele>2404.5400000000004</ele>
   </trkpt>
   <trkpt lat="42.863600000000005" lon="0.20711000000000002">
    <ele>2404.7400000000002</ele>
   </trkpt>
   <trkpt lat="42.86368" lon="0.20706000000000002">
    <ele>2405.2000000000003</ele>
   </trkpt>
   <trkpt lat="42.863730000000004" lon="0.20700000000000002">
    <ele>2405.58</ele>
   </trkpt>
   <trkpt lat="42.863780000000006" lon="0.20698000000000003">
    <ele>2405.9000000000005</ele>
   </trkpt>
   <trkpt lat="42.863890000000005" lon="0.20701000000000003">
    <ele>2406.3800000000006</ele>
   </trkpt>
   <trkpt lat="42.86393" lon="0.20699">
    <ele>2406.76</ele>
   </trkpt>
   <trkpt lat="42.86401" lon="0.20699">
    <ele>2407.2500000000005</ele>
   </trkpt>
   <trkpt lat="42.864070000000005" lon="0.20696">
    <ele>2407.2500000000005</ele>
   </trkpt>
   <trkpt lat="42.864160000000005" lon="0.20698000000000003">
    <ele>2409.44</ele>
   </trkpt>
   <trkpt lat="42.864200000000004" lon="0.20696">
    <ele>2409.44</ele>
   </trkpt>
   <trkpt lat="42.86426" lon="0.20700000000000002">
    <ele>2411.17</ele>
   </trkpt>
   <trkpt lat="42.86437" lon="0.20700000000000002">
    <ele>2411.71</ele>
   </trkpt>
   <trkpt lat="42.86451" lon="0.20706000000000002">
    <ele>2413.65</ele>
   </trkpt>
   <trkpt lat="42.86457" lon="0.20705">
    <ele>2413.65</ele>
   </trkpt>
   <trkpt lat="42.864610000000006" lon="0.20702">
    <ele>2415.2500000000005</ele>
   </trkpt>
   <trkpt lat="42.86473" lon="0.20703000000000002">
    <ele>2416.09</ele>
   </trkpt>
   <trkpt lat="42.86482" lon="0.20698000000000003">
    <ele>2416.43</ele>
   </trkpt>
   <trkpt lat="42.86495" lon="0.20678000000000002">
    <ele>2415.88</ele>
   </trkpt>
   <trkpt lat="42.86507" lon="0.20672000000000001">
    <ele>2416.26</ele>
   </trkpt>
   <trkpt lat="42.86509" lon="0.20668000000000003">
    <ele>2416.26</ele>
   </trkpt>
   <trkpt lat="42.86513" lon="0.20664000000000002">
    <ele>2416.29</ele>
   </trkpt>
   <trkpt lat="42.86515000000001" lon="0.20664000000000002">
    <ele>2416.29</ele>
   </trkpt>
   <trkpt lat="42.86522" lon="0.20655">
    <ele>2416.1400000000003</ele>
   </trkpt>
   <trkpt lat="42.86529" lon="0.20654000000000003">
    <ele>2416.03</ele>
   </trkpt>
   <trkpt lat="42.86535000000001" lon="0.20659000000000002">
    <ele>2415.94</ele>
   </trkpt>
   <trkpt lat="42.86543" lon="0.20657">
    <ele>2415.6400000000003</ele>
   </trkpt>
   <trkpt lat="42.86549" lon="0.20653000000000002">
    <ele>2416.4100000000003</ele>
   </trkpt>
   <trkpt lat="42.8656" lon="0.20651000000000003">
    <ele>2417.38</ele>
   </trkpt>
   <trkpt lat="42.865750000000006" lon="0.2066">
    <ele>2419.95</ele>
   </trkpt>
   <trkpt lat="42.865770000000005" lon="0.20663">
    <ele>2419.95</ele>
   </trkpt>
   <trkpt lat="42.865970000000004" lon="0.20666">
    <ele>2427.98</ele>
   </trkpt>
   <trkpt lat="42.86598" lon="0.20671">
    <ele>2429.37</ele>
   </trkpt>
   <trkpt lat="42.86605" lon="0.20673000000000002">
    <ele>2430.87</ele>
   </trkpt>
   <trkpt lat="42.86609000000001" lon="0.20681000000000002">
    <ele>2434.19</ele>
   </trkpt>
   <trkpt lat="42.866150000000005" lon="0.20681000000000002">
    <ele>2435.98</ele>
   </trkpt>
   <trkpt lat="42.866150000000005" lon="0.20688">
    <ele>2439.7300000000005</ele>
   </trkpt>
   <trkpt lat="42.8663" lon="0.20693000000000003">
    <ele>2443.77</ele>
   </trkpt>
   <trkpt lat="42.86636" lon="0.20690000000000003">
    <ele>2450.1000000000004</ele>
   </trkpt>
   <trkpt lat="42.86638000000001" lon="0.20700000000000002">
    <ele>2452.11</ele>
   </trkpt>
   <trkpt lat="42.866420000000005" lon="0.20700000000000002">
    <ele>2452.11</ele>
   </trkpt>
   <trkpt lat="42.866640000000004" lon="0.20682">
    <ele>2462.4100000000003</ele>
   </trkpt>
   <trkpt lat="42.866710000000005" lon="0.20667000000000002">
    <ele>2465.77</ele>
   </trkpt>
   <trkpt lat="42.86674" lon="0.20668000000000003">
    <ele>2465.77</ele>
   </trkpt>
   <trkpt lat="42.866780000000006" lon="0.20666">
    <ele>2476.3</ele>
   </trkpt>
   <trkpt lat="42.86684" lon="0.20650000000000002">
    <ele>2476.3</ele>
   </trkpt>
   <trkpt lat="42.866870000000006" lon="0.20649">
    <ele>2481.29</ele>
   </trkpt>
   <trkpt lat="42.866870000000006" lon="0.20638">
    <ele>2483.6600000000003</ele>
   </trkpt>
   <trkpt lat="42.866910000000004" lon="0.20639000000000002">
    <ele>2488.03</ele>
   </trkpt>
   <trkpt lat="42.86692" lon="0.20641">
    <ele>2488.03</ele>
   </trkpt>
   <trkpt lat="42.86697" lon="0.20640000000000003">
    <ele>2488.03</ele>
   </trkpt>
   <trkpt lat="42.86701" lon="0.20643000000000003">
    <ele>2494.9700000000003</ele>
   </trkpt>
   <trkpt lat="42.86704" lon="0.20637000000000003">
    <ele>2494.9700000000003</ele>
   </trkpt>
   <trkpt lat="42.8671" lon="0.20635">
    <ele>2496.95</ele>
   </trkpt>
   <trkpt lat="42.867230000000006" lon="0.20649">
    <ele>2503.46</ele>
   </trkpt>
   <trkpt lat="42.86724" lon="0.20678000000000002">
    <ele>2502.46</ele>
   </trkpt>
   <trkpt lat="42.86728" lon="0.20684000000000002">
    <ele>2500.88</ele>
   </trkpt>
   <trkpt lat="42.86742" lon="0.20698000000000003">
    <ele>2495.9900000000002</ele>
   </trkpt>
   <trkpt lat="42.867540000000005" lon="0.20699">
    <ele>2495.9900000000002</ele>
   </trkpt>
   <trkpt lat="42.867670000000004" lon="0.20705">
    <ele>2484.3100000000004</ele>
   </trkpt>
   <trkpt lat="42.86775" lon="0.20703000000000002">
    <ele>2484.3100000000004</ele>
   </trkpt>
   <trkpt lat="42.867990000000006" lon="0.20711000000000002">
    <ele>2476.15</ele>
   </trkpt>
   <trkpt lat="42.86806000000001" lon="0.20718000000000003">
    <ele>2471.41</ele>
   </trkpt>
   <trkpt lat="42.86815" lon="0.20718000000000003">
    <ele>2468.57</ele>
   </trkpt>
   <trkpt lat="42.86818" lon="0.20720000000000002">
    <ele>2468.57</ele>
   </trkpt>
   <trkpt lat="42.868210000000005" lon="0.20729000000000003">
    <ele>2466.11</ele>
   </trkpt>
   <trkpt lat="42.868280000000006" lon="0.20715000000000003">
    <ele>2466.11</ele>
   </trkpt>
   <trkpt lat="42.868300000000005" lon="0.20714000000000002">
    <ele>2466.11</ele>
   </trkpt>
   <trkpt lat="42.868390000000005" lon="0.20712000000000003">
    <ele>2458.53</ele>
   </trkpt>
   <trkpt lat="42.868430000000004" lon="0.20715000000000003">
    <ele>2458.53</ele>
   </trkpt>
   <trkpt lat="42.868480000000005" lon="0.20716">
    <ele>2458.53</ele>
   </trkpt>
   <trkpt lat="42.868570000000005" lon="0.20707">
    <ele>2455.48</ele>
   </trkpt>
   <trkpt lat="42.8686" lon="0.20707">
    <ele>2454.33</ele>
   </trkpt>
   <trkpt lat="42.86867" lon="0.20711000000000002">
    <ele>2453.04</ele>
   </trkpt>
   <trkpt lat="42.868730000000006" lon="0.20702">
    <ele>2450.09</ele>
   </trkpt>
   <trkpt lat="42.86878" lon="0.20702">
    <ele>2446.8500000000004</ele>
   </trkpt>
   <trkpt lat="42.86892" lon="0.20668000000000003">
    <ele>2437.17</ele>
   </trkpt>
   <trkpt lat="42.868950000000005" lon="0.20669">
    <ele>2437.17</ele>
   </trkpt>
   <trkpt lat="42.86903" lon="0.20678000000000002">
    <ele>2434.39</ele>
   </trkpt>
   <trkpt lat="42.86925" lon="0.20684000000000002">
    <ele>2427.55</ele>
   </trkpt>
   <trkpt lat="42.86932" lon="0.20683">
    <ele>2427.55</ele>
   </trkpt>
   <trkpt lat="42.86945" lon="0.20702">
    <ele>2417.58</ele>
   </trkpt>
   <trkpt lat="42.86954" lon="0.20709000000000002">
    <ele>2415.14</ele>
   </trkpt>
   <trkpt lat="42.869640000000004" lon="0.20703000000000002">
    <ele>2413.15</ele>
   </trkpt>
   <trkpt lat="42.8697" lon="0.20695000000000002">
    <ele>2411.67</ele>
   </trkpt>
   <trkpt lat="42.86983" lon="0.20665000000000003">
    <ele>2410.12</ele>
   </trkpt>
   <trkpt lat="42.869910000000004" lon="0.20654000000000003">
    <ele>2409.73</ele>
   </trkpt>
   <trkpt lat="42.86995" lon="0.20654000000000003">
    <ele>2409.4300000000003</ele>
   </trkpt>
   <trkpt lat="42.869980000000005" lon="0.20650000000000002">
    <ele>2409.04</ele>
   </trkpt>
   <trkpt lat="42.870110000000004" lon="0.20625000000000002">
    <ele>2406.54</ele>
   </trkpt>
   <trkpt lat="42.87015" lon="0.20622000000000001">
    <ele>2406.25</ele>
   </trkpt>
   <trkpt lat="42.87026" lon="0.20618000000000003">
    <ele>2406.3</ele>
   </trkpt>
   <trkpt lat="42.870290000000004" lon="0.20614000000000002">
    <ele>2406.3</ele>
   </trkpt>
   <trkpt lat="42.87033" lon="0.20589000000000002">
    <ele>2406.73</ele>
   </trkpt>
   <trkpt lat="42.870380000000004" lon="0.20583">
    <ele>2406.4300000000003</ele>
   </trkpt>
   <trkpt lat="42.87062" lon="0.20572000000000001">
    <ele>2405.07</ele>
   </trkpt>
   <trkpt lat="42.87082" lon="0.20549">
    <ele>2405.45</ele>
   </trkpt>
   <trkpt lat="42.87086" lon="0.20542000000000002">
    <ele>2405.7700000000004</ele>
   </trkpt>
   <trkpt lat="42.870920000000005" lon="0.20543000000000003">
    <ele>2405.7700000000004</ele>
   </trkpt>
   <trkpt lat="42.871050000000004" lon="0.20539000000000002">
    <ele>2406.3800000000006</ele>
   </trkpt>
   <trkpt lat="42.8712" lon="0.20538">
    <ele>2406.7100000000005</ele>
   </trkpt>
   <trkpt lat="42.871300000000005" lon="0.20540000000000003">
    <ele>2406.03</ele>
   </trkpt>
   <trkpt lat="42.87135000000001" lon="0.20539000000000002">
    <ele>2405.8</ele>
   </trkpt>
   <trkpt lat="42.87151" lon="0.20526000000000003">
    <ele>2405.6200000000003</ele>
   </trkpt>
   <trkpt lat="42.87156" lon="0.20526000000000003">
    <ele>2405.6200000000003</ele>
   </trkpt>
   <trkpt lat="42.871680000000005" lon="0.20533">
    <ele>2406.03</ele>
   </trkpt>
   <trkpt lat="42.871750000000006" lon="0.20539000000000002">
    <ele>2406.9700000000003</ele>
   </trkpt>
   <trkpt lat="42.87189" lon="0.20536000000000001">
    <ele>2407.23</ele>
   </trkpt>
   <trkpt lat="42.872040000000005" lon="0.20523000000000002">
    <ele>2405.18</ele>
   </trkpt>
   <trkpt lat="42.87225" lon="0.20520000000000002">
    <ele>2404.05</ele>
   </trkpt>
   <trkpt lat="42.8723" lon="0.20525000000000002">
    <ele>2404.0099999999998</ele>
   </trkpt>
   <trkpt lat="42.87243" lon="0.20533">
    <ele>2403.98</ele>
   </trkpt>
   <trkpt lat="42.87247000000001" lon="0.20532000000000003">
    <ele>2403.9100000000003</ele>
   </trkpt>
   <trkpt lat="42.872510000000005" lon="0.20534000000000002">
    <ele>2403.81</ele>
   </trkpt>
   <trkpt lat="42.87266" lon="0.20549">
    <ele>2403.0</ele>
   </trkpt>
   <trkpt lat="42.872710000000005" lon="0.20546">
    <ele>2403.0</ele>
   </trkpt>
   <trkpt lat="42.872800000000005" lon="0.20531000000000002">
    <ele>2402.7100000000005</ele>
   </trkpt>
   <trkpt lat="42.87285000000001" lon="0.20531000000000002">
    <ele>2402.75</ele>
   </trkpt>
   <trkpt lat="42.87288" lon="0.20534000000000002">
    <ele>2402.75</ele>
   </trkpt>
   <trkpt lat="42.87292" lon="0.20534000000000002">
    <ele>2402.66</ele>
   </trkpt>
   <trkpt lat="42.872910000000005" lon="0.20524">
    <ele>2401.71</ele>
   </trkpt>
   <trkpt lat="42.87286" lon="0.20518000000000003">
    <ele>2400.82</ele>
   </trkpt>
   <trkpt lat="42.87286" lon="0.2051">
    <ele>2399.74</ele>
   </trkpt>
   <trkpt lat="42.872910000000005" lon="0.20501000000000003">
    <ele>2396.2700000000004</ele>
   </trkpt>
   <trkpt lat="42.873020000000004" lon="0.20495000000000002">
    <ele>2395.1800000000003</ele>
   </trkpt>
   <trkpt lat="42.87306" lon="0.20511000000000001">
    <ele>2390.88</ele>
   </trkpt>
   <trkpt lat="42.8731" lon="0.20512000000000002">
    <ele>2390.88</ele>
   </trkpt>
   <trkpt lat="42.87313" lon="0.20517000000000002">
    <ele>2387.08</ele>
   </trkpt>
   <trkpt lat="42.87314000000001" lon="0.20531000000000002">
    <ele>2385.94</ele>
   </trkpt>
   <trkpt lat="42.87323000000001" lon="0.20548000000000002">
    <ele>2382.21</ele>
   </trkpt>
   <trkpt lat="42.873310000000004" lon="0.20544">
    <ele>2381.2000000000003</ele>
   </trkpt>
   <trkpt lat="42.873400000000004" lon="0.20532000000000003">
    <ele>2376.57</ele>
   </trkpt>
   <trkpt lat="42.873450000000005" lon="0.20537000000000002">
    <ele>2375.4600000000005</ele>
   </trkpt>
   <trkpt lat="42.87353" lon="0.20539000000000002">
    <ele>2374.46</ele>
   </trkpt>
   <trkpt lat="42.87364" lon="0.20559000000000002">
    <ele>2371.29</ele>
   </trkpt>
   <trkpt lat="42.873670000000004" lon="0.2056">
    <ele>2370.6800000000003</ele>
   </trkpt>
   <trkpt lat="42.87382" lon="0.20558">
    <ele>2368.8</ele>
   </trkpt>
   <trkpt lat="42.87404" lon="0.20546">
    <ele>2367.09</ele>
   </trkpt>
   <trkpt lat="42.87417000000001" lon="0.20532000000000003">
    <ele>2364.7400000000002</ele>
   </trkpt>
   <trkpt lat="42.87417000000001" lon="0.20527">
    <ele>2364.7400000000002</ele>
   </trkpt>
   <trkpt lat="42.8742" lon="0.20529000000000003">
    <ele>2363.36</ele>
   </trkpt>
   <trkpt lat="42.874280000000006" lon="0.20508">
    <ele>2353.04</ele>
   </trkpt>
   <trkpt lat="42.87451" lon="0.20507000000000003">
    <ele>2348.6800000000003</ele>
   </trkpt>
   <trkpt lat="42.874520000000004" lon="0.20508">
    <ele>2348.6800000000003</ele>
   </trkpt>
   <trkpt lat="42.87444000000001" lon="0.20521">
    <ele>2346.35</ele>
   </trkpt>
   <trkpt lat="42.87447" lon="0.20528000000000002">
    <ele>2344.5400000000004</ele>
   </trkpt>
   <trkpt lat="42.87456" lon="0.2053">
    <ele>2341.36</ele>
   </trkpt>
   <trkpt lat="42.87474" lon="0.20546">
    <ele>2338.69</ele>
   </trkpt>
   <trkpt lat="42.874930000000006" lon="0.20553000000000002">
    <ele>2337.4700000000003</ele>
   </trkpt>
   <trkpt lat="42.875" lon="0.20558">
    <ele>2336.94</ele>
   </trkpt>
   <trkpt lat="42.87507" lon="0.20558">
    <ele>2336.7</ele>
   </trkpt>
   <trkpt lat="42.87541" lon="0.20541">
    <ele>2335.7900000000004</ele>
   </trkpt>
   <trkpt lat="42.87558000000001" lon="0.20538">
    <ele>2335.95</ele>
   </trkpt>
   <trkpt lat="42.87585000000001" lon="0.20555">
    <ele>2335.6700000000005</ele>
   </trkpt>
   <trkpt lat="42.87594000000001" lon="0.20573000000000002">
    <ele>2335.59</ele>
   </trkpt>
   <trkpt lat="42.87601" lon="0.20578000000000002">
    <ele>2335.11</ele>
   </trkpt>
   <trkpt lat="42.87604" lon="0.20590000000000003">
    <ele>2333.94</ele>
   </trkpt>
   <trkpt lat="42.876160000000006" lon="0.20592000000000002">
    <ele>2331.3300000000004</ele>
   </trkpt>
   <trkpt lat="42.87642" lon="0.20587000000000003">
    <ele>2325.76</ele>
   </trkpt>
   <trkpt lat="42.876540000000006" lon="0.2058">
    <ele>2323.89</ele>
   </trkpt>
   <trkpt lat="42.87657" lon="0.20574">
    <ele>2323.89</ele>
   </trkpt>
   <trkpt lat="42.876670000000004" lon="0.20571">
    <ele>2322.29</ele>
   </trkpt>
   <trkpt lat="42.87673" lon="0.20565000000000003">
    <ele>2320.9600000000005</ele>
   </trkpt>
   <trkpt lat="42.87677" lon="0.20564000000000002">
    <ele>2320.9600000000005</ele>
   </trkpt>
   <trkpt lat="42.876920000000005" lon="0.20549">
    <ele>2317.8500000000004</ele>
   </trkpt>
   <trkpt lat="42.876960000000004" lon="0.20541">
    <ele>2316.05</ele>
   </trkpt>
   <trkpt lat="42.87704" lon="0.20537000000000002">
    <ele>2315.23</ele>
   </trkpt>
   <trkpt lat="42.87718" lon="0.20517000000000002">
    <ele>2308.36</ele>
   </trkpt>
   <trkpt lat="42.87729" lon="0.20507000000000003">
    <ele>2304.28</ele>
   </trkpt>
   <trkpt lat="42.877390000000005" lon="0.20504000000000003">
    <ele>2302.0</ele>
   </trkpt>
   <trkpt lat="42.87747" lon="0.20495000000000002">
    <ele>2301.01</ele>
   </trkpt>
   <trkpt lat="42.87753" lon="0.20493000000000003">
    <ele>2297.4300000000003</ele>
   </trkpt>
   <trkpt lat="42.877590000000005" lon="0.20481000000000002">
    <ele>2297.4300000000003</ele>
   </trkpt>
   <trkpt lat="42.87771" lon="0.20466">
    <ele>2292.61</ele>
   </trkpt>
   <trkpt lat="42.87783" lon="0.20459000000000002">
    <ele>2290.1900000000005</ele>
   </trkpt>
   <trkpt lat="42.87805" lon="0.20455">
    <ele>2287.07</ele>
   </trkpt>
   <trkpt lat="42.8781" lon="0.20451000000000003">
    <ele>2286.65</ele>
   </trkpt>
   <trkpt lat="42.878190000000004" lon="0.20439000000000002">
    <ele>2285.9100000000003</ele>
   </trkpt>
   <trkpt lat="42.87821" lon="0.20439000000000002">
    <ele>2285.9100000000003</ele>
   </trkpt>
   <trkpt lat="42.87823" lon="0.20444">
    <ele>2285.59</ele>
   </trkpt>
   <trkpt lat="42.87827" lon="0.20445000000000002">
    <ele>2285.07</ele>
   </trkpt>
   <trkpt lat="42.87845" lon="0.20428000000000002">
    <ele>2279.02</ele>
   </trkpt>
   <trkpt lat="42.87854" lon="0.20414000000000002">
    <ele>2275.16</ele>
   </trkpt>
   <trkpt lat="42.87865" lon="0.20404000000000003">
    <ele>2272.37</ele>
   </trkpt>
   <trkpt lat="42.87886" lon="0.20397">
    <ele>2269.6</ele>
   </trkpt>
   <trkpt lat="42.878930000000004" lon="0.20399">
    <ele>2268.9300000000003</ele>
   </trkpt>
   <trkpt lat="42.87899" lon="0.20413">
    <ele>2268.4300000000003</ele>
   </trkpt>
   <trkpt lat="42.87913" lon="0.20401000000000002">
    <ele>2267.44</ele>
   </trkpt>
   <trkpt lat="42.87915" lon="0.20401000000000002">
    <ele>2267.44</ele>
   </trkpt>
   <trkpt lat="42.87914000000001" lon="0.20411">
    <ele>2266.4300000000003</ele>
   </trkpt>
   <trkpt lat="42.879160000000006" lon="0.20414000000000002">
    <ele>2265.7000000000003</ele>
   </trkpt>
   <trkpt lat="42.87919" lon="0.20414000000000002">
    <ele>2265.7000000000003</ele>
   </trkpt>
   <trkpt lat="42.879270000000005" lon="0.20428000000000002">
    <ele>2263.0600000000004</ele>
   </trkpt>
   <trkpt lat="42.8793" lon="0.20427">
    <ele>2262.08</ele>
   </trkpt>
   <trkpt lat="42.879340000000006" lon="0.20435">
    <ele>2261.03</ele>
   </trkpt>
   <trkpt lat="42.87935" lon="0.20456000000000002">
    <ele>2254.3900000000003</ele>
   </trkpt>
   <trkpt lat="42.879430000000006" lon="0.20475000000000002">
    <ele>2251.22</ele>
   </trkpt>
   <trkpt lat="42.87942" lon="0.20482000000000003">
    <ele>2251.22</ele>
   </trkpt>
   <trkpt lat="42.87944" lon="0.20495000000000002">
    <ele>2248.79</ele>
   </trkpt>
   <trkpt lat="42.87948" lon="0.20501000000000003">
    <ele>2247.85</ele>
   </trkpt>
   <trkpt lat="42.8795" lon="0.20501000000000003">
    <ele>2246.8</ele>
   </trkpt>
   <trkpt lat="42.87955" lon="0.2051">
    <ele>2245.6400000000003</ele>
   </trkpt>
   <trkpt lat="42.879580000000004" lon="0.20521">
    <ele>2243.08</ele>
   </trkpt>
   <trkpt lat="42.87966" lon="0.20537000000000002">
    <ele>2239.71</ele>
   </trkpt>
   <trkpt lat="42.87968" lon="0.20550000000000002">
    <ele>2239.65</ele>
   </trkpt>
   <trkpt lat="42.879720000000006" lon="0.20558">
    <ele>2237.9800000000005</ele>
   </trkpt>
   <trkpt lat="42.87986" lon="0.20567000000000002">
    <ele>2236.19</ele>
   </trkpt>
   <trkpt lat="42.87991" lon="0.20565000000000003">
    <ele>2235.88</ele>
   </trkpt>
   <trkpt lat="42.87995" lon="0.20566">
    <ele>2235.7200000000003</ele>
   </trkpt>
   <trkpt lat="42.87999000000001" lon="0.20561000000000001">
    <ele>2235.6800000000003</ele>
   </trkpt>
   <trkpt lat="42.88018" lon="0.20576000000000003">
    <ele>2235.86</ele>
   </trkpt>
   <trkpt lat="42.880340000000004" lon="0.20566">
    <ele>2234.3700000000003</ele>
   </trkpt>
   <trkpt lat="42.88047" lon="0.20563">
    <ele>2232.5099999999998</ele>
   </trkpt>
   <trkpt lat="42.88049" lon="0.2056">
    <ele>2232.04</ele>
   </trkpt>
   <trkpt lat="42.88073000000001" lon="0.20568000000000003">
    <ele>2231.2000000000003</ele>
   </trkpt>
   <trkpt lat="42.880770000000005" lon="0.20572000000000001">
    <ele>2231.2000000000003</ele>
   </trkpt>
   <trkpt lat="42.880880000000005" lon="0.20571">
    <ele>2230.3</ele>
   </trkpt>
   <trkpt lat="42.88094" lon="0.20566">
    <ele>2229.8900000000003</ele>
   </trkpt>
   <trkpt lat="42.881" lon="0.20558">
    <ele>2229.36</ele>
   </trkpt>
   <trkpt lat="42.88107" lon="0.20556000000000002">
    <ele>2228.8900000000003</ele>
   </trkpt>
   <trkpt lat="42.88116" lon="0.20540000000000003">
    <ele>2224.46</ele>
   </trkpt>
   <trkpt lat="42.881420000000006" lon="0.20545000000000002">
    <ele>2220.94</ele>
   </trkpt>
   <trkpt lat="42.88148" lon="0.20561000000000001">
    <ele>2219.6800000000003</ele>
   </trkpt>
   <trkpt lat="42.88156" lon="0.20569">
    <ele>2219.73</ele>
   </trkpt>
   <trkpt lat="42.88172" lon="0.20575000000000002">
    <ele>2219.6000000000004</ele>
   </trkpt>
   <trkpt lat="42.88179" lon="0.20569">
    <ele>2218.84</ele>
   </trkpt>
   <trkpt lat="42.88185" lon="0.20568000000000003">
    <ele>2217.86</ele>
   </trkpt>
   <trkpt lat="42.8819" lon="0.20559000000000002">
    <ele>2216.5000000000005</ele>
   </trkpt>
   <trkpt lat="42.88208" lon="0.20543000000000003">
    <ele>2214.82</ele>
   </trkpt>
   <trkpt lat="42.8821" lon="0.20519">
    <ele>2213.87</ele>
   </trkpt>
   <trkpt lat="42.88226" lon="0.20521">
    <ele>2212.19</ele>
   </trkpt>
   <trkpt lat="42.88233" lon="0.20524">
    <ele>2211.59</ele>
   </trkpt>
   <trkpt lat="42.882470000000005" lon="0.20535">
    <ele>2209.14</ele>
   </trkpt>
   <trkpt lat="42.88253" lon="0.20534000000000002">
    <ele>2207.6900000000005</ele>
   </trkpt>
   <trkpt lat="42.882600000000004" lon="0.20524">
    <ele>2205.86</ele>
   </trkpt>
   <trkpt lat="42.88264" lon="0.20523000000000002">
    <ele>2205.86</ele>
   </trkpt>
   <trkpt lat="42.882670000000005" lon="0.20519">
    <ele>2202.83</ele>
   </trkpt>
   <trkpt lat="42.8828" lon="0.20520000000000002">
    <ele>2201.1000000000004</ele>
   </trkpt>
   <trkpt lat="42.883" lon="0.20513">
    <ele>2199.4900000000002</ele>
   </trkpt>
   <trkpt lat="42.883250000000004" lon="0.20513">
    <ele>2197.5</ele>
   </trkpt>
   <trkpt lat="42.88338" lon="0.2051">
    <ele>2197.15</ele>
   </trkpt>
   <trkpt lat="42.88338" lon="0.20514000000000002">
    <ele>2196.36</ele>
   </trkpt>
   <trkpt lat="42.88344" lon="0.2051">
    <ele>2196.36</ele>
   </trkpt>
   <trkpt lat="42.88351" lon="0.20508">
    <ele>2195.5</ele>
   </trkpt>
   <trkpt lat="42.88362" lon="0.20508">
    <ele>2193.4900000000002</ele>
   </trkpt>
   <trkpt lat="42.88371" lon="0.20500000000000002">
    <ele>2191.26</ele>
   </trkpt>
   <trkpt lat="42.883770000000005" lon="0.20500000000000002">
    <ele>2188.67</ele>
   </trkpt>
   <trkpt lat="42.88383" lon="0.20490000000000003">
    <ele>2184.54</ele>
   </trkpt>
   <trkpt lat="42.88385" lon="0.20466">
    <ele>2182.2799999999997</ele>
   </trkpt>
   <trkpt lat="42.88411000000001" lon="0.20422">
    <ele>2178.21</ele>
   </trkpt>
   <trkpt lat="42.88414" lon="0.20423000000000002">
    <ele>2178.0600000000004</ele>
   </trkpt>
   <trkpt lat="42.88418" lon="0.2043">
    <ele>2177.87</ele>
   </trkpt>
   <trkpt lat="42.884330000000006" lon="0.20440000000000003">
    <ele>2177.74</ele>
   </trkpt>
   <trkpt lat="42.88434" lon="0.20446">
    <ele>2177.4</ele>
   </trkpt>
   <trkpt lat="42.88439" lon="0.20449">
    <ele>2176.61</ele>
   </trkpt>
   <trkpt lat="42.884420000000006" lon="0.20472">
    <ele>2170.58</ele>
   </trkpt>
   <trkpt lat="42.88449000000001" lon="0.20474">
    <ele>2167.4800000000005</ele>
   </trkpt>
   <trkpt lat="42.884550000000004" lon="0.20484000000000002">
    <ele>2161.3900000000003</ele>
   </trkpt>
   <trkpt lat="42.88476" lon="0.20486000000000001">
    <ele>2154.94</ele>
   </trkpt>
   <trkpt lat="42.88465" lon="0.20513">
    <ele>2148.4400000000005</ele>
   </trkpt>
   <trkpt lat="42.8847" lon="0.20515000000000003">
    <ele>2143.0299999999997</ele>
   </trkpt>
   <trkpt lat="42.884710000000005" lon="0.20520000000000002">
    <ele>2143.0299999999997</ele>
   </trkpt>
   <trkpt lat="42.88474" lon="0.20520000000000002">
    <ele>2143.0299999999997</ele>
   </trkpt>
   <trkpt lat="42.884820000000005" lon="0.20527">
    <ele>2141.09</ele>
   </trkpt>
   <trkpt lat="42.88488" lon="0.20539000000000002">
    <ele>2138.51</ele>
   </trkpt>
   <trkpt lat="42.885000000000005" lon="0.20551000000000003">
    <ele>2132.73</ele>
   </trkpt>
   <trkpt lat="42.885110000000005" lon="0.20550000000000002">
    <ele>2128.28</ele>
   </trkpt>
   <trkpt lat="42.88514000000001" lon="0.20551000000000003">
    <ele>2128.28</ele>
   </trkpt>
   <trkpt lat="42.88517" lon="0.20559000000000002">
    <ele>2126.9300000000003</ele>
   </trkpt>
   <trkpt lat="42.885200000000005" lon="0.20562000000000002">
    <ele>2126.6000000000004</ele>
   </trkpt>
   <trkpt lat="42.88519" lon="0.20577">
    <ele>2126.42</ele>
   </trkpt>
   <trkpt lat="42.885290000000005" lon="0.20614000000000002">
    <ele>2126.16</ele>
   </trkpt>
   <trkpt lat="42.88528" lon="0.20641">
    <ele>2122.97</ele>
   </trkpt>
   <trkpt lat="42.885290000000005" lon="0.20645000000000002">
    <ele>2122.97</ele>
   </trkpt>
   <trkpt lat="42.885360000000006" lon="0.20651000000000003">
    <ele>2122.0099999999998</ele>
   </trkpt>
   <trkpt lat="42.88559" lon="0.20650000000000002">
    <ele>2119.7000000000003</ele>
   </trkpt>
   <trkpt lat="42.885600000000004" lon="0.20652">
    <ele>2119.5699999999997</ele>
   </trkpt>
   <trkpt lat="42.885670000000005" lon="0.20649">
    <ele>2119.5000000000005</ele>
   </trkpt>
   <trkpt lat="42.88571" lon="0.20651000000000003">
    <ele>2119.45</ele>
   </trkpt>
   <trkpt lat="42.885720000000006" lon="0.20645000000000002">
    <ele>2119.45</ele>
   </trkpt>
   <trkpt lat="42.885780000000004" lon="0.20635">
    <ele>2119.32</ele>
   </trkpt>
   <trkpt lat="42.885960000000004" lon="0.20629000000000003">
    <ele>2118.05</ele>
   </trkpt>
   <trkpt lat="42.88606" lon="0.20631000000000002">
    <ele>2117.68</ele>
   </trkpt>
   <trkpt lat="42.886100000000006" lon="0.20626000000000003">
    <ele>2116.8500000000004</ele>
   </trkpt>
   <trkpt lat="42.886160000000004" lon="0.20623000000000002">
    <ele>2116.93</ele>
   </trkpt>
   <trkpt lat="42.886520000000004" lon="0.20558">
    <ele>2121.9700000000003</ele>
   </trkpt>
   <trkpt lat="42.886660000000006" lon="0.20541">
    <ele>2120.09</ele>
   </trkpt>
   <trkpt lat="42.88683" lon="0.20538">
    <ele>2119.64</ele>
   </trkpt>
   <trkpt lat="42.886900000000004" lon="0.20533">
    <ele>2119.28</ele>
   </trkpt>
   <trkpt lat="42.886970000000005" lon="0.20532000000000003">
    <ele>2118.4100000000003</ele>
   </trkpt>
   <trkpt lat="42.88702000000001" lon="0.20534000000000002">
    <ele>2118.1</ele>
   </trkpt>
   <trkpt lat="42.887190000000004" lon="0.20531000000000002">
    <ele>2119.2900000000004</ele>
   </trkpt>
   <trkpt lat="42.887240000000006" lon="0.20532000000000003">
    <ele>2119.2900000000004</ele>
   </trkpt>
   <trkpt lat="42.88734" lon="0.20529000000000003">
    <ele>2120.4900000000002</ele>
   </trkpt>
   <trkpt lat="42.88738" lon="0.2053">
    <ele>2120.93</ele>
   </trkpt>
   <trkpt lat="42.88743" lon="0.20528000000000002">
    <ele>2121.44</ele>
   </trkpt>
   <trkpt lat="42.8875" lon="0.20517000000000002">
    <ele>2122.83</ele>
   </trkpt>
   <trkpt lat="42.88761" lon="0.20516">
    <ele>2125.83</ele>
   </trkpt>
   <trkpt lat="42.88765" lon="0.20518000000000003">
    <ele>2126.78</ele>
   </trkpt>
   <trkpt lat="42.887710000000006" lon="0.20511000000000001">
    <ele>2127.61</ele>
   </trkpt>
   <trkpt lat="42.88776" lon="0.20515000000000003">
    <ele>2128.9</ele>
   </trkpt>
   <trkpt lat="42.88792" lon="0.20519">
    <ele>2129.4</ele>
   </trkpt>
   <trkpt lat="42.88805000000001" lon="0.20513">
    <ele>2128.06</ele>
   </trkpt>
   <trkpt lat="42.88826" lon="0.20514000000000002">
    <ele>2125.3100000000004</ele>
   </trkpt>
   <trkpt lat="42.88833" lon="0.20508">
    <ele>2125.32</ele>
   </trkpt>
   <trkpt lat="42.888360000000006" lon="0.20508">
    <ele>2125.5</ele>
   </trkpt>
   <trkpt lat="42.888400000000004" lon="0.20513">
    <ele>2125.5</ele>
   </trkpt>
   <trkpt lat="42.88844" lon="0.20512000000000002">
    <ele>2125.4600000000005</ele>
   </trkpt>
   <trkpt lat="42.888470000000005" lon="0.20509000000000002">
    <ele>2125.4600000000005</ele>
   </trkpt>
   <trkpt lat="42.888560000000005" lon="0.20509000000000002">
    <ele>2125.6000000000004</ele>
   </trkpt>
   <trkpt lat="42.88866" lon="0.20514000000000002">
    <ele>2126.53</ele>
   </trkpt>
   <trkpt lat="42.888760000000005" lon="0.20513">
    <ele>2126.7599999999998</ele>
   </trkpt>
   <trkpt lat="42.88893" lon="0.2048">
    <ele>2126.73</ele>
   </trkpt>
   <trkpt lat="42.88893" lon="0.20469">
    <ele>2126.4500000000003</ele>
   </trkpt>
   <trkpt lat="42.88897" lon="0.20463">
    <ele>2125.78</ele>
   </trkpt>
   <trkpt lat="42.889" lon="0.20454000000000003">
    <ele>2125.3100000000004</ele>
   </trkpt>
   <trkpt lat="42.88899000000001" lon="0.20433">
    <ele>2123.2200000000003</ele>
   </trkpt>
   <trkpt lat="42.889010000000006" lon="0.20426000000000002">
    <ele>2121.56</ele>
   </trkpt>
   <trkpt lat="42.88911" lon="0.20417000000000002">
    <ele>2119.88</ele>
   </trkpt>
   <trkpt lat="42.889210000000006" lon="0.20395000000000002">
    <ele>2119.82</ele>
   </trkpt>
   <trkpt lat="42.88931" lon="0.20378000000000002">
    <ele>2119.4700000000003</ele>
   </trkpt>
   <trkpt lat="42.88933" lon="0.20377">
    <ele>2119.4700000000003</ele>
   </trkpt>
   <trkpt lat="42.88933" lon="0.20384000000000002">
    <ele>2119.2000000000003</ele>
   </trkpt>
   <trkpt lat="42.88936" lon="0.20386">
    <ele>2118.85</ele>
   </trkpt>
   <trkpt lat="42.889450000000004" lon="0.20371000000000003">
    <ele>2117.96</ele>
   </trkpt>
   <trkpt lat="42.88951" lon="0.20366">
    <ele>2118.1800000000003</ele>
   </trkpt>
   <trkpt lat="42.88964" lon="0.20348000000000002">
    <ele>2121.01</ele>
   </trkpt>
   <trkpt lat="42.88967" lon="0.20334000000000002">
    <ele>2124.51</ele>
   </trkpt>
   <trkpt lat="42.88971" lon="0.20329000000000003">
    <ele>2124.51</ele>
   </trkpt>
   <trkpt lat="42.88973" lon="0.20322">
    <ele>2127.82</ele>
   </trkpt>
   <trkpt lat="42.889770000000006" lon="0.20318000000000003">
    <ele>2127.82</ele>
   </trkpt>
   <trkpt lat="42.889810000000004" lon="0.20306000000000002">
    <ele>2129.8700000000003</ele>
   </trkpt>
   <trkpt lat="42.890040000000006" lon="0.20268000000000003">
    <ele>2139.42</ele>
   </trkpt>
   <trkpt lat="42.890170000000005" lon="0.20258">
    <ele>2141.41</ele>
   </trkpt>
   <trkpt lat="42.89034" lon="0.20238">
    <ele>2143.6800000000003</ele>
   </trkpt>
   <trkpt lat="42.890390000000004" lon="0.20235000000000003">
    <ele>2144.6200000000003</ele>
   </trkpt>
   <trkpt lat="42.890390000000004" lon="0.20218000000000003">
    <ele>2145.9900000000002</ele>
   </trkpt>
   <trkpt lat="42.89052" lon="0.20207000000000003">
    <ele>2151.0299999999997</ele>
   </trkpt>
   <trkpt lat="42.89059" lon="0.20205">
    <ele>2151.0299999999997</ele>
   </trkpt>
   <trkpt lat="42.89063" lon="0.20191">
    <ele>2153.7300000000005</ele>
   </trkpt>
   <trkpt lat="42.890660000000004" lon="0.20190000000000002">
    <ele>2153.7300000000005</ele>
   </trkpt>
   <trkpt lat="42.890690000000006" lon="0.20181000000000002">
    <ele>2155.24</ele>
   </trkpt>
   <trkpt lat="42.890730000000005" lon="0.20160000000000003">
    <ele>2157.05</ele>
   </trkpt>
   <trkpt lat="42.89076" lon="0.20158">
    <ele>2157.05</ele>
   </trkpt>
   <trkpt lat="42.89083" lon="0.20164">
    <ele>2156.94</ele>
   </trkpt>
   <trkpt lat="42.89085" lon="0.20163">
    <ele>2156.53</ele>
   </trkpt>
   <trkpt lat="42.89088" lon="0.20155">
    <ele>2155.9500000000003</ele>
   </trkpt>
   <trkpt lat="42.89094" lon="0.20148000000000002">
    <ele>2154.85</ele>
   </trkpt>
   <trkpt lat="42.891020000000005" lon="0.20131000000000002">
    <ele>2155.0200000000004</ele>
   </trkpt>
   <trkpt lat="42.89114" lon="0.20123000000000002">
    <ele>2157.67</ele>
   </trkpt>
   <trkpt lat="42.89115" lon="0.20108">
    <ele>2158.64</ele>
   </trkpt>
   <trkpt lat="42.89123" lon="0.20106000000000002">
    <ele>2158.86</ele>
   </trkpt>
   <trkpt lat="42.89128" lon="0.20101000000000002">
    <ele>2158.7400000000002</ele>
   </trkpt>
   <trkpt lat="42.891310000000004" lon="0.20101000000000002">
    <ele>2158.4500000000003</ele>
   </trkpt>
   <trkpt lat="42.891380000000005" lon="0.20085000000000003">
    <ele>2156.57</ele>
   </trkpt>
   <trkpt lat="42.891470000000005" lon="0.20081000000000002">
    <ele>2154.4500000000003</ele>
   </trkpt>
   <trkpt lat="42.89161" lon="0.20089">
    <ele>2151.9000000000005</ele>
   </trkpt>
   <trkpt lat="42.89164" lon="0.20093000000000003">
    <ele>2151.9000000000005</ele>
   </trkpt>
   <trkpt lat="42.891670000000005" lon="0.20090000000000002">
    <ele>2145.1900000000005</ele>
   </trkpt>
   <trkpt lat="42.891760000000005" lon="0.20097">
    <ele>2145.1900000000005</ele>
   </trkpt>
   <trkpt lat="42.891830000000006" lon="0.20098000000000002">
    <ele>2142.2000000000003</ele>
   </trkpt>
   <trkpt lat="42.892" lon="0.20097">
    <ele>2137.4300000000003</ele>
   </trkpt>
   <trkpt lat="42.892230000000005" lon="0.20082000000000003">
    <ele>2129.2400000000002</ele>
   </trkpt>
   <trkpt lat="42.89231" lon="0.20085000000000003">
    <ele>2127.7400000000002</ele>
   </trkpt>
   <trkpt lat="42.892430000000004" lon="0.20082000000000003">
    <ele>2127.17</ele>
   </trkpt>
   <trkpt lat="42.89253" lon="0.20087000000000002">
    <ele>2127.4900000000002</ele>
   </trkpt>
   <trkpt lat="42.89258" lon="0.20073000000000002">
    <ele>2128.15</ele>
   </trkpt>
   <trkpt lat="42.89267" lon="0.20071000000000003">
    <ele>2128.39</ele>
   </trkpt>
   <trkpt lat="42.89275000000001" lon="0.20045000000000002">
    <ele>2128.2000000000003</ele>
   </trkpt>
   <trkpt lat="42.89275000000001" lon="0.20027">
    <ele>2128.2200000000003</ele>
   </trkpt>
   <trkpt lat="42.892770000000006" lon="0.20024000000000003">
    <ele>2128.2000000000003</ele>
   </trkpt>
   <trkpt lat="42.89284000000001" lon="0.20021000000000003">
    <ele>2127.67</ele>
   </trkpt>
   <trkpt lat="42.89284000000001" lon="0.20013000000000003">
    <ele>2127.07</ele>
   </trkpt>
   <trkpt lat="42.8928" lon="0.20010000000000003">
    <ele>2126.25</ele>
   </trkpt>
   <trkpt lat="42.892810000000004" lon="0.20004000000000002">
    <ele>2125.3100000000004</ele>
   </trkpt>
   <trkpt lat="42.892830000000004" lon="0.2">
    <ele>2125.3100000000004</ele>
   </trkpt>
   <trkpt lat="42.892880000000005" lon="0.19998000000000002">
    <ele>2123.26</ele>
   </trkpt>
   <trkpt lat="42.89298" lon="0.19999000000000003">
    <ele>2121.0</ele>
   </trkpt>
   <trkpt lat="42.893010000000004" lon="0.19987000000000002">
    <ele>2118.3300000000004</ele>
   </trkpt>
   <trkpt lat="42.892900000000004" lon="0.19960000000000003">
    <ele>2108.7700000000004</ele>
   </trkpt>
   <trkpt lat="42.892790000000005" lon="0.19949000000000003">
    <ele>2105.9</ele>
   </trkpt>
   <trkpt lat="42.89273" lon="0.19948000000000002">
    <ele>2103.61</ele>
   </trkpt>
   <trkpt lat="42.89273" lon="0.19942000000000001">
    <ele>2102.65</ele>
   </trkpt>
   <trkpt lat="42.892810000000004" lon="0.19932000000000002">
    <ele>2101.11</ele>
   </trkpt>
   <trkpt lat="42.892810000000004" lon="0.19923000000000002">
    <ele>2100.01</ele>
   </trkpt>
   <trkpt lat="42.89284000000001" lon="0.19916">
    <ele>2100.01</ele>
   </trkpt>
   <trkpt lat="42.892720000000004" lon="0.19892">
    <ele>2096.2599999999998</ele>
   </trkpt>
   <trkpt lat="42.892610000000005" lon="0.19879000000000002">
    <ele>2092.73</ele>
   </trkpt>
   <trkpt lat="42.89256" lon="0.19870000000000002">
    <ele>2090.64</ele>
   </trkpt>
   <trkpt lat="42.892520000000005" lon="0.19867">
    <ele>2089.8</ele>
   </trkpt>
   <trkpt lat="42.89246000000001" lon="0.19852000000000003">
    <ele>2088.2200000000003</ele>
   </trkpt>
   <trkpt lat="42.892390000000006" lon="0.19846000000000003">
    <ele>2087.9700000000003</ele>
   </trkpt>
   <trkpt lat="42.89233" lon="0.19838000000000003">
    <ele>2087.63</ele>
   </trkpt>
   <trkpt lat="42.892320000000005" lon="0.19833">
    <ele>2087.4</ele>
   </trkpt>
   <trkpt lat="42.892390000000006" lon="0.19824000000000003">
    <ele>2086.53</ele>
   </trkpt>
   <trkpt lat="42.892480000000006" lon="0.19799000000000003">
    <ele>2084.0499999999997</ele>
   </trkpt>
   <trkpt lat="42.89255000000001" lon="0.19789">
    <ele>2082.61</ele>
   </trkpt>
   <trkpt lat="42.892630000000004" lon="0.19783">
    <ele>2081.29</ele>
   </trkpt>
   <trkpt lat="42.89267" lon="0.19783">
    <ele>2080.59</ele>
   </trkpt>
   <trkpt lat="42.892720000000004" lon="0.19779000000000002">
    <ele>2080.0499999999997</ele>
   </trkpt>
   <trkpt lat="42.892790000000005" lon="0.19756">
    <ele>2078.73</ele>
   </trkpt>
   <trkpt lat="42.89293000000001" lon="0.19740000000000002">
    <ele>2077.27</ele>
   </trkpt>
   <trkpt lat="42.89302000000001" lon="0.19735000000000003">
    <ele>2076.6400000000003</ele>
   </trkpt>
   <trkpt lat="42.893260000000005" lon="0.1975">
    <ele>2075.66</ele>
   </trkpt>
   <trkpt lat="42.89327" lon="0.19737000000000002">
    <ele>2074.6600000000003</ele>
   </trkpt>
   <trkpt lat="42.89356" lon="0.19738000000000003">
    <ele>2067.4400000000005</ele>
   </trkpt>
   <trkpt lat="42.893660000000004" lon="0.19728">
    <ele>2063.28</ele>
   </trkpt>
   <trkpt lat="42.893860000000004" lon="0.19724000000000003">
    <ele>2058.9500000000003</ele>
   </trkpt>
   <trkpt lat="42.893980000000006" lon="0.19719">
    <ele>2057.37</ele>
   </trkpt>
   <trkpt lat="42.89403" lon="0.19710000000000003">
    <ele>2057.05</ele>
   </trkpt>
   <trkpt lat="42.89405" lon="0.19710000000000003">
    <ele>2057.05</ele>
   </trkpt>
   <trkpt lat="42.894130000000004" lon="0.19716000000000003">
    <ele>2057.0099999999998</ele>
   </trkpt>
   <trkpt lat="42.894180000000006" lon="0.19725">
    <ele>2056.69</ele>
   </trkpt>
   <trkpt lat="42.8943" lon="0.19729000000000002">
    <ele>2055.63</ele>
   </trkpt>
   <trkpt lat="42.894470000000005" lon="0.19758">
    <ele>2051.48</ele>
   </trkpt>
   <trkpt lat="42.894510000000004" lon="0.19769">
    <ele>2049.2700000000004</ele>
   </trkpt>
   <trkpt lat="42.89463000000001" lon="0.19775">
    <ele>2048.14</ele>
   </trkpt>
   <trkpt lat="42.894780000000004" lon="0.19788000000000003">
    <ele>2046.38</ele>
   </trkpt>
   <trkpt lat="42.894830000000006" lon="0.19806">
    <ele>2043.7100000000003</ele>
   </trkpt>
   <trkpt lat="42.894940000000005" lon="0.19818000000000002">
    <ele>2042.5400000000002</ele>
   </trkpt>
   <trkpt lat="42.89497" lon="0.19820000000000002">
    <ele>2042.1599999999999</ele>
   </trkpt>
   <trkpt lat="42.89515" lon="0.19822">
    <ele>2041.8899999999999</ele>
   </trkpt>
   <trkpt lat="42.89528000000001" lon="0.19834000000000002">
    <ele>2042.4</ele>
   </trkpt>
   <trkpt lat="42.895360000000004" lon="0.19837000000000002">
    <ele>2042.4</ele>
   </trkpt>
   <trkpt lat="42.89558" lon="0.19851000000000002">
    <ele>2042.02</ele>
   </trkpt>
   <trkpt lat="42.895610000000005" lon="0.19851000000000002">
    <ele>2041.7800000000002</ele>
   </trkpt>
   <trkpt lat="42.89564" lon="0.19855">
    <ele>2041.7800000000002</ele>
   </trkpt>
   <trkpt lat="42.89578" lon="0.19856000000000001">
    <ele>2041.03</ele>
   </trkpt>
   <trkpt lat="42.895880000000005" lon="0.19859000000000002">
    <ele>2040.9900000000002</ele>
   </trkpt>
   <trkpt lat="42.895990000000005" lon="0.19870000000000002">
    <ele>2041.5400000000004</ele>
   </trkpt>
   <trkpt lat="42.89607" lon="0.19881000000000001">
    <ele>2041.6100000000004</ele>
   </trkpt>
   <trkpt lat="42.896100000000004" lon="0.19881000000000001">
    <ele>2041.6100000000004</ele>
   </trkpt>
   <trkpt lat="42.89622000000001" lon="0.19904000000000002">
    <ele>2041.8800000000003</ele>
   </trkpt>
   <trkpt lat="42.89627" lon="0.19923000000000002">
    <ele>2041.2500000000002</ele>
   </trkpt>
   <trkpt lat="42.89641" lon="0.19945000000000002">
    <ele>2041.09</ele>
   </trkpt>
   <trkpt lat="42.896440000000005" lon="0.19954000000000002">
    <ele>2041.43</ele>
   </trkpt>
   <trkpt lat="42.896420000000006" lon="0.19965000000000002">
    <ele>2041.5100000000002</ele>
   </trkpt>
   <trkpt lat="42.89643" lon="0.19971000000000003">
    <ele>2041.5100000000002</ele>
   </trkpt>
   <trkpt lat="42.89654" lon="0.19991">
    <ele>2041.6600000000003</ele>
   </trkpt>
   <trkpt lat="42.89658" lon="0.19993000000000002">
    <ele>2041.7400000000002</ele>
   </trkpt>
   <trkpt lat="42.896530000000006" lon="0.20005">
    <ele>2041.9500000000003</ele>
   </trkpt>
   <trkpt lat="42.896530000000006" lon="0.20009000000000002">
    <ele>2041.9900000000002</ele>
   </trkpt>
   <trkpt lat="42.896570000000004" lon="0.20019">
    <ele>2041.7800000000002</ele>
   </trkpt>
   <trkpt lat="42.89659" lon="0.20032000000000003">
    <ele>2041.43</ele>
   </trkpt>
   <trkpt lat="42.896620000000006" lon="0.20035000000000003">
    <ele>2041.3100000000002</ele>
   </trkpt>
   <trkpt lat="42.89663" lon="0.20042000000000001">
    <ele>2041.3100000000002</ele>
   </trkpt>
   <trkpt lat="42.89668" lon="0.20043000000000002">
    <ele>2041.16</ele>
   </trkpt>
   <trkpt lat="42.896730000000005" lon="0.20040000000000002">
    <ele>2041.0000000000002</ele>
   </trkpt>
   <trkpt lat="42.89678000000001" lon="0.20032000000000003">
    <ele>2040.1200000000003</ele>
   </trkpt>
   <trkpt lat="42.89708" lon="0.20019">
    <ele>2033.01</ele>
   </trkpt>
   <trkpt lat="42.897200000000005" lon="0.20016">
    <ele>2030.6300000000003</ele>
   </trkpt>
   <trkpt lat="42.89734000000001" lon="0.20005">
    <ele>2029.2500000000002</ele>
   </trkpt>
   <trkpt lat="42.897380000000005" lon="0.20008">
    <ele>2029.2500000000002</ele>
   </trkpt>
   <trkpt lat="42.897510000000004" lon="0.20013000000000003">
    <ele>2028.0200000000002</ele>
   </trkpt>
   <trkpt lat="42.897510000000004" lon="0.20017000000000001">
    <ele>2027.5100000000002</ele>
   </trkpt>
   <trkpt lat="42.89759" lon="0.20024000000000003">
    <ele>2026.4299999999998</ele>
   </trkpt>
   <trkpt lat="42.89790000000001" lon="0.20043000000000002">
    <ele>2023.7800000000004</ele>
   </trkpt>
   <trkpt lat="42.89811" lon="0.2005">
    <ele>2017.65</ele>
   </trkpt>
   <trkpt lat="42.898270000000004" lon="0.20053">
    <ele>2013.78</ele>
   </trkpt>
   <trkpt lat="42.89835" lon="0.20058">
    <ele>2010.3</ele>
   </trkpt>
   <trkpt lat="42.89846" lon="0.20062000000000002">
    <ele>2008.3000000000002</ele>
   </trkpt>
   <trkpt lat="42.89858" lon="0.20063">
    <ele>2005.5800000000002</ele>
   </trkpt>
   <trkpt lat="42.89871" lon="0.20047">
    <ele>2002.52</ele>
   </trkpt>
   <trkpt lat="42.898830000000004" lon="0.20040000000000002">
    <ele>1998.7700000000002</ele>
   </trkpt>
   <trkpt lat="42.89884000000001" lon="0.20053">
    <ele>1996.43</ele>
   </trkpt>
   <trkpt lat="42.89866000000001" lon="0.20115000000000002">
    <ele>1992.6000000000001</ele>
   </trkpt>
   <trkpt lat="42.89858" lon="0.2013">
    <ele>1988.3100000000002</ele>
   </trkpt>
   <trkpt lat="42.89856" lon="0.20140000000000002">
    <ele>1986.9500000000003</ele>
   </trkpt>
   <trkpt lat="42.89855" lon="0.2015">
    <ele>1986.9500000000003</ele>
   </trkpt>
   <trkpt lat="42.89858" lon="0.20161">
    <ele>1977.4900000000002</ele>
   </trkpt>
   <trkpt lat="42.898590000000006" lon="0.20177">
    <ele>1977.4900000000002</ele>
   </trkpt>
   <trkpt lat="42.89873" lon="0.20197">
    <ele>1972.3500000000001</ele>
   </trkpt>
   <trkpt lat="42.898830000000004" lon="0.20207000000000003">
    <ele>1968.88</ele>
   </trkpt>
   <trkpt lat="42.89893" lon="0.20228000000000002">
    <ele>1965.21</ele>
   </trkpt>
   <trkpt lat="42.898970000000006" lon="0.20233">
    <ele>1965.21</ele>
   </trkpt>
   <trkpt lat="42.89903" lon="0.20234000000000002">
    <ele>1964.6000000000001</ele>
   </trkpt>
   <trkpt lat="42.899150000000006" lon="0.20253000000000002">
    <ele>1962.5800000000002</ele>
   </trkpt>
   <trkpt lat="42.899260000000005" lon="0.20263">
    <ele>1961.8000000000002</ele>
   </trkpt>
   <trkpt lat="42.899370000000005" lon="0.20268000000000003">
    <ele>1961.04</ele>
   </trkpt>
   <trkpt lat="42.89945" lon="0.20285000000000003">
    <ele>1960.47</ele>
   </trkpt>
   <trkpt lat="42.899460000000005" lon="0.20303000000000002">
    <ele>1959.0200000000002</ele>
   </trkpt>
   <trkpt lat="42.89951000000001" lon="0.20318000000000003">
    <ele>1958.38</ele>
   </trkpt>
   <trkpt lat="42.89952" lon="0.20332000000000003">
    <ele>1957.88</ele>
   </trkpt>
   <trkpt lat="42.899660000000004" lon="0.20372">
    <ele>1953.5500000000002</ele>
   </trkpt>
   <trkpt lat="42.89967" lon="0.20379000000000003">
    <ele>1953.5500000000002</ele>
   </trkpt>
   <trkpt lat="42.89974" lon="0.20398000000000002">
    <ele>1951.9</ele>
   </trkpt>
   <trkpt lat="42.899820000000005" lon="0.20408">
    <ele>1945.8200000000002</ele>
   </trkpt>
   <trkpt lat="42.89997" lon="0.20433">
    <ele>1945.8200000000002</ele>
   </trkpt>
   <trkpt lat="42.900150000000004" lon="0.20432000000000003">
    <ele>1939.25</ele>
   </trkpt>
   <trkpt lat="42.900240000000004" lon="0.20436">
    <ele>1937.28</ele>
   </trkpt>
   <trkpt lat="42.900510000000004" lon="0.20469">
    <ele>1928.23</ele>
   </trkpt>
   <trkpt lat="42.90057" lon="0.20483">
    <ele>1923.8300000000002</ele>
   </trkpt>
   <trkpt lat="42.90062" lon="0.20485">
    <ele>1922.4200000000003</ele>
   </trkpt>
   <trkpt lat="42.90068" lon="0.20493000000000003">
    <ele>1919.99</ele>
   </trkpt>
   <trkpt lat="42.900780000000005" lon="0.20516">
    <ele>1917.96</ele>
   </trkpt>
   <trkpt lat="42.90095" lon="0.20548000000000002">
    <ele>1910.0100000000002</ele>
   </trkpt>
   <trkpt lat="42.901300000000006" lon="0.20641">
    <ele>1885.0600000000002</ele>
   </trkpt>
   <trkpt lat="42.90133" lon="0.20653000000000002">
    <ele>1882.5900000000001</ele>
   </trkpt>
   <trkpt lat="42.90142" lon="0.20667000000000002">
    <ele>1877.8400000000001</ele>
   </trkpt>
   <trkpt lat="42.901500000000006" lon="0.20692000000000002">
    <ele>1874.21</ele>
   </trkpt>
   <trkpt lat="42.901630000000004" lon="0.20724">
    <ele>1868.4300000000003</ele>
   </trkpt>
   <trkpt lat="42.90178" lon="0.20741">
    <ele>1864.0400000000002</ele>
   </trkpt>
   <trkpt lat="42.90182" lon="0.20741">
    <ele>1864.0400000000002</ele>
   </trkpt>
   <trkpt lat="42.901810000000005" lon="0.20750000000000002">
    <ele>1857.64</ele>
   </trkpt>
   <trkpt lat="42.90175000000001" lon="0.20755">
    <ele>1857.64</ele>
   </trkpt>
   <trkpt lat="42.901680000000006" lon="0.20757">
    <ele>1856.5300000000002</ele>
   </trkpt>
   <trkpt lat="42.90167" lon="0.20764000000000002">
    <ele>1855.3400000000001</ele>
   </trkpt>
   <trkpt lat="42.90171" lon="0.20791">
    <ele>1851.26</ele>
   </trkpt>
   <trkpt lat="42.90182" lon="0.20792000000000002">
    <ele>1845.1200000000001</ele>
   </trkpt>
   <trkpt lat="42.90193" lon="0.20799">
    <ele>1839.94</ele>
   </trkpt>
   <trkpt lat="42.90202" lon="0.20799">
    <ele>1839.94</ele>
   </trkpt>
   <trkpt lat="42.902080000000005" lon="0.20804000000000003">
    <ele>1834.64</ele>
   </trkpt>
   <trkpt lat="42.90213000000001" lon="0.20811000000000002">
    <ele>1834.64</ele>
   </trkpt>
   <trkpt lat="42.90216" lon="0.20821">
    <ele>1829.1100000000001</ele>
   </trkpt>
   <trkpt lat="42.90216" lon="0.20839000000000002">
    <ele>1825.0900000000001</ele>
   </trkpt>
   <trkpt lat="42.90223" lon="0.20841">
    <ele>1825.0900000000001</ele>
   </trkpt>
   <trkpt lat="42.90227" lon="0.20840000000000003">
    <ele>1817.97</ele>
   </trkpt>
   <trkpt lat="42.90229" lon="0.20842000000000002">
    <ele>1817.97</ele>
   </trkpt>
   <trkpt lat="42.902420000000006" lon="0.20842000000000002">
    <ele>1817.97</ele>
   </trkpt>
   <trkpt lat="42.9025" lon="0.20837000000000003">
    <ele>1813.5500000000002</ele>
   </trkpt>
   <trkpt lat="42.90251000000001" lon="0.20831000000000002">
    <ele>1813.5500000000002</ele>
   </trkpt>
   <trkpt lat="42.902530000000006" lon="0.2083">
    <ele>1808.8700000000001</ele>
   </trkpt>
   <trkpt lat="42.90263" lon="0.20836000000000002">
    <ele>1805.5</ele>
   </trkpt>
   <trkpt lat="42.902710000000006" lon="0.20837000000000003">
    <ele>1801.98</ele>
   </trkpt>
   <trkpt lat="42.90276" lon="0.20844000000000001">
    <ele>1800.31</ele>
   </trkpt>
   <trkpt lat="42.902750000000005" lon="0.20849">
    <ele>1798.78</ele>
   </trkpt>
   <trkpt lat="42.902840000000005" lon="0.20850000000000002">
    <ele>1796.28</ele>
   </trkpt>
   <trkpt lat="42.90285" lon="0.20858000000000002">
    <ele>1795.22</ele>
   </trkpt>
   <trkpt lat="42.9029" lon="0.20857">
    <ele>1793.6900000000003</ele>
   </trkpt>
   <trkpt lat="42.902950000000004" lon="0.2086">
    <ele>1790.19</ele>
   </trkpt>
   <trkpt lat="42.90303" lon="0.2086">
    <ele>1790.19</ele>
   </trkpt>
   <trkpt lat="42.903220000000005" lon="0.20878000000000002">
    <ele>1776.94</ele>
   </trkpt>
   <trkpt lat="42.90328" lon="0.2088">
    <ele>1775.3400000000001</ele>
   </trkpt>
   <trkpt lat="42.90354000000001" lon="0.20897000000000002">
    <ele>1768.97</ele>
   </trkpt>
   <trkpt lat="42.903710000000004" lon="0.20912000000000003">
    <ele>1768.8100000000002</ele>
   </trkpt>
   <trkpt lat="42.90381" lon="0.20914000000000002">
    <ele>1767.98</ele>
   </trkpt>
   <trkpt lat="42.90392000000001" lon="0.20928000000000002">
    <ele>1766.04</ele>
   </trkpt>
   <trkpt lat="42.90410000000001" lon="0.20940000000000003">
    <ele>1760.2900000000002</ele>
   </trkpt>
   <trkpt lat="42.90439000000001" lon="0.20951000000000003">
    <ele>1751.39</ele>
   </trkpt>
   <trkpt lat="42.90447" lon="0.20963">
    <ele>1746.5400000000002</ele>
   </trkpt>
   <trkpt lat="42.90448000000001" lon="0.20968">
    <ele>1746.5400000000002</ele>
   </trkpt>
   <trkpt lat="42.904520000000005" lon="0.20971">
    <ele>1734.08</ele>
   </trkpt>
   <trkpt lat="42.904560000000004" lon="0.20967000000000002">
    <ele>1732.7700000000002</ele>
   </trkpt>
   <trkpt lat="42.90455" lon="0.20955000000000001">
    <ele>1730.2700000000002</ele>
   </trkpt>
   <trkpt lat="42.904630000000004" lon="0.20946">
    <ele>1727.4900000000002</ele>
   </trkpt>
   <trkpt lat="42.904720000000005" lon="0.20947000000000002">
    <ele>1724.3600000000001</ele>
   </trkpt>
   <trkpt lat="42.904740000000004" lon="0.20956000000000002">
    <ele>1720.76</ele>
   </trkpt>
   <trkpt lat="42.904830000000004" lon="0.2096">
    <ele>1714.97</ele>
   </trkpt>
   <trkpt lat="42.90493" lon="0.20953000000000002">
    <ele>1713.1600000000003</ele>
   </trkpt>
   <trkpt lat="42.90496" lon="0.20947000000000002">
    <ele>1709.92</ele>
   </trkpt>
   <trkpt lat="42.905030000000004" lon="0.20940000000000003">
    <ele>1709.92</ele>
   </trkpt>
   <trkpt lat="42.90505" lon="0.20940000000000003">
    <ele>1705.47</ele>
   </trkpt>
   <trkpt lat="42.90504000000001" lon="0.2093">
    <ele>1703.88</ele>
   </trkpt>
   <trkpt lat="42.905080000000005" lon="0.2093">
    <ele>1703.88</ele>
   </trkpt>
   <trkpt lat="42.90516" lon="0.20919000000000001">
    <ele>1697.0500000000002</ele>
   </trkpt>
   <trkpt lat="42.90532" lon="0.20916">
    <ele>1693.69</ele>
   </trkpt>
   <trkpt lat="42.90545" lon="0.20911000000000002">
    <ele>1688.42</ele>
   </trkpt>
   <trkpt lat="42.90558" lon="0.20911000000000002">
    <ele>1682.0400000000002</ele>
   </trkpt>
   <trkpt lat="42.90563" lon="0.20913">
    <ele>1682.0400000000002</ele>
   </trkpt>
   <trkpt lat="42.905710000000006" lon="0.20902">
    <ele>1678.2500000000002</ele>
   </trkpt>
   <trkpt lat="42.90589000000001" lon="0.20886000000000002">
    <ele>1676.32</ele>
   </trkpt>
   <trkpt lat="42.90625" lon="0.20862000000000003">
    <ele>1681.66</ele>
   </trkpt>
   <trkpt lat="42.906510000000004" lon="0.20854000000000003">
    <ele>1682.64</ele>
   </trkpt>
   <trkpt lat="42.906780000000005" lon="0.20836000000000002">
    <ele>1681.67</ele>
   </trkpt>
   <trkpt lat="42.90693" lon="0.20828000000000002">
    <ele>1680.74</ele>
   </trkpt>
   <trkpt lat="42.907050000000005" lon="0.20816">
    <ele>1679.9700000000003</ele>
   </trkpt>
   <trkpt lat="42.907140000000005" lon="0.20811000000000002">
    <ele>1680.14</ele>
   </trkpt>
   <trkpt lat="42.907180000000004" lon="0.20805">
    <ele>1680.49</ele>
   </trkpt>
   <trkpt lat="42.907250000000005" lon="0.20803000000000002">
    <ele>1680.49</ele>
   </trkpt>
   <trkpt lat="42.90728" lon="0.20800000000000002">
    <ele>1680.94</ele>
   </trkpt>
   <trkpt lat="42.90744" lon="0.20801000000000003">
    <ele>1681.5000000000002</ele>
   </trkpt>
   <trkpt lat="42.90755" lon="0.20795000000000002">
    <ele>1683.16</ele>
   </trkpt>
   <trkpt lat="42.90769" lon="0.20796">
    <ele>1685.71</ele>
   </trkpt>
   <trkpt lat="42.9078" lon="0.20790000000000003">
    <ele>1687.88</ele>
   </trkpt>
   <trkpt lat="42.90796" lon="0.20772000000000002">
    <ele>1694.15</ele>
   </trkpt>
   <trkpt lat="42.908150000000006" lon="0.20759000000000002">
    <ele>1704.26</ele>
   </trkpt>
   <trkpt lat="42.90822" lon="0.20747000000000002">
    <ele>1705.9</ele>
   </trkpt>
   <trkpt lat="42.908260000000006" lon="0.20743">
    <ele>1708.8700000000001</ele>
   </trkpt>
   <trkpt lat="42.908440000000006" lon="0.20744">
    <ele>1713.8700000000001</ele>
   </trkpt>
   <trkpt lat="42.90849" lon="0.20742000000000002">
    <ele>1714.94</ele>
   </trkpt>
   <trkpt lat="42.908550000000005" lon="0.20744">
    <ele>1716.9800000000002</ele>
   </trkpt>
   <trkpt lat="42.908640000000005" lon="0.20743">
    <ele>1718.05</ele>
   </trkpt>
   <trkpt lat="42.90872" lon="0.20745000000000002">
    <ele>1720.44</ele>
   </trkpt>
   <trkpt lat="42.908820000000006" lon="0.20751000000000003">
    <ele>1724.3000000000002</ele>
   </trkpt>
   <trkpt lat="42.9089" lon="0.20753000000000002">
    <ele>1726.96</ele>
   </trkpt>
   <trkpt lat="42.90901" lon="0.20747000000000002">
    <ele>1729.81</ele>
   </trkpt>
   <trkpt lat="42.909310000000005" lon="0.20738">
    <ele>1739.6</ele>
   </trkpt>
   <trkpt lat="42.909400000000005" lon="0.20729000000000003">
    <ele>1747.15</ele>
   </trkpt>
   <trkpt lat="42.90945000000001" lon="0.20718000000000003">
    <ele>1749.17</ele>
   </trkpt>
   <trkpt lat="42.909510000000004" lon="0.20693000000000003">
    <ele>1755.94</ele>
   </trkpt>
   <trkpt lat="42.90952" lon="0.20640000000000003">
    <ele>1780.2300000000002</ele>
   </trkpt>
   <trkpt lat="42.90945000000001" lon="0.20616">
    <ele>1789.43</ele>
   </trkpt>
   <trkpt lat="42.90943" lon="0.20589000000000002">
    <ele>1797.3100000000002</ele>
   </trkpt>
   <trkpt lat="42.9095" lon="0.20495000000000002">
    <ele>1820.25</ele>
   </trkpt>
   <trkpt lat="42.909620000000004" lon="0.20425000000000001">
    <ele>1827.4</ele>
   </trkpt>
   <trkpt lat="42.909690000000005" lon="0.20398000000000002">
    <ele>1831.22</ele>
   </trkpt>
   <trkpt lat="42.909670000000006" lon="0.20368000000000003">
    <ele>1837.43</ele>
   </trkpt>
   <trkpt lat="42.909800000000004" lon="0.20327">
    <ele>1845.88</ele>
   </trkpt>
   <trkpt lat="42.90984" lon="0.20288">
    <ele>1848.8000000000002</ele>
   </trkpt>
   <trkpt lat="42.90991" lon="0.20258">
    <ele>1851.6100000000001</ele>
   </trkpt>
   <trkpt lat="42.90988" lon="0.20240000000000002">
    <ele>1855.8500000000001</ele>
   </trkpt>
   <trkpt lat="42.90988" lon="0.20212000000000002">
    <ele>1859.66</ele>
   </trkpt>
   <trkpt lat="42.90983000000001" lon="0.202">
    <ele>1861.6800000000003</ele>
   </trkpt>
   <trkpt lat="42.909850000000006" lon="0.20174">
    <ele>1867.17</ele>
   </trkpt>
   <trkpt lat="42.90981" lon="0.20141">
    <ele>1874.7600000000002</ele>
   </trkpt>
   <trkpt lat="42.90981" lon="0.20124000000000003">
    <ele>1874.7600000000002</ele>
   </trkpt>
   <trkpt lat="42.909850000000006" lon="0.20096000000000003">
    <ele>1893.3400000000001</ele>
   </trkpt>
   <trkpt lat="42.90982" lon="0.20072">
    <ele>1893.3400000000001</ele>
   </trkpt>
   <trkpt lat="42.90975" lon="0.2005">
    <ele>1905.0900000000001</ele>
   </trkpt>
   <trkpt lat="42.90973" lon="0.20020000000000002">
    <ele>1915.7700000000002</ele>
   </trkpt>
   <trkpt lat="42.90959" lon="0.19989">
    <ele>1922.46</ele>
   </trkpt>
   <trkpt lat="42.909470000000006" lon="0.19936">
    <ele>1927.14</ele>
   </trkpt>
   <trkpt lat="42.909380000000006" lon="0.19905">
    <ele>1929.99</ele>
   </trkpt>
   <trkpt lat="42.909240000000004" lon="0.19871000000000003">
    <ele>1933.7900000000002</ele>
   </trkpt>
   <trkpt lat="42.909240000000004" lon="0.19858">
    <ele>1933.7900000000002</ele>
   </trkpt>
   <trkpt lat="42.90905" lon="0.19825">
    <ele>1940.4500000000003</ele>
   </trkpt>
   <trkpt lat="42.909040000000005" lon="0.19812000000000002">
    <ele>1942.63</ele>
   </trkpt>
   <trkpt lat="42.908930000000005" lon="0.1978">
    <ele>1952.0300000000002</ele>
   </trkpt>
   <trkpt lat="42.90889000000001" lon="0.19726000000000002">
    <ele>1963.9</ele>
   </trkpt>
   <trkpt lat="42.90878" lon="0.197">
    <ele>1970.0300000000002</ele>
   </trkpt>
   <trkpt lat="42.90878" lon="0.19656">
    <ele>1984.3400000000001</ele>
   </trkpt>
   <trkpt lat="42.90888" lon="0.1962">
    <ele>1992.8300000000002</ele>
   </trkpt>
   <trkpt lat="42.90888" lon="0.19602000000000003">
    <ele>1997.95</ele>
   </trkpt>
   <trkpt lat="42.90885" lon="0.19588000000000003">
    <ele>2001.7900000000002</ele>
   </trkpt>
   <trkpt lat="42.90887" lon="0.19561">
    <ele>2011.89</ele>
   </trkpt>
   <trkpt lat="42.9089" lon="0.19551000000000002">
    <ele>2015.3899999999999</ele>
   </trkpt>
   <trkpt lat="42.909220000000005" lon="0.19518000000000002">
    <ele>2020.6200000000001</ele>
   </trkpt>
   <trkpt lat="42.909240000000004" lon="0.19513000000000003">
    <ele>2021.4000000000003</ele>
   </trkpt>
   <trkpt lat="42.90925" lon="0.19497">
    <ele>2024.5100000000002</ele>
   </trkpt>
   <trkpt lat="42.9093" lon="0.19485000000000002">
    <ele>2024.5100000000002</ele>
   </trkpt>
   <trkpt lat="42.90935" lon="0.19455000000000003">
    <ele>2032.33</ele>
   </trkpt>
   <trkpt lat="42.90927000000001" lon="0.19437000000000001">
    <ele>2038.0700000000002</ele>
   </trkpt>
   <trkpt lat="42.90921" lon="0.19429000000000002">
    <ele>2040.5100000000002</ele>
   </trkpt>
   <trkpt lat="42.90919" lon="0.19408">
    <ele>2043.26</ele>
   </trkpt>
   <trkpt lat="42.90914" lon="0.19398">
    <ele>2046.46</ele>
   </trkpt>
   <trkpt lat="42.909130000000005" lon="0.19373">
    <ele>2049.25</ele>
   </trkpt>
   <trkpt lat="42.90916" lon="0.19356">
    <ele>2052.9100000000003</ele>
   </trkpt>
   <trkpt lat="42.90926" lon="0.19325">
    <ele>2060.34</ele>
   </trkpt>
   <trkpt lat="42.90935" lon="0.19290000000000002">
    <ele>2065.15</ele>
   </trkpt>
   <trkpt lat="42.90959" lon="0.19251000000000001">
    <ele>2045.96</ele>
   </trkpt>
   <trkpt lat="42.90968" lon="0.19241000000000003">
    <ele>2039.1700000000003</ele>
   </trkpt>
   <trkpt lat="42.909800000000004" lon="0.19242">
    <ele>2034.8900000000003</ele>
   </trkpt>
   <trkpt lat="42.909850000000006" lon="0.19240000000000002">
    <ele>2034.8900000000003</ele>
   </trkpt>
   <trkpt lat="42.910070000000005" lon="0.1922">
    <ele>2018.57</ele>
   </trkpt>
   <trkpt lat="42.91015" lon="0.19219000000000003">
    <ele>2016.75</ele>
   </trkpt>
   <trkpt lat="42.9102" lon="0.19216000000000003">
    <ele>2015.05</ele>
   </trkpt>
   <trkpt lat="42.91024" lon="0.19209">
    <ele>2013.4600000000003</ele>
   </trkpt>
   <trkpt lat="42.91010000000001" lon="0.19192">
    <ele>2008.9800000000002</ele>
   </trkpt>
   <trkpt lat="42.910000000000004" lon="0.1917">
    <ele>2000.07</ele>
   </trkpt>
   <trkpt lat="42.90999" lon="0.19160000000000002">
    <ele>1996.02</ele>
   </trkpt>
   <trkpt lat="42.91001000000001" lon="0.19118000000000002">
    <ele>1982.9200000000003</ele>
   </trkpt>
   <trkpt lat="42.90999" lon="0.19106">
    <ele>1971.3200000000002</ele>
   </trkpt>
   <trkpt lat="42.90992000000001" lon="0.19096000000000002">
    <ele>1971.3200000000002</ele>
   </trkpt>
   <trkpt lat="42.90991" lon="0.19089">
    <ele>1969.2200000000003</ele>
   </trkpt>
   <trkpt lat="42.909960000000005" lon="0.19057000000000002">
    <ele>1959.27</ele>
   </trkpt>
   <trkpt lat="42.909940000000006" lon="0.19023">
    <ele>1942.67</ele>
   </trkpt>
   <trkpt lat="42.91001000000001" lon="0.18996000000000002">
    <ele>1934.5800000000002</ele>
   </trkpt>
   <trkpt lat="42.91001000000001" lon="0.18976">
    <ele>1930.56</ele>
   </trkpt>
   <trkpt lat="42.910070000000005" lon="0.18958000000000003">
    <ele>1928.2700000000002</ele>
   </trkpt>
   <trkpt lat="42.91008" lon="0.18945">
    <ele>1925.17</ele>
   </trkpt>
   <trkpt lat="42.910140000000006" lon="0.18929">
    <ele>1920.3700000000001</ele>
   </trkpt>
   <trkpt lat="42.91017" lon="0.18914">
    <ele>1917.5900000000001</ele>
   </trkpt>
   <trkpt lat="42.91024" lon="0.18908000000000003">
    <ele>1914.0700000000002</ele>
   </trkpt>
   <trkpt lat="42.910270000000004" lon="0.18902000000000002">
    <ele>1911.97</ele>
   </trkpt>
   <trkpt lat="42.91024" lon="0.18880000000000002">
    <ele>1903.04</ele>
   </trkpt>
   <trkpt lat="42.910250000000005" lon="0.18853">
    <ele>1896.4600000000003</ele>
   </trkpt>
   <trkpt lat="42.91031" lon="0.18843000000000001">
    <ele>1894.0200000000002</ele>
   </trkpt>
   <trkpt lat="42.910360000000004" lon="0.1884">
    <ele>1892.72</ele>
   </trkpt>
   <trkpt lat="42.91062" lon="0.18833000000000003">
    <ele>1882.38</ele>
   </trkpt>
   <trkpt lat="42.910700000000006" lon="0.18818000000000001">
    <ele>1878.63</ele>
   </trkpt>
   <trkpt lat="42.91069" lon="0.18814">
    <ele>1878.27</ele>
   </trkpt>
   <trkpt lat="42.91062" lon="0.18811000000000003">
    <ele>1878.0200000000002</ele>
   </trkpt>
   <trkpt lat="42.910560000000004" lon="0.18805000000000002">
    <ele>1877.5700000000002</ele>
   </trkpt>
   <trkpt lat="42.910520000000005" lon="0.18796000000000002">
    <ele>1875.91</ele>
   </trkpt>
   <trkpt lat="42.91051" lon="0.18785000000000002">
    <ele>1872.6100000000001</ele>
   </trkpt>
   <trkpt lat="42.91049" lon="0.18782000000000001">
    <ele>1872.6100000000001</ele>
   </trkpt>
   <trkpt lat="42.91044" lon="0.18777000000000002">
    <ele>1871.5800000000002</ele>
   </trkpt>
   <trkpt lat="42.91033" lon="0.18771000000000002">
    <ele>1868.77</ele>
   </trkpt>
   <trkpt lat="42.91029" lon="0.18764000000000003">
    <ele>1867.7500000000002</ele>
   </trkpt>
   <trkpt lat="42.91013" lon="0.18749000000000002">
    <ele>1861.32</ele>
   </trkpt>
   <trkpt lat="42.910050000000005" lon="0.18739000000000003">
    <ele>1858.81</ele>
   </trkpt>
   <trkpt lat="42.91001000000001" lon="0.18729">
    <ele>1856.45</ele>
   </trkpt>
   <trkpt lat="42.90999" lon="0.18701">
    <ele>1851.0300000000002</ele>
   </trkpt>
   <trkpt lat="42.909850000000006" lon="0.18660000000000002">
    <ele>1846.0500000000002</ele>
   </trkpt>
   <trkpt lat="42.90972" lon="0.18645">
    <ele>1843.76</ele>
   </trkpt>
   <trkpt lat="42.90954000000001" lon="0.18646000000000001">
    <ele>1841.8200000000002</ele>
   </trkpt>
   <trkpt lat="42.909420000000004" lon="0.18642">
    <ele>1840.2300000000002</ele>
   </trkpt>
   <trkpt lat="42.90917" lon="0.18625000000000003">
    <ele>1837.42</ele>
   </trkpt>
   <trkpt lat="42.90894" lon="0.18602000000000002">
    <ele>1831.08</ele>
   </trkpt>
   <trkpt lat="42.908770000000004" lon="0.18592">
    <ele>1828.7700000000002</ele>
   </trkpt>
   <trkpt lat="42.90876" lon="0.18591000000000002">
    <ele>1829.0300000000002</ele>
   </trkpt>
   <trkpt lat="42.908660000000005" lon="0.18584">
    <ele>1827.14</ele>
   </trkpt>
   <trkpt lat="42.908530000000006" lon="0.18562">
    <ele>1822.1200000000001</ele>
   </trkpt>
   <trkpt lat="42.90863" lon="0.18568">
    <ele>1821.46</ele>
   </trkpt>
   <trkpt lat="42.90890667312012" lon="0.18482000766929135">
    <ele>1797.05</ele>
   </trkpt>
   <trkpt lat="42.90918333980324" lon="0.18396000761822906">
    <ele>1775.7200000000003</ele>
   </trkpt>
   <trkpt lat="42.90946" lon="0.1831">
    <ele>1755.54</ele>
   </trkpt>
   <trkpt lat="42.909220000000005" lon="0.18295">
    <ele>1751.44</ele>
   </trkpt>
   <trkpt lat="42.90917" lon="0.18249">
    <ele>1747.7300000000002</ele>
   </trkpt>
   <trkpt lat="42.909040000000005" lon="0.18188000000000001">
    <ele>1746.64</ele>
   </trkpt>
   <trkpt lat="42.90896" lon="0.18165">
    <ele>1746.5800000000002</ele>
   </trkpt>
   <trkpt lat="42.909380000000006" lon="0.18156000000000003">
    <ele>1739.5200000000002</ele>
   </trkpt>
   <trkpt lat="42.909490000000005" lon="0.18152000000000001">
    <ele>1738.3300000000002</ele>
   </trkpt>
   <trkpt lat="42.909560000000006" lon="0.18173">
    <ele>1738.4</ele>
   </trkpt>
   <trkpt lat="42.90966" lon="0.18171">
    <ele>1737.6</ele>
   </trkpt>
   <trkpt lat="42.909690000000005" lon="0.18157">
    <ele>1736.97</ele>
   </trkpt>
   <trkpt lat="42.91011" lon="0.18144000000000002">
    <ele>1734.26</ele>
   </trkpt>
   <trkpt lat="42.910070000000005" lon="0.18111000000000002">
    <ele>1735.9</ele>
   </trkpt>
   <trkpt lat="42.910180000000004" lon="0.18108000000000002">
    <ele>1736.23</ele>
   </trkpt>
   <trkpt lat="42.91015" lon="0.18087">
    <ele>1737.6100000000001</ele>
   </trkpt>
   <trkpt lat="42.91024" lon="0.18079">
    <ele>1729.15</ele>
   </trkpt>
   <trkpt lat="42.91028" lon="0.18081000000000003">
    <ele>1730.2400000000002</ele>
   </trkpt>
   <trkpt lat="42.91042" lon="0.18097000000000002">
    <ele>1731.5500000000002</ele>
   </trkpt>
   <trkpt lat="42.91057000000001" lon="0.18127000000000001">
    <ele>1734.8200000000002</ele>
   </trkpt>
   <trkpt lat="42.910650000000004" lon="0.18134">
    <ele>1737.2900000000002</ele>
   </trkpt>
   <trkpt lat="42.91071" lon="0.18136000000000002">
    <ele>1738.3100000000002</ele>
   </trkpt>
   <trkpt lat="42.91111" lon="0.18126">
    <ele>1740.94</ele>
   </trkpt>
   <trkpt lat="42.91122" lon="0.18114000000000002">
    <ele>1740.99</ele>
   </trkpt>
   <trkpt lat="42.91127" lon="0.18095000000000003">
    <ele>1741.1900000000003</ele>
   </trkpt>
   <trkpt lat="42.91132" lon="0.18098">
    <ele>1740.1200000000001</ele>
   </trkpt>
   <trkpt lat="42.9116" lon="0.18076">
    <ele>1733.8300000000002</ele>
   </trkpt>
   <trkpt lat="42.911880000000004" lon="0.18061000000000002">
    <ele>1729.8500000000001</ele>
   </trkpt>
   <trkpt lat="42.9121" lon="0.1806">
    <ele>1726.7</ele>
   </trkpt>
   <trkpt lat="42.912220000000005" lon="0.18051">
    <ele>1725.42</ele>
   </trkpt>
   <trkpt lat="42.91239" lon="0.18050000000000002">
    <ele>1723.84</ele>
   </trkpt>
   <trkpt lat="42.91245000000001" lon="0.18046">
    <ele>1723.44</ele>
   </trkpt>
   <trkpt lat="42.9125" lon="0.18045000000000003">
    <ele>1722.56</ele>
   </trkpt>
   <trkpt lat="42.91266" lon="0.18068">
    <ele>1720.0300000000002</ele>
   </trkpt>
   <trkpt lat="42.91275" lon="0.18073">
    <ele>1718.91</ele>
   </trkpt>
   <trkpt lat="42.91293" lon="0.18068">
    <ele>1716.32</ele>
   </trkpt>
   <trkpt lat="42.91304" lon="0.18062">
    <ele>1715.7000000000003</ele>
   </trkpt>
   <trkpt lat="42.913180000000004" lon="0.18061000000000002">
    <ele>1713.3300000000002</ele>
   </trkpt>
   <trkpt lat="42.913360000000004" lon="0.18056000000000003">
    <ele>1710.77</ele>
   </trkpt>
   <trkpt lat="42.913610000000006" lon="0.18042000000000002">
    <ele>1707.18</ele>
   </trkpt>
   <trkpt lat="42.91375" lon="0.18049">
    <ele>1704.95</ele>
   </trkpt>
   <trkpt lat="42.91398" lon="0.18072000000000002">
    <ele>1701.16</ele>
   </trkpt>
   <trkpt lat="42.91407" lon="0.18093">
    <ele>1697.2800000000002</ele>
   </trkpt>
   <trkpt lat="42.914280000000005" lon="0.18121">
    <ele>1693.27</ele>
   </trkpt>
   <trkpt lat="42.914410000000004" lon="0.18130000000000002">
    <ele>1691.6200000000001</ele>
   </trkpt>
   <trkpt lat="42.91445" lon="0.18136000000000002">
    <ele>1691.04</ele>
   </trkpt>
   <trkpt lat="42.914590000000004" lon="0.18134">
    <ele>1689.2</ele>
   </trkpt>
   <trkpt lat="42.91467" lon="0.18136000000000002">
    <ele>1687.49</ele>
   </trkpt>
   <trkpt lat="42.91469" lon="0.18139000000000002">
    <ele>1687.49</ele>
   </trkpt>
   <trkpt lat="42.91469" lon="0.18144000000000002">
    <ele>1687.49</ele>
   </trkpt>
   <trkpt lat="42.914730000000006" lon="0.18157">
    <ele>1686.22</ele>
   </trkpt>
   <trkpt lat="42.91478" lon="0.18186000000000002">
    <ele>1682.1000000000001</ele>
   </trkpt>
   <trkpt lat="42.91489000000001" lon="0.18202000000000002">
    <ele>1679.1200000000001</ele>
   </trkpt>
   <trkpt lat="42.915000000000006" lon="0.1821">
    <ele>1676.53</ele>
   </trkpt>
   <trkpt lat="42.91518000000001" lon="0.18230000000000002">
    <ele>1672.7600000000002</ele>
   </trkpt>
   <trkpt lat="42.91541" lon="0.18233000000000002">
    <ele>1670.5800000000002</ele>
   </trkpt>
   <trkpt lat="42.915510000000005" lon="0.18243">
    <ele>1669.71</ele>
   </trkpt>
   <trkpt lat="42.915600000000005" lon="0.18246">
    <ele>1668.39</ele>
   </trkpt>
   <trkpt lat="42.915850000000006" lon="0.18248">
    <ele>1664.6200000000001</ele>
   </trkpt>
   <trkpt lat="42.9159" lon="0.18250000000000002">
    <ele>1664.05</ele>
   </trkpt>
   <trkpt lat="42.916000000000004" lon="0.18259">
    <ele>1662.56</ele>
   </trkpt>
   <trkpt lat="42.916000000000004" lon="0.18268">
    <ele>1661.45</ele>
   </trkpt>
   <trkpt lat="42.9161" lon="0.18285">
    <ele>1660.2</ele>
   </trkpt>
   <trkpt lat="42.91612000000001" lon="0.18302000000000002">
    <ele>1657.39</ele>
   </trkpt>
   <trkpt lat="42.916090000000004" lon="0.18316000000000002">
    <ele>1655.51</ele>
   </trkpt>
   <trkpt lat="42.916030000000006" lon="0.18326">
    <ele>1653.91</ele>
   </trkpt>
   <trkpt lat="42.91604" lon="0.18333000000000002">
    <ele>1653.91</ele>
   </trkpt>
   <trkpt lat="42.916070000000005" lon="0.18341000000000002">
    <ele>1653.3200000000002</ele>
   </trkpt>
   <trkpt lat="42.916160000000005" lon="0.18352000000000002">
    <ele>1650.53</ele>
   </trkpt>
   <trkpt lat="42.91621000000001" lon="0.18368">
    <ele>1649.8700000000001</ele>
   </trkpt>
   <trkpt lat="42.91628" lon="0.18380000000000002">
    <ele>1646.06</ele>
   </trkpt>
   <trkpt lat="42.91646" lon="0.18403000000000003">
    <ele>1643.31</ele>
   </trkpt>
   <trkpt lat="42.91657" lon="0.18412">
    <ele>1642.03</ele>
   </trkpt>
   <trkpt lat="42.91668000000001" lon="0.18416000000000002">
    <ele>1639.7100000000003</ele>
   </trkpt>
   <trkpt lat="42.91693" lon="0.18443">
    <ele>1636.68</ele>
   </trkpt>
   <trkpt lat="42.917030000000004" lon="0.18449000000000002">
    <ele>1636.68</ele>
   </trkpt>
   <trkpt lat="42.917060000000006" lon="0.18456">
    <ele>1632.8600000000001</ele>
   </trkpt>
   <trkpt lat="42.917300000000004" lon="0.18472000000000002">
    <ele>1629.5900000000001</ele>
   </trkpt>
   <trkpt lat="42.917320000000004" lon="0.18477000000000002">
    <ele>1629.5900000000001</ele>
   </trkpt>
   <trkpt lat="42.917660000000005" lon="0.18500000000000003">
    <ele>1626.8600000000001</ele>
   </trkpt>
   <trkpt lat="42.917770000000004" lon="0.18513000000000002">
    <ele>1626.3200000000002</ele>
   </trkpt>
   <trkpt lat="42.917820000000006" lon="0.18513000000000002">
    <ele>1626.3200000000002</ele>
   </trkpt>
   <trkpt lat="42.918060000000004" lon="0.18528000000000003">
    <ele>1625.31</ele>
   </trkpt>
   <trkpt lat="42.91839" lon="0.18534">
    <ele>1626.18</ele>
   </trkpt>
   <trkpt lat="42.91861" lon="0.18546">
    <ele>1625.3500000000001</ele>
   </trkpt>
   <trkpt lat="42.91877" lon="0.18547000000000002">
    <ele>1625.0800000000002</ele>
   </trkpt>
   <trkpt lat="42.918870000000005" lon="0.18546">
    <ele>1625.2600000000002</ele>
   </trkpt>
   <trkpt lat="42.918910000000004" lon="0.18545">
    <ele>1625.48</ele>
   </trkpt>
   <trkpt lat="42.91902" lon="0.18536000000000002">
    <ele>1627.25</ele>
   </trkpt>
   <trkpt lat="42.91919" lon="0.18544000000000002">
    <ele>1628.0500000000002</ele>
   </trkpt>
   <trkpt lat="42.919320000000006" lon="0.1854">
    <ele>1629.2900000000002</ele>
   </trkpt>
   <trkpt lat="42.91955" lon="0.18562">
    <ele>1628.51</ele>
   </trkpt>
   <trkpt lat="42.9196" lon="0.18564000000000003">
    <ele>1628.51</ele>
   </trkpt>
   <trkpt lat="42.919810000000005" lon="0.18566000000000002">
    <ele>1630.3100000000002</ele>
   </trkpt>
   <trkpt lat="42.919940000000004" lon="0.18564000000000003">
    <ele>1631.1100000000001</ele>
   </trkpt>
   <trkpt lat="42.919970000000006" lon="0.18565">
    <ele>1631.4400000000003</ele>
   </trkpt>
   <trkpt lat="42.92004" lon="0.18573">
    <ele>1632.6299999999999</ele>
   </trkpt>
   <trkpt lat="42.92005" lon="0.18584">
    <ele>1632.6299999999999</ele>
   </trkpt>
   <trkpt lat="42.920080000000006" lon="0.18589000000000003">
    <ele>1633.0000000000002</ele>
   </trkpt>
   <trkpt lat="42.920350000000006" lon="0.18612">
    <ele>1640.09</ele>
   </trkpt>
   <trkpt lat="42.92053000000001" lon="0.18625000000000003">
    <ele>1644.71</ele>
   </trkpt>
   <trkpt lat="42.92076" lon="0.18652000000000002">
    <ele>1653.65</ele>
   </trkpt>
   <trkpt lat="42.92087" lon="0.18656">
    <ele>1654.8100000000002</ele>
   </trkpt>
   <trkpt lat="42.921040000000005" lon="0.18659">
    <ele>1658.39</ele>
   </trkpt>
   <trkpt lat="42.92121" lon="0.18657">
    <ele>1662.6900000000003</ele>
   </trkpt>
   <trkpt lat="42.921620000000004" lon="0.18661000000000003">
    <ele>1673.1100000000001</ele>
   </trkpt>
   <trkpt lat="42.92168" lon="0.18659">
    <ele>1674.16</ele>
   </trkpt>
   <trkpt lat="42.92174000000001" lon="0.18661000000000003">
    <ele>1675.0</ele>
   </trkpt>
   <trkpt lat="42.92184" lon="0.18656">
    <ele>1675.7900000000002</ele>
   </trkpt>
   <trkpt lat="42.922050000000006" lon="0.18631">
    <ele>1673.39</ele>
   </trkpt>
   <trkpt lat="42.92231" lon="0.18611000000000003">
    <ele>1670.38</ele>
   </trkpt>
   <trkpt lat="42.92246" lon="0.18607">
    <ele>1669.5300000000002</ele>
   </trkpt>
   <trkpt lat="42.92284" lon="0.18605000000000002">
    <ele>1667.85</ele>
   </trkpt>
   <trkpt lat="42.922900000000006" lon="0.18601">
    <ele>1667.4</ele>
   </trkpt>
   <trkpt lat="42.922940000000004" lon="0.18592">
    <ele>1667.15</ele>
   </trkpt>
   <trkpt lat="42.923030000000004" lon="0.18581">
    <ele>1665.8300000000002</ele>
   </trkpt>
   <trkpt lat="42.923170000000006" lon="0.18569000000000002">
    <ele>1664.9300000000003</ele>
   </trkpt>
   <trkpt lat="42.923280000000005" lon="0.18564000000000003">
    <ele>1664.4800000000002</ele>
   </trkpt>
   <trkpt lat="42.92342" lon="0.18562">
    <ele>1664.1200000000001</ele>
   </trkpt>
   <trkpt lat="42.92356" lon="0.18554">
    <ele>1663.8300000000002</ele>
   </trkpt>
   <trkpt lat="42.923790000000004" lon="0.18532">
    <ele>1662.5500000000002</ele>
   </trkpt>
   <trkpt lat="42.924060000000004" lon="0.18518">
    <ele>1661.73</ele>
   </trkpt>
   <trkpt lat="42.92434" lon="0.18488000000000002">
    <ele>1657.5400000000002</ele>
   </trkpt>
   <trkpt lat="42.924530000000004" lon="0.18474000000000002">
    <ele>1652.0400000000002</ele>
   </trkpt>
   <trkpt lat="42.92488" lon="0.18434">
    <ele>1646.38</ele>
   </trkpt>
   <trkpt lat="42.92508" lon="0.1842">
    <ele>1643.3300000000002</ele>
   </trkpt>
   <trkpt lat="42.92522" lon="0.18394000000000002">
    <ele>1638.2800000000002</ele>
   </trkpt>
   <trkpt lat="42.92537" lon="0.18388000000000002">
    <ele>1633.9500000000003</ele>
   </trkpt>
   <trkpt lat="42.92548" lon="0.18377000000000002">
    <ele>1630.4600000000003</ele>
   </trkpt>
   <trkpt lat="42.92548" lon="0.18374000000000001">
    <ele>1629.5300000000002</ele>
   </trkpt>
   <trkpt lat="42.92562" lon="0.18365">
    <ele>1626.0</ele>
   </trkpt>
   <trkpt lat="42.92575" lon="0.18349000000000001">
    <ele>1622.66</ele>
   </trkpt>
   <trkpt lat="42.92575" lon="0.18346">
    <ele>1622.66</ele>
   </trkpt>
   <trkpt lat="42.92582" lon="0.18341000000000002">
    <ele>1620.8600000000001</ele>
   </trkpt>
   <trkpt lat="42.92587" lon="0.18334">
    <ele>1619.82</ele>
   </trkpt>
   <trkpt lat="42.925920000000005" lon="0.18333000000000002">
    <ele>1618.68</ele>
   </trkpt>
   <trkpt lat="42.926" lon="0.18323">
    <ele>1618.68</ele>
   </trkpt>
   <trkpt lat="42.92616" lon="0.18294000000000002">
    <ele>1607.7100000000003</ele>
   </trkpt>
   <trkpt lat="42.92644000000001" lon="0.18267000000000003">
    <ele>1596.4900000000002</ele>
   </trkpt>
   <trkpt lat="42.926590000000004" lon="0.18263000000000001">
    <ele>1594.18</ele>
   </trkpt>
   <trkpt lat="42.92665" lon="0.18258000000000002">
    <ele>1593.11</ele>
   </trkpt>
   <trkpt lat="42.92672" lon="0.18256000000000003">
    <ele>1591.22</ele>
   </trkpt>
   <trkpt lat="42.926880000000004" lon="0.18247000000000002">
    <ele>1587.8700000000001</ele>
   </trkpt>
   <trkpt lat="42.92699" lon="0.18246">
    <ele>1586.15</ele>
   </trkpt>
   <trkpt lat="42.927290000000006" lon="0.18225000000000002">
    <ele>1576.81</ele>
   </trkpt>
   <trkpt lat="42.92746" lon="0.18219000000000002">
    <ele>1573.64</ele>
   </trkpt>
   <trkpt lat="42.92757" lon="0.18217000000000003">
    <ele>1571.6000000000001</ele>
   </trkpt>
   <trkpt lat="42.927620000000005" lon="0.18211000000000002">
    <ele>1570.65</ele>
   </trkpt>
   <trkpt lat="42.9277" lon="0.18205000000000002">
    <ele>1567.95</ele>
   </trkpt>
   <trkpt lat="42.92794000000001" lon="0.18193">
    <ele>1561.68</ele>
   </trkpt>
   <trkpt lat="42.927960000000006" lon="0.18194000000000002">
    <ele>1561.68</ele>
   </trkpt>
   <trkpt lat="42.928270000000005" lon="0.18151">
    <ele>1561.3300000000002</ele>
   </trkpt>
   <trkpt lat="42.92828" lon="0.18150000000000002">
    <ele>1561.3300000000002</ele>
   </trkpt>
   <trkpt lat="42.928290000000004" lon="0.18135">
    <ele>1562.07</ele>
   </trkpt>
   <trkpt lat="42.92832000000001" lon="0.18126">
    <ele>1562.8400000000001</ele>
   </trkpt>
   <trkpt lat="42.92835" lon="0.18102000000000001">
    <ele>1567.18</ele>
   </trkpt>
   <trkpt lat="42.928290000000004" lon="0.18063">
    <ele>1571.67</ele>
   </trkpt>
   <trkpt lat="42.928290000000004" lon="0.18053000000000002">
    <ele>1571.67</ele>
   </trkpt>
   <trkpt lat="42.92848" lon="0.18008000000000002">
    <ele>1580.3500000000001</ele>
   </trkpt>
   <trkpt lat="42.928520000000006" lon="0.17986000000000002">
    <ele>1580.3500000000001</ele>
   </trkpt>
   <trkpt lat="42.92859000000001" lon="0.17970000000000003">
    <ele>1583.0700000000002</ele>
   </trkpt>
   <trkpt lat="42.928610000000006" lon="0.17957">
    <ele>1583.77</ele>
   </trkpt>
   <trkpt lat="42.9286" lon="0.17918">
    <ele>1589.1000000000001</ele>
   </trkpt>
   <trkpt lat="42.928630000000005" lon="0.17896">
    <ele>1591.94</ele>
   </trkpt>
   <trkpt lat="42.92888000000001" lon="0.17847000000000002">
    <ele>1599.15</ele>
   </trkpt>
   <trkpt lat="42.928900000000006" lon="0.17832">
    <ele>1599.15</ele>
   </trkpt>
   <trkpt lat="42.92907" lon="0.17788">
    <ele>1607.22</ele>
   </trkpt>
   <trkpt lat="42.929230000000004" lon="0.17753000000000002">
    <ele>1612.5800000000002</ele>
   </trkpt>
   <trkpt lat="42.9294" lon="0.17724">
    <ele>1616.24</ele>
   </trkpt>
   <trkpt lat="42.92944000000001" lon="0.17691">
    <ele>1619.5600000000002</ele>
   </trkpt>
   <trkpt lat="42.92944000000001" lon="0.17676000000000003">
    <ele>1622.23</ele>
   </trkpt>
   <trkpt lat="42.92965" lon="0.17621">
    <ele>1629.0500000000002</ele>
   </trkpt>
   <trkpt lat="42.92982000000001" lon="0.17602">
    <ele>1635.64</ele>
   </trkpt>
   <trkpt lat="42.92989" lon="0.17589000000000002">
    <ele>1635.64</ele>
   </trkpt>
   <trkpt lat="42.93001" lon="0.17549">
    <ele>1640.9600000000003</ele>
   </trkpt>
   <trkpt lat="42.93005" lon="0.17524">
    <ele>1643.63</ele>
   </trkpt>
   <trkpt lat="42.93003" lon="0.17507">
    <ele>1645.92</ele>
   </trkpt>
   <trkpt lat="42.930080000000004" lon="0.17488">
    <ele>1648.2500000000002</ele>
   </trkpt>
   <trkpt lat="42.93003" lon="0.17462000000000003">
    <ele>1651.73</ele>
   </trkpt>
   <trkpt lat="42.93005" lon="0.17436000000000001">
    <ele>1656.1000000000001</ele>
   </trkpt>
   <trkpt lat="42.92996" lon="0.17414000000000002">
    <ele>1659.99</ele>
   </trkpt>
   <trkpt lat="42.92991000000001" lon="0.17396">
    <ele>1660.7500000000002</ele>
   </trkpt>
   <trkpt lat="42.92978" lon="0.17361000000000001">
    <ele>1665.25</ele>
   </trkpt>
   <trkpt lat="42.92969" lon="0.17305">
    <ele>1670.29</ele>
   </trkpt>
   <trkpt lat="42.929460000000006" lon="0.17242000000000002">
    <ele>1682.8500000000001</ele>
   </trkpt>
   <trkpt lat="42.92931" lon="0.17225000000000001">
    <ele>1686.13</ele>
   </trkpt>
   <trkpt lat="42.929210000000005" lon="0.17217000000000002">
    <ele>1686.83</ele>
   </trkpt>
   <trkpt lat="42.92918" lon="0.17212000000000002">
    <ele>1687.6100000000001</ele>
   </trkpt>
   <trkpt lat="42.929170000000006" lon="0.17201000000000002">
    <ele>1689.31</ele>
   </trkpt>
   <trkpt lat="42.9292" lon="0.1718">
    <ele>1693.0800000000002</ele>
   </trkpt>
   <trkpt lat="42.92918" lon="0.17139000000000001">
    <ele>1699.5800000000002</ele>
   </trkpt>
   <trkpt lat="42.92916" lon="0.17127">
    <ele>1699.5800000000002</ele>
   </trkpt>
   <trkpt lat="42.929100000000005" lon="0.17112000000000002">
    <ele>1703.6700000000003</ele>
   </trkpt>
   <trkpt lat="42.92907" lon="0.17097">
    <ele>1703.6700000000003</ele>
   </trkpt>
   <trkpt lat="42.929" lon="0.17083">
    <ele>1707.1900000000003</ele>
   </trkpt>
   <trkpt lat="42.92895" lon="0.17059000000000002">
    <ele>1709.7600000000002</ele>
   </trkpt>
   <trkpt lat="42.928935003149235" lon="0.1697400000743534">
    <ele>1722.8600000000001</ele>
   </trkpt>
   <trkpt lat="42.928920000000005" lon="0.16889">
    <ele>1734.63</ele>
   </trkpt>
   <trkpt lat="42.92886" lon="0.16860000000000003">
    <ele>1742.3700000000001</ele>
   </trkpt>
   <trkpt lat="42.92869" lon="0.16808">
    <ele>1753.0100000000002</ele>
   </trkpt>
   <trkpt lat="42.928630000000005" lon="0.1675">
    <ele>1762.4400000000003</ele>
   </trkpt>
   <trkpt lat="42.92859000000001" lon="0.16731000000000001">
    <ele>1766.3500000000001</ele>
   </trkpt>
   <trkpt lat="42.92857" lon="0.16710000000000003">
    <ele>1772.19</ele>
   </trkpt>
   <trkpt lat="42.928520000000006" lon="0.16702">
    <ele>1773.5700000000002</ele>
   </trkpt>
   <trkpt lat="42.92851" lon="0.1668">
    <ele>1779.0100000000002</ele>
   </trkpt>
   <trkpt lat="42.92846" lon="0.16656">
    <ele>1782.01</ele>
   </trkpt>
   <trkpt lat="42.92839" lon="0.16636">
    <ele>1785.3600000000001</ele>
   </trkpt>
   <trkpt lat="42.9283" lon="0.16592">
    <ele>1791.64</ele>
   </trkpt>
   <trkpt lat="42.92821" lon="0.16570000000000001">
    <ele>1797.43</ele>
   </trkpt>
   <trkpt lat="42.92817" lon="0.16552">
    <ele>1802.52</ele>
   </trkpt>
   <trkpt lat="42.92821" lon="0.16537000000000002">
    <ele>1803.53</ele>
   </trkpt>
   <trkpt lat="42.92833" lon="0.16516">
    <ele>1808.7900000000002</ele>
   </trkpt>
   <trkpt lat="42.928430000000006" lon="0.16506">
    <ele>1810.01</ele>
   </trkpt>
   <trkpt lat="42.92848" lon="0.16507000000000002">
    <ele>1810.54</ele>
   </trkpt>
   <trkpt lat="42.92855" lon="0.16515000000000002">
    <ele>1810.75</ele>
   </trkpt>
   <trkpt lat="42.92864" lon="0.16521000000000002">
    <ele>1811.2</ele>
   </trkpt>
   <trkpt lat="42.928670000000004" lon="0.1652">
    <ele>1811.56</ele>
   </trkpt>
   <trkpt lat="42.928700000000006" lon="0.16511">
    <ele>1811.9900000000002</ele>
   </trkpt>
   <trkpt lat="42.928720000000006" lon="0.16493000000000002">
    <ele>1813.89</ele>
   </trkpt>
   <trkpt lat="42.928700000000006" lon="0.16483">
    <ele>1814.69</ele>
   </trkpt>
   <trkpt lat="42.92864" lon="0.16473000000000002">
    <ele>1818.93</ele>
   </trkpt>
   <trkpt lat="42.928430000000006" lon="0.16456">
    <ele>1822.8200000000002</ele>
   </trkpt>
   <trkpt lat="42.928340000000006" lon="0.16445">
    <ele>1825.5200000000002</ele>
   </trkpt>
   <trkpt lat="42.92831" lon="0.16434">
    <ele>1825.98</ele>
   </trkpt>
   <trkpt lat="42.928520000000006" lon="0.16413000000000003">
    <ele>1828.4600000000003</ele>
   </trkpt>
   <trkpt lat="42.92853" lon="0.16407000000000002">
    <ele>1830.04</ele>
   </trkpt>
   <trkpt lat="42.92851" lon="0.16399000000000002">
    <ele>1830.04</ele>
   </trkpt>
   <trkpt lat="42.92853" lon="0.16392">
    <ele>1831.3000000000002</ele>
   </trkpt>
   <trkpt lat="42.92851" lon="0.16385000000000002">
    <ele>1831.8200000000002</ele>
   </trkpt>
   <trkpt lat="42.92859000000001" lon="0.16363000000000003">
    <ele>1834.01</ele>
   </trkpt>
   <trkpt lat="42.92877" lon="0.16348000000000001">
    <ele>1835.83</ele>
   </trkpt>
   <trkpt lat="42.92891" lon="0.16326000000000002">
    <ele>1837.8400000000001</ele>
   </trkpt>
   <trkpt lat="42.92915000000001" lon="0.1632">
    <ele>1839.6100000000001</ele>
   </trkpt>
   <trkpt lat="42.92933" lon="0.16306">
    <ele>1841.66</ele>
   </trkpt>
   <trkpt lat="42.92965" lon="0.16298">
    <ele>1844.71</ele>
   </trkpt>
   <trkpt lat="42.929770000000005" lon="0.16298">
    <ele>1844.98</ele>
   </trkpt>
   <trkpt lat="42.929950000000005" lon="0.16289">
    <ele>1845.4</ele>
   </trkpt>
   <trkpt lat="42.93028" lon="0.16284">
    <ele>1845.44</ele>
   </trkpt>
   <trkpt lat="42.93034" lon="0.16281">
    <ele>1845.8000000000002</ele>
   </trkpt>
   <trkpt lat="42.930490000000006" lon="0.16279000000000002">
    <ele>1846.9400000000003</ele>
   </trkpt>
   <trkpt lat="42.930640000000004" lon="0.16274000000000002">
    <ele>1850.1100000000001</ele>
   </trkpt>
   <trkpt lat="42.930800000000005" lon="0.16259">
    <ele>1852.2600000000002</ele>
   </trkpt>
   <trkpt lat="42.930980000000005" lon="0.16232000000000002">
    <ele>1857.22</ele>
   </trkpt>
   <trkpt lat="42.931070000000005" lon="0.16229000000000002">
    <ele>1858.71</ele>
   </trkpt>
   <trkpt lat="42.931380000000004" lon="0.16210000000000002">
    <ele>1862.8700000000001</ele>
   </trkpt>
   <trkpt lat="42.9316" lon="0.16182000000000002">
    <ele>1868.6000000000001</ele>
   </trkpt>
   <trkpt lat="42.931740000000005" lon="0.16151000000000001">
    <ele>1872.0900000000001</ele>
   </trkpt>
   <trkpt lat="42.931990000000006" lon="0.16122">
    <ele>1877.1000000000001</ele>
   </trkpt>
   <trkpt lat="42.93207" lon="0.16103">
    <ele>1878.7000000000003</ele>
   </trkpt>
   <trkpt lat="42.93216" lon="0.16071000000000002">
    <ele>1885.38</ele>
   </trkpt>
   <trkpt lat="42.9322" lon="0.16043000000000002">
    <ele>1888.8400000000001</ele>
   </trkpt>
   <trkpt lat="42.93224" lon="0.16037">
    <ele>1888.8400000000001</ele>
   </trkpt>
   <trkpt lat="42.93238" lon="0.16029000000000002">
    <ele>1890.5900000000001</ele>
   </trkpt>
   <trkpt lat="42.93242" lon="0.16018000000000002">
    <ele>1891.2300000000002</ele>
   </trkpt>
   <trkpt lat="42.93234" lon="0.16006">
    <ele>1893.7400000000002</ele>
   </trkpt>
   <trkpt lat="42.93222" lon="0.16006">
    <ele>1897.79</ele>
   </trkpt>
   <trkpt lat="42.93206000000001" lon="0.16013000000000002">
    <ele>1900.43</ele>
   </trkpt>
   <trkpt lat="42.93204" lon="0.16010000000000002">
    <ele>1901.2000000000003</ele>
   </trkpt>
   <trkpt lat="42.931990000000006" lon="0.15985000000000002">
    <ele>1903.8400000000001</ele>
   </trkpt>
   <trkpt lat="42.93202" lon="0.15966000000000002">
    <ele>1906.4600000000003</ele>
   </trkpt>
   <trkpt lat="42.932010000000005" lon="0.15961">
    <ele>1907.6200000000001</ele>
   </trkpt>
   <trkpt lat="42.931940000000004" lon="0.15951">
    <ele>1912.4800000000002</ele>
   </trkpt>
   <trkpt lat="42.931850000000004" lon="0.15931">
    <ele>1912.4800000000002</ele>
   </trkpt>
   <trkpt lat="42.93187" lon="0.15927000000000002">
    <ele>1917.7700000000002</ele>
   </trkpt>
   <trkpt lat="42.931920000000005" lon="0.15923">
    <ele>1917.7700000000002</ele>
   </trkpt>
   <trkpt lat="42.93195" lon="0.15923">
    <ele>1918.98</ele>
   </trkpt>
   <trkpt lat="42.93218" lon="0.15936">
    <ele>1923.63</ele>
   </trkpt>
   <trkpt lat="42.9322" lon="0.15931">
    <ele>1924.3300000000002</ele>
   </trkpt>
   <trkpt lat="42.9322" lon="0.15918000000000002">
    <ele>1926.2100000000003</ele>
   </trkpt>
   <trkpt lat="42.932170000000006" lon="0.15905000000000002">
    <ele>1927.63</ele>
   </trkpt>
   <trkpt lat="42.932100000000005" lon="0.15899000000000002">
    <ele>1928.46</ele>
   </trkpt>
   <trkpt lat="42.932050000000004" lon="0.15882000000000002">
    <ele>1930.38</ele>
   </trkpt>
   <trkpt lat="42.93193" lon="0.15873">
    <ele>1934.65</ele>
   </trkpt>
   <trkpt lat="42.931810000000006" lon="0.15878">
    <ele>1937.42</ele>
   </trkpt>
   <trkpt lat="42.931520000000006" lon="0.15916000000000002">
    <ele>1942.73</ele>
   </trkpt>
   <trkpt lat="42.93150000000001" lon="0.15917">
    <ele>1943.4</ele>
   </trkpt>
   <trkpt lat="42.931490000000004" lon="0.15915">
    <ele>1943.4</ele>
   </trkpt>
   <trkpt lat="42.93153" lon="0.15905000000000002">
    <ele>1944.14</ele>
   </trkpt>
   <trkpt lat="42.93157" lon="0.15886">
    <ele>1946.46</ele>
   </trkpt>
   <trkpt lat="42.93173" lon="0.15848">
    <ele>1952.63</ele>
   </trkpt>
   <trkpt lat="42.93175" lon="0.15838000000000002">
    <ele>1952.63</ele>
   </trkpt>
   <trkpt lat="42.93173" lon="0.15814">
    <ele>1955.9400000000003</ele>
   </trkpt>
   <trkpt lat="42.93169" lon="0.15795">
    <ele>1958.3700000000001</ele>
   </trkpt>
   <trkpt lat="42.93151" lon="0.15741000000000002">
    <ele>1966.3500000000001</ele>
   </trkpt>
   <trkpt lat="42.93150000000001" lon="0.15728">
    <ele>1969.2900000000002</ele>
   </trkpt>
   <trkpt lat="42.931450000000005" lon="0.15715">
    <ele>1970.9</ele>
   </trkpt>
   <trkpt lat="42.93146" lon="0.15708000000000003">
    <ele>1971.5600000000002</ele>
   </trkpt>
   <trkpt lat="42.93153" lon="0.15706">
    <ele>1972.69</ele>
   </trkpt>
   <trkpt lat="42.93157" lon="0.15702000000000002">
    <ele>1973.2800000000002</ele>
   </trkpt>
   <trkpt lat="42.931610000000006" lon="0.15688000000000002">
    <ele>1976.2700000000002</ele>
   </trkpt>
   <trkpt lat="42.93182" lon="0.15657000000000001">
    <ele>1980.39</ele>
   </trkpt>
   <trkpt lat="42.931920000000005" lon="0.15648">
    <ele>1982.7700000000002</ele>
   </trkpt>
   <trkpt lat="42.93204" lon="0.15648">
    <ele>1985.0800000000002</ele>
   </trkpt>
   <trkpt lat="42.93211" lon="0.15644000000000002">
    <ele>1985.0800000000002</ele>
   </trkpt>
   <trkpt lat="42.93195" lon="0.15634">
    <ele>1985.0800000000002</ele>
   </trkpt>
   <trkpt lat="42.93189" lon="0.15627000000000002">
    <ele>1994.08</ele>
   </trkpt>
   <trkpt lat="42.931700000000006" lon="0.15619000000000002">
    <ele>1994.08</ele>
   </trkpt>
   <trkpt lat="42.931580000000004" lon="0.15610000000000002">
    <ele>1997.39</ele>
   </trkpt>
   <trkpt lat="42.93148" lon="0.15606">
    <ele>1998.93</ele>
   </trkpt>
   <trkpt lat="42.931340000000006" lon="0.15605000000000002">
    <ele>2001.76</ele>
   </trkpt>
   <trkpt lat="42.9313" lon="0.15606">
    <ele>2001.76</ele>
   </trkpt>
   <trkpt lat="42.931200000000004" lon="0.15599000000000002">
    <ele>2003.75</ele>
   </trkpt>
   <trkpt lat="42.931090000000005" lon="0.15586000000000003">
    <ele>2006.0900000000004</ele>
   </trkpt>
   <trkpt lat="42.93108" lon="0.15582000000000001">
    <ele>2009.8800000000003</ele>
   </trkpt>
   <trkpt lat="42.93113" lon="0.15572000000000003">
    <ele>2009.8800000000003</ele>
   </trkpt>
   <trkpt lat="42.93115" lon="0.15551">
    <ele>2015.2800000000002</ele>
   </trkpt>
   <trkpt lat="42.931200000000004" lon="0.15538000000000002">
    <ele>2021.01</ele>
   </trkpt>
   <trkpt lat="42.931090000000005" lon="0.15521000000000001">
    <ele>2023.5600000000002</ele>
   </trkpt>
   <trkpt lat="42.93097" lon="0.15495">
    <ele>2029.4100000000003</ele>
   </trkpt>
   <trkpt lat="42.93092" lon="0.15472000000000002">
    <ele>2034.5900000000001</ele>
   </trkpt>
   <trkpt lat="42.93094000000001" lon="0.15465">
    <ele>2034.5900000000001</ele>
   </trkpt>
   <trkpt lat="42.930930000000004" lon="0.15434">
    <ele>2044.3900000000003</ele>
   </trkpt>
   <trkpt lat="42.930910000000004" lon="0.15419000000000002">
    <ele>2045.64</ele>
   </trkpt>
   <trkpt lat="42.93084" lon="0.15395">
    <ele>2049.7200000000003</ele>
   </trkpt>
   <trkpt lat="42.93075" lon="0.15339000000000003">
    <ele>2061.59</ele>
   </trkpt>
   <trkpt lat="42.93063" lon="0.15330000000000002">
    <ele>2062.7500000000005</ele>
   </trkpt>
   <trkpt lat="42.93048" lon="0.15327000000000002">
    <ele>2065.7400000000002</ele>
   </trkpt>
   <trkpt lat="42.93045" lon="0.15325000000000003">
    <ele>2065.7400000000002</ele>
   </trkpt>
   <trkpt lat="42.93043" lon="0.15319000000000002">
    <ele>2067.39</ele>
   </trkpt>
   <trkpt lat="42.93037" lon="0.15316000000000002">
    <ele>2068.14</ele>
   </trkpt>
   <trkpt lat="42.930330000000005" lon="0.15319000000000002">
    <ele>2068.83</ele>
   </trkpt>
   <trkpt lat="42.92992" lon="0.15411000000000002">
    <ele>2082.1800000000003</ele>
   </trkpt>
   <trkpt lat="42.929880000000004" lon="0.15415">
    <ele>2082.1800000000003</ele>
   </trkpt>
   <trkpt lat="42.929860000000005" lon="0.15410000000000001">
    <ele>2083.21</ele>
   </trkpt>
   <trkpt lat="42.929840000000006" lon="0.15399000000000002">
    <ele>2087.52</ele>
   </trkpt>
   <trkpt lat="42.929840000000006" lon="0.15380000000000002">
    <ele>2088.5200000000004</ele>
   </trkpt>
   <trkpt lat="42.92978" lon="0.15348">
    <ele>2093.42</ele>
   </trkpt>
   <trkpt lat="42.929790000000004" lon="0.15325000000000003">
    <ele>2095.6</ele>
   </trkpt>
   <trkpt lat="42.929860000000005" lon="0.15294000000000002">
    <ele>2100.07</ele>
   </trkpt>
   <trkpt lat="42.9299" lon="0.15256">
    <ele>2105.76</ele>
   </trkpt>
   <trkpt lat="42.930040000000005" lon="0.15227000000000002">
    <ele>2111.13</ele>
   </trkpt>
   <trkpt lat="42.930060000000005" lon="0.15218">
    <ele>2111.13</ele>
   </trkpt>
   <trkpt lat="42.93005" lon="0.15193">
    <ele>2116.08</ele>
   </trkpt>
   <trkpt lat="42.930150000000005" lon="0.15175000000000002">
    <ele>2120.96</ele>
   </trkpt>
   <trkpt lat="42.930170000000004" lon="0.1516">
    <ele>2120.96</ele>
   </trkpt>
   <trkpt lat="42.930110000000006" lon="0.15147000000000002">
    <ele>2122.7599999999998</ele>
   </trkpt>
   <trkpt lat="42.930110000000006" lon="0.15135">
    <ele>2125.6000000000004</ele>
   </trkpt>
   <trkpt lat="42.93007" lon="0.1512">
    <ele>2127.4300000000003</ele>
   </trkpt>
   <trkpt lat="42.930040000000005" lon="0.15092">
    <ele>2132.3700000000003</ele>
   </trkpt>
   <trkpt lat="42.93007" lon="0.15080000000000002">
    <ele>2133.2200000000003</ele>
   </trkpt>
   <trkpt lat="42.930060000000005" lon="0.15071">
    <ele>2135.05</ele>
   </trkpt>
   <trkpt lat="42.92994" lon="0.15019000000000002">
    <ele>2145.6400000000003</ele>
   </trkpt>
   <trkpt lat="42.929930000000006" lon="0.15005000000000002">
    <ele>2145.6400000000003</ele>
   </trkpt>
   <trkpt lat="42.92987" lon="0.14991000000000002">
    <ele>2148.66</ele>
   </trkpt>
   <trkpt lat="42.929840000000006" lon="0.14988">
    <ele>2148.66</ele>
   </trkpt>
   <trkpt lat="42.9298" lon="0.14989000000000002">
    <ele>2148.66</ele>
   </trkpt>
   <trkpt lat="42.92972" lon="0.14995">
    <ele>2152.0</ele>
   </trkpt>
   <trkpt lat="42.92965" lon="0.1499">
    <ele>2156.1700000000005</ele>
   </trkpt>
   <trkpt lat="42.929570000000005" lon="0.14968">
    <ele>2157.2500000000005</ele>
   </trkpt>
   <trkpt lat="42.92951" lon="0.14944000000000002">
    <ele>2165.42</ele>
   </trkpt>
   <trkpt lat="42.92951" lon="0.14936000000000002">
    <ele>2165.42</ele>
   </trkpt>
   <trkpt lat="42.92953000000001" lon="0.14929">
    <ele>2166.56</ele>
   </trkpt>
   <trkpt lat="42.92958" lon="0.14923">
    <ele>2166.56</ele>
   </trkpt>
   <trkpt lat="42.929570000000005" lon="0.14904">
    <ele>2171.77</ele>
   </trkpt>
   <trkpt lat="42.92951" lon="0.14863">
    <ele>2176.51</ele>
   </trkpt>
   <trkpt lat="42.929460000000006" lon="0.1486">
    <ele>2178.5</ele>
   </trkpt>
   <trkpt lat="42.929460000000006" lon="0.14852">
    <ele>2178.5</ele>
   </trkpt>
   <trkpt lat="42.92943" lon="0.14848">
    <ele>2180.7000000000003</ele>
   </trkpt>
   <trkpt lat="42.929410000000004" lon="0.14833000000000002">
    <ele>2182.7200000000003</ele>
   </trkpt>
   <trkpt lat="42.92938" lon="0.14827">
    <ele>2183.61</ele>
   </trkpt>
   <trkpt lat="42.929300000000005" lon="0.14819000000000002">
    <ele>2185.9900000000002</ele>
   </trkpt>
   <trkpt lat="42.92916" lon="0.14811000000000002">
    <ele>2187.94</ele>
   </trkpt>
   <trkpt lat="42.92904" lon="0.14786000000000002">
    <ele>2194.03</ele>
   </trkpt>
   <trkpt lat="42.92897000000001" lon="0.14777">
    <ele>2194.03</ele>
   </trkpt>
   <trkpt lat="42.928810000000006" lon="0.14769000000000002">
    <ele>2196.79</ele>
   </trkpt>
   <trkpt lat="42.92871" lon="0.14753000000000002">
    <ele>2199.43</ele>
   </trkpt>
   <trkpt lat="42.92837" lon="0.14711000000000002">
    <ele>2209.6400000000003</ele>
   </trkpt>
   <trkpt lat="42.92828" lon="0.14692000000000002">
    <ele>2211.4700000000003</ele>
   </trkpt>
   <trkpt lat="42.928250000000006" lon="0.14673">
    <ele>2215.3500000000004</ele>
   </trkpt>
   <trkpt lat="42.92804" lon="0.14642000000000002">
    <ele>2219.2000000000003</ele>
   </trkpt>
   <trkpt lat="42.928070000000005" lon="0.14584000000000003">
    <ele>2227.4500000000003</ele>
   </trkpt>
   <trkpt lat="42.928050000000006" lon="0.14575000000000002">
    <ele>2227.4500000000003</ele>
   </trkpt>
   <trkpt lat="42.927980000000005" lon="0.14565">
    <ele>2228.94</ele>
   </trkpt>
   <trkpt lat="42.927890000000005" lon="0.14547000000000002">
    <ele>2232.42</ele>
   </trkpt>
   <trkpt lat="42.927890000000005" lon="0.14539000000000002">
    <ele>2235.3900000000003</ele>
   </trkpt>
   <trkpt lat="42.927820000000004" lon="0.14521">
    <ele>2236.33</ele>
   </trkpt>
   <trkpt lat="42.92777" lon="0.14489000000000002">
    <ele>2241.34</ele>
   </trkpt>
   <trkpt lat="42.92774" lon="0.14487">
    <ele>2242.6600000000003</ele>
   </trkpt>
   <trkpt lat="42.927710000000005" lon="0.14470000000000002">
    <ele>2244.52</ele>
   </trkpt>
   <trkpt lat="42.927710000000005" lon="0.14467000000000002">
    <ele>2244.52</ele>
   </trkpt>
   <trkpt lat="42.927710000000005" lon="0.14469">
    <ele>2244.52</ele>
   </trkpt>
   <trkpt lat="42.92794000000001" lon="0.1441">
    <ele>2254.51</ele>
   </trkpt>
   <trkpt lat="42.92815" lon="0.14338">
    <ele>2264.0299999999997</ele>
   </trkpt>
   <trkpt lat="42.92837" lon="0.14324">
    <ele>2267.31</ele>
   </trkpt>
   <trkpt lat="42.928560000000004" lon="0.14324">
    <ele>2269.27</ele>
   </trkpt>
   <trkpt lat="42.928900000000006" lon="0.14296">
    <ele>2277.19</ele>
   </trkpt>
   <trkpt lat="42.929030000000004" lon="0.14293">
    <ele>2279.61</ele>
   </trkpt>
   <trkpt lat="42.9292" lon="0.14299">
    <ele>2282.1800000000003</ele>
   </trkpt>
   <trkpt lat="42.92922" lon="0.14298000000000002">
    <ele>2282.1800000000003</ele>
   </trkpt>
   <trkpt lat="42.92942" lon="0.14275000000000002">
    <ele>2287.8100000000004</ele>
   </trkpt>
   <trkpt lat="42.929460000000006" lon="0.14265">
    <ele>2291.63</ele>
   </trkpt>
   <trkpt lat="42.92962000000001" lon="0.14251">
    <ele>2299.77</ele>
   </trkpt>
   <trkpt lat="42.929750000000006" lon="0.14234000000000002">
    <ele>2310.77</ele>
   </trkpt>
   <trkpt lat="42.92983" lon="0.14231000000000002">
    <ele>2310.77</ele>
   </trkpt>
   <trkpt lat="42.92994" lon="0.14217000000000002">
    <ele>2314.28</ele>
   </trkpt>
   <trkpt lat="42.93003" lon="0.14191">
    <ele>2324.4500000000003</ele>
   </trkpt>
   <trkpt lat="42.930060000000005" lon="0.14157">
    <ele>2329.18</ele>
   </trkpt>
   <trkpt lat="42.930040000000005" lon="0.14152">
    <ele>2329.18</ele>
   </trkpt>
   <trkpt lat="42.930060000000005" lon="0.14135">
    <ele>2333.1000000000004</ele>
   </trkpt>
   <trkpt lat="42.93016" lon="0.14096">
    <ele>2338.74</ele>
   </trkpt>
   <trkpt lat="42.93025" lon="0.14073000000000002">
    <ele>2345.17</ele>
   </trkpt>
   <trkpt lat="42.93032" lon="0.14046">
    <ele>2348.8700000000003</ele>
   </trkpt>
   <trkpt lat="42.93037" lon="0.14041">
    <ele>2351.59</ele>
   </trkpt>
   <trkpt lat="42.93039" lon="0.14034000000000002">
    <ele>2352.88</ele>
   </trkpt>
   <trkpt lat="42.93041" lon="0.13996">
    <ele>2360.03</ele>
   </trkpt>
   <trkpt lat="42.930550000000004" lon="0.13973000000000002">
    <ele>2363.35</ele>
   </trkpt>
   <trkpt lat="42.930600000000005" lon="0.13955">
    <ele>2365.9500000000003</ele>
   </trkpt>
   <trkpt lat="42.930580000000006" lon="0.13947">
    <ele>2366.84</ele>
   </trkpt>
   <trkpt lat="42.930530000000005" lon="0.13937000000000002">
    <ele>2367.21</ele>
   </trkpt>
   <trkpt lat="42.93038000000001" lon="0.13916">
    <ele>2371.84</ele>
   </trkpt>
   <trkpt lat="42.93037" lon="0.1391">
    <ele>2371.84</ele>
   </trkpt>
   <trkpt lat="42.930400000000006" lon="0.13899">
    <ele>2373.8900000000003</ele>
   </trkpt>
   <trkpt lat="42.93041" lon="0.13884000000000002">
    <ele>2375.34</ele>
   </trkpt>
   <trkpt lat="42.93037" lon="0.13876000000000002">
    <ele>2375.83</ele>
   </trkpt>
   <trkpt lat="42.93037" lon="0.13863">
    <ele>2375.96</ele>
   </trkpt>
   <trkpt lat="42.93054" lon="0.13873000000000002">
    <ele>2376.29</ele>
   </trkpt>
   <trkpt lat="42.93088" lon="0.13872">
    <ele>2376.25</ele>
   </trkpt>
   <trkpt lat="42.930910000000004" lon="0.13864">
    <ele>2376.25</ele>
   </trkpt>
   <trkpt lat="42.930960000000006" lon="0.13889">
    <ele>2379.47</ele>
   </trkpt>
   <trkpt lat="42.93121" lon="0.13937000000000002">
    <ele>2385.92</ele>
   </trkpt>
   <trkpt lat="42.931345001523226" lon="0.13996999849166306">
    <ele>2392.61</ele>
   </trkpt>
   <trkpt lat="42.93148" lon="0.14057">
    <ele>2397.3500000000004</ele>
   </trkpt>
   <trkpt lat="42.93164" lon="0.14089000000000002">
    <ele>2401.17</ele>
   </trkpt>
   <trkpt lat="42.93171" lon="0.14109000000000002">
    <ele>2403.5800000000004</ele>
   </trkpt>
   <trkpt lat="42.93184" lon="0.14206000000000002">
    <ele>2413.37</ele>
   </trkpt>
   <trkpt lat="42.931830000000005" lon="0.14227">
    <ele>2413.9500000000003</ele>
   </trkpt>
   <trkpt lat="42.93173" lon="0.14294">
    <ele>2421.6600000000003</ele>
   </trkpt>
   <trkpt lat="42.93177" lon="0.14300000000000002">
    <ele>2421.6600000000003</ele>
   </trkpt>
   <trkpt lat="42.93184" lon="0.14300000000000002">
    <ele>2423.17</ele>
   </trkpt>
   <trkpt lat="42.931900000000006" lon="0.14294">
    <ele>2423.17</ele>
   </trkpt>
   <trkpt lat="42.931940000000004" lon="0.14284000000000002">
    <ele>2425.3</ele>
   </trkpt>
   <trkpt lat="42.931940000000004" lon="0.14253000000000002">
    <ele>2428.11</ele>
   </trkpt>
   <trkpt lat="42.932010000000005" lon="0.14223000000000002">
    <ele>2429.6600000000003</ele>
   </trkpt>
   <trkpt lat="42.932050000000004" lon="0.14181000000000002">
    <ele>2434.12</ele>
   </trkpt>
   <trkpt lat="42.93211" lon="0.14163">
    <ele>2434.12</ele>
   </trkpt>
   <trkpt lat="42.93215" lon="0.14135">
    <ele>2439.5</ele>
   </trkpt>
   <trkpt lat="42.93216" lon="0.14092000000000002">
    <ele>2444.05</ele>
   </trkpt>
   <trkpt lat="42.932140000000004" lon="0.14068">
    <ele>2445.3</ele>
   </trkpt>
   <trkpt lat="42.932170000000006" lon="0.14036">
    <ele>2449.8</ele>
   </trkpt>
   <trkpt lat="42.93218" lon="0.14002">
    <ele>2452.05</ele>
   </trkpt>
   <trkpt lat="42.932370000000006" lon="0.13952">
    <ele>2456.1</ele>
   </trkpt>
   <trkpt lat="42.93249" lon="0.13890000000000002">
    <ele>2461.79</ele>
   </trkpt>
   <trkpt lat="42.932700000000004" lon="0.13833">
    <ele>2469.59</ele>
   </trkpt>
   <trkpt lat="42.93282000000001" lon="0.13788">
    <ele>2474.0</ele>
   </trkpt>
   <trkpt lat="42.93282000000001" lon="0.13771">
    <ele>2475.61</ele>
   </trkpt>
   <trkpt lat="42.93276" lon="0.13746">
    <ele>2479.08</ele>
   </trkpt>
   <trkpt lat="42.9328" lon="0.13737000000000002">
    <ele>2479.08</ele>
   </trkpt>
   <trkpt lat="42.932860000000005" lon="0.13732">
    <ele>2479.9700000000003</ele>
   </trkpt>
   <trkpt lat="42.932930000000006" lon="0.13733">
    <ele>2479.9700000000003</ele>
   </trkpt>
   <trkpt lat="42.93296" lon="0.13737000000000002">
    <ele>2479.9700000000003</ele>
   </trkpt>
   <trkpt lat="42.932970000000005" lon="0.13743000000000002">
    <ele>2481.6000000000004</ele>
   </trkpt>
   <trkpt lat="42.93292" lon="0.13782">
    <ele>2484.01</ele>
   </trkpt>
   <trkpt lat="42.93300000000001" lon="0.13856000000000002">
    <ele>2490.42</ele>
   </trkpt>
   <trkpt lat="42.933020000000006" lon="0.13953000000000002">
    <ele>2500.51</ele>
   </trkpt>
   <trkpt lat="42.932970000000005" lon="0.14021">
    <ele>2507.82</ele>
   </trkpt>
   <trkpt lat="42.93298" lon="0.14040000000000002">
    <ele>2509.11</ele>
   </trkpt>
   <trkpt lat="42.93289" lon="0.14072">
    <ele>2512.35</ele>
   </trkpt>
   <trkpt lat="42.932900000000004" lon="0.14078000000000002">
    <ele>2513.49</ele>
   </trkpt>
   <trkpt lat="42.932950000000005" lon="0.14085">
    <ele>2513.49</ele>
   </trkpt>
   <trkpt lat="42.93298" lon="0.14086">
    <ele>2515.55</ele>
   </trkpt>
   <trkpt lat="42.933020000000006" lon="0.14084000000000002">
    <ele>2515.55</ele>
   </trkpt>
   <trkpt lat="42.93305" lon="0.14077">
    <ele>2515.55</ele>
   </trkpt>
   <trkpt lat="42.933170000000004" lon="0.14019">
    <ele>2520.9</ele>
   </trkpt>
   <trkpt lat="42.93343" lon="0.13938">
    <ele>2528.71</ele>
   </trkpt>
   <trkpt lat="42.933460000000004" lon="0.13923000000000002">
    <ele>2531.1000000000004</ele>
   </trkpt>
   <trkpt lat="42.933490000000006" lon="0.13881000000000002">
    <ele>2535.4100000000003</ele>
   </trkpt>
   <trkpt lat="42.933690000000006" lon="0.13785">
    <ele>2544.7000000000003</ele>
   </trkpt>
   <trkpt lat="42.93366" lon="0.13701000000000002">
    <ele>2551.9200000000005</ele>
   </trkpt>
   <trkpt lat="42.933710000000005" lon="0.13684000000000002">
    <ele>2553.7599999999998</ele>
   </trkpt>
   <trkpt lat="42.93381" lon="0.13666">
    <ele>2556.1000000000004</ele>
   </trkpt>
   <trkpt lat="42.933910000000004" lon="0.13609000000000002">
    <ele>2561.3900000000003</ele>
   </trkpt>
   <trkpt lat="42.93392" lon="0.13597">
    <ele>2563.8300000000004</ele>
   </trkpt>
   <trkpt lat="42.933890000000005" lon="0.13567">
    <ele>2566.28</ele>
   </trkpt>
   <trkpt lat="42.933980000000005" lon="0.13519">
    <ele>2570.58</ele>
   </trkpt>
   <trkpt lat="42.93399" lon="0.13495000000000001">
    <ele>2573.16</ele>
   </trkpt>
   <trkpt lat="42.93395" lon="0.13455">
    <ele>2577.71</ele>
   </trkpt>
   <trkpt lat="42.93397" lon="0.13445000000000001">
    <ele>2577.71</ele>
   </trkpt>
   <trkpt lat="42.93404" lon="0.13438">
    <ele>2577.71</ele>
   </trkpt>
   <trkpt lat="42.9341" lon="0.13439">
    <ele>2580.69</ele>
   </trkpt>
   <trkpt lat="42.93413" lon="0.13442">
    <ele>2580.69</ele>
   </trkpt>
   <trkpt lat="42.934160000000006" lon="0.13452">
    <ele>2580.69</ele>
   </trkpt>
   <trkpt lat="42.93413" lon="0.13471000000000002">
    <ele>2582.8100000000004</ele>
   </trkpt>
   <trkpt lat="42.93412" lon="0.13491">
    <ele>2584.88</ele>
   </trkpt>
   <trkpt lat="42.93415" lon="0.13519">
    <ele>2587.63</ele>
   </trkpt>
   <trkpt lat="42.934160000000006" lon="0.1356">
    <ele>2589.92</ele>
   </trkpt>
   <trkpt lat="42.93421" lon="0.13589">
    <ele>2593.77</ele>
   </trkpt>
   <trkpt lat="42.93419" lon="0.13625">
    <ele>2595.57</ele>
   </trkpt>
   <trkpt lat="42.93421" lon="0.13646">
    <ele>2598.73</ele>
   </trkpt>
   <trkpt lat="42.93426" lon="0.13666">
    <ele>2602.04</ele>
   </trkpt>
   <trkpt lat="42.934400000000004" lon="0.13698000000000002">
    <ele>2604.3100000000004</ele>
   </trkpt>
   <trkpt lat="42.93446" lon="0.13704000000000002">
    <ele>2604.84</ele>
   </trkpt>
   <trkpt lat="42.93453" lon="0.13704000000000002">
    <ele>2605.83</ele>
   </trkpt>
   <trkpt lat="42.934560000000005" lon="0.13701000000000002">
    <ele>2605.83</ele>
   </trkpt>
   <trkpt lat="42.934580000000004" lon="0.13690000000000002">
    <ele>2607.2000000000003</ele>
   </trkpt>
   <trkpt lat="42.93457" lon="0.1368">
    <ele>2608.1600000000003</ele>
   </trkpt>
   <trkpt lat="42.934430000000006" lon="0.13667">
    <ele>2610.31</ele>
   </trkpt>
   <trkpt lat="42.93437" lon="0.13659000000000002">
    <ele>2611.46</ele>
   </trkpt>
   <trkpt lat="42.934340000000006" lon="0.13642">
    <ele>2611.46</ele>
   </trkpt>
   <trkpt lat="42.93433" lon="0.13625">
    <ele>2615.8</ele>
   </trkpt>
   <trkpt lat="42.934400000000004" lon="0.13602">
    <ele>2615.8</ele>
   </trkpt>
   <trkpt lat="42.934430000000006" lon="0.13582000000000002">
    <ele>2618.77</ele>
   </trkpt>
   <trkpt lat="42.934470000000005" lon="0.13571">
    <ele>2619.86</ele>
   </trkpt>
   <trkpt lat="42.93450000000001" lon="0.13567">
    <ele>2619.86</ele>
   </trkpt>
   <trkpt lat="42.93469" lon="0.13557000000000002">
    <ele>2622.8900000000003</ele>
   </trkpt>
   <trkpt lat="42.93513" lon="0.13528">
    <ele>2629.4300000000003</ele>
   </trkpt>
   <trkpt lat="42.93529" lon="0.13508">
    <ele>2631.93</ele>
   </trkpt>
   <trkpt lat="42.935340000000004" lon="0.13504000000000002">
    <ele>2632.5200000000004</ele>
   </trkpt>
   <trkpt lat="42.93544000000001" lon="0.13501000000000002">
    <ele>2633.8</ele>
   </trkpt>
   <trkpt lat="42.93549" lon="0.13502">
    <ele>2633.8</ele>
   </trkpt>
   <trkpt lat="42.9356" lon="0.13512000000000002">
    <ele>2636.6400000000003</ele>
   </trkpt>
   <trkpt lat="42.93562" lon="0.13518000000000002">
    <ele>2637.3100000000004</ele>
   </trkpt>
   <trkpt lat="42.935680000000005" lon="0.13571">
    <ele>2642.6200000000003</ele>
   </trkpt>
   <trkpt lat="42.935590000000005" lon="0.13625">
    <ele>2648.6800000000003</ele>
   </trkpt>
   <trkpt lat="42.93542" lon="0.13677">
    <ele>2654.23</ele>
   </trkpt>
   <trkpt lat="42.93542" lon="0.13703">
    <ele>2656.21</ele>
   </trkpt>
   <trkpt lat="42.935480000000005" lon="0.13722">
    <ele>2657.61</ele>
   </trkpt>
   <trkpt lat="42.935590000000005" lon="0.13694">
    <ele>2659.7400000000002</ele>
   </trkpt>
   <trkpt lat="42.93598" lon="0.13658">
    <ele>2669.1600000000003</ele>
   </trkpt>
   <trkpt lat="42.93623" lon="0.13639">
    <ele>2677.7300000000005</ele>
   </trkpt>
   <trkpt lat="42.936280000000004" lon="0.13633">
    <ele>2677.7300000000005</ele>
   </trkpt>
   <trkpt lat="42.936350000000004" lon="0.13629000000000002">
    <ele>2678.84</ele>
   </trkpt>
   <trkpt lat="42.936370000000004" lon="0.13673000000000002">
    <ele>2689.98</ele>
   </trkpt>
   <trkpt lat="42.93632" lon="0.13738">
    <ele>2701.6</ele>
   </trkpt>
   <trkpt lat="42.93636" lon="0.13779000000000002">
    <ele>2714.4</ele>
   </trkpt>
   <trkpt lat="42.936330000000005" lon="0.13804000000000002">
    <ele>2717.1000000000004</ele>
   </trkpt>
   <trkpt lat="42.936370000000004" lon="0.13805">
    <ele>2718.32</ele>
   </trkpt>
   <trkpt lat="42.936460000000004" lon="0.13792000000000001">
    <ele>2718.32</ele>
   </trkpt>
   <trkpt lat="42.936690000000006" lon="0.13774">
    <ele>2728.36</ele>
   </trkpt>
   <trkpt lat="42.9367" lon="0.13779000000000002">
    <ele>2729.34</ele>
   </trkpt>
   <trkpt lat="42.93657" lon="0.13827">
    <ele>2738.03</ele>
   </trkpt>
   <trkpt lat="42.93656" lon="0.13837000000000002">
    <ele>2738.03</ele>
   </trkpt>
   <trkpt lat="42.93659" lon="0.13836">
    <ele>2741.47</ele>
   </trkpt>
   <trkpt lat="42.93688" lon="0.13811">
    <ele>2748.1600000000003</ele>
   </trkpt>
   <trkpt lat="42.936890000000005" lon="0.13811">
    <ele>2748.1600000000003</ele>
   </trkpt>
   <trkpt lat="42.9369" lon="0.13814">
    <ele>2748.1600000000003</ele>
   </trkpt>
   <trkpt lat="42.93683" lon="0.1385">
    <ele>2754.34</ele>
   </trkpt>
   <trkpt lat="42.93672" lon="0.13881000000000002">
    <ele>2759.58</ele>
   </trkpt>
   <trkpt lat="42.936550000000004" lon="0.13970000000000002">
    <ele>2776.26</ele>
   </trkpt>
   <trkpt lat="42.936580000000006" lon="0.13970000000000002">
    <ele>2776.26</ele>
   </trkpt>
   <trkpt lat="42.937020000000004" lon="0.13922">
    <ele>2790.8700000000003</ele>
   </trkpt>
   <trkpt lat="42.93706" lon="0.13922">
    <ele>2790.8700000000003</ele>
   </trkpt>
   <trkpt lat="42.93708" lon="0.13927">
    <ele>2792.15</ele>
   </trkpt>
   <trkpt lat="42.93704" lon="0.13941">
    <ele>2794.9</ele>
   </trkpt>
   <trkpt lat="42.93694000000001" lon="0.14002">
    <ele>2814.2200000000003</ele>
   </trkpt>
   <trkpt lat="42.93697" lon="0.14005">
    <ele>2814.2200000000003</ele>
   </trkpt>
   <trkpt lat="42.93715" lon="0.13992000000000002">
    <ele>2820.07</ele>
   </trkpt>
   <trkpt lat="42.937180000000005" lon="0.13993">
    <ele>2820.07</ele>
   </trkpt>
   <trkpt lat="42.937180000000005" lon="0.13995000000000002">
    <ele>2820.07</ele>
   </trkpt>
   <trkpt lat="42.9371" lon="0.14026000000000002">
    <ele>2825.78</ele>
   </trkpt>
   <trkpt lat="42.9371" lon="0.14039000000000001">
    <ele>2832.6900000000005</ele>
   </trkpt>
   <trkpt lat="42.937070000000006" lon="0.14045000000000002">
    <ele>2832.6900000000005</ele>
   </trkpt>
   <trkpt lat="42.93706" lon="0.14061">
    <ele>2837.09</ele>
   </trkpt>
   <trkpt lat="42.936980000000005" lon="0.14075000000000001">
    <ele>2840.52</ele>
   </trkpt>
   <trkpt lat="42.93697" lon="0.14089000000000002">
    <ele>2846.23</ele>
   </trkpt>
   <trkpt lat="42.9369" lon="0.14097">
    <ele>2849.82</ele>
   </trkpt>
   <trkpt lat="42.936890000000005" lon="0.14115">
    <ele>2854.2599999999998</ele>
   </trkpt>
   <trkpt lat="42.9369" lon="0.14097">
    <ele>2851.15</ele>
   </trkpt>
   <trkpt lat="42.93697" lon="0.14089000000000002">
    <ele>2848.07</ele>
   </trkpt>
   <trkpt lat="42.936980000000005" lon="0.14075000000000001">
    <ele>2846.23</ele>
   </trkpt>
   <trkpt lat="42.93706" lon="0.14061">
    <ele>2838.74</ele>
   </trkpt>
   <trkpt lat="42.937070000000006" lon="0.14045000000000002">
    <ele>2835.55</ele>
   </trkpt>
   <trkpt lat="42.9371" lon="0.14039000000000001">
    <ele>2832.6900000000005</ele>
   </trkpt>
   <trkpt lat="42.9371" lon="0.14026000000000002">
    <ele>2832.6900000000005</ele>
   </trkpt>
   <trkpt lat="42.937180000000005" lon="0.13993">
    <ele>2820.07</ele>
   </trkpt>
   <trkpt lat="42.93715" lon="0.13992000000000002">
    <ele>2820.07</ele>
   </trkpt>
   <trkpt lat="42.93697" lon="0.14005">
    <ele>2814.2200000000003</ele>
   </trkpt>
   <trkpt lat="42.93694000000001" lon="0.14002">
    <ele>2814.2200000000003</ele>
   </trkpt>
   <trkpt lat="42.93704" lon="0.13941">
    <ele>2797.8</ele>
   </trkpt>
   <trkpt lat="42.93708" lon="0.13927">
    <ele>2794.9</ele>
   </trkpt>
   <trkpt lat="42.93706" lon="0.13922">
    <ele>2792.15</ele>
   </trkpt>
   <trkpt lat="42.937020000000004" lon="0.13922">
    <ele>2792.15</ele>
   </trkpt>
   <trkpt lat="42.936580000000006" lon="0.13970000000000002">
    <ele>2776.26</ele>
   </trkpt>
   <trkpt lat="42.936550000000004" lon="0.13970000000000002">
    <ele>2776.26</ele>
   </trkpt>
   <trkpt lat="42.93672" lon="0.13881000000000002">
    <ele>2759.58</ele>
   </trkpt>
   <trkpt lat="42.93683" lon="0.1385">
    <ele>2754.34</ele>
   </trkpt>
   <trkpt lat="42.936910000000005" lon="0.13814">
    <ele>2747.57</ele>
   </trkpt>
   <trkpt lat="42.9369" lon="0.13811">
    <ele>2747.57</ele>
   </trkpt>
   <trkpt lat="42.93688" lon="0.13811">
    <ele>2747.57</ele>
   </trkpt>
   <trkpt lat="42.93659" lon="0.13836">
    <ele>2741.47</ele>
   </trkpt>
   <trkpt lat="42.93656" lon="0.13837000000000002">
    <ele>2741.47</ele>
   </trkpt>
   <trkpt lat="42.93657" lon="0.13827">
    <ele>2738.03</ele>
   </trkpt>
   <trkpt lat="42.9367" lon="0.13779000000000002">
    <ele>2729.34</ele>
   </trkpt>
   <trkpt lat="42.936690000000006" lon="0.13774">
    <ele>2729.34</ele>
   </trkpt>
   <trkpt lat="42.936460000000004" lon="0.13792000000000001">
    <ele>2719.4700000000003</ele>
   </trkpt>
   <trkpt lat="42.936370000000004" lon="0.13805">
    <ele>2719.4700000000003</ele>
   </trkpt>
   <trkpt lat="42.936330000000005" lon="0.13804000000000002">
    <ele>2718.32</ele>
   </trkpt>
   <trkpt lat="42.93636" lon="0.13779000000000002">
    <ele>2714.4</ele>
   </trkpt>
   <trkpt lat="42.93632" lon="0.13738">
    <ele>2704.2300000000005</ele>
   </trkpt>
   <trkpt lat="42.936370000000004" lon="0.13673000000000002">
    <ele>2689.98</ele>
   </trkpt>
   <trkpt lat="42.936350000000004" lon="0.13629000000000002">
    <ele>2680.9700000000003</ele>
   </trkpt>
   <trkpt lat="42.936280000000004" lon="0.13633">
    <ele>2678.84</ele>
   </trkpt>
   <trkpt lat="42.93623" lon="0.13639">
    <ele>2677.7300000000005</ele>
   </trkpt>
   <trkpt lat="42.93598" lon="0.13658">
    <ele>2669.1600000000003</ele>
   </trkpt>
   <trkpt lat="42.935590000000005" lon="0.13694">
    <ele>2659.7400000000002</ele>
   </trkpt>
   <trkpt lat="42.935480000000005" lon="0.13722">
    <ele>2657.61</ele>
   </trkpt>
   <trkpt lat="42.93542" lon="0.13703">
    <ele>2656.21</ele>
   </trkpt>
   <trkpt lat="42.93542" lon="0.13677">
    <ele>2655.04</ele>
   </trkpt>
   <trkpt lat="42.935590000000005" lon="0.13625">
    <ele>2648.6800000000003</ele>
   </trkpt>
   <trkpt lat="42.935680000000005" lon="0.13571">
    <ele>2642.6200000000003</ele>
   </trkpt>
   <trkpt lat="42.93562" lon="0.13518000000000002">
    <ele>2637.92</ele>
   </trkpt>
   <trkpt lat="42.9356" lon="0.13512000000000002">
    <ele>2637.3100000000004</ele>
   </trkpt>
   <trkpt lat="42.93549" lon="0.13502">
    <ele>2633.8</ele>
   </trkpt>
   <trkpt lat="42.93544000000001" lon="0.13501000000000002">
    <ele>2633.8</ele>
   </trkpt>
   <trkpt lat="42.935340000000004" lon="0.13504000000000002">
    <ele>2632.5200000000004</ele>
   </trkpt>
   <trkpt lat="42.93529" lon="0.13508">
    <ele>2631.93</ele>
   </trkpt>
   <trkpt lat="42.93513" lon="0.13528">
    <ele>2629.4300000000003</ele>
   </trkpt>
   <trkpt lat="42.93469" lon="0.13557000000000002">
    <ele>2622.8900000000003</ele>
   </trkpt>
   <trkpt lat="42.93450000000001" lon="0.13567">
    <ele>2619.86</ele>
   </trkpt>
   <trkpt lat="42.934470000000005" lon="0.13571">
    <ele>2619.86</ele>
   </trkpt>
   <trkpt lat="42.934430000000006" lon="0.13582000000000002">
    <ele>2619.33</ele>
   </trkpt>
   <trkpt lat="42.934400000000004" lon="0.13602">
    <ele>2618.77</ele>
   </trkpt>
   <trkpt lat="42.93433" lon="0.13625">
    <ele>2615.8</ele>
   </trkpt>
   <trkpt lat="42.93437" lon="0.13659000000000002">
    <ele>2611.46</ele>
   </trkpt>
   <trkpt lat="42.934430000000006" lon="0.13667">
    <ele>2610.31</ele>
   </trkpt>
   <trkpt lat="42.93457" lon="0.1368">
    <ele>2608.1600000000003</ele>
   </trkpt>
   <trkpt lat="42.934580000000004" lon="0.13690000000000002">
    <ele>2607.2000000000003</ele>
   </trkpt>
   <trkpt lat="42.934560000000005" lon="0.13701000000000002">
    <ele>2607.2000000000003</ele>
   </trkpt>
   <trkpt lat="42.93453" lon="0.13704000000000002">
    <ele>2605.83</ele>
   </trkpt>
   <trkpt lat="42.93446" lon="0.13704000000000002">
    <ele>2605.83</ele>
   </trkpt>
   <trkpt lat="42.934400000000004" lon="0.13698000000000002">
    <ele>2604.84</ele>
   </trkpt>
   <trkpt lat="42.93426" lon="0.13666">
    <ele>2602.04</ele>
   </trkpt>
   <trkpt lat="42.93421" lon="0.13646">
    <ele>2599.8900000000003</ele>
   </trkpt>
   <trkpt lat="42.93419" lon="0.13625">
    <ele>2598.73</ele>
   </trkpt>
   <trkpt lat="42.93421" lon="0.13589">
    <ele>2593.77</ele>
   </trkpt>
   <trkpt lat="42.934160000000006" lon="0.1356">
    <ele>2589.92</ele>
   </trkpt>
   <trkpt lat="42.93415" lon="0.13519">
    <ele>2587.63</ele>
   </trkpt>
   <trkpt lat="42.93412" lon="0.13491">
    <ele>2584.88</ele>
   </trkpt>
   <trkpt lat="42.93413" lon="0.13471000000000002">
    <ele>2582.8100000000004</ele>
   </trkpt>
   <trkpt lat="42.934160000000006" lon="0.13452">
    <ele>2580.69</ele>
   </trkpt>
   <trkpt lat="42.93413" lon="0.13442">
    <ele>2580.69</ele>
   </trkpt>
   <trkpt lat="42.9341" lon="0.13439">
    <ele>2580.69</ele>
   </trkpt>
   <trkpt lat="42.93404" lon="0.13438">
    <ele>2580.69</ele>
   </trkpt>
   <trkpt lat="42.93397" lon="0.13445000000000001">
    <ele>2577.71</ele>
   </trkpt>
   <trkpt lat="42.93395" lon="0.13455">
    <ele>2577.71</ele>
   </trkpt>
   <trkpt lat="42.93399" lon="0.13495000000000001">
    <ele>2574.32</ele>
   </trkpt>
   <trkpt lat="42.933980000000005" lon="0.13519">
    <ele>2572.63</ele>
   </trkpt>
   <trkpt lat="42.933890000000005" lon="0.13567">
    <ele>2566.28</ele>
   </trkpt>
   <trkpt lat="42.93392" lon="0.13597">
    <ele>2563.8300000000004</ele>
   </trkpt>
   <trkpt lat="42.933910000000004" lon="0.13609000000000002">
    <ele>2563.8300000000004</ele>
   </trkpt>
   <trkpt lat="42.93381" lon="0.13666">
    <ele>2556.1000000000004</ele>
   </trkpt>
   <trkpt lat="42.933710000000005" lon="0.13684000000000002">
    <ele>2553.7599999999998</ele>
   </trkpt>
   <trkpt lat="42.93366" lon="0.13701000000000002">
    <ele>2553.7599999999998</ele>
   </trkpt>
   <trkpt lat="42.933690000000006" lon="0.13785">
    <ele>2544.7000000000003</ele>
   </trkpt>
   <trkpt lat="42.933490000000006" lon="0.13881000000000002">
    <ele>2535.4100000000003</ele>
   </trkpt>
   <trkpt lat="42.933460000000004" lon="0.13923000000000002">
    <ele>2531.1000000000004</ele>
   </trkpt>
   <trkpt lat="42.93343" lon="0.13938">
    <ele>2531.1000000000004</ele>
   </trkpt>
   <trkpt lat="42.933170000000004" lon="0.14019">
    <ele>2520.9</ele>
   </trkpt>
   <trkpt lat="42.93305" lon="0.14077">
    <ele>2515.55</ele>
   </trkpt>
   <trkpt lat="42.933020000000006" lon="0.14084000000000002">
    <ele>2515.55</ele>
   </trkpt>
   <trkpt lat="42.93298" lon="0.14086">
    <ele>2515.55</ele>
   </trkpt>
   <trkpt lat="42.932950000000005" lon="0.14085">
    <ele>2515.55</ele>
   </trkpt>
   <trkpt lat="42.932900000000004" lon="0.14078000000000002">
    <ele>2513.49</ele>
   </trkpt>
   <trkpt lat="42.93289" lon="0.14072">
    <ele>2513.49</ele>
   </trkpt>
   <trkpt lat="42.93298" lon="0.14040000000000002">
    <ele>2509.11</ele>
   </trkpt>
   <trkpt lat="42.932970000000005" lon="0.14021">
    <ele>2507.82</ele>
   </trkpt>
   <trkpt lat="42.933020000000006" lon="0.13953000000000002">
    <ele>2500.51</ele>
   </trkpt>
   <trkpt lat="42.93300000000001" lon="0.13856000000000002">
    <ele>2490.42</ele>
   </trkpt>
   <trkpt lat="42.93292" lon="0.13782">
    <ele>2484.01</ele>
   </trkpt>
   <trkpt lat="42.932970000000005" lon="0.13743000000000002">
    <ele>2481.6000000000004</ele>
   </trkpt>
   <trkpt lat="42.93296" lon="0.13737000000000002">
    <ele>2481.6000000000004</ele>
   </trkpt>
   <trkpt lat="42.932930000000006" lon="0.13733">
    <ele>2479.9700000000003</ele>
   </trkpt>
   <trkpt lat="42.932860000000005" lon="0.13732">
    <ele>2479.9700000000003</ele>
   </trkpt>
   <trkpt lat="42.9328" lon="0.13737000000000002">
    <ele>2479.08</ele>
   </trkpt>
   <trkpt lat="42.93276" lon="0.13746">
    <ele>2479.08</ele>
   </trkpt>
   <trkpt lat="42.93282000000001" lon="0.13771">
    <ele>2475.61</ele>
   </trkpt>
   <trkpt lat="42.93282000000001" lon="0.13788">
    <ele>2474.0</ele>
   </trkpt>
   <trkpt lat="42.932700000000004" lon="0.13833">
    <ele>2469.59</ele>
   </trkpt>
   <trkpt lat="42.93249" lon="0.13890000000000002">
    <ele>2461.79</ele>
   </trkpt>
   <trkpt lat="42.932370000000006" lon="0.13952">
    <ele>2457.13</ele>
   </trkpt>
   <trkpt lat="42.93218" lon="0.14002">
    <ele>2452.05</ele>
   </trkpt>
   <trkpt lat="42.932170000000006" lon="0.14036">
    <ele>2449.8</ele>
   </trkpt>
   <trkpt lat="42.932140000000004" lon="0.14068">
    <ele>2446.5000000000005</ele>
   </trkpt>
   <trkpt lat="42.93216" lon="0.14092000000000002">
    <ele>2444.05</ele>
   </trkpt>
   <trkpt lat="42.93215" lon="0.14135">
    <ele>2439.5</ele>
   </trkpt>
   <trkpt lat="42.93211" lon="0.14163">
    <ele>2434.12</ele>
   </trkpt>
   <trkpt lat="42.932050000000004" lon="0.14181000000000002">
    <ele>2434.12</ele>
   </trkpt>
   <trkpt lat="42.932010000000005" lon="0.14223000000000002">
    <ele>2429.6600000000003</ele>
   </trkpt>
   <trkpt lat="42.931940000000004" lon="0.14253000000000002">
    <ele>2428.11</ele>
   </trkpt>
   <trkpt lat="42.931940000000004" lon="0.14284000000000002">
    <ele>2425.3</ele>
   </trkpt>
   <trkpt lat="42.931900000000006" lon="0.14294">
    <ele>2423.17</ele>
   </trkpt>
   <trkpt lat="42.93184" lon="0.14300000000000002">
    <ele>2423.17</ele>
   </trkpt>
   <trkpt lat="42.93177" lon="0.14300000000000002">
    <ele>2421.6600000000003</ele>
   </trkpt>
   <trkpt lat="42.93173" lon="0.14294">
    <ele>2421.6600000000003</ele>
   </trkpt>
   <trkpt lat="42.931830000000005" lon="0.14227">
    <ele>2413.9500000000003</ele>
   </trkpt>
   <trkpt lat="42.93184" lon="0.14206000000000002">
    <ele>2413.37</ele>
   </trkpt>
   <trkpt lat="42.93171" lon="0.14109000000000002">
    <ele>2403.5800000000004</ele>
   </trkpt>
   <trkpt lat="42.93164" lon="0.14089000000000002">
    <ele>2401.17</ele>
   </trkpt>
   <trkpt lat="42.93148" lon="0.14057">
    <ele>2397.3500000000004</ele>
   </trkpt>
   <trkpt lat="42.931345001610154" lon="0.1399699988780394">
    <ele>2392.61</ele>
   </trkpt>
   <trkpt lat="42.93121" lon="0.13937000000000002">
    <ele>2385.92</ele>
   </trkpt>
   <trkpt lat="42.930960000000006" lon="0.13889">
    <ele>2379.47</ele>
   </trkpt>
   <trkpt lat="42.930910000000004" lon="0.13864">
    <ele>2377.36</ele>
   </trkpt>
   <trkpt lat="42.930960000000006" lon="0.1383">
    <ele>2374.75</ele>
   </trkpt>
   <trkpt lat="42.93094000000001" lon="0.13822">
    <ele>2374.75</ele>
   </trkpt>
   <trkpt lat="42.93075" lon="0.13794">
    <ele>2372.67</ele>
   </trkpt>
   <trkpt lat="42.93068" lon="0.13789">
    <ele>2372.13</ele>
   </trkpt>
   <trkpt lat="42.93063" lon="0.13789">
    <ele>2371.6700000000005</ele>
   </trkpt>
   <trkpt lat="42.930580000000006" lon="0.13793000000000002">
    <ele>2371.41</ele>
   </trkpt>
   <trkpt lat="42.93036" lon="0.13823000000000002">
    <ele>2368.64</ele>
   </trkpt>
   <trkpt lat="42.930220000000006" lon="0.1383">
    <ele>2368.31</ele>
   </trkpt>
   <trkpt lat="42.93000000000001" lon="0.13826000000000002">
    <ele>2366.3100000000004</ele>
   </trkpt>
   <trkpt lat="42.92951" lon="0.13828000000000001">
    <ele>2361.7400000000002</ele>
   </trkpt>
   <trkpt lat="42.92891" lon="0.13848000000000002">
    <ele>2357.11</ele>
   </trkpt>
   <trkpt lat="42.92878" lon="0.13849">
    <ele>2354.07</ele>
   </trkpt>
   <trkpt lat="42.92850000000001" lon="0.13841">
    <ele>2351.26</ele>
   </trkpt>
   <trkpt lat="42.92774" lon="0.13808">
    <ele>2344.7200000000003</ele>
   </trkpt>
   <trkpt lat="42.92739" lon="0.13789">
    <ele>2340.8100000000004</ele>
   </trkpt>
   <trkpt lat="42.927060000000004" lon="0.13777">
    <ele>2338.07</ele>
   </trkpt>
   <trkpt lat="42.926880000000004" lon="0.13762000000000002">
    <ele>2335.7200000000003</ele>
   </trkpt>
   <trkpt lat="42.92672" lon="0.13756000000000002">
    <ele>2331.57</ele>
   </trkpt>
   <trkpt lat="42.92658" lon="0.13748000000000002">
    <ele>2326.23</ele>
   </trkpt>
   <trkpt lat="42.926460000000006" lon="0.13736">
    <ele>2322.03</ele>
   </trkpt>
   <trkpt lat="42.92633" lon="0.13727">
    <ele>2318.1000000000004</ele>
   </trkpt>
   <trkpt lat="42.92633" lon="0.13719">
    <ele>2316.88</ele>
   </trkpt>
   <trkpt lat="42.926500000000004" lon="0.13708">
    <ele>2312.3300000000004</ele>
   </trkpt>
   <trkpt lat="42.926660000000005" lon="0.13690000000000002">
    <ele>2306.74</ele>
   </trkpt>
   <trkpt lat="42.92691000000001" lon="0.13676000000000002">
    <ele>2302.2500000000005</ele>
   </trkpt>
   <trkpt lat="42.926930000000006" lon="0.13671">
    <ele>2302.2500000000005</ele>
   </trkpt>
   <trkpt lat="42.926930000000006" lon="0.13665000000000002">
    <ele>2301.72</ele>
   </trkpt>
   <trkpt lat="42.92689" lon="0.13654000000000002">
    <ele>2300.4900000000002</ele>
   </trkpt>
   <trkpt lat="42.926880000000004" lon="0.13621">
    <ele>2296.01</ele>
   </trkpt>
   <trkpt lat="42.926840000000006" lon="0.13611">
    <ele>2295.17</ele>
   </trkpt>
   <trkpt lat="42.926700000000004" lon="0.13590000000000002">
    <ele>2291.16</ele>
   </trkpt>
   <trkpt lat="42.92631" lon="0.13547">
    <ele>2277.34</ele>
   </trkpt>
   <trkpt lat="42.92631" lon="0.13542">
    <ele>2277.34</ele>
   </trkpt>
   <trkpt lat="42.926260000000006" lon="0.13537000000000002">
    <ele>2275.6600000000003</ele>
   </trkpt>
   <trkpt lat="42.926120000000004" lon="0.13511">
    <ele>2272.23</ele>
   </trkpt>
   <trkpt lat="42.92591" lon="0.13484000000000002">
    <ele>2268.4700000000003</ele>
   </trkpt>
   <trkpt lat="42.92569" lon="0.13442">
    <ele>2260.45</ele>
   </trkpt>
   <trkpt lat="42.92564" lon="0.13446000000000002">
    <ele>2260.45</ele>
   </trkpt>
   <trkpt lat="42.92564" lon="0.13471000000000002">
    <ele>2258.2400000000002</ele>
   </trkpt>
   <trkpt lat="42.925610000000006" lon="0.13483">
    <ele>2256.45</ele>
   </trkpt>
   <trkpt lat="42.92551" lon="0.13492">
    <ele>2253.63</ele>
   </trkpt>
   <trkpt lat="42.92549" lon="0.13490000000000002">
    <ele>2253.63</ele>
   </trkpt>
   <trkpt lat="42.92551" lon="0.13474">
    <ele>2248.72</ele>
   </trkpt>
   <trkpt lat="42.925470000000004" lon="0.13467">
    <ele>2248.72</ele>
   </trkpt>
   <trkpt lat="42.92524" lon="0.13449">
    <ele>2242.35</ele>
   </trkpt>
   <trkpt lat="42.925200000000004" lon="0.13448000000000002">
    <ele>2242.35</ele>
   </trkpt>
   <trkpt lat="42.925140000000006" lon="0.13452">
    <ele>2240.45</ele>
   </trkpt>
   <trkpt lat="42.92508" lon="0.13452">
    <ele>2239.34</ele>
   </trkpt>
   <trkpt lat="42.9251" lon="0.13446000000000002">
    <ele>2238.08</ele>
   </trkpt>
   <trkpt lat="42.925090000000004" lon="0.13444">
    <ele>2236.65</ele>
   </trkpt>
   <trkpt lat="42.92503000000001" lon="0.13442">
    <ele>2235.0800000000004</ele>
   </trkpt>
   <trkpt lat="42.924910000000004" lon="0.13434000000000001">
    <ele>2230.09</ele>
   </trkpt>
   <trkpt lat="42.924850000000006" lon="0.13415000000000002">
    <ele>2225.94</ele>
   </trkpt>
   <trkpt lat="42.924820000000004" lon="0.13411">
    <ele>2224.76</ele>
   </trkpt>
   <trkpt lat="42.924710000000005" lon="0.13404000000000002">
    <ele>2224.1600000000003</ele>
   </trkpt>
   <trkpt lat="42.924510000000005" lon="0.13385000000000002">
    <ele>2223.91</ele>
   </trkpt>
   <trkpt lat="42.924400000000006" lon="0.1337">
    <ele>2223.04</ele>
   </trkpt>
   <trkpt lat="42.92432" lon="0.13366">
    <ele>2220.93</ele>
   </trkpt>
   <trkpt lat="42.92416" lon="0.13332000000000002">
    <ele>2216.6</ele>
   </trkpt>
   <trkpt lat="42.92409000000001" lon="0.13303">
    <ele>2216.61</ele>
   </trkpt>
   <trkpt lat="42.923880000000004" lon="0.13261">
    <ele>2220.25</ele>
   </trkpt>
   <trkpt lat="42.923820000000006" lon="0.13257000000000002">
    <ele>2219.76</ele>
   </trkpt>
   <trkpt lat="42.92372" lon="0.13256">
    <ele>2219.61</ele>
   </trkpt>
   <trkpt lat="42.92358" lon="0.13262000000000002">
    <ele>2220.2000000000003</ele>
   </trkpt>
   <trkpt lat="42.923480000000005" lon="0.13253">
    <ele>2220.5000000000005</ele>
   </trkpt>
   <trkpt lat="42.92344000000001" lon="0.13240000000000002">
    <ele>2220.03</ele>
   </trkpt>
   <trkpt lat="42.92333" lon="0.13238">
    <ele>2219.29</ele>
   </trkpt>
   <trkpt lat="42.923190000000005" lon="0.13240000000000002">
    <ele>2218.9</ele>
   </trkpt>
   <trkpt lat="42.92296" lon="0.13227">
    <ele>2220.48</ele>
   </trkpt>
   <trkpt lat="42.9224" lon="0.13223000000000001">
    <ele>2221.35</ele>
   </trkpt>
   <trkpt lat="42.92226" lon="0.13218000000000002">
    <ele>2221.3100000000004</ele>
   </trkpt>
   <trkpt lat="42.922160000000005" lon="0.13209">
    <ele>2221.33</ele>
   </trkpt>
   <trkpt lat="42.92203000000001" lon="0.13174000000000002">
    <ele>2219.3900000000003</ele>
   </trkpt>
   <trkpt lat="42.92197" lon="0.13165000000000002">
    <ele>2218.68</ele>
   </trkpt>
   <trkpt lat="42.92188" lon="0.13160000000000002">
    <ele>2218.1900000000005</ele>
   </trkpt>
   <trkpt lat="42.92161" lon="0.13155">
    <ele>2217.7000000000003</ele>
   </trkpt>
   <trkpt lat="42.92152" lon="0.13145">
    <ele>2217.83</ele>
   </trkpt>
   <trkpt lat="42.92147000000001" lon="0.13136">
    <ele>2217.83</ele>
   </trkpt>
   <trkpt lat="42.921400000000006" lon="0.13097">
    <ele>2216.52</ele>
   </trkpt>
   <trkpt lat="42.921330000000005" lon="0.13076000000000002">
    <ele>2215.37</ele>
   </trkpt>
   <trkpt lat="42.921240000000004" lon="0.13062">
    <ele>2214.9400000000005</ele>
   </trkpt>
   <trkpt lat="42.920840000000005" lon="0.13016">
    <ele>2217.13</ele>
   </trkpt>
   <trkpt lat="42.920410000000004" lon="0.12944">
    <ele>2220.04</ele>
   </trkpt>
   <trkpt lat="42.92006000000001" lon="0.12894">
    <ele>2230.1600000000003</ele>
   </trkpt>
   <trkpt lat="42.919940000000004" lon="0.12883">
    <ele>2234.14</ele>
   </trkpt>
   <trkpt lat="42.91982" lon="0.12868000000000002">
    <ele>2235.82</ele>
   </trkpt>
   <trkpt lat="42.91969" lon="0.12858">
    <ele>2240.5000000000005</ele>
   </trkpt>
   <trkpt lat="42.919430000000006" lon="0.12852000000000002">
    <ele>2245.6</ele>
   </trkpt>
   <trkpt lat="42.919090000000004" lon="0.12835000000000002">
    <ele>2250.3900000000003</ele>
   </trkpt>
   <trkpt lat="42.91874000000001" lon="0.12815000000000001">
    <ele>2256.05</ele>
   </trkpt>
   <trkpt lat="42.91866" lon="0.12805">
    <ele>2257.7400000000002</ele>
   </trkpt>
   <trkpt lat="42.918620000000004" lon="0.12794">
    <ele>2261.4300000000003</ele>
   </trkpt>
   <trkpt lat="42.918470000000006" lon="0.12775">
    <ele>2265.06</ele>
   </trkpt>
   <trkpt lat="42.918420000000005" lon="0.12772">
    <ele>2265.06</ele>
   </trkpt>
   <trkpt lat="42.91843" lon="0.12769">
    <ele>2265.06</ele>
   </trkpt>
   <trkpt lat="42.91861" lon="0.12766000000000002">
    <ele>2270.0</ele>
   </trkpt>
   <trkpt lat="42.91864" lon="0.12763000000000002">
    <ele>2270.0</ele>
   </trkpt>
   <trkpt lat="42.91874000000001" lon="0.12763000000000002">
    <ele>2272.5600000000004</ele>
   </trkpt>
   <trkpt lat="42.91886" lon="0.12774000000000002">
    <ele>2274.53</ele>
   </trkpt>
   <trkpt lat="42.918870000000005" lon="0.12772">
    <ele>2274.53</ele>
   </trkpt>
   <trkpt lat="42.91881" lon="0.12759">
    <ele>2275.9900000000002</ele>
   </trkpt>
   <trkpt lat="42.91859" lon="0.12729000000000001">
    <ele>2281.9</ele>
   </trkpt>
   <trkpt lat="42.91841" lon="0.1272">
    <ele>2288.78</ele>
   </trkpt>
   <trkpt lat="42.91841" lon="0.12716000000000002">
    <ele>2288.78</ele>
   </trkpt>
   <trkpt lat="42.9185" lon="0.12712">
    <ele>2290.6600000000003</ele>
   </trkpt>
   <trkpt lat="42.91861" lon="0.12710000000000002">
    <ele>2295.25</ele>
   </trkpt>
   <trkpt lat="42.918710000000004" lon="0.12712">
    <ele>2297.3700000000003</ele>
   </trkpt>
   <trkpt lat="42.91872" lon="0.12708">
    <ele>2298.59</ele>
   </trkpt>
   <trkpt lat="42.91863" lon="0.12692">
    <ele>2303.9300000000003</ele>
   </trkpt>
   <trkpt lat="42.91864" lon="0.12688000000000002">
    <ele>2303.9300000000003</ele>
   </trkpt>
   <trkpt lat="42.918710000000004" lon="0.12682000000000002">
    <ele>2304.61</ele>
   </trkpt>
   <trkpt lat="42.91924" lon="0.12651">
    <ele>2303.62</ele>
   </trkpt>
   <trkpt lat="42.919500000000006" lon="0.12631">
    <ele>2303.9500000000003</ele>
   </trkpt>
   <trkpt lat="42.91984" lon="0.12594000000000002">
    <ele>2304.07</ele>
   </trkpt>
   <trkpt lat="42.920100000000005" lon="0.12551">
    <ele>2304.94</ele>
   </trkpt>
   <trkpt lat="42.92024000000001" lon="0.12534">
    <ele>2306.05</ele>
   </trkpt>
   <trkpt lat="42.920350000000006" lon="0.12511">
    <ele>2306.3100000000004</ele>
   </trkpt>
   <trkpt lat="42.920515001951614" lon="0.12444000180209508">
    <ele>2306.2599999999998</ele>
   </trkpt>
   <trkpt lat="42.920680000000004" lon="0.12377">
    <ele>2314.7999999999997</ele>
   </trkpt>
   <trkpt lat="42.920750000000005" lon="0.12373">
    <ele>2314.82</ele>
   </trkpt>
   <trkpt lat="42.92107" lon="0.12361000000000001">
    <ele>2313.31</ele>
   </trkpt>
   <trkpt lat="42.921910000000004" lon="0.12343000000000001">
    <ele>2304.3500000000004</ele>
   </trkpt>
   <trkpt lat="42.922000000000004" lon="0.12335000000000002">
    <ele>2303.3300000000004</ele>
   </trkpt>
   <trkpt lat="42.922160000000005" lon="0.12329000000000001">
    <ele>2301.7000000000003</ele>
   </trkpt>
   <trkpt lat="42.922230000000006" lon="0.12328000000000001">
    <ele>2299.9</ele>
   </trkpt>
   <trkpt lat="42.922230000000006" lon="0.12326000000000001">
    <ele>2299.9</ele>
   </trkpt>
   <trkpt lat="42.92217" lon="0.12322000000000001">
    <ele>2298.83</ele>
   </trkpt>
   <trkpt lat="42.92206" lon="0.12318000000000001">
    <ele>2295.4100000000003</ele>
   </trkpt>
   <trkpt lat="42.922050000000006" lon="0.12316">
    <ele>2294.35</ele>
   </trkpt>
   <trkpt lat="42.92208" lon="0.12313">
    <ele>2294.35</ele>
   </trkpt>
   <trkpt lat="42.92219" lon="0.12309">
    <ele>2291.4800000000005</ele>
   </trkpt>
   <trkpt lat="42.922290000000004" lon="0.12308000000000001">
    <ele>2289.34</ele>
   </trkpt>
   <trkpt lat="42.922450000000005" lon="0.12311000000000001">
    <ele>2284.31</ele>
   </trkpt>
   <trkpt lat="42.922630000000005" lon="0.12307000000000001">
    <ele>2278.68</ele>
   </trkpt>
   <trkpt lat="42.922520000000006" lon="0.12295">
    <ele>2274.05</ele>
   </trkpt>
   <trkpt lat="42.922790000000006" lon="0.12293000000000001">
    <ele>2265.75</ele>
   </trkpt>
   <trkpt lat="42.922920000000005" lon="0.12296000000000001">
    <ele>2261.18</ele>
   </trkpt>
   <trkpt lat="42.92287" lon="0.12284">
    <ele>2256.44</ele>
   </trkpt>
   <trkpt lat="42.92298" lon="0.1228">
    <ele>2251.6000000000004</ele>
   </trkpt>
   <trkpt lat="42.92291" lon="0.12269000000000001">
    <ele>2250.0600000000004</ele>
   </trkpt>
   <trkpt lat="42.923080000000006" lon="0.12267000000000002">
    <ele>2246.17</ele>
   </trkpt>
   <trkpt lat="42.92293" lon="0.12252">
    <ele>2240.4100000000003</ele>
   </trkpt>
   <trkpt lat="42.92305" lon="0.12249000000000002">
    <ele>2236.06</ele>
   </trkpt>
   <trkpt lat="42.92311" lon="0.12251000000000001">
    <ele>2236.06</ele>
   </trkpt>
   <trkpt lat="42.92313" lon="0.12249000000000002">
    <ele>2236.06</ele>
   </trkpt>
   <trkpt lat="42.92286" lon="0.12224000000000002">
    <ele>2224.61</ele>
   </trkpt>
   <trkpt lat="42.922810000000005" lon="0.12216">
    <ele>2223.31</ele>
   </trkpt>
   <trkpt lat="42.92302" lon="0.12209">
    <ele>2218.78</ele>
   </trkpt>
   <trkpt lat="42.92322" lon="0.12210000000000001">
    <ele>2215.6800000000003</ele>
   </trkpt>
   <trkpt lat="42.92331" lon="0.12218000000000001">
    <ele>2213.33</ele>
   </trkpt>
   <trkpt lat="42.923350000000006" lon="0.12216">
    <ele>2213.33</ele>
   </trkpt>
   <trkpt lat="42.92347" lon="0.12227">
    <ele>2209.82</ele>
   </trkpt>
   <trkpt lat="42.923770000000005" lon="0.12228000000000001">
    <ele>2206.35</ele>
   </trkpt>
   <trkpt lat="42.92400000000001" lon="0.12221000000000001">
    <ele>2205.48</ele>
   </trkpt>
   <trkpt lat="42.924330000000005" lon="0.12201000000000001">
    <ele>2207.64</ele>
   </trkpt>
   <trkpt lat="42.924490000000006" lon="0.12194">
    <ele>2208.9700000000003</ele>
   </trkpt>
   <trkpt lat="42.92475" lon="0.12175000000000001">
    <ele>2210.59</ele>
   </trkpt>
   <trkpt lat="42.92515" lon="0.12131000000000002">
    <ele>2213.77</ele>
   </trkpt>
   <trkpt lat="42.925250000000005" lon="0.12101">
    <ele>2213.92</ele>
   </trkpt>
   <trkpt lat="42.92541000000001" lon="0.12039000000000001">
    <ele>2216.58</ele>
   </trkpt>
   <trkpt lat="42.92551" lon="0.12028000000000001">
    <ele>2216.58</ele>
   </trkpt>
   <trkpt lat="42.925790000000006" lon="0.11976">
    <ele>2217.84</ele>
   </trkpt>
   <trkpt lat="42.925850000000004" lon="0.11937">
    <ele>2218.11</ele>
   </trkpt>
   <trkpt lat="42.92587" lon="0.11906000000000001">
    <ele>2219.05</ele>
   </trkpt>
   <trkpt lat="42.92604" lon="0.1188">
    <ele>2221.12</ele>
   </trkpt>
   <trkpt lat="42.926230000000004" lon="0.11864000000000001">
    <ele>2221.69</ele>
   </trkpt>
   <trkpt lat="42.92633" lon="0.11860000000000001">
    <ele>2221.09</ele>
   </trkpt>
   <trkpt lat="42.92658" lon="0.11868000000000001">
    <ele>2218.9900000000002</ele>
   </trkpt>
   <trkpt lat="42.92676" lon="0.11868000000000001">
    <ele>2217.12</ele>
   </trkpt>
   <trkpt lat="42.92699" lon="0.11857000000000001">
    <ele>2215.4100000000003</ele>
   </trkpt>
   <trkpt lat="42.9271" lon="0.11844">
    <ele>2214.96</ele>
   </trkpt>
   <trkpt lat="42.927290000000006" lon="0.11834000000000001">
    <ele>2214.7200000000003</ele>
   </trkpt>
   <trkpt lat="42.927350000000004" lon="0.11833">
    <ele>2214.36</ele>
   </trkpt>
   <trkpt lat="42.92757" lon="0.11798000000000002">
    <ele>2212.63</ele>
   </trkpt>
   <trkpt lat="42.92768" lon="0.11774000000000001">
    <ele>2212.75</ele>
   </trkpt>
   <trkpt lat="42.92774" lon="0.11767000000000001">
    <ele>2213.0499999999997</ele>
   </trkpt>
   <trkpt lat="42.92804" lon="0.11753000000000001">
    <ele>2216.06</ele>
   </trkpt>
   <trkpt lat="42.92812000000001" lon="0.11743">
    <ele>2218.5200000000004</ele>
   </trkpt>
   <trkpt lat="42.928430000000006" lon="0.11742000000000001">
    <ele>2218.9700000000003</ele>
   </trkpt>
   <trkpt lat="42.92855" lon="0.11736">
    <ele>2218.35</ele>
   </trkpt>
   <trkpt lat="42.9286" lon="0.11731000000000001">
    <ele>2218.28</ele>
   </trkpt>
   <trkpt lat="42.92869" lon="0.11702000000000001">
    <ele>2218.7300000000005</ele>
   </trkpt>
   <trkpt lat="42.928760000000004" lon="0.11664000000000001">
    <ele>2223.25</ele>
   </trkpt>
   <trkpt lat="42.92889" lon="0.11637000000000002">
    <ele>2229.56</ele>
   </trkpt>
   <trkpt lat="42.92898" lon="0.11628000000000001">
    <ele>2232.4900000000002</ele>
   </trkpt>
   <trkpt lat="42.92918" lon="0.11617000000000001">
    <ele>2243.17</ele>
   </trkpt>
   <trkpt lat="42.92922" lon="0.11611">
    <ele>2243.17</ele>
   </trkpt>
   <trkpt lat="42.929480000000005" lon="0.11597">
    <ele>2251.19</ele>
   </trkpt>
   <trkpt lat="42.92954" lon="0.11598000000000001">
    <ele>2251.19</ele>
   </trkpt>
   <trkpt lat="42.9296" lon="0.11596000000000001">
    <ele>2252.31</ele>
   </trkpt>
   <trkpt lat="42.929750000000006" lon="0.11583000000000002">
    <ele>2258.15</ele>
   </trkpt>
   <trkpt lat="42.92983" lon="0.11579">
    <ele>2259.16</ele>
   </trkpt>
   <trkpt lat="42.9299" lon="0.11578000000000001">
    <ele>2261.9500000000003</ele>
   </trkpt>
   <trkpt lat="42.93001" lon="0.11563000000000001">
    <ele>2263.7200000000003</ele>
   </trkpt>
   <trkpt lat="42.930040000000005" lon="0.11555000000000001">
    <ele>2265.45</ele>
   </trkpt>
   <trkpt lat="42.93005" lon="0.11542000000000001">
    <ele>2267.28</ele>
   </trkpt>
   <trkpt lat="42.93000000000001" lon="0.11517000000000001">
    <ele>2272.12</ele>
   </trkpt>
   <trkpt lat="42.929990000000004" lon="0.11475">
    <ele>2277.7700000000004</ele>
   </trkpt>
   <trkpt lat="42.93005" lon="0.11433000000000001">
    <ele>2285.93</ele>
   </trkpt>
   <trkpt lat="42.930080000000004" lon="0.11432">
    <ele>2285.93</ele>
   </trkpt>
   <trkpt lat="42.930240000000005" lon="0.11466000000000001">
    <ele>2294.61</ele>
   </trkpt>
   <trkpt lat="42.93036" lon="0.11480000000000001">
    <ele>2297.15</ele>
   </trkpt>
   <trkpt lat="42.93043" lon="0.11432">
    <ele>2310.5200000000004</ele>
   </trkpt>
   <trkpt lat="42.930460000000004" lon="0.11428">
    <ele>2310.5200000000004</ele>
   </trkpt>
   <trkpt lat="42.93066" lon="0.11463000000000001">
    <ele>2319.02</ele>
   </trkpt>
   <trkpt lat="42.9307" lon="0.11467000000000001">
    <ele>2320.3500000000004</ele>
   </trkpt>
   <trkpt lat="42.93076000000001" lon="0.11417000000000001">
    <ele>2331.9100000000003</ele>
   </trkpt>
   <trkpt lat="42.930910000000004" lon="0.11392000000000001">
    <ele>2341.5099999999998</ele>
   </trkpt>
   <trkpt lat="42.93095" lon="0.11367000000000001">
    <ele>2346.76</ele>
   </trkpt>
   <trkpt lat="42.93094000000001" lon="0.11361">
    <ele>2347.8</ele>
   </trkpt>
   <trkpt lat="42.93086" lon="0.11349000000000001">
    <ele>2351.32</ele>
   </trkpt>
   <trkpt lat="42.931000000000004" lon="0.11317">
    <ele>2355.76</ele>
   </trkpt>
   <trkpt lat="42.931000000000004" lon="0.11311000000000002">
    <ele>2356.5</ele>
   </trkpt>
   <trkpt lat="42.93092" lon="0.11291000000000001">
    <ele>2358.6</ele>
   </trkpt>
   <trkpt lat="42.93075" lon="0.11277000000000001">
    <ele>2363.2000000000003</ele>
   </trkpt>
   <trkpt lat="42.9307" lon="0.11269000000000001">
    <ele>2364.3900000000003</ele>
   </trkpt>
   <trkpt lat="42.93068" lon="0.1126">
    <ele>2366.8900000000003</ele>
   </trkpt>
   <trkpt lat="42.93068" lon="0.1125">
    <ele>2369.0800000000004</ele>
   </trkpt>
   <trkpt lat="42.93075" lon="0.11232">
    <ele>2370.13</ele>
   </trkpt>
   <trkpt lat="42.93077" lon="0.11213000000000001">
    <ele>2368.67</ele>
   </trkpt>
   <trkpt lat="42.93083" lon="0.11208000000000001">
    <ele>2367.35</ele>
   </trkpt>
   <trkpt lat="42.930910000000004" lon="0.11190000000000001">
    <ele>2366.19</ele>
   </trkpt>
   <trkpt lat="42.93095" lon="0.11174">
    <ele>2364.1800000000003</ele>
   </trkpt>
   <trkpt lat="42.931050000000006" lon="0.11157">
    <ele>2361.8900000000003</ele>
   </trkpt>
   <trkpt lat="42.931090000000005" lon="0.11141000000000001">
    <ele>2360.01</ele>
   </trkpt>
   <trkpt lat="42.931290000000004" lon="0.11103">
    <ele>2352.4100000000003</ele>
   </trkpt>
   <trkpt lat="42.93132000000001" lon="0.11089">
    <ele>2347.76</ele>
   </trkpt>
   <trkpt lat="42.93135" lon="0.11050000000000001">
    <ele>2341.9700000000003</ele>
   </trkpt>
   <trkpt lat="42.931430000000006" lon="0.11017">
    <ele>2337.7700000000004</ele>
   </trkpt>
   <trkpt lat="42.93137" lon="0.10908000000000001">
    <ele>2321.19</ele>
   </trkpt>
   <trkpt lat="42.931380000000004" lon="0.10895">
    <ele>2319.17</ele>
   </trkpt>
   <trkpt lat="42.9313" lon="0.10856">
    <ele>2313.51</ele>
   </trkpt>
   <trkpt lat="42.93124" lon="0.10837000000000001">
    <ele>2308.98</ele>
   </trkpt>
   <trkpt lat="42.931230000000006" lon="0.10827">
    <ele>2307.32</ele>
   </trkpt>
   <trkpt lat="42.931290000000004" lon="0.10812000000000001">
    <ele>2305.1700000000005</ele>
   </trkpt>
   <trkpt lat="42.931360000000005" lon="0.10782000000000001">
    <ele>2300.4900000000002</ele>
   </trkpt>
   <trkpt lat="42.931360000000005" lon="0.10754000000000001">
    <ele>2292.32</ele>
   </trkpt>
   <trkpt lat="42.93128" lon="0.10709">
    <ele>2285.09</ele>
   </trkpt>
   <trkpt lat="42.93121" lon="0.10694000000000001">
    <ele>2279.83</ele>
   </trkpt>
   <trkpt lat="42.93119" lon="0.10676000000000001">
    <ele>2276.0299999999997</ele>
   </trkpt>
   <trkpt lat="42.93121" lon="0.10654000000000001">
    <ele>2268.88</ele>
   </trkpt>
   <trkpt lat="42.931160000000006" lon="0.10565000000000001">
    <ele>2253.75</ele>
   </trkpt>
   <trkpt lat="42.93103000000001" lon="0.10514000000000001">
    <ele>2244.34</ele>
   </trkpt>
   <trkpt lat="42.930960000000006" lon="0.10497000000000001">
    <ele>2241.27</ele>
   </trkpt>
   <trkpt lat="42.930870000000006" lon="0.10483">
    <ele>2238.8700000000003</ele>
   </trkpt>
   <trkpt lat="42.93079" lon="0.10476">
    <ele>2237.9200000000005</ele>
   </trkpt>
   <trkpt lat="42.9307" lon="0.10465">
    <ele>2236.64</ele>
   </trkpt>
   <trkpt lat="42.93063" lon="0.10389000000000001">
    <ele>2227.73</ele>
   </trkpt>
   <trkpt lat="42.930460000000004" lon="0.10276">
    <ele>2212.05</ele>
   </trkpt>
   <trkpt lat="42.93063" lon="0.10211">
    <ele>2201.5</ele>
   </trkpt>
   <trkpt lat="42.93063" lon="0.10196000000000001">
    <ele>2198.51</ele>
   </trkpt>
   <trkpt lat="42.931000000000004" lon="0.10128000000000001">
    <ele>2188.94</ele>
   </trkpt>
   <trkpt lat="42.931070000000005" lon="0.10111">
    <ele>2186.46</ele>
   </trkpt>
   <trkpt lat="42.93126" lon="0.1009">
    <ele>2181.68</ele>
   </trkpt>
   <trkpt lat="42.93142" lon="0.10045000000000001">
    <ele>2175.6300000000006</ele>
   </trkpt>
   <trkpt lat="42.93148" lon="0.10021000000000001">
    <ele>2169.96</ele>
   </trkpt>
   <trkpt lat="42.93148" lon="0.09992000000000001">
    <ele>2167.1400000000003</ele>
   </trkpt>
   <trkpt lat="42.931580000000004" lon="0.09904">
    <ele>2159.07</ele>
   </trkpt>
   <trkpt lat="42.93177" lon="0.09837000000000001">
    <ele>2155.4</ele>
   </trkpt>
   <trkpt lat="42.93175" lon="0.09828">
    <ele>2155.13</ele>
   </trkpt>
   <trkpt lat="42.93182" lon="0.09792000000000001">
    <ele>2153.33</ele>
   </trkpt>
   <trkpt lat="42.931920000000005" lon="0.09759000000000001">
    <ele>2153.92</ele>
   </trkpt>
   <trkpt lat="42.932010000000005" lon="0.09741000000000001">
    <ele>2153.94</ele>
   </trkpt>
   <trkpt lat="42.93225" lon="0.09712000000000001">
    <ele>2153.44</ele>
   </trkpt>
   <trkpt lat="42.932320000000004" lon="0.09696">
    <ele>2153.17</ele>
   </trkpt>
   <trkpt lat="42.93244000000001" lon="0.09679">
    <ele>2153.51</ele>
   </trkpt>
   <trkpt lat="42.932430000000004" lon="0.09670000000000001">
    <ele>2153.96</ele>
   </trkpt>
   <trkpt lat="42.932610000000004" lon="0.09630000000000001">
    <ele>2154.83</ele>
   </trkpt>
   <trkpt lat="42.93285" lon="0.09604000000000001">
    <ele>2150.29</ele>
   </trkpt>
   <trkpt lat="42.93296" lon="0.09561000000000001">
    <ele>2144.3</ele>
   </trkpt>
   <trkpt lat="42.933060000000005" lon="0.09546">
    <ele>2144.3</ele>
   </trkpt>
   <trkpt lat="42.933110000000006" lon="0.09542">
    <ele>2143.1</ele>
   </trkpt>
   <trkpt lat="42.933150000000005" lon="0.09542">
    <ele>2143.1</ele>
   </trkpt>
   <trkpt lat="42.93320000000001" lon="0.09545000000000001">
    <ele>2141.51</ele>
   </trkpt>
   <trkpt lat="42.93323" lon="0.09543">
    <ele>2140.78</ele>
   </trkpt>
   <trkpt lat="42.93328" lon="0.09532">
    <ele>2139.42</ele>
   </trkpt>
   <trkpt lat="42.93336" lon="0.09528">
    <ele>2138.6800000000003</ele>
   </trkpt>
   <trkpt lat="42.93343" lon="0.09536000000000001">
    <ele>2136.1700000000005</ele>
   </trkpt>
   <trkpt lat="42.933510000000005" lon="0.09537000000000001">
    <ele>2135.4700000000003</ele>
   </trkpt>
   <trkpt lat="42.93361" lon="0.09531">
    <ele>2134.52</ele>
   </trkpt>
   <trkpt lat="42.93372" lon="0.09503">
    <ele>2134.2700000000004</ele>
   </trkpt>
   <trkpt lat="42.933800000000005" lon="0.09503">
    <ele>2133.74</ele>
   </trkpt>
   <trkpt lat="42.934050000000006" lon="0.09489">
    <ele>2132.78</ele>
   </trkpt>
   <trkpt lat="42.934200000000004" lon="0.09471">
    <ele>2130.6800000000003</ele>
   </trkpt>
   <trkpt lat="42.9343" lon="0.09464">
    <ele>2130.09</ele>
   </trkpt>
   <trkpt lat="42.93446" lon="0.09462000000000001">
    <ele>2129.1200000000003</ele>
   </trkpt>
   <trkpt lat="42.93455" lon="0.09450000000000001">
    <ele>2127.3500000000004</ele>
   </trkpt>
   <trkpt lat="42.93469" lon="0.09422000000000001">
    <ele>2124.0400000000004</ele>
   </trkpt>
   <trkpt lat="42.93475" lon="0.09402">
    <ele>2121.7000000000003</ele>
   </trkpt>
   <trkpt lat="42.93477" lon="0.09372000000000001">
    <ele>2118.7</ele>
   </trkpt>
   <trkpt lat="42.93475" lon="0.09321">
    <ele>2113.1900000000005</ele>
   </trkpt>
   <trkpt lat="42.934900000000006" lon="0.09269000000000001">
    <ele>2108.38</ele>
   </trkpt>
   <trkpt lat="42.934920000000005" lon="0.09258000000000001">
    <ele>2108.38</ele>
   </trkpt>
   <trkpt lat="42.934920000000005" lon="0.09244000000000001">
    <ele>2106.6200000000003</ele>
   </trkpt>
   <trkpt lat="42.934960000000004" lon="0.0922">
    <ele>2104.87</ele>
   </trkpt>
   <trkpt lat="42.93504" lon="0.09189000000000001">
    <ele>2100.4500000000003</ele>
   </trkpt>
   <trkpt lat="42.935030000000005" lon="0.09177">
    <ele>2097.98</ele>
   </trkpt>
   <trkpt lat="42.935" lon="0.0917">
    <ele>2096.86</ele>
   </trkpt>
   <trkpt lat="42.93486" lon="0.09165000000000001">
    <ele>2094.19</ele>
   </trkpt>
   <trkpt lat="42.93482" lon="0.09114000000000001">
    <ele>2092.39</ele>
   </trkpt>
   <trkpt lat="42.934740000000005" lon="0.09112">
    <ele>2092.28</ele>
   </trkpt>
   <trkpt lat="42.934670000000004" lon="0.09107000000000001">
    <ele>2092.33</ele>
   </trkpt>
   <trkpt lat="42.934850000000004" lon="0.09060000000000001">
    <ele>2093.42</ele>
   </trkpt>
   <trkpt lat="42.934900000000006" lon="0.09040000000000001">
    <ele>2093.02</ele>
   </trkpt>
   <trkpt lat="42.934900000000006" lon="0.09013">
    <ele>2091.09</ele>
   </trkpt>
   <trkpt lat="42.934850000000004" lon="0.08995">
    <ele>2087.63</ele>
   </trkpt>
   <trkpt lat="42.93475" lon="0.09002">
    <ele>2085.9900000000002</ele>
   </trkpt>
   <trkpt lat="42.93462" lon="0.08996000000000001">
    <ele>2084.02</ele>
   </trkpt>
   <trkpt lat="42.93464" lon="0.08948">
    <ele>2080.54</ele>
   </trkpt>
   <trkpt lat="42.934470000000005" lon="0.08926">
    <ele>2075.9800000000005</ele>
   </trkpt>
   <trkpt lat="42.934340000000006" lon="0.0892">
    <ele>2072.55</ele>
   </trkpt>
   <trkpt lat="42.93423000000001" lon="0.08921000000000001">
    <ele>2071.26</ele>
   </trkpt>
   <trkpt lat="42.93413" lon="0.08904000000000001">
    <ele>2069.61</ele>
   </trkpt>
   <trkpt lat="42.934050000000006" lon="0.08886000000000001">
    <ele>2068.88</ele>
   </trkpt>
   <trkpt lat="42.93406" lon="0.08858">
    <ele>2068.2599999999998</ele>
   </trkpt>
   <trkpt lat="42.93413" lon="0.08822">
    <ele>2066.44</ele>
   </trkpt>
   <trkpt lat="42.93417" lon="0.08782000000000001">
    <ele>2064.09</ele>
   </trkpt>
   <trkpt lat="42.93419" lon="0.08734">
    <ele>2060.5</ele>
   </trkpt>
   <trkpt lat="42.934250000000006" lon="0.08692000000000001">
    <ele>2057.08</ele>
   </trkpt>
   <trkpt lat="42.93428" lon="0.08682000000000001">
    <ele>2054.9900000000002</ele>
   </trkpt>
   <trkpt lat="42.93432000000001" lon="0.08605">
    <ele>2048.4500000000003</ele>
   </trkpt>
   <trkpt lat="42.934290000000004" lon="0.08598">
    <ele>2048.4500000000003</ele>
   </trkpt>
   <trkpt lat="42.93385000000001" lon="0.08638000000000001">
    <ele>2034.3</ele>
   </trkpt>
   <trkpt lat="42.93376000000001" lon="0.08636">
    <ele>2032.5000000000002</ele>
   </trkpt>
   <trkpt lat="42.933490000000006" lon="0.08604">
    <ele>2023.73</ele>
   </trkpt>
   <trkpt lat="42.93336" lon="0.08608">
    <ele>2017.8100000000002</ele>
   </trkpt>
   <trkpt lat="42.93332" lon="0.08619">
    <ele>2015.68</ele>
   </trkpt>
   <trkpt lat="42.93327" lon="0.08619">
    <ele>2015.11</ele>
   </trkpt>
   <trkpt lat="42.93319" lon="0.08609000000000001">
    <ele>2015.1000000000004</ele>
   </trkpt>
   <trkpt lat="42.93312" lon="0.08561">
    <ele>2017.2600000000002</ele>
   </trkpt>
   <trkpt lat="42.93309" lon="0.08514000000000001">
    <ele>2013.22</ele>
   </trkpt>
   <trkpt lat="42.932840000000006" lon="0.08466000000000001">
    <ele>2001.6299999999999</ele>
   </trkpt>
   <trkpt lat="42.93269" lon="0.08393">
    <ele>1991.45</ele>
   </trkpt>
   <trkpt lat="42.93263" lon="0.08341000000000001">
    <ele>1980.52</ele>
   </trkpt>
   <trkpt lat="42.93256" lon="0.08316000000000001">
    <ele>1978.0700000000002</ele>
   </trkpt>
   <trkpt lat="42.93244000000001" lon="0.08287000000000001">
    <ele>1974.3400000000001</ele>
   </trkpt>
   <trkpt lat="42.932280000000006" lon="0.08265">
    <ele>1970.0300000000002</ele>
   </trkpt>
   <trkpt lat="42.93193" lon="0.08251">
    <ele>1964.63</ele>
   </trkpt>
   <trkpt lat="42.931740000000005" lon="0.08239">
    <ele>1964.8200000000002</ele>
   </trkpt>
   <trkpt lat="42.93131" lon="0.08151000000000001">
    <ele>1963.7900000000002</ele>
   </trkpt>
   <trkpt lat="42.93113" lon="0.08139">
    <ele>1962.0400000000002</ele>
   </trkpt>
   <trkpt lat="42.93094000000001" lon="0.08144000000000001">
    <ele>1960.0000000000002</ele>
   </trkpt>
   <trkpt lat="42.930580000000006" lon="0.08122">
    <ele>1961.68</ele>
   </trkpt>
   <trkpt lat="42.93027" lon="0.08008000000000001">
    <ele>1966.5100000000002</ele>
   </trkpt>
   <trkpt lat="42.929950000000005" lon="0.07972000000000001">
    <ele>1969.5300000000002</ele>
   </trkpt>
   <trkpt lat="42.929840000000006" lon="0.07937000000000001">
    <ele>1972.7500000000002</ele>
   </trkpt>
   <trkpt lat="42.92983" lon="0.07881">
    <ele>1975.8400000000001</ele>
   </trkpt>
   <trkpt lat="42.929880000000004" lon="0.07780000000000001">
    <ele>1985.1900000000003</ele>
   </trkpt>
   <trkpt lat="42.93007" lon="0.07725000000000001">
    <ele>1991.3500000000001</ele>
   </trkpt>
   <trkpt lat="42.930640000000004" lon="0.07653">
    <ele>1983.2300000000002</ele>
   </trkpt>
   <trkpt lat="42.930890000000005" lon="0.07653">
    <ele>1981.38</ele>
   </trkpt>
   <trkpt lat="42.93159000000001" lon="0.07642">
    <ele>1974.9500000000003</ele>
   </trkpt>
   <trkpt lat="42.93213" lon="0.07643000000000001">
    <ele>1970.6100000000001</ele>
   </trkpt>
   <trkpt lat="42.93244000000001" lon="0.07648">
    <ele>1969.4000000000003</ele>
   </trkpt>
   <trkpt lat="42.93267" lon="0.07666">
    <ele>1968.7900000000002</ele>
   </trkpt>
   <trkpt lat="42.93294" lon="0.07663">
    <ele>1968.71</ele>
   </trkpt>
   <trkpt lat="42.93319" lon="0.07676000000000001">
    <ele>1969.4300000000003</ele>
   </trkpt>
   <trkpt lat="42.933420000000005" lon="0.07673">
    <ele>1970.59</ele>
   </trkpt>
   <trkpt lat="42.93375" lon="0.07661000000000001">
    <ele>1972.3500000000001</ele>
   </trkpt>
   <trkpt lat="42.933930000000004" lon="0.07648">
    <ele>1972.56</ele>
   </trkpt>
   <trkpt lat="42.934110000000004" lon="0.07639">
    <ele>1972.0300000000002</ele>
   </trkpt>
   <trkpt lat="42.934200000000004" lon="0.07628">
    <ele>1971.8300000000002</ele>
   </trkpt>
   <trkpt lat="42.934270000000005" lon="0.07624">
    <ele>1971.5000000000002</ele>
   </trkpt>
   <trkpt lat="42.93442" lon="0.07627">
    <ele>1971.54</ele>
   </trkpt>
   <trkpt lat="42.934540000000005" lon="0.07627">
    <ele>1971.8500000000001</ele>
   </trkpt>
   <trkpt lat="42.93470000000001" lon="0.07617">
    <ele>1969.38</ele>
   </trkpt>
   <trkpt lat="42.93478" lon="0.07617">
    <ele>1968.38</ele>
   </trkpt>
   <trkpt lat="42.93516" lon="0.07625000000000001">
    <ele>1966.9900000000002</ele>
   </trkpt>
   <trkpt lat="42.935410000000005" lon="0.07628">
    <ele>1964.2700000000002</ele>
   </trkpt>
   <trkpt lat="42.93562" lon="0.07626000000000001">
    <ele>1961.78</ele>
   </trkpt>
   <trkpt lat="42.935930000000006" lon="0.07619000000000001">
    <ele>1961.5700000000002</ele>
   </trkpt>
   <trkpt lat="42.93612" lon="0.07618000000000001">
    <ele>1961.8600000000001</ele>
   </trkpt>
   <trkpt lat="42.936460000000004" lon="0.07591">
    <ele>1966.49</ele>
   </trkpt>
   <trkpt lat="42.93665" lon="0.07569000000000001">
    <ele>1971.54</ele>
   </trkpt>
   <trkpt lat="42.936820000000004" lon="0.07567">
    <ele>1975.3200000000002</ele>
   </trkpt>
   <trkpt lat="42.93704" lon="0.0756">
    <ele>1979.18</ele>
   </trkpt>
   <trkpt lat="42.93728" lon="0.07558000000000001">
    <ele>1984.7100000000003</ele>
   </trkpt>
   <trkpt lat="42.937400000000004" lon="0.07545">
    <ele>1988.43</ele>
   </trkpt>
   <trkpt lat="42.93757" lon="0.07538">
    <ele>1989.8500000000001</ele>
   </trkpt>
   <trkpt lat="42.93788000000001" lon="0.07567">
    <ele>1994.22</ele>
   </trkpt>
   <trkpt lat="42.938140000000004" lon="0.07568000000000001">
    <ele>1997.3100000000002</ele>
   </trkpt>
   <trkpt lat="42.938390000000005" lon="0.07545">
    <ele>2001.3300000000002</ele>
   </trkpt>
   <trkpt lat="42.93847" lon="0.07543000000000001">
    <ele>2001.83</ele>
   </trkpt>
   <trkpt lat="42.938700000000004" lon="0.07549">
    <ele>2007.13</ele>
   </trkpt>
   <trkpt lat="42.939170000000004" lon="0.07565000000000001">
    <ele>2012.41</ele>
   </trkpt>
   <trkpt lat="42.9397" lon="0.07600000000000001">
    <ele>2016.4400000000003</ele>
   </trkpt>
   <trkpt lat="42.939890000000005" lon="0.07632000000000001">
    <ele>2020.8600000000004</ele>
   </trkpt>
   <trkpt lat="42.94051" lon="0.07650000000000001">
    <ele>2016.42</ele>
   </trkpt>
   <trkpt lat="42.94086" lon="0.07652">
    <ele>2011.7600000000002</ele>
   </trkpt>
   <trkpt lat="42.940940000000005" lon="0.07658000000000001">
    <ele>2011.7199999999998</ele>
   </trkpt>
   <trkpt lat="42.941100000000006" lon="0.07621">
    <ele>2020.7100000000003</ele>
   </trkpt>
   <trkpt lat="42.94122" lon="0.07587">
    <ele>2028.48</ele>
   </trkpt>
   <trkpt lat="42.941230000000004" lon="0.07576000000000001">
    <ele>2028.48</ele>
   </trkpt>
   <trkpt lat="42.9412" lon="0.07565000000000001">
    <ele>2029.56</ele>
   </trkpt>
   <trkpt lat="42.94124" lon="0.07547000000000001">
    <ele>2033.6700000000003</ele>
   </trkpt>
   <trkpt lat="42.94162" lon="0.07512">
    <ele>2048.11</ele>
   </trkpt>
   <trkpt lat="42.94174" lon="0.0751">
    <ele>2052.9700000000003</ele>
   </trkpt>
   <trkpt lat="42.94194" lon="0.07489000000000001">
    <ele>2059.76</ele>
   </trkpt>
   <trkpt lat="42.942220000000006" lon="0.07453000000000001">
    <ele>2072.39</ele>
   </trkpt>
   <trkpt lat="42.94241" lon="0.07408000000000001">
    <ele>2086.6900000000005</ele>
   </trkpt>
   <trkpt lat="42.94252" lon="0.07407000000000001">
    <ele>2093.2</ele>
   </trkpt>
   <trkpt lat="42.94254" lon="0.07388">
    <ele>2097.89</ele>
   </trkpt>
   <trkpt lat="42.942640000000004" lon="0.07388">
    <ele>2100.86</ele>
   </trkpt>
   <trkpt lat="42.942690000000006" lon="0.07363">
    <ele>2108.0</ele>
   </trkpt>
   <trkpt lat="42.94304" lon="0.07286000000000001">
    <ele>2130.52</ele>
   </trkpt>
   <trkpt lat="42.943220000000004" lon="0.07294">
    <ele>2134.96</ele>
   </trkpt>
   <trkpt lat="42.94342" lon="0.07243000000000001">
    <ele>2151.8300000000004</ele>
   </trkpt>
   <trkpt lat="42.94353" lon="0.07223">
    <ele>2158.35</ele>
   </trkpt>
   <trkpt lat="42.943630000000006" lon="0.07176">
    <ele>2169.5299999999997</ele>
   </trkpt>
   <trkpt lat="42.9438" lon="0.07128000000000001">
    <ele>2181.09</ele>
   </trkpt>
   <trkpt lat="42.94408000000001" lon="0.07077">
    <ele>2194.04</ele>
   </trkpt>
   <trkpt lat="42.944250000000004" lon="0.07055">
    <ele>2206.34</ele>
   </trkpt>
   <trkpt lat="42.944280000000006" lon="0.07039000000000001">
    <ele>2211.36</ele>
   </trkpt>
   <trkpt lat="42.944340000000004" lon="0.07034">
    <ele>2211.36</ele>
   </trkpt>
   <trkpt lat="42.94433" lon="0.07022">
    <ele>2214.8100000000004</ele>
   </trkpt>
   <trkpt lat="42.94442" lon="0.07020000000000001">
    <ele>2222.1600000000003</ele>
   </trkpt>
   <trkpt lat="42.944410000000005" lon="0.07009">
    <ele>2222.1600000000003</ele>
   </trkpt>
   <trkpt lat="42.94451" lon="0.06991">
    <ele>2228.93</ele>
   </trkpt>
   <trkpt lat="42.94453" lon="0.06983">
    <ele>2228.93</ele>
   </trkpt>
   <trkpt lat="42.94442" lon="0.06959">
    <ele>2238.3700000000003</ele>
   </trkpt>
   <trkpt lat="42.94447" lon="0.06945000000000001">
    <ele>2241.59</ele>
   </trkpt>
   <trkpt lat="42.94458" lon="0.06929">
    <ele>2240.9500000000003</ele>
   </trkpt>
   <trkpt lat="42.94482" lon="0.06865">
    <ele>2218.11</ele>
   </trkpt>
   <trkpt lat="42.94476" lon="0.06842000000000001">
    <ele>2214.35</ele>
   </trkpt>
   <trkpt lat="42.944630000000004" lon="0.06828000000000001">
    <ele>2207.7400000000002</ele>
   </trkpt>
   <trkpt lat="42.944860000000006" lon="0.06820000000000001">
    <ele>2200.46</ele>
   </trkpt>
   <trkpt lat="42.944810000000004" lon="0.06804">
    <ele>2197.75</ele>
   </trkpt>
   <trkpt lat="42.944480000000006" lon="0.06777000000000001">
    <ele>2182.56</ele>
   </trkpt>
   <trkpt lat="42.94465" lon="0.06775">
    <ele>2176.94</ele>
   </trkpt>
   <trkpt lat="42.94469" lon="0.06764">
    <ele>2170.85</ele>
   </trkpt>
   <trkpt lat="42.94482" lon="0.06749000000000001">
    <ele>2164.87</ele>
   </trkpt>
   <trkpt lat="42.944700000000005" lon="0.06741000000000001">
    <ele>2164.87</ele>
   </trkpt>
   <trkpt lat="42.944790000000005" lon="0.06727000000000001">
    <ele>2153.03</ele>
   </trkpt>
   <trkpt lat="42.944700000000005" lon="0.06728">
    <ele>2149.2200000000003</ele>
   </trkpt>
   <trkpt lat="42.944750000000006" lon="0.06720000000000001">
    <ele>2145.7300000000005</ele>
   </trkpt>
   <trkpt lat="42.94465" lon="0.06714">
    <ele>2145.7300000000005</ele>
   </trkpt>
   <trkpt lat="42.944750000000006" lon="0.06693">
    <ele>2135.72</ele>
   </trkpt>
   <trkpt lat="42.944630000000004" lon="0.06692000000000001">
    <ele>2129.98</ele>
   </trkpt>
   <trkpt lat="42.94469" lon="0.06662">
    <ele>2118.77</ele>
   </trkpt>
   <trkpt lat="42.944520000000004" lon="0.06653">
    <ele>2110.11</ele>
   </trkpt>
   <trkpt lat="42.94455000000001" lon="0.06635">
    <ele>2106.07</ele>
   </trkpt>
   <trkpt lat="42.94467" lon="0.06594">
    <ele>2089.86</ele>
   </trkpt>
   <trkpt lat="42.94449" lon="0.06589">
    <ele>2082.22</ele>
   </trkpt>
   <trkpt lat="42.944390000000006" lon="0.06581000000000001">
    <ele>2080.35</ele>
   </trkpt>
   <trkpt lat="42.94444" lon="0.06532">
    <ele>2066.65</ele>
   </trkpt>
   <trkpt lat="42.944430000000004" lon="0.06528">
    <ele>2066.65</ele>
   </trkpt>
   <trkpt lat="42.944120000000005" lon="0.06527000000000001">
    <ele>2048.9</ele>
   </trkpt>
   <trkpt lat="42.94418" lon="0.0651">
    <ele>2048.9</ele>
   </trkpt>
   <trkpt lat="42.94389" lon="0.06495000000000001">
    <ele>2034.52</ele>
   </trkpt>
   <trkpt lat="42.94398" lon="0.06462000000000001">
    <ele>2027.6200000000001</ele>
   </trkpt>
   <trkpt lat="42.943900000000006" lon="0.06441000000000001">
    <ele>2023.88</ele>
   </trkpt>
   <trkpt lat="42.94402" lon="0.06389">
    <ele>2004.2400000000002</ele>
   </trkpt>
   <trkpt lat="42.94407" lon="0.06343">
    <ele>1993.45</ele>
   </trkpt>
   <trkpt lat="42.94409" lon="0.06302">
    <ele>1985.7600000000002</ele>
   </trkpt>
   <trkpt lat="42.944190000000006" lon="0.06237">
    <ele>1965.1900000000003</ele>
   </trkpt>
   <trkpt lat="42.94413" lon="0.061970000000000004">
    <ele>1950.63</ele>
   </trkpt>
   <trkpt lat="42.94404" lon="0.06198000000000001">
    <ele>1950.63</ele>
   </trkpt>
   <trkpt lat="42.943960000000004" lon="0.061900000000000004">
    <ele>1943.21</ele>
   </trkpt>
   <trkpt lat="42.943960000000004" lon="0.06176">
    <ele>1943.21</ele>
   </trkpt>
   <trkpt lat="42.9442" lon="0.06142">
    <ele>1928.9300000000003</ele>
   </trkpt>
   <trkpt lat="42.943740000000005" lon="0.060910000000000006">
    <ele>1905.2700000000002</ele>
   </trkpt>
   <trkpt lat="42.943960000000004" lon="0.06081">
    <ele>1898.0500000000002</ele>
   </trkpt>
   <trkpt lat="42.943810000000006" lon="0.06062000000000001">
    <ele>1888.09</ele>
   </trkpt>
   <trkpt lat="42.943740000000005" lon="0.060570000000000006">
    <ele>1888.09</ele>
   </trkpt>
   <trkpt lat="42.943760000000005" lon="0.06051000000000001">
    <ele>1888.09</ele>
   </trkpt>
   <trkpt lat="42.943630000000006" lon="0.06037000000000001">
    <ele>1877.4</ele>
   </trkpt>
   <trkpt lat="42.94377" lon="0.06026000000000001">
    <ele>1870.8600000000001</ele>
   </trkpt>
   <trkpt lat="42.943250000000006" lon="0.05972">
    <ele>1847.59</ele>
   </trkpt>
   <trkpt lat="42.94279" lon="0.059430000000000004">
    <ele>1830.21</ele>
   </trkpt>
   <trkpt lat="42.942640000000004" lon="0.05945">
    <ele>1826.8600000000001</ele>
   </trkpt>
   <trkpt lat="42.94257" lon="0.059410000000000004">
    <ele>1824.8300000000002</ele>
   </trkpt>
   <trkpt lat="42.94257" lon="0.059250000000000004">
    <ele>1822.66</ele>
   </trkpt>
   <trkpt lat="42.94286" lon="0.058640000000000005">
    <ele>1808.66</ele>
   </trkpt>
   <trkpt lat="42.942820000000005" lon="0.05843">
    <ele>1804.9400000000003</ele>
   </trkpt>
   <trkpt lat="42.94288" lon="0.05774000000000001">
    <ele>1791.98</ele>
   </trkpt>
   <trkpt lat="42.94304" lon="0.057300000000000004">
    <ele>1785.19</ele>
   </trkpt>
   <trkpt lat="42.94333" lon="0.05688000000000001">
    <ele>1779.2800000000002</ele>
   </trkpt>
   <trkpt lat="42.943670000000004" lon="0.056530000000000004">
    <ele>1773.3200000000002</ele>
   </trkpt>
   <trkpt lat="42.94409" lon="0.05569">
    <ele>1766.5600000000002</ele>
   </trkpt>
   <trkpt lat="42.94408000000001" lon="0.055600000000000004">
    <ele>1765.9600000000003</ele>
   </trkpt>
   <trkpt lat="42.94411" lon="0.055540000000000006">
    <ele>1765.9600000000003</ele>
   </trkpt>
   <trkpt lat="42.94429" lon="0.05543000000000001">
    <ele>1764.4</ele>
   </trkpt>
   <trkpt lat="42.9444" lon="0.05532">
    <ele>1763.21</ele>
   </trkpt>
   <trkpt lat="42.944680000000005" lon="0.055170000000000004">
    <ele>1761.5800000000002</ele>
   </trkpt>
   <trkpt lat="42.945280000000004" lon="0.054580000000000004">
    <ele>1758.4</ele>
   </trkpt>
   <trkpt lat="42.945660000000004" lon="0.054020000000000006">
    <ele>1758.79</ele>
   </trkpt>
   <trkpt lat="42.945710000000005" lon="0.053700000000000005">
    <ele>1761.63</ele>
   </trkpt>
   <trkpt lat="42.94565" lon="0.05339000000000001">
    <ele>1759.89</ele>
   </trkpt>
   <trkpt lat="42.94565" lon="0.05326">
    <ele>1759.48</ele>
   </trkpt>
   <trkpt lat="42.94568" lon="0.05321000000000001">
    <ele>1759.1200000000001</ele>
   </trkpt>
   <trkpt lat="42.946090000000005" lon="0.05283">
    <ele>1756.89</ele>
   </trkpt>
   <trkpt lat="42.94624" lon="0.05262000000000001">
    <ele>1757.5800000000002</ele>
   </trkpt>
   <trkpt lat="42.94657" lon="0.05235000000000001">
    <ele>1757.38</ele>
   </trkpt>
   <trkpt lat="42.946670000000005" lon="0.05212000000000001">
    <ele>1755.68</ele>
   </trkpt>
   <trkpt lat="42.94682" lon="0.051680000000000004">
    <ele>1754.48</ele>
   </trkpt>
   <trkpt lat="42.94736" lon="0.051230000000000005">
    <ele>1746.4400000000003</ele>
   </trkpt>
   <trkpt lat="42.94747" lon="0.05102">
    <ele>1746.02</ele>
   </trkpt>
   <trkpt lat="42.94753" lon="0.050800000000000005">
    <ele>1744.7500000000002</ele>
   </trkpt>
   <trkpt lat="42.94767" lon="0.05061">
    <ele>1743.66</ele>
   </trkpt>
   <trkpt lat="42.94782" lon="0.050280000000000005">
    <ele>1741.39</ele>
   </trkpt>
   <trkpt lat="42.94792" lon="0.04979">
    <ele>1740.97</ele>
   </trkpt>
   <trkpt lat="42.947900000000004" lon="0.049580000000000006">
    <ele>1740.3600000000001</ele>
   </trkpt>
   <trkpt lat="42.94792" lon="0.04909">
    <ele>1735.0700000000002</ele>
   </trkpt>
   <trkpt lat="42.947970000000005" lon="0.04859">
    <ele>1730.6100000000001</ele>
   </trkpt>
   <trkpt lat="42.948060000000005" lon="0.048350000000000004">
    <ele>1726.14</ele>
   </trkpt>
   <trkpt lat="42.948530000000005" lon="0.047510000000000004">
    <ele>1707.74</ele>
   </trkpt>
   <trkpt lat="42.948730000000005" lon="0.047270000000000006">
    <ele>1702.1000000000001</ele>
   </trkpt>
   <trkpt lat="42.949130000000004" lon="0.04671">
    <ele>1693.92</ele>
   </trkpt>
   <trkpt lat="42.949400000000004" lon="0.04653">
    <ele>1689.63</ele>
   </trkpt>
   <trkpt lat="42.949560000000005" lon="0.04648">
    <ele>1686.22</ele>
   </trkpt>
   <trkpt lat="42.94971" lon="0.046310000000000004">
    <ele>1680.47</ele>
   </trkpt>
   <trkpt lat="42.94982" lon="0.0461">
    <ele>1678.73</ele>
   </trkpt>
   <trkpt lat="42.94993" lon="0.04562">
    <ele>1675.8600000000001</ele>
   </trkpt>
   <trkpt lat="42.950250000000004" lon="0.04521000000000001">
    <ele>1674.5</ele>
   </trkpt>
   <trkpt lat="42.950410000000005" lon="0.045160000000000006">
    <ele>1673.8400000000001</ele>
   </trkpt>
   <trkpt lat="42.95051" lon="0.045020000000000004">
    <ele>1673.0500000000002</ele>
   </trkpt>
   <trkpt lat="42.95058" lon="0.04496000000000001">
    <ele>1672.2100000000003</ele>
   </trkpt>
   <trkpt lat="42.950720000000004" lon="0.044930000000000005">
    <ele>1671.8600000000001</ele>
   </trkpt>
   <trkpt lat="42.95073" lon="0.04483">
    <ele>1672.3300000000002</ele>
   </trkpt>
   <trkpt lat="42.950770000000006" lon="0.04471000000000001">
    <ele>1672.3300000000002</ele>
   </trkpt>
   <trkpt lat="42.95094" lon="0.044410000000000005">
    <ele>1672.95</ele>
   </trkpt>
   <trkpt lat="42.951010000000004" lon="0.044070000000000005">
    <ele>1672.9600000000003</ele>
   </trkpt>
   <trkpt lat="42.95102000000001" lon="0.04395">
    <ele>1672.9600000000003</ele>
   </trkpt>
   <trkpt lat="42.951280000000004" lon="0.043140000000000005">
    <ele>1672.3700000000001</ele>
   </trkpt>
   <trkpt lat="42.95154" lon="0.042120000000000005">
    <ele>1681.37</ele>
   </trkpt>
   <trkpt lat="42.9517" lon="0.041740000000000006">
    <ele>1685.69</ele>
   </trkpt>
   <trkpt lat="42.95187000000001" lon="0.04156000000000001">
    <ele>1691.3300000000002</ele>
   </trkpt>
   <trkpt lat="42.95237" lon="0.04118">
    <ele>1702.65</ele>
   </trkpt>
   <trkpt lat="42.95257" lon="0.040850000000000004">
    <ele>1707.68</ele>
   </trkpt>
   <trkpt lat="42.95297" lon="0.04062">
    <ele>1713.8600000000001</ele>
   </trkpt>
   <trkpt lat="42.953120000000006" lon="0.04043">
    <ele>1715.89</ele>
   </trkpt>
   <trkpt lat="42.95317" lon="0.040100000000000004">
    <ele>1718.0900000000001</ele>
   </trkpt>
   <trkpt lat="42.953250000000004" lon="0.03994">
    <ele>1718.9900000000002</ele>
   </trkpt>
   <trkpt lat="42.95328000000001" lon="0.039740000000000004">
    <ele>1720.9</ele>
   </trkpt>
   <trkpt lat="42.95318" lon="0.03959">
    <ele>1721.0900000000001</ele>
   </trkpt>
   <trkpt lat="42.95318" lon="0.03941">
    <ele>1720.35</ele>
   </trkpt>
   <trkpt lat="42.95326" lon="0.039150000000000004">
    <ele>1720.3300000000002</ele>
   </trkpt>
   <trkpt lat="42.95358" lon="0.038720000000000004">
    <ele>1721.63</ele>
   </trkpt>
   <trkpt lat="42.95425" lon="0.038180000000000006">
    <ele>1730.7</ele>
   </trkpt>
   <trkpt lat="42.95488" lon="0.03783">
    <ele>1740.38</ele>
   </trkpt>
   <trkpt lat="42.95537" lon="0.037820000000000006">
    <ele>1749.94</ele>
   </trkpt>
   <trkpt lat="42.95586" lon="0.03771">
    <ele>1768.2000000000003</ele>
   </trkpt>
   <trkpt lat="42.956340000000004" lon="0.03781">
    <ele>1784.85</ele>
   </trkpt>
   <trkpt lat="42.95628000000001" lon="0.037540000000000004">
    <ele>1789.38</ele>
   </trkpt>
   <trkpt lat="42.956070000000004" lon="0.037180000000000005">
    <ele>1799.0800000000002</ele>
   </trkpt>
   <trkpt lat="42.9557" lon="0.03683">
    <ele>1815.39</ele>
   </trkpt>
   <trkpt lat="42.95548" lon="0.03645">
    <ele>1820.0</ele>
   </trkpt>
   <trkpt lat="42.95539" lon="0.036340000000000004">
    <ele>1821.68</ele>
   </trkpt>
   <trkpt lat="42.95519" lon="0.0362">
    <ele>1825.2100000000003</ele>
   </trkpt>
   <trkpt lat="42.955090000000006" lon="0.0361">
    <ele>1827.38</ele>
   </trkpt>
   <trkpt lat="42.95494" lon="0.03588">
    <ele>1833.47</ele>
   </trkpt>
   <trkpt lat="42.95501" lon="0.03579">
    <ele>1837.4800000000002</ele>
   </trkpt>
   <trkpt lat="42.95506" lon="0.03576">
    <ele>1838.7000000000003</ele>
   </trkpt>
   <trkpt lat="42.95503" lon="0.035710000000000006">
    <ele>1839.8400000000001</ele>
   </trkpt>
   <trkpt lat="42.95496000000001" lon="0.035710000000000006">
    <ele>1839.8400000000001</ele>
   </trkpt>
   <trkpt lat="42.954930000000004" lon="0.03568">
    <ele>1844.24</ele>
   </trkpt>
   <trkpt lat="42.954800000000006" lon="0.03563">
    <ele>1845.3100000000002</ele>
   </trkpt>
   <trkpt lat="42.954730000000005" lon="0.035660000000000004">
    <ele>1846.3100000000002</ele>
   </trkpt>
   <trkpt lat="42.95469000000001" lon="0.03556">
    <ele>1849.13</ele>
   </trkpt>
   <trkpt lat="42.954620000000006" lon="0.035500000000000004">
    <ele>1851.3000000000002</ele>
   </trkpt>
   <trkpt lat="42.95441" lon="0.035480000000000005">
    <ele>1856.0900000000001</ele>
   </trkpt>
   <trkpt lat="42.954350000000005" lon="0.03552">
    <ele>1857.8000000000002</ele>
   </trkpt>
   <trkpt lat="42.95425" lon="0.0357">
    <ele>1859.3700000000001</ele>
   </trkpt>
   <trkpt lat="42.95418" lon="0.03579">
    <ele>1861.01</ele>
   </trkpt>
   <trkpt lat="42.95416" lon="0.03579">
    <ele>1861.01</ele>
   </trkpt>
   <trkpt lat="42.95423" lon="0.035480000000000005">
    <ele>1863.8700000000001</ele>
   </trkpt>
   <trkpt lat="42.95423" lon="0.035300000000000005">
    <ele>1866.41</ele>
   </trkpt>
   <trkpt lat="42.95418" lon="0.03511">
    <ele>1871.0000000000002</ele>
   </trkpt>
   <trkpt lat="42.954170000000005" lon="0.03495">
    <ele>1872.88</ele>
   </trkpt>
   <trkpt lat="42.954150000000006" lon="0.0349">
    <ele>1873.3500000000001</ele>
   </trkpt>
   <trkpt lat="42.954080000000005" lon="0.03486">
    <ele>1873.5800000000002</ele>
   </trkpt>
   <trkpt lat="42.95393000000001" lon="0.03488">
    <ele>1872.18</ele>
   </trkpt>
   <trkpt lat="42.95385" lon="0.034800000000000005">
    <ele>1870.65</ele>
   </trkpt>
   <trkpt lat="42.95371" lon="0.0345">
    <ele>1862.7600000000002</ele>
   </trkpt>
   <trkpt lat="42.953630000000004" lon="0.03425">
    <ele>1859.25</ele>
   </trkpt>
   <trkpt lat="42.953570000000006" lon="0.0339">
    <ele>1851.0400000000002</ele>
   </trkpt>
   <trkpt lat="42.95358" lon="0.03364">
    <ele>1848.38</ele>
   </trkpt>
   <trkpt lat="42.95376" lon="0.0332">
    <ele>1837.0900000000001</ele>
   </trkpt>
   <trkpt lat="42.953790000000005" lon="0.033060000000000006">
    <ele>1835.0100000000002</ele>
   </trkpt>
   <trkpt lat="42.95378" lon="0.032940000000000004">
    <ele>1833.9900000000002</ele>
   </trkpt>
   <trkpt lat="42.953880000000005" lon="0.03277">
    <ele>1831.95</ele>
   </trkpt>
   <trkpt lat="42.95396" lon="0.03273">
    <ele>1831.95</ele>
   </trkpt>
   <trkpt lat="42.954" lon="0.032670000000000005">
    <ele>1831.23</ele>
   </trkpt>
   <trkpt lat="42.95407" lon="0.03263">
    <ele>1830.96</ele>
   </trkpt>
   <trkpt lat="42.95416" lon="0.032470000000000006">
    <ele>1830.3100000000002</ele>
   </trkpt>
   <trkpt lat="42.954370000000004" lon="0.032240000000000005">
    <ele>1828.71</ele>
   </trkpt>
   <trkpt lat="42.95472" lon="0.03159">
    <ele>1822.7400000000002</ele>
   </trkpt>
   <trkpt lat="42.955020000000005" lon="0.031190000000000002">
    <ele>1818.54</ele>
   </trkpt>
   <trkpt lat="42.95516000000001" lon="0.031150000000000004">
    <ele>1815.3600000000001</ele>
   </trkpt>
   <trkpt lat="42.9553" lon="0.031160000000000004">
    <ele>1815.3600000000001</ele>
   </trkpt>
   <trkpt lat="42.95568" lon="0.030850000000000002">
    <ele>1809.9600000000003</ele>
   </trkpt>
   <trkpt lat="42.95595" lon="0.030840000000000003">
    <ele>1807.8500000000001</ele>
   </trkpt>
   <trkpt lat="42.95633" lon="0.03087">
    <ele>1806.8500000000001</ele>
   </trkpt>
   <trkpt lat="42.956500000000005" lon="0.030730000000000004">
    <ele>1804.9400000000003</ele>
   </trkpt>
   <trkpt lat="42.956950000000006" lon="0.030580000000000003">
    <ele>1798.67</ele>
   </trkpt>
   <trkpt lat="42.95721" lon="0.030430000000000002">
    <ele>1797.7200000000003</ele>
   </trkpt>
   <trkpt lat="42.95732" lon="0.03019">
    <ele>1797.8200000000002</ele>
   </trkpt>
   <trkpt lat="42.95741" lon="0.029740000000000003">
    <ele>1800.3500000000001</ele>
   </trkpt>
   <trkpt lat="42.957510000000006" lon="0.02959">
    <ele>1801.29</ele>
   </trkpt>
   <trkpt lat="42.957860000000004" lon="0.029320000000000002">
    <ele>1801.8600000000001</ele>
   </trkpt>
   <trkpt lat="42.95821" lon="0.029240000000000002">
    <ele>1800.41</ele>
   </trkpt>
   <trkpt lat="42.95859" lon="0.028870000000000003">
    <ele>1798.58</ele>
   </trkpt>
   <trkpt lat="42.95868" lon="0.028520000000000004">
    <ele>1797.3400000000001</ele>
   </trkpt>
   <trkpt lat="42.95886" lon="0.028310000000000002">
    <ele>1793.14</ele>
   </trkpt>
   <trkpt lat="42.95891" lon="0.02823">
    <ele>1792.41</ele>
   </trkpt>
   <trkpt lat="42.95895" lon="0.027970000000000002">
    <ele>1791.92</ele>
   </trkpt>
   <trkpt lat="42.959" lon="0.027800000000000002">
    <ele>1791.39</ele>
   </trkpt>
   <trkpt lat="42.95909" lon="0.027710000000000002">
    <ele>1789.89</ele>
   </trkpt>
   <trkpt lat="42.959360000000004" lon="0.026840000000000003">
    <ele>1778.5600000000002</ele>
   </trkpt>
   <trkpt lat="42.95951" lon="0.026090000000000002">
    <ele>1776.2300000000002</ele>
   </trkpt>
   <trkpt lat="42.959630000000004" lon="0.02579">
    <ele>1776.3600000000001</ele>
   </trkpt>
   <trkpt lat="42.959740000000004" lon="0.025630000000000003">
    <ele>1776.9</ele>
   </trkpt>
   <trkpt lat="42.959830000000004" lon="0.02561">
    <ele>1777.03</ele>
   </trkpt>
   <trkpt lat="42.95994" lon="0.025540000000000004">
    <ele>1777.29</ele>
   </trkpt>
   <trkpt lat="42.960260000000005" lon="0.025150000000000002">
    <ele>1776.89</ele>
   </trkpt>
   <trkpt lat="42.960510000000006" lon="0.025030000000000004">
    <ele>1775.47</ele>
   </trkpt>
   <trkpt lat="42.960770000000004" lon="0.024800000000000003">
    <ele>1772.64</ele>
   </trkpt>
   <trkpt lat="42.960980000000006" lon="0.024650000000000002">
    <ele>1771.03</ele>
   </trkpt>
   <trkpt lat="42.96114" lon="0.0246">
    <ele>1769.3100000000002</ele>
   </trkpt>
   <trkpt lat="42.96141" lon="0.02417">
    <ele>1765.95</ele>
   </trkpt>
   <trkpt lat="42.96159" lon="0.023670000000000004">
    <ele>1763.63</ele>
   </trkpt>
   <trkpt lat="42.961780000000005" lon="0.02332">
    <ele>1764.0600000000002</ele>
   </trkpt>
   <trkpt lat="42.961920000000006" lon="0.02321">
    <ele>1764.4</ele>
   </trkpt>
   <trkpt lat="42.96221000150113" lon="0.0226200028093611">
    <ele>1753.15</ele>
   </trkpt>
   <trkpt lat="42.962500000000006" lon="0.02203">
    <ele>1742.8300000000002</ele>
   </trkpt>
   <trkpt lat="42.96262" lon="0.021720000000000003">
    <ele>1740.5900000000001</ele>
   </trkpt>
   <trkpt lat="42.96278" lon="0.02153">
    <ele>1737.21</ele>
   </trkpt>
   <trkpt lat="42.96294" lon="0.02144">
    <ele>1733.96</ele>
   </trkpt>
   <trkpt lat="42.963330000000006" lon="0.02134">
    <ele>1725.72</ele>
   </trkpt>
   <trkpt lat="42.96354" lon="0.02119">
    <ele>1722.2700000000002</ele>
   </trkpt>
   <trkpt lat="42.96367" lon="0.02102">
    <ele>1720.7</ele>
   </trkpt>
   <trkpt lat="42.96387" lon="0.020890000000000002">
    <ele>1719.4900000000002</ele>
   </trkpt>
   <trkpt lat="42.9641" lon="0.02057">
    <ele>1716.0400000000002</ele>
   </trkpt>
   <trkpt lat="42.96423" lon="0.02025">
    <ele>1712.7800000000002</ele>
   </trkpt>
   <trkpt lat="42.964420000000004" lon="0.01965">
    <ele>1710.2400000000002</ele>
   </trkpt>
   <trkpt lat="42.96455" lon="0.019080000000000003">
    <ele>1709.7900000000002</ele>
   </trkpt>
   <trkpt lat="42.964670000000005" lon="0.018340000000000002">
    <ele>1709.3400000000001</ele>
   </trkpt>
   <trkpt lat="42.96466" lon="0.01822">
    <ele>1709.4300000000003</ele>
   </trkpt>
   <trkpt lat="42.96472000000001" lon="0.017720000000000003">
    <ele>1710.23</ele>
   </trkpt>
   <trkpt lat="42.96479" lon="0.01751">
    <ele>1709.72</ele>
   </trkpt>
   <trkpt lat="42.96491" lon="0.01736">
    <ele>1708.5400000000002</ele>
   </trkpt>
   <trkpt lat="42.965140000000005" lon="0.017150000000000002">
    <ele>1705.64</ele>
   </trkpt>
   <trkpt lat="42.965230000000005" lon="0.017140000000000002">
    <ele>1703.92</ele>
   </trkpt>
   <trkpt lat="42.965320000000006" lon="0.017070000000000002">
    <ele>1702.94</ele>
   </trkpt>
   <trkpt lat="42.965450000000004" lon="0.016730000000000002">
    <ele>1695.9400000000003</ele>
   </trkpt>
   <trkpt lat="42.96561000156194" lon="0.016155001053684618">
    <ele>1688.47</ele>
   </trkpt>
   <trkpt lat="42.965770000000006" lon="0.015580000000000002">
    <ele>1682.47</ele>
   </trkpt>
   <trkpt lat="42.96585" lon="0.015370000000000002">
    <ele>1677.9700000000003</ele>
   </trkpt>
   <trkpt lat="42.96595000000001" lon="0.015220000000000001">
    <ele>1676.5</ele>
   </trkpt>
   <trkpt lat="42.96613000000001" lon="0.014730000000000002">
    <ele>1672.02</ele>
   </trkpt>
   <trkpt lat="42.966170000000005" lon="0.014520000000000002">
    <ele>1671.6000000000001</ele>
   </trkpt>
   <trkpt lat="42.966190000000005" lon="0.01399">
    <ele>1671.65</ele>
   </trkpt>
   <trkpt lat="42.96614" lon="0.01374">
    <ele>1672.1100000000001</ele>
   </trkpt>
   <trkpt lat="42.96616" lon="0.01348">
    <ele>1671.99</ele>
   </trkpt>
   <trkpt lat="42.96631" lon="0.01302">
    <ele>1671.17</ele>
   </trkpt>
   <trkpt lat="42.96642000000001" lon="0.012920000000000001">
    <ele>1670.71</ele>
   </trkpt>
   <trkpt lat="42.96651000000001" lon="0.012740000000000001">
    <ele>1670.4800000000002</ele>
   </trkpt>
   <trkpt lat="42.9667" lon="0.01183">
    <ele>1671.41</ele>
   </trkpt>
   <trkpt lat="42.966640000000005" lon="0.01105">
    <ele>1674.9</ele>
   </trkpt>
   <trkpt lat="42.96669000000001" lon="0.010690000000000002">
    <ele>1675.18</ele>
   </trkpt>
   <trkpt lat="42.96679" lon="0.01055">
    <ele>1675.17</ele>
   </trkpt>
   <trkpt lat="42.96681" lon="0.01043">
    <ele>1675.3600000000001</ele>
   </trkpt>
   <trkpt lat="42.966800000000006" lon="0.010280000000000001">
    <ele>1675.55</ele>
   </trkpt>
   <trkpt lat="42.96688" lon="0.01003">
    <ele>1677.07</ele>
   </trkpt>
   <trkpt lat="42.96699" lon="0.009880000000000002">
    <ele>1677.37</ele>
   </trkpt>
   <trkpt lat="42.967240000000004" lon="0.009380000000000001">
    <ele>1678.14</ele>
   </trkpt>
   <trkpt lat="42.9673" lon="0.009330000000000001">
    <ele>1678.14</ele>
   </trkpt>
   <trkpt lat="42.9677" lon="0.008790000000000001">
    <ele>1680.44</ele>
   </trkpt>
   <trkpt lat="42.96811" lon="0.008450000000000001">
    <ele>1681.6200000000001</ele>
   </trkpt>
   <trkpt lat="42.968250000000005" lon="0.00829">
    <ele>1681.2600000000002</ele>
   </trkpt>
   <trkpt lat="42.96835" lon="0.00813">
    <ele>1680.38</ele>
   </trkpt>
   <trkpt lat="42.96844" lon="0.008110000000000001">
    <ele>1679.19</ele>
   </trkpt>
   <trkpt lat="42.96849" lon="0.00812">
    <ele>1678.39</ele>
   </trkpt>
   <trkpt lat="42.96876" lon="0.00837">
    <ele>1671.99</ele>
   </trkpt>
   <trkpt lat="42.9688" lon="0.00837">
    <ele>1671.99</ele>
   </trkpt>
   <trkpt lat="42.96896" lon="0.00834">
    <ele>1666.68</ele>
   </trkpt>
   <trkpt lat="42.96905" lon="0.00826">
    <ele>1663.76</ele>
   </trkpt>
   <trkpt lat="42.96909" lon="0.00813">
    <ele>1662.17</ele>
   </trkpt>
   <trkpt lat="42.96914" lon="0.007750000000000001">
    <ele>1655.3200000000002</ele>
   </trkpt>
   <trkpt lat="42.96913000000001" lon="0.007490000000000001">
    <ele>1651.7100000000003</ele>
   </trkpt>
   <trkpt lat="42.96905" lon="0.007390000000000001">
    <ele>1655.69</ele>
   </trkpt>
   <trkpt lat="42.96911" lon="0.007320000000000001">
    <ele>1649.4400000000003</ele>
   </trkpt>
   <trkpt lat="42.969300000000004" lon="0.00674">
    <ele>1639.96</ele>
   </trkpt>
   <trkpt lat="42.9694" lon="0.005900000000000001">
    <ele>1638.38</ele>
   </trkpt>
   <trkpt lat="42.96951000000001" lon="0.005580000000000001">
    <ele>1637.65</ele>
   </trkpt>
   <trkpt lat="42.969590000000004" lon="0.005410000000000001">
    <ele>1635.7400000000002</ele>
   </trkpt>
   <trkpt lat="42.969940001570876" lon="0.004825003192856862">
    <ele>1629.3400000000001</ele>
   </trkpt>
   <trkpt lat="42.970290000000006" lon="0.004240000000000001">
    <ele>1619.1000000000001</ele>
   </trkpt>
   <trkpt lat="42.97048" lon="0.0037500000000000003">
    <ele>1613.19</ele>
   </trkpt>
   <trkpt lat="42.97077" lon="0.0031500000000000005">
    <ele>1608.57</ele>
   </trkpt>
   <trkpt lat="42.97081" lon="0.0026200000000000004">
    <ele>1605.89</ele>
   </trkpt>
   <trkpt lat="42.97091" lon="0.0021300000000000004">
    <ele>1602.78</ele>
   </trkpt>
   <trkpt lat="42.97091" lon="0.0017400000000000002">
    <ele>1601.45</ele>
   </trkpt>
   <trkpt lat="42.97086" lon="0.0013800000000000002">
    <ele>1598.74</ele>
   </trkpt>
   <trkpt lat="42.97084" lon="0.001">
    <ele>1597.49</ele>
   </trkpt>
   <trkpt lat="42.97095" lon="-0.00018">
    <ele>1597.52</ele>
   </trkpt>
   <trkpt lat="42.970940000000006" lon="-0.00038">
    <ele>1597.8700000000001</ele>
   </trkpt>
   <trkpt lat="42.970850000000006" lon="-0.00088">
    <ele>1598.0800000000002</ele>
   </trkpt>
   <trkpt lat="42.9709" lon="-0.00102">
    <ele>1598.39</ele>
   </trkpt>
   <trkpt lat="42.970940000000006" lon="-0.00141">
    <ele>1601.6100000000001</ele>
   </trkpt>
   <trkpt lat="42.970940000000006" lon="-0.00177">
    <ele>1604.2800000000002</ele>
   </trkpt>
   <trkpt lat="42.971000000000004" lon="-0.00214">
    <ele>1608.3200000000002</ele>
   </trkpt>
   <trkpt lat="42.971120000000006" lon="-0.0024500000000000004">
    <ele>1611.64</ele>
   </trkpt>
   <trkpt lat="42.97110000000001" lon="-0.00302">
    <ele>1613.5700000000002</ele>
   </trkpt>
   <trkpt lat="42.971000000000004" lon="-0.00301">
    <ele>1613.9800000000002</ele>
   </trkpt>
   <trkpt lat="42.9709" lon="-0.00334">
    <ele>1614.69</ele>
   </trkpt>
   <trkpt lat="42.97068" lon="-0.0038200000000000005">
    <ele>1613.7400000000002</ele>
   </trkpt>
   <trkpt lat="42.9705" lon="-0.00447">
    <ele>1607.8400000000001</ele>
   </trkpt>
   <trkpt lat="42.97021" lon="-0.00517">
    <ele>1601.2</ele>
   </trkpt>
   <trkpt lat="42.969680000000004" lon="-0.00544">
    <ele>1596.96</ele>
   </trkpt>
   <trkpt lat="42.96938" lon="-0.00568">
    <ele>1593.17</ele>
   </trkpt>
   <trkpt lat="42.96934" lon="-0.00604">
    <ele>1586.57</ele>
   </trkpt>
   <trkpt lat="42.96938" lon="-0.00642">
    <ele>1575.8100000000002</ele>
   </trkpt>
   <trkpt lat="42.96934" lon="-0.0068200000000000005">
    <ele>1567.2800000000002</ele>
   </trkpt>
   <trkpt lat="42.96958" lon="-0.0071400000000000005">
    <ele>1560.04</ele>
   </trkpt>
   <trkpt lat="42.96998000085388" lon="-0.007609996817040079">
    <ele>1550.13</ele>
   </trkpt>
   <trkpt lat="42.970380000000006" lon="-0.00808">
    <ele>1534.73</ele>
   </trkpt>
   <trkpt lat="42.970710000000004" lon="-0.00868">
    <ele>1523.3100000000002</ele>
   </trkpt>
   <trkpt lat="42.971140000000005" lon="-0.00911">
    <ele>1516.7</ele>
   </trkpt>
   <trkpt lat="42.97153" lon="-0.00957">
    <ele>1513.09</ele>
   </trkpt>
   <trkpt lat="42.97072" lon="-0.00973">
    <ele>1499.4900000000002</ele>
   </trkpt>
   <trkpt lat="42.970700003447305" lon="-0.010620000299326814">
    <ele>1491.06</ele>
   </trkpt>
   <trkpt lat="42.97068" lon="-0.011510000000000001">
    <ele>1489.53</ele>
   </trkpt>
   <trkpt lat="42.970150000000004" lon="-0.01182">
    <ele>1490.93</ele>
   </trkpt>
   <trkpt lat="42.96987" lon="-0.01247">
    <ele>1495.3200000000002</ele>
   </trkpt>
   <trkpt lat="42.969710000000006" lon="-0.012920000000000001">
    <ele>1497.0500000000002</ele>
   </trkpt>
   <trkpt lat="42.96956" lon="-0.01306">
    <ele>1497.0700000000002</ele>
   </trkpt>
   <trkpt lat="42.969480000000004" lon="-0.01339">
    <ele>1501.1000000000001</ele>
   </trkpt>
   <trkpt lat="42.96925" lon="-0.014110000000000001">
    <ele>1501.95</ele>
   </trkpt>
   <trkpt lat="42.96895000000001" lon="-0.014660000000000001">
    <ele>1503.64</ele>
   </trkpt>
   <trkpt lat="42.96862000112364" lon="-0.015150002512095324">
    <ele>1504.97</ele>
   </trkpt>
   <trkpt lat="42.96829" lon="-0.01564">
    <ele>1508.21</ele>
   </trkpt>
   <trkpt lat="42.9679" lon="-0.01599">
    <ele>1508.6100000000001</ele>
   </trkpt>
   <trkpt lat="42.967580000000005" lon="-0.016220000000000002">
    <ele>1512.0800000000002</ele>
   </trkpt>
   <trkpt lat="42.967220000000005" lon="-0.01667">
    <ele>1514.31</ele>
   </trkpt>
   <trkpt lat="42.966750000000005" lon="-0.01683">
    <ele>1516.0</ele>
   </trkpt>
   <trkpt lat="42.9665" lon="-0.01683">
    <ele>1514.07</ele>
   </trkpt>
   <trkpt lat="42.96604000000001" lon="-0.0176">
    <ele>1508.8000000000002</ele>
   </trkpt>
   <trkpt lat="42.966" lon="-0.01844">
    <ele>1506.3700000000001</ele>
   </trkpt>
   <trkpt lat="42.965900000000005" lon="-0.01861">
    <ele>1507.16</ele>
   </trkpt>
   <trkpt lat="42.96594" lon="-0.01914">
    <ele>1501.48</ele>
   </trkpt>
   <trkpt lat="42.96587" lon="-0.01924">
    <ele>1498.96</ele>
   </trkpt>
   <trkpt lat="42.965650000000004" lon="-0.01931">
    <ele>1495.45</ele>
   </trkpt>
   <trkpt lat="42.96524" lon="-0.020290000000000002">
    <ele>1502.7800000000002</ele>
   </trkpt>
   <trkpt lat="42.96493" lon="-0.0204">
    <ele>1501.7600000000002</ele>
   </trkpt>
   <trkpt lat="42.964560000000006" lon="-0.020380000000000002">
    <ele>1500.58</ele>
   </trkpt>
   <trkpt lat="42.964380000000006" lon="-0.02042">
    <ele>1499.93</ele>
   </trkpt>
   <trkpt lat="42.96428" lon="-0.02043">
    <ele>1500.39</ele>
   </trkpt>
   <trkpt lat="42.964020000000005" lon="-0.02034">
    <ele>1502.5600000000002</ele>
   </trkpt>
   <trkpt lat="42.96388" lon="-0.020390000000000002">
    <ele>1503.47</ele>
   </trkpt>
   <trkpt lat="42.96379" lon="-0.020290000000000002">
    <ele>1503.8500000000001</ele>
   </trkpt>
   <trkpt lat="42.96374" lon="-0.02033">
    <ele>1503.8400000000001</ele>
   </trkpt>
   <trkpt lat="42.963480000000004" lon="-0.02031">
    <ele>1502.58</ele>
   </trkpt>
   <trkpt lat="42.962900000000005" lon="-0.020130000000000002">
    <ele>1501.4900000000002</ele>
   </trkpt>
   <trkpt lat="42.96275000000001" lon="-0.020050000000000002">
    <ele>1502.64</ele>
   </trkpt>
   <trkpt lat="42.962700000000005" lon="-0.020130000000000002">
    <ele>1504.0600000000002</ele>
   </trkpt>
   <trkpt lat="42.962700000000005" lon="-0.020300000000000002">
    <ele>1504.91</ele>
   </trkpt>
   <trkpt lat="42.96264" lon="-0.02035">
    <ele>1505.12</ele>
   </trkpt>
   <trkpt lat="42.963040002244526" lon="-0.021069995297664745">
    <ele>1472.8700000000001</ele>
   </trkpt>
   <trkpt lat="42.963440000000006" lon="-0.02179">
    <ele>1450.18</ele>
   </trkpt>
   <trkpt lat="42.96347" lon="-0.02279">
    <ele>1420.56</ele>
   </trkpt>
   <trkpt lat="42.963800000000006" lon="-0.023620000000000002">
    <ele>1399.78</ele>
   </trkpt>
   <trkpt lat="42.964220000000005" lon="-0.023870000000000002">
    <ele>1388.0400000000002</ele>
   </trkpt>
   <trkpt lat="42.964420000000004" lon="-0.0244">
    <ele>1370.77</ele>
   </trkpt>
   <trkpt lat="42.96481000000001" lon="-0.02466">
    <ele>1357.9800000000002</ele>
   </trkpt>
   <trkpt lat="42.96528000000001" lon="-0.024890000000000002">
    <ele>1341.01</ele>
   </trkpt>
   <trkpt lat="42.965540000000004" lon="-0.02561">
    <ele>1317.7</ele>
   </trkpt>
   <trkpt lat="42.965860000000006" lon="-0.025490000000000002">
    <ele>1299.41</ele>
   </trkpt>
   <trkpt lat="42.96594" lon="-0.025750000000000002">
    <ele>1286.8400000000001</ele>
   </trkpt>
   <trkpt lat="42.966170000000005" lon="-0.0257">
    <ele>1281.56</ele>
   </trkpt>
   <trkpt lat="42.966530000000006" lon="-0.02613">
    <ele>1261.42</ele>
   </trkpt>
   <trkpt lat="42.966530000000006" lon="-0.025750000000000002">
    <ele>1249.8100000000002</ele>
   </trkpt>
   <trkpt lat="42.96692" lon="-0.02604">
    <ele>1233.54</ele>
   </trkpt>
   <trkpt lat="42.96712500180631" lon="-0.026679997940725307">
    <ele>1195.88</ele>
   </trkpt>
   <trkpt lat="42.967330000000004" lon="-0.02732">
    <ele>1195.88</ele>
   </trkpt>
   <trkpt lat="42.96717" lon="-0.027590000000000003">
    <ele>1204.55</ele>
   </trkpt>
   <trkpt lat="42.96716000000001" lon="-0.02773">
    <ele>1204.16</ele>
   </trkpt>
   <trkpt lat="42.966930000000005" lon="-0.028470000000000002">
    <ele>1198.8400000000001</ele>
   </trkpt>
   <trkpt lat="42.96683" lon="-0.028730000000000002">
    <ele>1197.21</ele>
   </trkpt>
   <trkpt lat="42.96663500238239" lon="-0.029460002078142252">
    <ele>1192.3100000000002</ele>
   </trkpt>
   <trkpt lat="42.966440000000006" lon="-0.03019">
    <ele>1187.92</ele>
   </trkpt>
   <trkpt lat="42.96632" lon="-0.030840000000000003">
    <ele>1183.25</ele>
   </trkpt>
   <trkpt lat="42.966240000000006" lon="-0.03171">
    <ele>1178.8700000000001</ele>
   </trkpt>
   <trkpt lat="42.966120000000004" lon="-0.03218">
    <ele>1177.3600000000001</ele>
   </trkpt>
   <trkpt lat="42.96616" lon="-0.03295">
    <ele>1173.34</ele>
   </trkpt>
   <trkpt lat="42.966150000000006" lon="-0.03363">
    <ele>1168.97</ele>
   </trkpt>
   <trkpt lat="42.96619500396515" lon="-0.0345849992103464">
    <ele>1161.21</ele>
   </trkpt>
   <trkpt lat="42.966240000000006" lon="-0.03554">
    <ele>1155.16</ele>
   </trkpt>
   <trkpt lat="42.96622000000001" lon="-0.03592">
    <ele>1152.86</ele>
   </trkpt>
   <trkpt lat="42.96609" lon="-0.03658">
    <ele>1152.74</ele>
   </trkpt>
   <trkpt lat="42.96607" lon="-0.03699">
    <ele>1149.66</ele>
   </trkpt>
   <trkpt lat="42.966085002127556" lon="-0.03768999959176725">
    <ele>1143.13</ele>
   </trkpt>
   <trkpt lat="42.966100000000004" lon="-0.03839">
    <ele>1139.24</ele>
   </trkpt>
   <trkpt lat="42.966080000000005" lon="-0.03871">
    <ele>1137.4</ele>
   </trkpt>
   <trkpt lat="42.96595000000001" lon="-0.03923">
    <ele>1135.0800000000002</ele>
   </trkpt>
   <trkpt lat="42.96594" lon="-0.039420000000000004">
    <ele>1133.76</ele>
   </trkpt>
   <trkpt lat="42.966" lon="-0.04009">
    <ele>1127.66</ele>
   </trkpt>
   <trkpt lat="42.96604000000001" lon="-0.04032">
    <ele>1125.46</ele>
   </trkpt>
   <trkpt lat="42.96603" lon="-0.04048">
    <ele>1124.0100000000002</ele>
   </trkpt>
   <trkpt lat="42.96596" lon="-0.04066">
    <ele>1122.97</ele>
   </trkpt>
   <trkpt lat="42.96578" lon="-0.041">
    <ele>1118.8700000000001</ele>
   </trkpt>
   <trkpt lat="42.96571" lon="-0.04123">
    <ele>1117.3000000000002</ele>
   </trkpt>
   <trkpt lat="42.965700000000005" lon="-0.04148">
    <ele>1114.9900000000002</ele>
   </trkpt>
   <trkpt lat="42.965720000000005" lon="-0.0415">
    <ele>1114.9900000000002</ele>
   </trkpt>
   <trkpt lat="42.96569" lon="-0.041620000000000004">
    <ele>1113.28</ele>
   </trkpt>
   <trkpt lat="42.965230000000005" lon="-0.04229">
    <ele>1106.98</ele>
   </trkpt>
   <trkpt lat="42.965230000000005" lon="-0.04234">
    <ele>1106.54</ele>
   </trkpt>
   <trkpt lat="42.965250000000005" lon="-0.04236">
    <ele>1106.54</ele>
   </trkpt>
   <trkpt lat="42.96529" lon="-0.04234">
    <ele>1106.54</ele>
   </trkpt>
   <trkpt lat="42.96542" lon="-0.042210000000000004">
    <ele>1104.17</ele>
   </trkpt>
   <trkpt lat="42.965860000000006" lon="-0.04186">
    <ele>1099.2900000000002</ele>
   </trkpt>
   <trkpt lat="42.96591" lon="-0.041800000000000004">
    <ele>1098.8500000000001</ele>
   </trkpt>
   <trkpt lat="42.96595000000001" lon="-0.04182">
    <ele>1098.8500000000001</ele>
   </trkpt>
   <trkpt lat="42.96595000000001" lon="-0.041870000000000004">
    <ele>1097.3600000000001</ele>
   </trkpt>
   <trkpt lat="42.96538" lon="-0.04275">
    <ele>1089.89</ele>
   </trkpt>
   <trkpt lat="42.96501000000001" lon="-0.0434">
    <ele>1085.3799999999999</ele>
   </trkpt>
   <trkpt lat="42.964940000000006" lon="-0.04363">
    <ele>1083.7400000000002</ele>
   </trkpt>
   <trkpt lat="42.964960000000005" lon="-0.04365">
    <ele>1083.2700000000002</ele>
   </trkpt>
   <trkpt lat="42.965" lon="-0.04365">
    <ele>1083.2700000000002</ele>
   </trkpt>
   <trkpt lat="42.965070000000004" lon="-0.043500000000000004">
    <ele>1081.75</ele>
   </trkpt>
   <trkpt lat="42.965160000000004" lon="-0.04343">
    <ele>1080.41</ele>
   </trkpt>
   <trkpt lat="42.965390000000006" lon="-0.04318">
    <ele>1077.66</ele>
   </trkpt>
   <trkpt lat="42.965650000000004" lon="-0.04313">
    <ele>1075.88</ele>
   </trkpt>
   <trkpt lat="42.965790000000005" lon="-0.04306">
    <ele>1075.02</ele>
   </trkpt>
   <trkpt lat="42.965920000000004" lon="-0.0429">
    <ele>1072.75</ele>
   </trkpt>
   <trkpt lat="42.96604000000001" lon="-0.0427">
    <ele>1070.39</ele>
   </trkpt>
   <trkpt lat="42.96623" lon="-0.04247">
    <ele>1069.1399999999999</ele>
   </trkpt>
   <trkpt lat="42.966440000000006" lon="-0.04229">
    <ele>1066.2800000000002</ele>
   </trkpt>
   <trkpt lat="42.96660000000001" lon="-0.042">
    <ele>1063.79</ele>
   </trkpt>
   <trkpt lat="42.96669000000001" lon="-0.04175">
    <ele>1061.8700000000001</ele>
   </trkpt>
   <trkpt lat="42.96661" lon="-0.04154">
    <ele>1059.71</ele>
   </trkpt>
   <trkpt lat="42.96661" lon="-0.04138">
    <ele>1059.3000000000002</ele>
   </trkpt>
   <trkpt lat="42.966810001421244" lon="-0.04079500210166315">
    <ele>1054.5800000000002</ele>
   </trkpt>
   <trkpt lat="42.96701" lon="-0.04021">
    <ele>1051.43</ele>
   </trkpt>
   <trkpt lat="42.96712" lon="-0.03982">
    <ele>1048.92</ele>
   </trkpt>
   <trkpt lat="42.967220000000005" lon="-0.03968">
    <ele>1047.62</ele>
   </trkpt>
   <trkpt lat="42.967580000000005" lon="-0.03948">
    <ele>1044.69</ele>
   </trkpt>
   <trkpt lat="42.9677" lon="-0.0393">
    <ele>1042.63</ele>
   </trkpt>
   <trkpt lat="42.967760000000006" lon="-0.039080000000000004">
    <ele>1040.74</ele>
   </trkpt>
   <trkpt lat="42.967830000000006" lon="-0.039">
    <ele>1036.9</ele>
   </trkpt>
   <trkpt lat="42.96788" lon="-0.03898">
    <ele>1036.9</ele>
   </trkpt>
   <trkpt lat="42.96799" lon="-0.03907">
    <ele>1032.61</ele>
   </trkpt>
   <trkpt lat="42.968320000000006" lon="-0.03953">
    <ele>1018.3100000000001</ele>
   </trkpt>
   <trkpt lat="42.968360000000004" lon="-0.03977">
    <ele>1010.0600000000002</ele>
   </trkpt>
   <trkpt lat="42.968430000000005" lon="-0.03984">
    <ele>1010.0600000000002</ele>
   </trkpt>
   <trkpt lat="42.96925" lon="-0.03971">
    <ele>980.5500000000001</ele>
   </trkpt>
   <trkpt lat="42.96931" lon="-0.03973">
    <ele>979.2400000000001</ele>
   </trkpt>
   <trkpt lat="42.96932" lon="-0.03977">
    <ele>977.7800000000001</ele>
   </trkpt>
   <trkpt lat="42.96922" lon="-0.04007">
    <ele>970.2</ele>
   </trkpt>
   <trkpt lat="42.96902" lon="-0.0405">
    <ele>961.2600000000001</ele>
   </trkpt>
   <trkpt lat="42.968790000000006" lon="-0.04116">
    <ele>952.5600000000001</ele>
   </trkpt>
   <trkpt lat="42.968770000000006" lon="-0.041370000000000004">
    <ele>950.3100000000001</ele>
   </trkpt>
   <trkpt lat="42.968810000000005" lon="-0.04202">
    <ele>940.97</ele>
   </trkpt>
   <trkpt lat="42.968810000000005" lon="-0.04259">
    <ele>934.0400000000001</ele>
   </trkpt>
   <trkpt lat="42.968700000000005" lon="-0.04311">
    <ele>928.8400000000001</ele>
   </trkpt>
   <trkpt lat="42.96862" lon="-0.04408">
    <ele>916.97</ele>
   </trkpt>
   <trkpt lat="42.96867" lon="-0.04435">
    <ele>913.0600000000001</ele>
   </trkpt>
   <trkpt lat="42.96884" lon="-0.044660000000000005">
    <ele>905.46</ele>
   </trkpt>
   <trkpt lat="42.968790000000006" lon="-0.04506">
    <ele>903.2800000000001</ele>
   </trkpt>
   <trkpt lat="42.968810000000005" lon="-0.045880000000000004">
    <ele>893.26</ele>
   </trkpt>
   <trkpt lat="42.968770000000006" lon="-0.04619">
    <ele>891.7800000000001</ele>
   </trkpt>
   <trkpt lat="42.968450000000004" lon="-0.04719">
    <ele>877.8800000000001</ele>
   </trkpt>
   <trkpt lat="42.96846" lon="-0.0473">
    <ele>877.0300000000001</ele>
   </trkpt>
   <trkpt lat="42.96849" lon="-0.0473">
    <ele>877.0300000000001</ele>
   </trkpt>
   <trkpt lat="42.968630000000005" lon="-0.04701">
    <ele>874.8100000000001</ele>
   </trkpt>
   <trkpt lat="42.968720000000005" lon="-0.04692">
    <ele>873.8500000000001</ele>
   </trkpt>
   <trkpt lat="42.96873" lon="-0.04703">
    <ele>872.6700000000001</ele>
   </trkpt>
   <trkpt lat="42.96869" lon="-0.04712">
    <ele>872.01</ele>
   </trkpt>
   <trkpt lat="42.968650000000004" lon="-0.047330000000000004">
    <ele>868.32</ele>
   </trkpt>
   <trkpt lat="42.96862" lon="-0.048170000000000004">
    <ele>858.2</ele>
   </trkpt>
   <trkpt lat="42.968560000000004" lon="-0.04864">
    <ele>853.5800000000002</ele>
   </trkpt>
   <trkpt lat="42.968430000000005" lon="-0.048960000000000004">
    <ele>849.21</ele>
   </trkpt>
   <trkpt lat="42.96829" lon="-0.04923">
    <ele>846.45</ele>
   </trkpt>
   <trkpt lat="42.96763000000001" lon="-0.049980000000000004">
    <ele>835.94</ele>
   </trkpt>
   <trkpt lat="42.967040000000004" lon="-0.050570000000000004">
    <ele>832.97</ele>
   </trkpt>
   <trkpt lat="42.966730000000005" lon="-0.05104">
    <ele>826.3100000000001</ele>
   </trkpt>
   <trkpt lat="42.966590000000004" lon="-0.05115">
    <ele>824.6300000000001</ele>
   </trkpt>
   <trkpt lat="42.966370000000005" lon="-0.0512">
    <ele>822.07</ele>
   </trkpt>
   <trkpt lat="42.966190000000005" lon="-0.05129">
    <ele>819.61</ele>
   </trkpt>
   <trkpt lat="42.965920000000004" lon="-0.051340000000000004">
    <ele>815.12</ele>
   </trkpt>
   <trkpt lat="42.96591" lon="-0.05138">
    <ele>815.12</ele>
   </trkpt>
   <trkpt lat="42.96594" lon="-0.0514">
    <ele>815.12</ele>
   </trkpt>
   <trkpt lat="42.96675500006495" lon="-0.051479998943714494">
    <ele>809.46</ele>
   </trkpt>
   <trkpt lat="42.96757" lon="-0.05156">
    <ele>805.4100000000001</ele>
   </trkpt>
   <trkpt lat="42.967690000000005" lon="-0.05156">
    <ele>803.69</ele>
   </trkpt>
   <trkpt lat="42.96773" lon="-0.05152">
    <ele>802.1800000000001</ele>
   </trkpt>
   <trkpt lat="42.9677" lon="-0.0519">
    <ele>796.0600000000001</ele>
   </trkpt>
   <trkpt lat="42.96772000000001" lon="-0.05195">
    <ele>795.1400000000001</ele>
   </trkpt>
   <trkpt lat="42.967830000000006" lon="-0.05197">
    <ele>793.61</ele>
   </trkpt>
   <trkpt lat="42.967890000000004" lon="-0.051870000000000006">
    <ele>791.72</ele>
   </trkpt>
   <trkpt lat="42.96793" lon="-0.05186">
    <ele>791.72</ele>
   </trkpt>
   <trkpt lat="42.968180000000004" lon="-0.0517">
    <ele>787.33</ele>
   </trkpt>
   <trkpt lat="42.96828" lon="-0.05154">
    <ele>784.58</ele>
   </trkpt>
   <trkpt lat="42.96835" lon="-0.05147">
    <ele>783.1300000000001</ele>
   </trkpt>
   <trkpt lat="42.96839000000001" lon="-0.05147">
    <ele>783.1300000000001</ele>
   </trkpt>
   <trkpt lat="42.9684" lon="-0.051500000000000004">
    <ele>783.1300000000001</ele>
   </trkpt>
   <trkpt lat="42.96831" lon="-0.051660000000000005">
    <ele>781.69</ele>
   </trkpt>
   <trkpt lat="42.96815" lon="-0.05226">
    <ele>771.32</ele>
   </trkpt>
   <trkpt lat="42.96797" lon="-0.052570000000000006">
    <ele>767.6200000000001</ele>
   </trkpt>
   <trkpt lat="42.967870000000005" lon="-0.05263">
    <ele>766.99</ele>
   </trkpt>
   <trkpt lat="42.967334999983045" lon="-0.05268500048145534">
    <ele>767.63</ele>
   </trkpt>
   <trkpt lat="42.966800000000006" lon="-0.05274">
    <ele>766.24</ele>
   </trkpt>
   <trkpt lat="42.96641" lon="-0.0529">
    <ele>761.65</ele>
   </trkpt>
   <trkpt lat="42.96607" lon="-0.05299">
    <ele>758.0400000000001</ele>
   </trkpt>
   <trkpt lat="42.965770000000006" lon="-0.05297">
    <ele>754.11</ele>
   </trkpt>
   <trkpt lat="42.965320000000006" lon="-0.05276">
    <ele>747.95</ele>
   </trkpt>
   <trkpt lat="42.96477500018668" lon="-0.052529997944002926">
    <ele>732.2400000000001</ele>
   </trkpt>
   <trkpt lat="42.96423" lon="-0.052300000000000006">
    <ele>716.33</ele>
   </trkpt>
   <trkpt lat="42.96392" lon="-0.052270000000000004">
    <ele>710.55</ele>
   </trkpt>
   <trkpt lat="42.96358" lon="-0.0522">
    <ele>706.7500000000001</ele>
   </trkpt>
   <trkpt lat="42.963330000000006" lon="-0.05204">
    <ele>703.91</ele>
   </trkpt>
   <trkpt lat="42.96307" lon="-0.051840000000000004">
    <ele>696.96</ele>
   </trkpt>
   <trkpt lat="42.962950000000006" lon="-0.051680000000000004">
    <ele>694.46</ele>
   </trkpt>
   <trkpt lat="42.962860000000006" lon="-0.051590000000000004">
    <ele>692.37</ele>
   </trkpt>
   <trkpt lat="42.96278" lon="-0.05161">
    <ele>691.46</ele>
   </trkpt>
   <trkpt lat="42.962590000000006" lon="-0.05172">
    <ele>690.79</ele>
   </trkpt>
   <trkpt lat="42.96231" lon="-0.05197">
    <ele>693.46</ele>
   </trkpt>
   <trkpt lat="42.96193" lon="-0.05238">
    <ele>701.7800000000001</ele>
   </trkpt>
   <trkpt lat="42.96162" lon="-0.05238">
    <ele>702.01</ele>
   </trkpt>
   <trkpt lat="42.96154000000001" lon="-0.05249">
    <ele>702.2100000000002</ele>
   </trkpt>
   <trkpt lat="42.96144" lon="-0.052700000000000004">
    <ele>702.2100000000002</ele>
   </trkpt>
   <trkpt lat="42.96137" lon="-0.05299">
    <ele>702.47</ele>
   </trkpt>
   <trkpt lat="42.961240000000004" lon="-0.05374">
    <ele>698.0200000000001</ele>
   </trkpt>
   <trkpt lat="42.961040000000004" lon="-0.05435">
    <ele>691.1400000000001</ele>
   </trkpt>
   <trkpt lat="42.96088" lon="-0.05467">
    <ele>686.74</ele>
   </trkpt>
   <trkpt lat="42.96036" lon="-0.0553">
    <ele>675.71</ele>
   </trkpt>
   <trkpt lat="42.960240000000006" lon="-0.05548">
    <ele>672.6700000000001</ele>
   </trkpt>
   <trkpt lat="42.960080000000005" lon="-0.05566">
    <ele>669.7</ele>
   </trkpt>
   <trkpt lat="42.96" lon="-0.055670000000000004">
    <ele>668.2300000000001</ele>
   </trkpt>
   <trkpt lat="42.959790000000005" lon="-0.05553">
    <ele>664.2800000000001</ele>
   </trkpt>
   <trkpt lat="42.959770000000006" lon="-0.05544">
    <ele>663.85</ele>
   </trkpt>
   <trkpt lat="42.95976" lon="-0.055170000000000004">
    <ele>660.6899999999999</ele>
   </trkpt>
   <trkpt lat="42.95973" lon="-0.0551">
    <ele>658.5500000000001</ele>
   </trkpt>
   <trkpt lat="42.959630000000004" lon="-0.05501">
    <ele>656.6800000000001</ele>
   </trkpt>
   <trkpt lat="42.95946" lon="-0.0548">
    <ele>652.5000000000001</ele>
   </trkpt>
   <trkpt lat="42.959230000000005" lon="-0.05462">
    <ele>646.57</ele>
   </trkpt>
   <trkpt lat="42.95888" lon="-0.05453">
    <ele>631.1000000000001</ele>
   </trkpt>
   <trkpt lat="42.95861" lon="-0.05437">
    <ele>623.19</ele>
   </trkpt>
   <trkpt lat="42.95801" lon="-0.05399">
    <ele>611.6</ele>
   </trkpt>
   <trkpt lat="42.957620000000006" lon="-0.05367">
    <ele>600.22</ele>
   </trkpt>
   <trkpt lat="42.95729" lon="-0.05358">
    <ele>593.74</ele>
   </trkpt>
   <trkpt lat="42.956900000000005" lon="-0.05344">
    <ele>584.65</ele>
   </trkpt>
   <trkpt lat="42.956610000000005" lon="-0.05331">
    <ele>577.89</ele>
   </trkpt>
   <trkpt lat="42.956450000000004" lon="-0.05331">
    <ele>574.45</ele>
   </trkpt>
   <trkpt lat="42.95638" lon="-0.05342">
    <ele>571.3900000000001</ele>
   </trkpt>
   <trkpt lat="42.95588" lon="-0.053720000000000004">
    <ele>552.19</ele>
   </trkpt>
   <trkpt lat="42.95577" lon="-0.053880000000000004">
    <ele>546.3100000000001</ele>
   </trkpt>
   <trkpt lat="42.95572000000001" lon="-0.05408">
    <ele>543.2600000000001</ele>
   </trkpt>
   <trkpt lat="42.95568" lon="-0.05414000000000001">
    <ele>543.2600000000001</ele>
   </trkpt>
   <trkpt lat="42.95564" lon="-0.05446">
    <ele>537.97</ele>
   </trkpt>
   <trkpt lat="42.95562" lon="-0.05487">
    <ele>531.3100000000001</ele>
   </trkpt>
   <trkpt lat="42.95555" lon="-0.05507000000000001">
    <ele>528.47</ele>
   </trkpt>
   <trkpt lat="42.955330000000004" lon="-0.055380000000000006">
    <ele>527.87</ele>
   </trkpt>
   <trkpt lat="42.95496000000001" lon="-0.055850000000000004">
    <ele>531.2900000000001</ele>
   </trkpt>
   <trkpt lat="42.954390000000004" lon="-0.056170000000000005">
    <ele>531.7700000000001</ele>
   </trkpt>
   <trkpt lat="42.954510000000006" lon="-0.05655">
    <ele>527.8000000000001</ele>
   </trkpt>
   <trkpt lat="42.95449000000001" lon="-0.056780000000000004">
    <ele>527.22</ele>
   </trkpt>
   <trkpt lat="42.95431000000001" lon="-0.057370000000000004">
    <ele>525.88</ele>
   </trkpt>
   <trkpt lat="42.95423" lon="-0.057690000000000005">
    <ele>524.73</ele>
   </trkpt>
   <trkpt lat="42.95441" lon="-0.05781000000000001">
    <ele>523.8900000000001</ele>
   </trkpt>
   <trkpt lat="42.95436" lon="-0.05802">
    <ele>523.5300000000001</ele>
   </trkpt>
   <trkpt lat="42.95429" lon="-0.05816">
    <ele>523.59</ele>
   </trkpt>
   <trkpt lat="42.95416" lon="-0.05834">
    <ele>524.09</ele>
   </trkpt>
   <trkpt lat="42.95389" lon="-0.05852">
    <ele>525.12</ele>
   </trkpt>
   <trkpt lat="42.953680000000006" lon="-0.058910000000000004">
    <ele>525.3800000000001</ele>
   </trkpt>
   <trkpt lat="42.95373" lon="-0.05913">
    <ele>524.02</ele>
   </trkpt>
   <trkpt lat="42.95374" lon="-0.05927">
    <ele>523.09</ele>
   </trkpt>
   <trkpt lat="42.953720000000004" lon="-0.059430000000000004">
    <ele>522.4300000000001</ele>
   </trkpt>
   <trkpt lat="42.953590000000005" lon="-0.059840000000000004">
    <ele>521.6200000000001</ele>
   </trkpt>
   <trkpt lat="42.953500000000005" lon="-0.06065">
    <ele>517.0400000000001</ele>
   </trkpt>
   <trkpt lat="42.95371" lon="-0.0616">
    <ele>510.38000000000005</ele>
   </trkpt>
   <trkpt lat="42.95413333728357" lon="-0.0622733240758765">
    <ele>502.75</ele>
   </trkpt>
   <trkpt lat="42.95455667062082" lon="-0.06294665741531029">
    <ele>496.54</ele>
   </trkpt>
   <trkpt lat="42.954980000000006" lon="-0.06362000000000001">
    <ele>490.39000000000004</ele>
   </trkpt>
   <trkpt lat="42.95499" lon="-0.0637">
    <ele>490.36</ele>
   </trkpt>
   <trkpt lat="42.95525000000001" lon="-0.06372">
    <ele>486.34000000000003</ele>
   </trkpt>
   <trkpt lat="42.95555" lon="-0.06382">
    <ele>484.59000000000003</ele>
   </trkpt>
   <trkpt lat="42.956140000000005" lon="-0.06422">
    <ele>479.40000000000003</ele>
   </trkpt>
   <trkpt lat="42.95647" lon="-0.06439">
    <ele>475.2</ele>
   </trkpt>
   <trkpt lat="42.95656" lon="-0.06438">
    <ele>474.43</ele>
   </trkpt>
   <trkpt lat="42.95674" lon="-0.06439">
    <ele>473.83000000000004</ele>
   </trkpt>
   <trkpt lat="42.95685" lon="-0.06438">
    <ele>473.49</ele>
   </trkpt>
   <trkpt lat="42.957460000000005" lon="-0.06439">
    <ele>471.67</ele>
   </trkpt>
   <trkpt lat="42.957510000000006" lon="-0.0644">
    <ele>471.32</ele>
   </trkpt>
   <trkpt lat="42.957570000000004" lon="-0.06448000000000001">
    <ele>471.32</ele>
   </trkpt>
   <trkpt lat="42.957600000000006" lon="-0.0644">
    <ele>471.32</ele>
   </trkpt>
   <trkpt lat="42.957770000000004" lon="-0.06435">
    <ele>468.17</ele>
   </trkpt>
   <trkpt lat="42.95815" lon="-0.06396">
    <ele>467.22</ele>
   </trkpt>
   <trkpt lat="42.95848" lon="-0.06372">
    <ele>466.87000000000006</ele>
   </trkpt>
   <trkpt lat="42.95841" lon="-0.0635">
    <ele>466.84000000000003</ele>
   </trkpt>
   <trkpt lat="42.958450000000006" lon="-0.06347">
    <ele>466.74</ele>
   </trkpt>
   <trkpt lat="42.95859" lon="-0.06362000000000001">
    <ele>465.85</ele>
   </trkpt>
   <trkpt lat="42.95871" lon="-0.06382">
    <ele>465.67</ele>
   </trkpt>
   <trkpt lat="42.95871" lon="-0.06389">
    <ele>465.67</ele>
   </trkpt>
   <trkpt lat="42.95868" lon="-0.06393">
    <ele>465.67</ele>
   </trkpt>
   <trkpt lat="42.95855" lon="-0.064">
    <ele>465.67</ele>
   </trkpt>
   <trkpt lat="42.95839" lon="-0.06414">
    <ele>466.93</ele>
   </trkpt>
   <trkpt lat="42.95814" lon="-0.06439">
    <ele>466.93</ele>
   </trkpt>
   <trkpt lat="42.95805" lon="-0.06461">
    <ele>467.20000000000005</ele>
   </trkpt>
   <trkpt lat="42.95756" lon="-0.06526">
    <ele>467.84000000000003</ele>
   </trkpt>
   <trkpt lat="42.957010000000004" lon="-0.06579">
    <ele>468.34000000000003</ele>
   </trkpt>
   <trkpt lat="42.95696" lon="-0.06582">
    <ele>468.46000000000004</ele>
   </trkpt>
   <trkpt lat="42.95649000002188" lon="-0.06587500041906111">
    <ele>468.46000000000004</ele>
   </trkpt>
   <trkpt lat="42.95602" lon="-0.06593">
    <ele>468.46000000000004</ele>
   </trkpt>
   <trkpt lat="42.95564" lon="-0.0659">
    <ele>468.46000000000004</ele>
   </trkpt>
   <trkpt lat="42.955510000000004" lon="-0.06586">
    <ele>468.46000000000004</ele>
   </trkpt>
   <trkpt lat="42.95476" lon="-0.06554">
    <ele>468.46000000000004</ele>
   </trkpt>
   <trkpt lat="42.95425" lon="-0.06546">
    <ele>468.46000000000004</ele>
   </trkpt>
   <trkpt lat="42.954040000000006" lon="-0.06546">
    <ele>480.90000000000003</ele>
   </trkpt>
   <trkpt lat="42.953660000000006" lon="-0.06561">
    <ele>480.90000000000003</ele>
   </trkpt>
   <trkpt lat="42.953300000000006" lon="-0.06586">
    <ele>480.90000000000003</ele>
   </trkpt>
   <trkpt lat="42.95309" lon="-0.06607">
    <ele>480.90000000000003</ele>
   </trkpt>
   <trkpt lat="42.952740000000006" lon="-0.06625">
    <ele>480.90000000000003</ele>
   </trkpt>
   <trkpt lat="42.952040000000004" lon="-0.06675">
    <ele>480.90000000000003</ele>
   </trkpt>
   <trkpt lat="42.95188" lon="-0.06679">
    <ele>480.90000000000003</ele>
   </trkpt>
   <trkpt lat="42.95179" lon="-0.06676">
    <ele>480.90000000000003</ele>
   </trkpt>
   <trkpt lat="42.951620000000005" lon="-0.06658">
    <ele>480.90000000000003</ele>
   </trkpt>
   <trkpt lat="42.951010000000004" lon="-0.06739">
    <ele>485.28000000000003</ele>
   </trkpt>
   <trkpt lat="42.95105" lon="-0.06752000000000001">
    <ele>485.2</ele>
   </trkpt>
   <trkpt lat="42.95105" lon="-0.06761">
    <ele>485.02000000000004</ele>
   </trkpt>
   <trkpt lat="42.951" lon="-0.06772">
    <ele>485.02000000000004</ele>
   </trkpt>
   <trkpt lat="42.95096" lon="-0.06776">
    <ele>484.88</ele>
   </trkpt>
   <trkpt lat="42.950900000000004" lon="-0.06779">
    <ele>484.88</ele>
   </trkpt>
   <trkpt lat="42.951010000000004" lon="-0.06815">
    <ele>485.08000000000004</ele>
   </trkpt>
   <trkpt lat="42.951240000000006" lon="-0.06855">
    <ele>485.46000000000004</ele>
   </trkpt>
   <trkpt lat="42.95156" lon="-0.06946000000000001">
    <ele>485.98</ele>
   </trkpt>
   <trkpt lat="42.951640000000005" lon="-0.06962">
    <ele>485.76</ele>
   </trkpt>
   <trkpt lat="42.951730000000005" lon="-0.06972">
    <ele>485.76</ele>
   </trkpt>
   <trkpt lat="42.95215" lon="-0.06987">
    <ele>484.22</ele>
   </trkpt>
   <trkpt lat="42.95239" lon="-0.06987">
    <ele>483.48</ele>
   </trkpt>
   <trkpt lat="42.95262" lon="-0.06996000000000001">
    <ele>483.14</ele>
   </trkpt>
   <trkpt lat="42.9534" lon="-0.07036">
    <ele>482.54</ele>
   </trkpt>
   <trkpt lat="42.95336" lon="-0.07004">
    <ele>478.46000000000004</ele>
   </trkpt>
   <trkpt lat="42.95333" lon="-0.06994">
    <ele>478.28000000000003</ele>
   </trkpt>
   <trkpt lat="42.95333" lon="-0.06972">
    <ele>478.14000000000004</ele>
   </trkpt>
   <trkpt lat="42.95337000000001" lon="-0.06949000000000001">
    <ele>478.09000000000003</ele>
   </trkpt>
   <trkpt lat="42.953520000000005" lon="-0.06958">
    <ele>478.09000000000003</ele>
   </trkpt>
   <trkpt lat="42.953770000000006" lon="-0.06966">
    <ele>477.98</ele>
   </trkpt>
   <trkpt lat="42.954170000000005" lon="-0.06966">
    <ele>478.22</ele>
   </trkpt>
   <trkpt lat="42.954350000000005" lon="-0.06969">
    <ele>478.22</ele>
   </trkpt>
   <trkpt lat="42.954530000000005" lon="-0.0698">
    <ele>478.44</ele>
   </trkpt>
   <trkpt lat="42.954640000000005" lon="-0.06989000000000001">
    <ele>478.80000000000007</ele>
   </trkpt>
   <trkpt lat="42.954620000000006" lon="-0.06997">
    <ele>478.80000000000007</ele>
   </trkpt>
   <trkpt lat="42.95465" lon="-0.07009">
    <ele>480.58000000000004</ele>
   </trkpt>
   <trkpt lat="42.954950000000004" lon="-0.07102">
    <ele>482.73</ele>
   </trkpt>
   <trkpt lat="42.95521" lon="-0.07086">
    <ele>482.46000000000004</ele>
   </trkpt>
   <trkpt lat="42.955380000000005" lon="-0.07087">
    <ele>482.1</ele>
   </trkpt>
   <trkpt lat="42.955600000000004" lon="-0.07094">
    <ele>481.77000000000004</ele>
   </trkpt>
   <trkpt lat="42.95593" lon="-0.07098">
    <ele>481.49</ele>
   </trkpt>
   <trkpt lat="42.95604" lon="-0.07091">
    <ele>481.26</ele>
   </trkpt>
   <trkpt lat="42.95618" lon="-0.07076">
    <ele>480.59000000000003</ele>
   </trkpt>
   <trkpt lat="42.956580000362074" lon="-0.07047500184648255">
    <ele>479.25000000000006</ele>
   </trkpt>
   <trkpt lat="42.95698" lon="-0.07019">
    <ele>478.63000000000005</ele>
   </trkpt>
   <trkpt lat="42.95700000254207" lon="-0.07095499956105951">
    <ele>481.97</ele>
   </trkpt>
   <trkpt lat="42.95702" lon="-0.07172">
    <ele>485.76</ele>
   </trkpt>
   <trkpt lat="42.956920000000004" lon="-0.07243000000000001">
    <ele>488.30000000000007</ele>
   </trkpt>
   <trkpt lat="42.956810000000004" lon="-0.07277">
    <ele>489.27000000000004</ele>
   </trkpt>
   <trkpt lat="42.956810000000004" lon="-0.07298">
    <ele>489.55</ele>
   </trkpt>
   <trkpt lat="42.95685" lon="-0.07325000000000001">
    <ele>489.56000000000006</ele>
   </trkpt>
   <trkpt lat="42.95707" lon="-0.07369">
    <ele>489.55</ele>
   </trkpt>
   <trkpt lat="42.956950000000006" lon="-0.07383">
    <ele>489.81</ele>
   </trkpt>
   <trkpt lat="42.957150000000006" lon="-0.07416">
    <ele>492.53000000000003</ele>
   </trkpt>
   <trkpt lat="42.95714" lon="-0.07439000000000001">
    <ele>494.74</ele>
   </trkpt>
   <trkpt lat="42.956950000000006" lon="-0.07455">
    <ele>496.78000000000003</ele>
   </trkpt>
   <trkpt lat="42.95673" lon="-0.07461000000000001">
    <ele>496.96000000000004</ele>
   </trkpt>
   <trkpt lat="42.956770000000006" lon="-0.07481">
    <ele>497.61</ele>
   </trkpt>
   <trkpt lat="42.95684000000001" lon="-0.07495">
    <ele>497.61</ele>
   </trkpt>
   <trkpt lat="42.956950000000006" lon="-0.07506">
    <ele>497.65000000000003</ele>
   </trkpt>
   <trkpt lat="42.95707" lon="-0.07512">
    <ele>497.65000000000003</ele>
   </trkpt>
   <trkpt lat="42.95729" lon="-0.07514000000000001">
    <ele>497.36</ele>
   </trkpt>
   <trkpt lat="42.95740000000001" lon="-0.07513">
    <ele>496.52</ele>
   </trkpt>
   <trkpt lat="42.95767" lon="-0.07502">
    <ele>496.03000000000003</ele>
   </trkpt>
   <trkpt lat="42.957800000000006" lon="-0.07500000000000001">
    <ele>495.92</ele>
   </trkpt>
   <trkpt lat="42.95783" lon="-0.07508000000000001">
    <ele>495.92</ele>
   </trkpt>
   <trkpt lat="42.95787000000001" lon="-0.07509">
    <ele>495.24</ele>
   </trkpt>
   <trkpt lat="42.95792" lon="-0.07507000000000001">
    <ele>494.95000000000005</ele>
   </trkpt>
   <trkpt lat="42.95805" lon="-0.07494">
    <ele>494.36</ele>
   </trkpt>
   <trkpt lat="42.958330000000004" lon="-0.07477">
    <ele>492.69</ele>
   </trkpt>
   <trkpt lat="42.958690000000004" lon="-0.07459">
    <ele>490.58</ele>
   </trkpt>
   <trkpt lat="42.95911" lon="-0.07452">
    <ele>489.24000000000007</ele>
   </trkpt>
   <trkpt lat="42.959140000000005" lon="-0.07466">
    <ele>489.3500000000001</ele>
   </trkpt>
   <trkpt lat="42.959320000000005" lon="-0.07518000000000001">
    <ele>489.3</ele>
   </trkpt>
   <trkpt lat="42.959340000000005" lon="-0.07527">
    <ele>489.3</ele>
   </trkpt>
   <trkpt lat="42.959320000000005" lon="-0.07545">
    <ele>489.36</ele>
   </trkpt>
   <trkpt lat="42.959295001746966" lon="-0.07608500046041064">
    <ele>489.81</ele>
   </trkpt>
   <trkpt lat="42.959270000000004" lon="-0.07672000000000001">
    <ele>491.26000000000005</ele>
   </trkpt>
   <trkpt lat="42.959320000000005" lon="-0.07698">
    <ele>491.87</ele>
   </trkpt>
   <trkpt lat="42.959450000000004" lon="-0.07703">
    <ele>493.25</ele>
   </trkpt>
   <trkpt lat="42.959480000000006" lon="-0.07714">
    <ele>493.25</ele>
   </trkpt>
   <trkpt lat="42.9602" lon="-0.07746">
    <ele>500.9</ele>
   </trkpt>
   <trkpt lat="42.96054" lon="-0.07767">
    <ele>505.2000000000001</ele>
   </trkpt>
   <trkpt lat="42.96088" lon="-0.07792">
    <ele>505.2000000000001</ele>
   </trkpt>
   <trkpt lat="42.96117" lon="-0.07803">
    <ele>511.53000000000003</ele>
   </trkpt>
   <trkpt lat="42.961960000000005" lon="-0.0782">
    <ele>517.39</ele>
   </trkpt>
   <trkpt lat="42.962680000000006" lon="-0.07814">
    <ele>521.6800000000001</ele>
   </trkpt>
   <trkpt lat="42.962880000000006" lon="-0.07824">
    <ele>523.72</ele>
   </trkpt>
   <trkpt lat="42.963" lon="-0.07842">
    <ele>524.9</ele>
   </trkpt>
   <trkpt lat="42.963060000000006" lon="-0.07867">
    <ele>525.76</ele>
   </trkpt>
   <trkpt lat="42.96307" lon="-0.07896">
    <ele>529.05</ele>
   </trkpt>
   <trkpt lat="42.96296" lon="-0.07921">
    <ele>529.85</ele>
   </trkpt>
   <trkpt lat="42.96285" lon="-0.07932">
    <ele>531.13</ele>
   </trkpt>
   <trkpt lat="42.96209" lon="-0.0795">
    <ele>536.9900000000001</ele>
   </trkpt>
   <trkpt lat="42.96162" lon="-0.07955000000000001">
    <ele>540.22</ele>
   </trkpt>
   <trkpt lat="42.961740000000006" lon="-0.07982">
    <ele>547.15</ele>
   </trkpt>
   <trkpt lat="42.96182" lon="-0.07996">
    <ele>549.62</ele>
   </trkpt>
   <trkpt lat="42.961870000000005" lon="-0.08015000000000001">
    <ele>556.21</ele>
   </trkpt>
   <trkpt lat="42.96182" lon="-0.08021">
    <ele>557.34</ele>
   </trkpt>
   <trkpt lat="42.96175" lon="-0.08021">
    <ele>558.4</ele>
   </trkpt>
   <trkpt lat="42.96164" lon="-0.08004">
    <ele>562.8000000000001</ele>
   </trkpt>
   <trkpt lat="42.9615" lon="-0.08003">
    <ele>565.15</ele>
   </trkpt>
   <trkpt lat="42.961330000000004" lon="-0.08036">
    <ele>572.0500000000001</ele>
   </trkpt>
   <trkpt lat="42.961200000000005" lon="-0.0805">
    <ele>573.88</ele>
   </trkpt>
   <trkpt lat="42.96105" lon="-0.0805">
    <ele>577.76</ele>
   </trkpt>
   <trkpt lat="42.960840000000005" lon="-0.08046">
    <ele>581.0300000000001</ele>
   </trkpt>
   <trkpt lat="42.960710000000006" lon="-0.08036">
    <ele>583.26</ele>
   </trkpt>
   <trkpt lat="42.96063" lon="-0.08025">
    <ele>583.9000000000001</ele>
   </trkpt>
   <trkpt lat="42.960460000000005" lon="-0.08014">
    <ele>586.94</ele>
   </trkpt>
   <trkpt lat="42.960390000000004" lon="-0.08021">
    <ele>589.04</ele>
   </trkpt>
   <trkpt lat="42.960420000000006" lon="-0.08032">
    <ele>589.7</ele>
   </trkpt>
   <trkpt lat="42.960770000000004" lon="-0.08064">
    <ele>595.0000000000001</ele>
   </trkpt>
   <trkpt lat="42.961020000000005" lon="-0.08097">
    <ele>603.4900000000001</ele>
   </trkpt>
   <trkpt lat="42.961020000000005" lon="-0.08114">
    <ele>605.77</ele>
   </trkpt>
   <trkpt lat="42.96099" lon="-0.08122">
    <ele>609.62</ele>
   </trkpt>
   <trkpt lat="42.960860000000004" lon="-0.08132">
    <ele>611.9</ele>
   </trkpt>
   <trkpt lat="42.960730000000005" lon="-0.08129">
    <ele>614.6</ele>
   </trkpt>
   <trkpt lat="42.96047" lon="-0.08114">
    <ele>617.02</ele>
   </trkpt>
   <trkpt lat="42.96034" lon="-0.08111">
    <ele>617.35</ele>
   </trkpt>
   <trkpt lat="42.959860000000006" lon="-0.08122">
    <ele>624.14</ele>
   </trkpt>
   <trkpt lat="42.959770000000006" lon="-0.08132">
    <ele>626.11</ele>
   </trkpt>
   <trkpt lat="42.95971" lon="-0.08143">
    <ele>627.22</ele>
   </trkpt>
   <trkpt lat="42.95969" lon="-0.08154">
    <ele>632.0100000000001</ele>
   </trkpt>
   <trkpt lat="42.95982" lon="-0.08179">
    <ele>637.9</ele>
   </trkpt>
   <trkpt lat="42.95989" lon="-0.08189">
    <ele>639.0400000000001</ele>
   </trkpt>
   <trkpt lat="42.959860000000006" lon="-0.08208">
    <ele>642.12</ele>
   </trkpt>
   <trkpt lat="42.959700000000005" lon="-0.08214">
    <ele>645.26</ele>
   </trkpt>
   <trkpt lat="42.95953" lon="-0.0821">
    <ele>647.02</ele>
   </trkpt>
   <trkpt lat="42.95931" lon="-0.08193">
    <ele>648.72</ele>
   </trkpt>
   <trkpt lat="42.958980000000004" lon="-0.08172">
    <ele>654.6500000000001</ele>
   </trkpt>
   <trkpt lat="42.958830000000006" lon="-0.08175">
    <ele>659.1300000000001</ele>
   </trkpt>
   <trkpt lat="42.95879" lon="-0.08182">
    <ele>661.24</ele>
   </trkpt>
   <trkpt lat="42.958800000000004" lon="-0.0819">
    <ele>662.2300000000001</ele>
   </trkpt>
   <trkpt lat="42.95895" lon="-0.08204">
    <ele>666.44</ele>
   </trkpt>
   <trkpt lat="42.958960000000005" lon="-0.08217">
    <ele>667.34</ele>
   </trkpt>
   <trkpt lat="42.95891" lon="-0.08228">
    <ele>669.51</ele>
   </trkpt>
   <trkpt lat="42.958850000000005" lon="-0.08236">
    <ele>670.78</ele>
   </trkpt>
   <trkpt lat="42.958450000000006" lon="-0.08246">
    <ele>683.47</ele>
   </trkpt>
   <trkpt lat="42.9585" lon="-0.08251">
    <ele>684.6800000000001</ele>
   </trkpt>
   <trkpt lat="42.95863000000001" lon="-0.08261">
    <ele>690.47</ele>
   </trkpt>
   <trkpt lat="42.95855" lon="-0.08278">
    <ele>695.1</ele>
   </trkpt>
   <trkpt lat="42.9585" lon="-0.08283">
    <ele>697.9000000000001</ele>
   </trkpt>
   <trkpt lat="42.95861" lon="-0.08292000000000001">
    <ele>701.61</ele>
   </trkpt>
   <trkpt lat="42.95873" lon="-0.08317000000000001">
    <ele>708.45</ele>
   </trkpt>
   <trkpt lat="42.958580000000005" lon="-0.08328">
    <ele>712.32</ele>
   </trkpt>
   <trkpt lat="42.958670000000005" lon="-0.08341000000000001">
    <ele>716.62</ele>
   </trkpt>
   <trkpt lat="42.95927000222298" lon="-0.08391999001866793">
    <ele>734.59</ele>
   </trkpt>
   <trkpt lat="42.95987000218196" lon="-0.0844299899836503">
    <ele>750.8100000000001</ele>
   </trkpt>
   <trkpt lat="42.96047" lon="-0.08494">
    <ele>759.99</ele>
   </trkpt>
   <trkpt lat="42.960480000000004" lon="-0.08497">
    <ele>761.33</ele>
   </trkpt>
   <trkpt lat="42.960510000000006" lon="-0.085">
    <ele>761.33</ele>
   </trkpt>
   <trkpt lat="42.960730000000005" lon="-0.08507">
    <ele>763.4000000000001</ele>
   </trkpt>
   <trkpt lat="42.960730000000005" lon="-0.08518">
    <ele>764.73</ele>
   </trkpt>
   <trkpt lat="42.96036" lon="-0.08518">
    <ele>771.6200000000001</ele>
   </trkpt>
   <trkpt lat="42.959880000000005" lon="-0.08514000000000001">
    <ele>780.8100000000001</ele>
   </trkpt>
   <trkpt lat="42.959320000000005" lon="-0.08537">
    <ele>788.87</ele>
   </trkpt>
   <trkpt lat="42.959320000000005" lon="-0.08543">
    <ele>790.3800000000001</ele>
   </trkpt>
   <trkpt lat="42.960040000000006" lon="-0.08587">
    <ele>800.6</ele>
   </trkpt>
   <trkpt lat="42.96045" lon="-0.08619">
    <ele>805.0400000000001</ele>
   </trkpt>
   <trkpt lat="42.96108" lon="-0.08655">
    <ele>807.2</ele>
   </trkpt>
   <trkpt lat="42.96039500011256" lon="-0.08652499972567732">
    <ele>816.35</ele>
   </trkpt>
   <trkpt lat="42.95971" lon="-0.08650000000000001">
    <ele>829.84</ele>
   </trkpt>
   <trkpt lat="42.959540000000004" lon="-0.08654">
    <ele>831.9200000000001</ele>
   </trkpt>
   <trkpt lat="42.959030000000006" lon="-0.08637">
    <ele>837.64</ele>
   </trkpt>
   <trkpt lat="42.958650000000006" lon="-0.08648">
    <ele>838.99</ele>
   </trkpt>
   <trkpt lat="42.95806" lon="-0.08639000000000001">
    <ele>842.8500000000001</ele>
   </trkpt>
   <trkpt lat="42.95759" lon="-0.0863">
    <ele>847.7600000000001</ele>
   </trkpt>
   <trkpt lat="42.95694" lon="-0.08612">
    <ele>855.6300000000001</ele>
   </trkpt>
   <trkpt lat="42.95673" lon="-0.08614000000000001">
    <ele>861.0600000000001</ele>
   </trkpt>
   <trkpt lat="42.95611" lon="-0.08604">
    <ele>869.7</ele>
   </trkpt>
   <trkpt lat="42.95568" lon="-0.08607000000000001">
    <ele>876.9300000000001</ele>
   </trkpt>
   <trkpt lat="42.95546" lon="-0.08611">
    <ele>879.9800000000001</ele>
   </trkpt>
   <trkpt lat="42.955270000000006" lon="-0.08623">
    <ele>884.21</ele>
   </trkpt>
   <trkpt lat="42.955040000000004" lon="-0.08643">
    <ele>889.9300000000001</ele>
   </trkpt>
   <trkpt lat="42.95463" lon="-0.08650000000000001">
    <ele>897.8900000000001</ele>
   </trkpt>
   <trkpt lat="42.954570000000004" lon="-0.08657000000000001">
    <ele>900.34</ele>
   </trkpt>
   <trkpt lat="42.95441" lon="-0.08668000000000001">
    <ele>905.7100000000002</ele>
   </trkpt>
   <trkpt lat="42.95440000000001" lon="-0.08673">
    <ele>905.7100000000002</ele>
   </trkpt>
   <trkpt lat="42.954510000000006" lon="-0.08679">
    <ele>905.7100000000002</ele>
   </trkpt>
   <trkpt lat="42.95452" lon="-0.08686">
    <ele>910.3700000000001</ele>
   </trkpt>
   <trkpt lat="42.95449000000001" lon="-0.08689000000000001">
    <ele>910.3700000000001</ele>
   </trkpt>
   <trkpt lat="42.954190000000004" lon="-0.0869">
    <ele>916.72</ele>
   </trkpt>
   <trkpt lat="42.95407" lon="-0.08704">
    <ele>918.61</ele>
   </trkpt>
   <trkpt lat="42.95403" lon="-0.08716">
    <ele>919.69</ele>
   </trkpt>
   <trkpt lat="42.95387" lon="-0.0874">
    <ele>928.7</ele>
   </trkpt>
   <trkpt lat="42.95385" lon="-0.08750000000000001">
    <ele>929.94</ele>
   </trkpt>
   <trkpt lat="42.95387" lon="-0.08755">
    <ele>929.94</ele>
   </trkpt>
   <trkpt lat="42.95407" lon="-0.08755">
    <ele>932.19</ele>
   </trkpt>
   <trkpt lat="42.95416" lon="-0.08752">
    <ele>939.71</ele>
   </trkpt>
   <trkpt lat="42.95421" lon="-0.08755">
    <ele>939.71</ele>
   </trkpt>
   <trkpt lat="42.9542" lon="-0.08765">
    <ele>940.8100000000001</ele>
   </trkpt>
   <trkpt lat="42.95411" lon="-0.0878">
    <ele>945.5100000000001</ele>
   </trkpt>
   <trkpt lat="42.954040000000006" lon="-0.08783">
    <ele>945.5100000000001</ele>
   </trkpt>
   <trkpt lat="42.954040000000006" lon="-0.0879">
    <ele>948.69</ele>
   </trkpt>
   <trkpt lat="42.953990000000005" lon="-0.08800000000000001">
    <ele>950.96</ele>
   </trkpt>
   <trkpt lat="42.95402000000001" lon="-0.08808">
    <ele>950.96</ele>
   </trkpt>
   <trkpt lat="42.954080000000005" lon="-0.08808">
    <ele>955.7700000000001</ele>
   </trkpt>
   <trkpt lat="42.954130000000006" lon="-0.08805">
    <ele>955.7700000000001</ele>
   </trkpt>
   <trkpt lat="42.95411" lon="-0.08818000000000001">
    <ele>955.7700000000001</ele>
   </trkpt>
   <trkpt lat="42.954150000000006" lon="-0.08825000000000001">
    <ele>960.3900000000001</ele>
   </trkpt>
   <trkpt lat="42.95416" lon="-0.08833">
    <ele>960.3900000000001</ele>
   </trkpt>
   <trkpt lat="42.95422000000001" lon="-0.0884">
    <ele>964.08</ele>
   </trkpt>
   <trkpt lat="42.95423" lon="-0.08851">
    <ele>965.7200000000001</ele>
   </trkpt>
   <trkpt lat="42.954280000000004" lon="-0.08853000000000001">
    <ele>965.7200000000001</ele>
   </trkpt>
   <trkpt lat="42.95436" lon="-0.08845">
    <ele>967.47</ele>
   </trkpt>
   <trkpt lat="42.95454" lon="-0.08844">
    <ele>971.11</ele>
   </trkpt>
   <trkpt lat="42.95478000000001" lon="-0.08837">
    <ele>976.3900000000001</ele>
   </trkpt>
   <trkpt lat="42.95487000000001" lon="-0.08848">
    <ele>980.35</ele>
   </trkpt>
   <trkpt lat="42.9549" lon="-0.08858">
    <ele>980.35</ele>
   </trkpt>
   <trkpt lat="42.95506" lon="-0.08884">
    <ele>991.08</ele>
   </trkpt>
   <trkpt lat="42.95506" lon="-0.08888">
    <ele>992.3100000000001</ele>
   </trkpt>
   <trkpt lat="42.955020000000005" lon="-0.08893000000000001">
    <ele>992.3100000000001</ele>
   </trkpt>
   <trkpt lat="42.95503" lon="-0.08897000000000001">
    <ele>995.7800000000001</ele>
   </trkpt>
   <trkpt lat="42.955090000000006" lon="-0.08908">
    <ele>997.0300000000001</ele>
   </trkpt>
   <trkpt lat="42.9551" lon="-0.08915000000000001">
    <ele>998.3900000000001</ele>
   </trkpt>
   <trkpt lat="42.95517" lon="-0.08922000000000001">
    <ele>999.84</ele>
   </trkpt>
   <trkpt lat="42.955220000000004" lon="-0.0893">
    <ele>1004.4900000000001</ele>
   </trkpt>
   <trkpt lat="42.95523" lon="-0.08941">
    <ele>1009.0300000000001</ele>
   </trkpt>
   <trkpt lat="42.95535" lon="-0.08945">
    <ele>1013.76</ele>
   </trkpt>
   <trkpt lat="42.95537" lon="-0.08948">
    <ele>1013.76</ele>
   </trkpt>
   <trkpt lat="42.95546" lon="-0.08954000000000001">
    <ele>1017.26</ele>
   </trkpt>
   <trkpt lat="42.95548" lon="-0.08959">
    <ele>1017.26</ele>
   </trkpt>
   <trkpt lat="42.95555" lon="-0.08961000000000001">
    <ele>1022.91</ele>
   </trkpt>
   <trkpt lat="42.955670000000005" lon="-0.08972000000000001">
    <ele>1026.3300000000002</ele>
   </trkpt>
   <trkpt lat="42.95568" lon="-0.08976">
    <ele>1027.8100000000002</ele>
   </trkpt>
   <trkpt lat="42.955740000000006" lon="-0.08979000000000001">
    <ele>1030.6000000000001</ele>
   </trkpt>
   <trkpt lat="42.955780000000004" lon="-0.09002">
    <ele>1037.18</ele>
   </trkpt>
   <trkpt lat="42.95584" lon="-0.08994">
    <ele>1038.84</ele>
   </trkpt>
   <trkpt lat="42.955870000000004" lon="-0.08998">
    <ele>1040.33</ele>
   </trkpt>
   <trkpt lat="42.95588" lon="-0.08997000000000001">
    <ele>1040.33</ele>
   </trkpt>
   <trkpt lat="42.955890000000004" lon="-0.08999">
    <ele>1040.33</ele>
   </trkpt>
   <trkpt lat="42.955960000000005" lon="-0.09002">
    <ele>1040.33</ele>
   </trkpt>
   <trkpt lat="42.95606" lon="-0.09015000000000001">
    <ele>1048.2</ele>
   </trkpt>
   <trkpt lat="42.956070000000004" lon="-0.0902">
    <ele>1048.2</ele>
   </trkpt>
   <trkpt lat="42.95617" lon="-0.09024">
    <ele>1051.0400000000002</ele>
   </trkpt>
   <trkpt lat="42.956210000000006" lon="-0.0903">
    <ele>1052.01</ele>
   </trkpt>
   <trkpt lat="42.956250000000004" lon="-0.0903">
    <ele>1053.0700000000002</ele>
   </trkpt>
   <trkpt lat="42.95629" lon="-0.09034">
    <ele>1054.2</ele>
   </trkpt>
   <trkpt lat="42.95633" lon="-0.09033000000000001">
    <ele>1055.43</ele>
   </trkpt>
   <trkpt lat="42.956390000000006" lon="-0.09038">
    <ele>1058.24</ele>
   </trkpt>
   <trkpt lat="42.95646000000001" lon="-0.09041">
    <ele>1058.24</ele>
   </trkpt>
   <trkpt lat="42.95649" lon="-0.09047000000000001">
    <ele>1062.87</ele>
   </trkpt>
   <trkpt lat="42.956610000000005" lon="-0.09051000000000001">
    <ele>1065.69</ele>
   </trkpt>
   <trkpt lat="42.956680000000006" lon="-0.09058000000000001">
    <ele>1068.09</ele>
   </trkpt>
   <trkpt lat="42.956790000000005" lon="-0.09062">
    <ele>1072.0</ele>
   </trkpt>
   <trkpt lat="42.956830000000004" lon="-0.0907">
    <ele>1072.0</ele>
   </trkpt>
   <trkpt lat="42.95693000000001" lon="-0.0908">
    <ele>1075.28</ele>
   </trkpt>
   <trkpt lat="42.95698" lon="-0.0908">
    <ele>1075.28</ele>
   </trkpt>
   <trkpt lat="42.957080000000005" lon="-0.09091">
    <ele>1080.17</ele>
   </trkpt>
   <trkpt lat="42.957350000000005" lon="-0.09109">
    <ele>1086.4900000000002</ele>
   </trkpt>
   <trkpt lat="42.957460000000005" lon="-0.09126000000000001">
    <ele>1090.6299999999999</ele>
   </trkpt>
   <trkpt lat="42.95752" lon="-0.09123">
    <ele>1092.13</ele>
   </trkpt>
   <trkpt lat="42.957600000000006" lon="-0.09126000000000001">
    <ele>1093.8700000000001</ele>
   </trkpt>
   <trkpt lat="42.957730000000005" lon="-0.09140000000000001">
    <ele>1102.5200000000002</ele>
   </trkpt>
   <trkpt lat="42.957770000000004" lon="-0.09137">
    <ele>1102.5200000000002</ele>
   </trkpt>
   <trkpt lat="42.95788" lon="-0.09139000000000001">
    <ele>1107.88</ele>
   </trkpt>
   <trkpt lat="42.957980000000006" lon="-0.09158000000000001">
    <ele>1107.88</ele>
   </trkpt>
   <trkpt lat="42.95792" lon="-0.0916">
    <ele>1107.88</ele>
   </trkpt>
   <trkpt lat="42.95788" lon="-0.09169000000000001">
    <ele>1119.15</ele>
   </trkpt>
   <trkpt lat="42.957890000000006" lon="-0.09173">
    <ele>1119.15</ele>
   </trkpt>
   <trkpt lat="42.95788" lon="-0.09177">
    <ele>1119.15</ele>
   </trkpt>
   <trkpt lat="42.957930000000005" lon="-0.09198">
    <ele>1122.74</ele>
   </trkpt>
   <trkpt lat="42.95792" lon="-0.09199">
    <ele>1122.74</ele>
   </trkpt>
   <trkpt lat="42.957860000000004" lon="-0.09199">
    <ele>1122.74</ele>
   </trkpt>
   <trkpt lat="42.95783" lon="-0.09205">
    <ele>1125.0300000000002</ele>
   </trkpt>
   <trkpt lat="42.957820000000005" lon="-0.09231">
    <ele>1128.49</ele>
   </trkpt>
   <trkpt lat="42.95787000000001" lon="-0.09248">
    <ele>1130.71</ele>
   </trkpt>
   <trkpt lat="42.95797" lon="-0.09249">
    <ele>1132.93</ele>
   </trkpt>
   <trkpt lat="42.957980000000006" lon="-0.09259">
    <ele>1135.67</ele>
   </trkpt>
   <trkpt lat="42.958040000000004" lon="-0.0926">
    <ele>1137.18</ele>
   </trkpt>
   <trkpt lat="42.95806" lon="-0.09294000000000001">
    <ele>1148.41</ele>
   </trkpt>
   <trkpt lat="42.95814" lon="-0.09298000000000001">
    <ele>1148.41</ele>
   </trkpt>
   <trkpt lat="42.95821" lon="-0.09296">
    <ele>1155.15</ele>
   </trkpt>
   <trkpt lat="42.95823" lon="-0.0931">
    <ele>1155.15</ele>
   </trkpt>
   <trkpt lat="42.95828" lon="-0.09313">
    <ele>1158.38</ele>
   </trkpt>
   <trkpt lat="42.958360000000006" lon="-0.09324">
    <ele>1164.3400000000001</ele>
   </trkpt>
   <trkpt lat="42.95839" lon="-0.09339">
    <ele>1167.27</ele>
   </trkpt>
   <trkpt lat="42.95844" lon="-0.09345">
    <ele>1167.27</ele>
   </trkpt>
   <trkpt lat="42.95855" lon="-0.09366000000000001">
    <ele>1175.65</ele>
   </trkpt>
   <trkpt lat="42.95875" lon="-0.09380000000000001">
    <ele>1180.67</ele>
   </trkpt>
   <trkpt lat="42.958870000000005" lon="-0.09377">
    <ele>1184.0400000000002</ele>
   </trkpt>
   <trkpt lat="42.958920000000006" lon="-0.09380000000000001">
    <ele>1184.0400000000002</ele>
   </trkpt>
   <trkpt lat="42.95897" lon="-0.09395">
    <ele>1186.39</ele>
   </trkpt>
   <trkpt lat="42.959010000000006" lon="-0.09396">
    <ele>1186.39</ele>
   </trkpt>
   <trkpt lat="42.959030000000006" lon="-0.09413">
    <ele>1193.9700000000003</ele>
   </trkpt>
   <trkpt lat="42.95910000000001" lon="-0.09421">
    <ele>1193.9700000000003</ele>
   </trkpt>
   <trkpt lat="42.95910000000001" lon="-0.09427">
    <ele>1197.5800000000002</ele>
   </trkpt>
   <trkpt lat="42.959140000000005" lon="-0.09435">
    <ele>1198.7</ele>
   </trkpt>
   <trkpt lat="42.959390000000006" lon="-0.09471">
    <ele>1206.9800000000002</ele>
   </trkpt>
   <trkpt lat="42.95953" lon="-0.09488">
    <ele>1213.75</ele>
   </trkpt>
   <trkpt lat="42.95958" lon="-0.09506">
    <ele>1216.29</ele>
   </trkpt>
   <trkpt lat="42.959610000000005" lon="-0.09534000000000001">
    <ele>1220.92</ele>
   </trkpt>
   <trkpt lat="42.95969" lon="-0.0955">
    <ele>1223.09</ele>
   </trkpt>
   <trkpt lat="42.959700000000005" lon="-0.09556">
    <ele>1228.28</ele>
   </trkpt>
   <trkpt lat="42.95969" lon="-0.09559000000000001">
    <ele>1228.28</ele>
   </trkpt>
   <trkpt lat="42.959740000000004" lon="-0.09568">
    <ele>1228.28</ele>
   </trkpt>
   <trkpt lat="42.9598" lon="-0.09574">
    <ele>1228.28</ele>
   </trkpt>
   <trkpt lat="42.95984000000001" lon="-0.09584000000000001">
    <ele>1235.7900000000002</ele>
   </trkpt>
   <trkpt lat="42.959900000000005" lon="-0.09592">
    <ele>1235.7900000000002</ele>
   </trkpt>
   <trkpt lat="42.959970000000006" lon="-0.09593">
    <ele>1235.7900000000002</ele>
   </trkpt>
   <trkpt lat="42.960080000000005" lon="-0.09599">
    <ele>1238.6200000000001</ele>
   </trkpt>
   <trkpt lat="42.96013000000001" lon="-0.09599">
    <ele>1238.6200000000001</ele>
   </trkpt>
   <trkpt lat="42.960190000000004" lon="-0.09602000000000001">
    <ele>1241.0700000000002</ele>
   </trkpt>
   <trkpt lat="42.960280000000004" lon="-0.09613000000000001">
    <ele>1242.88</ele>
   </trkpt>
   <trkpt lat="42.96029" lon="-0.09617">
    <ele>1243.91</ele>
   </trkpt>
   <trkpt lat="42.96041" lon="-0.09625">
    <ele>1247.17</ele>
   </trkpt>
   <trkpt lat="42.96043" lon="-0.09631">
    <ele>1248.22</ele>
   </trkpt>
   <trkpt lat="42.96059" lon="-0.09643">
    <ele>1252.0600000000002</ele>
   </trkpt>
   <trkpt lat="42.96063" lon="-0.09656">
    <ele>1253.06</ele>
   </trkpt>
   <trkpt lat="42.9607" lon="-0.0966">
    <ele>1257.29</ele>
   </trkpt>
   <trkpt lat="42.96078000000001" lon="-0.09668">
    <ele>1258.25</ele>
   </trkpt>
   <trkpt lat="42.96081" lon="-0.09675">
    <ele>1259.83</ele>
   </trkpt>
   <trkpt lat="42.960930000000005" lon="-0.09682">
    <ele>1261.38</ele>
   </trkpt>
   <trkpt lat="42.961000000000006" lon="-0.09692">
    <ele>1262.61</ele>
   </trkpt>
   <trkpt lat="42.961090000000006" lon="-0.09689">
    <ele>1264.66</ele>
   </trkpt>
   <trkpt lat="42.96148" lon="-0.09713000000000001">
    <ele>1276.25</ele>
   </trkpt>
   <trkpt lat="42.961710000000004" lon="-0.09718">
    <ele>1287.77</ele>
   </trkpt>
   <trkpt lat="42.96175" lon="-0.09724000000000001">
    <ele>1289.19</ele>
   </trkpt>
   <trkpt lat="42.961690000000004" lon="-0.09735">
    <ele>1291.86</ele>
   </trkpt>
   <trkpt lat="42.96173" lon="-0.09763000000000001">
    <ele>1297.8700000000001</ele>
   </trkpt>
   <trkpt lat="42.96179" lon="-0.09774000000000001">
    <ele>1301.14</ele>
   </trkpt>
   <trkpt lat="42.9619" lon="-0.09809000000000001">
    <ele>1307.83</ele>
   </trkpt>
   <trkpt lat="42.96240500058364" lon="-0.09842999726338422">
    <ele>1333.1200000000001</ele>
   </trkpt>
   <trkpt lat="42.96291" lon="-0.09877000000000001">
    <ele>1333.1200000000001</ele>
   </trkpt>
   <trkpt lat="42.962810000000005" lon="-0.09892000000000001">
    <ele>1334.1900000000003</ele>
   </trkpt>
   <trkpt lat="42.96278" lon="-0.09914">
    <ele>1335.15</ele>
   </trkpt>
   <trkpt lat="42.96278" lon="-0.09936">
    <ele>1335.9</ele>
   </trkpt>
   <trkpt lat="42.963085002145505" lon="-0.1000699963672181">
    <ele>1342.17</ele>
   </trkpt>
   <trkpt lat="42.963390000000004" lon="-0.10078000000000001">
    <ele>1344.8000000000002</ele>
   </trkpt>
   <trkpt lat="42.96351000000001" lon="-0.10121000000000001">
    <ele>1346.87</ele>
   </trkpt>
   <trkpt lat="42.963620000000006" lon="-0.10176">
    <ele>1349.3600000000001</ele>
   </trkpt>
   <trkpt lat="42.96368500165236" lon="-0.10237999914778402">
    <ele>1353.3000000000002</ele>
   </trkpt>
   <trkpt lat="42.963750000000005" lon="-0.10300000000000001">
    <ele>1355.91</ele>
   </trkpt>
   <trkpt lat="42.963750000000005" lon="-0.10299000000000001">
    <ele>1355.91</ele>
   </trkpt>
   <trkpt lat="42.963730000000005" lon="-0.10325000000000001">
    <ele>1357.23</ele>
   </trkpt>
   <trkpt lat="42.963640000000005" lon="-0.10358">
    <ele>1358.95</ele>
   </trkpt>
   <trkpt lat="42.963460000000005" lon="-0.1039">
    <ele>1361.52</ele>
   </trkpt>
   <trkpt lat="42.96334" lon="-0.10397">
    <ele>1362.16</ele>
   </trkpt>
   <trkpt lat="42.96296" lon="-0.10386000000000001">
    <ele>1363.94</ele>
   </trkpt>
   <trkpt lat="42.962790000000005" lon="-0.10387">
    <ele>1364.96</ele>
   </trkpt>
   <trkpt lat="42.96262" lon="-0.10408">
    <ele>1366.5800000000002</ele>
   </trkpt>
   <trkpt lat="42.962500000000006" lon="-0.10444">
    <ele>1369.18</ele>
   </trkpt>
   <trkpt lat="42.96244" lon="-0.10494">
    <ele>1372.57</ele>
   </trkpt>
   <trkpt lat="42.96238" lon="-0.10562">
    <ele>1376.5500000000002</ele>
   </trkpt>
   <trkpt lat="42.96246" lon="-0.10605">
    <ele>1379.95</ele>
   </trkpt>
   <trkpt lat="42.96274500153544" lon="-0.10663999730908236">
    <ele>1383.2900000000002</ele>
   </trkpt>
   <trkpt lat="42.96303" lon="-0.10723">
    <ele>1387.3200000000002</ele>
   </trkpt>
   <trkpt lat="42.963190000000004" lon="-0.10779000000000001">
    <ele>1391.3600000000001</ele>
   </trkpt>
   <trkpt lat="42.96323" lon="-0.10802">
    <ele>1392.67</ele>
   </trkpt>
   <trkpt lat="42.963210000000004" lon="-0.10831">
    <ele>1396.0800000000002</ele>
   </trkpt>
   <trkpt lat="42.96312" lon="-0.10884">
    <ele>1398.89</ele>
   </trkpt>
   <trkpt lat="42.96293" lon="-0.10924">
    <ele>1400.41</ele>
   </trkpt>
   <trkpt lat="42.962300000000006" lon="-0.10935">
    <ele>1406.47</ele>
   </trkpt>
   <trkpt lat="42.962070000000004" lon="-0.10952">
    <ele>1410.6000000000001</ele>
   </trkpt>
   <trkpt lat="42.96181000000001" lon="-0.10980000000000001">
    <ele>1413.88</ele>
   </trkpt>
   <trkpt lat="42.961600000000004" lon="-0.11009000000000001">
    <ele>1415.91</ele>
   </trkpt>
   <trkpt lat="42.961380000000005" lon="-0.11045">
    <ele>1420.88</ele>
   </trkpt>
   <trkpt lat="42.961200000000005" lon="-0.11064">
    <ele>1423.89</ele>
   </trkpt>
   <trkpt lat="42.96114" lon="-0.11077000000000001">
    <ele>1426.02</ele>
   </trkpt>
   <trkpt lat="42.96105" lon="-0.11077000000000001">
    <ele>1427.7000000000003</ele>
   </trkpt>
   <trkpt lat="42.96094" lon="-0.11091000000000001">
    <ele>1430.59</ele>
   </trkpt>
   <trkpt lat="42.96076" lon="-0.11135">
    <ele>1437.64</ele>
   </trkpt>
   <trkpt lat="42.96060000000001" lon="-0.11163000000000001">
    <ele>1440.64</ele>
   </trkpt>
   <trkpt lat="42.96007" lon="-0.11217">
    <ele>1459.3500000000001</ele>
   </trkpt>
   <trkpt lat="42.959990000000005" lon="-0.11228">
    <ele>1459.3500000000001</ele>
   </trkpt>
   <trkpt lat="42.959920000000004" lon="-0.11245000000000001">
    <ele>1461.48</ele>
   </trkpt>
   <trkpt lat="42.959390000000006" lon="-0.11318">
    <ele>1481.6</ele>
   </trkpt>
   <trkpt lat="42.959270000000004" lon="-0.11338000000000001">
    <ele>1484.67</ele>
   </trkpt>
   <trkpt lat="42.959050000000005" lon="-0.11363000000000001">
    <ele>1490.96</ele>
   </trkpt>
   <trkpt lat="42.958420000000004" lon="-0.114">
    <ele>1495.51</ele>
   </trkpt>
   <trkpt lat="42.95828" lon="-0.11417000000000001">
    <ele>1496.49</ele>
   </trkpt>
   <trkpt lat="42.95815" lon="-0.11439">
    <ele>1496.7700000000002</ele>
   </trkpt>
   <trkpt lat="42.958000000000006" lon="-0.11471">
    <ele>1498.0200000000002</ele>
   </trkpt>
   <trkpt lat="42.957800000000006" lon="-0.11536">
    <ele>1499.66</ele>
   </trkpt>
   <trkpt lat="42.957710000000006" lon="-0.11571000000000001">
    <ele>1500.31</ele>
   </trkpt>
   <trkpt lat="42.95769000000001" lon="-0.11607">
    <ele>1501.0100000000002</ele>
   </trkpt>
   <trkpt lat="42.95763" lon="-0.11635000000000001">
    <ele>1501.72</ele>
   </trkpt>
   <trkpt lat="42.957530000000006" lon="-0.11671000000000001">
    <ele>1504.52</ele>
   </trkpt>
   <trkpt lat="42.95718" lon="-0.11743">
    <ele>1509.73</ele>
   </trkpt>
   <trkpt lat="42.957010000000004" lon="-0.11794">
    <ele>1513.2200000000003</ele>
   </trkpt>
   <trkpt lat="42.95694" lon="-0.11837">
    <ele>1517.46</ele>
   </trkpt>
   <trkpt lat="42.95689" lon="-0.11959000000000002">
    <ele>1528.3300000000002</ele>
   </trkpt>
   <trkpt lat="42.95712000322058" lon="-0.12044499694919471">
    <ele>1533.8600000000001</ele>
   </trkpt>
   <trkpt lat="42.957350000000005" lon="-0.1213">
    <ele>1537.0</ele>
   </trkpt>
   <trkpt lat="42.95736" lon="-0.12162">
    <ele>1538.34</ele>
   </trkpt>
   <trkpt lat="42.95740000000001" lon="-0.12176000000000001">
    <ele>1539.47</ele>
   </trkpt>
   <trkpt lat="42.957510000000006" lon="-0.12237">
    <ele>1543.3600000000001</ele>
   </trkpt>
   <trkpt lat="42.95758" lon="-0.12294000000000001">
    <ele>1548.9400000000003</ele>
   </trkpt>
   <trkpt lat="42.95759" lon="-0.12338">
    <ele>1551.2</ele>
   </trkpt>
   <trkpt lat="42.957570000000004" lon="-0.12388">
    <ele>1557.2100000000003</ele>
   </trkpt>
   <trkpt lat="42.95763" lon="-0.12402">
    <ele>1559.3300000000002</ele>
   </trkpt>
   <trkpt lat="42.95765" lon="-0.12448000000000001">
    <ele>1566.7700000000002</ele>
   </trkpt>
   <trkpt lat="42.957550000000005" lon="-0.12495">
    <ele>1579.8400000000001</ele>
   </trkpt>
   <trkpt lat="42.957350000000005" lon="-0.12556">
    <ele>1587.3600000000001</ele>
   </trkpt>
   <trkpt lat="42.9572" lon="-0.12595">
    <ele>1593.16</ele>
   </trkpt>
   <trkpt lat="42.9568" lon="-0.1267">
    <ele>1607.5400000000002</ele>
   </trkpt>
   <trkpt lat="42.95712" lon="-0.12703">
    <ele>1605.0300000000002</ele>
   </trkpt>
   <trkpt lat="42.95707" lon="-0.12817">
    <ele>1610.67</ele>
   </trkpt>
   <trkpt lat="42.95682" lon="-0.12915000000000001">
    <ele>1618.1100000000001</ele>
   </trkpt>
   <trkpt lat="42.9566" lon="-0.12988000000000002">
    <ele>1623.8100000000002</ele>
   </trkpt>
   <trkpt lat="42.95645000166248" lon="-0.13049500143204953">
    <ele>1631.2900000000002</ele>
   </trkpt>
   <trkpt lat="42.956300000000006" lon="-0.13111">
    <ele>1634.71</ele>
   </trkpt>
   <trkpt lat="42.956120000000006" lon="-0.13205">
    <ele>1638.0500000000002</ele>
   </trkpt>
   <trkpt lat="42.95613" lon="-0.13244">
    <ele>1638.69</ele>
   </trkpt>
   <trkpt lat="42.956210000000006" lon="-0.13275">
    <ele>1639.55</ele>
   </trkpt>
   <trkpt lat="42.95627" lon="-0.13288">
    <ele>1640.6000000000001</ele>
   </trkpt>
   <trkpt lat="42.95633" lon="-0.13322">
    <ele>1644.2200000000003</ele>
   </trkpt>
   <trkpt lat="42.95629000181806" lon="-0.13387000075970326">
    <ele>1649.6000000000001</ele>
   </trkpt>
   <trkpt lat="42.956250000000004" lon="-0.13452">
    <ele>1652.47</ele>
   </trkpt>
   <trkpt lat="42.956250000000004" lon="-0.13491">
    <ele>1653.17</ele>
   </trkpt>
   <trkpt lat="42.956210000000006" lon="-0.13541">
    <ele>1654.8400000000001</ele>
   </trkpt>
   <trkpt lat="42.95609" lon="-0.13619">
    <ele>1659.67</ele>
   </trkpt>
   <trkpt lat="42.955980000000004" lon="-0.13646">
    <ele>1660.8700000000001</ele>
   </trkpt>
   <trkpt lat="42.955760000000005" lon="-0.13691">
    <ele>1661.3200000000002</ele>
   </trkpt>
   <trkpt lat="42.95523" lon="-0.13777">
    <ele>1660.8600000000001</ele>
   </trkpt>
   <trkpt lat="42.955000000000005" lon="-0.13821">
    <ele>1661.6000000000001</ele>
   </trkpt>
   <trkpt lat="42.954820000000005" lon="-0.1388">
    <ele>1662.44</ele>
   </trkpt>
   <trkpt lat="42.95457000405334" lon="-0.13976500391848587">
    <ele>1664.2500000000002</ele>
   </trkpt>
   <trkpt lat="42.95432" lon="-0.14073000000000002">
    <ele>1664.3700000000001</ele>
   </trkpt>
   <trkpt lat="42.95431000000001" lon="-0.14093">
    <ele>1664.14</ele>
   </trkpt>
   <trkpt lat="42.95414" lon="-0.14124">
    <ele>1662.71</ele>
   </trkpt>
   <trkpt lat="42.954010000000004" lon="-0.14179">
    <ele>1658.97</ele>
   </trkpt>
   <trkpt lat="42.95375000000001" lon="-0.14249">
    <ele>1657.4</ele>
   </trkpt>
   <trkpt lat="42.95367" lon="-0.1426">
    <ele>1656.95</ele>
   </trkpt>
   <trkpt lat="42.95349" lon="-0.14302">
    <ele>1654.3700000000001</ele>
   </trkpt>
   <trkpt lat="42.95344" lon="-0.14304">
    <ele>1653.88</ele>
   </trkpt>
   <trkpt lat="42.95333" lon="-0.14304">
    <ele>1652.2800000000002</ele>
   </trkpt>
   <trkpt lat="42.953300000000006" lon="-0.14303000000000002">
    <ele>1652.2800000000002</ele>
   </trkpt>
   <trkpt lat="42.95289000108533" lon="-0.14352500327480666">
    <ele>1631.4700000000003</ele>
   </trkpt>
   <trkpt lat="42.95248" lon="-0.14402">
    <ele>1631.4700000000003</ele>
   </trkpt>
   <trkpt lat="42.95248" lon="-0.14418">
    <ele>1629.5900000000001</ele>
   </trkpt>
   <trkpt lat="42.95259" lon="-0.14485">
    <ele>1626.57</ele>
   </trkpt>
   <trkpt lat="42.952560000000005" lon="-0.14521">
    <ele>1625.76</ele>
   </trkpt>
   <trkpt lat="42.95262" lon="-0.14568">
    <ele>1621.76</ele>
   </trkpt>
   <trkpt lat="42.95257" lon="-0.14585">
    <ele>1618.93</ele>
   </trkpt>
   <trkpt lat="42.9525" lon="-0.14596">
    <ele>1617.8100000000002</ele>
   </trkpt>
   <trkpt lat="42.952400000000004" lon="-0.14595000000000002">
    <ele>1617.0300000000002</ele>
   </trkpt>
   <trkpt lat="42.9522075107475" lon="-0.14685750854047003">
    <ele>1606.81</ele>
   </trkpt>
   <trkpt lat="42.952015014326385" lon="-0.14776501140417614">
    <ele>1514.52</ele>
   </trkpt>
   <trkpt lat="42.95182251073672" lon="-0.14867250859098075">
    <ele>1514.52</ele>
   </trkpt>
   <trkpt lat="42.95163" lon="-0.14958000000000002">
    <ele>1514.52</ele>
   </trkpt>
   <trkpt lat="42.951750000000004" lon="-0.14976">
    <ele>1513.54</ele>
   </trkpt>
   <trkpt lat="42.95179" lon="-0.14980000000000002">
    <ele>1513.03</ele>
   </trkpt>
   <trkpt lat="42.951690000000006" lon="-0.14968">
    <ele>1514.5900000000001</ele>
   </trkpt>
   <trkpt lat="42.95161" lon="-0.14954">
    <ele>1516.22</ele>
   </trkpt>
   <trkpt lat="42.95131000000001" lon="-0.14896">
    <ele>1521.02</ele>
   </trkpt>
   <trkpt lat="42.950770000000006" lon="-0.14815">
    <ele>1533.3400000000001</ele>
   </trkpt>
   <trkpt lat="42.950720000000004" lon="-0.14818">
    <ele>1532.18</ele>
   </trkpt>
   <trkpt lat="42.950230000000005" lon="-0.14751">
    <ele>1526.76</ele>
   </trkpt>
   <trkpt lat="42.95011" lon="-0.14732">
    <ele>1524.69</ele>
   </trkpt>
   <trkpt lat="42.94981000000001" lon="-0.14671">
    <ele>1515.36</ele>
   </trkpt>
   <trkpt lat="42.94975" lon="-0.14635">
    <ele>1512.85</ele>
   </trkpt>
   <trkpt lat="42.94934000253034" lon="-0.14558499487315538">
    <ele>1503.43</ele>
   </trkpt>
   <trkpt lat="42.948930000000004" lon="-0.14482">
    <ele>1494.0500000000002</ele>
   </trkpt>
   <trkpt lat="42.94868" lon="-0.14401">
    <ele>1484.5600000000002</ele>
   </trkpt>
   <trkpt lat="42.948620000000005" lon="-0.14371">
    <ele>1481.42</ele>
   </trkpt>
   <trkpt lat="42.948550000000004" lon="-0.14321">
    <ele>1478.1000000000001</ele>
   </trkpt>
   <trkpt lat="42.94852" lon="-0.14315">
    <ele>1478.01</ele>
   </trkpt>
   <trkpt lat="42.948440000000005" lon="-0.14315">
    <ele>1478.3600000000001</ele>
   </trkpt>
   <trkpt lat="42.94827" lon="-0.14307">
    <ele>1480.43</ele>
   </trkpt>
   <trkpt lat="42.94811000000001" lon="-0.14296">
    <ele>1481.23</ele>
   </trkpt>
   <trkpt lat="42.947880000000005" lon="-0.1429">
    <ele>1483.5800000000002</ele>
   </trkpt>
   <trkpt lat="42.94751" lon="-0.14276">
    <ele>1484.2400000000002</ele>
   </trkpt>
   <trkpt lat="42.94742" lon="-0.14266">
    <ele>1483.3200000000002</ele>
   </trkpt>
   <trkpt lat="42.94702" lon="-0.14199">
    <ele>1476.31</ele>
   </trkpt>
   <trkpt lat="42.9468" lon="-0.14154">
    <ele>1471.92</ele>
   </trkpt>
   <trkpt lat="42.94677" lon="-0.14142000000000002">
    <ele>1471.92</ele>
   </trkpt>
   <trkpt lat="42.94666" lon="-0.14113">
    <ele>1469.81</ele>
   </trkpt>
   <trkpt lat="42.94659" lon="-0.14102">
    <ele>1469.42</ele>
   </trkpt>
   <trkpt lat="42.94651" lon="-0.14099">
    <ele>1469.3500000000001</ele>
   </trkpt>
   <trkpt lat="42.94643000000001" lon="-0.14105">
    <ele>1469.6100000000001</ele>
   </trkpt>
   <trkpt lat="42.94637" lon="-0.1413">
    <ele>1470.66</ele>
   </trkpt>
   <trkpt lat="42.946290000000005" lon="-0.14137000000000002">
    <ele>1471.1200000000001</ele>
   </trkpt>
   <trkpt lat="42.94599" lon="-0.14146">
    <ele>1471.93</ele>
   </trkpt>
   <trkpt lat="42.9459" lon="-0.14152">
    <ele>1472.5</ele>
   </trkpt>
   <trkpt lat="42.94581" lon="-0.14165">
    <ele>1474.2</ele>
   </trkpt>
   <trkpt lat="42.94559" lon="-0.14218">
    <ele>1478.13</ele>
   </trkpt>
   <trkpt lat="42.945530000000005" lon="-0.14224">
    <ele>1478.13</ele>
   </trkpt>
   <trkpt lat="42.94539" lon="-0.14221">
    <ele>1481.1000000000001</ele>
   </trkpt>
   <trkpt lat="42.94474" lon="-0.14193">
    <ele>1485.0500000000002</ele>
   </trkpt>
   <trkpt lat="42.94431" lon="-0.14188">
    <ele>1488.3000000000002</ele>
   </trkpt>
   <trkpt lat="42.94408000000001" lon="-0.14202">
    <ele>1489.39</ele>
   </trkpt>
   <trkpt lat="42.94397" lon="-0.14213">
    <ele>1489.4600000000003</ele>
   </trkpt>
   <trkpt lat="42.94395" lon="-0.14224">
    <ele>1489.51</ele>
   </trkpt>
   <trkpt lat="42.94397" lon="-0.1424">
    <ele>1489.6</ele>
   </trkpt>
   <trkpt lat="42.94395" lon="-0.14249">
    <ele>1489.67</ele>
   </trkpt>
   <trkpt lat="42.943920000000006" lon="-0.14252">
    <ele>1489.8500000000001</ele>
   </trkpt>
   <trkpt lat="42.943870000000004" lon="-0.14254">
    <ele>1489.91</ele>
   </trkpt>
   <trkpt lat="42.94379000000001" lon="-0.14251">
    <ele>1489.88</ele>
   </trkpt>
   <trkpt lat="42.943450000000006" lon="-0.14221">
    <ele>1487.17</ele>
   </trkpt>
   <trkpt lat="42.943400000000004" lon="-0.14218">
    <ele>1487.17</ele>
   </trkpt>
   <trkpt lat="42.94332000000001" lon="-0.14221">
    <ele>1485.77</ele>
   </trkpt>
   <trkpt lat="42.942730000000005" lon="-0.14271">
    <ele>1486.31</ele>
   </trkpt>
   <trkpt lat="42.942690000000006" lon="-0.14276">
    <ele>1486.31</ele>
   </trkpt>
   <trkpt lat="42.94268" lon="-0.14299">
    <ele>1486.93</ele>
   </trkpt>
   <trkpt lat="42.942660000000004" lon="-0.14301">
    <ele>1486.93</ele>
   </trkpt>
   <trkpt lat="42.942780000000006" lon="-0.14316">
    <ele>1481.48</ele>
   </trkpt>
   <trkpt lat="42.942660000000004" lon="-0.14364000000000002">
    <ele>1477.8200000000002</ele>
   </trkpt>
   <trkpt lat="42.94303" lon="-0.14327">
    <ele>1474.82</ele>
   </trkpt>
   <trkpt lat="42.942930000000004" lon="-0.14372000000000001">
    <ele>1469.5500000000002</ele>
   </trkpt>
   <trkpt lat="42.94297" lon="-0.14462">
    <ele>1460.52</ele>
   </trkpt>
   <trkpt lat="42.94303" lon="-0.14506000000000002">
    <ele>1457.2200000000003</ele>
   </trkpt>
   <trkpt lat="42.94326" lon="-0.14573">
    <ele>1448.53</ele>
   </trkpt>
   <trkpt lat="42.943630000000006" lon="-0.14611000000000002">
    <ele>1435.17</ele>
   </trkpt>
   <trkpt lat="42.94409" lon="-0.14706000000000002">
    <ele>1419.42</ele>
   </trkpt>
   <trkpt lat="42.944430000000004" lon="-0.14729">
    <ele>1408.03</ele>
   </trkpt>
   <trkpt lat="42.94510500132344" lon="-0.14784499390044345">
    <ele>1408.03</ele>
   </trkpt>
   <trkpt lat="42.945780000000006" lon="-0.1484">
    <ele>1370.13</ele>
   </trkpt>
   <trkpt lat="42.94625000210338" lon="-0.1490949946953861">
    <ele>1350.5200000000002</ele>
   </trkpt>
   <trkpt lat="42.946720000000006" lon="-0.14979">
    <ele>1332.16</ele>
   </trkpt>
   <trkpt lat="42.94632" lon="-0.15084">
    <ele>1315.11</ele>
   </trkpt>
   <trkpt lat="42.94632" lon="-0.15148">
    <ele>1305.44</ele>
   </trkpt>
   <trkpt lat="42.946105002621486" lon="-0.15225500267980038">
    <ele>1288.93</ele>
   </trkpt>
   <trkpt lat="42.945890000000006" lon="-0.15303">
    <ele>1280.71</ele>
   </trkpt>
   <trkpt lat="42.9459" lon="-0.15326">
    <ele>1279.7800000000002</ele>
   </trkpt>
   <trkpt lat="42.946070000000006" lon="-0.15342">
    <ele>1276.8300000000002</ele>
   </trkpt>
   <trkpt lat="42.94606" lon="-0.15351">
    <ele>1276.0600000000002</ele>
   </trkpt>
   <trkpt lat="42.94596000000001" lon="-0.15359">
    <ele>1273.19</ele>
   </trkpt>
   <trkpt lat="42.94579" lon="-0.15362">
    <ele>1268.4</ele>
   </trkpt>
   <trkpt lat="42.945550000000004" lon="-0.15373">
    <ele>1263.63</ele>
   </trkpt>
   <trkpt lat="42.9455" lon="-0.15384">
    <ele>1262.8100000000002</ele>
   </trkpt>
   <trkpt lat="42.945800000000006" lon="-0.15442">
    <ele>1261.8400000000001</ele>
   </trkpt>
   <trkpt lat="42.9462500020598" lon="-0.15507999541582354">
    <ele>1257.32</ele>
   </trkpt>
   <trkpt lat="42.94670000000001" lon="-0.15574000000000002">
    <ele>1239.3899999999999</ele>
   </trkpt>
   <trkpt lat="42.947007512410956" lon="-0.15671498538604034">
    <ele>1221.0700000000002</ele>
   </trkpt>
   <trkpt lat="42.94731501654761" lon="-0.15768998051333635">
    <ele>1207.66</ele>
   </trkpt>
   <trkpt lat="42.94762251240979" lon="-0.15866498538182816">
    <ele>1189.98</ele>
   </trkpt>
   <trkpt lat="42.94793000000001" lon="-0.15964">
    <ele>1172.73</ele>
   </trkpt>
   <trkpt lat="42.94816667458816" lon="-0.16059332604539434">
    <ele>1159.41</ele>
   </trkpt>
   <trkpt lat="42.948403341265546" lon="-0.16154665942178467">
    <ele>1141.16</ele>
   </trkpt>
   <trkpt lat="42.948640000000005" lon="-0.1625">
    <ele>1126.36</ele>
   </trkpt>
   <trkpt lat="42.948620000000005" lon="-0.16328">
    <ele>1118.91</ele>
   </trkpt>
   <trkpt lat="42.94874" lon="-0.16395">
    <ele>1111.95</ele>
   </trkpt>
   <trkpt lat="42.948920001534816" lon="-0.16452999853182068">
    <ele>1102.48</ele>
   </trkpt>
   <trkpt lat="42.9491" lon="-0.16511">
    <ele>1090.42</ele>
   </trkpt>
   <trkpt lat="42.949180000000005" lon="-0.16522">
    <ele>1088.29</ele>
   </trkpt>
   <trkpt lat="42.949270000000006" lon="-0.16514">
    <ele>1084.96</ele>
   </trkpt>
   <trkpt lat="42.949270000000006" lon="-0.16494">
    <ele>1082.9</ele>
   </trkpt>
   <trkpt lat="42.94948" lon="-0.16409">
    <ele>1069.0600000000002</ele>
   </trkpt>
   <trkpt lat="42.949760000000005" lon="-0.16431">
    <ele>1060.33</ele>
   </trkpt>
   <trkpt lat="42.94979" lon="-0.16478">
    <ele>1050.84</ele>
   </trkpt>
   <trkpt lat="42.94986" lon="-0.16525">
    <ele>1036.2600000000002</ele>
   </trkpt>
   <trkpt lat="42.949830000000006" lon="-0.16569">
    <ele>1024.8799999999999</ele>
   </trkpt>
   <trkpt lat="42.949670000000005" lon="-0.16646000000000002">
    <ele>1012.48</ele>
   </trkpt>
   <trkpt lat="42.94935" lon="-0.16688">
    <ele>1011.15</ele>
   </trkpt>
   <trkpt lat="42.94912" lon="-0.16711">
    <ele>1010.3300000000002</ele>
   </trkpt>
   <trkpt lat="42.94856" lon="-0.16742">
    <ele>1013.2100000000002</ele>
   </trkpt>
   <trkpt lat="42.947970000000005" lon="-0.16798000000000002">
    <ele>1009.57</ele>
   </trkpt>
   <trkpt lat="42.94782" lon="-0.16805">
    <ele>1009.8</ele>
   </trkpt>
   <trkpt lat="42.94767" lon="-0.16808">
    <ele>1011.5800000000002</ele>
   </trkpt>
   <trkpt lat="42.94726" lon="-0.16798000000000002">
    <ele>1014.7300000000001</ele>
   </trkpt>
   <trkpt lat="42.94717000000001" lon="-0.16794">
    <ele>1016.0</ele>
   </trkpt>
   <trkpt lat="42.946870000000004" lon="-0.1675">
    <ele>1024.84</ele>
   </trkpt>
   <trkpt lat="42.946760000000005" lon="-0.16741">
    <ele>1026.89</ele>
   </trkpt>
   <trkpt lat="42.94662" lon="-0.16733">
    <ele>1028.18</ele>
   </trkpt>
   <trkpt lat="42.946450000000006" lon="-0.16734000000000002">
    <ele>1028.57</ele>
   </trkpt>
   <trkpt lat="42.94614000000001" lon="-0.16747">
    <ele>1028.45</ele>
   </trkpt>
   <trkpt lat="42.94595" lon="-0.16777">
    <ele>1028.3</ele>
   </trkpt>
   <trkpt lat="42.94574" lon="-0.16803">
    <ele>1028.96</ele>
   </trkpt>
   <trkpt lat="42.94556" lon="-0.16831000000000002">
    <ele>1028.72</ele>
   </trkpt>
   <trkpt lat="42.945310000000006" lon="-0.1688">
    <ele>1024.8600000000001</ele>
   </trkpt>
   <trkpt lat="42.94505" lon="-0.169">
    <ele>1023.3800000000001</ele>
   </trkpt>
   <trkpt lat="42.944840000000006" lon="-0.16931000000000002">
    <ele>1024.93</ele>
   </trkpt>
   <trkpt lat="42.944720000000004" lon="-0.16958">
    <ele>1026.8300000000002</ele>
   </trkpt>
   <trkpt lat="42.94465" lon="-0.16966">
    <ele>1026.8300000000002</ele>
   </trkpt>
   <trkpt lat="42.94438" lon="-0.16988">
    <ele>1031.8500000000001</ele>
   </trkpt>
   <trkpt lat="42.944100000000006" lon="-0.16999">
    <ele>1039.7800000000002</ele>
   </trkpt>
   <trkpt lat="42.94359000052898" lon="-0.17035000300702283">
    <ele>1048.46</ele>
   </trkpt>
   <trkpt lat="42.94308" lon="-0.17071">
    <ele>1059.6100000000001</ele>
   </trkpt>
   <trkpt lat="42.9427" lon="-0.1708">
    <ele>1063.8899999999999</ele>
   </trkpt>
   <trkpt lat="42.94234" lon="-0.17103000000000002">
    <ele>1063.31</ele>
   </trkpt>
   <trkpt lat="42.942260000000005" lon="-0.17111">
    <ele>1061.82</ele>
   </trkpt>
   <trkpt lat="42.942190000000004" lon="-0.17144">
    <ele>1060.69</ele>
   </trkpt>
   <trkpt lat="42.94212" lon="-0.17163">
    <ele>1061.0300000000002</ele>
   </trkpt>
   <trkpt lat="42.941970000000005" lon="-0.17192000000000002">
    <ele>1057.99</ele>
   </trkpt>
   <trkpt lat="42.941370000000006" lon="-0.1726">
    <ele>1049.76</ele>
   </trkpt>
   <trkpt lat="42.94117000000001" lon="-0.17286">
    <ele>1049.5800000000002</ele>
   </trkpt>
   <trkpt lat="42.94095" lon="-0.17311">
    <ele>1048.95</ele>
   </trkpt>
   <trkpt lat="42.940690000000004" lon="-0.17346">
    <ele>1051.76</ele>
   </trkpt>
   <trkpt lat="42.94015" lon="-0.17391">
    <ele>1056.5300000000002</ele>
   </trkpt>
   <trkpt lat="42.94006" lon="-0.17421">
    <ele>1055.8400000000001</ele>
   </trkpt>
   <trkpt lat="42.939980000000006" lon="-0.17433">
    <ele>1055.0700000000002</ele>
   </trkpt>
   <trkpt lat="42.939640000000004" lon="-0.17454">
    <ele>1054.3500000000001</ele>
   </trkpt>
   <trkpt lat="42.939220000000006" lon="-0.17474">
    <ele>1055.74</ele>
   </trkpt>
   <trkpt lat="42.938790000000004" lon="-0.17497000000000001">
    <ele>1057.08</ele>
   </trkpt>
   <trkpt lat="42.93851" lon="-0.17518">
    <ele>1053.26</ele>
   </trkpt>
   <trkpt lat="42.93833" lon="-0.17535">
    <ele>1044.6000000000001</ele>
   </trkpt>
   <trkpt lat="42.938120000000005" lon="-0.17544">
    <ele>1042.2</ele>
   </trkpt>
   <trkpt lat="42.937960000000004" lon="-0.17543">
    <ele>1041.49</ele>
   </trkpt>
   <trkpt lat="42.9376" lon="-0.1753">
    <ele>1044.44</ele>
   </trkpt>
   <trkpt lat="42.93728" lon="-0.17524">
    <ele>1048.43</ele>
   </trkpt>
   <trkpt lat="42.93694000000001" lon="-0.17521">
    <ele>1052.41</ele>
   </trkpt>
   <trkpt lat="42.93667000000001" lon="-0.17521">
    <ele>1055.69</ele>
   </trkpt>
   <trkpt lat="42.9361" lon="-0.17511000000000002">
    <ele>1070.5</ele>
   </trkpt>
   <trkpt lat="42.935900000000004" lon="-0.17496">
    <ele>1073.31</ele>
   </trkpt>
   <trkpt lat="42.935770000000005" lon="-0.17474">
    <ele>1077.04</ele>
   </trkpt>
   <trkpt lat="42.935700000000004" lon="-0.17474">
    <ele>1077.55</ele>
   </trkpt>
   <trkpt lat="42.935500000000005" lon="-0.1748">
    <ele>1077.96</ele>
   </trkpt>
   <trkpt lat="42.935320000000004" lon="-0.17502">
    <ele>1075.3600000000001</ele>
   </trkpt>
   <trkpt lat="42.93498" lon="-0.17518">
    <ele>1073.82</ele>
   </trkpt>
   <trkpt lat="42.93466" lon="-0.17518">
    <ele>1078.77</ele>
   </trkpt>
   <trkpt lat="42.93413" lon="-0.17527">
    <ele>1081.0600000000002</ele>
   </trkpt>
   <trkpt lat="42.93341" lon="-0.17562000000000003">
    <ele>1083.2700000000002</ele>
   </trkpt>
   <trkpt lat="42.93297500025817" lon="-0.1757750010400663">
    <ele>1075.8700000000001</ele>
   </trkpt>
   <trkpt lat="42.93254" lon="-0.17593">
    <ele>1079.64</ele>
   </trkpt>
   <trkpt lat="42.93225" lon="-0.17599">
    <ele>1088.1000000000001</ele>
   </trkpt>
   <trkpt lat="42.931740000000005" lon="-0.17594">
    <ele>1097.66</ele>
   </trkpt>
   <trkpt lat="42.931050000000006" lon="-0.17615">
    <ele>1103.69</ele>
   </trkpt>
   <trkpt lat="42.93092" lon="-0.17624">
    <ele>1104.0400000000002</ele>
   </trkpt>
   <trkpt lat="42.930800000000005" lon="-0.17627">
    <ele>1105.7400000000002</ele>
   </trkpt>
   <trkpt lat="42.93072" lon="-0.17622000000000002">
    <ele>1107.63</ele>
   </trkpt>
   <trkpt lat="42.930490000000006" lon="-0.17629">
    <ele>1112.1000000000001</ele>
   </trkpt>
   <trkpt lat="42.929730000000006" lon="-0.17657">
    <ele>1115.3500000000001</ele>
   </trkpt>
   <trkpt lat="42.92949" lon="-0.17685">
    <ele>1120.7900000000002</ele>
   </trkpt>
   <trkpt lat="42.928900000000006" lon="-0.17713">
    <ele>1125.64</ele>
   </trkpt>
   <trkpt lat="42.928700000000006" lon="-0.1771">
    <ele>1126.91</ele>
   </trkpt>
   <trkpt lat="42.928560000000004" lon="-0.17705">
    <ele>1127.39</ele>
   </trkpt>
   <trkpt lat="42.92833" lon="-0.17705">
    <ele>1128.6200000000001</ele>
   </trkpt>
   <trkpt lat="42.92782500000589" lon="-0.17720000125708885">
    <ele>1130.5500000000002</ele>
   </trkpt>
   <trkpt lat="42.92732" lon="-0.17735">
    <ele>1133.1100000000001</ele>
   </trkpt>
   <trkpt lat="42.927200000000006" lon="-0.17735">
    <ele>1133.67</ele>
   </trkpt>
   <trkpt lat="42.927080000000004" lon="-0.17747000000000002">
    <ele>1133.7</ele>
   </trkpt>
   <trkpt lat="42.92654" lon="-0.17765">
    <ele>1138.21</ele>
   </trkpt>
   <trkpt lat="42.926320000000004" lon="-0.17768">
    <ele>1139.99</ele>
   </trkpt>
   <trkpt lat="42.92606000000001" lon="-0.17782">
    <ele>1143.85</ele>
   </trkpt>
   <trkpt lat="42.925665000386225" lon="-0.17811500188596527">
    <ele>1142.0</ele>
   </trkpt>
   <trkpt lat="42.925270000000005" lon="-0.17841">
    <ele>1134.63</ele>
   </trkpt>
   <trkpt lat="42.92512000000001" lon="-0.17869000000000002">
    <ele>1135.04</ele>
   </trkpt>
   <trkpt lat="42.924890000000005" lon="-0.17887">
    <ele>1135.8600000000001</ele>
   </trkpt>
   <trkpt lat="42.924290000000006" lon="-0.17912">
    <ele>1135.93</ele>
   </trkpt>
   <trkpt lat="42.924130000000005" lon="-0.17912">
    <ele>1134.5700000000002</ele>
   </trkpt>
   <trkpt lat="42.92396" lon="-0.17915">
    <ele>1134.1499999999999</ele>
   </trkpt>
   <trkpt lat="42.92387" lon="-0.17913">
    <ele>1134.8700000000001</ele>
   </trkpt>
   <trkpt lat="42.923820000000006" lon="-0.1791">
    <ele>1136.29</ele>
   </trkpt>
   <trkpt lat="42.92376" lon="-0.1791">
    <ele>1137.27</ele>
   </trkpt>
   <trkpt lat="42.92365" lon="-0.17918">
    <ele>1140.0700000000002</ele>
   </trkpt>
   <trkpt lat="42.923500000000004" lon="-0.17924">
    <ele>1140.3100000000002</ele>
   </trkpt>
   <trkpt lat="42.92347" lon="-0.17927">
    <ele>1139.91</ele>
   </trkpt>
   <trkpt lat="42.92344000000001" lon="-0.17944000000000002">
    <ele>1136.38</ele>
   </trkpt>
   <trkpt lat="42.923460000000006" lon="-0.17969000000000002">
    <ele>1132.43</ele>
   </trkpt>
   <trkpt lat="42.92345" lon="-0.17985">
    <ele>1128.94</ele>
   </trkpt>
   <trkpt lat="42.923410000000004" lon="-0.17996">
    <ele>1126.89</ele>
   </trkpt>
   <trkpt lat="42.923300000000005" lon="-0.18015">
    <ele>1123.49</ele>
   </trkpt>
   <trkpt lat="42.923120000000004" lon="-0.18041000000000001">
    <ele>1112.93</ele>
   </trkpt>
   <trkpt lat="42.922630000000005" lon="-0.18101">
    <ele>1096.73</ele>
   </trkpt>
   <trkpt lat="42.922430000000006" lon="-0.18119000000000002">
    <ele>1092.92</ele>
   </trkpt>
   <trkpt lat="42.922200000000004" lon="-0.18126">
    <ele>1093.93</ele>
   </trkpt>
   <trkpt lat="42.92204" lon="-0.1814">
    <ele>1094.53</ele>
   </trkpt>
   <trkpt lat="42.9219" lon="-0.18162">
    <ele>1092.94</ele>
   </trkpt>
   <trkpt lat="42.92174000000001" lon="-0.18180000000000002">
    <ele>1088.5600000000002</ele>
   </trkpt>
   <trkpt lat="42.92147000000001" lon="-0.18204">
    <ele>1083.43</ele>
   </trkpt>
   <trkpt lat="42.921440000000004" lon="-0.18213000000000001">
    <ele>1080.75</ele>
   </trkpt>
   <trkpt lat="42.92147000000001" lon="-0.18223">
    <ele>1077.8500000000001</ele>
   </trkpt>
   <trkpt lat="42.921620000000004" lon="-0.18241000000000002">
    <ele>1073.15</ele>
   </trkpt>
   <trkpt lat="42.92165000000001" lon="-0.18251">
    <ele>1071.48</ele>
   </trkpt>
   <trkpt lat="42.921690000000005" lon="-0.18257">
    <ele>1067.59</ele>
   </trkpt>
   <trkpt lat="42.921730000000004" lon="-0.18256000000000003">
    <ele>1067.59</ele>
   </trkpt>
   <trkpt lat="42.921780000000005" lon="-0.18262">
    <ele>1066.0</ele>
   </trkpt>
   <trkpt lat="42.921910000000004" lon="-0.18267000000000003">
    <ele>1066.0</ele>
   </trkpt>
   <trkpt lat="42.92204" lon="-0.18275000000000002">
    <ele>1065.52</ele>
   </trkpt>
   <trkpt lat="42.92212000000001" lon="-0.18285">
    <ele>1066.1200000000001</ele>
   </trkpt>
   <trkpt lat="42.92213" lon="-0.18289000000000002">
    <ele>1065.28</ele>
   </trkpt>
   <trkpt lat="42.922160000000005" lon="-0.18314000000000002">
    <ele>1064.99</ele>
   </trkpt>
   <trkpt lat="42.922160000000005" lon="-0.1834">
    <ele>1065.26</ele>
   </trkpt>
   <trkpt lat="42.92196500169546" lon="-0.18401500179042535">
    <ele>1065.5400000000002</ele>
   </trkpt>
   <trkpt lat="42.92177" lon="-0.18463000000000002">
    <ele>1063.99</ele>
   </trkpt>
   <trkpt lat="42.92177" lon="-0.18471">
    <ele>1064.2500000000002</ele>
   </trkpt>
   <trkpt lat="42.92143" lon="-0.18493">
    <ele>1065.25</ele>
   </trkpt>
   <trkpt lat="42.921220000000005" lon="-0.18515">
    <ele>1066.2900000000002</ele>
   </trkpt>
   <trkpt lat="42.92096" lon="-0.18554">
    <ele>1070.2200000000003</ele>
   </trkpt>
   <trkpt lat="42.920790000000004" lon="-0.18571000000000001">
    <ele>1073.32</ele>
   </trkpt>
   <trkpt lat="42.92056" lon="-0.18582">
    <ele>1075.28</ele>
   </trkpt>
   <trkpt lat="42.92042" lon="-0.18595">
    <ele>1077.53</ele>
   </trkpt>
   <trkpt lat="42.920100000000005" lon="-0.18635000000000002">
    <ele>1082.5600000000002</ele>
   </trkpt>
   <trkpt lat="42.91968000000001" lon="-0.18673">
    <ele>1083.3600000000001</ele>
   </trkpt>
   <trkpt lat="42.919560000000004" lon="-0.18678">
    <ele>1082.03</ele>
   </trkpt>
   <trkpt lat="42.91908" lon="-0.18679">
    <ele>1076.3500000000001</ele>
   </trkpt>
   <trkpt lat="42.91892" lon="-0.18685000000000002">
    <ele>1075.43</ele>
   </trkpt>
   <trkpt lat="42.91884" lon="-0.18692">
    <ele>1075.0700000000002</ele>
   </trkpt>
   <trkpt lat="42.918530000000004" lon="-0.1874">
    <ele>1075.7</ele>
   </trkpt>
   <trkpt lat="42.9181100013859" lon="-0.18795500372289844">
    <ele>1079.8100000000002</ele>
   </trkpt>
   <trkpt lat="42.91769" lon="-0.18851">
    <ele>1082.4</ele>
   </trkpt>
   <trkpt lat="42.91749" lon="-0.1887">
    <ele>1083.4099999999999</ele>
   </trkpt>
   <trkpt lat="42.91727" lon="-0.18885000000000002">
    <ele>1084.2</ele>
   </trkpt>
   <trkpt lat="42.91731" lon="-0.18901">
    <ele>1084.06</ele>
   </trkpt>
   <trkpt lat="42.91745" lon="-0.18935000000000002">
    <ele>1084.48</ele>
   </trkpt>
   <trkpt lat="42.91754" lon="-0.18951">
    <ele>1086.1100000000001</ele>
   </trkpt>
   <trkpt lat="42.9176" lon="-0.18956">
    <ele>1088.27</ele>
   </trkpt>
   <trkpt lat="42.91765" lon="-0.18966000000000002">
    <ele>1090.92</ele>
   </trkpt>
   <trkpt lat="42.917660000000005" lon="-0.18973">
    <ele>1092.18</ele>
   </trkpt>
   <trkpt lat="42.9176" lon="-0.18989">
    <ele>1095.22</ele>
   </trkpt>
   <trkpt lat="42.91761" lon="-0.18995">
    <ele>1096.0800000000002</ele>
   </trkpt>
   <trkpt lat="42.917590000000004" lon="-0.19003">
    <ele>1097.55</ele>
   </trkpt>
   <trkpt lat="42.91736" lon="-0.19059">
    <ele>1101.73</ele>
   </trkpt>
   <trkpt lat="42.91731" lon="-0.19062">
    <ele>1101.95</ele>
   </trkpt>
   <trkpt lat="42.916970000000006" lon="-0.19117">
    <ele>1101.43</ele>
   </trkpt>
   <trkpt lat="42.91667" lon="-0.19128">
    <ele>1098.67</ele>
   </trkpt>
   <trkpt lat="42.916470000000004" lon="-0.19161">
    <ele>1101.24</ele>
   </trkpt>
   <trkpt lat="42.916230000000006" lon="-0.19214">
    <ele>1107.3600000000001</ele>
   </trkpt>
   <trkpt lat="42.91604" lon="-0.19242">
    <ele>1108.8500000000001</ele>
   </trkpt>
   <trkpt lat="42.91574000000001" lon="-0.19272">
    <ele>1109.91</ele>
   </trkpt>
   <trkpt lat="42.915380000000006" lon="-0.19336">
    <ele>1111.63</ele>
   </trkpt>
   <trkpt lat="42.91523" lon="-0.19354000000000002">
    <ele>1112.15</ele>
   </trkpt>
   <trkpt lat="42.91512" lon="-0.19389">
    <ele>1116.3</ele>
   </trkpt>
   <trkpt lat="42.91492" lon="-0.19414">
    <ele>1117.1100000000001</ele>
   </trkpt>
   <trkpt lat="42.914660000000005" lon="-0.19456">
    <ele>1124.7</ele>
   </trkpt>
   <trkpt lat="42.91469" lon="-0.1947">
    <ele>1128.7800000000002</ele>
   </trkpt>
   <trkpt lat="42.914660000000005" lon="-0.19484">
    <ele>1133.65</ele>
   </trkpt>
   <trkpt lat="42.914460000000005" lon="-0.19497">
    <ele>1136.29</ele>
   </trkpt>
   <trkpt lat="42.914440000000006" lon="-0.19506">
    <ele>1140.5</ele>
   </trkpt>
   <trkpt lat="42.91447" lon="-0.19515000000000002">
    <ele>1142.9900000000002</ele>
   </trkpt>
   <trkpt lat="42.91447" lon="-0.19525">
    <ele>1143.98</ele>
   </trkpt>
   <trkpt lat="42.91438" lon="-0.19547">
    <ele>1146.4</ele>
   </trkpt>
   <trkpt lat="42.91427" lon="-0.19559">
    <ele>1148.39</ele>
   </trkpt>
   <trkpt lat="42.91407" lon="-0.19573000000000002">
    <ele>1150.69</ele>
   </trkpt>
   <trkpt lat="42.91395000000001" lon="-0.19586">
    <ele>1153.3500000000001</ele>
   </trkpt>
   <trkpt lat="42.913900000000005" lon="-0.19614">
    <ele>1154.6200000000001</ele>
   </trkpt>
   <trkpt lat="42.913790000000006" lon="-0.1963">
    <ele>1154.26</ele>
   </trkpt>
   <trkpt lat="42.913610000000006" lon="-0.19631">
    <ele>1152.8500000000001</ele>
   </trkpt>
   <trkpt lat="42.91355" lon="-0.19639">
    <ele>1152.4800000000002</ele>
   </trkpt>
   <trkpt lat="42.91349" lon="-0.19639">
    <ele>1152.2100000000003</ele>
   </trkpt>
   <trkpt lat="42.913410000000006" lon="-0.19644">
    <ele>1151.2900000000002</ele>
   </trkpt>
   <trkpt lat="42.913380000000004" lon="-0.1965">
    <ele>1149.46</ele>
   </trkpt>
   <trkpt lat="42.91324" lon="-0.19659000000000001">
    <ele>1146.74</ele>
   </trkpt>
   <trkpt lat="42.913030000000006" lon="-0.19661">
    <ele>1140.76</ele>
   </trkpt>
   <trkpt lat="42.912980000000005" lon="-0.19675">
    <ele>1141.99</ele>
   </trkpt>
   <trkpt lat="42.91295" lon="-0.197">
    <ele>1145.3500000000001</ele>
   </trkpt>
   <trkpt lat="42.912440000000004" lon="-0.19722">
    <ele>1146.46</ele>
   </trkpt>
   <trkpt lat="42.91221" lon="-0.19728">
    <ele>1146.5800000000002</ele>
   </trkpt>
   <trkpt lat="42.912130000000005" lon="-0.19728">
    <ele>1146.2400000000002</ele>
   </trkpt>
   <trkpt lat="42.91194" lon="-0.197">
    <ele>1143.04</ele>
   </trkpt>
   <trkpt lat="42.91185" lon="-0.19679000000000002">
    <ele>1142.5</ele>
   </trkpt>
   <trkpt lat="42.911820000000006" lon="-0.19676000000000002">
    <ele>1141.58</ele>
   </trkpt>
   <trkpt lat="42.91174" lon="-0.19681">
    <ele>1140.1000000000001</ele>
   </trkpt>
   <trkpt lat="42.91158" lon="-0.19703">
    <ele>1138.4800000000002</ele>
   </trkpt>
   <trkpt lat="42.91152" lon="-0.19698000000000002">
    <ele>1137.94</ele>
   </trkpt>
   <trkpt lat="42.91147" lon="-0.19689">
    <ele>1137.92</ele>
   </trkpt>
   <trkpt lat="42.911440000000006" lon="-0.19676000000000002">
    <ele>1139.27</ele>
   </trkpt>
   <trkpt lat="42.91131" lon="-0.1968">
    <ele>1140.1100000000001</ele>
   </trkpt>
   <trkpt lat="42.91125" lon="-0.19686">
    <ele>1140.8500000000001</ele>
   </trkpt>
   <trkpt lat="42.911060000000006" lon="-0.1973">
    <ele>1142.69</ele>
   </trkpt>
   <trkpt lat="42.91102" lon="-0.19766">
    <ele>1143.8799999999999</ele>
   </trkpt>
   <trkpt lat="42.91095000000001" lon="-0.19789">
    <ele>1145.96</ele>
   </trkpt>
   <trkpt lat="42.910940000000004" lon="-0.198">
    <ele>1146.44</ele>
   </trkpt>
   <trkpt lat="42.910900000000005" lon="-0.19814">
    <ele>1147.49</ele>
   </trkpt>
   <trkpt lat="42.910880000000006" lon="-0.19859000000000002">
    <ele>1151.5300000000002</ele>
   </trkpt>
   <trkpt lat="42.91091" lon="-0.19870000000000002">
    <ele>1153.45</ele>
   </trkpt>
   <trkpt lat="42.910880000000006" lon="-0.19875">
    <ele>1153.45</ele>
   </trkpt>
   <trkpt lat="42.910920000000004" lon="-0.199">
    <ele>1158.77</ele>
   </trkpt>
   <trkpt lat="42.910920000000004" lon="-0.19917">
    <ele>1162.38</ele>
   </trkpt>
   <trkpt lat="42.91075" lon="-0.19958">
    <ele>1166.39</ele>
   </trkpt>
   <trkpt lat="42.910650000000004" lon="-0.20016">
    <ele>1169.17</ele>
   </trkpt>
   <trkpt lat="42.91058" lon="-0.20031000000000002">
    <ele>1169.18</ele>
   </trkpt>
   <trkpt lat="42.91055" lon="-0.20055">
    <ele>1165.96</ele>
   </trkpt>
   <trkpt lat="42.91044" lon="-0.20083">
    <ele>1166.96</ele>
   </trkpt>
   <trkpt lat="42.910320000000006" lon="-0.20141">
    <ele>1171.5900000000001</ele>
   </trkpt>
   <trkpt lat="42.910120000000006" lon="-0.20191">
    <ele>1172.13</ele>
   </trkpt>
   <trkpt lat="42.90988" lon="-0.20237000000000002">
    <ele>1171.6000000000001</ele>
   </trkpt>
   <trkpt lat="42.909870000000005" lon="-0.20249">
    <ele>1171.19</ele>
   </trkpt>
   <trkpt lat="42.909890000000004" lon="-0.20263">
    <ele>1171.06</ele>
   </trkpt>
   <trkpt lat="42.909850000000006" lon="-0.20294">
    <ele>1171.78</ele>
   </trkpt>
   <trkpt lat="42.909870000000005" lon="-0.20304000000000003">
    <ele>1171.51</ele>
   </trkpt>
   <trkpt lat="42.90993" lon="-0.20311">
    <ele>1171.72</ele>
   </trkpt>
   <trkpt lat="42.909940000000006" lon="-0.20316">
    <ele>1171.72</ele>
   </trkpt>
   <trkpt lat="42.90991" lon="-0.20327">
    <ele>1171.72</ele>
   </trkpt>
   <trkpt lat="42.909600000000005" lon="-0.20397">
    <ele>1172.5800000000002</ele>
   </trkpt>
   <trkpt lat="42.90948" lon="-0.20411">
    <ele>1172.63</ele>
   </trkpt>
   <trkpt lat="42.909330000000004" lon="-0.20446">
    <ele>1172.56</ele>
   </trkpt>
   <trkpt lat="42.90917" lon="-0.20471">
    <ele>1172.6000000000001</ele>
   </trkpt>
   <trkpt lat="42.909060000000004" lon="-0.20494">
    <ele>1172.79</ele>
   </trkpt>
   <trkpt lat="42.90887" lon="-0.20513">
    <ele>1173.41</ele>
   </trkpt>
   <trkpt lat="42.90832" lon="-0.2056">
    <ele>1174.6000000000001</ele>
   </trkpt>
   <trkpt lat="42.90809" lon="-0.20596">
    <ele>1174.64</ele>
   </trkpt>
   <trkpt lat="42.908030000000004" lon="-0.2063">
    <ele>1174.14</ele>
   </trkpt>
   <trkpt lat="42.907970000000006" lon="-0.20644">
    <ele>1174.14</ele>
   </trkpt>
   <trkpt lat="42.908" lon="-0.20686000000000002">
    <ele>1173.96</ele>
   </trkpt>
   <trkpt lat="42.908" lon="-0.20711000000000002">
    <ele>1173.81</ele>
   </trkpt>
   <trkpt lat="42.908030000000004" lon="-0.20724">
    <ele>1173.31</ele>
   </trkpt>
   <trkpt lat="42.90811" lon="-0.20738">
    <ele>1173.27</ele>
   </trkpt>
   <trkpt lat="42.90811" lon="-0.20746">
    <ele>1173.38</ele>
   </trkpt>
   <trkpt lat="42.90793" lon="-0.20802">
    <ele>1175.1</ele>
   </trkpt>
   <trkpt lat="42.90791" lon="-0.20813">
    <ele>1175.1</ele>
   </trkpt>
   <trkpt lat="42.907920000000004" lon="-0.20824">
    <ele>1175.16</ele>
   </trkpt>
   <trkpt lat="42.90775" lon="-0.20882">
    <ele>1175.28</ele>
   </trkpt>
   <trkpt lat="42.907540000000004" lon="-0.20927">
    <ele>1176.0400000000002</ele>
   </trkpt>
   <trkpt lat="42.90728" lon="-0.20949">
    <ele>1175.6100000000001</ele>
   </trkpt>
   <trkpt lat="42.907140000000005" lon="-0.20966">
    <ele>1175.34</ele>
   </trkpt>
   <trkpt lat="42.907030000000006" lon="-0.20988">
    <ele>1174.44</ele>
   </trkpt>
   <trkpt lat="42.90701000000001" lon="-0.20996">
    <ele>1174.44</ele>
   </trkpt>
   <trkpt lat="42.90699" lon="-0.21027">
    <ele>1173.43</ele>
   </trkpt>
   <trkpt lat="42.90701000000001" lon="-0.21052">
    <ele>1173.22</ele>
   </trkpt>
   <trkpt lat="42.90693" lon="-0.21071">
    <ele>1173.34</ele>
   </trkpt>
   <trkpt lat="42.906940000000006" lon="-0.21099">
    <ele>1173.14</ele>
   </trkpt>
   <trkpt lat="42.9067" lon="-0.21155000000000002">
    <ele>1173.5800000000002</ele>
   </trkpt>
   <trkpt lat="42.906670000000005" lon="-0.21168">
    <ele>1173.69</ele>
   </trkpt>
   <trkpt lat="42.90655" lon="-0.2119">
    <ele>1173.8000000000002</ele>
   </trkpt>
   <trkpt lat="42.906400000000005" lon="-0.21213">
    <ele>1173.8200000000002</ele>
   </trkpt>
   <trkpt lat="42.906310000000005" lon="-0.21232">
    <ele>1174.2</ele>
   </trkpt>
   <trkpt lat="42.906290000000006" lon="-0.21241000000000002">
    <ele>1174.15</ele>
   </trkpt>
   <trkpt lat="42.90612" lon="-0.21269000000000002">
    <ele>1173.93</ele>
   </trkpt>
   <trkpt lat="42.90574" lon="-0.21293">
    <ele>1174.15</ele>
   </trkpt>
   <trkpt lat="42.90545" lon="-0.21329">
    <ele>1173.92</ele>
   </trkpt>
   <trkpt lat="42.905390000000004" lon="-0.21343">
    <ele>1173.92</ele>
   </trkpt>
   <trkpt lat="42.905330000000006" lon="-0.21337">
    <ele>1173.24</ele>
   </trkpt>
   <trkpt lat="42.905210000000004" lon="-0.21332">
    <ele>1172.53</ele>
   </trkpt>
   <trkpt lat="42.90502" lon="-0.21315">
    <ele>1171.5300000000002</ele>
   </trkpt>
   <trkpt lat="42.90498" lon="-0.21315">
    <ele>1171.5300000000002</ele>
   </trkpt>
   <trkpt lat="42.90489" lon="-0.21321">
    <ele>1171.5600000000002</ele>
   </trkpt>
   <trkpt lat="42.904770000000006" lon="-0.21321">
    <ele>1171.72</ele>
   </trkpt>
   <trkpt lat="42.90457000000001" lon="-0.2131">
    <ele>1172.15</ele>
   </trkpt>
   <trkpt lat="42.90419000000001" lon="-0.21287">
    <ele>1172.8899999999999</ele>
   </trkpt>
   <trkpt lat="42.90415" lon="-0.21279">
    <ele>1173.04</ele>
   </trkpt>
   <trkpt lat="42.904180000000004" lon="-0.21266000000000002">
    <ele>1172.92</ele>
   </trkpt>
   <trkpt lat="42.90449" lon="-0.21193">
    <ele>1172.2100000000003</ele>
   </trkpt>
   <trkpt lat="42.90453" lon="-0.21189000000000002">
    <ele>1172.2100000000003</ele>
   </trkpt>
   <trkpt lat="42.90447" lon="-0.21171">
    <ele>1172.32</ele>
   </trkpt>
   <trkpt lat="42.90446" lon="-0.21152">
    <ele>1172.73</ele>
   </trkpt>
   <trkpt lat="42.904740000000004" lon="-0.21123000000000003">
    <ele>1171.49</ele>
   </trkpt>
   <trkpt lat="42.90475000000001" lon="-0.21073000000000003">
    <ele>1170.92</ele>
   </trkpt>
   <trkpt lat="42.90435" lon="-0.21084000000000003">
    <ele>1176.8700000000001</ele>
   </trkpt>
   <trkpt lat="42.90363000000001" lon="-0.21125000000000002">
    <ele>1183.66</ele>
   </trkpt>
   <trkpt lat="42.903180000000006" lon="-0.2116">
    <ele>1186.93</ele>
   </trkpt>
   <trkpt lat="42.90303" lon="-0.21176">
    <ele>1188.26</ele>
   </trkpt>
   <trkpt lat="42.90288" lon="-0.21185">
    <ele>1189.14</ele>
   </trkpt>
   <trkpt lat="42.90274" lon="-0.21188">
    <ele>1190.4</ele>
   </trkpt>
   <trkpt lat="42.902660000000004" lon="-0.21185">
    <ele>1190.4</ele>
   </trkpt>
   <trkpt lat="42.902590000000004" lon="-0.21174">
    <ele>1192.71</ele>
   </trkpt>
   <trkpt lat="42.902550000000005" lon="-0.21163">
    <ele>1192.71</ele>
   </trkpt>
   <trkpt lat="42.90254" lon="-0.21152">
    <ele>1194.5100000000002</ele>
   </trkpt>
   <trkpt lat="42.90258" lon="-0.21129">
    <ele>1196.1200000000001</ele>
   </trkpt>
   <trkpt lat="42.90272" lon="-0.2111">
    <ele>1199.7</ele>
   </trkpt>
   <trkpt lat="42.90288" lon="-0.21096">
    <ele>1202.49</ele>
   </trkpt>
   <trkpt lat="42.90353" lon="-0.21065">
    <ele>1210.48</ele>
   </trkpt>
   <trkpt lat="42.90377" lon="-0.21038">
    <ele>1213.75</ele>
   </trkpt>
   <trkpt lat="42.903850000000006" lon="-0.21018">
    <ele>1215.71</ele>
   </trkpt>
   <trkpt lat="42.90406" lon="-0.20982">
    <ele>1220.0000000000002</ele>
   </trkpt>
   <trkpt lat="42.904180000000004" lon="-0.20966">
    <ele>1222.08</ele>
   </trkpt>
   <trkpt lat="42.904270000000004" lon="-0.20892000000000002">
    <ele>1226.41</ele>
   </trkpt>
   <trkpt lat="42.90431" lon="-0.20879">
    <ele>1226.94</ele>
   </trkpt>
   <trkpt lat="42.90453" lon="-0.2083">
    <ele>1229.19</ele>
   </trkpt>
   <trkpt lat="42.904650000000004" lon="-0.20807">
    <ele>1230.6200000000001</ele>
   </trkpt>
   <trkpt lat="42.90467" lon="-0.20794">
    <ele>1231.16</ele>
   </trkpt>
   <trkpt lat="42.904740000000004" lon="-0.20788">
    <ele>1229.2</ele>
   </trkpt>
   <trkpt lat="42.904770000000006" lon="-0.20747000000000002">
    <ele>1227.33</ele>
   </trkpt>
   <trkpt lat="42.9048" lon="-0.20737000000000003">
    <ele>1226.8000000000002</ele>
   </trkpt>
   <trkpt lat="42.90473" lon="-0.20743">
    <ele>1226.8000000000002</ele>
   </trkpt>
   <trkpt lat="42.904500000000006" lon="-0.20748000000000003">
    <ele>1235.43</ele>
   </trkpt>
   <trkpt lat="42.90435" lon="-0.20743">
    <ele>1242.15</ele>
   </trkpt>
   <trkpt lat="42.904210000000006" lon="-0.20744">
    <ele>1244.78</ele>
   </trkpt>
   <trkpt lat="42.90404" lon="-0.20736000000000002">
    <ele>1249.7</ele>
   </trkpt>
   <trkpt lat="42.903960000000005" lon="-0.20741">
    <ele>1251.0400000000002</ele>
   </trkpt>
   <trkpt lat="42.903890000000004" lon="-0.20757">
    <ele>1256.64</ele>
   </trkpt>
   <trkpt lat="42.9037" lon="-0.20769">
    <ele>1261.4</ele>
   </trkpt>
   <trkpt lat="42.903580000000005" lon="-0.20770000000000002">
    <ele>1263.3700000000001</ele>
   </trkpt>
   <trkpt lat="42.903470000000006" lon="-0.20758000000000001">
    <ele>1268.68</ele>
   </trkpt>
   <trkpt lat="42.903380000000006" lon="-0.20733000000000001">
    <ele>1272.82</ele>
   </trkpt>
   <trkpt lat="42.90326" lon="-0.20733000000000001">
    <ele>1275.46</ele>
   </trkpt>
   <trkpt lat="42.903000000000006" lon="-0.20752">
    <ele>1286.8700000000001</ele>
   </trkpt>
   <trkpt lat="42.902930000000005" lon="-0.20753000000000002">
    <ele>1289.25</ele>
   </trkpt>
   <trkpt lat="42.902890000000006" lon="-0.2076">
    <ele>1289.25</ele>
   </trkpt>
   <trkpt lat="42.902680000000004" lon="-0.20766">
    <ele>1294.7700000000002</ele>
   </trkpt>
   <trkpt lat="42.90256" lon="-0.20766">
    <ele>1300.72</ele>
   </trkpt>
   <trkpt lat="42.902370000000005" lon="-0.20758000000000001">
    <ele>1308.03</ele>
   </trkpt>
   <trkpt lat="42.90223" lon="-0.20716">
    <ele>1317.77</ele>
   </trkpt>
   <trkpt lat="42.90213000000001" lon="-0.20697000000000002">
    <ele>1321.5800000000002</ele>
   </trkpt>
   <trkpt lat="42.902" lon="-0.20655">
    <ele>1333.1200000000001</ele>
   </trkpt>
   <trkpt lat="42.90189" lon="-0.20635">
    <ele>1335.48</ele>
   </trkpt>
   <trkpt lat="42.901790000000005" lon="-0.20632">
    <ele>1338.03</ele>
   </trkpt>
   <trkpt lat="42.90166000000001" lon="-0.20624">
    <ele>1343.32</ele>
   </trkpt>
   <trkpt lat="42.901590000000006" lon="-0.2061">
    <ele>1347.19</ele>
   </trkpt>
   <trkpt lat="42.901500000000006" lon="-0.20599">
    <ele>1349.8300000000002</ele>
   </trkpt>
   <trkpt lat="42.90147" lon="-0.20585">
    <ele>1357.9800000000002</ele>
   </trkpt>
   <trkpt lat="42.901410000000006" lon="-0.20574">
    <ele>1357.9800000000002</ele>
   </trkpt>
   <trkpt lat="42.9014" lon="-0.20563">
    <ele>1357.9800000000002</ele>
   </trkpt>
   <trkpt lat="42.90128000000001" lon="-0.20563">
    <ele>1363.64</ele>
   </trkpt>
   <trkpt lat="42.901030000000006" lon="-0.20549">
    <ele>1370.5500000000002</ele>
   </trkpt>
   <trkpt lat="42.90097" lon="-0.20555">
    <ele>1372.7900000000002</ele>
   </trkpt>
   <trkpt lat="42.90084" lon="-0.20555">
    <ele>1375.4400000000003</ele>
   </trkpt>
   <trkpt lat="42.90077" lon="-0.20549">
    <ele>1378.42</ele>
   </trkpt>
   <trkpt lat="42.90075" lon="-0.20564000000000002">
    <ele>1386.2500000000002</ele>
   </trkpt>
   <trkpt lat="42.900690000000004" lon="-0.20569">
    <ele>1386.2500000000002</ele>
   </trkpt>
   <trkpt lat="42.90064" lon="-0.20569">
    <ele>1387.69</ele>
   </trkpt>
   <trkpt lat="42.900650000000006" lon="-0.20558">
    <ele>1389.0300000000002</ele>
   </trkpt>
   <trkpt lat="42.90039" lon="-0.20522">
    <ele>1399.19</ele>
   </trkpt>
   <trkpt lat="42.9003" lon="-0.20516">
    <ele>1400.13</ele>
   </trkpt>
   <trkpt lat="42.90005" lon="-0.20488">
    <ele>1406.3100000000002</ele>
   </trkpt>
   <trkpt lat="42.89997" lon="-0.20489000000000002">
    <ele>1407.3600000000001</ele>
   </trkpt>
   <trkpt lat="42.89976" lon="-0.20502">
    <ele>1408.66</ele>
   </trkpt>
   <trkpt lat="42.89965" lon="-0.20513">
    <ele>1409.5900000000001</ele>
   </trkpt>
   <trkpt lat="42.89954" lon="-0.20519">
    <ele>1411.03</ele>
   </trkpt>
   <trkpt lat="42.8995" lon="-0.20519">
    <ele>1411.7</ele>
   </trkpt>
   <trkpt lat="42.899210000000004" lon="-0.20494">
    <ele>1417.95</ele>
   </trkpt>
   <trkpt lat="42.898950000000006" lon="-0.20477">
    <ele>1421.66</ele>
   </trkpt>
   <trkpt lat="42.89875000000001" lon="-0.2048">
    <ele>1429.16</ele>
   </trkpt>
   <trkpt lat="42.89846" lon="-0.20477">
    <ele>1433.5800000000002</ele>
   </trkpt>
   <trkpt lat="42.898320000000005" lon="-0.20477">
    <ele>1434.95</ele>
   </trkpt>
   <trkpt lat="42.898270000000004" lon="-0.20483">
    <ele>1435.48</ele>
   </trkpt>
   <trkpt lat="42.898160000000004" lon="-0.20516">
    <ele>1440.69</ele>
   </trkpt>
   <trkpt lat="42.89804" lon="-0.20570000000000002">
    <ele>1450.56</ele>
   </trkpt>
   <trkpt lat="42.898" lon="-0.20602">
    <ele>1453.3600000000001</ele>
   </trkpt>
   <trkpt lat="42.89790000000001" lon="-0.2063">
    <ele>1464.0300000000002</ele>
   </trkpt>
   <trkpt lat="42.89786" lon="-0.20632">
    <ele>1464.0300000000002</ele>
   </trkpt>
   <trkpt lat="42.89777" lon="-0.20624">
    <ele>1466.28</ele>
   </trkpt>
   <trkpt lat="42.89775" lon="-0.20627">
    <ele>1466.28</ele>
   </trkpt>
   <trkpt lat="42.8977" lon="-0.20625000000000002">
    <ele>1467.3100000000002</ele>
   </trkpt>
   <trkpt lat="42.8973" lon="-0.20569">
    <ele>1478.3700000000001</ele>
   </trkpt>
   <trkpt lat="42.896980000000006" lon="-0.20514000000000002">
    <ele>1488.6200000000001</ele>
   </trkpt>
   <trkpt lat="42.89681" lon="-0.20494">
    <ele>1491.2</ele>
   </trkpt>
   <trkpt lat="42.896480000000004" lon="-0.20471">
    <ele>1498.93</ele>
   </trkpt>
   <trkpt lat="42.89618" lon="-0.2046">
    <ele>1502.5300000000002</ele>
   </trkpt>
   <trkpt lat="42.89603" lon="-0.20452">
    <ele>1505.69</ele>
   </trkpt>
   <trkpt lat="42.895990000000005" lon="-0.20444">
    <ele>1505.69</ele>
   </trkpt>
   <trkpt lat="42.895950000000006" lon="-0.20444">
    <ele>1507.38</ele>
   </trkpt>
   <trkpt lat="42.895810000000004" lon="-0.20427">
    <ele>1510.8100000000002</ele>
   </trkpt>
   <trkpt lat="42.895700000000005" lon="-0.20419">
    <ele>1514.4400000000003</ele>
   </trkpt>
   <trkpt lat="42.895610000000005" lon="-0.20408">
    <ele>1515.3200000000002</ele>
   </trkpt>
   <trkpt lat="42.895570000000006" lon="-0.20399">
    <ele>1516.9</ele>
   </trkpt>
   <trkpt lat="42.895340000000004" lon="-0.2038">
    <ele>1520.82</ele>
   </trkpt>
   <trkpt lat="42.894920000000006" lon="-0.20349">
    <ele>1533.5</ele>
   </trkpt>
   <trkpt lat="42.89459" lon="-0.2033">
    <ele>1538.99</ele>
   </trkpt>
   <trkpt lat="42.894200000000005" lon="-0.20313">
    <ele>1549.68</ele>
   </trkpt>
   <trkpt lat="42.89387000000001" lon="-0.20286">
    <ele>1553.1200000000001</ele>
   </trkpt>
   <trkpt lat="42.89368" lon="-0.20264000000000001">
    <ele>1558.7900000000002</ele>
   </trkpt>
   <trkpt lat="42.893460000000005" lon="-0.20247">
    <ele>1561.38</ele>
   </trkpt>
   <trkpt lat="42.893150000000006" lon="-0.2023">
    <ele>1567.97</ele>
   </trkpt>
   <trkpt lat="42.892720000000004" lon="-0.20199">
    <ele>1575.2100000000003</ele>
   </trkpt>
   <trkpt lat="42.8924" lon="-0.20191">
    <ele>1582.5800000000002</ele>
   </trkpt>
   <trkpt lat="42.89238" lon="-0.20188">
    <ele>1582.5800000000002</ele>
   </trkpt>
   <trkpt lat="42.892230000000005" lon="-0.20186">
    <ele>1586.2500000000002</ele>
   </trkpt>
   <trkpt lat="42.89219000000001" lon="-0.20181000000000002">
    <ele>1587.0000000000002</ele>
   </trkpt>
   <trkpt lat="42.89206" lon="-0.20175">
    <ele>1588.3</ele>
   </trkpt>
   <trkpt lat="42.891890000000004" lon="-0.20170000000000002">
    <ele>1591.8100000000002</ele>
   </trkpt>
   <trkpt lat="42.891400000000004" lon="-0.20133">
    <ele>1601.32</ele>
   </trkpt>
   <trkpt lat="42.89124" lon="-0.20119">
    <ele>1602.8300000000002</ele>
   </trkpt>
   <trkpt lat="42.89121" lon="-0.20113">
    <ele>1602.8300000000002</ele>
   </trkpt>
   <trkpt lat="42.89103" lon="-0.20103000000000001">
    <ele>1607.8300000000002</ele>
   </trkpt>
   <trkpt lat="42.89079" lon="-0.20079000000000002">
    <ele>1611.3200000000002</ele>
   </trkpt>
   <trkpt lat="42.890480000000004" lon="-0.20056000000000002">
    <ele>1616.3200000000002</ele>
   </trkpt>
   <trkpt lat="42.89023" lon="-0.20033">
    <ele>1619.3700000000001</ele>
   </trkpt>
   <trkpt lat="42.890080000000005" lon="-0.20014">
    <ele>1620.8000000000002</ele>
   </trkpt>
   <trkpt lat="42.889920000000004" lon="-0.20003">
    <ele>1623.1200000000001</ele>
   </trkpt>
   <trkpt lat="42.889480000000006" lon="-0.19961">
    <ele>1631.1200000000001</ele>
   </trkpt>
   <trkpt lat="42.889320000000005" lon="-0.1995">
    <ele>1633.7100000000003</ele>
   </trkpt>
   <trkpt lat="42.888870000000004" lon="-0.19933">
    <ele>1636.95</ele>
   </trkpt>
   <trkpt lat="42.88833" lon="-0.19905">
    <ele>1643.41</ele>
   </trkpt>
   <trkpt lat="42.888250000000006" lon="-0.19903">
    <ele>1643.41</ele>
   </trkpt>
   <trkpt lat="42.888070000000006" lon="-0.19894">
    <ele>1644.47</ele>
   </trkpt>
   <trkpt lat="42.88778000000001" lon="-0.19883">
    <ele>1648.5</ele>
   </trkpt>
   <trkpt lat="42.887690000000006" lon="-0.19875">
    <ele>1648.8</ele>
   </trkpt>
   <trkpt lat="42.887570000000004" lon="-0.19858">
    <ele>1650.3200000000002</ele>
   </trkpt>
   <trkpt lat="42.88754" lon="-0.1985">
    <ele>1650.8100000000002</ele>
   </trkpt>
   <trkpt lat="42.887420000000006" lon="-0.19861">
    <ele>1653.64</ele>
   </trkpt>
   <trkpt lat="42.887370000000004" lon="-0.19855">
    <ele>1654.5900000000001</ele>
   </trkpt>
   <trkpt lat="42.88732" lon="-0.19856000000000001">
    <ele>1655.66</ele>
   </trkpt>
   <trkpt lat="42.88727" lon="-0.19853">
    <ele>1658.14</ele>
   </trkpt>
   <trkpt lat="42.887240000000006" lon="-0.19853">
    <ele>1658.14</ele>
   </trkpt>
   <trkpt lat="42.88712" lon="-0.19828">
    <ele>1663.5300000000002</ele>
   </trkpt>
   <trkpt lat="42.886990000000004" lon="-0.19814">
    <ele>1669.8600000000001</ele>
   </trkpt>
   <trkpt lat="42.88689" lon="-0.19811">
    <ele>1672.5400000000002</ele>
   </trkpt>
   <trkpt lat="42.88685" lon="-0.19805">
    <ele>1672.5400000000002</ele>
   </trkpt>
   <trkpt lat="42.886680000000005" lon="-0.19791">
    <ele>1680.6200000000001</ele>
   </trkpt>
   <trkpt lat="42.886540000000004" lon="-0.19783">
    <ele>1683.0600000000002</ele>
   </trkpt>
   <trkpt lat="42.88646000000001" lon="-0.19783">
    <ele>1687.64</ele>
   </trkpt>
   <trkpt lat="42.88633" lon="-0.19772">
    <ele>1690.1000000000001</ele>
   </trkpt>
   <trkpt lat="42.88617000000001" lon="-0.19764">
    <ele>1694.5200000000002</ele>
   </trkpt>
   <trkpt lat="42.88611" lon="-0.19764">
    <ele>1699.6000000000001</ele>
   </trkpt>
   <trkpt lat="42.886030000000005" lon="-0.19756">
    <ele>1701.2300000000002</ele>
   </trkpt>
   <trkpt lat="42.88598" lon="-0.19748000000000002">
    <ele>1704.2800000000002</ele>
   </trkpt>
   <trkpt lat="42.88589" lon="-0.19742">
    <ele>1708.5700000000002</ele>
   </trkpt>
   <trkpt lat="42.885850000000005" lon="-0.19737000000000002">
    <ele>1708.5700000000002</ele>
   </trkpt>
   <trkpt lat="42.8858" lon="-0.19736">
    <ele>1714.14</ele>
   </trkpt>
   <trkpt lat="42.88571" lon="-0.19742">
    <ele>1714.14</ele>
   </trkpt>
   <trkpt lat="42.88564" lon="-0.19736">
    <ele>1718.15</ele>
   </trkpt>
   <trkpt lat="42.88557" lon="-0.19734000000000002">
    <ele>1718.15</ele>
   </trkpt>
   <trkpt lat="42.8855" lon="-0.19728">
    <ele>1720.71</ele>
   </trkpt>
   <trkpt lat="42.885380000000005" lon="-0.19706">
    <ele>1727.75</ele>
   </trkpt>
   <trkpt lat="42.8853" lon="-0.19698000000000002">
    <ele>1729.99</ele>
   </trkpt>
   <trkpt lat="42.88524" lon="-0.19684000000000001">
    <ele>1732.13</ele>
   </trkpt>
   <trkpt lat="42.88505000000001" lon="-0.19664">
    <ele>1736.13</ele>
   </trkpt>
   <trkpt lat="42.885000000000005" lon="-0.19662000000000002">
    <ele>1736.8700000000001</ele>
   </trkpt>
   <trkpt lat="42.8849" lon="-0.19669">
    <ele>1739.72</ele>
   </trkpt>
   <trkpt lat="42.88483" lon="-0.1967">
    <ele>1740.8500000000001</ele>
   </trkpt>
   <trkpt lat="42.88474" lon="-0.19669">
    <ele>1743.2500000000002</ele>
   </trkpt>
   <trkpt lat="42.884710000000005" lon="-0.19664">
    <ele>1745.89</ele>
   </trkpt>
   <trkpt lat="42.884600000000006" lon="-0.19667">
    <ele>1748.8400000000001</ele>
   </trkpt>
   <trkpt lat="42.88459" lon="-0.19655">
    <ele>1750.43</ele>
   </trkpt>
   <trkpt lat="42.8845" lon="-0.19651000000000002">
    <ele>1753.77</ele>
   </trkpt>
   <trkpt lat="42.884510000000006" lon="-0.19644">
    <ele>1760.8300000000002</ele>
   </trkpt>
   <trkpt lat="42.88443" lon="-0.19642">
    <ele>1760.8300000000002</ele>
   </trkpt>
   <trkpt lat="42.884460000000004" lon="-0.1963">
    <ele>1764.2900000000002</ele>
   </trkpt>
   <trkpt lat="42.88439" lon="-0.1963">
    <ele>1769.24</ele>
   </trkpt>
   <trkpt lat="42.88414" lon="-0.19636">
    <ele>1774.9</ele>
   </trkpt>
   <trkpt lat="42.88392" lon="-0.1965">
    <ele>1782.4700000000003</ele>
   </trkpt>
   <trkpt lat="42.88374" lon="-0.19653">
    <ele>1786.5700000000002</ele>
   </trkpt>
   <trkpt lat="42.88356" lon="-0.19642">
    <ele>1792.7100000000003</ele>
   </trkpt>
   <trkpt lat="42.88354" lon="-0.19639">
    <ele>1797.23</ele>
   </trkpt>
   <trkpt lat="42.883720000000004" lon="-0.19618000000000002">
    <ele>1802.0</ele>
   </trkpt>
   <trkpt lat="42.88371" lon="-0.19606">
    <ele>1802.0</ele>
   </trkpt>
   <trkpt lat="42.88355000000001" lon="-0.19597">
    <ele>1802.0</ele>
   </trkpt>
   <trkpt lat="42.88336" lon="-0.19595">
    <ele>1828.8500000000001</ele>
   </trkpt>
   <trkpt lat="42.88297" lon="-0.19608">
    <ele>1837.14</ele>
   </trkpt>
   <trkpt lat="42.88291" lon="-0.19614">
    <ele>1840.0100000000002</ele>
   </trkpt>
   <trkpt lat="42.882870000000004" lon="-0.19612000000000002">
    <ele>1841.29</ele>
   </trkpt>
   <trkpt lat="42.882780000000004" lon="-0.19617">
    <ele>1843.6200000000001</ele>
   </trkpt>
   <trkpt lat="42.88257" lon="-0.19619">
    <ele>1848.13</ele>
   </trkpt>
   <trkpt lat="42.882400000000004" lon="-0.19617">
    <ele>1850.2900000000002</ele>
   </trkpt>
   <trkpt lat="42.882360000000006" lon="-0.19611">
    <ele>1850.2900000000002</ele>
   </trkpt>
   <trkpt lat="42.882270000000005" lon="-0.19584000000000001">
    <ele>1856.2900000000002</ele>
   </trkpt>
   <trkpt lat="42.882360000000006" lon="-0.19547">
    <ele>1862.7000000000003</ele>
   </trkpt>
   <trkpt lat="42.882400000000004" lon="-0.19539">
    <ele>1864.72</ele>
   </trkpt>
   <trkpt lat="42.8825" lon="-0.195">
    <ele>1869.4400000000003</ele>
   </trkpt>
   <trkpt lat="42.8825" lon="-0.19487000000000002">
    <ele>1870.2900000000002</ele>
   </trkpt>
   <trkpt lat="42.882540000000006" lon="-0.19483">
    <ele>1873.15</ele>
   </trkpt>
   <trkpt lat="42.882560000000005" lon="-0.19478">
    <ele>1874.0800000000002</ele>
   </trkpt>
   <trkpt lat="42.88242" lon="-0.19425">
    <ele>1878.2</ele>
   </trkpt>
   <trkpt lat="42.88244" lon="-0.19417">
    <ele>1879.1100000000001</ele>
   </trkpt>
   <trkpt lat="42.882490000000004" lon="-0.19417">
    <ele>1880.15</ele>
   </trkpt>
   <trkpt lat="42.88262" lon="-0.19403">
    <ele>1884.48</ele>
   </trkpt>
   <trkpt lat="42.882690000000004" lon="-0.19378">
    <ele>1889.52</ele>
   </trkpt>
   <trkpt lat="42.88279" lon="-0.19361">
    <ele>1894.0100000000002</ele>
   </trkpt>
   <trkpt lat="42.882920000000006" lon="-0.19353">
    <ele>1895.9500000000003</ele>
   </trkpt>
   <trkpt lat="42.88299000000001" lon="-0.19345">
    <ele>1898.67</ele>
   </trkpt>
   <trkpt lat="42.88311" lon="-0.19336">
    <ele>1900.5600000000002</ele>
   </trkpt>
   <trkpt lat="42.8832" lon="-0.19336">
    <ele>1905.5000000000002</ele>
   </trkpt>
   <trkpt lat="42.883250000000004" lon="-0.19331">
    <ele>1905.5000000000002</ele>
   </trkpt>
   <trkpt lat="42.88327" lon="-0.19322">
    <ele>1906.5200000000002</ele>
   </trkpt>
   <trkpt lat="42.883250000000004" lon="-0.1932">
    <ele>1907.6000000000001</ele>
   </trkpt>
   <trkpt lat="42.88306" lon="-0.19314">
    <ele>1912.9000000000003</ele>
   </trkpt>
   <trkpt lat="42.883050000000004" lon="-0.19312">
    <ele>1912.9000000000003</ele>
   </trkpt>
   <trkpt lat="42.883120000000005" lon="-0.19309">
    <ele>1916.0400000000002</ele>
   </trkpt>
   <trkpt lat="42.88313" lon="-0.19304000000000002">
    <ele>1916.0400000000002</ele>
   </trkpt>
   <trkpt lat="42.883160000000004" lon="-0.19284">
    <ele>1922.67</ele>
   </trkpt>
   <trkpt lat="42.88313" lon="-0.19264">
    <ele>1928.88</ele>
   </trkpt>
   <trkpt lat="42.883100000000006" lon="-0.1927">
    <ele>1928.88</ele>
   </trkpt>
   <trkpt lat="42.88298" lon="-0.19284">
    <ele>1932.0800000000002</ele>
   </trkpt>
   <trkpt lat="42.88277" lon="-0.19259">
    <ele>1947.0900000000001</ele>
   </trkpt>
   <trkpt lat="42.88268" lon="-0.19251000000000001">
    <ele>1950.15</ele>
   </trkpt>
   <trkpt lat="42.88262" lon="-0.19256">
    <ele>1950.15</ele>
   </trkpt>
   <trkpt lat="42.882470000000005" lon="-0.19253">
    <ele>1957.3600000000001</ele>
   </trkpt>
   <trkpt lat="42.88241" lon="-0.19243000000000002">
    <ele>1960.4</ele>
   </trkpt>
   <trkpt lat="42.88244" lon="-0.19234">
    <ele>1962.05</ele>
   </trkpt>
   <trkpt lat="42.88239" lon="-0.19234">
    <ele>1967.42</ele>
   </trkpt>
   <trkpt lat="42.88233" lon="-0.19237">
    <ele>1967.42</ele>
   </trkpt>
   <trkpt lat="42.882270000000005" lon="-0.19237">
    <ele>1969.15</ele>
   </trkpt>
   <trkpt lat="42.88228" lon="-0.19222">
    <ele>1974.0700000000002</ele>
   </trkpt>
   <trkpt lat="42.88199" lon="-0.19225">
    <ele>1984.8600000000001</ele>
   </trkpt>
   <trkpt lat="42.88197" lon="-0.1922">
    <ele>1984.8600000000001</ele>
   </trkpt>
   <trkpt lat="42.881980000000006" lon="-0.19217">
    <ele>1984.8600000000001</ele>
   </trkpt>
   <trkpt lat="42.88195" lon="-0.19212">
    <ele>1989.5500000000002</ele>
   </trkpt>
   <trkpt lat="42.88195" lon="-0.19206">
    <ele>1989.5500000000002</ele>
   </trkpt>
   <trkpt lat="42.8819" lon="-0.192">
    <ele>1992.6000000000001</ele>
   </trkpt>
   <trkpt lat="42.881910000000005" lon="-0.19193000000000002">
    <ele>1992.6000000000001</ele>
   </trkpt>
   <trkpt lat="42.88186" lon="-0.19192">
    <ele>1995.13</ele>
   </trkpt>
   <trkpt lat="42.88186" lon="-0.19188000000000002">
    <ele>1995.13</ele>
   </trkpt>
   <trkpt lat="42.88195" lon="-0.1917">
    <ele>1999.95</ele>
   </trkpt>
   <trkpt lat="42.88195" lon="-0.19165000000000001">
    <ele>1999.95</ele>
   </trkpt>
   <trkpt lat="42.881930000000004" lon="-0.19162">
    <ele>1999.95</ele>
   </trkpt>
   <trkpt lat="42.88195" lon="-0.19148">
    <ele>2009.3300000000002</ele>
   </trkpt>
   <trkpt lat="42.88192" lon="-0.19142">
    <ele>2009.3300000000002</ele>
   </trkpt>
   <trkpt lat="42.88194" lon="-0.19131">
    <ele>2014.67</ele>
   </trkpt>
   <trkpt lat="42.8819" lon="-0.19128">
    <ele>2016.2900000000002</ele>
   </trkpt>
   <trkpt lat="42.88185" lon="-0.19131">
    <ele>2016.2900000000002</ele>
   </trkpt>
   <trkpt lat="42.88183" lon="-0.19128">
    <ele>2020.89</ele>
   </trkpt>
   <trkpt lat="42.881840000000004" lon="-0.1912">
    <ele>2020.89</ele>
   </trkpt>
   <trkpt lat="42.88183" lon="-0.19095">
    <ele>2027.5600000000002</ele>
   </trkpt>
   <trkpt lat="42.88174" lon="-0.19089">
    <ele>2034.5900000000001</ele>
   </trkpt>
   <trkpt lat="42.881620000000005" lon="-0.19095">
    <ele>2037.91</ele>
   </trkpt>
   <trkpt lat="42.88159" lon="-0.19093000000000002">
    <ele>2037.91</ele>
   </trkpt>
   <trkpt lat="42.881420000000006" lon="-0.19098">
    <ele>2043.5400000000002</ele>
   </trkpt>
   <trkpt lat="42.88138" lon="-0.19092">
    <ele>2044.69</ele>
   </trkpt>
   <trkpt lat="42.881440000000005" lon="-0.19078">
    <ele>2047.9100000000003</ele>
   </trkpt>
   <trkpt lat="42.881460000000004" lon="-0.1905">
    <ele>2052.75</ele>
   </trkpt>
   <trkpt lat="42.88149000000001" lon="-0.19046000000000002">
    <ele>2052.75</ele>
   </trkpt>
   <trkpt lat="42.8815" lon="-0.19039">
    <ele>2052.75</ele>
   </trkpt>
   <trkpt lat="42.88149000000001" lon="-0.19034">
    <ele>2059.48</ele>
   </trkpt>
   <trkpt lat="42.880950000000006" lon="-0.19042">
    <ele>2074.05</ele>
   </trkpt>
   <trkpt lat="42.88085" lon="-0.1905">
    <ele>2074.05</ele>
   </trkpt>
   <trkpt lat="42.88058" lon="-0.19045">
    <ele>2087.03</ele>
   </trkpt>
   <trkpt lat="42.88035" lon="-0.19045">
    <ele>2095.01</ele>
   </trkpt>
   <trkpt lat="42.88033" lon="-0.19039">
    <ele>2095.01</ele>
   </trkpt>
   <trkpt lat="42.8802" lon="-0.19037">
    <ele>2101.11</ele>
   </trkpt>
   <trkpt lat="42.8802" lon="-0.19032000000000002">
    <ele>2101.11</ele>
   </trkpt>
   <trkpt lat="42.880160000000004" lon="-0.19028">
    <ele>2101.11</ele>
   </trkpt>
   <trkpt lat="42.88015" lon="-0.19015">
    <ele>2107.09</ele>
   </trkpt>
   <trkpt lat="42.88007" lon="-0.19009">
    <ele>2107.09</ele>
   </trkpt>
   <trkpt lat="42.879920000000006" lon="-0.18993000000000002">
    <ele>2114.94</ele>
   </trkpt>
   <trkpt lat="42.879960000000004" lon="-0.18973">
    <ele>2120.9</ele>
   </trkpt>
   <trkpt lat="42.87993" lon="-0.18967">
    <ele>2123.7799999999997</ele>
   </trkpt>
   <trkpt lat="42.879780000000004" lon="-0.18967">
    <ele>2126.59</ele>
   </trkpt>
   <trkpt lat="42.87968" lon="-0.18964">
    <ele>2132.0400000000004</ele>
   </trkpt>
   <trkpt lat="42.87964" lon="-0.18967">
    <ele>2132.0400000000004</ele>
   </trkpt>
   <trkpt lat="42.87964" lon="-0.18956">
    <ele>2134.67</ele>
   </trkpt>
   <trkpt lat="42.87968" lon="-0.1895">
    <ele>2134.67</ele>
   </trkpt>
   <trkpt lat="42.87973" lon="-0.18934">
    <ele>2141.01</ele>
   </trkpt>
   <trkpt lat="42.879650000000005" lon="-0.18931">
    <ele>2141.01</ele>
   </trkpt>
   <trkpt lat="42.87957" lon="-0.18937">
    <ele>2143.69</ele>
   </trkpt>
   <trkpt lat="42.879540000000006" lon="-0.18937">
    <ele>2146.6000000000004</ele>
   </trkpt>
   <trkpt lat="42.87953" lon="-0.18934">
    <ele>2146.6000000000004</ele>
   </trkpt>
   <trkpt lat="42.87955" lon="-0.18926">
    <ele>2146.6000000000004</ele>
   </trkpt>
   <trkpt lat="42.87953" lon="-0.18907000000000002">
    <ele>2151.23</ele>
   </trkpt>
   <trkpt lat="42.87946" lon="-0.18909">
    <ele>2157.2500000000005</ele>
   </trkpt>
   <trkpt lat="42.87941" lon="-0.18907000000000002">
    <ele>2157.2500000000005</ele>
   </trkpt>
   <trkpt lat="42.879310000000004" lon="-0.18909">
    <ele>2161.9100000000003</ele>
   </trkpt>
   <trkpt lat="42.87917" lon="-0.18906">
    <ele>2164.9100000000003</ele>
   </trkpt>
   <trkpt lat="42.87904" lon="-0.1889">
    <ele>2167.6600000000003</ele>
   </trkpt>
   <trkpt lat="42.878980000000006" lon="-0.18867">
    <ele>2176.72</ele>
   </trkpt>
   <trkpt lat="42.878890000000006" lon="-0.18853">
    <ele>2182.1800000000003</ele>
   </trkpt>
   <trkpt lat="42.87861" lon="-0.18845">
    <ele>2187.91</ele>
   </trkpt>
   <trkpt lat="42.878400000000006" lon="-0.18842">
    <ele>2195.7200000000003</ele>
   </trkpt>
   <trkpt lat="42.878400000000006" lon="-0.18831">
    <ele>2200.19</ele>
   </trkpt>
   <trkpt lat="42.878490000000006" lon="-0.18803">
    <ele>2208.9800000000005</ele>
   </trkpt>
   <trkpt lat="42.87848" lon="-0.18798">
    <ele>2208.9800000000005</ele>
   </trkpt>
   <trkpt lat="42.878400000000006" lon="-0.18798">
    <ele>2208.9800000000005</ele>
   </trkpt>
   <trkpt lat="42.878280000000004" lon="-0.1879">
    <ele>2216.66</ele>
   </trkpt>
   <trkpt lat="42.8781" lon="-0.18792">
    <ele>2219.6800000000003</ele>
   </trkpt>
   <trkpt lat="42.87801" lon="-0.18765">
    <ele>2227.34</ele>
   </trkpt>
   <trkpt lat="42.877700000000004" lon="-0.18742">
    <ele>2235.8700000000003</ele>
   </trkpt>
   <trkpt lat="42.877680000000005" lon="-0.1874">
    <ele>2235.8700000000003</ele>
   </trkpt>
   <trkpt lat="42.877700000000004" lon="-0.18715">
    <ele>2239.6600000000003</ele>
   </trkpt>
   <trkpt lat="42.877680000000005" lon="-0.18703">
    <ele>2241.11</ele>
   </trkpt>
   <trkpt lat="42.877570000000006" lon="-0.18687">
    <ele>2242.9900000000002</ele>
   </trkpt>
   <trkpt lat="42.877500000000005" lon="-0.18662">
    <ele>2246.47</ele>
   </trkpt>
   <trkpt lat="42.87745" lon="-0.18629">
    <ele>2248.48</ele>
   </trkpt>
   <trkpt lat="42.877460000000006" lon="-0.18592">
    <ele>2249.19</ele>
   </trkpt>
   <trkpt lat="42.87754" lon="-0.18581">
    <ele>2249.8900000000003</ele>
   </trkpt>
   <trkpt lat="42.877590000000005" lon="-0.18565">
    <ele>2251.2100000000005</ele>
   </trkpt>
   <trkpt lat="42.87762" lon="-0.18545">
    <ele>2251.56</ele>
   </trkpt>
   <trkpt lat="42.87767" lon="-0.18529">
    <ele>2251.4</ele>
   </trkpt>
   <trkpt lat="42.8778" lon="-0.18510000000000001">
    <ele>2250.03</ele>
   </trkpt>
   <trkpt lat="42.87787" lon="-0.18493">
    <ele>2248.71</ele>
   </trkpt>
   <trkpt lat="42.878060000000005" lon="-0.18404">
    <ele>2242.4500000000003</ele>
   </trkpt>
   <trkpt lat="42.878130000000006" lon="-0.18384">
    <ele>2240.9500000000003</ele>
   </trkpt>
   <trkpt lat="42.878130000000006" lon="-0.18365">
    <ele>2239.1400000000003</ele>
   </trkpt>
   <trkpt lat="42.87807" lon="-0.18335">
    <ele>2236.39</ele>
   </trkpt>
   <trkpt lat="42.87818" lon="-0.1829">
    <ele>2230.01</ele>
   </trkpt>
   <trkpt lat="42.87825" lon="-0.18268">
    <ele>2225.2</ele>
   </trkpt>
   <trkpt lat="42.878490000000006" lon="-0.18226">
    <ele>2217.48</ele>
   </trkpt>
   <trkpt lat="42.878600000000006" lon="-0.18198">
    <ele>2211.22</ele>
   </trkpt>
   <trkpt lat="42.87867000000001" lon="-0.18165">
    <ele>2206.38</ele>
   </trkpt>
   <trkpt lat="42.878600000000006" lon="-0.18112">
    <ele>2201.27</ele>
   </trkpt>
   <trkpt lat="42.878530000000005" lon="-0.18082">
    <ele>2197.94</ele>
   </trkpt>
   <trkpt lat="42.87845" lon="-0.18064000000000002">
    <ele>2195.4900000000002</ele>
   </trkpt>
   <trkpt lat="42.878330000000005" lon="-0.18019000000000002">
    <ele>2188.57</ele>
   </trkpt>
   <trkpt lat="42.878260000000004" lon="-0.18012">
    <ele>2186.8500000000004</ele>
   </trkpt>
   <trkpt lat="42.87821" lon="-0.17976">
    <ele>2180.11</ele>
   </trkpt>
   <trkpt lat="42.8783" lon="-0.17915">
    <ele>2171.7</ele>
   </trkpt>
   <trkpt lat="42.8783" lon="-0.1789">
    <ele>2169.59</ele>
   </trkpt>
   <trkpt lat="42.87834" lon="-0.17855000000000001">
    <ele>2167.2200000000003</ele>
   </trkpt>
   <trkpt lat="42.878400000000006" lon="-0.17832">
    <ele>2162.44</ele>
   </trkpt>
   <trkpt lat="42.87843" lon="-0.17797000000000002">
    <ele>2158.02</ele>
   </trkpt>
   <trkpt lat="42.878420000000006" lon="-0.17788">
    <ele>2158.02</ele>
   </trkpt>
   <trkpt lat="42.87845" lon="-0.17773000000000003">
    <ele>2156.0800000000004</ele>
   </trkpt>
   <trkpt lat="42.878510000000006" lon="-0.17704">
    <ele>2143.0</ele>
   </trkpt>
   <trkpt lat="42.8785" lon="-0.17685">
    <ele>2141.44</ele>
   </trkpt>
   <trkpt lat="42.878530000000005" lon="-0.17677">
    <ele>2140.12</ele>
   </trkpt>
   <trkpt lat="42.87843" lon="-0.17624">
    <ele>2134.35</ele>
   </trkpt>
   <trkpt lat="42.878280000000004" lon="-0.17586000000000002">
    <ele>2130.7400000000002</ele>
   </trkpt>
   <trkpt lat="42.87807" lon="-0.1751">
    <ele>2120.06</ele>
   </trkpt>
   <trkpt lat="42.87796" lon="-0.17485">
    <ele>2116.23</ele>
   </trkpt>
   <trkpt lat="42.87792" lon="-0.17471">
    <ele>2110.53</ele>
   </trkpt>
   <trkpt lat="42.87785" lon="-0.17461000000000002">
    <ele>2107.91</ele>
   </trkpt>
   <trkpt lat="42.87773000000001" lon="-0.17438">
    <ele>2104.23</ele>
   </trkpt>
   <trkpt lat="42.87774" lon="-0.17432">
    <ele>2099.6</ele>
   </trkpt>
   <trkpt lat="42.87771" lon="-0.17421">
    <ele>2098.3900000000003</ele>
   </trkpt>
   <trkpt lat="42.87773000000001" lon="-0.1741">
    <ele>2098.3900000000003</ele>
   </trkpt>
   <trkpt lat="42.87771" lon="-0.17402">
    <ele>2092.11</ele>
   </trkpt>
   <trkpt lat="42.87762" lon="-0.17400000000000002">
    <ele>2092.11</ele>
   </trkpt>
   <trkpt lat="42.87749" lon="-0.17393">
    <ele>2089.15</ele>
   </trkpt>
   <trkpt lat="42.87724" lon="-0.17361000000000001">
    <ele>2086.4700000000003</ele>
   </trkpt>
   <trkpt lat="42.877120000000005" lon="-0.1736">
    <ele>2085.8700000000003</ele>
   </trkpt>
   <trkpt lat="42.87659" lon="-0.17321">
    <ele>2077.08</ele>
   </trkpt>
   <trkpt lat="42.87648" lon="-0.17316">
    <ele>2073.8100000000004</ele>
   </trkpt>
   <trkpt lat="42.87617" lon="-0.17285">
    <ele>2067.3</ele>
   </trkpt>
   <trkpt lat="42.87603" lon="-0.17282">
    <ele>2065.13</ele>
   </trkpt>
   <trkpt lat="42.876000000000005" lon="-0.17278000000000002">
    <ele>2060.2</ele>
   </trkpt>
   <trkpt lat="42.87597" lon="-0.1728">
    <ele>2060.2</ele>
   </trkpt>
   <trkpt lat="42.8759" lon="-0.17277">
    <ele>2060.2</ele>
   </trkpt>
   <trkpt lat="42.87574" lon="-0.17285">
    <ele>2055.6</ele>
   </trkpt>
   <trkpt lat="42.87567000000001" lon="-0.17282">
    <ele>2053.63</ele>
   </trkpt>
   <trkpt lat="42.87559" lon="-0.17283">
    <ele>2052.74</ele>
   </trkpt>
   <trkpt lat="42.87557" lon="-0.17285">
    <ele>2051.05</ele>
   </trkpt>
   <trkpt lat="42.875600000000006" lon="-0.17292000000000002">
    <ele>2050.2700000000004</ele>
   </trkpt>
   <trkpt lat="42.875640000000004" lon="-0.17291">
    <ele>2050.2700000000004</ele>
   </trkpt>
   <trkpt lat="42.87568" lon="-0.17299">
    <ele>2049.0000000000005</ele>
   </trkpt>
   <trkpt lat="42.87579" lon="-0.17314000000000002">
    <ele>2048.8500000000004</ele>
   </trkpt>
   <trkpt lat="42.875750000000004" lon="-0.17327">
    <ele>2049.92</ele>
   </trkpt>
   <trkpt lat="42.8757" lon="-0.1733">
    <ele>2049.92</ele>
   </trkpt>
   <trkpt lat="42.8755" lon="-0.17369">
    <ele>2051.05</ele>
   </trkpt>
   <trkpt lat="42.87538000000001" lon="-0.17374">
    <ele>2050.29</ele>
   </trkpt>
   <trkpt lat="42.87474" lon="-0.17388">
    <ele>2056.4300000000003</ele>
   </trkpt>
   <trkpt lat="42.87467" lon="-0.17402">
    <ele>2057.49</ele>
   </trkpt>
   <trkpt lat="42.87453" lon="-0.17418">
    <ele>2059.12</ele>
   </trkpt>
   <trkpt lat="42.87429" lon="-0.17438">
    <ele>2061.8700000000003</ele>
   </trkpt>
   <trkpt lat="42.87411" lon="-0.17446">
    <ele>2063.3500000000004</ele>
   </trkpt>
   <trkpt lat="42.873740000000005" lon="-0.17443">
    <ele>2061.84</ele>
   </trkpt>
   <trkpt lat="42.87357" lon="-0.17439000000000002">
    <ele>2058.55</ele>
   </trkpt>
   <trkpt lat="42.8733" lon="-0.17429">
    <ele>2055.96</ele>
   </trkpt>
   <trkpt lat="42.87315" lon="-0.17427">
    <ele>2055.25</ele>
   </trkpt>
   <trkpt lat="42.87292" lon="-0.17419">
    <ele>2053.8100000000004</ele>
   </trkpt>
   <trkpt lat="42.87266" lon="-0.17413">
    <ele>2049.36</ele>
   </trkpt>
   <trkpt lat="42.872550000000004" lon="-0.17407">
    <ele>2048.19</ele>
   </trkpt>
   <trkpt lat="42.87243" lon="-0.17393">
    <ele>2047.2</ele>
   </trkpt>
   <trkpt lat="42.87223" lon="-0.17394">
    <ele>2045.83</ele>
   </trkpt>
   <trkpt lat="42.872170000000004" lon="-0.17388">
    <ele>2044.9800000000002</ele>
   </trkpt>
   <trkpt lat="42.87209" lon="-0.17388">
    <ele>2043.11</ele>
   </trkpt>
   <trkpt lat="42.871880000000004" lon="-0.17393">
    <ele>2038.3</ele>
   </trkpt>
   <trkpt lat="42.871790000000004" lon="-0.17389000000000002">
    <ele>2037.63</ele>
   </trkpt>
   <trkpt lat="42.871480000000005" lon="-0.17391">
    <ele>2034.24</ele>
   </trkpt>
   <trkpt lat="42.87131" lon="-0.17383">
    <ele>2034.03</ele>
   </trkpt>
   <trkpt lat="42.871210000000005" lon="-0.17388">
    <ele>2034.7500000000002</ele>
   </trkpt>
   <trkpt lat="42.87115" lon="-0.17383">
    <ele>2035.3799999999999</ele>
   </trkpt>
   <trkpt lat="42.87104" lon="-0.17382">
    <ele>2037.63</ele>
   </trkpt>
   <trkpt lat="42.87102" lon="-0.17377">
    <ele>2038.31</ele>
   </trkpt>
   <trkpt lat="42.870960000000004" lon="-0.17374">
    <ele>2038.93</ele>
   </trkpt>
   <trkpt lat="42.87089" lon="-0.17374">
    <ele>2039.79</ele>
   </trkpt>
   <trkpt lat="42.870810000000006" lon="-0.17371">
    <ele>2039.6300000000003</ele>
   </trkpt>
   <trkpt lat="42.87073" lon="-0.17374">
    <ele>2039.0900000000001</ele>
   </trkpt>
   <trkpt lat="42.87068" lon="-0.17372">
    <ele>2037.29</ele>
   </trkpt>
   <trkpt lat="42.87064" lon="-0.17366">
    <ele>2036.1299999999999</ele>
   </trkpt>
   <trkpt lat="42.870470000000005" lon="-0.17358">
    <ele>2031.19</ele>
   </trkpt>
   <trkpt lat="42.87032000000001" lon="-0.17363">
    <ele>2028.2</ele>
   </trkpt>
   <trkpt lat="42.87012" lon="-0.17361000000000001">
    <ele>2027.1000000000004</ele>
   </trkpt>
   <trkpt lat="42.87003000000001" lon="-0.17366">
    <ele>2027.6300000000003</ele>
   </trkpt>
   <trkpt lat="42.869930000000004" lon="-0.1736">
    <ele>2027.3500000000001</ele>
   </trkpt>
   <trkpt lat="42.8697" lon="-0.17363">
    <ele>2022.5300000000002</ele>
   </trkpt>
   <trkpt lat="42.869490000000006" lon="-0.17357">
    <ele>2019.5700000000002</ele>
   </trkpt>
   <trkpt lat="42.86925" lon="-0.17371">
    <ele>2014.23</ele>
   </trkpt>
   <trkpt lat="42.86916" lon="-0.17371">
    <ele>2012.3100000000002</ele>
   </trkpt>
   <trkpt lat="42.86905" lon="-0.17366">
    <ele>2011.25</ele>
   </trkpt>
   <trkpt lat="42.8688" lon="-0.17385">
    <ele>2004.01</ele>
   </trkpt>
   <trkpt lat="42.868700000000004" lon="-0.17388">
    <ele>2001.4700000000003</ele>
   </trkpt>
   <trkpt lat="42.86827" lon="-0.17393">
    <ele>1992.5800000000002</ele>
   </trkpt>
   <trkpt lat="42.867670000000004" lon="-0.17405">
    <ele>1982.8600000000001</ele>
   </trkpt>
   <trkpt lat="42.86742" lon="-0.17413">
    <ele>1980.9500000000003</ele>
   </trkpt>
   <trkpt lat="42.867110000000004" lon="-0.17413">
    <ele>1978.67</ele>
   </trkpt>
   <trkpt lat="42.86699" lon="-0.17416">
    <ele>1978.3700000000001</ele>
   </trkpt>
   <trkpt lat="42.86688" lon="-0.17416">
    <ele>1977.91</ele>
   </trkpt>
   <trkpt lat="42.866780000000006" lon="-0.17413">
    <ele>1977.5900000000001</ele>
   </trkpt>
   <trkpt lat="42.866580000000006" lon="-0.17412000000000002">
    <ele>1977.96</ele>
   </trkpt>
   <trkpt lat="42.86654" lon="-0.17407">
    <ele>1979.4300000000003</ele>
   </trkpt>
   <trkpt lat="42.866490000000006" lon="-0.17409000000000002">
    <ele>1980.0000000000002</ele>
   </trkpt>
   <trkpt lat="42.866460000000004" lon="-0.17400000000000002">
    <ele>1980.7800000000002</ele>
   </trkpt>
   <trkpt lat="42.866440000000004" lon="-0.17377">
    <ele>1981.42</ele>
   </trkpt>
   <trkpt lat="42.866420000000005" lon="-0.17371">
    <ele>1981.3500000000001</ele>
   </trkpt>
   <trkpt lat="42.866350000000004" lon="-0.17366">
    <ele>1981.2900000000002</ele>
   </trkpt>
   <trkpt lat="42.86618000000001" lon="-0.17369">
    <ele>1980.3100000000002</ele>
   </trkpt>
   <trkpt lat="42.86605" lon="-0.17367000000000002">
    <ele>1978.2700000000002</ele>
   </trkpt>
   <trkpt lat="42.865730000000006" lon="-0.17368">
    <ele>1974.8700000000001</ele>
   </trkpt>
   <trkpt lat="42.8656" lon="-0.17361000000000001">
    <ele>1973.27</ele>
   </trkpt>
   <trkpt lat="42.86553000000001" lon="-0.17355">
    <ele>1974.0100000000002</ele>
   </trkpt>
   <trkpt lat="42.86549" lon="-0.17349">
    <ele>1974.0100000000002</ele>
   </trkpt>
   <trkpt lat="42.86542" lon="-0.17320000000000002">
    <ele>1973.3700000000001</ele>
   </trkpt>
   <trkpt lat="42.865390000000005" lon="-0.17297">
    <ele>1971.72</ele>
   </trkpt>
   <trkpt lat="42.86533" lon="-0.17277">
    <ele>1971.14</ele>
   </trkpt>
   <trkpt lat="42.865320000000004" lon="-0.17268000000000003">
    <ele>1971.14</ele>
   </trkpt>
   <trkpt lat="42.865320000000004" lon="-0.17266">
    <ele>1971.14</ele>
   </trkpt>
   <trkpt lat="42.86534" lon="-0.17255">
    <ele>1970.77</ele>
   </trkpt>
   <trkpt lat="42.86554" lon="-0.17214000000000002">
    <ele>1966.3100000000002</ele>
   </trkpt>
   <trkpt lat="42.86585" lon="-0.17128000000000002">
    <ele>1958.0300000000002</ele>
   </trkpt>
   <trkpt lat="42.865930000000006" lon="-0.17114000000000001">
    <ele>1956.0600000000002</ele>
   </trkpt>
   <trkpt lat="42.86614" lon="-0.17091">
    <ele>1952.89</ele>
   </trkpt>
   <trkpt lat="42.866350000000004" lon="-0.17044">
    <ele>1944.91</ele>
   </trkpt>
   <trkpt lat="42.86675" lon="-0.16994">
    <ele>1935.15</ele>
   </trkpt>
   <trkpt lat="42.866980000000005" lon="-0.16975">
    <ele>1932.3500000000001</ele>
   </trkpt>
   <trkpt lat="42.867360000000005" lon="-0.16964">
    <ele>1926.3200000000002</ele>
   </trkpt>
   <trkpt lat="42.86802" lon="-0.16933">
    <ele>1910.9600000000003</ele>
   </trkpt>
   <trkpt lat="42.868520000000004" lon="-0.16902">
    <ele>1904.24</ele>
   </trkpt>
   <trkpt lat="42.86863" lon="-0.16892000000000001">
    <ele>1901.21</ele>
   </trkpt>
   <trkpt lat="42.868730000000006" lon="-0.16875">
    <ele>1897.66</ele>
   </trkpt>
   <trkpt lat="42.868790000000004" lon="-0.16870000000000002">
    <ele>1897.66</ele>
   </trkpt>
   <trkpt lat="42.86885" lon="-0.16870000000000002">
    <ele>1895.99</ele>
   </trkpt>
   <trkpt lat="42.86891000000001" lon="-0.16874">
    <ele>1895.25</ele>
   </trkpt>
   <trkpt lat="42.86909000000001" lon="-0.169">
    <ele>1890.95</ele>
   </trkpt>
   <trkpt lat="42.86912" lon="-0.16909000000000002">
    <ele>1888.5300000000002</ele>
   </trkpt>
   <trkpt lat="42.869200000000006" lon="-0.169">
    <ele>1887.76</ele>
   </trkpt>
   <trkpt lat="42.869310000000006" lon="-0.16872">
    <ele>1884.72</ele>
   </trkpt>
   <trkpt lat="42.86929000000001" lon="-0.16852">
    <ele>1883.67</ele>
   </trkpt>
   <trkpt lat="42.869490000000006" lon="-0.16838">
    <ele>1882.3100000000002</ele>
   </trkpt>
   <trkpt lat="42.869580000000006" lon="-0.16825">
    <ele>1881.0700000000002</ele>
   </trkpt>
   <trkpt lat="42.869640000000004" lon="-0.16813">
    <ele>1879.8600000000001</ele>
   </trkpt>
   <trkpt lat="42.86972" lon="-0.16805">
    <ele>1876.94</ele>
   </trkpt>
   <trkpt lat="42.869820000000004" lon="-0.16798000000000002">
    <ele>1875.2400000000002</ele>
   </trkpt>
   <trkpt lat="42.86995" lon="-0.16799">
    <ele>1874.03</ele>
   </trkpt>
   <trkpt lat="42.87019" lon="-0.16791">
    <ele>1872.3100000000002</ele>
   </trkpt>
   <trkpt lat="42.87032000000001" lon="-0.16783">
    <ele>1867.8700000000001</ele>
   </trkpt>
   <trkpt lat="42.870430000000006" lon="-0.16781000000000001">
    <ele>1867.0600000000002</ele>
   </trkpt>
   <trkpt lat="42.87051" lon="-0.16773000000000002">
    <ele>1866.3600000000001</ele>
   </trkpt>
   <trkpt lat="42.8706" lon="-0.16769">
    <ele>1864.51</ele>
   </trkpt>
   <trkpt lat="42.8708" lon="-0.16764">
    <ele>1860.7300000000002</ele>
   </trkpt>
   <trkpt lat="42.87089" lon="-0.16756000000000001">
    <ele>1857.14</ele>
   </trkpt>
   <trkpt lat="42.871" lon="-0.16755">
    <ele>1854.0700000000002</ele>
   </trkpt>
   <trkpt lat="42.87109" lon="-0.1675">
    <ele>1852.71</ele>
   </trkpt>
   <trkpt lat="42.8712" lon="-0.16741">
    <ele>1851.41</ele>
   </trkpt>
   <trkpt lat="42.87156" lon="-0.16678">
    <ele>1845.5800000000002</ele>
   </trkpt>
   <trkpt lat="42.87156" lon="-0.16663">
    <ele>1842.8600000000001</ele>
   </trkpt>
   <trkpt lat="42.8716" lon="-0.16658">
    <ele>1841.0900000000001</ele>
   </trkpt>
   <trkpt lat="42.87158" lon="-0.16656">
    <ele>1839.16</ele>
   </trkpt>
   <trkpt lat="42.8716" lon="-0.16655">
    <ele>1839.16</ele>
   </trkpt>
   <trkpt lat="42.871590000000005" lon="-0.16652">
    <ele>1839.16</ele>
   </trkpt>
   <trkpt lat="42.87162" lon="-0.16652">
    <ele>1833.1100000000001</ele>
   </trkpt>
   <trkpt lat="42.8716" lon="-0.16647">
    <ele>1833.1100000000001</ele>
   </trkpt>
   <trkpt lat="42.87163" lon="-0.16645000000000001">
    <ele>1833.1100000000001</ele>
   </trkpt>
   <trkpt lat="42.871640000000006" lon="-0.16636">
    <ele>1829.3600000000001</ele>
   </trkpt>
   <trkpt lat="42.87167" lon="-0.16636">
    <ele>1829.3600000000001</ele>
   </trkpt>
   <trkpt lat="42.8714" lon="-0.16605">
    <ele>1820.21</ele>
   </trkpt>
   <trkpt lat="42.87127" lon="-0.16605">
    <ele>1817.46</ele>
   </trkpt>
   <trkpt lat="42.87102" lon="-0.16589">
    <ele>1809.71</ele>
   </trkpt>
   <trkpt lat="42.87089" lon="-0.16589">
    <ele>1809.71</ele>
   </trkpt>
   <trkpt lat="42.87059" lon="-0.1658">
    <ele>1801.3400000000001</ele>
   </trkpt>
   <trkpt lat="42.870270000000005" lon="-0.16566">
    <ele>1798.8700000000001</ele>
   </trkpt>
   <trkpt lat="42.870160000000006" lon="-0.16553">
    <ele>1797.3200000000002</ele>
   </trkpt>
   <trkpt lat="42.87012" lon="-0.16544">
    <ele>1796.65</ele>
   </trkpt>
   <trkpt lat="42.870110000000004" lon="-0.16472">
    <ele>1785.4200000000003</ele>
   </trkpt>
   <trkpt lat="42.86999" lon="-0.16456">
    <ele>1781.5500000000002</ele>
   </trkpt>
   <trkpt lat="42.869960000000006" lon="-0.16448000000000002">
    <ele>1781.5500000000002</ele>
   </trkpt>
   <trkpt lat="42.869930000000004" lon="-0.16425">
    <ele>1779.43</ele>
   </trkpt>
   <trkpt lat="42.86999" lon="-0.16344">
    <ele>1769.14</ele>
   </trkpt>
   <trkpt lat="42.870050000000006" lon="-0.16319">
    <ele>1766.1100000000001</ele>
   </trkpt>
   <trkpt lat="42.870050000000006" lon="-0.16275">
    <ele>1761.39</ele>
   </trkpt>
   <trkpt lat="42.870000000000005" lon="-0.16236">
    <ele>1756.96</ele>
   </trkpt>
   <trkpt lat="42.87003000000001" lon="-0.16228">
    <ele>1756.3300000000002</ele>
   </trkpt>
   <trkpt lat="42.87006" lon="-0.16228">
    <ele>1756.3300000000002</ele>
   </trkpt>
   <trkpt lat="42.8701" lon="-0.16244">
    <ele>1752.21</ele>
   </trkpt>
   <trkpt lat="42.87033" lon="-0.16303">
    <ele>1745.44</ele>
   </trkpt>
   <trkpt lat="42.870430000000006" lon="-0.16336">
    <ele>1740.49</ele>
   </trkpt>
   <trkpt lat="42.870450000000005" lon="-0.16353">
    <ele>1739.66</ele>
   </trkpt>
   <trkpt lat="42.870720000000006" lon="-0.16417">
    <ele>1733.5600000000002</ele>
   </trkpt>
   <trkpt lat="42.870920000000005" lon="-0.16437000000000002">
    <ele>1726.2700000000002</ele>
   </trkpt>
   <trkpt lat="42.871050000000004" lon="-0.16444">
    <ele>1726.2700000000002</ele>
   </trkpt>
   <trkpt lat="42.871170000000006" lon="-0.16455">
    <ele>1723.4600000000003</ele>
   </trkpt>
   <trkpt lat="42.87124" lon="-0.16458">
    <ele>1723.4600000000003</ele>
   </trkpt>
   <trkpt lat="42.87149" lon="-0.16455">
    <ele>1719.0800000000002</ele>
   </trkpt>
   <trkpt lat="42.871770000000005" lon="-0.16458">
    <ele>1716.25</ele>
   </trkpt>
   <trkpt lat="42.8718" lon="-0.16453">
    <ele>1715.78</ele>
   </trkpt>
   <trkpt lat="42.8718" lon="-0.16446000000000002">
    <ele>1714.79</ele>
   </trkpt>
   <trkpt lat="42.871700000000004" lon="-0.16444">
    <ele>1714.79</ele>
   </trkpt>
   <trkpt lat="42.87162" lon="-0.16441">
    <ele>1711.95</ele>
   </trkpt>
   <trkpt lat="42.871370000000006" lon="-0.16422">
    <ele>1705.41</ele>
   </trkpt>
   <trkpt lat="42.8712" lon="-0.16375">
    <ele>1701.3500000000001</ele>
   </trkpt>
   <trkpt lat="42.87118" lon="-0.1635">
    <ele>1698.2100000000003</ele>
   </trkpt>
   <trkpt lat="42.8712" lon="-0.16325">
    <ele>1694.9600000000003</ele>
   </trkpt>
   <trkpt lat="42.87133" lon="-0.16253">
    <ele>1687.43</ele>
   </trkpt>
   <trkpt lat="42.87135000000001" lon="-0.16192">
    <ele>1678.95</ele>
   </trkpt>
   <trkpt lat="42.871300000000005" lon="-0.16103">
    <ele>1669.66</ele>
   </trkpt>
   <trkpt lat="42.87126000000001" lon="-0.16061">
    <ele>1664.0800000000002</ele>
   </trkpt>
   <trkpt lat="42.87116" lon="-0.15986">
    <ele>1654.1000000000001</ele>
   </trkpt>
   <trkpt lat="42.871100000000006" lon="-0.15964">
    <ele>1650.88</ele>
   </trkpt>
   <trkpt lat="42.870920000000005" lon="-0.1592">
    <ele>1645.14</ele>
   </trkpt>
   <trkpt lat="42.87073" lon="-0.15886">
    <ele>1638.39</ele>
   </trkpt>
   <trkpt lat="42.87070000000001" lon="-0.15875">
    <ele>1636.7</ele>
   </trkpt>
   <trkpt lat="42.870670000000004" lon="-0.15831">
    <ele>1630.21</ele>
   </trkpt>
   <trkpt lat="42.87069" lon="-0.15806">
    <ele>1626.2800000000002</ele>
   </trkpt>
   <trkpt lat="42.870670000000004" lon="-0.1577">
    <ele>1624.7900000000002</ele>
   </trkpt>
   <trkpt lat="42.87070000000001" lon="-0.1572">
    <ele>1615.3600000000001</ele>
   </trkpt>
   <trkpt lat="42.87070000000001" lon="-0.15678">
    <ele>1611.4400000000003</ele>
   </trkpt>
   <trkpt lat="42.870670000000004" lon="-0.15648">
    <ele>1606.0700000000002</ele>
   </trkpt>
   <trkpt lat="42.87066" lon="-0.15562">
    <ele>1595.72</ele>
   </trkpt>
   <trkpt lat="42.87069" lon="-0.15542">
    <ele>1592.8300000000002</ele>
   </trkpt>
   <trkpt lat="42.870830000000005" lon="-0.15495">
    <ele>1584.91</ele>
   </trkpt>
   <trkpt lat="42.870870000000004" lon="-0.15473">
    <ele>1582.64</ele>
   </trkpt>
   <trkpt lat="42.87111" lon="-0.15398">
    <ele>1573.76</ele>
   </trkpt>
   <trkpt lat="42.871230000000004" lon="-0.15301">
    <ele>1560.5900000000001</ele>
   </trkpt>
   <trkpt lat="42.8712" lon="-0.15234">
    <ele>1553.7800000000002</ele>
   </trkpt>
   <trkpt lat="42.87116" lon="-0.15209">
    <ele>1552.5000000000002</ele>
   </trkpt>
   <trkpt lat="42.87115" lon="-0.15176">
    <ele>1548.8700000000001</ele>
   </trkpt>
   <trkpt lat="42.871190000000006" lon="-0.15156">
    <ele>1546.37</ele>
   </trkpt>
   <trkpt lat="42.871210000000005" lon="-0.15126">
    <ele>1542.7400000000002</ele>
   </trkpt>
   <trkpt lat="42.87125" lon="-0.15109">
    <ele>1540.7700000000002</ele>
   </trkpt>
   <trkpt lat="42.87136" lon="-0.15081">
    <ele>1537.8600000000001</ele>
   </trkpt>
   <trkpt lat="42.87144000000001" lon="-0.15048">
    <ele>1533.63</ele>
   </trkpt>
   <trkpt lat="42.87149" lon="-0.15043">
    <ele>1531.65</ele>
   </trkpt>
   <trkpt lat="42.87151" lon="-0.15034">
    <ele>1530.96</ele>
   </trkpt>
   <trkpt lat="42.87151" lon="-0.14979">
    <ele>1523.94</ele>
   </trkpt>
   <trkpt lat="42.871590000000005" lon="-0.14943">
    <ele>1522.8000000000002</ele>
   </trkpt>
   <trkpt lat="42.87192" lon="-0.14904">
    <ele>1517.06</ele>
   </trkpt>
   <trkpt lat="42.87203" lon="-0.14898">
    <ele>1514.34</ele>
   </trkpt>
   <trkpt lat="42.87243" lon="-0.14851">
    <ele>1508.3300000000002</ele>
   </trkpt>
   <trkpt lat="42.872890000000005" lon="-0.14815">
    <ele>1501.4900000000002</ele>
   </trkpt>
   <trkpt lat="42.87306" lon="-0.14797000000000002">
    <ele>1498.97</ele>
   </trkpt>
   <trkpt lat="42.87324" lon="-0.14804">
    <ele>1497.77</ele>
   </trkpt>
   <trkpt lat="42.87333" lon="-0.14798">
    <ele>1497.16</ele>
   </trkpt>
   <trkpt lat="42.873670000000004" lon="-0.14757">
    <ele>1494.6100000000001</ele>
   </trkpt>
   <trkpt lat="42.87382" lon="-0.14751">
    <ele>1493.6100000000001</ele>
   </trkpt>
   <trkpt lat="42.87398" lon="-0.1474">
    <ele>1490.2600000000002</ele>
   </trkpt>
   <trkpt lat="42.874120000000005" lon="-0.14723">
    <ele>1487.41</ele>
   </trkpt>
   <trkpt lat="42.874230000000004" lon="-0.14715">
    <ele>1483.0</ele>
   </trkpt>
   <trkpt lat="42.87447" lon="-0.14709">
    <ele>1478.8600000000001</ele>
   </trkpt>
   <trkpt lat="42.874610000000004" lon="-0.14709">
    <ele>1478.0600000000002</ele>
   </trkpt>
   <trkpt lat="42.875170000000004" lon="-0.14721">
    <ele>1468.66</ele>
   </trkpt>
   <trkpt lat="42.87556" lon="-0.1471">
    <ele>1463.7900000000002</ele>
   </trkpt>
   <trkpt lat="42.875690000000006" lon="-0.1471">
    <ele>1461.1100000000001</ele>
   </trkpt>
   <trkpt lat="42.875930000000004" lon="-0.14718">
    <ele>1457.41</ele>
   </trkpt>
   <trkpt lat="42.876000000000005" lon="-0.14718">
    <ele>1456.11</ele>
   </trkpt>
   <trkpt lat="42.876560000000005" lon="-0.14696">
    <ele>1448.3000000000002</ele>
   </trkpt>
   <trkpt lat="42.87708000000001" lon="-0.1466">
    <ele>1439.22</ele>
   </trkpt>
   <trkpt lat="42.877320000000005" lon="-0.14657">
    <ele>1434.3300000000002</ele>
   </trkpt>
   <trkpt lat="42.87765" lon="-0.1464">
    <ele>1429.52</ele>
   </trkpt>
   <trkpt lat="42.87798" lon="-0.1461">
    <ele>1425.6200000000001</ele>
   </trkpt>
   <trkpt lat="42.878080000000004" lon="-0.14587">
    <ele>1422.83</ele>
   </trkpt>
   <trkpt lat="42.87863" lon="-0.14576">
    <ele>1415.3200000000002</ele>
   </trkpt>
   <trkpt lat="42.87899" lon="-0.14549">
    <ele>1411.25</ele>
   </trkpt>
   <trkpt lat="42.87939" lon="-0.14501">
    <ele>1403.58</ele>
   </trkpt>
   <trkpt lat="42.87959" lon="-0.14493">
    <ele>1402.4200000000003</ele>
   </trkpt>
   <trkpt lat="42.879670000000004" lon="-0.14479">
    <ele>1398.6200000000001</ele>
   </trkpt>
   <trkpt lat="42.87975" lon="-0.14471">
    <ele>1397.94</ele>
   </trkpt>
   <trkpt lat="42.87986" lon="-0.14463">
    <ele>1394.89</ele>
   </trkpt>
   <trkpt lat="42.88006" lon="-0.14445000000000002">
    <ele>1392.46</ele>
   </trkpt>
   <trkpt lat="42.88015" lon="-0.14441">
    <ele>1392.3500000000001</ele>
   </trkpt>
   <trkpt lat="42.88029" lon="-0.14429">
    <ele>1389.78</ele>
   </trkpt>
   <trkpt lat="42.8804" lon="-0.14429">
    <ele>1387.25</ele>
   </trkpt>
   <trkpt lat="42.88051" lon="-0.14418">
    <ele>1385.75</ele>
   </trkpt>
   <trkpt lat="42.880570000000006" lon="-0.14418">
    <ele>1384.89</ele>
   </trkpt>
   <trkpt lat="42.880810000000004" lon="-0.14401">
    <ele>1378.5900000000001</ele>
   </trkpt>
   <trkpt lat="42.881060000000005" lon="-0.1439">
    <ele>1375.0900000000001</ele>
   </trkpt>
   <trkpt lat="42.88118" lon="-0.14393">
    <ele>1372.8200000000002</ele>
   </trkpt>
   <trkpt lat="42.881310000000006" lon="-0.14385">
    <ele>1371.6200000000001</ele>
   </trkpt>
   <trkpt lat="42.88172" lon="-0.14324">
    <ele>1362.5600000000002</ele>
   </trkpt>
   <trkpt lat="42.88217" lon="-0.14264000000000002">
    <ele>1352.7300000000002</ele>
   </trkpt>
   <trkpt lat="42.882290000000005" lon="-0.14274">
    <ele>1355.2700000000002</ele>
   </trkpt>
   <trkpt lat="42.88293" lon="-0.14307">
    <ele>1362.69</ele>
   </trkpt>
   <trkpt lat="42.883010000000006" lon="-0.14302">
    <ele>1362.8600000000001</ele>
   </trkpt>
   <trkpt lat="42.883210000000005" lon="-0.14276">
    <ele>1364.7300000000002</ele>
   </trkpt>
   <trkpt lat="42.88342" lon="-0.14204">
    <ele>1367.28</ele>
   </trkpt>
   <trkpt lat="42.88346000000001" lon="-0.14199">
    <ele>1367.28</ele>
   </trkpt>
   <trkpt lat="42.883590000000005" lon="-0.14196">
    <ele>1367.5600000000002</ele>
   </trkpt>
   <trkpt lat="42.883610000000004" lon="-0.14198000000000002">
    <ele>1368.0500000000002</ele>
   </trkpt>
   <trkpt lat="42.883680000000005" lon="-0.14146">
    <ele>1368.2800000000002</ele>
   </trkpt>
   <trkpt lat="42.883750000000006" lon="-0.14113">
    <ele>1365.5700000000002</ele>
   </trkpt>
   <trkpt lat="42.8838" lon="-0.14099">
    <ele>1360.77</ele>
   </trkpt>
   <trkpt lat="42.883700000000005" lon="-0.14082">
    <ele>1356.41</ele>
   </trkpt>
   <trkpt lat="42.88373000000001" lon="-0.14057">
    <ele>1353.73</ele>
   </trkpt>
   <trkpt lat="42.883970000000005" lon="-0.14002">
    <ele>1345.8700000000001</ele>
   </trkpt>
   <trkpt lat="42.88421" lon="-0.13955">
    <ele>1340.78</ele>
   </trkpt>
   <trkpt lat="42.884350000000005" lon="-0.13916">
    <ele>1334.6200000000001</ele>
   </trkpt>
   <trkpt lat="42.884600000000006" lon="-0.13866">
    <ele>1325.39</ele>
   </trkpt>
   <trkpt lat="42.8849" lon="-0.13827">
    <ele>1322.24</ele>
   </trkpt>
   <trkpt lat="42.88512" lon="-0.13807">
    <ele>1322.15</ele>
   </trkpt>
   <trkpt lat="42.885310000000004" lon="-0.13755">
    <ele>1315.98</ele>
   </trkpt>
   <trkpt lat="42.885310000000004" lon="-0.1373">
    <ele>1313.0300000000002</ele>
   </trkpt>
   <trkpt lat="42.88534000000001" lon="-0.13694">
    <ele>1309.64</ele>
   </trkpt>
   <trkpt lat="42.88539" lon="-0.13677">
    <ele>1308.3300000000002</ele>
   </trkpt>
   <trkpt lat="42.885780000000004" lon="-0.13605">
    <ele>1298.9</ele>
   </trkpt>
   <trkpt lat="42.88586" lon="-0.13585">
    <ele>1298.51</ele>
   </trkpt>
   <trkpt lat="42.885870000000004" lon="-0.13569">
    <ele>1296.7</ele>
   </trkpt>
   <trkpt lat="42.885960000000004" lon="-0.13533">
    <ele>1294.93</ele>
   </trkpt>
   <trkpt lat="42.885940000000005" lon="-0.13532000000000002">
    <ele>1294.8600000000001</ele>
   </trkpt>
   <trkpt lat="42.88591" lon="-0.13523000000000002">
    <ele>1294.72</ele>
   </trkpt>
   <trkpt lat="42.88586" lon="-0.13469">
    <ele>1293.1000000000001</ele>
   </trkpt>
   <trkpt lat="42.885830000000006" lon="-0.13464">
    <ele>1293.1000000000001</ele>
   </trkpt>
   <trkpt lat="42.88595" lon="-0.13367">
    <ele>1289.39</ele>
   </trkpt>
   <trkpt lat="42.886010000000006" lon="-0.13364">
    <ele>1288.9400000000003</ele>
   </trkpt>
   <trkpt lat="42.88606" lon="-0.13358">
    <ele>1288.66</ele>
   </trkpt>
   <trkpt lat="42.88631" lon="-0.13297">
    <ele>1282.8000000000002</ele>
   </trkpt>
   <trkpt lat="42.886480000000006" lon="-0.13261">
    <ele>1280.01</ele>
   </trkpt>
   <trkpt lat="42.886750000000006" lon="-0.13158">
    <ele>1274.9</ele>
   </trkpt>
   <trkpt lat="42.88682" lon="-0.13141">
    <ele>1273.94</ele>
   </trkpt>
   <trkpt lat="42.88703" lon="-0.13119">
    <ele>1272.3500000000001</ele>
   </trkpt>
   <trkpt lat="42.887280000000004" lon="-0.13083">
    <ele>1268.41</ele>
   </trkpt>
   <trkpt lat="42.887370000000004" lon="-0.13064">
    <ele>1267.18</ele>
   </trkpt>
   <trkpt lat="42.88740000000001" lon="-0.1303">
    <ele>1265.1000000000001</ele>
   </trkpt>
   <trkpt lat="42.887480000000004" lon="-0.12991">
    <ele>1264.0500000000002</ele>
   </trkpt>
   <trkpt lat="42.887600000000006" lon="-0.12951000000000001">
    <ele>1263.32</ele>
   </trkpt>
   <trkpt lat="42.88772" lon="-0.12925">
    <ele>1259.3100000000002</ele>
   </trkpt>
   <trkpt lat="42.88797" lon="-0.1288">
    <ele>1252.5600000000002</ele>
   </trkpt>
   <trkpt lat="42.888110000000005" lon="-0.12864">
    <ele>1251.95</ele>
   </trkpt>
   <trkpt lat="42.888180000000006" lon="-0.12853">
    <ele>1250.66</ele>
   </trkpt>
   <trkpt lat="42.888250000000006" lon="-0.12833">
    <ele>1248.63</ele>
   </trkpt>
   <trkpt lat="42.888180000000006" lon="-0.1278">
    <ele>1241.8600000000001</ele>
   </trkpt>
   <trkpt lat="42.88819" lon="-0.12764">
    <ele>1240.1000000000001</ele>
   </trkpt>
   <trkpt lat="42.88826" lon="-0.12728">
    <ele>1236.7400000000002</ele>
   </trkpt>
   <trkpt lat="42.888290000000005" lon="-0.12753">
    <ele>1233.1000000000001</ele>
   </trkpt>
   <trkpt lat="42.88833" lon="-0.12756">
    <ele>1226.41</ele>
   </trkpt>
   <trkpt lat="42.88837" lon="-0.1275">
    <ele>1226.41</ele>
   </trkpt>
   <trkpt lat="42.88848" lon="-0.12722">
    <ele>1219.98</ele>
   </trkpt>
   <trkpt lat="42.88864" lon="-0.12708">
    <ele>1217.14</ele>
   </trkpt>
   <trkpt lat="42.88864" lon="-0.12692">
    <ele>1211.0800000000002</ele>
   </trkpt>
   <trkpt lat="42.888690000000004" lon="-0.12681">
    <ele>1208.4</ele>
   </trkpt>
   <trkpt lat="42.88882" lon="-0.12681">
    <ele>1206.05</ele>
   </trkpt>
   <trkpt lat="42.88888" lon="-0.12669">
    <ele>1201.7600000000002</ele>
   </trkpt>
   <trkpt lat="42.88891" lon="-0.12653">
    <ele>1198.43</ele>
   </trkpt>
   <trkpt lat="42.889" lon="-0.12633">
    <ele>1198.43</ele>
   </trkpt>
   <trkpt lat="42.889100000000006" lon="-0.1265">
    <ele>1191.4900000000002</ele>
   </trkpt>
   <trkpt lat="42.88917" lon="-0.12653">
    <ele>1189.1100000000001</ele>
   </trkpt>
   <trkpt lat="42.88928000000001" lon="-0.12648">
    <ele>1186.45</ele>
   </trkpt>
   <trkpt lat="42.88933" lon="-0.12634">
    <ele>1180.23</ele>
   </trkpt>
   <trkpt lat="42.889340000000004" lon="-0.12617">
    <ele>1177.3600000000001</ele>
   </trkpt>
   <trkpt lat="42.88937000000001" lon="-0.12606">
    <ele>1176.0600000000002</ele>
   </trkpt>
   <trkpt lat="42.889500000000005" lon="-0.12592">
    <ele>1168.5500000000002</ele>
   </trkpt>
   <trkpt lat="42.889590000000005" lon="-0.12573">
    <ele>1166.1000000000001</ele>
   </trkpt>
   <trkpt lat="42.88956" lon="-0.12522">
    <ele>1153.3200000000002</ele>
   </trkpt>
   <trkpt lat="42.889630000000004" lon="-0.12542">
    <ele>1153.3200000000002</ele>
   </trkpt>
   <trkpt lat="42.889630000000004" lon="-0.12553">
    <ele>1149.85</ele>
   </trkpt>
   <trkpt lat="42.88973" lon="-0.12542">
    <ele>1147.46</ele>
   </trkpt>
   <trkpt lat="42.889810000000004" lon="-0.12539">
    <ele>1144.89</ele>
   </trkpt>
   <trkpt lat="42.88987" lon="-0.12542">
    <ele>1140.93</ele>
   </trkpt>
   <trkpt lat="42.88987" lon="-0.1252">
    <ele>1138.4</ele>
   </trkpt>
   <trkpt lat="42.88978" lon="-0.12491000000000001">
    <ele>1131.2600000000002</ele>
   </trkpt>
   <trkpt lat="42.889810000000004" lon="-0.12484">
    <ele>1129.92</ele>
   </trkpt>
   <trkpt lat="42.88991" lon="-0.12480000000000001">
    <ele>1124.1000000000001</ele>
   </trkpt>
   <trkpt lat="42.88996" lon="-0.1247">
    <ele>1124.1000000000001</ele>
   </trkpt>
   <trkpt lat="42.89" lon="-0.12473000000000001">
    <ele>1124.05</ele>
   </trkpt>
   <trkpt lat="42.89003" lon="-0.12473000000000001">
    <ele>1124.05</ele>
   </trkpt>
   <trkpt lat="42.890060000000005" lon="-0.12468000000000001">
    <ele>1124.05</ele>
   </trkpt>
   <trkpt lat="42.89007" lon="-0.12459">
    <ele>1122.65</ele>
   </trkpt>
   <trkpt lat="42.88991" lon="-0.12423000000000001">
    <ele>1120.6299999999999</ele>
   </trkpt>
   <trkpt lat="42.889860000000006" lon="-0.12387000000000001">
    <ele>1119.1</ele>
   </trkpt>
   <trkpt lat="42.88991" lon="-0.12344000000000001">
    <ele>1113.64</ele>
   </trkpt>
   <trkpt lat="42.88993000000001" lon="-0.12295">
    <ele>1109.39</ele>
   </trkpt>
   <trkpt lat="42.889970000000005" lon="-0.1227">
    <ele>1106.3700000000001</ele>
   </trkpt>
   <trkpt lat="42.88996" lon="-0.12240000000000001">
    <ele>1102.0700000000002</ele>
   </trkpt>
   <trkpt lat="42.89" lon="-0.12165000000000001">
    <ele>1095.75</ele>
   </trkpt>
   <trkpt lat="42.88998" lon="-0.12137">
    <ele>1091.52</ele>
   </trkpt>
   <trkpt lat="42.88987" lon="-0.12120000000000002">
    <ele>1088.81</ele>
   </trkpt>
   <trkpt lat="42.88982" lon="-0.12101">
    <ele>1079.73</ele>
   </trkpt>
   <trkpt lat="42.889810000000004" lon="-0.12083">
    <ele>1075.53</ele>
   </trkpt>
   <trkpt lat="42.889880000000005" lon="-0.12073">
    <ele>1066.51</ele>
   </trkpt>
   <trkpt lat="42.890100000000004" lon="-0.12065000000000001">
    <ele>1058.74</ele>
   </trkpt>
   <trkpt lat="42.8903" lon="-0.12061000000000001">
    <ele>1050.54</ele>
   </trkpt>
   <trkpt lat="42.89045" lon="-0.12061000000000001">
    <ele>1044.75</ele>
   </trkpt>
   <trkpt lat="42.89047" lon="-0.12044">
    <ele>1038.15</ele>
   </trkpt>
   <trkpt lat="42.890440000000005" lon="-0.12037">
    <ele>1038.15</ele>
   </trkpt>
   <trkpt lat="42.89043" lon="-0.12029000000000001">
    <ele>1031.83</ele>
   </trkpt>
   <trkpt lat="42.890370000000004" lon="-0.12015">
    <ele>1031.83</ele>
   </trkpt>
   <trkpt lat="42.89038" lon="-0.11997000000000001">
    <ele>1020.3600000000001</ele>
   </trkpt>
   <trkpt lat="42.890330000000006" lon="-0.11986000000000001">
    <ele>1018.2600000000001</ele>
   </trkpt>
   <trkpt lat="42.890260000000005" lon="-0.11979000000000001">
    <ele>1014.27</ele>
   </trkpt>
   <trkpt lat="42.890420000000006" lon="-0.11972000000000001">
    <ele>1007.7200000000001</ele>
   </trkpt>
   <trkpt lat="42.89054" lon="-0.11972000000000001">
    <ele>1004.3000000000002</ele>
   </trkpt>
   <trkpt lat="42.89068" lon="-0.11983">
    <ele>1002.2900000000001</ele>
   </trkpt>
   <trkpt lat="42.89083" lon="-0.11987">
    <ele>998.4100000000001</ele>
   </trkpt>
   <trkpt lat="42.8909" lon="-0.11983">
    <ele>996.53</ele>
   </trkpt>
   <trkpt lat="42.890930000000004" lon="-0.11979000000000001">
    <ele>995.6400000000001</ele>
   </trkpt>
   <trkpt lat="42.8909" lon="-0.11936000000000001">
    <ele>987.3000000000001</ele>
   </trkpt>
   <trkpt lat="42.890820000000005" lon="-0.11911000000000001">
    <ele>984.71</ele>
   </trkpt>
   <trkpt lat="42.89068" lon="-0.11886000000000001">
    <ele>975.5400000000001</ele>
   </trkpt>
   <trkpt lat="42.890530000000005" lon="-0.11850000000000001">
    <ele>968.7</ele>
   </trkpt>
   <trkpt lat="42.89049000000001" lon="-0.11836">
    <ele>966.4200000000001</ele>
   </trkpt>
   <trkpt lat="42.890440000000005" lon="-0.11793000000000001">
    <ele>954.8000000000001</ele>
   </trkpt>
   <trkpt lat="42.89041" lon="-0.11786">
    <ele>954.8000000000001</ele>
   </trkpt>
   <trkpt lat="42.89043" lon="-0.11782000000000001">
    <ele>952.88</ele>
   </trkpt>
   <trkpt lat="42.890390000000004" lon="-0.11725000000000001">
    <ele>945.19</ele>
   </trkpt>
   <trkpt lat="42.89043" lon="-0.11706000000000001">
    <ele>942.85</ele>
   </trkpt>
   <trkpt lat="42.88994" lon="-0.11691000000000001">
    <ele>941.4300000000001</ele>
   </trkpt>
   <trkpt lat="42.88937000000001" lon="-0.11676">
    <ele>938.0200000000001</ele>
   </trkpt>
   <trkpt lat="42.88902" lon="-0.11675">
    <ele>935.97</ele>
   </trkpt>
   <trkpt lat="42.88891" lon="-0.11671000000000001">
    <ele>935.54</ele>
   </trkpt>
   <trkpt lat="42.88861000000001" lon="-0.11644000000000002">
    <ele>934.19</ele>
   </trkpt>
   <trkpt lat="42.888270000000006" lon="-0.11602000000000001">
    <ele>932.5200000000001</ele>
   </trkpt>
   <trkpt lat="42.88821" lon="-0.11607">
    <ele>932.5200000000001</ele>
   </trkpt>
   <trkpt lat="42.88817" lon="-0.11596000000000001">
    <ele>932.32</ele>
   </trkpt>
   <trkpt lat="42.88812" lon="-0.11596000000000001">
    <ele>932.32</ele>
   </trkpt>
   <trkpt lat="42.88808" lon="-0.11593">
    <ele>932.25</ele>
   </trkpt>
   <trkpt lat="42.888070000000006" lon="-0.11585000000000001">
    <ele>932.25</ele>
   </trkpt>
   <trkpt lat="42.888110000000005" lon="-0.11579">
    <ele>932.25</ele>
   </trkpt>
   <trkpt lat="42.888070000000006" lon="-0.11575">
    <ele>932.36</ele>
   </trkpt>
   <trkpt lat="42.88817" lon="-0.11520000000000001">
    <ele>932.22</ele>
   </trkpt>
   <trkpt lat="42.88781" lon="-0.11509000000000001">
    <ele>934.0</ele>
   </trkpt>
   <trkpt lat="42.887820000000005" lon="-0.11501000000000001">
    <ele>934.0</ele>
   </trkpt>
   <trkpt lat="42.88768" lon="-0.11496">
    <ele>934.58</ele>
   </trkpt>
   <trkpt lat="42.88725" lon="-0.11472">
    <ele>935.1300000000001</ele>
   </trkpt>
   <trkpt lat="42.887280000000004" lon="-0.11449000000000001">
    <ele>935.34</ele>
   </trkpt>
   <trkpt lat="42.88739" lon="-0.11409000000000001">
    <ele>936.5000000000001</ele>
   </trkpt>
   <trkpt lat="42.887640000000005" lon="-0.11327000000000001">
    <ele>939.1100000000001</ele>
   </trkpt>
   <trkpt lat="42.88772" lon="-0.11273000000000001">
    <ele>943.85</ele>
   </trkpt>
   <trkpt lat="42.887460000000004" lon="-0.11261000000000002">
    <ele>950.0200000000001</ele>
   </trkpt>
   <trkpt lat="42.88752" lon="-0.11217">
    <ele>961.01</ele>
   </trkpt>
   <trkpt lat="42.88752" lon="-0.11206">
    <ele>968.9000000000001</ele>
   </trkpt>
   <trkpt lat="42.887420000000006" lon="-0.11192">
    <ele>974.94</ele>
   </trkpt>
   <trkpt lat="42.88732" lon="-0.11190000000000001">
    <ele>977.95</ele>
   </trkpt>
   <trkpt lat="42.887330000000006" lon="-0.11181">
    <ele>977.95</ele>
   </trkpt>
   <trkpt lat="42.88729" lon="-0.11177000000000001">
    <ele>981.3100000000001</ele>
   </trkpt>
   <trkpt lat="42.8872" lon="-0.11171">
    <ele>984.9000000000001</ele>
   </trkpt>
   <trkpt lat="42.8872" lon="-0.11167">
    <ele>986.62</ele>
   </trkpt>
   <trkpt lat="42.88727" lon="-0.11163000000000001">
    <ele>989.8000000000001</ele>
   </trkpt>
   <trkpt lat="42.88738" lon="-0.11152000000000001">
    <ele>989.8000000000001</ele>
   </trkpt>
   <trkpt lat="42.887530000000005" lon="-0.11124">
    <ele>1003.19</ele>
   </trkpt>
   <trkpt lat="42.88779" lon="-0.11113">
    <ele>1008.99</ele>
   </trkpt>
   <trkpt lat="42.88778000000001" lon="-0.11103">
    <ele>1013.22</ele>
   </trkpt>
   <trkpt lat="42.88772" lon="-0.11102000000000001">
    <ele>1013.22</ele>
   </trkpt>
   <trkpt lat="42.887600000000006" lon="-0.11088">
    <ele>1017.8900000000002</ele>
   </trkpt>
   <trkpt lat="42.88759" lon="-0.11073000000000001">
    <ele>1021.4000000000001</ele>
   </trkpt>
   <trkpt lat="42.887840000000004" lon="-0.11069000000000001">
    <ele>1024.3500000000001</ele>
   </trkpt>
   <trkpt lat="42.888280000245004" lon="-0.11050500127926347">
    <ele>1026.5900000000001</ele>
   </trkpt>
   <trkpt lat="42.888720000000006" lon="-0.11032000000000002">
    <ele>1028.3600000000001</ele>
   </trkpt>
   <trkpt lat="42.889" lon="-0.11013">
    <ele>1029.0700000000002</ele>
   </trkpt>
   <trkpt lat="42.88949000115039" lon="-0.109590004420469">
    <ele>1032.19</ele>
   </trkpt>
   <trkpt lat="42.88998" lon="-0.10905000000000001">
    <ele>1033.94</ele>
   </trkpt>
   <trkpt lat="42.89031000094612" lon="-0.10858500248055739">
    <ele>1035.2100000000003</ele>
   </trkpt>
   <trkpt lat="42.890640000000005" lon="-0.10812000000000001">
    <ele>1037.3600000000001</ele>
   </trkpt>
   <trkpt lat="42.89087000000001" lon="-0.10791">
    <ele>1038.3</ele>
   </trkpt>
   <trkpt lat="42.891200000000005" lon="-0.10784">
    <ele>1039.35</ele>
   </trkpt>
   <trkpt lat="42.89139" lon="-0.10759">
    <ele>1040.52</ele>
   </trkpt>
   <trkpt lat="42.89141" lon="-0.10751000000000001">
    <ele>1040.52</ele>
   </trkpt>
   <trkpt lat="42.891400000000004" lon="-0.10737000000000001">
    <ele>1041.1000000000001</ele>
   </trkpt>
   <trkpt lat="42.891420000000004" lon="-0.10726000000000001">
    <ele>1041.45</ele>
   </trkpt>
   <trkpt lat="42.89148" lon="-0.10723">
    <ele>1041.45</ele>
   </trkpt>
   <trkpt lat="42.891650000000006" lon="-0.10723">
    <ele>1042.37</ele>
   </trkpt>
   <trkpt lat="42.891890000000004" lon="-0.10712">
    <ele>1043.67</ele>
   </trkpt>
   <trkpt lat="42.892" lon="-0.10713">
    <ele>1044.07</ele>
   </trkpt>
   <trkpt lat="42.892230000000005" lon="-0.1073">
    <ele>1045.0600000000002</ele>
   </trkpt>
   <trkpt lat="42.89235" lon="-0.1073">
    <ele>1045.5800000000002</ele>
   </trkpt>
   <trkpt lat="42.89265" lon="-0.10719000000000001">
    <ele>1045.23</ele>
   </trkpt>
   <trkpt lat="42.89274" lon="-0.10713">
    <ele>1045.18</ele>
   </trkpt>
   <trkpt lat="42.892990000000005" lon="-0.10669000000000001">
    <ele>1045.0400000000002</ele>
   </trkpt>
   <trkpt lat="42.893150000000006" lon="-0.10634">
    <ele>1042.78</ele>
   </trkpt>
   <trkpt lat="42.89316" lon="-0.10626000000000001">
    <ele>1042.78</ele>
   </trkpt>
   <trkpt lat="42.89303" lon="-0.10590000000000001">
    <ele>1041.8500000000001</ele>
   </trkpt>
   <trkpt lat="42.892970000000005" lon="-0.10562">
    <ele>1042.1200000000001</ele>
   </trkpt>
   <trkpt lat="42.893" lon="-0.10554000000000001">
    <ele>1042.14</ele>
   </trkpt>
   <trkpt lat="42.893080000000005" lon="-0.10552">
    <ele>1042.1100000000001</ele>
   </trkpt>
   <trkpt lat="42.89323" lon="-0.10551">
    <ele>1041.69</ele>
   </trkpt>
   <trkpt lat="42.89347" lon="-0.10537">
    <ele>1041.5100000000002</ele>
   </trkpt>
   <trkpt lat="42.89396000000001" lon="-0.10537">
    <ele>1044.7000000000003</ele>
   </trkpt>
   <trkpt lat="42.89452" lon="-0.10540000000000001">
    <ele>1039.73</ele>
   </trkpt>
   <trkpt lat="42.894650000000006" lon="-0.10540000000000001">
    <ele>1039.35</ele>
   </trkpt>
   <trkpt lat="42.89477" lon="-0.1053">
    <ele>1040.33</ele>
   </trkpt>
   <trkpt lat="42.89512500116013" lon="-0.1047800030176577">
    <ele>1047.7</ele>
   </trkpt>
   <trkpt lat="42.895480000000006" lon="-0.10426">
    <ele>1051.6000000000001</ele>
   </trkpt>
   <trkpt lat="42.8956" lon="-0.10415">
    <ele>1053.52</ele>
   </trkpt>
   <trkpt lat="42.89618" lon="-0.10376">
    <ele>1057.48</ele>
   </trkpt>
   <trkpt lat="42.89621" lon="-0.10372">
    <ele>1058.9700000000003</ele>
   </trkpt>
   <trkpt lat="42.89621" lon="-0.10366">
    <ele>1058.9700000000003</ele>
   </trkpt>
   <trkpt lat="42.89614" lon="-0.10365">
    <ele>1059.7800000000002</ele>
   </trkpt>
   <trkpt lat="42.89558" lon="-0.10388000000000001">
    <ele>1064.5900000000001</ele>
   </trkpt>
   <trkpt lat="42.895050000000005" lon="-0.10415">
    <ele>1069.88</ele>
   </trkpt>
   <trkpt lat="42.89471" lon="-0.10419">
    <ele>1071.8500000000001</ele>
   </trkpt>
   <trkpt lat="42.894090000000006" lon="-0.10454000000000001">
    <ele>1079.46</ele>
   </trkpt>
   <trkpt lat="42.89401" lon="-0.10454000000000001">
    <ele>1079.46</ele>
   </trkpt>
   <trkpt lat="42.89397" lon="-0.10450000000000001">
    <ele>1080.68</ele>
   </trkpt>
   <trkpt lat="42.89399" lon="-0.10443000000000001">
    <ele>1080.68</ele>
   </trkpt>
   <trkpt lat="42.894540000000006" lon="-0.10383">
    <ele>1091.0300000000002</ele>
   </trkpt>
   <trkpt lat="42.895050000000005" lon="-0.10347">
    <ele>1100.18</ele>
   </trkpt>
   <trkpt lat="42.895450000000004" lon="-0.10315">
    <ele>1105.97</ele>
   </trkpt>
   <trkpt lat="42.89582" lon="-0.10270000000000001">
    <ele>1115.3600000000001</ele>
   </trkpt>
   <trkpt lat="42.895950000000006" lon="-0.10237">
    <ele>1118.2500000000002</ele>
   </trkpt>
   <trkpt lat="42.89631000000001" lon="-0.10222">
    <ele>1125.8300000000002</ele>
   </trkpt>
   <trkpt lat="42.89681" lon="-0.10218">
    <ele>1133.19</ele>
   </trkpt>
   <trkpt lat="42.896860000000004" lon="-0.10214000000000001">
    <ele>1133.82</ele>
   </trkpt>
   <trkpt lat="42.89685" lon="-0.10207000000000001">
    <ele>1134.38</ele>
   </trkpt>
   <trkpt lat="42.896750000000004" lon="-0.10200000000000001">
    <ele>1135.38</ele>
   </trkpt>
   <trkpt lat="42.89659" lon="-0.10204">
    <ele>1137.5300000000002</ele>
   </trkpt>
   <trkpt lat="42.89649" lon="-0.10200000000000001">
    <ele>1138.0</ele>
   </trkpt>
   <trkpt lat="42.896300000000004" lon="-0.10189000000000001">
    <ele>1140.03</ele>
   </trkpt>
   <trkpt lat="42.896170000000005" lon="-0.10187">
    <ele>1141.6399999999999</ele>
   </trkpt>
   <trkpt lat="42.89573" lon="-0.10197">
    <ele>1148.49</ele>
   </trkpt>
   <trkpt lat="42.895520000000005" lon="-0.10205">
    <ele>1150.42</ele>
   </trkpt>
   <trkpt lat="42.89537000000001" lon="-0.10214000000000001">
    <ele>1150.42</ele>
   </trkpt>
   <trkpt lat="42.89515" lon="-0.10243000000000001">
    <ele>1153.66</ele>
   </trkpt>
   <trkpt lat="42.895" lon="-0.10250000000000001">
    <ele>1159.49</ele>
   </trkpt>
   <trkpt lat="42.894510000000004" lon="-0.10249000000000001">
    <ele>1162.14</ele>
   </trkpt>
   <trkpt lat="42.89414" lon="-0.10254">
    <ele>1166.5500000000002</ele>
   </trkpt>
   <trkpt lat="42.8941" lon="-0.10250000000000001">
    <ele>1167.0900000000001</ele>
   </trkpt>
   <trkpt lat="42.894090000000006" lon="-0.10243000000000001">
    <ele>1168.0900000000001</ele>
   </trkpt>
   <trkpt lat="42.89415" lon="-0.10237">
    <ele>1168.0900000000001</ele>
   </trkpt>
   <trkpt lat="42.894600000000004" lon="-0.10222">
    <ele>1174.08</ele>
   </trkpt>
   <trkpt lat="42.894760000000005" lon="-0.10214000000000001">
    <ele>1176.94</ele>
   </trkpt>
   <trkpt lat="42.89488" lon="-0.10204">
    <ele>1176.94</ele>
   </trkpt>
   <trkpt lat="42.895100000000006" lon="-0.10175000000000001">
    <ele>1182.41</ele>
   </trkpt>
   <trkpt lat="42.895250000000004" lon="-0.10151">
    <ele>1183.99</ele>
   </trkpt>
   <trkpt lat="42.89542" lon="-0.10146000000000001">
    <ele>1185.44</ele>
   </trkpt>
   <trkpt lat="42.89567" lon="-0.10143">
    <ele>1187.93</ele>
   </trkpt>
   <trkpt lat="42.89573" lon="-0.10139000000000001">
    <ele>1188.82</ele>
   </trkpt>
   <trkpt lat="42.89582" lon="-0.10126">
    <ele>1189.7900000000002</ele>
   </trkpt>
   <trkpt lat="42.895950000000006" lon="-0.10096000000000001">
    <ele>1193.64</ele>
   </trkpt>
   <trkpt lat="42.896040000000006" lon="-0.10082">
    <ele>1194.73</ele>
   </trkpt>
   <trkpt lat="42.89627" lon="-0.10075">
    <ele>1197.27</ele>
   </trkpt>
   <trkpt lat="42.896800000000006" lon="-0.10036">
    <ele>1204.55</ele>
   </trkpt>
   <trkpt lat="42.89707000000001" lon="-0.10025">
    <ele>1208.29</ele>
   </trkpt>
   <trkpt lat="42.897490000000005" lon="-0.10014">
    <ele>1215.91</ele>
   </trkpt>
   <trkpt lat="42.89757" lon="-0.10011">
    <ele>1215.91</ele>
   </trkpt>
   <trkpt lat="42.89768" lon="-0.10014">
    <ele>1217.5900000000001</ele>
   </trkpt>
   <trkpt lat="42.89777" lon="-0.10007">
    <ele>1218.2</ele>
   </trkpt>
   <trkpt lat="42.89806" lon="-0.09958">
    <ele>1226.23</ele>
   </trkpt>
   <trkpt lat="42.898430000000005" lon="-0.09868">
    <ele>1237.5500000000002</ele>
   </trkpt>
   <trkpt lat="42.89875000000001" lon="-0.09813000000000001">
    <ele>1243.5800000000002</ele>
   </trkpt>
   <trkpt lat="42.89929" lon="-0.09732">
    <ele>1250.07</ele>
   </trkpt>
   <trkpt lat="42.89931000000001" lon="-0.09729">
    <ele>1250.07</ele>
   </trkpt>
   <trkpt lat="42.899280000000005" lon="-0.09724000000000001">
    <ele>1250.73</ele>
   </trkpt>
   <trkpt lat="42.899240000000006" lon="-0.09724000000000001">
    <ele>1251.1100000000001</ele>
   </trkpt>
   <trkpt lat="42.898850000285684" lon="-0.0975550021103827">
    <ele>1254.2300000000002</ele>
   </trkpt>
   <trkpt lat="42.89846" lon="-0.09787000000000001">
    <ele>1259.48</ele>
   </trkpt>
   <trkpt lat="42.898760006637886" lon="-0.0969966751651681">
    <ele>1264.31</ele>
   </trkpt>
   <trkpt lat="42.89906000663784" lon="-0.09612334183210584">
    <ele>1319.4</ele>
   </trkpt>
   <trkpt lat="42.89936" lon="-0.09525">
    <ele>1319.4</ele>
   </trkpt>
   <trkpt lat="42.89936" lon="-0.09517">
    <ele>1325.8400000000001</ele>
   </trkpt>
   <trkpt lat="42.899210000000004" lon="-0.09484000000000001">
    <ele>1328.9</ele>
   </trkpt>
   <trkpt lat="42.89918" lon="-0.09463">
    <ele>1330.93</ele>
   </trkpt>
   <trkpt lat="42.8992" lon="-0.09449">
    <ele>1333.47</ele>
   </trkpt>
   <trkpt lat="42.89945" lon="-0.09395">
    <ele>1340.26</ele>
   </trkpt>
   <trkpt lat="42.89952" lon="-0.09352">
    <ele>1343.7</ele>
   </trkpt>
   <trkpt lat="42.89954" lon="-0.09316">
    <ele>1346.15</ele>
   </trkpt>
   <trkpt lat="42.899530000000006" lon="-0.09255000000000001">
    <ele>1350.47</ele>
   </trkpt>
   <trkpt lat="42.899570000000004" lon="-0.09198">
    <ele>1356.42</ele>
   </trkpt>
   <trkpt lat="42.89956" lon="-0.09184">
    <ele>1356.91</ele>
   </trkpt>
   <trkpt lat="42.899440000000006" lon="-0.09135">
    <ele>1359.7100000000003</ele>
   </trkpt>
   <trkpt lat="42.89947" lon="-0.09116">
    <ele>1363.2000000000003</ele>
   </trkpt>
   <trkpt lat="42.89959" lon="-0.09099">
    <ele>1363.2000000000003</ele>
   </trkpt>
   <trkpt lat="42.89960000000001" lon="-0.09077">
    <ele>1365.52</ele>
   </trkpt>
   <trkpt lat="42.89956" lon="-0.09055">
    <ele>1367.2000000000003</ele>
   </trkpt>
   <trkpt lat="42.8995" lon="-0.09040000000000001">
    <ele>1368.71</ele>
   </trkpt>
   <trkpt lat="42.899480000000004" lon="-0.09046000000000001">
    <ele>1370.88</ele>
   </trkpt>
   <trkpt lat="42.899480000000004" lon="-0.09050000000000001">
    <ele>1371.21</ele>
   </trkpt>
   <trkpt lat="42.89943" lon="-0.09050000000000001">
    <ele>1373.04</ele>
   </trkpt>
   <trkpt lat="42.8994" lon="-0.09006">
    <ele>1378.0100000000002</ele>
   </trkpt>
   <trkpt lat="42.89936" lon="-0.08981">
    <ele>1383.4</ele>
   </trkpt>
   <trkpt lat="42.89911" lon="-0.08869">
    <ele>1418.8700000000001</ele>
   </trkpt>
   <trkpt lat="42.89894" lon="-0.08929000000000001">
    <ele>1421.39</ele>
   </trkpt>
   <trkpt lat="42.89878" lon="-0.08903000000000001">
    <ele>1434.14</ele>
   </trkpt>
   <trkpt lat="42.898680000000006" lon="-0.08935000000000001">
    <ele>1439.71</ele>
   </trkpt>
   <trkpt lat="42.89862" lon="-0.08934">
    <ele>1444.66</ele>
   </trkpt>
   <trkpt lat="42.89862" lon="-0.08940000000000001">
    <ele>1438.1000000000001</ele>
   </trkpt>
   <trkpt lat="42.89857000000001" lon="-0.08948">
    <ele>1439.01</ele>
   </trkpt>
   <trkpt lat="42.898540000000004" lon="-0.08938">
    <ele>1440.6100000000001</ele>
   </trkpt>
   <trkpt lat="42.89853" lon="-0.08886000000000001">
    <ele>1446.2400000000002</ele>
   </trkpt>
   <trkpt lat="42.89847" lon="-0.08855">
    <ele>1451.1900000000003</ele>
   </trkpt>
   <trkpt lat="42.898410000000005" lon="-0.08854000000000001">
    <ele>1451.1900000000003</ele>
   </trkpt>
   <trkpt lat="42.89835" lon="-0.08863">
    <ele>1453.8500000000001</ele>
   </trkpt>
   <trkpt lat="42.89833" lon="-0.08886000000000001">
    <ele>1458.79</ele>
   </trkpt>
   <trkpt lat="42.898270000000004" lon="-0.08904000000000001">
    <ele>1459.72</ele>
   </trkpt>
   <trkpt lat="42.898230000000005" lon="-0.08894">
    <ele>1461.44</ele>
   </trkpt>
   <trkpt lat="42.8982" lon="-0.08862">
    <ele>1467.44</ele>
   </trkpt>
   <trkpt lat="42.898250000000004" lon="-0.08826">
    <ele>1470.79</ele>
   </trkpt>
   <trkpt lat="42.89818" lon="-0.08802">
    <ele>1471.38</ele>
   </trkpt>
   <trkpt lat="42.898210000000006" lon="-0.08793000000000001">
    <ele>1474.11</ele>
   </trkpt>
   <trkpt lat="42.89829" lon="-0.08779">
    <ele>1475.2500000000002</ele>
   </trkpt>
   <trkpt lat="42.898450000000004" lon="-0.0874">
    <ele>1480.5000000000002</ele>
   </trkpt>
   <trkpt lat="42.898450000000004" lon="-0.08732000000000001">
    <ele>1480.5000000000002</ele>
   </trkpt>
   <trkpt lat="42.89837000000001" lon="-0.08715">
    <ele>1483.71</ele>
   </trkpt>
   <trkpt lat="42.898" lon="-0.08668000000000001">
    <ele>1492.8100000000002</ele>
   </trkpt>
   <trkpt lat="42.897890000000004" lon="-0.08650000000000001">
    <ele>1496.3600000000001</ele>
   </trkpt>
   <trkpt lat="42.897690000000004" lon="-0.08636">
    <ele>1501.46</ele>
   </trkpt>
   <trkpt lat="42.89752" lon="-0.08608">
    <ele>1506.4700000000003</ele>
   </trkpt>
   <trkpt lat="42.89746" lon="-0.08578000000000001">
    <ele>1509.18</ele>
   </trkpt>
   <trkpt lat="42.89759" lon="-0.08548">
    <ele>1512.99</ele>
   </trkpt>
   <trkpt lat="42.89766" lon="-0.08536">
    <ele>1516.8400000000001</ele>
   </trkpt>
   <trkpt lat="42.89779" lon="-0.08521000000000001">
    <ele>1520.34</ele>
   </trkpt>
   <trkpt lat="42.897980000000004" lon="-0.08503000000000001">
    <ele>1524.1200000000001</ele>
   </trkpt>
   <trkpt lat="42.898070000000004" lon="-0.0848">
    <ele>1526.72</ele>
   </trkpt>
   <trkpt lat="42.898010000000006" lon="-0.08475">
    <ele>1530.8799999999999</ele>
   </trkpt>
   <trkpt lat="42.89781000000001" lon="-0.08493">
    <ele>1534.8799999999999</ele>
   </trkpt>
   <trkpt lat="42.8977" lon="-0.08493">
    <ele>1537.0</ele>
   </trkpt>
   <trkpt lat="42.89768" lon="-0.08485000000000001">
    <ele>1537.0</ele>
   </trkpt>
   <trkpt lat="42.897710000000004" lon="-0.08474000000000001">
    <ele>1540.28</ele>
   </trkpt>
   <trkpt lat="42.897740000000006" lon="-0.0844">
    <ele>1543.0600000000002</ele>
   </trkpt>
   <trkpt lat="42.89772000000001" lon="-0.08414">
    <ele>1549.32</ele>
   </trkpt>
   <trkpt lat="42.897740000000006" lon="-0.08399000000000001">
    <ele>1551.2100000000003</ele>
   </trkpt>
   <trkpt lat="42.89779" lon="-0.0839">
    <ele>1555.1100000000001</ele>
   </trkpt>
   <trkpt lat="42.897940000000006" lon="-0.08379">
    <ele>1556.98</ele>
   </trkpt>
   <trkpt lat="42.89795" lon="-0.08365">
    <ele>1559.3400000000001</ele>
   </trkpt>
   <trkpt lat="42.89790000000001" lon="-0.08343">
    <ele>1563.29</ele>
   </trkpt>
   <trkpt lat="42.897920000000006" lon="-0.08328">
    <ele>1563.29</ele>
   </trkpt>
   <trkpt lat="42.89791" lon="-0.08321">
    <ele>1563.29</ele>
   </trkpt>
   <trkpt lat="42.897870000000005" lon="-0.08319">
    <ele>1563.29</ele>
   </trkpt>
   <trkpt lat="42.89772000000001" lon="-0.08324000000000001">
    <ele>1567.0700000000002</ele>
   </trkpt>
   <trkpt lat="42.89762" lon="-0.08332">
    <ele>1568.3</ele>
   </trkpt>
   <trkpt lat="42.897510000000004" lon="-0.08349000000000001">
    <ele>1569.9</ele>
   </trkpt>
   <trkpt lat="42.897420000000004" lon="-0.08354">
    <ele>1571.8</ele>
   </trkpt>
   <trkpt lat="42.89732" lon="-0.08354">
    <ele>1572.3100000000002</ele>
   </trkpt>
   <trkpt lat="42.89715" lon="-0.08361">
    <ele>1574.0500000000002</ele>
   </trkpt>
   <trkpt lat="42.897000000000006" lon="-0.08378000000000001">
    <ele>1577.5800000000002</ele>
   </trkpt>
   <trkpt lat="42.89696" lon="-0.08379">
    <ele>1577.5800000000002</ele>
   </trkpt>
   <trkpt lat="42.89694" lon="-0.08374000000000001">
    <ele>1577.96</ele>
   </trkpt>
   <trkpt lat="42.897020000000005" lon="-0.08346">
    <ele>1579.53</ele>
   </trkpt>
   <trkpt lat="42.897090000000006" lon="-0.08332">
    <ele>1581.91</ele>
   </trkpt>
   <trkpt lat="42.89728" lon="-0.08306000000000001">
    <ele>1584.7600000000002</ele>
   </trkpt>
   <trkpt lat="42.897380000000005" lon="-0.08296">
    <ele>1586.1000000000001</ele>
   </trkpt>
   <trkpt lat="42.897740000000006" lon="-0.08268">
    <ele>1594.03</ele>
   </trkpt>
   <trkpt lat="42.897940000000006" lon="-0.08229">
    <ele>1597.67</ele>
   </trkpt>
   <trkpt lat="42.897960000000005" lon="-0.08222">
    <ele>1598.16</ele>
   </trkpt>
   <trkpt lat="42.897940000000006" lon="-0.08217">
    <ele>1599.29</ele>
   </trkpt>
   <trkpt lat="42.89790000000001" lon="-0.08216000000000001">
    <ele>1599.29</ele>
   </trkpt>
   <trkpt lat="42.89782" lon="-0.08221">
    <ele>1601.0300000000002</ele>
   </trkpt>
   <trkpt lat="42.89772000000001" lon="-0.08217">
    <ele>1603.8100000000002</ele>
   </trkpt>
   <trkpt lat="42.897670000000005" lon="-0.08222">
    <ele>1603.8100000000002</ele>
   </trkpt>
   <trkpt lat="42.897670000000005" lon="-0.08231000000000001">
    <ele>1605.5700000000002</ele>
   </trkpt>
   <trkpt lat="42.89763000000001" lon="-0.08235">
    <ele>1606.3600000000001</ele>
   </trkpt>
   <trkpt lat="42.89744" lon="-0.08239">
    <ele>1609.3300000000002</ele>
   </trkpt>
   <trkpt lat="42.89678000000001" lon="-0.08267000000000001">
    <ele>1615.2300000000002</ele>
   </trkpt>
   <trkpt lat="42.896150000000006" lon="-0.08306000000000001">
    <ele>1624.39</ele>
   </trkpt>
   <trkpt lat="42.896040000000006" lon="-0.08306000000000001">
    <ele>1627.01</ele>
   </trkpt>
   <trkpt lat="42.895970000000005" lon="-0.08303">
    <ele>1628.26</ele>
   </trkpt>
   <trkpt lat="42.895860000000006" lon="-0.08285000000000001">
    <ele>1629.4</ele>
   </trkpt>
   <trkpt lat="42.895880000000005" lon="-0.08267000000000001">
    <ele>1631.55</ele>
   </trkpt>
   <trkpt lat="42.89618" lon="-0.08228">
    <ele>1636.1000000000001</ele>
   </trkpt>
   <trkpt lat="42.8962" lon="-0.08221">
    <ele>1640.4</ele>
   </trkpt>
   <trkpt lat="42.896170000000005" lon="-0.08186">
    <ele>1641.7700000000002</ele>
   </trkpt>
   <trkpt lat="42.89618" lon="-0.08161">
    <ele>1644.42</ele>
   </trkpt>
   <trkpt lat="42.896080000000005" lon="-0.08132">
    <ele>1649.92</ele>
   </trkpt>
   <trkpt lat="42.896040000000006" lon="-0.08107">
    <ele>1652.46</ele>
   </trkpt>
   <trkpt lat="42.89603" lon="-0.08082">
    <ele>1655.21</ele>
   </trkpt>
   <trkpt lat="42.896" lon="-0.08061">
    <ele>1658.2500000000002</ele>
   </trkpt>
   <trkpt lat="42.895880000000005" lon="-0.08046">
    <ele>1660.2700000000002</ele>
   </trkpt>
   <trkpt lat="42.89582" lon="-0.08022">
    <ele>1660.2700000000002</ele>
   </trkpt>
   <trkpt lat="42.89578" lon="-0.08018">
    <ele>1660.2700000000002</ele>
   </trkpt>
   <trkpt lat="42.89576" lon="-0.0801">
    <ele>1666.5800000000002</ele>
   </trkpt>
   <trkpt lat="42.89576" lon="-0.07985">
    <ele>1666.5800000000002</ele>
   </trkpt>
   <trkpt lat="42.89594" lon="-0.07957">
    <ele>1671.63</ele>
   </trkpt>
   <trkpt lat="42.895950000000006" lon="-0.07946">
    <ele>1672.3300000000002</ele>
   </trkpt>
   <trkpt lat="42.89594" lon="-0.07932">
    <ele>1674.3400000000001</ele>
   </trkpt>
   <trkpt lat="42.89616" lon="-0.07914">
    <ele>1680.02</ele>
   </trkpt>
   <trkpt lat="42.89621" lon="-0.07903">
    <ele>1680.02</ele>
   </trkpt>
   <trkpt lat="42.8962" lon="-0.07899">
    <ele>1680.8</ele>
   </trkpt>
   <trkpt lat="42.89623" lon="-0.07882">
    <ele>1681.52</ele>
   </trkpt>
   <trkpt lat="42.89629" lon="-0.07864">
    <ele>1686.2100000000003</ele>
   </trkpt>
   <trkpt lat="42.896330000000006" lon="-0.07856">
    <ele>1686.2100000000003</ele>
   </trkpt>
   <trkpt lat="42.89636" lon="-0.07853">
    <ele>1686.2100000000003</ele>
   </trkpt>
   <trkpt lat="42.89645" lon="-0.07832">
    <ele>1687.48</ele>
   </trkpt>
   <trkpt lat="42.89669000000001" lon="-0.07795">
    <ele>1693.19</ele>
   </trkpt>
   <trkpt lat="42.89669000000001" lon="-0.07792">
    <ele>1695.3300000000002</ele>
   </trkpt>
   <trkpt lat="42.8962" lon="-0.07806">
    <ele>1703.54</ele>
   </trkpt>
   <trkpt lat="42.89596" lon="-0.0781">
    <ele>1705.5300000000002</ele>
   </trkpt>
   <trkpt lat="42.895860000000006" lon="-0.0781">
    <ele>1708.0900000000001</ele>
   </trkpt>
   <trkpt lat="42.89582" lon="-0.07814">
    <ele>1708.0900000000001</ele>
   </trkpt>
   <trkpt lat="42.89575000000001" lon="-0.07813">
    <ele>1708.0900000000001</ele>
   </trkpt>
   <trkpt lat="42.89569" lon="-0.07817">
    <ele>1710.7800000000002</ele>
   </trkpt>
   <trkpt lat="42.89564" lon="-0.07817">
    <ele>1710.7800000000002</ele>
   </trkpt>
   <trkpt lat="42.89542" lon="-0.07839">
    <ele>1714.74</ele>
   </trkpt>
   <trkpt lat="42.89515" lon="-0.0786">
    <ele>1719.1100000000001</ele>
   </trkpt>
   <trkpt lat="42.89493" lon="-0.07882">
    <ele>1725.89</ele>
   </trkpt>
   <trkpt lat="42.89491" lon="-0.07880000000000001">
    <ele>1725.89</ele>
   </trkpt>
   <trkpt lat="42.89502" lon="-0.07828">
    <ele>1732.43</ele>
   </trkpt>
   <trkpt lat="42.89508" lon="-0.07814">
    <ele>1735.3500000000001</ele>
   </trkpt>
   <trkpt lat="42.895140000000005" lon="-0.07785">
    <ele>1738.13</ele>
   </trkpt>
   <trkpt lat="42.89526" lon="-0.07746">
    <ele>1741.72</ele>
   </trkpt>
   <trkpt lat="42.89531" lon="-0.07746">
    <ele>1741.72</ele>
   </trkpt>
   <trkpt lat="42.895630000000004" lon="-0.07699">
    <ele>1751.17</ele>
   </trkpt>
   <trkpt lat="42.89578" lon="-0.07667">
    <ele>1753.9900000000002</ele>
   </trkpt>
   <trkpt lat="42.895900000000005" lon="-0.07649">
    <ele>1757.91</ele>
   </trkpt>
   <trkpt lat="42.895970000000005" lon="-0.07645">
    <ele>1759.53</ele>
   </trkpt>
   <trkpt lat="42.89613000000001" lon="-0.07627">
    <ele>1763.8400000000001</ele>
   </trkpt>
   <trkpt lat="42.896190000000004" lon="-0.07624">
    <ele>1763.8400000000001</ele>
   </trkpt>
   <trkpt lat="42.896620000000006" lon="-0.07567">
    <ele>1771.9900000000002</ele>
   </trkpt>
   <trkpt lat="42.89660000000001" lon="-0.07567">
    <ele>1771.9900000000002</ele>
   </trkpt>
   <trkpt lat="42.89621" lon="-0.07578">
    <ele>1779.44</ele>
   </trkpt>
   <trkpt lat="42.89565" lon="-0.07592">
    <ele>1788.85</ele>
   </trkpt>
   <trkpt lat="42.89556" lon="-0.07599">
    <ele>1789.56</ele>
   </trkpt>
   <trkpt lat="42.895540000000004" lon="-0.07595">
    <ele>1791.0500000000002</ele>
   </trkpt>
   <trkpt lat="42.89576" lon="-0.07574">
    <ele>1794.73</ele>
   </trkpt>
   <trkpt lat="42.89593000000001" lon="-0.07541">
    <ele>1799.71</ele>
   </trkpt>
   <trkpt lat="42.89632" lon="-0.07491">
    <ele>1811.23</ele>
   </trkpt>
   <trkpt lat="42.896420000000006" lon="-0.07484">
    <ele>1811.23</ele>
   </trkpt>
   <trkpt lat="42.89645" lon="-0.07481">
    <ele>1811.95</ele>
   </trkpt>
   <trkpt lat="42.89631000000001" lon="-0.07481">
    <ele>1814.45</ele>
   </trkpt>
   <trkpt lat="42.89607" lon="-0.07487">
    <ele>1817.13</ele>
   </trkpt>
   <trkpt lat="42.895590000000006" lon="-0.07509">
    <ele>1824.99</ele>
   </trkpt>
   <trkpt lat="42.89542" lon="-0.07523">
    <ele>1828.5700000000002</ele>
   </trkpt>
   <trkpt lat="42.89542" lon="-0.0752">
    <ele>1829.2400000000002</ele>
   </trkpt>
   <trkpt lat="42.895570000000006" lon="-0.07495">
    <ele>1832.91</ele>
   </trkpt>
   <trkpt lat="42.895720000000004" lon="-0.07477">
    <ele>1834.1900000000003</ele>
   </trkpt>
   <trkpt lat="42.895970000000005" lon="-0.07441">
    <ele>1841.0900000000001</ele>
   </trkpt>
   <trkpt lat="42.896280000000004" lon="-0.07405">
    <ele>1845.93</ele>
   </trkpt>
   <trkpt lat="42.89636" lon="-0.07398">
    <ele>1847.44</ele>
   </trkpt>
   <trkpt lat="42.896390000000004" lon="-0.07391">
    <ele>1848.2800000000002</ele>
   </trkpt>
   <trkpt lat="42.89641" lon="-0.07384">
    <ele>1848.2800000000002</ele>
   </trkpt>
   <trkpt lat="42.896440000000005" lon="-0.0738">
    <ele>1852.27</ele>
   </trkpt>
   <trkpt lat="42.89658" lon="-0.07373">
    <ele>1853.01</ele>
   </trkpt>
   <trkpt lat="42.89659" lon="-0.0737">
    <ele>1853.66</ele>
   </trkpt>
   <trkpt lat="42.896420000000006" lon="-0.0737">
    <ele>1855.8700000000001</ele>
   </trkpt>
   <trkpt lat="42.89627" lon="-0.07377">
    <ele>1858.7000000000003</ele>
   </trkpt>
   <trkpt lat="42.89625" lon="-0.07373">
    <ele>1858.7000000000003</ele>
   </trkpt>
   <trkpt lat="42.89629" lon="-0.07366">
    <ele>1859.3700000000001</ele>
   </trkpt>
   <trkpt lat="42.89640000000001" lon="-0.07359">
    <ele>1861.2700000000002</ele>
   </trkpt>
   <trkpt lat="42.8965" lon="-0.07345">
    <ele>1862.63</ele>
   </trkpt>
   <trkpt lat="42.89674" lon="-0.07345">
    <ele>1868.2900000000002</ele>
   </trkpt>
   <trkpt lat="42.89688" lon="-0.07337">
    <ele>1871.72</ele>
   </trkpt>
   <trkpt lat="42.89678000000001" lon="-0.07327">
    <ele>1875.5900000000001</ele>
   </trkpt>
   <trkpt lat="42.896660000000004" lon="-0.0732">
    <ele>1878.0500000000002</ele>
   </trkpt>
   <trkpt lat="42.896570000000004" lon="-0.07309">
    <ele>1882.42</ele>
   </trkpt>
   <trkpt lat="42.89643" lon="-0.07312">
    <ele>1885.15</ele>
   </trkpt>
   <trkpt lat="42.896440000000005" lon="-0.07309">
    <ele>1885.15</ele>
   </trkpt>
   <trkpt lat="42.896550000000005" lon="-0.07298">
    <ele>1886.57</ele>
   </trkpt>
   <trkpt lat="42.8967" lon="-0.07291">
    <ele>1889.69</ele>
   </trkpt>
   <trkpt lat="42.89694" lon="-0.07295">
    <ele>1893.65</ele>
   </trkpt>
   <trkpt lat="42.896950000000004" lon="-0.07294">
    <ele>1893.65</ele>
   </trkpt>
   <trkpt lat="42.896820000000005" lon="-0.07284">
    <ele>1895.28</ele>
   </trkpt>
   <trkpt lat="42.89676" lon="-0.07274">
    <ele>1898.0800000000002</ele>
   </trkpt>
   <trkpt lat="42.896640000000005" lon="-0.07266">
    <ele>1898.0800000000002</ele>
   </trkpt>
   <trkpt lat="42.89641" lon="-0.07277">
    <ele>1901.48</ele>
   </trkpt>
   <trkpt lat="42.89634" lon="-0.07277">
    <ele>1903.5400000000002</ele>
   </trkpt>
   <trkpt lat="42.89634" lon="-0.07273">
    <ele>1903.5400000000002</ele>
   </trkpt>
   <trkpt lat="42.8965" lon="-0.07255">
    <ele>1906.5900000000001</ele>
   </trkpt>
   <trkpt lat="42.89668" lon="-0.07244">
    <ele>1908.8</ele>
   </trkpt>
   <trkpt lat="42.89676" lon="-0.07248">
    <ele>1910.3100000000002</ele>
   </trkpt>
   <trkpt lat="42.89685" lon="-0.07248">
    <ele>1911.2000000000003</ele>
   </trkpt>
   <trkpt lat="42.89685" lon="-0.07245">
    <ele>1911.2000000000003</ele>
   </trkpt>
   <trkpt lat="42.89685" lon="-0.07243000000000001">
    <ele>1911.2000000000003</ele>
   </trkpt>
   <trkpt lat="42.8967" lon="-0.07231">
    <ele>1914.3500000000001</ele>
   </trkpt>
   <trkpt lat="42.896640000000005" lon="-0.0723">
    <ele>1914.3500000000001</ele>
   </trkpt>
   <trkpt lat="42.896530000000006" lon="-0.07227">
    <ele>1916.8400000000001</ele>
   </trkpt>
   <trkpt lat="42.89636" lon="-0.07231">
    <ele>1918.95</ele>
   </trkpt>
   <trkpt lat="42.896480000000004" lon="-0.0722">
    <ele>1920.2100000000003</ele>
   </trkpt>
   <trkpt lat="42.896570000000004" lon="-0.07209">
    <ele>1922.41</ele>
   </trkpt>
   <trkpt lat="42.896730000000005" lon="-0.07209">
    <ele>1924.44</ele>
   </trkpt>
   <trkpt lat="42.89674" lon="-0.07206">
    <ele>1925.1000000000001</ele>
   </trkpt>
   <trkpt lat="42.8967" lon="-0.07198">
    <ele>1925.1000000000001</ele>
   </trkpt>
   <trkpt lat="42.896530000000006" lon="-0.07191">
    <ele>1927.4700000000003</ele>
   </trkpt>
   <trkpt lat="42.896350000000005" lon="-0.07198">
    <ele>1930.6200000000001</ele>
   </trkpt>
   <trkpt lat="42.89636" lon="-0.07191">
    <ele>1931.2000000000003</ele>
   </trkpt>
   <trkpt lat="42.89649" lon="-0.07173">
    <ele>1933.2600000000002</ele>
   </trkpt>
   <trkpt lat="42.89660000000001" lon="-0.07168000000000001">
    <ele>1934.19</ele>
   </trkpt>
   <trkpt lat="42.89678000000001" lon="-0.07169">
    <ele>1937.34</ele>
   </trkpt>
   <trkpt lat="42.89681" lon="-0.07166">
    <ele>1937.93</ele>
   </trkpt>
   <trkpt lat="42.896800000000006" lon="-0.07163">
    <ele>1937.93</ele>
   </trkpt>
   <trkpt lat="42.89649" lon="-0.07133">
    <ele>1942.3400000000001</ele>
   </trkpt>
   <trkpt lat="42.896370000000005" lon="-0.07116">
    <ele>1946.23</ele>
   </trkpt>
   <trkpt lat="42.89631000000001" lon="-0.07081000000000001">
    <ele>1947.4900000000002</ele>
   </trkpt>
   <trkpt lat="42.896330000000006" lon="-0.07069">
    <ele>1946.97</ele>
   </trkpt>
   <trkpt lat="42.896950000000004" lon="-0.06983">
    <ele>1939.3300000000002</ele>
   </trkpt>
   <trkpt lat="42.897110000000005" lon="-0.06923">
    <ele>1933.8800000000003</ele>
   </trkpt>
   <trkpt lat="42.897310000000004" lon="-0.06877000000000001">
    <ele>1929.79</ele>
   </trkpt>
   <trkpt lat="42.89671000093034" lon="-0.06826499493533057">
    <ele>1878.7600000000002</ele>
   </trkpt>
   <trkpt lat="42.89611" lon="-0.06776">
    <ele>1878.3500000000001</ele>
   </trkpt>
   <trkpt lat="42.89607" lon="-0.0678">
    <ele>1877.28</ele>
   </trkpt>
   <trkpt lat="42.896" lon="-0.06801">
    <ele>1874.9</ele>
   </trkpt>
   <trkpt lat="42.89569" lon="-0.06872">
    <ele>1869.6800000000003</ele>
   </trkpt>
   <trkpt lat="42.89558" lon="-0.06886">
    <ele>1868.03</ele>
   </trkpt>
   <trkpt lat="42.89551" lon="-0.06891">
    <ele>1866.63</ele>
   </trkpt>
   <trkpt lat="42.89491" lon="-0.06886">
    <ele>1861.18</ele>
   </trkpt>
   <trkpt lat="42.89471" lon="-0.06886">
    <ele>1857.3000000000002</ele>
   </trkpt>
   <trkpt lat="42.894090000000006" lon="-0.06872">
    <ele>1848.0500000000002</ele>
   </trkpt>
   <trkpt lat="42.8939" lon="-0.06861">
    <ele>1844.14</ele>
   </trkpt>
   <trkpt lat="42.89377" lon="-0.0684">
    <ele>1841.3700000000001</ele>
   </trkpt>
   <trkpt lat="42.89359" lon="-0.0679">
    <ele>1835.0400000000002</ele>
   </trkpt>
   <trkpt lat="42.89359" lon="-0.06772">
    <ele>1833.1200000000001</ele>
   </trkpt>
   <trkpt lat="42.89354" lon="-0.06751">
    <ele>1831.2700000000002</ele>
   </trkpt>
   <trkpt lat="42.89343" lon="-0.06722">
    <ele>1829.5200000000002</ele>
   </trkpt>
   <trkpt lat="42.89329" lon="-0.06708">
    <ele>1827.3400000000001</ele>
   </trkpt>
   <trkpt lat="42.89329" lon="-0.06704">
    <ele>1825.23</ele>
   </trkpt>
   <trkpt lat="42.89332" lon="-0.06697">
    <ele>1825.23</ele>
   </trkpt>
   <trkpt lat="42.893550000000005" lon="-0.0669">
    <ele>1822.6000000000001</ele>
   </trkpt>
   <trkpt lat="42.893640000000005" lon="-0.06683">
    <ele>1822.6000000000001</ele>
   </trkpt>
   <trkpt lat="42.89369000000001" lon="-0.06682">
    <ele>1816.6700000000003</ele>
   </trkpt>
   <trkpt lat="42.893750000000004" lon="-0.0669">
    <ele>1816.6700000000003</ele>
   </trkpt>
   <trkpt lat="42.89383" lon="-0.06691000000000001">
    <ele>1816.6700000000003</ele>
   </trkpt>
   <trkpt lat="42.89392" lon="-0.0669">
    <ele>1814.42</ele>
   </trkpt>
   <trkpt lat="42.89405" lon="-0.06683">
    <ele>1809.8700000000001</ele>
   </trkpt>
   <trkpt lat="42.89416000000001" lon="-0.06672">
    <ele>1806.9800000000002</ele>
   </trkpt>
   <trkpt lat="42.894330000000004" lon="-0.06604">
    <ele>1798.1000000000001</ele>
   </trkpt>
   <trkpt lat="42.894510000000004" lon="-0.06503">
    <ele>1786.72</ele>
   </trkpt>
   <trkpt lat="42.89453" lon="-0.06468">
    <ele>1780.66</ele>
   </trkpt>
   <trkpt lat="42.89464" lon="-0.06385">
    <ele>1767.5900000000001</ele>
   </trkpt>
   <trkpt lat="42.89486" lon="-0.06296">
    <ele>1746.3100000000002</ele>
   </trkpt>
   <trkpt lat="42.894980000000004" lon="-0.06264">
    <ele>1741.9700000000003</ele>
   </trkpt>
   <trkpt lat="42.895030000000006" lon="-0.06254">
    <ele>1741.5200000000002</ele>
   </trkpt>
   <trkpt lat="42.89508" lon="-0.06221000000000001">
    <ele>1740.9800000000002</ele>
   </trkpt>
   <trkpt lat="42.89506" lon="-0.06230000000000001">
    <ele>1741.1200000000001</ele>
   </trkpt>
   <trkpt lat="42.89449999996795" lon="-0.06233500032015959">
    <ele>1731.13</ele>
   </trkpt>
   <trkpt lat="42.89394" lon="-0.06237">
    <ele>1723.1100000000001</ele>
   </trkpt>
   <trkpt lat="42.893750000000004" lon="-0.062310000000000004">
    <ele>1721.0100000000002</ele>
   </trkpt>
   <trkpt lat="42.89368" lon="-0.062240000000000004">
    <ele>1719.2600000000002</ele>
   </trkpt>
   <trkpt lat="42.893510000000006" lon="-0.061970000000000004">
    <ele>1712.77</ele>
   </trkpt>
   <trkpt lat="42.89332" lon="-0.06174">
    <ele>1707.8500000000001</ele>
   </trkpt>
   <trkpt lat="42.893150000000006" lon="-0.06135">
    <ele>1702.2400000000002</ele>
   </trkpt>
   <trkpt lat="42.89309" lon="-0.06115">
    <ele>1700.8200000000002</ele>
   </trkpt>
   <trkpt lat="42.89309" lon="-0.061110000000000005">
    <ele>1700.8200000000002</ele>
   </trkpt>
   <trkpt lat="42.892500000000005" lon="-0.06103000000000001">
    <ele>1715.4</ele>
   </trkpt>
   <trkpt lat="42.89213000205376" lon="-0.06035499608022696">
    <ele>1672.3100000000002</ele>
   </trkpt>
   <trkpt lat="42.891760000000005" lon="-0.059680000000000004">
    <ele>1672.3100000000002</ele>
   </trkpt>
   <trkpt lat="42.89181000000001" lon="-0.05931">
    <ele>1659.58</ele>
   </trkpt>
   <trkpt lat="42.89242" lon="-0.05927">
    <ele>1655.61</ele>
   </trkpt>
   <trkpt lat="42.892590000000006" lon="-0.05881000000000001">
    <ele>1643.5600000000002</ele>
   </trkpt>
   <trkpt lat="42.89266000000001" lon="-0.05872">
    <ele>1635.22</ele>
   </trkpt>
   <trkpt lat="42.89278" lon="-0.05872">
    <ele>1635.22</ele>
   </trkpt>
   <trkpt lat="42.89282" lon="-0.058750000000000004">
    <ele>1628.93</ele>
   </trkpt>
   <trkpt lat="42.892830000000004" lon="-0.05872">
    <ele>1628.93</ele>
   </trkpt>
   <trkpt lat="42.89274" lon="-0.058570000000000004">
    <ele>1627.45</ele>
   </trkpt>
   <trkpt lat="42.89262" lon="-0.05843">
    <ele>1619.02</ele>
   </trkpt>
   <trkpt lat="42.89251" lon="-0.058390000000000004">
    <ele>1616.47</ele>
   </trkpt>
   <trkpt lat="42.8924" lon="-0.058320000000000004">
    <ele>1614.1000000000001</ele>
   </trkpt>
   <trkpt lat="42.89215" lon="-0.05827">
    <ele>1609.1000000000001</ele>
   </trkpt>
   <trkpt lat="42.89217" lon="-0.0582">
    <ele>1604.98</ele>
   </trkpt>
   <trkpt lat="42.892570000000006" lon="-0.05795">
    <ele>1598.71</ele>
   </trkpt>
   <trkpt lat="42.89264" lon="-0.05793">
    <ele>1596.27</ele>
   </trkpt>
   <trkpt lat="42.892720000000004" lon="-0.05795">
    <ele>1594.47</ele>
   </trkpt>
   <trkpt lat="42.89274" lon="-0.05793">
    <ele>1594.47</ele>
   </trkpt>
   <trkpt lat="42.89274" lon="-0.057890000000000004">
    <ele>1593.45</ele>
   </trkpt>
   <trkpt lat="42.89265" lon="-0.05777">
    <ele>1590.2</ele>
   </trkpt>
   <trkpt lat="42.89251" lon="-0.057710000000000004">
    <ele>1587.32</ele>
   </trkpt>
   <trkpt lat="42.89242" lon="-0.0577">
    <ele>1585.62</ele>
   </trkpt>
   <trkpt lat="42.89238" lon="-0.057710000000000004">
    <ele>1585.62</ele>
   </trkpt>
   <trkpt lat="42.89233" lon="-0.057800000000000004">
    <ele>1584.0500000000002</ele>
   </trkpt>
   <trkpt lat="42.89164" lon="-0.05782">
    <ele>1571.94</ele>
   </trkpt>
   <trkpt lat="42.891180000000006" lon="-0.057980000000000004">
    <ele>1563.83</ele>
   </trkpt>
   <trkpt lat="42.89164" lon="-0.05782">
    <ele>1572.66</ele>
   </trkpt>
   <trkpt lat="42.891200000000005" lon="-0.05732">
    <ele>1555.66</ele>
   </trkpt>
   <trkpt lat="42.891070000000006" lon="-0.05732">
    <ele>1531.0100000000002</ele>
   </trkpt>
   <trkpt lat="42.89086" lon="-0.05723">
    <ele>1526.44</ele>
   </trkpt>
   <trkpt lat="42.89074" lon="-0.05725">
    <ele>1523.9900000000002</ele>
   </trkpt>
   <trkpt lat="42.890620000000006" lon="-0.057210000000000004">
    <ele>1518.45</ele>
   </trkpt>
   <trkpt lat="42.89059" lon="-0.05716">
    <ele>1517.13</ele>
   </trkpt>
   <trkpt lat="42.890600000000006" lon="-0.05714">
    <ele>1517.13</ele>
   </trkpt>
   <trkpt lat="42.89059" lon="-0.05716">
    <ele>1517.13</ele>
   </trkpt>
   <trkpt lat="42.890660000000004" lon="-0.05702">
    <ele>1510.68</ele>
   </trkpt>
   <trkpt lat="42.89074" lon="-0.056560000000000006">
    <ele>1502.5300000000002</ele>
   </trkpt>
   <trkpt lat="42.89092" lon="-0.056190000000000004">
    <ele>1494.1200000000001</ele>
   </trkpt>
   <trkpt lat="42.891220000000004" lon="-0.05571">
    <ele>1481.99</ele>
   </trkpt>
   <trkpt lat="42.891380000000005" lon="-0.05557">
    <ele>1479.45</ele>
   </trkpt>
   <trkpt lat="42.89168" lon="-0.05539">
    <ele>1474.3400000000001</ele>
   </trkpt>
   <trkpt lat="42.8918" lon="-0.05535">
    <ele>1473.3200000000002</ele>
   </trkpt>
   <trkpt lat="42.89184" lon="-0.05532">
    <ele>1472.65</ele>
   </trkpt>
   <trkpt lat="42.89188" lon="-0.05503">
    <ele>1469.33</ele>
   </trkpt>
   <trkpt lat="42.89188" lon="-0.05485">
    <ele>1466.11</ele>
   </trkpt>
   <trkpt lat="42.89202" lon="-0.054240000000000003">
    <ele>1458.01</ele>
   </trkpt>
   <trkpt lat="42.89206" lon="-0.05398000000000001">
    <ele>1454.2100000000003</ele>
   </trkpt>
   <trkpt lat="42.892" lon="-0.05396">
    <ele>1451.44</ele>
   </trkpt>
   <trkpt lat="42.892010000000006" lon="-0.05383">
    <ele>1450.9</ele>
   </trkpt>
   <trkpt lat="42.89193" lon="-0.053790000000000004">
    <ele>1450.6000000000001</ele>
   </trkpt>
   <trkpt lat="42.89117" lon="-0.05383">
    <ele>1447.17</ele>
   </trkpt>
   <trkpt lat="42.89108" lon="-0.05378">
    <ele>1446.2100000000003</ele>
   </trkpt>
   <trkpt lat="42.891040000000004" lon="-0.053720000000000004">
    <ele>1445.93</ele>
   </trkpt>
   <trkpt lat="42.891020000000005" lon="-0.05362">
    <ele>1445.2800000000002</ele>
   </trkpt>
   <trkpt lat="42.89105000000001" lon="-0.05353">
    <ele>1444.5400000000002</ele>
   </trkpt>
   <trkpt lat="42.89148" lon="-0.053130000000000004">
    <ele>1441.51</ele>
   </trkpt>
   <trkpt lat="42.89188" lon="-0.05283">
    <ele>1436.35</ele>
   </trkpt>
   <trkpt lat="42.89199000000001" lon="-0.052700000000000004">
    <ele>1436.35</ele>
   </trkpt>
   <trkpt lat="42.89228000000001" lon="-0.05208">
    <ele>1426.43</ele>
   </trkpt>
   <trkpt lat="42.892570000000006" lon="-0.05160000000000001">
    <ele>1421.15</ele>
   </trkpt>
   <trkpt lat="42.89258" lon="-0.051500000000000004">
    <ele>1421.1200000000001</ele>
   </trkpt>
   <trkpt lat="42.89271" lon="-0.051250000000000004">
    <ele>1423.0800000000002</ele>
   </trkpt>
   <trkpt lat="42.893" lon="-0.05095">
    <ele>1430.16</ele>
   </trkpt>
   <trkpt lat="42.893130000000006" lon="-0.05075">
    <ele>1432.0300000000002</ele>
   </trkpt>
   <trkpt lat="42.89332" lon="-0.05063">
    <ele>1429.7700000000002</ele>
   </trkpt>
   <trkpt lat="42.893480000000004" lon="-0.05047">
    <ele>1426.8700000000001</ele>
   </trkpt>
   <trkpt lat="42.89359" lon="-0.05027">
    <ele>1425.24</ele>
   </trkpt>
   <trkpt lat="42.893890000000006" lon="-0.04988">
    <ele>1419.65</ele>
   </trkpt>
   <trkpt lat="42.89414" lon="-0.04968">
    <ele>1417.1100000000001</ele>
   </trkpt>
   <trkpt lat="42.89448" lon="-0.04916">
    <ele>1406.22</ele>
   </trkpt>
   <trkpt lat="42.894800000000004" lon="-0.04852">
    <ele>1397.55</ele>
   </trkpt>
   <trkpt lat="42.894850000000005" lon="-0.04834">
    <ele>1394.17</ele>
   </trkpt>
   <trkpt lat="42.89488" lon="-0.04814">
    <ele>1391.31</ele>
   </trkpt>
   <trkpt lat="42.89488" lon="-0.04798">
    <ele>1388.15</ele>
   </trkpt>
   <trkpt lat="42.894740000000006" lon="-0.04746">
    <ele>1377.3200000000002</ele>
   </trkpt>
   <trkpt lat="42.89475" lon="-0.04728">
    <ele>1375.14</ele>
   </trkpt>
   <trkpt lat="42.89459" lon="-0.04676">
    <ele>1369.1000000000001</ele>
   </trkpt>
   <trkpt lat="42.894600000000004" lon="-0.04655">
    <ele>1367.8000000000002</ele>
   </trkpt>
   <trkpt lat="42.89479" lon="-0.046180000000000006">
    <ele>1364.92</ele>
   </trkpt>
   <trkpt lat="42.895030000000006" lon="-0.046040000000000005">
    <ele>1357.7400000000002</ele>
   </trkpt>
   <trkpt lat="42.895050000000005" lon="-0.04596">
    <ele>1353.2700000000002</ele>
   </trkpt>
   <trkpt lat="42.89488" lon="-0.04544">
    <ele>1346.06</ele>
   </trkpt>
   <trkpt lat="42.894830000000006" lon="-0.04469">
    <ele>1337.7400000000002</ele>
   </trkpt>
   <trkpt lat="42.894850000000005" lon="-0.04454">
    <ele>1335.76</ele>
   </trkpt>
   <trkpt lat="42.89491" lon="-0.04438">
    <ele>1333.41</ele>
   </trkpt>
   <trkpt lat="42.89495" lon="-0.0442">
    <ele>1328.66</ele>
   </trkpt>
   <trkpt lat="42.89495" lon="-0.044090000000000004">
    <ele>1328.66</ele>
   </trkpt>
   <trkpt lat="42.89499000000001" lon="-0.044020000000000004">
    <ele>1328.66</ele>
   </trkpt>
   <trkpt lat="42.895030000000006" lon="-0.04383">
    <ele>1324.16</ele>
   </trkpt>
   <trkpt lat="42.89506" lon="-0.043660000000000004">
    <ele>1322.38</ele>
   </trkpt>
   <trkpt lat="42.895070000000004" lon="-0.0432">
    <ele>1315.8200000000002</ele>
   </trkpt>
   <trkpt lat="42.895030000000006" lon="-0.04304">
    <ele>1312.68</ele>
   </trkpt>
   <trkpt lat="42.89502" lon="-0.042820000000000004">
    <ele>1309.9</ele>
   </trkpt>
   <trkpt lat="42.894940000000005" lon="-0.042350000000000006">
    <ele>1301.5500000000002</ele>
   </trkpt>
   <trkpt lat="42.894920000000006" lon="-0.04225">
    <ele>1298.5600000000002</ele>
   </trkpt>
   <trkpt lat="42.89479" lon="-0.04197">
    <ele>1293.7500000000002</ele>
   </trkpt>
   <trkpt lat="42.89477" lon="-0.04184">
    <ele>1291.4</ele>
   </trkpt>
   <trkpt lat="42.89479" lon="-0.04159">
    <ele>1283.2800000000002</ele>
   </trkpt>
   <trkpt lat="42.894780000000004" lon="-0.04134">
    <ele>1281.93</ele>
   </trkpt>
   <trkpt lat="42.894560000000006" lon="-0.04107">
    <ele>1269.38</ele>
   </trkpt>
   <trkpt lat="42.894450000000006" lon="-0.04077">
    <ele>1260.39</ele>
   </trkpt>
   <trkpt lat="42.89443000000001" lon="-0.04061">
    <ele>1252.22</ele>
   </trkpt>
   <trkpt lat="42.894470000000005" lon="-0.04023">
    <ele>1243.15</ele>
   </trkpt>
   <trkpt lat="42.89455" lon="-0.04007">
    <ele>1239.0400000000002</ele>
   </trkpt>
   <trkpt lat="42.89459" lon="-0.03993">
    <ele>1237.0700000000002</ele>
   </trkpt>
   <trkpt lat="42.89459" lon="-0.03966">
    <ele>1233.92</ele>
   </trkpt>
   <trkpt lat="42.894760000000005" lon="-0.03957">
    <ele>1229.54</ele>
   </trkpt>
   <trkpt lat="42.894600000000004" lon="-0.03946">
    <ele>1225.66</ele>
   </trkpt>
   <trkpt lat="42.894560000000006" lon="-0.03939">
    <ele>1225.66</ele>
   </trkpt>
   <trkpt lat="42.89459" lon="-0.03937">
    <ele>1225.66</ele>
   </trkpt>
   <trkpt lat="42.894690000000004" lon="-0.03937">
    <ele>1222.46</ele>
   </trkpt>
   <trkpt lat="42.89471" lon="-0.03932">
    <ele>1222.46</ele>
   </trkpt>
   <trkpt lat="42.89412" lon="-0.03875">
    <ele>1207.5500000000002</ele>
   </trkpt>
   <trkpt lat="42.89396000000001" lon="-0.03864">
    <ele>1201.8200000000002</ele>
   </trkpt>
   <trkpt lat="42.893840000000004" lon="-0.03848">
    <ele>1200.0900000000001</ele>
   </trkpt>
   <trkpt lat="42.89376" lon="-0.03844">
    <ele>1200.0900000000001</ele>
   </trkpt>
   <trkpt lat="42.89363" lon="-0.0383">
    <ele>1196.9</ele>
   </trkpt>
   <trkpt lat="42.893660000000004" lon="-0.03828">
    <ele>1196.9</ele>
   </trkpt>
   <trkpt lat="42.8937" lon="-0.03828">
    <ele>1192.52</ele>
   </trkpt>
   <trkpt lat="42.89439" lon="-0.03846">
    <ele>1184.91</ele>
   </trkpt>
   <trkpt lat="42.894450000000006" lon="-0.03841">
    <ele>1183.6000000000001</ele>
   </trkpt>
   <trkpt lat="42.894450000000006" lon="-0.03839">
    <ele>1183.6000000000001</ele>
   </trkpt>
   <trkpt lat="42.89441" lon="-0.03835">
    <ele>1182.0700000000002</ele>
   </trkpt>
   <trkpt lat="42.894270000000006" lon="-0.03835">
    <ele>1180.72</ele>
   </trkpt>
   <trkpt lat="42.89417" lon="-0.03828">
    <ele>1178.96</ele>
   </trkpt>
   <trkpt lat="42.89369500071932" lon="-0.037869996831613996">
    <ele>1169.2600000000002</ele>
   </trkpt>
   <trkpt lat="42.89322000000001" lon="-0.03746">
    <ele>1162.0300000000002</ele>
   </trkpt>
   <trkpt lat="42.89316" lon="-0.03733">
    <ele>1160.6000000000001</ele>
   </trkpt>
   <trkpt lat="42.893150000000006" lon="-0.03726">
    <ele>1158.23</ele>
   </trkpt>
   <trkpt lat="42.89334" lon="-0.03724">
    <ele>1156.7800000000002</ele>
   </trkpt>
   <trkpt lat="42.893710000000006" lon="-0.03737">
    <ele>1151.47</ele>
   </trkpt>
   <trkpt lat="42.893820000000005" lon="-0.03735">
    <ele>1148.88</ele>
   </trkpt>
   <trkpt lat="42.89428" lon="-0.03749">
    <ele>1141.75</ele>
   </trkpt>
   <trkpt lat="42.894330000000004" lon="-0.03749">
    <ele>1140.95</ele>
   </trkpt>
   <trkpt lat="42.89435" lon="-0.037430000000000005">
    <ele>1140.3400000000001</ele>
   </trkpt>
   <trkpt lat="42.89435" lon="-0.037380000000000004">
    <ele>1140.3400000000001</ele>
   </trkpt>
   <trkpt lat="42.89434000000001" lon="-0.03737">
    <ele>1140.3400000000001</ele>
   </trkpt>
   <trkpt lat="42.894220000000004" lon="-0.03721">
    <ele>1137.66</ele>
   </trkpt>
   <trkpt lat="42.89377" lon="-0.03685">
    <ele>1122.94</ele>
   </trkpt>
   <trkpt lat="42.893420001140385" lon="-0.03636499740938478">
    <ele>1110.27</ele>
   </trkpt>
   <trkpt lat="42.89307" lon="-0.03588">
    <ele>1098.33</ele>
   </trkpt>
   <trkpt lat="42.892580002748694" lon="-0.03508999377647992">
    <ele>1077.88</ele>
   </trkpt>
   <trkpt lat="42.89209" lon="-0.034300000000000004">
    <ele>1052.0800000000002</ele>
   </trkpt>
   <trkpt lat="42.892030000000005" lon="-0.03427">
    <ele>1050.1599999999999</ele>
   </trkpt>
   <trkpt lat="42.892" lon="-0.0342">
    <ele>1050.1599999999999</ele>
   </trkpt>
   <trkpt lat="42.891760000000005" lon="-0.03393">
    <ele>1043.9900000000002</ele>
   </trkpt>
   <trkpt lat="42.89139" lon="-0.03365">
    <ele>1044.71</ele>
   </trkpt>
   <trkpt lat="42.890640000000005" lon="-0.0332">
    <ele>1032.0500000000002</ele>
   </trkpt>
   <trkpt lat="42.89034" lon="-0.033060000000000006">
    <ele>1027.38</ele>
   </trkpt>
   <trkpt lat="42.88994" lon="-0.03288">
    <ele>1023.7100000000002</ele>
   </trkpt>
   <trkpt lat="42.88984000000001" lon="-0.03279">
    <ele>1022.41</ele>
   </trkpt>
   <trkpt lat="42.889720000000004" lon="-0.03259">
    <ele>1018.2800000000001</ele>
   </trkpt>
   <trkpt lat="42.88973" lon="-0.03248">
    <ele>1018.2800000000001</ele>
   </trkpt>
   <trkpt lat="42.889970000000005" lon="-0.03232">
    <ele>1013.66</ele>
   </trkpt>
   <trkpt lat="42.890010000000004" lon="-0.03223">
    <ele>1011.8900000000002</ele>
   </trkpt>
   <trkpt lat="42.889970000000005" lon="-0.03214">
    <ele>1011.8900000000002</ele>
   </trkpt>
   <trkpt lat="42.88949" lon="-0.03214">
    <ele>1004.4200000000001</ele>
   </trkpt>
   <trkpt lat="42.88946000000001" lon="-0.03203">
    <ele>1002.68</ele>
   </trkpt>
   <trkpt lat="42.88927" lon="-0.03212">
    <ele>1002.07</ele>
   </trkpt>
   <trkpt lat="42.88926" lon="-0.03193">
    <ele>998.5800000000002</ele>
   </trkpt>
   <trkpt lat="42.88911" lon="-0.031650000000000005">
    <ele>991.4000000000001</ele>
   </trkpt>
   <trkpt lat="42.889030000000005" lon="-0.03168">
    <ele>989.19</ele>
   </trkpt>
   <trkpt lat="42.889" lon="-0.031650000000000005">
    <ele>989.19</ele>
   </trkpt>
   <trkpt lat="42.88881000000001" lon="-0.03164">
    <ele>985.5300000000001</ele>
   </trkpt>
   <trkpt lat="42.88871" lon="-0.031360000000000006">
    <ele>983.8100000000001</ele>
   </trkpt>
   <trkpt lat="42.88862" lon="-0.03125">
    <ele>981.5500000000001</ele>
   </trkpt>
   <trkpt lat="42.88852000000001" lon="-0.031080000000000003">
    <ele>977.89</ele>
   </trkpt>
   <trkpt lat="42.888540000000006" lon="-0.0313">
    <ele>976.1</ele>
   </trkpt>
   <trkpt lat="42.88848" lon="-0.03146">
    <ele>974.22</ele>
   </trkpt>
   <trkpt lat="42.88833" lon="-0.03155">
    <ele>972.9200000000001</ele>
   </trkpt>
   <trkpt lat="42.88812" lon="-0.03152">
    <ele>967.8700000000001</ele>
   </trkpt>
   <trkpt lat="42.8879" lon="-0.03146">
    <ele>963.07</ele>
   </trkpt>
   <trkpt lat="42.88754" lon="-0.03141">
    <ele>957.4</ele>
   </trkpt>
   <trkpt lat="42.887420000000006" lon="-0.03137">
    <ele>956.4100000000001</ele>
   </trkpt>
   <trkpt lat="42.88723" lon="-0.031200000000000002">
    <ele>954.2</ele>
   </trkpt>
   <trkpt lat="42.887060000000005" lon="-0.031010000000000003">
    <ele>950.7700000000001</ele>
   </trkpt>
   <trkpt lat="42.886970000000005" lon="-0.030510000000000002">
    <ele>939.4100000000001</ele>
   </trkpt>
   <trkpt lat="42.886900000000004" lon="-0.030350000000000002">
    <ele>938.0200000000001</ele>
   </trkpt>
   <trkpt lat="42.886810000000004" lon="-0.030260000000000002">
    <ele>935.85</ele>
   </trkpt>
   <trkpt lat="42.88658" lon="-0.03029">
    <ele>932.5300000000001</ele>
   </trkpt>
   <trkpt lat="42.886320000000005" lon="-0.03028">
    <ele>931.46</ele>
   </trkpt>
   <trkpt lat="42.886230000000005" lon="-0.030260000000000002">
    <ele>931.46</ele>
   </trkpt>
   <trkpt lat="42.886010000000006" lon="-0.030170000000000002">
    <ele>926.12</ele>
   </trkpt>
   <trkpt lat="42.88606" lon="-0.03012">
    <ele>926.12</ele>
   </trkpt>
   <trkpt lat="42.88624" lon="-0.030010000000000002">
    <ele>918.9200000000001</ele>
   </trkpt>
   <trkpt lat="42.886320000000005" lon="-0.029920000000000002">
    <ele>917.8600000000001</ele>
   </trkpt>
   <trkpt lat="42.88637000000001" lon="-0.029810000000000003">
    <ele>914.3500000000001</ele>
   </trkpt>
   <trkpt lat="42.88637000000001" lon="-0.0297">
    <ele>914.3500000000001</ele>
   </trkpt>
   <trkpt lat="42.886250000000004" lon="-0.029400000000000003">
    <ele>905.85</ele>
   </trkpt>
   <trkpt lat="42.886140000000005" lon="-0.029240000000000002">
    <ele>903.4200000000001</ele>
   </trkpt>
   <trkpt lat="42.885560000000005" lon="-0.02884">
    <ele>893.23</ele>
   </trkpt>
   <trkpt lat="42.8855" lon="-0.028730000000000002">
    <ele>893.23</ele>
   </trkpt>
   <trkpt lat="42.885380000000005" lon="-0.0284">
    <ele>889.0500000000001</ele>
   </trkpt>
   <trkpt lat="42.885070000000006" lon="-0.027770000000000003">
    <ele>881.96</ele>
   </trkpt>
   <trkpt lat="42.88495" lon="-0.0274">
    <ele>875.7800000000001</ele>
   </trkpt>
   <trkpt lat="42.88508" lon="-0.02714">
    <ele>870.77</ele>
   </trkpt>
   <trkpt lat="42.885160000000006" lon="-0.026920000000000003">
    <ele>866.23</ele>
   </trkpt>
   <trkpt lat="42.8849" lon="-0.026430000000000002">
    <ele>860.82</ele>
   </trkpt>
   <trkpt lat="42.88479" lon="-0.026350000000000002">
    <ele>857.21</ele>
   </trkpt>
   <trkpt lat="42.8847" lon="-0.026170000000000002">
    <ele>855.4200000000001</ele>
   </trkpt>
   <trkpt lat="42.88461" lon="-0.026080000000000002">
    <ele>854.07</ele>
   </trkpt>
   <trkpt lat="42.884130000000006" lon="-0.02585">
    <ele>852.6300000000001</ele>
   </trkpt>
   <trkpt lat="42.883770000000005" lon="-0.02552">
    <ele>853.04</ele>
   </trkpt>
   <trkpt lat="42.88376" lon="-0.025460000000000003">
    <ele>853.04</ele>
   </trkpt>
   <trkpt lat="42.88373000000001" lon="-0.025330000000000002">
    <ele>853.5100000000001</ele>
   </trkpt>
   <trkpt lat="42.883660000000006" lon="-0.02525">
    <ele>854.11</ele>
   </trkpt>
   <trkpt lat="42.88322" lon="-0.024870000000000003">
    <ele>856.6</ele>
   </trkpt>
   <trkpt lat="42.88311" lon="-0.02466">
    <ele>853.9000000000001</ele>
   </trkpt>
   <trkpt lat="42.88309" lon="-0.02458">
    <ele>853.1</ele>
   </trkpt>
   <trkpt lat="42.88313" lon="-0.024310000000000002">
    <ele>851.25</ele>
   </trkpt>
   <trkpt lat="42.8832" lon="-0.024120000000000003">
    <ele>844.95</ele>
   </trkpt>
   <trkpt lat="42.882740000000005" lon="-0.02366">
    <ele>840.83</ele>
   </trkpt>
   <trkpt lat="42.88241" lon="-0.02321">
    <ele>836.2600000000001</ele>
   </trkpt>
   <trkpt lat="42.88217" lon="-0.022940000000000002">
    <ele>833.8000000000001</ele>
   </trkpt>
   <trkpt lat="42.88206" lon="-0.022740000000000003">
    <ele>833.11</ele>
   </trkpt>
   <trkpt lat="42.882090000000005" lon="-0.02263">
    <ele>833.01</ele>
   </trkpt>
   <trkpt lat="42.88206" lon="-0.022340000000000002">
    <ele>829.3000000000001</ele>
   </trkpt>
   <trkpt lat="42.88199" lon="-0.02193">
    <ele>826.23</ele>
   </trkpt>
   <trkpt lat="42.88194" lon="-0.021740000000000002">
    <ele>825.2700000000001</ele>
   </trkpt>
   <trkpt lat="42.88186" lon="-0.02152">
    <ele>823.71</ele>
   </trkpt>
   <trkpt lat="42.881780000000006" lon="-0.02142">
    <ele>823.01</ele>
   </trkpt>
   <trkpt lat="42.88172" lon="-0.021400000000000002">
    <ele>822.23</ele>
   </trkpt>
   <trkpt lat="42.88174" lon="-0.02117">
    <ele>819.88</ele>
   </trkpt>
   <trkpt lat="42.88158000000001" lon="-0.020900000000000002">
    <ele>815.03</ele>
   </trkpt>
   <trkpt lat="42.88159" lon="-0.02085">
    <ele>815.03</ele>
   </trkpt>
   <trkpt lat="42.881550000000004" lon="-0.020810000000000002">
    <ele>812.0500000000001</ele>
   </trkpt>
   <trkpt lat="42.88158000000001" lon="-0.020720000000000002">
    <ele>812.0500000000001</ele>
   </trkpt>
   <trkpt lat="42.88157" lon="-0.02068">
    <ele>807.36</ele>
   </trkpt>
   <trkpt lat="42.88148" lon="-0.02068">
    <ele>807.36</ele>
   </trkpt>
   <trkpt lat="42.88152" lon="-0.0206">
    <ele>802.8100000000001</ele>
   </trkpt>
   <trkpt lat="42.88152" lon="-0.02057">
    <ele>802.8100000000001</ele>
   </trkpt>
   <trkpt lat="42.881460000000004" lon="-0.020560000000000002">
    <ele>802.8100000000001</ele>
   </trkpt>
   <trkpt lat="42.88134" lon="-0.02043">
    <ele>795.6500000000001</ele>
   </trkpt>
   <trkpt lat="42.88116" lon="-0.02007">
    <ele>786.33</ele>
   </trkpt>
   <trkpt lat="42.880990000000004" lon="-0.01998">
    <ele>779.75</ele>
   </trkpt>
   <trkpt lat="42.88092" lon="-0.0199">
    <ele>776.58</ele>
   </trkpt>
   <trkpt lat="42.880770000000005" lon="-0.019360000000000002">
    <ele>763.83</ele>
   </trkpt>
   <trkpt lat="42.880720000000004" lon="-0.019020000000000002">
    <ele>760.8900000000001</ele>
   </trkpt>
   <trkpt lat="42.88058" lon="-0.01864">
    <ele>751.71</ele>
   </trkpt>
   <trkpt lat="42.880520000000004" lon="-0.018420000000000002">
    <ele>747.0000000000001</ele>
   </trkpt>
   <trkpt lat="42.88051" lon="-0.0182">
    <ele>744.44</ele>
   </trkpt>
   <trkpt lat="42.88047" lon="-0.01814">
    <ele>737.84</ele>
   </trkpt>
   <trkpt lat="42.88038" lon="-0.01822">
    <ele>737.84</ele>
   </trkpt>
   <trkpt lat="42.880340000000004" lon="-0.0182">
    <ele>737.84</ele>
   </trkpt>
   <trkpt lat="42.88029" lon="-0.018090000000000002">
    <ele>733.75</ele>
   </trkpt>
   <trkpt lat="42.88029" lon="-0.017720000000000003">
    <ele>725.74</ele>
   </trkpt>
   <trkpt lat="42.880230000000005" lon="-0.017660000000000002">
    <ele>723.2</ele>
   </trkpt>
   <trkpt lat="42.8802" lon="-0.01767">
    <ele>723.2</ele>
   </trkpt>
   <trkpt lat="42.88013" lon="-0.01777">
    <ele>718.5100000000001</ele>
   </trkpt>
   <trkpt lat="42.880100000000006" lon="-0.01777">
    <ele>718.5100000000001</ele>
   </trkpt>
   <trkpt lat="42.88006" lon="-0.01771">
    <ele>716.0200000000001</ele>
   </trkpt>
   <trkpt lat="42.88006" lon="-0.01735">
    <ele>708.37</ele>
   </trkpt>
   <trkpt lat="42.879940000000005" lon="-0.01735">
    <ele>705.71</ele>
   </trkpt>
   <trkpt lat="42.879940000000005" lon="-0.01717">
    <ele>698.9200000000001</ele>
   </trkpt>
   <trkpt lat="42.879900000000006" lon="-0.01716">
    <ele>698.9200000000001</ele>
   </trkpt>
   <trkpt lat="42.87984" lon="-0.01718">
    <ele>698.9200000000001</ele>
   </trkpt>
   <trkpt lat="42.879670000000004" lon="-0.01736">
    <ele>693.34</ele>
   </trkpt>
   <trkpt lat="42.87955" lon="-0.017580000000000002">
    <ele>691.07</ele>
   </trkpt>
   <trkpt lat="42.87942" lon="-0.01776">
    <ele>688.25</ele>
   </trkpt>
   <trkpt lat="42.87937" lon="-0.01778">
    <ele>686.96</ele>
   </trkpt>
   <trkpt lat="42.87923000000001" lon="-0.0178">
    <ele>686.3</ele>
   </trkpt>
   <trkpt lat="42.87917" lon="-0.01777">
    <ele>686.1600000000001</ele>
   </trkpt>
   <trkpt lat="42.8791" lon="-0.01769">
    <ele>685.33</ele>
   </trkpt>
   <trkpt lat="42.87903" lon="-0.01767">
    <ele>684.96</ele>
   </trkpt>
   <trkpt lat="42.87865" lon="-0.0176">
    <ele>680.82</ele>
   </trkpt>
   <trkpt lat="42.87863" lon="-0.01752">
    <ele>680.0500000000001</ele>
   </trkpt>
   <trkpt lat="42.878420000000006" lon="-0.017580000000000002">
    <ele>689.06</ele>
   </trkpt>
   <trkpt lat="42.87805" lon="-0.01779">
    <ele>687.96</ele>
   </trkpt>
   <trkpt lat="42.87765" lon="-0.01776">
    <ele>685.1100000000001</ele>
   </trkpt>
   <trkpt lat="42.87729" lon="-0.017650000000000002">
    <ele>683.0200000000001</ele>
   </trkpt>
   <trkpt lat="42.87662" lon="-0.017300000000000003">
    <ele>683.82</ele>
   </trkpt>
   <trkpt lat="42.8763" lon="-0.01699">
    <ele>679.5600000000001</ele>
   </trkpt>
   <trkpt lat="42.87586" lon="-0.016890000000000002">
    <ele>674.6800000000001</ele>
   </trkpt>
   <trkpt lat="42.875780000000006" lon="-0.01684">
    <ele>674.6800000000001</ele>
   </trkpt>
   <trkpt lat="42.8757" lon="-0.016710000000000003">
    <ele>672.3800000000001</ele>
   </trkpt>
   <trkpt lat="42.87568" lon="-0.01676">
    <ele>672.4300000000001</ele>
   </trkpt>
   <trkpt lat="42.875640000000004" lon="-0.01682">
    <ele>673.1600000000001</ele>
   </trkpt>
   <trkpt lat="42.875280000000004" lon="-0.01682">
    <ele>676.45</ele>
   </trkpt>
   <trkpt lat="42.87512" lon="-0.01677">
    <ele>677.9900000000001</ele>
   </trkpt>
   <trkpt lat="42.875060000000005" lon="-0.016790000000000003">
    <ele>677.9900000000001</ele>
   </trkpt>
   <trkpt lat="42.87567000000001" lon="-0.01677">
    <ele>672.4300000000001</ele>
   </trkpt>
   <trkpt lat="42.8757" lon="-0.016710000000000003">
    <ele>672.4300000000001</ele>
   </trkpt>
   <trkpt lat="42.87576000000001" lon="-0.01641">
    <ele>672.4300000000001</ele>
   </trkpt>
   <trkpt lat="42.87577" lon="-0.016220000000000002">
    <ele>672.4300000000001</ele>
   </trkpt>
   <trkpt lat="42.876070000000006" lon="-0.016200000000000003">
    <ele>672.1400000000001</ele>
   </trkpt>
   <trkpt lat="42.876050000000006" lon="-0.01608">
    <ele>671.97</ele>
   </trkpt>
   <trkpt lat="42.87613" lon="-0.01608">
    <ele>671.9200000000001</ele>
   </trkpt>
   <trkpt lat="42.87642" lon="-0.01601">
    <ele>671.76</ele>
   </trkpt>
   <trkpt lat="42.8765" lon="-0.01599">
    <ele>671.22</ele>
   </trkpt>
   <trkpt lat="42.876560000000005" lon="-0.01591">
    <ele>671.22</ele>
   </trkpt>
   <trkpt lat="42.876400000000004" lon="-0.015380000000000001">
    <ele>668.03</ele>
   </trkpt>
   <trkpt lat="42.87641000000001" lon="-0.015300000000000001">
    <ele>667.5500000000001</ele>
   </trkpt>
   <trkpt lat="42.87619" lon="-0.014580000000000001">
    <ele>667.13</ele>
   </trkpt>
   <trkpt lat="42.87608" lon="-0.01463">
    <ele>667.15</ele>
   </trkpt>
   <trkpt lat="42.87603" lon="-0.014610000000000001">
    <ele>667.15</ele>
   </trkpt>
   <trkpt lat="42.875800000000005" lon="-0.01365">
    <ele>669.33</ele>
   </trkpt>
   <trkpt lat="42.875750000000004" lon="-0.013560000000000001">
    <ele>669.8000000000001</ele>
   </trkpt>
   <trkpt lat="42.875690000000006" lon="-0.01352">
    <ele>669.8000000000001</ele>
   </trkpt>
   <trkpt lat="42.8755" lon="-0.01352">
    <ele>669.8000000000001</ele>
   </trkpt>
   <trkpt lat="42.875060000000005" lon="-0.013600000000000001">
    <ele>672.52</ele>
   </trkpt>
   <trkpt lat="42.87498" lon="-0.013560000000000001">
    <ele>672.7800000000001</ele>
   </trkpt>
   <trkpt lat="42.87492" lon="-0.01349">
    <ele>673.0</ele>
   </trkpt>
   <trkpt lat="42.87476" lon="-0.013110000000000002">
    <ele>673.6200000000001</ele>
   </trkpt>
   <trkpt lat="42.87446500433846" lon="-0.012109995176229715">
    <ele>676.5300000000001</ele>
   </trkpt>
   <trkpt lat="42.87417000000001" lon="-0.01111">
    <ele>680.1100000000001</ele>
   </trkpt>
   <trkpt lat="42.87395" lon="-0.01004">
    <ele>684.7700000000001</ele>
   </trkpt>
   <trkpt lat="42.873900000000006" lon="-0.009930000000000001">
    <ele>684.7700000000001</ele>
   </trkpt>
   <trkpt lat="42.873360000000005" lon="-0.009030000000000002">
    <ele>688.9300000000001</ele>
   </trkpt>
   <trkpt lat="42.873200000000004" lon="-0.008690000000000002">
    <ele>690.85</ele>
   </trkpt>
   <trkpt lat="42.873110000000004" lon="-0.00837">
    <ele>690.85</ele>
   </trkpt>
   <trkpt lat="42.87295" lon="-0.00757">
    <ele>693.62</ele>
   </trkpt>
   <trkpt lat="42.87285000000001" lon="-0.007560000000000001">
    <ele>694.01</ele>
   </trkpt>
   <trkpt lat="42.87259" lon="-0.00759">
    <ele>694.33</ele>
   </trkpt>
   <trkpt lat="42.871950000000005" lon="-0.0076100000000000004">
    <ele>694.69</ele>
   </trkpt>
   <trkpt lat="42.8714" lon="-0.007750000000000001">
    <ele>694.1700000000001</ele>
   </trkpt>
   <trkpt lat="42.8712" lon="-0.00783">
    <ele>694.3900000000001</ele>
   </trkpt>
   <trkpt lat="42.87077" lon="-0.0073100000000000005">
    <ele>699.2100000000002</ele>
   </trkpt>
   <trkpt lat="42.87050000000001" lon="-0.00774">
    <ele>699.28</ele>
   </trkpt>
   <trkpt lat="42.870270000000005" lon="-0.00753">
    <ele>699.25</ele>
   </trkpt>
   <trkpt lat="42.870090000000005" lon="-0.00727">
    <ele>699.62</ele>
   </trkpt>
   <trkpt lat="42.87033500436351" lon="-0.006270003919512873">
    <ele>705.16</ele>
   </trkpt>
   <trkpt lat="42.870580000000004" lon="-0.00527">
    <ele>709.8100000000001</ele>
   </trkpt>
   <trkpt lat="42.87077" lon="-0.005">
    <ele>710.23</ele>
   </trkpt>
   <trkpt lat="42.87097000000001" lon="-0.004560000000000001">
    <ele>711.6300000000001</ele>
   </trkpt>
   <trkpt lat="42.871050000000004" lon="-0.00423">
    <ele>713.5300000000001</ele>
   </trkpt>
   <trkpt lat="42.871100000000006" lon="-0.00412">
    <ele>714.35</ele>
   </trkpt>
   <trkpt lat="42.871210000000005" lon="-0.0038000000000000004">
    <ele>717.6</ele>
   </trkpt>
   <trkpt lat="42.87125" lon="-0.00352">
    <ele>719.38</ele>
   </trkpt>
   <trkpt lat="42.871370000000006" lon="-0.0034700000000000004">
    <ele>719.95</ele>
   </trkpt>
   <trkpt lat="42.87133" lon="-0.0031100000000000004">
    <ele>722.43</ele>
   </trkpt>
   <trkpt lat="42.871390000000005" lon="-0.00302">
    <ele>722.43</ele>
   </trkpt>
   <trkpt lat="42.87147" lon="-0.0029800000000000004">
    <ele>722.45</ele>
   </trkpt>
   <trkpt lat="42.87145" lon="-0.00285">
    <ele>722.95</ele>
   </trkpt>
   <trkpt lat="42.87167" lon="-0.0027">
    <ele>723.6700000000001</ele>
   </trkpt>
   <trkpt lat="42.87163" lon="-0.00255">
    <ele>724.59</ele>
   </trkpt>
   <trkpt lat="42.87167" lon="-0.00249">
    <ele>724.98</ele>
   </trkpt>
   <trkpt lat="42.87171" lon="-0.0024000000000000002">
    <ele>725.16</ele>
   </trkpt>
   <trkpt lat="42.87189" lon="-0.0022700000000000003">
    <ele>725.6700000000001</ele>
   </trkpt>
   <trkpt lat="42.872060000000005" lon="-0.00203">
    <ele>726.14</ele>
   </trkpt>
   <trkpt lat="42.87220000000001" lon="-0.0019000000000000002">
    <ele>726.38</ele>
   </trkpt>
   <trkpt lat="42.87223" lon="-0.0018300000000000002">
    <ele>727.0600000000001</ele>
   </trkpt>
   <trkpt lat="42.87229000000001" lon="-0.00176">
    <ele>727.0600000000001</ele>
   </trkpt>
   <trkpt lat="42.87229000000001" lon="-0.00168">
    <ele>727.7</ele>
   </trkpt>
   <trkpt lat="42.87250667174147" lon="-0.0009166720122252422">
    <ele>731.58</ele>
   </trkpt>
   <trkpt lat="42.87272333841215" lon="-0.00015333866481393778">
    <ele>733.4200000000001</ele>
   </trkpt>
   <trkpt lat="42.87294000000001" lon="0.0006100000000000001">
    <ele>737.7900000000001</ele>
   </trkpt>
   <trkpt lat="42.873225014393405" lon="0.0016599854588295964">
    <ele>737.7</ele>
   </trkpt>
   <trkpt lat="42.87351001919235" lon="0.0027099806156357467">
    <ele>738.5</ele>
   </trkpt>
   <trkpt lat="42.87379501439665" lon="0.003759985470278294">
    <ele>740.6400000000001</ele>
   </trkpt>
   <trkpt lat="42.874080000000006" lon="0.00481">
    <ele>746.5</ele>
   </trkpt>
   <trkpt lat="42.87418" lon="0.005110000000000001">
    <ele>748.74</ele>
   </trkpt>
   <trkpt lat="42.87425" lon="0.005260000000000001">
    <ele>750.0300000000001</ele>
   </trkpt>
   <trkpt lat="42.87463000137862" lon="0.005829996437477021">
    <ele>752.5400000000001</ele>
   </trkpt>
   <trkpt lat="42.87501" lon="0.0064">
    <ele>756.47</ele>
   </trkpt>
   <trkpt lat="42.875040000000006" lon="0.00636">
    <ele>756.47</ele>
   </trkpt>
   <trkpt lat="42.87557" lon="0.006050000000000001">
    <ele>756.51</ele>
   </trkpt>
   <trkpt lat="42.8757" lon="0.005940000000000001">
    <ele>756.82</ele>
   </trkpt>
   <trkpt lat="42.875750000000004" lon="0.0058000000000000005">
    <ele>756.82</ele>
   </trkpt>
   <trkpt lat="42.875960000000006" lon="0.00576">
    <ele>758.0400000000001</ele>
   </trkpt>
   <trkpt lat="42.876560000000005" lon="0.00589">
    <ele>762.6600000000001</ele>
   </trkpt>
   <trkpt lat="42.8766" lon="0.0059700000000000005">
    <ele>762.6600000000001</ele>
   </trkpt>
   <trkpt lat="42.87662" lon="0.00608">
    <ele>762.6600000000001</ele>
   </trkpt>
   <trkpt lat="42.876630000000006" lon="0.0064800000000000005">
    <ele>768.5500000000001</ele>
   </trkpt>
   <trkpt lat="42.876670000000004" lon="0.0066500000000000005">
    <ele>770.6400000000001</ele>
   </trkpt>
   <trkpt lat="42.876780000000004" lon="0.007">
    <ele>775.23</ele>
   </trkpt>
   <trkpt lat="42.876760000000004" lon="0.00649">
    <ele>780.6200000000001</ele>
   </trkpt>
   <trkpt lat="42.8768" lon="0.006500000000000001">
    <ele>782.21</ele>
   </trkpt>
   <trkpt lat="42.87691" lon="0.00689">
    <ele>788.1600000000001</ele>
   </trkpt>
   <trkpt lat="42.876900000000006" lon="0.0064800000000000005">
    <ele>791.09</ele>
   </trkpt>
   <trkpt lat="42.87691" lon="0.00636">
    <ele>791.09</ele>
   </trkpt>
   <trkpt lat="42.87697" lon="0.0061400000000000005">
    <ele>793.1300000000001</ele>
   </trkpt>
   <trkpt lat="42.877010000000006" lon="0.006240000000000001">
    <ele>795.82</ele>
   </trkpt>
   <trkpt lat="42.877010000000006" lon="0.006390000000000001">
    <ele>795.82</ele>
   </trkpt>
   <trkpt lat="42.87716" lon="0.006770000000000001">
    <ele>800.71</ele>
   </trkpt>
   <trkpt lat="42.877460000000006" lon="0.00721">
    <ele>806.0400000000001</ele>
   </trkpt>
   <trkpt lat="42.877790000000005" lon="0.00799">
    <ele>816.25</ele>
   </trkpt>
   <trkpt lat="42.87782000000001" lon="0.00799">
    <ele>816.25</ele>
   </trkpt>
   <trkpt lat="42.878040000000006" lon="0.008280000000000001">
    <ele>821.9000000000001</ele>
   </trkpt>
   <trkpt lat="42.87812" lon="0.00847">
    <ele>825.1100000000001</ele>
   </trkpt>
   <trkpt lat="42.87818" lon="0.008480000000000001">
    <ele>825.1100000000001</ele>
   </trkpt>
   <trkpt lat="42.878240000000005" lon="0.00856">
    <ele>825.8700000000001</ele>
   </trkpt>
   <trkpt lat="42.878510000000006" lon="0.009470000000000001">
    <ele>831.83</ele>
   </trkpt>
   <trkpt lat="42.87867000000001" lon="0.01013">
    <ele>833.83</ele>
   </trkpt>
   <trkpt lat="42.87877" lon="0.010490000000000001">
    <ele>835.58</ele>
   </trkpt>
   <trkpt lat="42.878730000000004" lon="0.010700000000000001">
    <ele>836.9100000000001</ele>
   </trkpt>
   <trkpt lat="42.87874" lon="0.01084">
    <ele>837.1500000000001</ele>
   </trkpt>
   <trkpt lat="42.87881" lon="0.011040000000000001">
    <ele>837.83</ele>
   </trkpt>
   <trkpt lat="42.879000000000005" lon="0.011420000000000001">
    <ele>840.0200000000001</ele>
   </trkpt>
   <trkpt lat="42.879090000000005" lon="0.011510000000000001">
    <ele>840.4800000000001</ele>
   </trkpt>
   <trkpt lat="42.87915" lon="0.01153">
    <ele>840.3000000000001</ele>
   </trkpt>
   <trkpt lat="42.87919" lon="0.01157">
    <ele>839.9100000000001</ele>
   </trkpt>
   <trkpt lat="42.87924" lon="0.01178">
    <ele>835.9900000000001</ele>
   </trkpt>
   <trkpt lat="42.879270000000005" lon="0.01207">
    <ele>833.71</ele>
   </trkpt>
   <trkpt lat="42.87933" lon="0.012280000000000001">
    <ele>830.2600000000001</ele>
   </trkpt>
   <trkpt lat="42.879340000000006" lon="0.012440000000000001">
    <ele>828.6600000000001</ele>
   </trkpt>
   <trkpt lat="42.879270000000005" lon="0.012650000000000002">
    <ele>825.6300000000001</ele>
   </trkpt>
   <trkpt lat="42.87921" lon="0.012740000000000001">
    <ele>824.98</ele>
   </trkpt>
   <trkpt lat="42.87921" lon="0.01288">
    <ele>823.15</ele>
   </trkpt>
   <trkpt lat="42.87933" lon="0.01323">
    <ele>813.4100000000001</ele>
   </trkpt>
   <trkpt lat="42.87939" lon="0.01335">
    <ele>811.34</ele>
   </trkpt>
   <trkpt lat="42.87946" lon="0.013630000000000001">
    <ele>809.36</ele>
   </trkpt>
   <trkpt lat="42.87948" lon="0.013790000000000002">
    <ele>807.36</ele>
   </trkpt>
   <trkpt lat="42.87941" lon="0.013800000000000002">
    <ele>806.22</ele>
   </trkpt>
   <trkpt lat="42.87899" lon="0.013730000000000001">
    <ele>799.61</ele>
   </trkpt>
   <trkpt lat="42.87894" lon="0.013760000000000001">
    <ele>799.12</ele>
   </trkpt>
   <trkpt lat="42.878930000000004" lon="0.013800000000000002">
    <ele>799.1300000000001</ele>
   </trkpt>
   <trkpt lat="42.87901" lon="0.014220000000000002">
    <ele>800.7</ele>
   </trkpt>
   <trkpt lat="42.87901" lon="0.014790000000000001">
    <ele>804.34</ele>
   </trkpt>
   <trkpt lat="42.8789" lon="0.015370000000000002">
    <ele>806.19</ele>
   </trkpt>
   <trkpt lat="42.878870000000006" lon="0.01572">
    <ele>807.5000000000001</ele>
   </trkpt>
   <trkpt lat="42.878870000000006" lon="0.01616">
    <ele>810.34</ele>
   </trkpt>
   <trkpt lat="42.87894" lon="0.016370000000000003">
    <ele>812.24</ele>
   </trkpt>
   <trkpt lat="42.87904" lon="0.016470000000000002">
    <ele>813.33</ele>
   </trkpt>
   <trkpt lat="42.87917" lon="0.016530000000000003">
    <ele>814.22</ele>
   </trkpt>
   <trkpt lat="42.879220000000004" lon="0.01658">
    <ele>816.24</ele>
   </trkpt>
   <trkpt lat="42.879360000000005" lon="0.01692">
    <ele>818.18</ele>
   </trkpt>
   <trkpt lat="42.87952000000001" lon="0.01718">
    <ele>820.33</ele>
   </trkpt>
   <trkpt lat="42.879540000000006" lon="0.01725">
    <ele>820.33</ele>
   </trkpt>
   <trkpt lat="42.87959" lon="0.01785">
    <ele>823.9300000000001</ele>
   </trkpt>
   <trkpt lat="42.87957" lon="0.017990000000000003">
    <ele>824.3800000000001</ele>
   </trkpt>
   <trkpt lat="42.879540000000006" lon="0.018060000000000003">
    <ele>824.69</ele>
   </trkpt>
   <trkpt lat="42.87937" lon="0.01827">
    <ele>825.09</ele>
   </trkpt>
   <trkpt lat="42.87924" lon="0.018510000000000002">
    <ele>826.7200000000001</ele>
   </trkpt>
   <trkpt lat="42.879180000000005" lon="0.01889">
    <ele>829.74</ele>
   </trkpt>
   <trkpt lat="42.87917" lon="0.019540000000000002">
    <ele>833.2700000000001</ele>
   </trkpt>
   <trkpt lat="42.87908" lon="0.02074">
    <ele>839.1</ele>
   </trkpt>
   <trkpt lat="42.87899" lon="0.02145">
    <ele>844.89</ele>
   </trkpt>
   <trkpt lat="42.87906" lon="0.02202">
    <ele>849.9200000000001</ele>
   </trkpt>
   <trkpt lat="42.87899" lon="0.02228">
    <ele>851.35</ele>
   </trkpt>
   <trkpt lat="42.879400000000004" lon="0.022330000000000003">
    <ele>852.2900000000001</ele>
   </trkpt>
   <trkpt lat="42.879740000000005" lon="0.022320000000000003">
    <ele>853.01</ele>
   </trkpt>
   <trkpt lat="42.87979000000001" lon="0.02228">
    <ele>853.1500000000001</ele>
   </trkpt>
   <trkpt lat="42.87989" lon="0.022070000000000003">
    <ele>853.6600000000001</ele>
   </trkpt>
   <trkpt lat="42.879940000000005" lon="0.022080000000000002">
    <ele>853.9300000000001</ele>
   </trkpt>
   <trkpt lat="42.87997" lon="0.02211">
    <ele>853.9300000000001</ele>
   </trkpt>
   <trkpt lat="42.88008000000001" lon="0.02246">
    <ele>859.25</ele>
   </trkpt>
   <trkpt lat="42.88011" lon="0.022750000000000003">
    <ele>866.0200000000001</ele>
   </trkpt>
   <trkpt lat="42.88004" lon="0.023180000000000003">
    <ele>870.6800000000001</ele>
   </trkpt>
   <trkpt lat="42.880050000000004" lon="0.023430000000000003">
    <ele>873.07</ele>
   </trkpt>
   <trkpt lat="42.880100000000006" lon="0.02349">
    <ele>874.6400000000001</ele>
   </trkpt>
   <trkpt lat="42.88013" lon="0.02349">
    <ele>875.53</ele>
   </trkpt>
   <trkpt lat="42.88018" lon="0.023440000000000003">
    <ele>875.53</ele>
   </trkpt>
   <trkpt lat="42.880190000000006" lon="0.023370000000000002">
    <ele>877.4000000000001</ele>
   </trkpt>
   <trkpt lat="42.88029" lon="0.02329">
    <ele>879.7600000000001</ele>
   </trkpt>
   <trkpt lat="42.880340000000004" lon="0.02332">
    <ele>882.24</ele>
   </trkpt>
   <trkpt lat="42.88038" lon="0.0234">
    <ele>886.09</ele>
   </trkpt>
   <trkpt lat="42.880430000000004" lon="0.02391">
    <ele>896.46</ele>
   </trkpt>
   <trkpt lat="42.88046000000001" lon="0.023960000000000002">
    <ele>896.46</ele>
   </trkpt>
   <trkpt lat="42.880500000000005" lon="0.023960000000000002">
    <ele>900.7600000000001</ele>
   </trkpt>
   <trkpt lat="42.880630000000004" lon="0.023770000000000003">
    <ele>905.4300000000001</ele>
   </trkpt>
   <trkpt lat="42.88074" lon="0.02372">
    <ele>910.36</ele>
   </trkpt>
   <trkpt lat="42.880810000000004" lon="0.023620000000000002">
    <ele>910.36</ele>
   </trkpt>
   <trkpt lat="42.88091" lon="0.02338">
    <ele>918.4700000000001</ele>
   </trkpt>
   <trkpt lat="42.880930000000006" lon="0.023370000000000002">
    <ele>924.8000000000001</ele>
   </trkpt>
   <trkpt lat="42.880950000000006" lon="0.02339">
    <ele>924.8000000000001</ele>
   </trkpt>
   <trkpt lat="42.88102000000001" lon="0.023590000000000003">
    <ele>931.5500000000001</ele>
   </trkpt>
   <trkpt lat="42.88107" lon="0.02358">
    <ele>931.5500000000001</ele>
   </trkpt>
   <trkpt lat="42.88112" lon="0.023610000000000003">
    <ele>933.1</ele>
   </trkpt>
   <trkpt lat="42.881190000000004" lon="0.023710000000000002">
    <ele>937.19</ele>
   </trkpt>
   <trkpt lat="42.881280000000004" lon="0.0238">
    <ele>940.22</ele>
   </trkpt>
   <trkpt lat="42.88134" lon="0.02383">
    <ele>940.22</ele>
   </trkpt>
   <trkpt lat="42.881420000000006" lon="0.02383">
    <ele>945.4200000000001</ele>
   </trkpt>
   <trkpt lat="42.881530000000005" lon="0.0238">
    <ele>948.7800000000001</ele>
   </trkpt>
   <trkpt lat="42.88168" lon="0.023700000000000002">
    <ele>957.0</ele>
   </trkpt>
   <trkpt lat="42.881730000000005" lon="0.023710000000000002">
    <ele>957.0</ele>
   </trkpt>
   <trkpt lat="42.88177" lon="0.023790000000000002">
    <ele>958.46</ele>
   </trkpt>
   <trkpt lat="42.88186" lon="0.02382">
    <ele>961.62</ele>
   </trkpt>
   <trkpt lat="42.88204" lon="0.02374">
    <ele>968.1400000000001</ele>
   </trkpt>
   <trkpt lat="42.88212" lon="0.023690000000000003">
    <ele>971.1700000000001</ele>
   </trkpt>
   <trkpt lat="42.88223000000001" lon="0.023770000000000003">
    <ele>973.8000000000001</ele>
   </trkpt>
   <trkpt lat="42.882380000000005" lon="0.02381">
    <ele>976.0400000000001</ele>
   </trkpt>
   <trkpt lat="42.88251" lon="0.0239">
    <ele>977.8200000000002</ele>
   </trkpt>
   <trkpt lat="42.882540000000006" lon="0.023940000000000003">
    <ele>978.84</ele>
   </trkpt>
   <trkpt lat="42.88257" lon="0.02409">
    <ele>979.8000000000001</ele>
   </trkpt>
   <trkpt lat="42.882400000000004" lon="0.024730000000000002">
    <ele>983.49</ele>
   </trkpt>
   <trkpt lat="42.882360000000006" lon="0.02501">
    <ele>985.0300000000001</ele>
   </trkpt>
   <trkpt lat="42.88237" lon="0.02593">
    <ele>988.0300000000001</ele>
   </trkpt>
   <trkpt lat="42.88277" lon="0.026690000000000002">
    <ele>995.92</ele>
   </trkpt>
   <trkpt lat="42.88279" lon="0.02678">
    <ele>996.3700000000001</ele>
   </trkpt>
   <trkpt lat="42.88279" lon="0.027070000000000004">
    <ele>995.92</ele>
   </trkpt>
   <trkpt lat="42.88298" lon="0.02749">
    <ele>993.94</ele>
   </trkpt>
   <trkpt lat="42.883230000000005" lon="0.027800000000000002">
    <ele>993.01</ele>
   </trkpt>
   <trkpt lat="42.883340000000004" lon="0.028030000000000003">
    <ele>991.9100000000001</ele>
   </trkpt>
   <trkpt lat="42.883390000000006" lon="0.02842">
    <ele>989.25</ele>
   </trkpt>
   <trkpt lat="42.88346000000001" lon="0.028650000000000002">
    <ele>991.82</ele>
   </trkpt>
   <trkpt lat="42.88367" lon="0.02884">
    <ele>998.3700000000001</ele>
   </trkpt>
   <trkpt lat="42.88367" lon="0.02874">
    <ele>1001.4800000000001</ele>
   </trkpt>
   <trkpt lat="42.883680000000005" lon="0.028730000000000002">
    <ele>1001.4800000000001</ele>
   </trkpt>
   <trkpt lat="42.88373000000001" lon="0.028780000000000003">
    <ele>1004.24</ele>
   </trkpt>
   <trkpt lat="42.883750000000006" lon="0.02876">
    <ele>1004.24</ele>
   </trkpt>
   <trkpt lat="42.88374" lon="0.028700000000000003">
    <ele>1005.3700000000001</ele>
   </trkpt>
   <trkpt lat="42.883750000000006" lon="0.02868">
    <ele>1005.3700000000001</ele>
   </trkpt>
   <trkpt lat="42.883770000000005" lon="0.028690000000000004">
    <ele>1007.3700000000001</ele>
   </trkpt>
   <trkpt lat="42.88391" lon="0.02893">
    <ele>1011.44</ele>
   </trkpt>
   <trkpt lat="42.88389" lon="0.02866">
    <ele>1015.57</ele>
   </trkpt>
   <trkpt lat="42.88392" lon="0.028620000000000003">
    <ele>1016.34</ele>
   </trkpt>
   <trkpt lat="42.88401" lon="0.028730000000000002">
    <ele>1017.63</ele>
   </trkpt>
   <trkpt lat="42.884170000000005" lon="0.029070000000000002">
    <ele>1020.8900000000001</ele>
   </trkpt>
   <trkpt lat="42.8845" lon="0.029450000000000004">
    <ele>1031.39</ele>
   </trkpt>
   <trkpt lat="42.884780000000006" lon="0.029890000000000003">
    <ele>1034.3500000000001</ele>
   </trkpt>
   <trkpt lat="42.88521" lon="0.0302">
    <ele>1040.3500000000001</ele>
   </trkpt>
   <trkpt lat="42.88535" lon="0.03036">
    <ele>1044.8000000000002</ele>
   </trkpt>
   <trkpt lat="42.885510000000004" lon="0.030610000000000002">
    <ele>1051.95</ele>
   </trkpt>
   <trkpt lat="42.88590000000001" lon="0.03113">
    <ele>1055.0000000000002</ele>
   </trkpt>
   <trkpt lat="42.88615" lon="0.03135">
    <ele>1054.75</ele>
   </trkpt>
   <trkpt lat="42.88627" lon="0.031490000000000004">
    <ele>1054.0800000000002</ele>
   </trkpt>
   <trkpt lat="42.88626" lon="0.03153">
    <ele>1054.22</ele>
   </trkpt>
   <trkpt lat="42.886120000000005" lon="0.031670000000000004">
    <ele>1056.4900000000002</ele>
   </trkpt>
   <trkpt lat="42.886100000000006" lon="0.031720000000000005">
    <ele>1056.4900000000002</ele>
   </trkpt>
   <trkpt lat="42.88613" lon="0.03236">
    <ele>1068.7</ele>
   </trkpt>
   <trkpt lat="42.88622" lon="0.03263">
    <ele>1075.0600000000002</ele>
   </trkpt>
   <trkpt lat="42.886250000000004" lon="0.032900000000000006">
    <ele>1082.95</ele>
   </trkpt>
   <trkpt lat="42.886140000000005" lon="0.03313">
    <ele>1086.6</ele>
   </trkpt>
   <trkpt lat="42.88615" lon="0.03361">
    <ele>1089.6000000000001</ele>
   </trkpt>
   <trkpt lat="42.886190000000006" lon="0.03373">
    <ele>1090.8999999999999</ele>
   </trkpt>
   <trkpt lat="42.88646000000001" lon="0.03395">
    <ele>1092.53</ele>
   </trkpt>
   <trkpt lat="42.886610000000005" lon="0.034140000000000004">
    <ele>1089.13</ele>
   </trkpt>
   <trkpt lat="42.88671" lon="0.0345">
    <ele>1087.73</ele>
   </trkpt>
   <trkpt lat="42.88671" lon="0.034850000000000006">
    <ele>1088.8</ele>
   </trkpt>
   <trkpt lat="42.88667" lon="0.03506">
    <ele>1090.5500000000002</ele>
   </trkpt>
   <trkpt lat="42.886570000000006" lon="0.035320000000000004">
    <ele>1095.79</ele>
   </trkpt>
   <trkpt lat="42.886500000000005" lon="0.035440000000000006">
    <ele>1098.6100000000001</ele>
   </trkpt>
   <trkpt lat="42.886480000000006" lon="0.035550000000000005">
    <ele>1103.31</ele>
   </trkpt>
   <trkpt lat="42.88665" lon="0.036210000000000006">
    <ele>1114.77</ele>
   </trkpt>
   <trkpt lat="42.88669" lon="0.03649">
    <ele>1117.2300000000002</ele>
   </trkpt>
   <trkpt lat="42.88665" lon="0.037160000000000006">
    <ele>1119.71</ele>
   </trkpt>
   <trkpt lat="42.886660000000006" lon="0.037340000000000005">
    <ele>1121.2900000000002</ele>
   </trkpt>
   <trkpt lat="42.88676" lon="0.03751">
    <ele>1123.69</ele>
   </trkpt>
   <trkpt lat="42.88678" lon="0.03762">
    <ele>1129.4700000000003</ele>
   </trkpt>
   <trkpt lat="42.88696" lon="0.03771">
    <ele>1133.3000000000002</ele>
   </trkpt>
   <trkpt lat="42.88694" lon="0.03792">
    <ele>1133.99</ele>
   </trkpt>
   <trkpt lat="42.887040000000006" lon="0.03815">
    <ele>1135.44</ele>
   </trkpt>
   <trkpt lat="42.88732" lon="0.03853">
    <ele>1135.85</ele>
   </trkpt>
   <trkpt lat="42.88767" lon="0.038970000000000005">
    <ele>1139.8600000000001</ele>
   </trkpt>
   <trkpt lat="42.88805000000001" lon="0.039150000000000004">
    <ele>1144.53</ele>
   </trkpt>
   <trkpt lat="42.888180000000006" lon="0.03916">
    <ele>1144.08</ele>
   </trkpt>
   <trkpt lat="42.888380000000005" lon="0.039060000000000004">
    <ele>1143.28</ele>
   </trkpt>
   <trkpt lat="42.8887" lon="0.038990000000000004">
    <ele>1142.46</ele>
   </trkpt>
   <trkpt lat="42.88893" lon="0.03901">
    <ele>1141.91</ele>
   </trkpt>
   <trkpt lat="42.88909" lon="0.03912">
    <ele>1141.92</ele>
   </trkpt>
   <trkpt lat="42.889320000000005" lon="0.039420000000000004">
    <ele>1142.3300000000002</ele>
   </trkpt>
   <trkpt lat="42.889390000000006" lon="0.039490000000000004">
    <ele>1142.3300000000002</ele>
   </trkpt>
   <trkpt lat="42.88951" lon="0.0395">
    <ele>1142.5200000000002</ele>
   </trkpt>
   <trkpt lat="42.88964" lon="0.039470000000000005">
    <ele>1142.9900000000002</ele>
   </trkpt>
   <trkpt lat="42.8898" lon="0.03937">
    <ele>1144.23</ele>
   </trkpt>
   <trkpt lat="42.89" lon="0.0393">
    <ele>1146.2800000000002</ele>
   </trkpt>
   <trkpt lat="42.89012" lon="0.039290000000000005">
    <ele>1149.17</ele>
   </trkpt>
   <trkpt lat="42.89067" lon="0.03934">
    <ele>1157.31</ele>
   </trkpt>
   <trkpt lat="42.89085" lon="0.0393">
    <ele>1159.96</ele>
   </trkpt>
   <trkpt lat="42.891000000000005" lon="0.039290000000000005">
    <ele>1163.48</ele>
   </trkpt>
   <trkpt lat="42.89125000000001" lon="0.039310000000000005">
    <ele>1166.13</ele>
   </trkpt>
   <trkpt lat="42.891270000000006" lon="0.039290000000000005">
    <ele>1166.13</ele>
   </trkpt>
   <trkpt lat="42.891270000000006" lon="0.03923">
    <ele>1166.13</ele>
   </trkpt>
   <trkpt lat="42.89143000000001" lon="0.03921">
    <ele>1168.26</ele>
   </trkpt>
   <trkpt lat="42.891650000000006" lon="0.03925">
    <ele>1172.5</ele>
   </trkpt>
   <trkpt lat="42.89168" lon="0.0393">
    <ele>1172.53</ele>
   </trkpt>
   <trkpt lat="42.891690000000004" lon="0.039360000000000006">
    <ele>1172.53</ele>
   </trkpt>
   <trkpt lat="42.891650000000006" lon="0.03946">
    <ele>1173.95</ele>
   </trkpt>
   <trkpt lat="42.891470000000005" lon="0.039650000000000005">
    <ele>1180.02</ele>
   </trkpt>
   <trkpt lat="42.891380000000005" lon="0.039850000000000003">
    <ele>1182.18</ele>
   </trkpt>
   <trkpt lat="42.891180000000006" lon="0.040100000000000004">
    <ele>1187.07</ele>
   </trkpt>
   <trkpt lat="42.891020000000005" lon="0.04018">
    <ele>1189.8600000000001</ele>
   </trkpt>
   <trkpt lat="42.89088" lon="0.0403">
    <ele>1193.0500000000002</ele>
   </trkpt>
   <trkpt lat="42.890480000000004" lon="0.04082">
    <ele>1210.16</ele>
   </trkpt>
   <trkpt lat="42.890280000000004" lon="0.041170000000000005">
    <ele>1222.7800000000002</ele>
   </trkpt>
   <trkpt lat="42.890350000000005" lon="0.041190000000000004">
    <ele>1224.2700000000002</ele>
   </trkpt>
   <trkpt lat="42.890170000000005" lon="0.04139">
    <ele>1229.26</ele>
   </trkpt>
   <trkpt lat="42.89034" lon="0.04145">
    <ele>1234.41</ele>
   </trkpt>
   <trkpt lat="42.889970000000005" lon="0.041650000000000006">
    <ele>1243.5</ele>
   </trkpt>
   <trkpt lat="42.88958" lon="0.041960000000000004">
    <ele>1252.1200000000001</ele>
   </trkpt>
   <trkpt lat="42.88956" lon="0.042">
    <ele>1259.3500000000001</ele>
   </trkpt>
   <trkpt lat="42.889610000000005" lon="0.04211">
    <ele>1261.0800000000002</ele>
   </trkpt>
   <trkpt lat="42.889700000000005" lon="0.04224000000000001">
    <ele>1264.41</ele>
   </trkpt>
   <trkpt lat="42.88982" lon="0.04229">
    <ele>1268.25</ele>
   </trkpt>
   <trkpt lat="42.89012" lon="0.042780000000000006">
    <ele>1273.49</ele>
   </trkpt>
   <trkpt lat="42.89040000000001" lon="0.043160000000000004">
    <ele>1271.14</ele>
   </trkpt>
   <trkpt lat="42.89059" lon="0.043210000000000005">
    <ele>1267.8600000000001</ele>
   </trkpt>
   <trkpt lat="42.890730000000005" lon="0.043210000000000005">
    <ele>1267.3600000000001</ele>
   </trkpt>
   <trkpt lat="42.89101" lon="0.043320000000000004">
    <ele>1265.12</ele>
   </trkpt>
   <trkpt lat="42.891110000000005" lon="0.043320000000000004">
    <ele>1265.66</ele>
   </trkpt>
   <trkpt lat="42.89117" lon="0.04336">
    <ele>1266.21</ele>
   </trkpt>
   <trkpt lat="42.891270000000006" lon="0.04347">
    <ele>1267.32</ele>
   </trkpt>
   <trkpt lat="42.891450000000006" lon="0.04381">
    <ele>1268.8600000000001</ele>
   </trkpt>
   <trkpt lat="42.8917" lon="0.04399">
    <ele>1270.21</ele>
   </trkpt>
   <trkpt lat="42.89206" lon="0.0444">
    <ele>1272.8600000000001</ele>
   </trkpt>
   <trkpt lat="42.89284000000001" lon="0.04496000000000001">
    <ele>1284.55</ele>
   </trkpt>
   <trkpt lat="42.893060000000006" lon="0.045160000000000006">
    <ele>1291.0600000000002</ele>
   </trkpt>
   <trkpt lat="42.89322000000001" lon="0.045250000000000005">
    <ele>1297.41</ele>
   </trkpt>
   <trkpt lat="42.893390000000004" lon="0.04546">
    <ele>1301.49</ele>
   </trkpt>
   <trkpt lat="42.89363" lon="0.04565">
    <ele>1305.1100000000001</ele>
   </trkpt>
   <trkpt lat="42.89369000000001" lon="0.04574">
    <ele>1306.96</ele>
   </trkpt>
   <trkpt lat="42.893800000000006" lon="0.045840000000000006">
    <ele>1309.05</ele>
   </trkpt>
   <trkpt lat="42.89394" lon="0.045910000000000006">
    <ele>1313.5400000000002</ele>
   </trkpt>
   <trkpt lat="42.89399" lon="0.045970000000000004">
    <ele>1315.0600000000002</ele>
   </trkpt>
   <trkpt lat="42.89406" lon="0.0461">
    <ele>1316.22</ele>
   </trkpt>
   <trkpt lat="42.89435" lon="0.046470000000000004">
    <ele>1324.6100000000001</ele>
   </trkpt>
   <trkpt lat="42.89446" lon="0.046650000000000004">
    <ele>1328.13</ele>
   </trkpt>
   <trkpt lat="42.89453" lon="0.046810000000000004">
    <ele>1330.38</ele>
   </trkpt>
   <trkpt lat="42.894580000000005" lon="0.047020000000000006">
    <ele>1332.77</ele>
   </trkpt>
   <trkpt lat="42.8947" lon="0.0473">
    <ele>1335.79</ele>
   </trkpt>
   <trkpt lat="42.89528000000001" lon="0.04805">
    <ele>1336.2900000000002</ele>
   </trkpt>
   <trkpt lat="42.895340000000004" lon="0.04823">
    <ele>1334.5500000000002</ele>
   </trkpt>
   <trkpt lat="42.89566000000001" lon="0.04857">
    <ele>1336.23</ele>
   </trkpt>
   <trkpt lat="42.89612" lon="0.04914">
    <ele>1335.22</ele>
   </trkpt>
   <trkpt lat="42.89658" lon="0.04977">
    <ele>1331.43</ele>
   </trkpt>
   <trkpt lat="42.89692" lon="0.050280000000000005">
    <ele>1333.3100000000002</ele>
   </trkpt>
   <trkpt lat="42.89697" lon="0.05027">
    <ele>1333.3100000000002</ele>
   </trkpt>
   <trkpt lat="42.897180000000006" lon="0.050390000000000004">
    <ele>1334.5600000000002</ele>
   </trkpt>
   <trkpt lat="42.897330000000004" lon="0.050510000000000006">
    <ele>1337.25</ele>
   </trkpt>
   <trkpt lat="42.897960000000005" lon="0.051190000000000006">
    <ele>1348.2</ele>
   </trkpt>
   <trkpt lat="42.89815" lon="0.051480000000000005">
    <ele>1352.5200000000002</ele>
   </trkpt>
   <trkpt lat="42.898300000000006" lon="0.051870000000000006">
    <ele>1359.19</ele>
   </trkpt>
   <trkpt lat="42.898360000000004" lon="0.05194000000000001">
    <ele>1359.9</ele>
   </trkpt>
   <trkpt lat="42.89904000000001" lon="0.052450000000000004">
    <ele>1366.77</ele>
   </trkpt>
   <trkpt lat="42.899060000000006" lon="0.0526">
    <ele>1366.17</ele>
   </trkpt>
   <trkpt lat="42.89893" lon="0.052930000000000005">
    <ele>1360.98</ele>
   </trkpt>
   <trkpt lat="42.898700000000005" lon="0.053200000000000004">
    <ele>1357.1000000000001</ele>
   </trkpt>
   <trkpt lat="42.898430000000005" lon="0.05378">
    <ele>1351.2400000000002</ele>
   </trkpt>
   <trkpt lat="42.89842" lon="0.05387">
    <ele>1351.23</ele>
   </trkpt>
   <trkpt lat="42.898430000000005" lon="0.05396">
    <ele>1351.63</ele>
   </trkpt>
   <trkpt lat="42.89873" lon="0.054400000000000004">
    <ele>1353.93</ele>
   </trkpt>
   <trkpt lat="42.89898" lon="0.05485">
    <ele>1359.3000000000002</ele>
   </trkpt>
   <trkpt lat="42.89904000000001" lon="0.05500000000000001">
    <ele>1361.7800000000002</ele>
   </trkpt>
   <trkpt lat="42.89911" lon="0.055420000000000004">
    <ele>1365.0300000000002</ele>
   </trkpt>
   <trkpt lat="42.89911" lon="0.05555">
    <ele>1366.91</ele>
   </trkpt>
   <trkpt lat="42.89907" lon="0.055720000000000006">
    <ele>1368.3</ele>
   </trkpt>
   <trkpt lat="42.899" lon="0.05591">
    <ele>1371.43</ele>
   </trkpt>
   <trkpt lat="42.89929" lon="0.056600000000000004">
    <ele>1379.17</ele>
   </trkpt>
   <trkpt lat="42.89960000000001" lon="0.05720000000000001">
    <ele>1386.95</ele>
   </trkpt>
   <trkpt lat="42.899680000000004" lon="0.05747000000000001">
    <ele>1389.68</ele>
   </trkpt>
   <trkpt lat="42.89981" lon="0.057780000000000005">
    <ele>1392.66</ele>
   </trkpt>
   <trkpt lat="42.899930000000005" lon="0.058320000000000004">
    <ele>1397.21</ele>
   </trkpt>
   <trkpt lat="42.900270000000006" lon="0.059090000000000004">
    <ele>1405.76</ele>
   </trkpt>
   <trkpt lat="42.900450000000006" lon="0.059390000000000005">
    <ele>1408.32</ele>
   </trkpt>
   <trkpt lat="42.90079" lon="0.06037000000000001">
    <ele>1411.4</ele>
   </trkpt>
   <trkpt lat="42.900830000000006" lon="0.060570000000000006">
    <ele>1410.14</ele>
   </trkpt>
   <trkpt lat="42.900890000000004" lon="0.06063">
    <ele>1409.68</ele>
   </trkpt>
   <trkpt lat="42.90124" lon="0.060570000000000006">
    <ele>1406.5200000000002</ele>
   </trkpt>
   <trkpt lat="42.901300000000006" lon="0.06062000000000001">
    <ele>1406.6100000000001</ele>
   </trkpt>
   <trkpt lat="42.90129" lon="0.06071000000000001">
    <ele>1407.0500000000002</ele>
   </trkpt>
   <trkpt lat="42.90124" lon="0.06083">
    <ele>1407.4</ele>
   </trkpt>
   <trkpt lat="42.90124" lon="0.06096000000000001">
    <ele>1407.97</ele>
   </trkpt>
   <trkpt lat="42.901120000000006" lon="0.061320000000000006">
    <ele>1409.0200000000002</ele>
   </trkpt>
   <trkpt lat="42.90099" lon="0.06146000000000001">
    <ele>1411.89</ele>
   </trkpt>
   <trkpt lat="42.900920000000006" lon="0.06157000000000001">
    <ele>1412.91</ele>
   </trkpt>
   <trkpt lat="42.900890000000004" lon="0.061680000000000006">
    <ele>1413.42</ele>
   </trkpt>
   <trkpt lat="42.90088" lon="0.06194">
    <ele>1415.6399999999999</ele>
   </trkpt>
   <trkpt lat="42.900920000000006" lon="0.06207000000000001">
    <ele>1417.9400000000003</ele>
   </trkpt>
   <trkpt lat="42.90102500494056" lon="0.06313499823537305">
    <ele>1424.1800000000003</ele>
   </trkpt>
   <trkpt lat="42.90113" lon="0.06420000000000001">
    <ele>1424.8</ele>
   </trkpt>
   <trkpt lat="42.90124" lon="0.06468">
    <ele>1424.73</ele>
   </trkpt>
   <trkpt lat="42.901300000000006" lon="0.06504">
    <ele>1419.71</ele>
   </trkpt>
   <trkpt lat="42.90135" lon="0.06512000000000001">
    <ele>1418.02</ele>
   </trkpt>
   <trkpt lat="42.90142" lon="0.06518">
    <ele>1417.88</ele>
   </trkpt>
   <trkpt lat="42.90146" lon="0.06529">
    <ele>1417.37</ele>
   </trkpt>
   <trkpt lat="42.901430000000005" lon="0.06542">
    <ele>1416.6900000000003</ele>
   </trkpt>
   <trkpt lat="42.901270000000004" lon="0.06561">
    <ele>1415.19</ele>
   </trkpt>
   <trkpt lat="42.901250000000005" lon="0.06575">
    <ele>1414.1100000000001</ele>
   </trkpt>
   <trkpt lat="42.90133" lon="0.06634000000000001">
    <ele>1407.5600000000002</ele>
   </trkpt>
   <trkpt lat="42.90141500421062" lon="0.0673249985094061">
    <ele>1401.8100000000002</ele>
   </trkpt>
   <trkpt lat="42.901500000000006" lon="0.06831000000000001">
    <ele>1394.0700000000002</ele>
   </trkpt>
   <trkpt lat="42.90149" lon="0.06857">
    <ele>1393.07</ele>
   </trkpt>
   <trkpt lat="42.901500000000006" lon="0.0688">
    <ele>1390.45</ele>
   </trkpt>
   <trkpt lat="42.901610000000005" lon="0.06954">
    <ele>1391.16</ele>
   </trkpt>
   <trkpt lat="42.901610000000005" lon="0.06962">
    <ele>1391.16</ele>
   </trkpt>
   <trkpt lat="42.90149" lon="0.07042000000000001">
    <ele>1394.03</ele>
   </trkpt>
   <trkpt lat="42.90148000000001" lon="0.07143000000000001">
    <ele>1393.0800000000002</ele>
   </trkpt>
   <trkpt lat="42.901540000000004" lon="0.07208">
    <ele>1389.13</ele>
   </trkpt>
   <trkpt lat="42.90153" lon="0.07235000000000001">
    <ele>1386.4</ele>
   </trkpt>
   <trkpt lat="42.901650000000004" lon="0.07295">
    <ele>1382.98</ele>
   </trkpt>
   <trkpt lat="42.901720000000005" lon="0.07316">
    <ele>1382.6200000000001</ele>
   </trkpt>
   <trkpt lat="42.90182" lon="0.07338">
    <ele>1381.7</ele>
   </trkpt>
   <trkpt lat="42.90198" lon="0.07363">
    <ele>1380.3100000000002</ele>
   </trkpt>
   <trkpt lat="42.901990000000005" lon="0.07375000000000001">
    <ele>1379.3200000000002</ele>
   </trkpt>
   <trkpt lat="42.90196" lon="0.07382000000000001">
    <ele>1378.7</ele>
   </trkpt>
   <trkpt lat="42.901810000000005" lon="0.07472000000000001">
    <ele>1373.4</ele>
   </trkpt>
   <trkpt lat="42.901740000000004" lon="0.07505">
    <ele>1375.3500000000001</ele>
   </trkpt>
   <trkpt lat="42.90173" lon="0.07565000000000001">
    <ele>1378.2500000000002</ele>
   </trkpt>
   <trkpt lat="42.901790000000005" lon="0.07627">
    <ele>1381.48</ele>
   </trkpt>
   <trkpt lat="42.90187" lon="0.07664">
    <ele>1384.71</ele>
   </trkpt>
   <trkpt lat="42.90189" lon="0.07682">
    <ele>1385.75</ele>
   </trkpt>
   <trkpt lat="42.901880000000006" lon="0.07726000000000001">
    <ele>1386.68</ele>
   </trkpt>
   <trkpt lat="42.90195000000001" lon="0.07802">
    <ele>1388.2800000000002</ele>
   </trkpt>
   <trkpt lat="42.90195000000001" lon="0.07827">
    <ele>1387.17</ele>
   </trkpt>
   <trkpt lat="42.90198" lon="0.07856">
    <ele>1384.88</ele>
   </trkpt>
   <trkpt lat="42.90207" lon="0.07885">
    <ele>1379.5900000000001</ele>
   </trkpt>
   <trkpt lat="42.90213000000001" lon="0.07893">
    <ele>1379.5900000000001</ele>
   </trkpt>
   <trkpt lat="42.902210000000004" lon="0.07898000000000001">
    <ele>1378.19</ele>
   </trkpt>
   <trkpt lat="42.902350000000006" lon="0.07902">
    <ele>1376.75</ele>
   </trkpt>
   <trkpt lat="42.90251000000001" lon="0.07904000000000001">
    <ele>1376.15</ele>
   </trkpt>
   <trkpt lat="42.90254" lon="0.07907">
    <ele>1376.23</ele>
   </trkpt>
   <trkpt lat="42.902570000000004" lon="0.07915000000000001">
    <ele>1376.41</ele>
   </trkpt>
   <trkpt lat="42.902570000000004" lon="0.07921">
    <ele>1376.67</ele>
   </trkpt>
   <trkpt lat="42.902530000000006" lon="0.07932">
    <ele>1377.4</ele>
   </trkpt>
   <trkpt lat="42.902390000000004" lon="0.07948000000000001">
    <ele>1379.2700000000002</ele>
   </trkpt>
   <trkpt lat="42.90234" lon="0.07969000000000001">
    <ele>1382.27</ele>
   </trkpt>
   <trkpt lat="42.90236" lon="0.07985">
    <ele>1382.8100000000002</ele>
   </trkpt>
   <trkpt lat="42.90252" lon="0.08049">
    <ele>1385.3700000000001</ele>
   </trkpt>
   <trkpt lat="42.902550000000005" lon="0.08067">
    <ele>1386.0400000000002</ele>
   </trkpt>
   <trkpt lat="42.902590000000004" lon="0.08139">
    <ele>1388.68</ele>
   </trkpt>
   <trkpt lat="42.902730000000005" lon="0.08231000000000001">
    <ele>1392.6000000000001</ele>
   </trkpt>
   <trkpt lat="42.90278000000001" lon="0.08292000000000001">
    <ele>1396.2</ele>
   </trkpt>
   <trkpt lat="42.902800000000006" lon="0.08298000000000001">
    <ele>1396.7200000000003</ele>
   </trkpt>
   <trkpt lat="42.90308" lon="0.08329">
    <ele>1397.92</ele>
   </trkpt>
   <trkpt lat="42.903200000000005" lon="0.08348000000000001">
    <ele>1396.22</ele>
   </trkpt>
   <trkpt lat="42.90334" lon="0.08364">
    <ele>1394.8</ele>
   </trkpt>
   <trkpt lat="42.903380000000006" lon="0.08371">
    <ele>1394.7600000000002</ele>
   </trkpt>
   <trkpt lat="42.903380000000006" lon="0.08382">
    <ele>1394.7800000000002</ele>
   </trkpt>
   <trkpt lat="42.903360000000006" lon="0.08388000000000001">
    <ele>1395.17</ele>
   </trkpt>
   <trkpt lat="42.90303" lon="0.08404">
    <ele>1399.94</ele>
   </trkpt>
   <trkpt lat="42.90298000000001" lon="0.08408">
    <ele>1400.32</ele>
   </trkpt>
   <trkpt lat="42.90296" lon="0.08414">
    <ele>1400.5400000000002</ele>
   </trkpt>
   <trkpt lat="42.902930000000005" lon="0.08469">
    <ele>1400.7500000000002</ele>
   </trkpt>
   <trkpt lat="42.90294" lon="0.08535000000000001">
    <ele>1402.38</ele>
   </trkpt>
   <trkpt lat="42.9029" lon="0.08570000000000001">
    <ele>1404.1000000000001</ele>
   </trkpt>
   <trkpt lat="42.9029" lon="0.08599000000000001">
    <ele>1404.98</ele>
   </trkpt>
   <trkpt lat="42.90317" lon="0.08687">
    <ele>1406.5100000000002</ele>
   </trkpt>
   <trkpt lat="42.90317" lon="0.08693000000000001">
    <ele>1406.3400000000001</ele>
   </trkpt>
   <trkpt lat="42.903310000000005" lon="0.08725000000000001">
    <ele>1404.2100000000003</ele>
   </trkpt>
   <trkpt lat="42.90332" lon="0.08745000000000001">
    <ele>1403.31</ele>
   </trkpt>
   <trkpt lat="42.903290000000005" lon="0.08778000000000001">
    <ele>1401.96</ele>
   </trkpt>
   <trkpt lat="42.90328" lon="0.08854000000000001">
    <ele>1397.41</ele>
   </trkpt>
   <trkpt lat="42.903290000000005" lon="0.08864000000000001">
    <ele>1396.53</ele>
   </trkpt>
   <trkpt lat="42.90335" lon="0.08885000000000001">
    <ele>1395.0600000000002</ele>
   </trkpt>
   <trkpt lat="42.903310000000005" lon="0.08912">
    <ele>1393.0</ele>
   </trkpt>
   <trkpt lat="42.903270000000006" lon="0.08923">
    <ele>1392.45</ele>
   </trkpt>
   <trkpt lat="42.90312" lon="0.08945">
    <ele>1391.3600000000001</ele>
   </trkpt>
   <trkpt lat="42.90307000000001" lon="0.08960000000000001">
    <ele>1390.6000000000001</ele>
   </trkpt>
   <trkpt lat="42.90306" lon="0.08977">
    <ele>1390.16</ele>
   </trkpt>
   <trkpt lat="42.903000000000006" lon="0.08994">
    <ele>1390.29</ele>
   </trkpt>
   <trkpt lat="42.90296" lon="0.08997000000000001">
    <ele>1390.29</ele>
   </trkpt>
   <trkpt lat="42.90285" lon="0.09005">
    <ele>1391.07</ele>
   </trkpt>
   <trkpt lat="42.9029" lon="0.09033000000000001">
    <ele>1392.92</ele>
   </trkpt>
   <trkpt lat="42.902950000000004" lon="0.09043000000000001">
    <ele>1394.03</ele>
   </trkpt>
   <trkpt lat="42.903240000000004" lon="0.09067">
    <ele>1396.46</ele>
   </trkpt>
   <trkpt lat="42.90337" lon="0.09106">
    <ele>1399.5000000000002</ele>
   </trkpt>
   <trkpt lat="42.90359" lon="0.09154000000000001">
    <ele>1403.21</ele>
   </trkpt>
   <trkpt lat="42.90363000000001" lon="0.09174">
    <ele>1404.3700000000001</ele>
   </trkpt>
   <trkpt lat="42.903670000000005" lon="0.09266">
    <ele>1410.19</ele>
   </trkpt>
   <trkpt lat="42.903710000000004" lon="0.09300000000000001">
    <ele>1412.25</ele>
   </trkpt>
   <trkpt lat="42.9037" lon="0.0931">
    <ele>1412.25</ele>
   </trkpt>
   <trkpt lat="42.903600000000004" lon="0.09336000000000001">
    <ele>1415.41</ele>
   </trkpt>
   <trkpt lat="42.90353" lon="0.0936">
    <ele>1416.17</ele>
   </trkpt>
   <trkpt lat="42.90337" lon="0.09431">
    <ele>1420.3700000000001</ele>
   </trkpt>
   <trkpt lat="42.903330000000004" lon="0.09438">
    <ele>1421.22</ele>
   </trkpt>
   <trkpt lat="42.90328" lon="0.09438">
    <ele>1421.22</ele>
   </trkpt>
   <trkpt lat="42.903310000000005" lon="0.09499">
    <ele>1421.73</ele>
   </trkpt>
   <trkpt lat="42.90328" lon="0.095">
    <ele>1422.5400000000002</ele>
   </trkpt>
   <trkpt lat="42.90326" lon="0.09503">
    <ele>1422.5400000000002</ele>
   </trkpt>
   <trkpt lat="42.90323" lon="0.09521">
    <ele>1423.44</ele>
   </trkpt>
   <trkpt lat="42.90321000232333" lon="0.09594000007835406">
    <ele>1430.77</ele>
   </trkpt>
   <trkpt lat="42.90319" lon="0.09667">
    <ele>1434.52</ele>
   </trkpt>
   <trkpt lat="42.90321" lon="0.09763000000000001">
    <ele>1443.0500000000002</ele>
   </trkpt>
   <trkpt lat="42.90327000290637" lon="0.09844499942284102">
    <ele>1448.66</ele>
   </trkpt>
   <trkpt lat="42.903330000000004" lon="0.09926000000000001">
    <ele>1455.57</ele>
   </trkpt>
   <trkpt lat="42.903330000000004" lon="0.09986">
    <ele>1459.77</ele>
   </trkpt>
   <trkpt lat="42.9033" lon="0.09996000000000001">
    <ele>1459.77</ele>
   </trkpt>
   <trkpt lat="42.90334" lon="0.09999000000000001">
    <ele>1459.77</ele>
   </trkpt>
   <trkpt lat="42.903360000000006" lon="0.10003000000000001">
    <ele>1459.77</ele>
   </trkpt>
   <trkpt lat="42.903330000000004" lon="0.10021000000000001">
    <ele>1457.2600000000002</ele>
   </trkpt>
   <trkpt lat="42.903130000000004" lon="0.10065">
    <ele>1455.0500000000002</ele>
   </trkpt>
   <trkpt lat="42.903110000000005" lon="0.10081000000000001">
    <ele>1454.29</ele>
   </trkpt>
   <trkpt lat="42.90314" lon="0.10085000000000001">
    <ele>1454.29</ele>
   </trkpt>
   <trkpt lat="42.90319" lon="0.10085000000000001">
    <ele>1454.29</ele>
   </trkpt>
   <trkpt lat="42.903220000000005" lon="0.10111">
    <ele>1456.15</ele>
   </trkpt>
   <trkpt lat="42.903330000000004" lon="0.10170000000000001">
    <ele>1456.5700000000002</ele>
   </trkpt>
   <trkpt lat="42.90345000000001" lon="0.10271000000000001">
    <ele>1458.02</ele>
   </trkpt>
   <trkpt lat="42.90355" lon="0.10296000000000001">
    <ele>1458.5</ele>
   </trkpt>
   <trkpt lat="42.90373" lon="0.1033">
    <ele>1460.8</ele>
   </trkpt>
   <trkpt lat="42.90326" lon="0.10325000000000001">
    <ele>1461.41</ele>
   </trkpt>
   <trkpt lat="42.903150000000004" lon="0.10336000000000001">
    <ele>1462.3400000000001</ele>
   </trkpt>
   <trkpt lat="42.902910000000006" lon="0.10343000000000001">
    <ele>1464.82</ele>
   </trkpt>
   <trkpt lat="42.902190000000004" lon="0.10354000000000001">
    <ele>1467.9</ele>
   </trkpt>
   <trkpt lat="42.90194" lon="0.10361000000000001">
    <ele>1470.3100000000002</ele>
   </trkpt>
   <trkpt lat="42.90128000000001" lon="0.10418000000000001">
    <ele>1479.88</ele>
   </trkpt>
   <trkpt lat="42.90119000000001" lon="0.10429000000000001">
    <ele>1480.5000000000002</ele>
   </trkpt>
   <trkpt lat="42.90110000000001" lon="0.10435000000000001">
    <ele>1483.0700000000002</ele>
   </trkpt>
   <trkpt lat="42.900960000000005" lon="0.10439000000000001">
    <ele>1485.3500000000001</ele>
   </trkpt>
   <trkpt lat="42.900850000000005" lon="0.10438000000000001">
    <ele>1485.3500000000001</ele>
   </trkpt>
   <trkpt lat="42.90079" lon="0.10441">
    <ele>1487.15</ele>
   </trkpt>
   <trkpt lat="42.900690000000004" lon="0.10443000000000001">
    <ele>1487.15</ele>
   </trkpt>
   <trkpt lat="42.900600000000004" lon="0.10448">
    <ele>1490.5300000000002</ele>
   </trkpt>
   <trkpt lat="42.9005" lon="0.10447000000000001">
    <ele>1490.5300000000002</ele>
   </trkpt>
   <trkpt lat="42.9003" lon="0.10449000000000001">
    <ele>1493.27</ele>
   </trkpt>
   <trkpt lat="42.899640000000005" lon="0.10473">
    <ele>1501.65</ele>
   </trkpt>
   <trkpt lat="42.89929" lon="0.10489000000000001">
    <ele>1505.26</ele>
   </trkpt>
   <trkpt lat="42.899210000000004" lon="0.10494">
    <ele>1505.68</ele>
   </trkpt>
   <trkpt lat="42.898950000000006" lon="0.1052">
    <ele>1507.2</ele>
   </trkpt>
   <trkpt lat="42.898880000000005" lon="0.1053">
    <ele>1507.3100000000002</ele>
   </trkpt>
   <trkpt lat="42.89853" lon="0.10564000000000001">
    <ele>1508.01</ele>
   </trkpt>
   <trkpt lat="42.89815" lon="0.10586000000000001">
    <ele>1511.8100000000002</ele>
   </trkpt>
   <trkpt lat="42.89790000000001" lon="0.10593000000000001">
    <ele>1515.02</ele>
   </trkpt>
   <trkpt lat="42.897650000000006" lon="0.10618000000000001">
    <ele>1518.0</ele>
   </trkpt>
   <trkpt lat="42.89744" lon="0.1063">
    <ele>1520.5700000000002</ele>
   </trkpt>
   <trkpt lat="42.897020000000005" lon="0.10628000000000001">
    <ele>1526.93</ele>
   </trkpt>
   <trkpt lat="42.89685" lon="0.10633000000000001">
    <ele>1528.38</ele>
   </trkpt>
   <trkpt lat="42.89676" lon="0.10640000000000001">
    <ele>1529.5200000000002</ele>
   </trkpt>
   <trkpt lat="42.89656" lon="0.10647000000000001">
    <ele>1531.5100000000002</ele>
   </trkpt>
   <trkpt lat="42.89641" lon="0.10645">
    <ele>1533.3700000000001</ele>
   </trkpt>
   <trkpt lat="42.896170000000005" lon="0.10650000000000001">
    <ele>1535.91</ele>
   </trkpt>
   <trkpt lat="42.896040000000006" lon="0.10650000000000001">
    <ele>1538.4</ele>
   </trkpt>
   <trkpt lat="42.895830000000004" lon="0.10658000000000001">
    <ele>1542.39</ele>
   </trkpt>
   <trkpt lat="42.89576" lon="0.10657000000000001">
    <ele>1542.39</ele>
   </trkpt>
   <trkpt lat="42.895700000000005" lon="0.10654000000000001">
    <ele>1546.0</ele>
   </trkpt>
   <trkpt lat="42.89565" lon="0.10656">
    <ele>1546.0</ele>
   </trkpt>
   <trkpt lat="42.8956" lon="0.10664000000000001">
    <ele>1546.8300000000002</ele>
   </trkpt>
   <trkpt lat="42.89553" lon="0.10668000000000001">
    <ele>1546.8300000000002</ele>
   </trkpt>
   <trkpt lat="42.89531" lon="0.1067">
    <ele>1552.15</ele>
   </trkpt>
   <trkpt lat="42.895250000000004" lon="0.10673">
    <ele>1553.4800000000002</ele>
   </trkpt>
   <trkpt lat="42.89515" lon="0.10671000000000001">
    <ele>1555.0100000000002</ele>
   </trkpt>
   <trkpt lat="42.894800000000004" lon="0.10677">
    <ele>1562.45</ele>
   </trkpt>
   <trkpt lat="42.894600000000004" lon="0.10675000000000001">
    <ele>1565.3100000000002</ele>
   </trkpt>
   <trkpt lat="42.894270000000006" lon="0.10677">
    <ele>1574.66</ele>
   </trkpt>
   <trkpt lat="42.894000000000005" lon="0.10665000000000001">
    <ele>1578.81</ele>
   </trkpt>
   <trkpt lat="42.893930000000005" lon="0.10665000000000001">
    <ele>1582.3300000000002</ele>
   </trkpt>
   <trkpt lat="42.89388" lon="0.10661000000000001">
    <ele>1582.3300000000002</ele>
   </trkpt>
   <trkpt lat="42.89381" lon="0.10660000000000001">
    <ele>1582.3300000000002</ele>
   </trkpt>
   <trkpt lat="42.89374" lon="0.10663">
    <ele>1585.9800000000002</ele>
   </trkpt>
   <trkpt lat="42.89365" lon="0.10663">
    <ele>1585.9800000000002</ele>
   </trkpt>
   <trkpt lat="42.89340000000001" lon="0.10660000000000001">
    <ele>1594.2600000000002</ele>
   </trkpt>
   <trkpt lat="42.89331000000001" lon="0.10661000000000001">
    <ele>1594.2600000000002</ele>
   </trkpt>
   <trkpt lat="42.89325" lon="0.10668000000000001">
    <ele>1596.2600000000002</ele>
   </trkpt>
   <trkpt lat="42.893190000000004" lon="0.1067">
    <ele>1597.17</ele>
   </trkpt>
   <trkpt lat="42.893100000000004" lon="0.10668000000000001">
    <ele>1598.9</ele>
   </trkpt>
   <trkpt lat="42.893040000000006" lon="0.10674000000000002">
    <ele>1600.7000000000003</ele>
   </trkpt>
   <trkpt lat="42.892970000000005" lon="0.10673">
    <ele>1602.5900000000001</ele>
   </trkpt>
   <trkpt lat="42.892860000000006" lon="0.10679000000000001">
    <ele>1605.66</ele>
   </trkpt>
   <trkpt lat="42.89273" lon="0.10678000000000001">
    <ele>1610.0100000000002</ele>
   </trkpt>
   <trkpt lat="42.89271" lon="0.10675000000000001">
    <ele>1610.0100000000002</ele>
   </trkpt>
   <trkpt lat="42.89264" lon="0.10675000000000001">
    <ele>1610.0100000000002</ele>
   </trkpt>
   <trkpt lat="42.89249" lon="0.10683000000000001">
    <ele>1611.96</ele>
   </trkpt>
   <trkpt lat="42.892390000000006" lon="0.10685000000000001">
    <ele>1618.8300000000002</ele>
   </trkpt>
   <trkpt lat="42.892340000000004" lon="0.10690000000000001">
    <ele>1618.8300000000002</ele>
   </trkpt>
   <trkpt lat="42.8922" lon="0.10694000000000001">
    <ele>1619.7400000000002</ele>
   </trkpt>
   <trkpt lat="42.89191" lon="0.10695">
    <ele>1626.0700000000002</ele>
   </trkpt>
   <trkpt lat="42.891760000000005" lon="0.10692000000000002">
    <ele>1627.96</ele>
   </trkpt>
   <trkpt lat="42.89159" lon="0.10696000000000001">
    <ele>1632.7</ele>
   </trkpt>
   <trkpt lat="42.89125000000001" lon="0.10711000000000001">
    <ele>1639.14</ele>
   </trkpt>
   <trkpt lat="42.891180000000006" lon="0.10717000000000002">
    <ele>1640.1000000000001</ele>
   </trkpt>
   <trkpt lat="42.891130000000004" lon="0.10726000000000001">
    <ele>1642.16</ele>
   </trkpt>
   <trkpt lat="42.890800000000006" lon="0.10721000000000001">
    <ele>1647.95</ele>
   </trkpt>
   <trkpt lat="42.89072" lon="0.10724">
    <ele>1649.0600000000002</ele>
   </trkpt>
   <trkpt lat="42.890460000000004" lon="0.10745">
    <ele>1651.5000000000002</ele>
   </trkpt>
   <trkpt lat="42.890280000000004" lon="0.10749">
    <ele>1654.3500000000001</ele>
   </trkpt>
   <trkpt lat="42.890060000000005" lon="0.10750000000000001">
    <ele>1656.4800000000002</ele>
   </trkpt>
   <trkpt lat="42.88989" lon="0.10746000000000001">
    <ele>1658.3100000000002</ele>
   </trkpt>
   <trkpt lat="42.88967" lon="0.10744000000000001">
    <ele>1660.3000000000002</ele>
   </trkpt>
   <trkpt lat="42.889410000000005" lon="0.10747000000000001">
    <ele>1661.96</ele>
   </trkpt>
   <trkpt lat="42.889190000000006" lon="0.10761000000000001">
    <ele>1664.3400000000001</ele>
   </trkpt>
   <trkpt lat="42.88897" lon="0.10783000000000001">
    <ele>1667.5700000000002</ele>
   </trkpt>
   <trkpt lat="42.8888" lon="0.10791">
    <ele>1668.8100000000002</ele>
   </trkpt>
   <trkpt lat="42.8882450000517" lon="0.108115001892964">
    <ele>1674.6000000000001</ele>
   </trkpt>
   <trkpt lat="42.887690000000006" lon="0.10832000000000001">
    <ele>1681.75</ele>
   </trkpt>
   <trkpt lat="42.88716" lon="0.10835000000000002">
    <ele>1688.2</ele>
   </trkpt>
   <trkpt lat="42.88671" lon="0.10841">
    <ele>1694.68</ele>
   </trkpt>
   <trkpt lat="42.886390000000006" lon="0.10833000000000001">
    <ele>1700.76</ele>
   </trkpt>
   <trkpt lat="42.88633" lon="0.10827">
    <ele>1700.76</ele>
   </trkpt>
   <trkpt lat="42.886250000000004" lon="0.10815000000000001">
    <ele>1700.76</ele>
   </trkpt>
   <trkpt lat="42.886210000000005" lon="0.10815000000000001">
    <ele>1703.8600000000001</ele>
   </trkpt>
   <trkpt lat="42.886190000000006" lon="0.10818000000000001">
    <ele>1703.8600000000001</ele>
   </trkpt>
   <trkpt lat="42.88618" lon="0.10826000000000001">
    <ele>1703.8600000000001</ele>
   </trkpt>
   <trkpt lat="42.886340000000004" lon="0.10887000000000001">
    <ele>1711.93</ele>
   </trkpt>
   <trkpt lat="42.88633" lon="0.10891">
    <ele>1711.93</ele>
   </trkpt>
   <trkpt lat="42.886280000000006" lon="0.10895">
    <ele>1712.7</ele>
   </trkpt>
   <trkpt lat="42.886100000000006" lon="0.10897000000000001">
    <ele>1715.3400000000001</ele>
   </trkpt>
   <trkpt lat="42.88584" lon="0.10913">
    <ele>1720.7</ele>
   </trkpt>
   <trkpt lat="42.8855" lon="0.10943000000000001">
    <ele>1725.98</ele>
   </trkpt>
   <trkpt lat="42.8853" lon="0.10968000000000001">
    <ele>1727.1000000000001</ele>
   </trkpt>
   <trkpt lat="42.8849" lon="0.11011000000000001">
    <ele>1732.94</ele>
   </trkpt>
   <trkpt lat="42.88472" lon="0.11025000000000001">
    <ele>1734.99</ele>
   </trkpt>
   <trkpt lat="42.884530000000005" lon="0.11047000000000001">
    <ele>1736.25</ele>
   </trkpt>
   <trkpt lat="42.884370000000004" lon="0.11071">
    <ele>1737.3400000000001</ele>
   </trkpt>
   <trkpt lat="42.88434" lon="0.11079000000000001">
    <ele>1739.0900000000001</ele>
   </trkpt>
   <trkpt lat="42.884060000000005" lon="0.11111000000000001">
    <ele>1740.4800000000002</ele>
   </trkpt>
   <trkpt lat="42.88376" lon="0.11159000000000001">
    <ele>1742.8100000000002</ele>
   </trkpt>
   <trkpt lat="42.883700000000005" lon="0.1116">
    <ele>1742.8500000000001</ele>
   </trkpt>
   <trkpt lat="42.883590000000005" lon="0.11154000000000001">
    <ele>1743.6200000000001</ele>
   </trkpt>
   <trkpt lat="42.88349" lon="0.11154000000000001">
    <ele>1745.0800000000002</ele>
   </trkpt>
   <trkpt lat="42.88342" lon="0.11157">
    <ele>1745.66</ele>
   </trkpt>
   <trkpt lat="42.88324" lon="0.11177000000000001">
    <ele>1749.9700000000003</ele>
   </trkpt>
   <trkpt lat="42.8832" lon="0.11184000000000001">
    <ele>1749.9700000000003</ele>
   </trkpt>
   <trkpt lat="42.88322" lon="0.11197000000000001">
    <ele>1750.28</ele>
   </trkpt>
   <trkpt lat="42.883160000000004" lon="0.11204000000000001">
    <ele>1751.0200000000002</ele>
   </trkpt>
   <trkpt lat="42.88315" lon="0.11219000000000001">
    <ele>1751.87</ele>
   </trkpt>
   <trkpt lat="42.883070000000004" lon="0.11243000000000002">
    <ele>1752.8700000000001</ele>
   </trkpt>
   <trkpt lat="42.883070000000004" lon="0.11268">
    <ele>1755.09</ele>
   </trkpt>
   <trkpt lat="42.883050000000004" lon="0.11272000000000001">
    <ele>1755.66</ele>
   </trkpt>
   <trkpt lat="42.88297" lon="0.11276000000000001">
    <ele>1757.0800000000002</ele>
   </trkpt>
   <trkpt lat="42.882960000000004" lon="0.11288000000000001">
    <ele>1757.9</ele>
   </trkpt>
   <trkpt lat="42.88291" lon="0.11296">
    <ele>1760.45</ele>
   </trkpt>
   <trkpt lat="42.88290000000001" lon="0.11313000000000001">
    <ele>1762.0500000000002</ele>
   </trkpt>
   <trkpt lat="42.88293" lon="0.11319000000000001">
    <ele>1762.79</ele>
   </trkpt>
   <trkpt lat="42.88290000000001" lon="0.11330000000000001">
    <ele>1764.1000000000001</ele>
   </trkpt>
   <trkpt lat="42.882920000000006" lon="0.11335">
    <ele>1764.63</ele>
   </trkpt>
   <trkpt lat="42.88291" lon="0.11339">
    <ele>1765.1000000000001</ele>
   </trkpt>
   <trkpt lat="42.882760000000005" lon="0.11359000000000001">
    <ele>1766.8100000000002</ele>
   </trkpt>
   <trkpt lat="42.88282" lon="0.11387000000000001">
    <ele>1769.33</ele>
   </trkpt>
   <trkpt lat="42.88282" lon="0.11396">
    <ele>1771.71</ele>
   </trkpt>
   <trkpt lat="42.88268" lon="0.11442000000000001">
    <ele>1779.6200000000001</ele>
   </trkpt>
   <trkpt lat="42.882670000000005" lon="0.11456000000000001">
    <ele>1781.46</ele>
   </trkpt>
   <trkpt lat="42.88261000000001" lon="0.11478000000000001">
    <ele>1785.8300000000002</ele>
   </trkpt>
   <trkpt lat="42.882580000000004" lon="0.11481000000000001">
    <ele>1785.8300000000002</ele>
   </trkpt>
   <trkpt lat="42.88261000000001" lon="0.11502000000000001">
    <ele>1789.7900000000002</ele>
   </trkpt>
   <trkpt lat="42.88268" lon="0.11517000000000001">
    <ele>1791.68</ele>
   </trkpt>
   <trkpt lat="42.88259" lon="0.11574000000000001">
    <ele>1795.8400000000001</ele>
   </trkpt>
   <trkpt lat="42.88261000000001" lon="0.11579">
    <ele>1796.1200000000001</ele>
   </trkpt>
   <trkpt lat="42.882650000000005" lon="0.11580000000000001">
    <ele>1796.1200000000001</ele>
   </trkpt>
   <trkpt lat="42.88268" lon="0.11591000000000001">
    <ele>1797.1100000000001</ele>
   </trkpt>
   <trkpt lat="42.88266" lon="0.11594000000000002">
    <ele>1797.8200000000002</ele>
   </trkpt>
   <trkpt lat="42.88264" lon="0.11594000000000002">
    <ele>1797.8200000000002</ele>
   </trkpt>
   <trkpt lat="42.88262" lon="0.11602000000000001">
    <ele>1798.63</ele>
   </trkpt>
   <trkpt lat="42.88262" lon="0.11626000000000002">
    <ele>1803.0300000000002</ele>
   </trkpt>
   <trkpt lat="42.882580000000004" lon="0.11641000000000001">
    <ele>1804.9</ele>
   </trkpt>
   <trkpt lat="42.882560000000005" lon="0.11664000000000001">
    <ele>1809.47</ele>
   </trkpt>
   <trkpt lat="42.882580000000004" lon="0.11668">
    <ele>1809.47</ele>
   </trkpt>
   <trkpt lat="42.88261000000001" lon="0.11668">
    <ele>1813.5500000000002</ele>
   </trkpt>
   <trkpt lat="42.88262" lon="0.11683">
    <ele>1814.8500000000001</ele>
   </trkpt>
   <trkpt lat="42.88259" lon="0.11693">
    <ele>1817.1000000000001</ele>
   </trkpt>
   <trkpt lat="42.88255" lon="0.11726">
    <ele>1821.83</ele>
   </trkpt>
   <trkpt lat="42.882560000000005" lon="0.11736">
    <ele>1825.05</ele>
   </trkpt>
   <trkpt lat="42.88253" lon="0.11747">
    <ele>1826.04</ele>
   </trkpt>
   <trkpt lat="42.882470000000005" lon="0.11757000000000001">
    <ele>1826.95</ele>
   </trkpt>
   <trkpt lat="42.88239" lon="0.11766000000000001">
    <ele>1829.46</ele>
   </trkpt>
   <trkpt lat="42.882310000000004" lon="0.11784000000000001">
    <ele>1833.32</ele>
   </trkpt>
   <trkpt lat="42.8823" lon="0.1179">
    <ele>1833.32</ele>
   </trkpt>
   <trkpt lat="42.88233" lon="0.11794">
    <ele>1835.6200000000001</ele>
   </trkpt>
   <trkpt lat="42.88232" lon="0.11806000000000001">
    <ele>1839.26</ele>
   </trkpt>
   <trkpt lat="42.88226" lon="0.11822">
    <ele>1840.42</ele>
   </trkpt>
   <trkpt lat="42.88223000000001" lon="0.11837">
    <ele>1845.8600000000001</ele>
   </trkpt>
   <trkpt lat="42.88224" lon="0.11852000000000001">
    <ele>1845.8600000000001</ele>
   </trkpt>
   <trkpt lat="42.882220000000004" lon="0.1189">
    <ele>1852.64</ele>
   </trkpt>
   <trkpt lat="42.88224" lon="0.11893000000000001">
    <ele>1852.64</ele>
   </trkpt>
   <trkpt lat="42.88223000000001" lon="0.11898000000000002">
    <ele>1856.15</ele>
   </trkpt>
   <trkpt lat="42.882250000000006" lon="0.11901">
    <ele>1856.15</ele>
   </trkpt>
   <trkpt lat="42.88224" lon="0.11910000000000001">
    <ele>1857.25</ele>
   </trkpt>
   <trkpt lat="42.882200000000005" lon="0.11919">
    <ele>1858.27</ele>
   </trkpt>
   <trkpt lat="42.88215" lon="0.11923000000000002">
    <ele>1861.0700000000002</ele>
   </trkpt>
   <trkpt lat="42.88214000000001" lon="0.11937">
    <ele>1863.23</ele>
   </trkpt>
   <trkpt lat="42.88212" lon="0.11939000000000001">
    <ele>1863.23</ele>
   </trkpt>
   <trkpt lat="42.88206" lon="0.11937">
    <ele>1865.8000000000002</ele>
   </trkpt>
   <trkpt lat="42.88205000000001" lon="0.11947">
    <ele>1867.2100000000003</ele>
   </trkpt>
   <trkpt lat="42.882020000000004" lon="0.11948">
    <ele>1867.2100000000003</ele>
   </trkpt>
   <trkpt lat="42.88199" lon="0.11941000000000002">
    <ele>1873.14</ele>
   </trkpt>
   <trkpt lat="42.88197" lon="0.1194">
    <ele>1873.14</ele>
   </trkpt>
   <trkpt lat="42.881840000000004" lon="0.11981000000000001">
    <ele>1877.76</ele>
   </trkpt>
   <trkpt lat="42.881800000000005" lon="0.11985000000000001">
    <ele>1882.6100000000001</ele>
   </trkpt>
   <trkpt lat="42.881780000000006" lon="0.11992000000000001">
    <ele>1882.6100000000001</ele>
   </trkpt>
   <trkpt lat="42.88177" lon="0.12011000000000001">
    <ele>1883.96</ele>
   </trkpt>
   <trkpt lat="42.88188" lon="0.12041">
    <ele>1887.04</ele>
   </trkpt>
   <trkpt lat="42.88204" lon="0.12063000000000001">
    <ele>1888.44</ele>
   </trkpt>
   <trkpt lat="42.88214000000001" lon="0.12071000000000001">
    <ele>1889.0500000000002</ele>
   </trkpt>
   <trkpt lat="42.882250000000006" lon="0.12092000000000001">
    <ele>1890.54</ele>
   </trkpt>
   <trkpt lat="42.882400000000004" lon="0.12111000000000001">
    <ele>1894.23</ele>
   </trkpt>
   <trkpt lat="42.88242" lon="0.12131000000000002">
    <ele>1896.15</ele>
   </trkpt>
   <trkpt lat="42.88246" lon="0.12137">
    <ele>1896.65</ele>
   </trkpt>
   <trkpt lat="42.882380000000005" lon="0.12203000000000001">
    <ele>1899.49</ele>
   </trkpt>
   <trkpt lat="42.882380000000005" lon="0.12248">
    <ele>1896.26</ele>
   </trkpt>
   <trkpt lat="42.88242" lon="0.12273">
    <ele>1895.8700000000001</ele>
   </trkpt>
   <trkpt lat="42.88241" lon="0.12292000000000002">
    <ele>1896.24</ele>
   </trkpt>
   <trkpt lat="42.88243000000001" lon="0.12318000000000001">
    <ele>1896.97</ele>
   </trkpt>
   <trkpt lat="42.88242" lon="0.12332000000000001">
    <ele>1897.82</ele>
   </trkpt>
   <trkpt lat="42.88243000000001" lon="0.12372000000000001">
    <ele>1898.42</ele>
   </trkpt>
   <trkpt lat="42.8825" lon="0.12423000000000001">
    <ele>1897.8400000000001</ele>
   </trkpt>
   <trkpt lat="42.88264" lon="0.12467000000000002">
    <ele>1896.51</ele>
   </trkpt>
   <trkpt lat="42.88264" lon="0.12474">
    <ele>1896.51</ele>
   </trkpt>
   <trkpt lat="42.882630000000006" lon="0.12481">
    <ele>1895.7</ele>
   </trkpt>
   <trkpt lat="42.88257" lon="0.12489000000000001">
    <ele>1895.3500000000001</ele>
   </trkpt>
   <trkpt lat="42.88251" lon="0.12488">
    <ele>1895.28</ele>
   </trkpt>
   <trkpt lat="42.882490000000004" lon="0.12489000000000001">
    <ele>1895.28</ele>
   </trkpt>
   <trkpt lat="42.88239" lon="0.12518">
    <ele>1895.1700000000003</ele>
   </trkpt>
   <trkpt lat="42.88235" lon="0.12523">
    <ele>1895.2700000000002</ele>
   </trkpt>
   <trkpt lat="42.882310000000004" lon="0.12535000000000002">
    <ele>1895.4100000000003</ele>
   </trkpt>
   <trkpt lat="42.88226" lon="0.12559">
    <ele>1896.39</ele>
   </trkpt>
   <trkpt lat="42.882200000000005" lon="0.12560000000000002">
    <ele>1896.39</ele>
   </trkpt>
   <trkpt lat="42.882110000000004" lon="0.12546000000000002">
    <ele>1897.3700000000001</ele>
   </trkpt>
   <trkpt lat="42.882070000000006" lon="0.12546000000000002">
    <ele>1897.3700000000001</ele>
   </trkpt>
   <trkpt lat="42.882020000000004" lon="0.12553">
    <ele>1898.3</ele>
   </trkpt>
   <trkpt lat="42.882000000000005" lon="0.12563000000000002">
    <ele>1898.3</ele>
   </trkpt>
   <trkpt lat="42.88199" lon="0.12591000000000002">
    <ele>1902.6000000000001</ele>
   </trkpt>
   <trkpt lat="42.882020000000004" lon="0.12611">
    <ele>1904.94</ele>
   </trkpt>
   <trkpt lat="42.88199" lon="0.12621000000000002">
    <ele>1907.14</ele>
   </trkpt>
   <trkpt lat="42.88201" lon="0.12647">
    <ele>1910.3200000000002</ele>
   </trkpt>
   <trkpt lat="42.882000000000005" lon="0.12660000000000002">
    <ele>1911.8400000000001</ele>
   </trkpt>
   <trkpt lat="42.88203" lon="0.12683">
    <ele>1916.8400000000001</ele>
   </trkpt>
   <trkpt lat="42.88197" lon="0.12717">
    <ele>1918.67</ele>
   </trkpt>
   <trkpt lat="42.88201" lon="0.12736">
    <ele>1919.82</ele>
   </trkpt>
   <trkpt lat="42.882000000000005" lon="0.12751">
    <ele>1920.2100000000003</ele>
   </trkpt>
   <trkpt lat="42.88196000000001" lon="0.12767">
    <ele>1920.4500000000003</ele>
   </trkpt>
   <trkpt lat="42.882000000000005" lon="0.12775">
    <ele>1920.7</ele>
   </trkpt>
   <trkpt lat="42.882360000000006" lon="0.12798">
    <ele>1920.88</ele>
   </trkpt>
   <trkpt lat="42.88237" lon="0.128">
    <ele>1920.88</ele>
   </trkpt>
   <trkpt lat="42.882290000000005" lon="0.12831">
    <ele>1922.7200000000003</ele>
   </trkpt>
   <trkpt lat="42.88226" lon="0.12837">
    <ele>1923.7800000000002</ele>
   </trkpt>
   <trkpt lat="42.88224" lon="0.12867">
    <ele>1927.4400000000003</ele>
   </trkpt>
   <trkpt lat="42.88214000000001" lon="0.12895">
    <ele>1930.39</ele>
   </trkpt>
   <trkpt lat="42.88215" lon="0.12902000000000002">
    <ele>1931.2000000000003</ele>
   </trkpt>
   <trkpt lat="42.882220000000004" lon="0.12905">
    <ele>1932.2700000000002</ele>
   </trkpt>
   <trkpt lat="42.88228" lon="0.12904000000000002">
    <ele>1933.55</ele>
   </trkpt>
   <trkpt lat="42.882290000000005" lon="0.12910000000000002">
    <ele>1937.93</ele>
   </trkpt>
   <trkpt lat="42.88217" lon="0.12935000000000002">
    <ele>1942.89</ele>
   </trkpt>
   <trkpt lat="42.882130000000004" lon="0.12951000000000001">
    <ele>1944.5700000000002</ele>
   </trkpt>
   <trkpt lat="42.88201" lon="0.13034">
    <ele>1951.01</ele>
   </trkpt>
   <trkpt lat="42.88183" lon="0.13088000000000002">
    <ele>1949.3700000000001</ele>
   </trkpt>
   <trkpt lat="42.881780000000006" lon="0.13118000000000002">
    <ele>1949.8600000000001</ele>
   </trkpt>
   <trkpt lat="42.88177" lon="0.13134">
    <ele>1950.89</ele>
   </trkpt>
   <trkpt lat="42.88161" lon="0.13187000000000001">
    <ele>1956.6000000000001</ele>
   </trkpt>
   <trkpt lat="42.881550000000004" lon="0.13213">
    <ele>1957.96</ele>
   </trkpt>
   <trkpt lat="42.88156" lon="0.13233">
    <ele>1958.8100000000002</ele>
   </trkpt>
   <trkpt lat="42.8815" lon="0.13272">
    <ele>1959.14</ele>
   </trkpt>
   <trkpt lat="42.88143" lon="0.13291">
    <ele>1958.88</ele>
   </trkpt>
   <trkpt lat="42.88143" lon="0.13319">
    <ele>1957.21</ele>
   </trkpt>
   <trkpt lat="42.88139" lon="0.13343000000000002">
    <ele>1955.41</ele>
   </trkpt>
   <trkpt lat="42.88139" lon="0.13354000000000002">
    <ele>1953.8200000000002</ele>
   </trkpt>
   <trkpt lat="42.88145" lon="0.13371000000000002">
    <ele>1952.5700000000002</ele>
   </trkpt>
   <trkpt lat="42.881530000000005" lon="0.13383">
    <ele>1952.89</ele>
   </trkpt>
   <trkpt lat="42.881620000000005" lon="0.13409000000000001">
    <ele>1954.5</ele>
   </trkpt>
   <trkpt lat="42.88165" lon="0.13409000000000001">
    <ele>1954.5</ele>
   </trkpt>
   <trkpt lat="42.881660000000004" lon="0.13417">
    <ele>1954.5</ele>
   </trkpt>
   <trkpt lat="42.88148" lon="0.13495000000000001">
    <ele>1958.29</ele>
   </trkpt>
   <trkpt lat="42.881400000000006" lon="0.13507000000000002">
    <ele>1960.1100000000001</ele>
   </trkpt>
   <trkpt lat="42.881190000000004" lon="0.13521000000000002">
    <ele>1960.65</ele>
   </trkpt>
   <trkpt lat="42.881150000000005" lon="0.13528">
    <ele>1960.6100000000001</ele>
   </trkpt>
   <trkpt lat="42.88107" lon="0.1355">
    <ele>1961.75</ele>
   </trkpt>
   <trkpt lat="42.881" lon="0.13561">
    <ele>1963.1600000000003</ele>
   </trkpt>
   <trkpt lat="42.880970000000005" lon="0.13573000000000002">
    <ele>1964.0600000000002</ele>
   </trkpt>
   <trkpt lat="42.88094" lon="0.13576000000000002">
    <ele>1964.56</ele>
   </trkpt>
   <trkpt lat="42.88092" lon="0.13587000000000002">
    <ele>1965.15</ele>
   </trkpt>
   <trkpt lat="42.88094" lon="0.13591">
    <ele>1965.89</ele>
   </trkpt>
   <trkpt lat="42.881" lon="0.13587000000000002">
    <ele>1967.9700000000003</ele>
   </trkpt>
   <trkpt lat="42.88102000000001" lon="0.13587000000000002">
    <ele>1967.9700000000003</ele>
   </trkpt>
   <trkpt lat="42.881040000000006" lon="0.13591">
    <ele>1969.3200000000002</ele>
   </trkpt>
   <trkpt lat="42.88103" lon="0.13618000000000002">
    <ele>1979.1100000000001</ele>
   </trkpt>
   <trkpt lat="42.88098" lon="0.13638">
    <ele>1982.3600000000001</ele>
   </trkpt>
   <trkpt lat="42.880970000000005" lon="0.13659000000000002">
    <ele>1985.5000000000002</ele>
   </trkpt>
   <trkpt lat="42.88098" lon="0.13661">
    <ele>1985.5000000000002</ele>
   </trkpt>
   <trkpt lat="42.88105" lon="0.13664">
    <ele>1991.4900000000002</ele>
   </trkpt>
   <trkpt lat="42.881040000000006" lon="0.13676000000000002">
    <ele>1994.43</ele>
   </trkpt>
   <trkpt lat="42.881060000000005" lon="0.1368">
    <ele>1994.43</ele>
   </trkpt>
   <trkpt lat="42.88105" lon="0.13702">
    <ele>1999.5600000000002</ele>
   </trkpt>
   <trkpt lat="42.88101" lon="0.13712000000000002">
    <ele>2001.4199999999998</ele>
   </trkpt>
   <trkpt lat="42.881" lon="0.13738">
    <ele>2005.6800000000003</ele>
   </trkpt>
   <trkpt lat="42.880970000000005" lon="0.13746">
    <ele>2005.6800000000003</ele>
   </trkpt>
   <trkpt lat="42.880880000000005" lon="0.13790000000000002">
    <ele>2009.4700000000003</ele>
   </trkpt>
   <trkpt lat="42.880860000000006" lon="0.13807">
    <ele>2010.5300000000002</ele>
   </trkpt>
   <trkpt lat="42.88082000000001" lon="0.13811">
    <ele>2011.0900000000001</ele>
   </trkpt>
   <trkpt lat="42.880750000000006" lon="0.13812000000000002">
    <ele>2011.7100000000003</ele>
   </trkpt>
   <trkpt lat="42.8806" lon="0.13804000000000002">
    <ele>2014.38</ele>
   </trkpt>
   <trkpt lat="42.88047" lon="0.13791">
    <ele>2015.8100000000002</ele>
   </trkpt>
   <trkpt lat="42.88038" lon="0.13785">
    <ele>2017.01</ele>
   </trkpt>
   <trkpt lat="42.880230000000005" lon="0.13785">
    <ele>2017.7800000000002</ele>
   </trkpt>
   <trkpt lat="42.880160000000004" lon="0.13792000000000001">
    <ele>2019.33</ele>
   </trkpt>
   <trkpt lat="42.87999000000001" lon="0.138">
    <ele>2021.3</ele>
   </trkpt>
   <trkpt lat="42.879810000000006" lon="0.13832">
    <ele>2023.8500000000004</ele>
   </trkpt>
   <trkpt lat="42.87973" lon="0.13894">
    <ele>2029.03</ele>
   </trkpt>
   <trkpt lat="42.87957" lon="0.13920000000000002">
    <ele>2033.3200000000002</ele>
   </trkpt>
   <trkpt lat="42.87955" lon="0.13942000000000002">
    <ele>2039.0200000000002</ele>
   </trkpt>
   <trkpt lat="42.87944" lon="0.13981000000000002">
    <ele>2045.4000000000003</ele>
   </trkpt>
   <trkpt lat="42.87946" lon="0.13989000000000001">
    <ele>2046.3</ele>
   </trkpt>
   <trkpt lat="42.87946" lon="0.14036">
    <ele>2049.48</ele>
   </trkpt>
   <trkpt lat="42.879360000000005" lon="0.14087000000000002">
    <ele>2053.68</ele>
   </trkpt>
   <trkpt lat="42.879290000000005" lon="0.14104">
    <ele>2056.03</ele>
   </trkpt>
   <trkpt lat="42.879250000000006" lon="0.14106000000000002">
    <ele>2058.76</ele>
   </trkpt>
   <trkpt lat="42.87915" lon="0.14139000000000002">
    <ele>2064.7900000000004</ele>
   </trkpt>
   <trkpt lat="42.87904" lon="0.14151000000000002">
    <ele>2064.78</ele>
   </trkpt>
   <trkpt lat="42.879000000000005" lon="0.14159000000000002">
    <ele>2064.44</ele>
   </trkpt>
   <trkpt lat="42.879000000000005" lon="0.14195000000000002">
    <ele>2066.4900000000002</ele>
   </trkpt>
   <trkpt lat="42.878890000000006" lon="0.14253000000000002">
    <ele>2068.75</ele>
   </trkpt>
   <trkpt lat="42.87886" lon="0.14258">
    <ele>2068.73</ele>
   </trkpt>
   <trkpt lat="42.87877" lon="0.14285">
    <ele>2068.57</ele>
   </trkpt>
   <trkpt lat="42.87872" lon="0.14288">
    <ele>2068.6</ele>
   </trkpt>
   <trkpt lat="42.87867000000001" lon="0.14298000000000002">
    <ele>2068.9100000000003</ele>
   </trkpt>
   <trkpt lat="42.87854" lon="0.1431">
    <ele>2069.82</ele>
   </trkpt>
   <trkpt lat="42.87848" lon="0.1433">
    <ele>2070.44</ele>
   </trkpt>
   <trkpt lat="42.878350000000005" lon="0.14357">
    <ele>2071.18</ele>
   </trkpt>
   <trkpt lat="42.87829000000001" lon="0.14382">
    <ele>2072.01</ele>
   </trkpt>
   <trkpt lat="42.87814" lon="0.14426">
    <ele>2074.4800000000005</ele>
   </trkpt>
   <trkpt lat="42.878170000000004" lon="0.14473000000000003">
    <ele>2080.2400000000002</ele>
   </trkpt>
   <trkpt lat="42.87814" lon="0.14495000000000002">
    <ele>2083.6</ele>
   </trkpt>
   <trkpt lat="42.87811000000001" lon="0.14499">
    <ele>2084.62</ele>
   </trkpt>
   <trkpt lat="42.8781" lon="0.14537">
    <ele>2088.47</ele>
   </trkpt>
   <trkpt lat="42.87803" lon="0.14571">
    <ele>2089.82</ele>
   </trkpt>
   <trkpt lat="42.877930000000006" lon="0.14591">
    <ele>2092.7200000000003</ele>
   </trkpt>
   <trkpt lat="42.87787" lon="0.14596">
    <ele>2094.11</ele>
   </trkpt>
   <trkpt lat="42.87769" lon="0.14597000000000002">
    <ele>2095.81</ele>
   </trkpt>
   <trkpt lat="42.87729" lon="0.1459">
    <ele>2098.7500000000005</ele>
   </trkpt>
   <trkpt lat="42.87709" lon="0.14599">
    <ele>2106.77</ele>
   </trkpt>
   <trkpt lat="42.87706" lon="0.14599">
    <ele>2106.77</ele>
   </trkpt>
   <trkpt lat="42.87697" lon="0.1461">
    <ele>2109.38</ele>
   </trkpt>
   <trkpt lat="42.87689" lon="0.14612">
    <ele>2111.59</ele>
   </trkpt>
   <trkpt lat="42.876830000000005" lon="0.14618">
    <ele>2113.35</ele>
   </trkpt>
   <trkpt lat="42.87682" lon="0.14623">
    <ele>2113.35</ele>
   </trkpt>
   <trkpt lat="42.87671" lon="0.14633000000000002">
    <ele>2115.31</ele>
   </trkpt>
   <trkpt lat="42.876580000000004" lon="0.14669000000000001">
    <ele>2116.1000000000004</ele>
   </trkpt>
   <trkpt lat="42.876540000000006" lon="0.14673">
    <ele>2116.1000000000004</ele>
   </trkpt>
   <trkpt lat="42.876540000000006" lon="0.14678000000000002">
    <ele>2116.14</ele>
   </trkpt>
   <trkpt lat="42.876430000000006" lon="0.14699">
    <ele>2116.3100000000004</ele>
   </trkpt>
   <trkpt lat="42.87639" lon="0.14715">
    <ele>2116.84</ele>
   </trkpt>
   <trkpt lat="42.87628" lon="0.14733000000000002">
    <ele>2118.15</ele>
   </trkpt>
   <trkpt lat="42.87622" lon="0.14747000000000002">
    <ele>2118.69</ele>
   </trkpt>
   <trkpt lat="42.87619" lon="0.14764000000000002">
    <ele>2119.44</ele>
   </trkpt>
   <trkpt lat="42.876090000000005" lon="0.14782">
    <ele>2120.19</ele>
   </trkpt>
   <trkpt lat="42.87597" lon="0.14794000000000002">
    <ele>2121.55</ele>
   </trkpt>
   <trkpt lat="42.87595" lon="0.14808000000000002">
    <ele>2122.1</ele>
   </trkpt>
   <trkpt lat="42.8759" lon="0.14819000000000002">
    <ele>2122.67</ele>
   </trkpt>
   <trkpt lat="42.87576000000001" lon="0.14837">
    <ele>2123.65</ele>
   </trkpt>
   <trkpt lat="42.8757" lon="0.14841000000000001">
    <ele>2123.65</ele>
   </trkpt>
   <trkpt lat="42.875640000000004" lon="0.14851">
    <ele>2124.8300000000004</ele>
   </trkpt>
   <trkpt lat="42.875620000000005" lon="0.14864000000000002">
    <ele>2125.1600000000003</ele>
   </trkpt>
   <trkpt lat="42.875490000000006" lon="0.14889000000000002">
    <ele>2128.0400000000004</ele>
   </trkpt>
   <trkpt lat="42.875460000000004" lon="0.14892000000000002">
    <ele>2128.6200000000003</ele>
   </trkpt>
   <trkpt lat="42.875400000000006" lon="0.14906000000000003">
    <ele>2130.2700000000004</ele>
   </trkpt>
   <trkpt lat="42.875330000000005" lon="0.14941000000000002">
    <ele>2134.58</ele>
   </trkpt>
   <trkpt lat="42.875310000000006" lon="0.14967000000000003">
    <ele>2136.8500000000004</ele>
   </trkpt>
   <trkpt lat="42.875220000000006" lon="0.15028000000000002">
    <ele>2142.88</ele>
   </trkpt>
   <trkpt lat="42.87520000000001" lon="0.15088000000000001">
    <ele>2145.44</ele>
   </trkpt>
   <trkpt lat="42.87521" lon="0.15108000000000002">
    <ele>2146.1</ele>
   </trkpt>
   <trkpt lat="42.87519" lon="0.15129">
    <ele>2147.0299999999997</ele>
   </trkpt>
   <trkpt lat="42.87516" lon="0.15137">
    <ele>2147.2999999999997</ele>
   </trkpt>
   <trkpt lat="42.875150000000005" lon="0.15147000000000002">
    <ele>2147.61</ele>
   </trkpt>
   <trkpt lat="42.87520000000001" lon="0.15187">
    <ele>2150.1800000000003</ele>
   </trkpt>
   <trkpt lat="42.875150000000005" lon="0.15197000000000002">
    <ele>2151.76</ele>
   </trkpt>
   <trkpt lat="42.8751" lon="0.15202000000000002">
    <ele>2151.76</ele>
   </trkpt>
   <trkpt lat="42.87496" lon="0.15206">
    <ele>2152.39</ele>
   </trkpt>
   <trkpt lat="42.87489" lon="0.15243">
    <ele>2153.68</ele>
   </trkpt>
   <trkpt lat="42.874750000000006" lon="0.15269000000000002">
    <ele>2155.4900000000002</ele>
   </trkpt>
   <trkpt lat="42.874680000000005" lon="0.15299000000000001">
    <ele>2158.3900000000003</ele>
   </trkpt>
   <trkpt lat="42.87473000000001" lon="0.15364">
    <ele>2161.1000000000004</ele>
   </trkpt>
   <trkpt lat="42.87489" lon="0.1539">
    <ele>2159.8</ele>
   </trkpt>
   <trkpt lat="42.875060000000005" lon="0.15400000000000003">
    <ele>2158.79</ele>
   </trkpt>
   <trkpt lat="42.875280000000004" lon="0.15386000000000002">
    <ele>2158.32</ele>
   </trkpt>
   <trkpt lat="42.875440000000005" lon="0.15381">
    <ele>2159.23</ele>
   </trkpt>
   <trkpt lat="42.875640000000004" lon="0.15400000000000003">
    <ele>2162.0099999999998</ele>
   </trkpt>
   <trkpt lat="42.875820000000004" lon="0.15443">
    <ele>2166.63</ele>
   </trkpt>
   <trkpt lat="42.87613" lon="0.15491000000000002">
    <ele>2174.6800000000003</ele>
   </trkpt>
   <trkpt lat="42.87613" lon="0.15506">
    <ele>2175.15</ele>
   </trkpt>
   <trkpt lat="42.876180000000005" lon="0.15535000000000002">
    <ele>2178.53</ele>
   </trkpt>
   <trkpt lat="42.87623000000001" lon="0.15554">
    <ele>2179.57</ele>
   </trkpt>
   <trkpt lat="42.87626" lon="0.15559">
    <ele>2179.92</ele>
   </trkpt>
   <trkpt lat="42.876400000000004" lon="0.15572000000000003">
    <ele>2182.2000000000003</ele>
   </trkpt>
   <trkpt lat="42.87655" lon="0.15602000000000002">
    <ele>2186.77</ele>
   </trkpt>
   <trkpt lat="42.8766" lon="0.15616000000000002">
    <ele>2189.05</ele>
   </trkpt>
   <trkpt lat="42.876670000000004" lon="0.15621000000000002">
    <ele>2193.07</ele>
   </trkpt>
   <trkpt lat="42.87686" lon="0.15643">
    <ele>2197.89</ele>
   </trkpt>
   <trkpt lat="42.87689" lon="0.1565">
    <ele>2198.3900000000003</ele>
   </trkpt>
   <trkpt lat="42.87702" lon="0.15717">
    <ele>2199.6800000000003</ele>
   </trkpt>
   <trkpt lat="42.87711" lon="0.15755000000000002">
    <ele>2199.16</ele>
   </trkpt>
   <trkpt lat="42.877210000000005" lon="0.15788000000000002">
    <ele>2199.2200000000003</ele>
   </trkpt>
   <trkpt lat="42.877300000000005" lon="0.15796000000000002">
    <ele>2199.9300000000003</ele>
   </trkpt>
   <trkpt lat="42.87742" lon="0.15819000000000003">
    <ele>2202.35</ele>
   </trkpt>
   <trkpt lat="42.87747" lon="0.1584">
    <ele>2202.63</ele>
   </trkpt>
   <trkpt lat="42.87749" lon="0.15892">
    <ele>2206.26</ele>
   </trkpt>
   <trkpt lat="42.87767" lon="0.15938000000000002">
    <ele>2209.78</ele>
   </trkpt>
   <trkpt lat="42.87767" lon="0.15944000000000003">
    <ele>2210.3900000000003</ele>
   </trkpt>
   <trkpt lat="42.877720000000004" lon="0.15965000000000001">
    <ele>2212.84</ele>
   </trkpt>
   <trkpt lat="42.877700000000004" lon="0.15974000000000002">
    <ele>2215.7</ele>
   </trkpt>
   <trkpt lat="42.87769" lon="0.15998">
    <ele>2217.94</ele>
   </trkpt>
   <trkpt lat="42.87771" lon="0.16025">
    <ele>2219.7200000000003</ele>
   </trkpt>
   <trkpt lat="42.877700000000004" lon="0.16058">
    <ele>2224.4300000000003</ele>
   </trkpt>
   <trkpt lat="42.877770000000005" lon="0.16077000000000002">
    <ele>2225.63</ele>
   </trkpt>
   <trkpt lat="42.877770000000005" lon="0.16083">
    <ele>2225.73</ele>
   </trkpt>
   <trkpt lat="42.87785" lon="0.16102000000000002">
    <ele>2224.66</ele>
   </trkpt>
   <trkpt lat="42.87776" lon="0.1612">
    <ele>2225.08</ele>
   </trkpt>
   <trkpt lat="42.87765" lon="0.16158">
    <ele>2229.0499999999997</ele>
   </trkpt>
   <trkpt lat="42.87762" lon="0.16183">
    <ele>2230.7300000000005</ele>
   </trkpt>
   <trkpt lat="42.87758" lon="0.16194">
    <ele>2230.8500000000004</ele>
   </trkpt>
   <trkpt lat="42.87758" lon="0.16206">
    <ele>2231.1800000000003</ele>
   </trkpt>
   <trkpt lat="42.87744" lon="0.16218000000000002">
    <ele>2233.0</ele>
   </trkpt>
   <trkpt lat="42.877370000000006" lon="0.16233">
    <ele>2236.96</ele>
   </trkpt>
   <trkpt lat="42.877320000000005" lon="0.16251000000000002">
    <ele>2239.19</ele>
   </trkpt>
   <trkpt lat="42.877340000000004" lon="0.16258">
    <ele>2241.7000000000003</ele>
   </trkpt>
   <trkpt lat="42.877320000000005" lon="0.16265000000000002">
    <ele>2241.7000000000003</ele>
   </trkpt>
   <trkpt lat="42.877320000000005" lon="0.16279000000000002">
    <ele>2249.9800000000005</ele>
   </trkpt>
   <trkpt lat="42.87726000000001" lon="0.163">
    <ele>2251.3</ele>
   </trkpt>
   <trkpt lat="42.877210000000005" lon="0.16305">
    <ele>2252.5099999999998</ele>
   </trkpt>
   <trkpt lat="42.8772" lon="0.16314">
    <ele>2254.51</ele>
   </trkpt>
   <trkpt lat="42.87724" lon="0.16359">
    <ele>2258.54</ele>
   </trkpt>
   <trkpt lat="42.8772" lon="0.16425">
    <ele>2261.27</ele>
   </trkpt>
   <trkpt lat="42.87713" lon="0.16473000000000002">
    <ele>2264.7700000000004</ele>
   </trkpt>
   <trkpt lat="42.877010000000006" lon="0.16492">
    <ele>2265.55</ele>
   </trkpt>
   <trkpt lat="42.876960000000004" lon="0.16511">
    <ele>2264.9900000000002</ele>
   </trkpt>
   <trkpt lat="42.876850000000005" lon="0.16534000000000001">
    <ele>2265.87</ele>
   </trkpt>
   <trkpt lat="42.87673" lon="0.16572">
    <ele>2269.9500000000003</ele>
   </trkpt>
   <trkpt lat="42.87673" lon="0.16594">
    <ele>2274.07</ele>
   </trkpt>
   <trkpt lat="42.87666" lon="0.16621000000000002">
    <ele>2276.5</ele>
   </trkpt>
   <trkpt lat="42.87639" lon="0.16677">
    <ele>2286.1200000000003</ele>
   </trkpt>
   <trkpt lat="42.876070000000006" lon="0.16765000000000002">
    <ele>2296.85</ele>
   </trkpt>
   <trkpt lat="42.87597" lon="0.16784000000000002">
    <ele>2301.75</ele>
   </trkpt>
   <trkpt lat="42.875910000000005" lon="0.16816">
    <ele>2306.3100000000004</ele>
   </trkpt>
   <trkpt lat="42.875910000000005" lon="0.16843000000000002">
    <ele>2312.67</ele>
   </trkpt>
   <trkpt lat="42.875820000000004" lon="0.16854000000000002">
    <ele>2315.76</ele>
   </trkpt>
   <trkpt lat="42.875800000000005" lon="0.16860000000000003">
    <ele>2320.55</ele>
   </trkpt>
   <trkpt lat="42.875780000000006" lon="0.16861">
    <ele>2320.55</ele>
   </trkpt>
   <trkpt lat="42.87568" lon="0.16857000000000003">
    <ele>2323.8500000000004</ele>
   </trkpt>
   <trkpt lat="42.875620000000005" lon="0.16865000000000002">
    <ele>2325.59</ele>
   </trkpt>
   <trkpt lat="42.87561" lon="0.16868000000000002">
    <ele>2325.59</ele>
   </trkpt>
   <trkpt lat="42.87563" lon="0.16871000000000003">
    <ele>2325.59</ele>
   </trkpt>
   <trkpt lat="42.875600000000006" lon="0.16877">
    <ele>2332.82</ele>
   </trkpt>
   <trkpt lat="42.87559" lon="0.16888">
    <ele>2334.5</ele>
   </trkpt>
   <trkpt lat="42.87545" lon="0.16926000000000002">
    <ele>2340.84</ele>
   </trkpt>
   <trkpt lat="42.875460000000004" lon="0.16952">
    <ele>2344.07</ele>
   </trkpt>
   <trkpt lat="42.87539" lon="0.16958">
    <ele>2346.76</ele>
   </trkpt>
   <trkpt lat="42.87532" lon="0.16985">
    <ele>2353.1600000000003</ele>
   </trkpt>
   <trkpt lat="42.87525" lon="0.16995000000000002">
    <ele>2356.34</ele>
   </trkpt>
   <trkpt lat="42.87521" lon="0.16997">
    <ele>2359.3300000000004</ele>
   </trkpt>
   <trkpt lat="42.875170000000004" lon="0.17005">
    <ele>2362.14</ele>
   </trkpt>
   <trkpt lat="42.87512" lon="0.17028000000000001">
    <ele>2365.96</ele>
   </trkpt>
   <trkpt lat="42.875060000000005" lon="0.17037000000000002">
    <ele>2368.19</ele>
   </trkpt>
   <trkpt lat="42.87503" lon="0.17055">
    <ele>2371.15</ele>
   </trkpt>
   <trkpt lat="42.874930000000006" lon="0.17083">
    <ele>2378.7000000000003</ele>
   </trkpt>
   <trkpt lat="42.87491000000001" lon="0.17085">
    <ele>2378.7000000000003</ele>
   </trkpt>
   <trkpt lat="42.874880000000005" lon="0.17083">
    <ele>2378.7000000000003</ele>
   </trkpt>
   <trkpt lat="42.874860000000005" lon="0.17085">
    <ele>2381.82</ele>
   </trkpt>
   <trkpt lat="42.87487" lon="0.17094">
    <ele>2381.82</ele>
   </trkpt>
   <trkpt lat="42.87485" lon="0.17095000000000002">
    <ele>2381.82</ele>
   </trkpt>
   <trkpt lat="42.874840000000006" lon="0.17103000000000002">
    <ele>2385.1600000000003</ele>
   </trkpt>
   <trkpt lat="42.874790000000004" lon="0.17101000000000002">
    <ele>2388.73</ele>
   </trkpt>
   <trkpt lat="42.87478" lon="0.17102">
    <ele>2388.73</ele>
   </trkpt>
   <trkpt lat="42.87476" lon="0.17124">
    <ele>2396.15</ele>
   </trkpt>
   <trkpt lat="42.874590000000005" lon="0.17119">
    <ele>2401.38</ele>
   </trkpt>
   <trkpt lat="42.87458" lon="0.17120000000000002">
    <ele>2401.38</ele>
   </trkpt>
   <trkpt lat="42.874590000000005" lon="0.17129000000000003">
    <ele>2404.65</ele>
   </trkpt>
   <trkpt lat="42.87458" lon="0.17131000000000002">
    <ele>2404.65</ele>
   </trkpt>
   <trkpt lat="42.874550000000006" lon="0.1713">
    <ele>2404.65</ele>
   </trkpt>
   <trkpt lat="42.87454" lon="0.17131000000000002">
    <ele>2404.65</ele>
   </trkpt>
   <trkpt lat="42.874570000000006" lon="0.17141">
    <ele>2410.9900000000002</ele>
   </trkpt>
   <trkpt lat="42.87449" lon="0.17142000000000002">
    <ele>2410.9900000000002</ele>
   </trkpt>
   <trkpt lat="42.874460000000006" lon="0.17140000000000002">
    <ele>2410.9900000000002</ele>
   </trkpt>
   <trkpt lat="42.87445" lon="0.17142000000000002">
    <ele>2417.6000000000004</ele>
   </trkpt>
   <trkpt lat="42.87438" lon="0.17144">
    <ele>2417.6000000000004</ele>
   </trkpt>
   <trkpt lat="42.87436" lon="0.17146">
    <ele>2417.6000000000004</ele>
   </trkpt>
   <trkpt lat="42.8744" lon="0.17156000000000002">
    <ele>2420.98</ele>
   </trkpt>
   <trkpt lat="42.87438" lon="0.17177">
    <ele>2424.58</ele>
   </trkpt>
   <trkpt lat="42.874300000000005" lon="0.17184000000000002">
    <ele>2438.0</ele>
   </trkpt>
   <trkpt lat="42.87429" lon="0.17192000000000002">
    <ele>2438.0</ele>
   </trkpt>
   <trkpt lat="42.8742" lon="0.17204000000000003">
    <ele>2438.0</ele>
   </trkpt>
   <trkpt lat="42.87407" lon="0.17205">
    <ele>2445.0200000000004</ele>
   </trkpt>
   <trkpt lat="42.87402" lon="0.17203000000000002">
    <ele>2445.0200000000004</ele>
   </trkpt>
   <trkpt lat="42.873960000000004" lon="0.17203000000000002">
    <ele>2445.0200000000004</ele>
   </trkpt>
   <trkpt lat="42.87384" lon="0.1721">
    <ele>2452.76</ele>
   </trkpt>
   <trkpt lat="42.873740000000005" lon="0.17211">
    <ele>2455.56</ele>
   </trkpt>
   <trkpt lat="42.873610000000006" lon="0.17209000000000002">
    <ele>2456.6000000000004</ele>
   </trkpt>
   <trkpt lat="42.873560000000005" lon="0.1721">
    <ele>2455.41</ele>
   </trkpt>
   <trkpt lat="42.873450000000005" lon="0.17245000000000002">
    <ele>2444.2000000000003</ele>
   </trkpt>
   <trkpt lat="42.87351" lon="0.1728">
    <ele>2437.5</ele>
   </trkpt>
   <trkpt lat="42.873580000000004" lon="0.17294">
    <ele>2435.17</ele>
   </trkpt>
   <trkpt lat="42.873670000000004" lon="0.17303000000000002">
    <ele>2433.23</ele>
   </trkpt>
   <trkpt lat="42.87377" lon="0.17333">
    <ele>2427.48</ele>
   </trkpt>
   <trkpt lat="42.873900000000006" lon="0.17361000000000001">
    <ele>2421.88</ele>
   </trkpt>
   <trkpt lat="42.873940000000005" lon="0.17378000000000002">
    <ele>2420.17</ele>
   </trkpt>
   <trkpt lat="42.87395" lon="0.17464000000000002">
    <ele>2403.68</ele>
   </trkpt>
   <trkpt lat="42.87402" lon="0.17495000000000002">
    <ele>2400.94</ele>
   </trkpt>
   <trkpt lat="42.87416" lon="0.17527">
    <ele>2402.93</ele>
   </trkpt>
   <trkpt lat="42.87413" lon="0.17543">
    <ele>2401.06</ele>
   </trkpt>
   <trkpt lat="42.874010000000006" lon="0.17570000000000002">
    <ele>2394.3800000000006</ele>
   </trkpt>
   <trkpt lat="42.87406" lon="0.17588">
    <ele>2391.35</ele>
   </trkpt>
   <trkpt lat="42.87407" lon="0.17620000000000002">
    <ele>2387.77</ele>
   </trkpt>
   <trkpt lat="42.874" lon="0.17650000000000002">
    <ele>2379.1200000000003</ele>
   </trkpt>
   <trkpt lat="42.873940000000005" lon="0.17655">
    <ele>2379.1200000000003</ele>
   </trkpt>
   <trkpt lat="42.87371" lon="0.17691">
    <ele>2369.72</ele>
   </trkpt>
   <trkpt lat="42.8736" lon="0.17718">
    <ele>2362.38</ele>
   </trkpt>
   <trkpt lat="42.87339" lon="0.17754">
    <ele>2353.9500000000003</ele>
   </trkpt>
   <trkpt lat="42.873270000000005" lon="0.17769000000000001">
    <ele>2351.36</ele>
   </trkpt>
   <trkpt lat="42.87317" lon="0.17787000000000003">
    <ele>2344.6900000000005</ele>
   </trkpt>
   <trkpt lat="42.873070000000006" lon="0.17799">
    <ele>2341.39</ele>
   </trkpt>
   <trkpt lat="42.872890000000005" lon="0.17826">
    <ele>2336.6600000000003</ele>
   </trkpt>
   <trkpt lat="42.872840000000004" lon="0.1784">
    <ele>2334.9300000000003</ele>
   </trkpt>
   <trkpt lat="42.87281" lon="0.17843">
    <ele>2334.11</ele>
   </trkpt>
   <trkpt lat="42.872780000000006" lon="0.17854">
    <ele>2333.34</ele>
   </trkpt>
   <trkpt lat="42.87275" lon="0.17858000000000002">
    <ele>2333.34</ele>
   </trkpt>
   <trkpt lat="42.87268" lon="0.17861000000000002">
    <ele>2329.6200000000003</ele>
   </trkpt>
   <trkpt lat="42.87252" lon="0.17877">
    <ele>2327.5800000000004</ele>
   </trkpt>
   <trkpt lat="42.872460000000004" lon="0.17888">
    <ele>2326.4300000000003</ele>
   </trkpt>
   <trkpt lat="42.872130000000006" lon="0.17925000000000002">
    <ele>2324.94</ele>
   </trkpt>
   <trkpt lat="42.87209" lon="0.17937">
    <ele>2325.05</ele>
   </trkpt>
   <trkpt lat="42.872080000000004" lon="0.17976">
    <ele>2325.5000000000005</ele>
   </trkpt>
   <trkpt lat="42.87209" lon="0.17982">
    <ele>2325.24</ele>
   </trkpt>
   <trkpt lat="42.87214" lon="0.17989000000000002">
    <ele>2324.44</ele>
   </trkpt>
   <trkpt lat="42.872150000000005" lon="0.18018">
    <ele>2322.23</ele>
   </trkpt>
   <trkpt lat="42.87221" lon="0.18031000000000003">
    <ele>2321.04</ele>
   </trkpt>
   <trkpt lat="42.87223" lon="0.18079">
    <ele>2323.8100000000004</ele>
   </trkpt>
   <trkpt lat="42.87227" lon="0.18115">
    <ele>2324.91</ele>
   </trkpt>
   <trkpt lat="42.872170000000004" lon="0.18133000000000002">
    <ele>2324.34</ele>
   </trkpt>
   <trkpt lat="42.872150000000005" lon="0.18142000000000003">
    <ele>2324.34</ele>
   </trkpt>
   <trkpt lat="42.872220000000006" lon="0.18159">
    <ele>2323.57</ele>
   </trkpt>
   <trkpt lat="42.87236" lon="0.18171">
    <ele>2321.6200000000003</ele>
   </trkpt>
   <trkpt lat="42.87238000000001" lon="0.18179">
    <ele>2319.21</ele>
   </trkpt>
   <trkpt lat="42.87236" lon="0.18204">
    <ele>2316.84</ele>
   </trkpt>
   <trkpt lat="42.8723" lon="0.18221">
    <ele>2311.4</ele>
   </trkpt>
   <trkpt lat="42.87212" lon="0.18247000000000002">
    <ele>2308.01</ele>
   </trkpt>
   <trkpt lat="42.872060000000005" lon="0.18250000000000002">
    <ele>2306.4300000000003</ele>
   </trkpt>
   <trkpt lat="42.872040000000005" lon="0.18257">
    <ele>2305.3500000000004</ele>
   </trkpt>
   <trkpt lat="42.87185" lon="0.18286000000000002">
    <ele>2293.1000000000004</ele>
   </trkpt>
   <trkpt lat="42.87187" lon="0.18292000000000003">
    <ele>2291.36</ele>
   </trkpt>
   <trkpt lat="42.87178" lon="0.18334">
    <ele>2287.56</ele>
   </trkpt>
   <trkpt lat="42.871790000000004" lon="0.18350000000000002">
    <ele>2288.59</ele>
   </trkpt>
   <trkpt lat="42.871750000000006" lon="0.18402000000000002">
    <ele>2291.97</ele>
   </trkpt>
   <trkpt lat="42.87167" lon="0.18414000000000003">
    <ele>2292.8300000000004</ele>
   </trkpt>
   <trkpt lat="42.87153000000001" lon="0.18487">
    <ele>2296.32</ele>
   </trkpt>
   <trkpt lat="42.871460000000006" lon="0.18505000000000002">
    <ele>2297.06</ele>
   </trkpt>
   <trkpt lat="42.87145" lon="0.18514000000000003">
    <ele>2296.64</ele>
   </trkpt>
   <trkpt lat="42.87149" lon="0.18527000000000002">
    <ele>2295.4100000000003</ele>
   </trkpt>
   <trkpt lat="42.871500000000005" lon="0.18537">
    <ele>2292.76</ele>
   </trkpt>
   <trkpt lat="42.871480000000005" lon="0.18553000000000003">
    <ele>2292.09</ele>
   </trkpt>
   <trkpt lat="42.87144000000001" lon="0.18566000000000002">
    <ele>2291.43</ele>
   </trkpt>
   <trkpt lat="42.8714" lon="0.18572000000000002">
    <ele>2291.51</ele>
   </trkpt>
   <trkpt lat="42.871340000000004" lon="0.18592">
    <ele>2291.34</ele>
   </trkpt>
   <trkpt lat="42.871210000000005" lon="0.18615">
    <ele>2290.57</ele>
   </trkpt>
   <trkpt lat="42.87111" lon="0.18623">
    <ele>2289.0400000000004</ele>
   </trkpt>
   <trkpt lat="42.87109" lon="0.18636000000000003">
    <ele>2288.31</ele>
   </trkpt>
   <trkpt lat="42.871080000000006" lon="0.18639000000000003">
    <ele>2285.2200000000003</ele>
   </trkpt>
   <trkpt lat="42.87102" lon="0.18625000000000003">
    <ele>2284.44</ele>
   </trkpt>
   <trkpt lat="42.87078" lon="0.18607">
    <ele>2281.76</ele>
   </trkpt>
   <trkpt lat="42.87057" lon="0.18583000000000002">
    <ele>2276.59</ele>
   </trkpt>
   <trkpt lat="42.87051" lon="0.18579">
    <ele>2276.59</ele>
   </trkpt>
   <trkpt lat="42.870490000000004" lon="0.18574000000000002">
    <ele>2274.23</ele>
   </trkpt>
   <trkpt lat="42.87026" lon="0.18563000000000002">
    <ele>2269.75</ele>
   </trkpt>
   <trkpt lat="42.870000000000005" lon="0.18579">
    <ele>2268.24</ele>
   </trkpt>
   <trkpt lat="42.869890000000005" lon="0.18577000000000002">
    <ele>2267.38</ele>
   </trkpt>
   <trkpt lat="42.8695" lon="0.18594000000000002">
    <ele>2262.48</ele>
   </trkpt>
   <trkpt lat="42.86936" lon="0.18604">
    <ele>2258.44</ele>
   </trkpt>
   <trkpt lat="42.86932" lon="0.18604">
    <ele>2257.73</ele>
   </trkpt>
   <trkpt lat="42.86887" lon="0.18641000000000002">
    <ele>2248.7700000000004</ele>
   </trkpt>
   <trkpt lat="42.86878" lon="0.18645">
    <ele>2246.83</ele>
   </trkpt>
   <trkpt lat="42.86869" lon="0.18645">
    <ele>2244.6</ele>
   </trkpt>
   <trkpt lat="42.8684" lon="0.18652000000000002">
    <ele>2239.91</ele>
   </trkpt>
   <trkpt lat="42.86827" lon="0.18657">
    <ele>2235.37</ele>
   </trkpt>
   <trkpt lat="42.86815" lon="0.18656">
    <ele>2232.33</ele>
   </trkpt>
   <trkpt lat="42.868120000000005" lon="0.18658000000000002">
    <ele>2232.33</ele>
   </trkpt>
   <trkpt lat="42.86798" lon="0.18657">
    <ele>2230.0600000000004</ele>
   </trkpt>
   <trkpt lat="42.8678" lon="0.18669000000000002">
    <ele>2223.94</ele>
   </trkpt>
   <trkpt lat="42.867740000000005" lon="0.18669000000000002">
    <ele>2221.73</ele>
   </trkpt>
   <trkpt lat="42.867700000000006" lon="0.18674000000000002">
    <ele>2219.6200000000003</ele>
   </trkpt>
   <trkpt lat="42.86742" lon="0.18695">
    <ele>2213.78</ele>
   </trkpt>
   <trkpt lat="42.86737" lon="0.18696000000000002">
    <ele>2212.07</ele>
   </trkpt>
   <trkpt lat="42.867340000000006" lon="0.18701">
    <ele>2211.29</ele>
   </trkpt>
   <trkpt lat="42.86712000000001" lon="0.18710000000000002">
    <ele>2208.04</ele>
   </trkpt>
   <trkpt lat="42.867070000000005" lon="0.18710000000000002">
    <ele>2208.04</ele>
   </trkpt>
   <trkpt lat="42.86677" lon="0.18724000000000002">
    <ele>2204.3500000000004</ele>
   </trkpt>
   <trkpt lat="42.86666" lon="0.18722000000000003">
    <ele>2203.6600000000003</ele>
   </trkpt>
   <trkpt lat="42.86654" lon="0.18722000000000003">
    <ele>2203.2700000000004</ele>
   </trkpt>
   <trkpt lat="42.866510000000005" lon="0.18723">
    <ele>2203.2200000000003</ele>
   </trkpt>
   <trkpt lat="42.86641" lon="0.18722000000000003">
    <ele>2203.2400000000002</ele>
   </trkpt>
   <trkpt lat="42.866290000000006" lon="0.18723">
    <ele>2202.9900000000002</ele>
   </trkpt>
   <trkpt lat="42.866150000000005" lon="0.1872">
    <ele>2202.15</ele>
   </trkpt>
   <trkpt lat="42.86607" lon="0.18723">
    <ele>2201.12</ele>
   </trkpt>
   <trkpt lat="42.865970000000004" lon="0.18724000000000002">
    <ele>2199.6900000000005</ele>
   </trkpt>
   <trkpt lat="42.865880000000004" lon="0.18728">
    <ele>2198.0099999999998</ele>
   </trkpt>
   <trkpt lat="42.8658" lon="0.18725000000000003">
    <ele>2195.3300000000004</ele>
   </trkpt>
   <trkpt lat="42.865680000000005" lon="0.18725000000000003">
    <ele>2193.74</ele>
   </trkpt>
   <trkpt lat="42.86563" lon="0.18722000000000003">
    <ele>2193.74</ele>
   </trkpt>
   <trkpt lat="42.865550000000006" lon="0.18723">
    <ele>2191.85</ele>
   </trkpt>
   <trkpt lat="42.86547" lon="0.1872">
    <ele>2189.8500000000004</ele>
   </trkpt>
   <trkpt lat="42.86542" lon="0.1872">
    <ele>2187.8</ele>
   </trkpt>
   <trkpt lat="42.865390000000005" lon="0.18722000000000003">
    <ele>2187.8</ele>
   </trkpt>
   <trkpt lat="42.86536" lon="0.18721000000000002">
    <ele>2185.6</ele>
   </trkpt>
   <trkpt lat="42.865300000000005" lon="0.18712">
    <ele>2183.02</ele>
   </trkpt>
   <trkpt lat="42.86524" lon="0.18709">
    <ele>2180.12</ele>
   </trkpt>
   <trkpt lat="42.86516" lon="0.18701">
    <ele>2178.7200000000003</ele>
   </trkpt>
   <trkpt lat="42.86507" lon="0.18688000000000002">
    <ele>2175.09</ele>
   </trkpt>
   <trkpt lat="42.864990000000006" lon="0.1869">
    <ele>2171.32</ele>
   </trkpt>
   <trkpt lat="42.86496" lon="0.18693">
    <ele>2171.32</ele>
   </trkpt>
   <trkpt lat="42.86487" lon="0.18692">
    <ele>2168.5600000000004</ele>
   </trkpt>
   <trkpt lat="42.86484" lon="0.18689000000000003">
    <ele>2167.1</ele>
   </trkpt>
   <trkpt lat="42.86473" lon="0.18695">
    <ele>2162.4700000000003</ele>
   </trkpt>
   <trkpt lat="42.864670000000004" lon="0.18696000000000002">
    <ele>2161.03</ele>
   </trkpt>
   <trkpt lat="42.864630000000005" lon="0.18693">
    <ele>2159.76</ele>
   </trkpt>
   <trkpt lat="42.864520000000006" lon="0.18699000000000002">
    <ele>2157.32</ele>
   </trkpt>
   <trkpt lat="42.864340000000006" lon="0.18697000000000003">
    <ele>2156.11</ele>
   </trkpt>
   <trkpt lat="42.864270000000005" lon="0.18691000000000002">
    <ele>2155.51</ele>
   </trkpt>
   <trkpt lat="42.86422" lon="0.18691000000000002">
    <ele>2155.16</ele>
   </trkpt>
   <trkpt lat="42.864180000000005" lon="0.18694000000000002">
    <ele>2154.7599999999998</ele>
   </trkpt>
   <trkpt lat="42.86412000000001" lon="0.18693">
    <ele>2154.3</ele>
   </trkpt>
   <trkpt lat="42.86404" lon="0.18694000000000002">
    <ele>2153.2500000000005</ele>
   </trkpt>
   <trkpt lat="42.86392" lon="0.18700000000000003">
    <ele>2151.34</ele>
   </trkpt>
   <trkpt lat="42.863850000000006" lon="0.18695">
    <ele>2150.5400000000004</ele>
   </trkpt>
   <trkpt lat="42.863800000000005" lon="0.18694000000000002">
    <ele>2148.76</ele>
   </trkpt>
   <trkpt lat="42.863640000000004" lon="0.18705000000000002">
    <ele>2144.9900000000002</ele>
   </trkpt>
   <trkpt lat="42.8635" lon="0.18704">
    <ele>2143.26</ele>
   </trkpt>
   <trkpt lat="42.86334" lon="0.18716000000000002">
    <ele>2139.26</ele>
   </trkpt>
   <trkpt lat="42.86328" lon="0.18722000000000003">
    <ele>2139.26</ele>
   </trkpt>
   <trkpt lat="42.863260000000004" lon="0.18728">
    <ele>2136.81</ele>
   </trkpt>
   <trkpt lat="42.863200000000006" lon="0.18732000000000001">
    <ele>2135.2900000000004</ele>
   </trkpt>
   <trkpt lat="42.86314" lon="0.18729">
    <ele>2135.2900000000004</ele>
   </trkpt>
   <trkpt lat="42.86289" lon="0.18733000000000002">
    <ele>2131.0800000000004</ele>
   </trkpt>
   <trkpt lat="42.862660000000005" lon="0.18732000000000001">
    <ele>2127.01</ele>
   </trkpt>
   <trkpt lat="42.86254" lon="0.18729">
    <ele>2125.3700000000003</ele>
   </trkpt>
   <trkpt lat="42.862390000000005" lon="0.18728">
    <ele>2123.0299999999997</ele>
   </trkpt>
   <trkpt lat="42.862260000000006" lon="0.18731">
    <ele>2121.03</ele>
   </trkpt>
   <trkpt lat="42.8622" lon="0.18728">
    <ele>2120.0400000000004</ele>
   </trkpt>
   <trkpt lat="42.861830000000005" lon="0.18724000000000002">
    <ele>2116.8</ele>
   </trkpt>
   <trkpt lat="42.86159000000001" lon="0.18725000000000003">
    <ele>2114.61</ele>
   </trkpt>
   <trkpt lat="42.861470000000004" lon="0.18732000000000001">
    <ele>2114.2000000000003</ele>
   </trkpt>
   <trkpt lat="42.861430000000006" lon="0.18732000000000001">
    <ele>2114.0000000000005</ele>
   </trkpt>
   <trkpt lat="42.86135" lon="0.18729">
    <ele>2113.0</ele>
   </trkpt>
   <trkpt lat="42.861320000000006" lon="0.18726">
    <ele>2112.14</ele>
   </trkpt>
   <trkpt lat="42.86119" lon="0.18727000000000002">
    <ele>2109.1600000000003</ele>
   </trkpt>
   <trkpt lat="42.86112000000001" lon="0.18723">
    <ele>2108.39</ele>
   </trkpt>
   <trkpt lat="42.860960000000006" lon="0.18718">
    <ele>2107.2900000000004</ele>
   </trkpt>
   <trkpt lat="42.860910000000004" lon="0.18719000000000002">
    <ele>2106.37</ele>
   </trkpt>
   <trkpt lat="42.86088" lon="0.18722000000000003">
    <ele>2105.8</ele>
   </trkpt>
   <trkpt lat="42.86079" lon="0.18721000000000002">
    <ele>2104.44</ele>
   </trkpt>
   <trkpt lat="42.86065000000001" lon="0.18730000000000002">
    <ele>2101.9100000000003</ele>
   </trkpt>
   <trkpt lat="42.86063" lon="0.18729">
    <ele>2101.11</ele>
   </trkpt>
   <trkpt lat="42.86057" lon="0.18733000000000002">
    <ele>2100.4</ele>
   </trkpt>
   <trkpt lat="42.86055" lon="0.18741000000000002">
    <ele>2099.2000000000003</ele>
   </trkpt>
   <trkpt lat="42.860420000000005" lon="0.18757000000000001">
    <ele>2097.55</ele>
   </trkpt>
   <trkpt lat="42.860310000000005" lon="0.18760000000000002">
    <ele>2095.7799999999997</ele>
   </trkpt>
   <trkpt lat="42.860260000000004" lon="0.18765">
    <ele>2094.4</ele>
   </trkpt>
   <trkpt lat="42.860170000000004" lon="0.18765">
    <ele>2092.68</ele>
   </trkpt>
   <trkpt lat="42.86003" lon="0.18775000000000003">
    <ele>2089.29</ele>
   </trkpt>
   <trkpt lat="42.86000000000001" lon="0.18786000000000003">
    <ele>2086.65</ele>
   </trkpt>
   <trkpt lat="42.859950000000005" lon="0.18792">
    <ele>2086.65</ele>
   </trkpt>
   <trkpt lat="42.859860000000005" lon="0.1879">
    <ele>2086.65</ele>
   </trkpt>
   <trkpt lat="42.85980000000001" lon="0.18809">
    <ele>2072.08</ele>
   </trkpt>
   <trkpt lat="42.85976" lon="0.18809">
    <ele>2072.08</ele>
   </trkpt>
   <trkpt lat="42.859700000000004" lon="0.18816000000000002">
    <ele>2072.08</ele>
   </trkpt>
   <trkpt lat="42.85965" lon="0.18818000000000001">
    <ele>2069.22</ele>
   </trkpt>
   <trkpt lat="42.85962000000001" lon="0.18830000000000002">
    <ele>2066.58</ele>
   </trkpt>
   <trkpt lat="42.85958" lon="0.18837">
    <ele>2066.58</ele>
   </trkpt>
   <trkpt lat="42.85947" lon="0.18843000000000001">
    <ele>2062.7200000000003</ele>
   </trkpt>
   <trkpt lat="42.85945" lon="0.18842">
    <ele>2061.38</ele>
   </trkpt>
   <trkpt lat="42.85943" lon="0.18846000000000002">
    <ele>2059.94</ele>
   </trkpt>
   <trkpt lat="42.85934" lon="0.18851">
    <ele>2056.7000000000003</ele>
   </trkpt>
   <trkpt lat="42.859280000000005" lon="0.18848">
    <ele>2056.7000000000003</ele>
   </trkpt>
   <trkpt lat="42.85925" lon="0.18849000000000002">
    <ele>2051.4</ele>
   </trkpt>
   <trkpt lat="42.85922" lon="0.18862">
    <ele>2048.08</ele>
   </trkpt>
   <trkpt lat="42.85916" lon="0.18866000000000002">
    <ele>2048.08</ele>
   </trkpt>
   <trkpt lat="42.859100000000005" lon="0.18866000000000002">
    <ele>2043.3400000000001</ele>
   </trkpt>
   <trkpt lat="42.85907" lon="0.18879">
    <ele>2040.3000000000002</ele>
   </trkpt>
   <trkpt lat="42.858990000000006" lon="0.18896000000000002">
    <ele>2037.71</ele>
   </trkpt>
   <trkpt lat="42.85897000000001" lon="0.18905000000000002">
    <ele>2035.6499999999999</ele>
   </trkpt>
   <trkpt lat="42.85891" lon="0.18911000000000003">
    <ele>2033.9400000000003</ele>
   </trkpt>
   <trkpt lat="42.85882" lon="0.18925000000000003">
    <ele>2032.3800000000003</ele>
   </trkpt>
   <trkpt lat="42.85873" lon="0.18954000000000001">
    <ele>2028.3100000000002</ele>
   </trkpt>
   <trkpt lat="42.8586" lon="0.18968000000000002">
    <ele>2026.2200000000003</ele>
   </trkpt>
   <trkpt lat="42.85849" lon="0.18975">
    <ele>2025.1200000000001</ele>
   </trkpt>
   <trkpt lat="42.858430000000006" lon="0.18986000000000003">
    <ele>2024.5000000000002</ele>
   </trkpt>
   <trkpt lat="42.858410000000006" lon="0.19004000000000001">
    <ele>2021.8500000000001</ele>
   </trkpt>
   <trkpt lat="42.85844" lon="0.19021000000000002">
    <ele>2020.2500000000002</ele>
   </trkpt>
   <trkpt lat="42.858410000000006" lon="0.19037">
    <ele>2018.5300000000002</ele>
   </trkpt>
   <trkpt lat="42.85839" lon="0.1904">
    <ele>2018.5300000000002</ele>
   </trkpt>
   <trkpt lat="42.858340000000005" lon="0.19041000000000002">
    <ele>2018.5300000000002</ele>
   </trkpt>
   <trkpt lat="42.858290000000004" lon="0.19046000000000002">
    <ele>2018.5300000000002</ele>
   </trkpt>
   <trkpt lat="42.85826" lon="0.19053">
    <ele>2016.49</ele>
   </trkpt>
   <trkpt lat="42.858180000000004" lon="0.19057000000000002">
    <ele>2016.49</ele>
   </trkpt>
   <trkpt lat="42.85815" lon="0.19063000000000002">
    <ele>2016.0400000000002</ele>
   </trkpt>
   <trkpt lat="42.85808" lon="0.19066000000000002">
    <ele>2015.5500000000002</ele>
   </trkpt>
   <trkpt lat="42.85806" lon="0.1907">
    <ele>2014.0200000000004</ele>
   </trkpt>
   <trkpt lat="42.85804" lon="0.19112">
    <ele>2011.8400000000001</ele>
   </trkpt>
   <trkpt lat="42.857940000000006" lon="0.19130000000000003">
    <ele>2011.2400000000002</ele>
   </trkpt>
   <trkpt lat="42.8577" lon="0.19147000000000003">
    <ele>2010.6900000000003</ele>
   </trkpt>
   <trkpt lat="42.85759" lon="0.19159">
    <ele>2009.7</ele>
   </trkpt>
   <trkpt lat="42.85756000000001" lon="0.19158000000000003">
    <ele>2009.7</ele>
   </trkpt>
   <trkpt lat="42.857510000000005" lon="0.19160000000000002">
    <ele>2009.1900000000003</ele>
   </trkpt>
   <trkpt lat="42.85725" lon="0.19179000000000002">
    <ele>2008.2500000000002</ele>
   </trkpt>
   <trkpt lat="42.8571" lon="0.19187">
    <ele>2007.67</ele>
   </trkpt>
   <trkpt lat="42.857040000000005" lon="0.19188000000000002">
    <ele>2007.4499999999998</ele>
   </trkpt>
   <trkpt lat="42.85692" lon="0.19195">
    <ele>2006.51</ele>
   </trkpt>
   <trkpt lat="42.856680000000004" lon="0.19195">
    <ele>2003.4900000000002</ele>
   </trkpt>
   <trkpt lat="42.856550000000006" lon="0.19205000000000003">
    <ele>2000.63</ele>
   </trkpt>
   <trkpt lat="42.85647" lon="0.19207000000000002">
    <ele>1996.3600000000001</ele>
   </trkpt>
   <trkpt lat="42.85642" lon="0.19215000000000002">
    <ele>1996.3600000000001</ele>
   </trkpt>
   <trkpt lat="42.85634" lon="0.19242">
    <ele>1993.78</ele>
   </trkpt>
   <trkpt lat="42.856230000000004" lon="0.19248">
    <ele>1993.69</ele>
   </trkpt>
   <trkpt lat="42.856100000000005" lon="0.19264">
    <ele>1992.8400000000001</ele>
   </trkpt>
   <trkpt lat="42.855920000000005" lon="0.19281">
    <ele>1989.5800000000002</ele>
   </trkpt>
   <trkpt lat="42.85584" lon="0.19285000000000002">
    <ele>1988.9500000000003</ele>
   </trkpt>
   <trkpt lat="42.855740000000004" lon="0.19287">
    <ele>1988.0600000000002</ele>
   </trkpt>
   <trkpt lat="42.855720000000005" lon="0.19289">
    <ele>1987.81</ele>
   </trkpt>
   <trkpt lat="42.855560000000004" lon="0.19291000000000003">
    <ele>1987.3300000000002</ele>
   </trkpt>
   <trkpt lat="42.855470000000004" lon="0.19295">
    <ele>1986.5900000000001</ele>
   </trkpt>
   <trkpt lat="42.855430000000005" lon="0.19304000000000002">
    <ele>1986.23</ele>
   </trkpt>
   <trkpt lat="42.85539000000001" lon="0.19306">
    <ele>1985.8000000000002</ele>
   </trkpt>
   <trkpt lat="42.855340000000005" lon="0.19305000000000003">
    <ele>1985.3300000000002</ele>
   </trkpt>
   <trkpt lat="42.85526" lon="0.19309">
    <ele>1983.8300000000002</ele>
   </trkpt>
   <trkpt lat="42.855230000000006" lon="0.19306">
    <ele>1983.8300000000002</ele>
   </trkpt>
   <trkpt lat="42.85515" lon="0.19306">
    <ele>1983.8300000000002</ele>
   </trkpt>
   <trkpt lat="42.85513" lon="0.19303">
    <ele>1981.4000000000003</ele>
   </trkpt>
   <trkpt lat="42.855050000000006" lon="0.19303">
    <ele>1981.4000000000003</ele>
   </trkpt>
   <trkpt lat="42.854910000000004" lon="0.19307000000000002">
    <ele>1980.5100000000002</ele>
   </trkpt>
   <trkpt lat="42.85488" lon="0.19314">
    <ele>1979.65</ele>
   </trkpt>
   <trkpt lat="42.854870000000005" lon="0.19331">
    <ele>1978.93</ele>
   </trkpt>
   <trkpt lat="42.85477" lon="0.19344000000000003">
    <ele>1978.0400000000002</ele>
   </trkpt>
   <trkpt lat="42.85474000000001" lon="0.19351000000000002">
    <ele>1976.71</ele>
   </trkpt>
   <trkpt lat="42.85474000000001" lon="0.19363000000000002">
    <ele>1976.71</ele>
   </trkpt>
   <trkpt lat="42.85465000000001" lon="0.19376000000000002">
    <ele>1976.0000000000002</ele>
   </trkpt>
   <trkpt lat="42.854490000000006" lon="0.19388000000000002">
    <ele>1975.95</ele>
   </trkpt>
   <trkpt lat="42.85432" lon="0.19404000000000002">
    <ele>1976.47</ele>
   </trkpt>
   <trkpt lat="42.85408" lon="0.19417">
    <ele>1977.2</ele>
   </trkpt>
   <trkpt lat="42.85396" lon="0.19426000000000002">
    <ele>1978.42</ele>
   </trkpt>
   <trkpt lat="42.853860000000005" lon="0.19429000000000002">
    <ele>1980.08</ele>
   </trkpt>
   <trkpt lat="42.85358" lon="0.19430000000000003">
    <ele>1981.2</ele>
   </trkpt>
   <trkpt lat="42.85351" lon="0.19435000000000002">
    <ele>1981.0</ele>
   </trkpt>
   <trkpt lat="42.85342000000001" lon="0.19437000000000001">
    <ele>1980.7100000000003</ele>
   </trkpt>
   <trkpt lat="42.853390000000005" lon="0.19440000000000002">
    <ele>1980.7100000000003</ele>
   </trkpt>
   <trkpt lat="42.853350000000006" lon="0.19441000000000003">
    <ele>1980.35</ele>
   </trkpt>
   <trkpt lat="42.85307" lon="0.19467">
    <ele>1978.5700000000002</ele>
   </trkpt>
   <trkpt lat="42.852880000000006" lon="0.19475">
    <ele>1978.0600000000002</ele>
   </trkpt>
   <trkpt lat="42.85275" lon="0.19484">
    <ele>1976.5500000000002</ele>
   </trkpt>
   <trkpt lat="42.852650000000004" lon="0.19485000000000002">
    <ele>1975.8500000000001</ele>
   </trkpt>
   <trkpt lat="42.85262" lon="0.19490000000000002">
    <ele>1975.0100000000002</ele>
   </trkpt>
   <trkpt lat="42.85257" lon="0.19492">
    <ele>1975.0100000000002</ele>
   </trkpt>
   <trkpt lat="42.85253" lon="0.19491000000000003">
    <ele>1974.6200000000001</ele>
   </trkpt>
   <trkpt lat="42.852410000000006" lon="0.19494">
    <ele>1973.9400000000003</ele>
   </trkpt>
   <trkpt lat="42.85229" lon="0.19492">
    <ele>1973.6700000000003</ele>
   </trkpt>
   <trkpt lat="42.85211" lon="0.19486">
    <ele>1973.0400000000002</ele>
   </trkpt>
   <trkpt lat="42.85197" lon="0.19479000000000002">
    <ele>1972.89</ele>
   </trkpt>
   <trkpt lat="42.851910000000004" lon="0.19474000000000002">
    <ele>1972.3700000000001</ele>
   </trkpt>
   <trkpt lat="42.851870000000005" lon="0.19476000000000002">
    <ele>1971.96</ele>
   </trkpt>
   <trkpt lat="42.85183000000001" lon="0.19471000000000002">
    <ele>1971.4000000000003</ele>
   </trkpt>
   <trkpt lat="42.85174000000001" lon="0.1947">
    <ele>1969.75</ele>
   </trkpt>
   <trkpt lat="42.851690000000005" lon="0.19455000000000003">
    <ele>1968.69</ele>
   </trkpt>
   <trkpt lat="42.851580000000006" lon="0.19453">
    <ele>1964.0800000000002</ele>
   </trkpt>
   <trkpt lat="42.851440000000004" lon="0.19442">
    <ele>1961.2900000000002</ele>
   </trkpt>
   <trkpt lat="42.85137" lon="0.19429000000000002">
    <ele>1960.3700000000001</ele>
   </trkpt>
   <trkpt lat="42.85128" lon="0.19419000000000003">
    <ele>1958.1000000000001</ele>
   </trkpt>
   <trkpt lat="42.85121" lon="0.19397">
    <ele>1956.97</ele>
   </trkpt>
   <trkpt lat="42.85125" lon="0.19374000000000002">
    <ele>1957.38</ele>
   </trkpt>
   <trkpt lat="42.85121" lon="0.19364">
    <ele>1957.7300000000002</ele>
   </trkpt>
   <trkpt lat="42.85112" lon="0.19361">
    <ele>1958.3300000000002</ele>
   </trkpt>
   <trkpt lat="42.851060000000004" lon="0.19361">
    <ele>1958.2700000000002</ele>
   </trkpt>
   <trkpt lat="42.85103" lon="0.19363000000000002">
    <ele>1958.1200000000001</ele>
   </trkpt>
   <trkpt lat="42.851000000000006" lon="0.19361">
    <ele>1958.1200000000001</ele>
   </trkpt>
   <trkpt lat="42.850930000000005" lon="0.19343000000000002">
    <ele>1956.39</ele>
   </trkpt>
   <trkpt lat="42.850840000000005" lon="0.19330000000000003">
    <ele>1953.71</ele>
   </trkpt>
   <trkpt lat="42.85081" lon="0.19329000000000002">
    <ele>1953.71</ele>
   </trkpt>
   <trkpt lat="42.850730000000006" lon="0.19334">
    <ele>1951.5300000000002</ele>
   </trkpt>
   <trkpt lat="42.85072" lon="0.19338000000000002">
    <ele>1950.5</ele>
   </trkpt>
   <trkpt lat="42.85063" lon="0.19348">
    <ele>1948.8200000000002</ele>
   </trkpt>
   <trkpt lat="42.850620000000006" lon="0.19351000000000002">
    <ele>1948.8200000000002</ele>
   </trkpt>
   <trkpt lat="42.85058" lon="0.19352000000000003">
    <ele>1946.8700000000001</ele>
   </trkpt>
   <trkpt lat="42.850480000000005" lon="0.19367">
    <ele>1945.48</ele>
   </trkpt>
   <trkpt lat="42.850370000000005" lon="0.19373">
    <ele>1944.0600000000002</ele>
   </trkpt>
   <trkpt lat="42.850210000000004" lon="0.19399000000000002">
    <ele>1942.9600000000003</ele>
   </trkpt>
   <trkpt lat="42.850150000000006" lon="0.19401000000000002">
    <ele>1942.9600000000003</ele>
   </trkpt>
   <trkpt lat="42.85004000000001" lon="0.19397">
    <ele>1942.5700000000002</ele>
   </trkpt>
   <trkpt lat="42.849920000000004" lon="0.19395">
    <ele>1942.3300000000002</ele>
   </trkpt>
   <trkpt lat="42.84985" lon="0.19391000000000003">
    <ele>1942.2700000000002</ele>
   </trkpt>
   <trkpt lat="42.849830000000004" lon="0.19388000000000002">
    <ele>1942.2700000000002</ele>
   </trkpt>
   <trkpt lat="42.84967" lon="0.19381">
    <ele>1941.96</ele>
   </trkpt>
   <trkpt lat="42.84962" lon="0.19381">
    <ele>1941.96</ele>
   </trkpt>
   <trkpt lat="42.84948000000001" lon="0.19388000000000002">
    <ele>1941.43</ele>
   </trkpt>
   <trkpt lat="42.8494" lon="0.19395">
    <ele>1941.31</ele>
   </trkpt>
   <trkpt lat="42.84933" lon="0.19414">
    <ele>1941.8100000000002</ele>
   </trkpt>
   <trkpt lat="42.84919" lon="0.19433">
    <ele>1944.7600000000002</ele>
   </trkpt>
   <trkpt lat="42.84908" lon="0.19435000000000002">
    <ele>1945.48</ele>
   </trkpt>
   <trkpt lat="42.84902" lon="0.19432000000000002">
    <ele>1945.22</ele>
   </trkpt>
   <trkpt lat="42.848980000000005" lon="0.19438000000000002">
    <ele>1944.77</ele>
   </trkpt>
   <trkpt lat="42.848690000000005" lon="0.19460000000000002">
    <ele>1941.48</ele>
   </trkpt>
   <trkpt lat="42.84859" lon="0.19473000000000001">
    <ele>1940.89</ele>
   </trkpt>
   <trkpt lat="42.84854000000001" lon="0.19475">
    <ele>1940.3300000000002</ele>
   </trkpt>
   <trkpt lat="42.84814" lon="0.19479000000000002">
    <ele>1938.38</ele>
   </trkpt>
   <trkpt lat="42.848000000000006" lon="0.19475">
    <ele>1937.9</ele>
   </trkpt>
   <trkpt lat="42.84796" lon="0.19477000000000003">
    <ele>1937.9</ele>
   </trkpt>
   <trkpt lat="42.8479" lon="0.1947">
    <ele>1937.3200000000002</ele>
   </trkpt>
   <trkpt lat="42.84787" lon="0.19471000000000002">
    <ele>1937.3200000000002</ele>
   </trkpt>
   <trkpt lat="42.84767" lon="0.19467">
    <ele>1936.8500000000001</ele>
   </trkpt>
   <trkpt lat="42.847640000000006" lon="0.19468000000000002">
    <ele>1936.8500000000001</ele>
   </trkpt>
   <trkpt lat="42.847620000000006" lon="0.19462000000000002">
    <ele>1936.66</ele>
   </trkpt>
   <trkpt lat="42.84758" lon="0.19459">
    <ele>1936.29</ele>
   </trkpt>
   <trkpt lat="42.847570000000005" lon="0.19454000000000002">
    <ele>1935.7400000000002</ele>
   </trkpt>
   <trkpt lat="42.847500000000004" lon="0.19451000000000002">
    <ele>1935.0</ele>
   </trkpt>
   <trkpt lat="42.847480000000004" lon="0.19445">
    <ele>1933.34</ele>
   </trkpt>
   <trkpt lat="42.8474" lon="0.19445">
    <ele>1931.93</ele>
   </trkpt>
   <trkpt lat="42.847260000000006" lon="0.19441000000000003">
    <ele>1929.8700000000001</ele>
   </trkpt>
   <trkpt lat="42.847210000000004" lon="0.19444000000000003">
    <ele>1929.8700000000001</ele>
   </trkpt>
   <trkpt lat="42.84718" lon="0.19442">
    <ele>1929.31</ele>
   </trkpt>
   <trkpt lat="42.847150000000006" lon="0.19443000000000002">
    <ele>1928.67</ele>
   </trkpt>
   <trkpt lat="42.84711" lon="0.19447">
    <ele>1927.9400000000003</ele>
   </trkpt>
   <trkpt lat="42.84702" lon="0.19446000000000002">
    <ele>1926.2200000000003</ele>
   </trkpt>
   <trkpt lat="42.847" lon="0.19448000000000001">
    <ele>1926.2200000000003</ele>
   </trkpt>
   <trkpt lat="42.84698" lon="0.19446000000000002">
    <ele>1925.24</ele>
   </trkpt>
   <trkpt lat="42.846940000000004" lon="0.19447">
    <ele>1924.17</ele>
   </trkpt>
   <trkpt lat="42.84693" lon="0.19449000000000002">
    <ele>1924.17</ele>
   </trkpt>
   <trkpt lat="42.846940000000004" lon="0.19454000000000002">
    <ele>1924.17</ele>
   </trkpt>
   <trkpt lat="42.846830000000004" lon="0.19466000000000003">
    <ele>1919.51</ele>
   </trkpt>
   <trkpt lat="42.84675" lon="0.19468000000000002">
    <ele>1917.4</ele>
   </trkpt>
   <trkpt lat="42.846680000000006" lon="0.19466000000000003">
    <ele>1915.8300000000002</ele>
   </trkpt>
   <trkpt lat="42.846630000000005" lon="0.19467">
    <ele>1915.25</ele>
   </trkpt>
   <trkpt lat="42.84657000000001" lon="0.19473000000000001">
    <ele>1914.77</ele>
   </trkpt>
   <trkpt lat="42.84651" lon="0.19473000000000001">
    <ele>1913.8600000000001</ele>
   </trkpt>
   <trkpt lat="42.846450000000004" lon="0.19477000000000003">
    <ele>1913.3500000000001</ele>
   </trkpt>
   <trkpt lat="42.846320000000006" lon="0.19471000000000002">
    <ele>1910.5500000000002</ele>
   </trkpt>
   <trkpt lat="42.84629" lon="0.19467">
    <ele>1910.5500000000002</ele>
   </trkpt>
   <trkpt lat="42.84624" lon="0.19467">
    <ele>1909.8700000000001</ele>
   </trkpt>
   <trkpt lat="42.84619" lon="0.19471000000000002">
    <ele>1908.7600000000002</ele>
   </trkpt>
   <trkpt lat="42.84611" lon="0.19473000000000001">
    <ele>1908.0700000000002</ele>
   </trkpt>
   <trkpt lat="42.84581" lon="0.19472">
    <ele>1907.0900000000001</ele>
   </trkpt>
   <trkpt lat="42.845760000000006" lon="0.19469000000000003">
    <ele>1906.97</ele>
   </trkpt>
   <trkpt lat="42.84572" lon="0.1947">
    <ele>1906.8700000000001</ele>
   </trkpt>
   <trkpt lat="42.845600000000005" lon="0.19485000000000002">
    <ele>1906.67</ele>
   </trkpt>
   <trkpt lat="42.845530000000004" lon="0.19504000000000002">
    <ele>1906.27</ele>
   </trkpt>
   <trkpt lat="42.84545000000001" lon="0.19505000000000003">
    <ele>1905.39</ele>
   </trkpt>
   <trkpt lat="42.845420000000004" lon="0.19510000000000002">
    <ele>1904.67</ele>
   </trkpt>
   <trkpt lat="42.84536000000001" lon="0.19512000000000002">
    <ele>1903.8100000000002</ele>
   </trkpt>
   <trkpt lat="42.84523" lon="0.19536">
    <ele>1898.74</ele>
   </trkpt>
   <trkpt lat="42.845150000000004" lon="0.19541000000000003">
    <ele>1897.75</ele>
   </trkpt>
   <trkpt lat="42.84512" lon="0.19546000000000002">
    <ele>1897.43</ele>
   </trkpt>
   <trkpt lat="42.8451" lon="0.19556">
    <ele>1897.19</ele>
   </trkpt>
   <trkpt lat="42.84498000000001" lon="0.19560000000000002">
    <ele>1896.7500000000002</ele>
   </trkpt>
   <trkpt lat="42.844910000000006" lon="0.19559">
    <ele>1896.63</ele>
   </trkpt>
   <trkpt lat="42.844820000000006" lon="0.19567">
    <ele>1896.23</ele>
   </trkpt>
   <trkpt lat="42.84478" lon="0.19567">
    <ele>1895.91</ele>
   </trkpt>
   <trkpt lat="42.84474" lon="0.19563000000000003">
    <ele>1895.5300000000002</ele>
   </trkpt>
   <trkpt lat="42.84469000000001" lon="0.19563000000000003">
    <ele>1894.68</ele>
   </trkpt>
   <trkpt lat="42.844530000000006" lon="0.19573000000000002">
    <ele>1893.0700000000002</ele>
   </trkpt>
   <trkpt lat="42.84441" lon="0.19585000000000002">
    <ele>1890.71</ele>
   </trkpt>
   <trkpt lat="42.84438" lon="0.19586">
    <ele>1889.79</ele>
   </trkpt>
   <trkpt lat="42.84429" lon="0.19581">
    <ele>1886.72</ele>
   </trkpt>
   <trkpt lat="42.84423" lon="0.19581">
    <ele>1885.5600000000002</ele>
   </trkpt>
   <trkpt lat="42.844210000000004" lon="0.19586">
    <ele>1884.3100000000002</ele>
   </trkpt>
   <trkpt lat="42.84405" lon="0.19593000000000002">
    <ele>1879.0000000000002</ele>
   </trkpt>
   <trkpt lat="42.843990000000005" lon="0.19598000000000002">
    <ele>1877.7500000000002</ele>
   </trkpt>
   <trkpt lat="42.84393" lon="0.19599000000000003">
    <ele>1876.57</ele>
   </trkpt>
   <trkpt lat="42.84391" lon="0.19597">
    <ele>1875.49</ele>
   </trkpt>
   <trkpt lat="42.843880000000006" lon="0.19598000000000002">
    <ele>1875.49</ele>
   </trkpt>
   <trkpt lat="42.843830000000004" lon="0.19610000000000002">
    <ele>1872.74</ele>
   </trkpt>
   <trkpt lat="42.843810000000005" lon="0.19612000000000002">
    <ele>1872.74</ele>
   </trkpt>
   <trkpt lat="42.843770000000006" lon="0.19611">
    <ele>1871.96</ele>
   </trkpt>
   <trkpt lat="42.843700000000005" lon="0.1962">
    <ele>1869.8100000000002</ele>
   </trkpt>
   <trkpt lat="42.84364" lon="0.19619">
    <ele>1869.0300000000002</ele>
   </trkpt>
   <trkpt lat="42.8436" lon="0.19615000000000002">
    <ele>1868.18</ele>
   </trkpt>
   <trkpt lat="42.84353" lon="0.19618000000000002">
    <ele>1867.2400000000002</ele>
   </trkpt>
   <trkpt lat="42.843430000000005" lon="0.19617">
    <ele>1863.97</ele>
   </trkpt>
   <trkpt lat="42.84339000000001" lon="0.19624000000000003">
    <ele>1863.97</ele>
   </trkpt>
   <trkpt lat="42.843360000000004" lon="0.19626000000000002">
    <ele>1860.24</ele>
   </trkpt>
   <trkpt lat="42.84333" lon="0.19633">
    <ele>1860.24</ele>
   </trkpt>
   <trkpt lat="42.84329" lon="0.1965">
    <ele>1857.15</ele>
   </trkpt>
   <trkpt lat="42.843160000000005" lon="0.1967">
    <ele>1854.39</ele>
   </trkpt>
   <trkpt lat="42.842960000000005" lon="0.19693000000000002">
    <ele>1852.7000000000003</ele>
   </trkpt>
   <trkpt lat="42.84293" lon="0.19706">
    <ele>1852.3300000000002</ele>
   </trkpt>
   <trkpt lat="42.8429" lon="0.19707000000000002">
    <ele>1852.3300000000002</ele>
   </trkpt>
   <trkpt lat="42.842870000000005" lon="0.19704000000000002">
    <ele>1852.3300000000002</ele>
   </trkpt>
   <trkpt lat="42.842830000000006" lon="0.19705">
    <ele>1852.3300000000002</ele>
   </trkpt>
   <trkpt lat="42.84273" lon="0.19720000000000001">
    <ele>1851.1200000000001</ele>
   </trkpt>
   <trkpt lat="42.842710000000004" lon="0.19728">
    <ele>1850.5300000000002</ele>
   </trkpt>
   <trkpt lat="42.842620000000004" lon="0.19734000000000002">
    <ele>1849.38</ele>
   </trkpt>
   <trkpt lat="42.8425" lon="0.19760000000000003">
    <ele>1848.5800000000002</ele>
   </trkpt>
   <trkpt lat="42.84241" lon="0.19767">
    <ele>1848.6700000000003</ele>
   </trkpt>
   <trkpt lat="42.84239" lon="0.19774000000000003">
    <ele>1848.98</ele>
   </trkpt>
   <trkpt lat="42.84234" lon="0.19775">
    <ele>1848.98</ele>
   </trkpt>
   <trkpt lat="42.842200000000005" lon="0.19785000000000003">
    <ele>1849.7800000000002</ele>
   </trkpt>
   <trkpt lat="42.84208" lon="0.19787000000000002">
    <ele>1850.0600000000002</ele>
   </trkpt>
   <trkpt lat="42.84208" lon="0.19791">
    <ele>1850.0600000000002</ele>
   </trkpt>
   <trkpt lat="42.842110000000005" lon="0.19795000000000001">
    <ele>1850.0600000000002</ele>
   </trkpt>
   <trkpt lat="42.8421" lon="0.19801000000000002">
    <ele>1850.17</ele>
   </trkpt>
   <trkpt lat="42.84203" lon="0.19809000000000002">
    <ele>1850.4900000000002</ele>
   </trkpt>
   <trkpt lat="42.84197" lon="0.19812000000000002">
    <ele>1851.1100000000001</ele>
   </trkpt>
   <trkpt lat="42.84189000000001" lon="0.19822">
    <ele>1851.26</ele>
   </trkpt>
   <trkpt lat="42.84172" lon="0.19823000000000002">
    <ele>1851.9900000000002</ele>
   </trkpt>
   <trkpt lat="42.841550000000005" lon="0.19817">
    <ele>1852.17</ele>
   </trkpt>
   <trkpt lat="42.84147" lon="0.19825">
    <ele>1851.23</ele>
   </trkpt>
   <trkpt lat="42.84109" lon="0.19846000000000003">
    <ele>1843.96</ele>
   </trkpt>
   <trkpt lat="42.84103" lon="0.19844">
    <ele>1843.96</ele>
   </trkpt>
   <trkpt lat="42.841" lon="0.19840000000000002">
    <ele>1843.96</ele>
   </trkpt>
   <trkpt lat="42.840700000000005" lon="0.19832000000000002">
    <ele>1841.66</ele>
   </trkpt>
   <trkpt lat="42.84064" lon="0.19834000000000002">
    <ele>1842.1900000000003</ele>
   </trkpt>
   <trkpt lat="42.840450000000004" lon="0.19845000000000002">
    <ele>1843.1000000000001</ele>
   </trkpt>
   <trkpt lat="42.840230000000005" lon="0.19869">
    <ele>1844.03</ele>
   </trkpt>
   <trkpt lat="42.8402" lon="0.19870000000000002">
    <ele>1844.03</ele>
   </trkpt>
   <trkpt lat="42.84008" lon="0.19889">
    <ele>1843.9900000000002</ele>
   </trkpt>
   <trkpt lat="42.840030000000006" lon="0.19891">
    <ele>1843.9900000000002</ele>
   </trkpt>
   <trkpt lat="42.84002" lon="0.19903">
    <ele>1843.68</ele>
   </trkpt>
   <trkpt lat="42.84011" lon="0.19917">
    <ele>1843.67</ele>
   </trkpt>
   <trkpt lat="42.840210000000006" lon="0.19925">
    <ele>1843.71</ele>
   </trkpt>
   <trkpt lat="42.84028000000001" lon="0.19941">
    <ele>1844.2900000000002</ele>
   </trkpt>
   <trkpt lat="42.84029" lon="0.19952">
    <ele>1845.43</ele>
   </trkpt>
   <trkpt lat="42.84031" lon="0.19957000000000003">
    <ele>1846.3400000000001</ele>
   </trkpt>
   <trkpt lat="42.840610000000005" lon="0.19989">
    <ele>1855.66</ele>
   </trkpt>
   <trkpt lat="42.840610000000005" lon="0.19995000000000002">
    <ele>1855.66</ele>
   </trkpt>
   <trkpt lat="42.84056" lon="0.19995000000000002">
    <ele>1858.51</ele>
   </trkpt>
   <trkpt lat="42.84055" lon="0.2">
    <ele>1858.51</ele>
   </trkpt>
   <trkpt lat="42.84046" lon="0.20015000000000002">
    <ele>1861.69</ele>
   </trkpt>
   <trkpt lat="42.840430000000005" lon="0.20033">
    <ele>1865.5700000000002</ele>
   </trkpt>
   <trkpt lat="42.840410000000006" lon="0.20040000000000002">
    <ele>1865.5700000000002</ele>
   </trkpt>
   <trkpt lat="42.84028000000001" lon="0.20055">
    <ele>1874.15</ele>
   </trkpt>
   <trkpt lat="42.840270000000004" lon="0.20065000000000002">
    <ele>1876.81</ele>
   </trkpt>
   <trkpt lat="42.840210000000006" lon="0.20071000000000003">
    <ele>1876.81</ele>
   </trkpt>
   <trkpt lat="42.84019000000001" lon="0.20079000000000002">
    <ele>1878.3600000000001</ele>
   </trkpt>
   <trkpt lat="42.84001000000001" lon="0.20085000000000003">
    <ele>1880.06</ele>
   </trkpt>
   <trkpt lat="42.839960000000005" lon="0.20091">
    <ele>1885.8500000000001</ele>
   </trkpt>
   <trkpt lat="42.83986" lon="0.20098000000000002">
    <ele>1885.8500000000001</ele>
   </trkpt>
   <trkpt lat="42.839710000000004" lon="0.20117000000000002">
    <ele>1890.6</ele>
   </trkpt>
   <trkpt lat="42.83955" lon="0.20133">
    <ele>1893.1200000000001</ele>
   </trkpt>
   <trkpt lat="42.83941" lon="0.20141">
    <ele>1895.38</ele>
   </trkpt>
   <trkpt lat="42.839270000000006" lon="0.20159000000000002">
    <ele>1897.7400000000002</ele>
   </trkpt>
   <trkpt lat="42.83923" lon="0.20165000000000002">
    <ele>1897.7400000000002</ele>
   </trkpt>
   <trkpt lat="42.839220000000005" lon="0.20170000000000002">
    <ele>1899.4100000000003</ele>
   </trkpt>
   <trkpt lat="42.839180000000006" lon="0.20175">
    <ele>1899.4100000000003</ele>
   </trkpt>
   <trkpt lat="42.839130000000004" lon="0.20174">
    <ele>1900.0</ele>
   </trkpt>
   <trkpt lat="42.839090000000006" lon="0.20176000000000002">
    <ele>1900.6600000000003</ele>
   </trkpt>
   <trkpt lat="42.839040000000004" lon="0.20182000000000003">
    <ele>1901.41</ele>
   </trkpt>
   <trkpt lat="42.838860000000004" lon="0.20213">
    <ele>1907.3000000000002</ele>
   </trkpt>
   <trkpt lat="42.83881" lon="0.20217000000000002">
    <ele>1907.96</ele>
   </trkpt>
   <trkpt lat="42.838550000000005" lon="0.20224">
    <ele>1910.9600000000003</ele>
   </trkpt>
   <trkpt lat="42.8385" lon="0.20234000000000002">
    <ele>1913.67</ele>
   </trkpt>
   <trkpt lat="42.83834" lon="0.20235000000000003">
    <ele>1915.63</ele>
   </trkpt>
   <trkpt lat="42.838280000000005" lon="0.20244">
    <ele>1917.01</ele>
   </trkpt>
   <trkpt lat="42.83825" lon="0.20256000000000002">
    <ele>1917.7700000000002</ele>
   </trkpt>
   <trkpt lat="42.838210000000004" lon="0.20263">
    <ele>1917.7700000000002</ele>
   </trkpt>
   <trkpt lat="42.838170000000005" lon="0.20264000000000001">
    <ele>1921.76</ele>
   </trkpt>
   <trkpt lat="42.83812" lon="0.20272">
    <ele>1921.76</ele>
   </trkpt>
   <trkpt lat="42.83803" lon="0.20272">
    <ele>1921.76</ele>
   </trkpt>
   <trkpt lat="42.837920000000004" lon="0.20285000000000003">
    <ele>1925.4700000000003</ele>
   </trkpt>
   <trkpt lat="42.837860000000006" lon="0.20285000000000003">
    <ele>1925.4700000000003</ele>
   </trkpt>
   <trkpt lat="42.83785" lon="0.20288">
    <ele>1927.7700000000002</ele>
   </trkpt>
   <trkpt lat="42.83782" lon="0.20287000000000002">
    <ele>1927.7700000000002</ele>
   </trkpt>
   <trkpt lat="42.8378" lon="0.20291">
    <ele>1928.47</ele>
   </trkpt>
   <trkpt lat="42.83775000000001" lon="0.20292000000000002">
    <ele>1929.0800000000002</ele>
   </trkpt>
   <trkpt lat="42.837700000000005" lon="0.20291">
    <ele>1929.6000000000001</ele>
   </trkpt>
   <trkpt lat="42.83762" lon="0.20295000000000002">
    <ele>1931.0</ele>
   </trkpt>
   <trkpt lat="42.83758" lon="0.20306000000000002">
    <ele>1931.5000000000002</ele>
   </trkpt>
   <trkpt lat="42.837270000000004" lon="0.20329000000000003">
    <ele>1937.2900000000002</ele>
   </trkpt>
   <trkpt lat="42.83711" lon="0.20349">
    <ele>1940.6900000000003</ele>
   </trkpt>
   <trkpt lat="42.83701000000001" lon="0.20357000000000003">
    <ele>1941.4</ele>
   </trkpt>
   <trkpt lat="42.8367" lon="0.20394">
    <ele>1947.4900000000002</ele>
   </trkpt>
   <trkpt lat="42.83664" lon="0.20398000000000002">
    <ele>1947.4900000000002</ele>
   </trkpt>
   <trkpt lat="42.83661" lon="0.20406000000000002">
    <ele>1949.4600000000003</ele>
   </trkpt>
   <trkpt lat="42.83653" lon="0.20411">
    <ele>1949.9</ele>
   </trkpt>
   <trkpt lat="42.83648" lon="0.20418000000000003">
    <ele>1950.2500000000002</ele>
   </trkpt>
   <trkpt lat="42.836400000000005" lon="0.20423000000000002">
    <ele>1951.16</ele>
   </trkpt>
   <trkpt lat="42.83628" lon="0.20440000000000003">
    <ele>1953.2800000000002</ele>
   </trkpt>
   <trkpt lat="42.836090000000006" lon="0.20456000000000002">
    <ele>1956.93</ele>
   </trkpt>
   <trkpt lat="42.83594" lon="0.20473000000000002">
    <ele>1958.6100000000001</ele>
   </trkpt>
   <trkpt lat="42.83588" lon="0.20477">
    <ele>1959.44</ele>
   </trkpt>
   <trkpt lat="42.835800000000006" lon="0.20495000000000002">
    <ele>1960.98</ele>
   </trkpt>
   <trkpt lat="42.83579" lon="0.2051">
    <ele>1962.17</ele>
   </trkpt>
   <trkpt lat="42.835730000000005" lon="0.20540000000000003">
    <ele>1965.3700000000001</ele>
   </trkpt>
   <trkpt lat="42.83563" lon="0.20570000000000002">
    <ele>1966.44</ele>
   </trkpt>
   <trkpt lat="42.835570000000004" lon="0.20571">
    <ele>1967.15</ele>
   </trkpt>
   <trkpt lat="42.83543" lon="0.20566">
    <ele>1968.32</ele>
   </trkpt>
   <trkpt lat="42.8352" lon="0.20567000000000002">
    <ele>1969.1000000000001</ele>
   </trkpt>
   <trkpt lat="42.83511" lon="0.20563">
    <ele>1970.16</ele>
   </trkpt>
   <trkpt lat="42.835040000000006" lon="0.20562000000000002">
    <ele>1970.16</ele>
   </trkpt>
   <trkpt lat="42.83496" lon="0.20565000000000003">
    <ele>1971.1300000000003</ele>
   </trkpt>
   <trkpt lat="42.83491" lon="0.20575000000000002">
    <ele>1972.0100000000002</ele>
   </trkpt>
   <trkpt lat="42.834860000000006" lon="0.20593000000000003">
    <ele>1974.05</ele>
   </trkpt>
   <trkpt lat="42.83473" lon="0.20609000000000002">
    <ele>1976.9</ele>
   </trkpt>
   <trkpt lat="42.8346" lon="0.20621">
    <ele>1977.7900000000002</ele>
   </trkpt>
   <trkpt lat="42.83446" lon="0.2063">
    <ele>1978.5800000000002</ele>
   </trkpt>
   <trkpt lat="42.83431" lon="0.20648000000000002">
    <ele>1980.91</ele>
   </trkpt>
   <trkpt lat="42.83426" lon="0.20650000000000002">
    <ele>1981.3700000000001</ele>
   </trkpt>
   <trkpt lat="42.83422" lon="0.20656000000000002">
    <ele>1981.7900000000002</ele>
   </trkpt>
   <trkpt lat="42.834050000000005" lon="0.20667000000000002">
    <ele>1983.0400000000002</ele>
   </trkpt>
   <trkpt lat="42.83395" lon="0.20677">
    <ele>1983.44</ele>
   </trkpt>
   <trkpt lat="42.83386" lon="0.20683">
    <ele>1983.5600000000002</ele>
   </trkpt>
   <trkpt lat="42.833800000000004" lon="0.20692000000000002">
    <ele>1983.65</ele>
   </trkpt>
   <trkpt lat="42.833560000000006" lon="0.20698000000000003">
    <ele>1983.92</ele>
   </trkpt>
   <trkpt lat="42.833330000000004" lon="0.20716">
    <ele>1984.9800000000002</ele>
   </trkpt>
   <trkpt lat="42.833270000000006" lon="0.20713">
    <ele>1984.9800000000002</ele>
   </trkpt>
   <trkpt lat="42.83324" lon="0.20707">
    <ele>1984.9800000000002</ele>
   </trkpt>
   <trkpt lat="42.83312" lon="0.20706000000000002">
    <ele>1985.7300000000002</ele>
   </trkpt>
   <trkpt lat="42.83299" lon="0.20708000000000001">
    <ele>1986.9</ele>
   </trkpt>
   <trkpt lat="42.832890000000006" lon="0.20711000000000002">
    <ele>1987.1600000000003</ele>
   </trkpt>
   <trkpt lat="42.832730000000005" lon="0.20723000000000003">
    <ele>1987.99</ele>
   </trkpt>
   <trkpt lat="42.83261" lon="0.20727">
    <ele>1988.9900000000002</ele>
   </trkpt>
   <trkpt lat="42.83232" lon="0.20733000000000001">
    <ele>1992.67</ele>
   </trkpt>
   <trkpt lat="42.83214" lon="0.20743">
    <ele>1995.38</ele>
   </trkpt>
   <trkpt lat="42.831900000000005" lon="0.2076">
    <ele>1997.92</ele>
   </trkpt>
   <trkpt lat="42.83182" lon="0.20772000000000002">
    <ele>1998.5400000000002</ele>
   </trkpt>
   <trkpt lat="42.831790000000005" lon="0.20770000000000002">
    <ele>1999.57</ele>
   </trkpt>
   <trkpt lat="42.83175000000001" lon="0.20772000000000002">
    <ele>1999.57</ele>
   </trkpt>
   <trkpt lat="42.83166000000001" lon="0.20781000000000002">
    <ele>2000.2500000000002</ele>
   </trkpt>
   <trkpt lat="42.831570000000006" lon="0.20798000000000003">
    <ele>2000.3999999999999</ele>
   </trkpt>
   <trkpt lat="42.83151" lon="0.20799">
    <ele>2000.3999999999999</ele>
   </trkpt>
   <trkpt lat="42.83113" lon="0.20834000000000003">
    <ele>2001.6000000000001</ele>
   </trkpt>
   <trkpt lat="42.83091" lon="0.20846">
    <ele>2001.8999999999999</ele>
   </trkpt>
   <trkpt lat="42.830850000000005" lon="0.20851000000000003">
    <ele>2002.0000000000002</ele>
   </trkpt>
   <trkpt lat="42.83079" lon="0.20852">
    <ele>2002.4100000000003</ele>
   </trkpt>
   <trkpt lat="42.83068" lon="0.20868">
    <ele>2002.65</ele>
   </trkpt>
   <trkpt lat="42.830330000000004" lon="0.20893">
    <ele>2004.68</ele>
   </trkpt>
   <trkpt lat="42.830180000000006" lon="0.20906000000000002">
    <ele>2004.9200000000003</ele>
   </trkpt>
   <trkpt lat="42.82979" lon="0.20948000000000003">
    <ele>2006.3600000000004</ele>
   </trkpt>
   <trkpt lat="42.829550000000005" lon="0.20968">
    <ele>2007.0300000000002</ele>
   </trkpt>
   <trkpt lat="42.829460000000005" lon="0.20980000000000001">
    <ele>2007.6200000000001</ele>
   </trkpt>
   <trkpt lat="42.829060000000005" lon="0.21032">
    <ele>2011.42</ele>
   </trkpt>
   <trkpt lat="42.829010000000004" lon="0.21046">
    <ele>2013.51</ele>
   </trkpt>
   <trkpt lat="42.82898" lon="0.21070000000000003">
    <ele>2014.0600000000002</ele>
   </trkpt>
   <trkpt lat="42.82889" lon="0.21086000000000002">
    <ele>2014.3300000000002</ele>
   </trkpt>
   <trkpt lat="42.82884000000001" lon="0.21092000000000002">
    <ele>2014.2200000000003</ele>
   </trkpt>
   <trkpt lat="42.82873" lon="0.21100000000000002">
    <ele>2014.24</ele>
   </trkpt>
   <trkpt lat="42.828630000000004" lon="0.21119000000000002">
    <ele>2014.2100000000003</ele>
   </trkpt>
   <trkpt lat="42.82858" lon="0.21125000000000002">
    <ele>2014.3400000000001</ele>
   </trkpt>
   <trkpt lat="42.82853" lon="0.21139000000000002">
    <ele>2014.52</ele>
   </trkpt>
   <trkpt lat="42.828430000000004" lon="0.21153000000000002">
    <ele>2015.5800000000004</ele>
   </trkpt>
   <trkpt lat="42.82837000000001" lon="0.21157">
    <ele>2015.67</ele>
   </trkpt>
   <trkpt lat="42.828300000000006" lon="0.21165">
    <ele>2015.7100000000003</ele>
   </trkpt>
   <trkpt lat="42.828230000000005" lon="0.21218">
    <ele>2017.4600000000003</ele>
   </trkpt>
   <trkpt lat="42.828100000000006" lon="0.21254">
    <ele>2018.58</ele>
   </trkpt>
   <trkpt lat="42.828" lon="0.21273000000000003">
    <ele>2020.2</ele>
   </trkpt>
   <trkpt lat="42.827980000000004" lon="0.21283000000000002">
    <ele>2020.1700000000003</ele>
   </trkpt>
   <trkpt lat="42.827940000000005" lon="0.21361000000000002">
    <ele>2020.5700000000002</ele>
   </trkpt>
   <trkpt lat="42.82795" lon="0.21398000000000003">
    <ele>2020.5200000000002</ele>
   </trkpt>
   <trkpt lat="42.82788" lon="0.21442000000000003">
    <ele>2021.55</ele>
   </trkpt>
   <trkpt lat="42.82786" lon="0.21475000000000002">
    <ele>2022.18</ele>
   </trkpt>
   <trkpt lat="42.82788" lon="0.21499000000000001">
    <ele>2022.58</ele>
   </trkpt>
   <trkpt lat="42.82782" lon="0.21545000000000003">
    <ele>2023.8</ele>
   </trkpt>
   <trkpt lat="42.82781000000001" lon="0.21638000000000002">
    <ele>2023.26</ele>
   </trkpt>
   <trkpt lat="42.827760000000005" lon="0.21673">
    <ele>2024.07</ele>
   </trkpt>
   <trkpt lat="42.82768" lon="0.21701">
    <ele>2025.4600000000003</ele>
   </trkpt>
   <trkpt lat="42.827650000000006" lon="0.21746000000000001">
    <ele>2027.1700000000003</ele>
   </trkpt>
   <trkpt lat="42.82759" lon="0.21778000000000003">
    <ele>2027.88</ele>
   </trkpt>
   <trkpt lat="42.82752000000001" lon="0.21793">
    <ele>2028.1200000000003</ele>
   </trkpt>
   <trkpt lat="42.8275" lon="0.21805000000000002">
    <ele>2028.4600000000003</ele>
   </trkpt>
   <trkpt lat="42.8275" lon="0.21821000000000002">
    <ele>2029.1900000000003</ele>
   </trkpt>
   <trkpt lat="42.827780000000004" lon="0.21919000000000002">
    <ele>2032.6500000000003</ele>
   </trkpt>
   <trkpt lat="42.827870000000004" lon="0.21974000000000002">
    <ele>2033.82</ele>
   </trkpt>
   <trkpt lat="42.82811" lon="0.22058000000000003">
    <ele>2035.6900000000003</ele>
   </trkpt>
   <trkpt lat="42.82818" lon="0.22122000000000003">
    <ele>2036.6500000000003</ele>
   </trkpt>
   <trkpt lat="42.828430000000004" lon="0.22174000000000002">
    <ele>2039.6300000000003</ele>
   </trkpt>
   <trkpt lat="42.82847" lon="0.22188000000000002">
    <ele>2040.1899999999998</ele>
   </trkpt>
   <trkpt lat="42.828480000000006" lon="0.22198">
    <ele>2040.5000000000002</ele>
   </trkpt>
   <trkpt lat="42.82833" lon="0.22236000000000003">
    <ele>2041.48</ele>
   </trkpt>
   <trkpt lat="42.82833" lon="0.22256">
    <ele>2042.4700000000003</ele>
   </trkpt>
   <trkpt lat="42.828430000000004" lon="0.22291000000000002">
    <ele>2046.23</ele>
   </trkpt>
   <trkpt lat="42.828480000000006" lon="0.22323">
    <ele>2049.67</ele>
   </trkpt>
   <trkpt lat="42.828520000000005" lon="0.22383000000000003">
    <ele>2056.61</ele>
   </trkpt>
   <trkpt lat="42.82849" lon="0.22396000000000002">
    <ele>2059.2000000000003</ele>
   </trkpt>
   <trkpt lat="42.828480000000006" lon="0.22443000000000002">
    <ele>2065.52</ele>
   </trkpt>
   <trkpt lat="42.82854000210187" lon="0.22512499932902605">
    <ele>2073.65</ele>
   </trkpt>
   <trkpt lat="42.8286" lon="0.22582000000000002">
    <ele>2087.87</ele>
   </trkpt>
   <trkpt lat="42.82880000608459" lon="0.2269999963385317">
    <ele>2099.4300000000003</ele>
   </trkpt>
   <trkpt lat="42.829" lon="0.22818000000000002">
    <ele>2113.2500000000005</ele>
   </trkpt>
   <trkpt lat="42.829170000000005" lon="0.22886">
    <ele>2119.91</ele>
   </trkpt>
   <trkpt lat="42.829440000000005" lon="0.22951000000000002">
    <ele>2129.6700000000005</ele>
   </trkpt>
   <trkpt lat="42.829835002575756" lon="0.2302899948745423">
    <ele>2137.98</ele>
   </trkpt>
   <trkpt lat="42.83023" lon="0.23107000000000003">
    <ele>2149.3900000000003</ele>
   </trkpt>
   <trkpt lat="42.830330000000004" lon="0.23119">
    <ele>2152.87</ele>
   </trkpt>
   <trkpt lat="42.83037" lon="0.23139">
    <ele>2154.3900000000003</ele>
   </trkpt>
   <trkpt lat="42.830630000000006" lon="0.23207000000000003">
    <ele>2165.01</ele>
   </trkpt>
   <trkpt lat="42.83072000000001" lon="0.23242000000000002">
    <ele>2168.87</ele>
   </trkpt>
   <trkpt lat="42.83081000000001" lon="0.23268000000000003">
    <ele>2174.4100000000003</ele>
   </trkpt>
   <trkpt lat="42.831050000000005" lon="0.23309000000000002">
    <ele>2179.65</ele>
   </trkpt>
   <trkpt lat="42.831250000000004" lon="0.23360000000000003">
    <ele>2184.82</ele>
   </trkpt>
   <trkpt lat="42.831360000000004" lon="0.23395000000000002">
    <ele>2189.76</ele>
   </trkpt>
   <trkpt lat="42.83169" lon="0.23446000000000003">
    <ele>2197.15</ele>
   </trkpt>
   <trkpt lat="42.831970000000005" lon="0.23472">
    <ele>2200.4700000000003</ele>
   </trkpt>
   <trkpt lat="42.83236" lon="0.23536">
    <ele>2206.78</ele>
   </trkpt>
   <trkpt lat="42.83243" lon="0.23541">
    <ele>2207.6000000000004</ele>
   </trkpt>
   <trkpt lat="42.83277000115329" lon="0.23594999684595247">
    <ele>2210.68</ele>
   </trkpt>
   <trkpt lat="42.833110000000005" lon="0.23649">
    <ele>2210.2400000000002</ele>
   </trkpt>
   <trkpt lat="42.83353" lon="0.23666">
    <ele>2209.1000000000004</ele>
   </trkpt>
   <trkpt lat="42.83419000000001" lon="0.23687000000000002">
    <ele>2192.38</ele>
   </trkpt>
   <trkpt lat="42.83442" lon="0.23692000000000002">
    <ele>2188.85</ele>
   </trkpt>
   <trkpt lat="42.83458" lon="0.23700000000000002">
    <ele>2186.29</ele>
   </trkpt>
   <trkpt lat="42.83473" lon="0.23713">
    <ele>2183.57</ele>
   </trkpt>
   <trkpt lat="42.83484000000001" lon="0.23716">
    <ele>2181.6</ele>
   </trkpt>
   <trkpt lat="42.83516" lon="0.23736000000000002">
    <ele>2176.9700000000003</ele>
   </trkpt>
   <trkpt lat="42.83531000000001" lon="0.23751000000000003">
    <ele>2175.37</ele>
   </trkpt>
   <trkpt lat="42.83540000000001" lon="0.23766">
    <ele>2173.9700000000003</ele>
   </trkpt>
   <trkpt lat="42.83556" lon="0.23781000000000002">
    <ele>2171.2000000000003</ele>
   </trkpt>
   <trkpt lat="42.835660000000004" lon="0.23801000000000003">
    <ele>2168.75</ele>
   </trkpt>
   <trkpt lat="42.83568" lon="0.23817000000000002">
    <ele>2167.4500000000003</ele>
   </trkpt>
   <trkpt lat="42.83572" lon="0.23827">
    <ele>2166.8199999999997</ele>
   </trkpt>
   <trkpt lat="42.835730000000005" lon="0.23871000000000003">
    <ele>2164.8</ele>
   </trkpt>
   <trkpt lat="42.83572" lon="0.23882000000000003">
    <ele>2163.51</ele>
   </trkpt>
   <trkpt lat="42.83569000000001" lon="0.23887000000000003">
    <ele>2162.07</ele>
   </trkpt>
   <trkpt lat="42.83568" lon="0.23916">
    <ele>2159.61</ele>
   </trkpt>
   <trkpt lat="42.835710000000006" lon="0.23969000000000001">
    <ele>2150.3</ele>
   </trkpt>
   <trkpt lat="42.83579" lon="0.24028000000000002">
    <ele>2141.9700000000003</ele>
   </trkpt>
   <trkpt lat="42.83576" lon="0.24045000000000002">
    <ele>2141.9700000000003</ele>
   </trkpt>
   <trkpt lat="42.83576" lon="0.24118000000000003">
    <ele>2127.32</ele>
   </trkpt>
   <trkpt lat="42.835730000000005" lon="0.24129000000000003">
    <ele>2127.32</ele>
   </trkpt>
   <trkpt lat="42.83572" lon="0.24163">
    <ele>2124.94</ele>
   </trkpt>
   <trkpt lat="42.83560000000001" lon="0.24247000000000002">
    <ele>2110.31</ele>
   </trkpt>
   <trkpt lat="42.835530000000006" lon="0.24276000000000003">
    <ele>2106.05</ele>
   </trkpt>
   <trkpt lat="42.835240000000006" lon="0.24356000000000003">
    <ele>2094.3</ele>
   </trkpt>
   <trkpt lat="42.83511" lon="0.24399">
    <ele>2086.86</ele>
   </trkpt>
   <trkpt lat="42.83507" lon="0.24406000000000003">
    <ele>2086.86</ele>
   </trkpt>
   <trkpt lat="42.834880000000005" lon="0.2446">
    <ele>2078.91</ele>
   </trkpt>
   <trkpt lat="42.834740000000004" lon="0.24550000000000002">
    <ele>2069.21</ele>
   </trkpt>
   <trkpt lat="42.834720000000004" lon="0.24580000000000002">
    <ele>2066.5400000000004</ele>
   </trkpt>
   <trkpt lat="42.834770000000006" lon="0.24617000000000003">
    <ele>2064.7900000000004</ele>
   </trkpt>
   <trkpt lat="42.83475000000001" lon="0.24649000000000001">
    <ele>2062.9600000000005</ele>
   </trkpt>
   <trkpt lat="42.834700000000005" lon="0.24678000000000003">
    <ele>2060.67</ele>
   </trkpt>
   <trkpt lat="42.83469" lon="0.24697000000000002">
    <ele>2058.94</ele>
   </trkpt>
   <trkpt lat="42.834720000000004" lon="0.24714000000000003">
    <ele>2056.5</ele>
   </trkpt>
   <trkpt lat="42.83478" lon="0.24724000000000002">
    <ele>2055.4400000000005</ele>
   </trkpt>
   <trkpt lat="42.834970000000006" lon="0.24732">
    <ele>2050.2200000000003</ele>
   </trkpt>
   <trkpt lat="42.83502" lon="0.24744000000000002">
    <ele>2049.2700000000004</ele>
   </trkpt>
   <trkpt lat="42.83496" lon="0.24765">
    <ele>2047.2800000000002</ele>
   </trkpt>
   <trkpt lat="42.834990000000005" lon="0.24791000000000002">
    <ele>2043.4800000000002</ele>
   </trkpt>
   <trkpt lat="42.83494" lon="0.24829">
    <ele>2041.15</ele>
   </trkpt>
   <trkpt lat="42.83489" lon="0.24847000000000002">
    <ele>2039.7600000000002</ele>
   </trkpt>
   <trkpt lat="42.834860000000006" lon="0.24852000000000002">
    <ele>2039.14</ele>
   </trkpt>
   <trkpt lat="42.83482" lon="0.24884000000000003">
    <ele>2035.94</ele>
   </trkpt>
   <trkpt lat="42.83475000000001" lon="0.24908000000000002">
    <ele>2034.8200000000002</ele>
   </trkpt>
   <trkpt lat="42.834700000000005" lon="0.24939000000000003">
    <ele>2034.0800000000004</ele>
   </trkpt>
   <trkpt lat="42.83466000000001" lon="0.24983000000000002">
    <ele>2032.7</ele>
   </trkpt>
   <trkpt lat="42.83462" lon="0.24999000000000002">
    <ele>2032.3700000000001</ele>
   </trkpt>
   <trkpt lat="42.83449" lon="0.2503">
    <ele>2031.04</ele>
   </trkpt>
   <trkpt lat="42.83419000000001" lon="0.25082000000000004">
    <ele>2029.36</ele>
   </trkpt>
   <trkpt lat="42.834030000000006" lon="0.25126000000000004">
    <ele>2027.3700000000003</ele>
   </trkpt>
   <trkpt lat="42.833960000000005" lon="0.25157">
    <ele>2026.4800000000002</ele>
   </trkpt>
   <trkpt lat="42.83363000000001" lon="0.25235">
    <ele>2023.04</ele>
   </trkpt>
   <trkpt lat="42.833490000000005" lon="0.25263">
    <ele>2022.45</ele>
   </trkpt>
   <trkpt lat="42.833450000000006" lon="0.25284">
    <ele>2022.4</ele>
   </trkpt>
   <trkpt lat="42.833400000000005" lon="0.2533">
    <ele>2022.0900000000004</ele>
   </trkpt>
   <trkpt lat="42.83344" lon="0.25351">
    <ele>2021.7200000000003</ele>
   </trkpt>
   <trkpt lat="42.833420000000004" lon="0.25370000000000004">
    <ele>2020.74</ele>
   </trkpt>
   <trkpt lat="42.83341" lon="0.25419">
    <ele>2019.63</ele>
   </trkpt>
   <trkpt lat="42.83332" lon="0.25478">
    <ele>2018.88</ele>
   </trkpt>
   <trkpt lat="42.83326" lon="0.2549">
    <ele>2018.2000000000003</ele>
   </trkpt>
   <trkpt lat="42.83324" lon="0.25502">
    <ele>2017.7</ele>
   </trkpt>
   <trkpt lat="42.833110000000005" lon="0.25604000000000005">
    <ele>2010.66</ele>
   </trkpt>
   <trkpt lat="42.833110000000005" lon="0.25629">
    <ele>2008.97</ele>
   </trkpt>
   <trkpt lat="42.83315" lon="0.25678">
    <ele>2006.6900000000003</ele>
   </trkpt>
   <trkpt lat="42.833200000000005" lon="0.25704000000000005">
    <ele>2003.5700000000002</ele>
   </trkpt>
   <trkpt lat="42.83321" lon="0.25719000000000003">
    <ele>2003.0200000000002</ele>
   </trkpt>
   <trkpt lat="42.83325000000001" lon="0.25730000000000003">
    <ele>2000.97</ele>
   </trkpt>
   <trkpt lat="42.833490000000005" lon="0.25766">
    <ele>1998.45</ele>
   </trkpt>
   <trkpt lat="42.83357" lon="0.258">
    <ele>1996.13</ele>
   </trkpt>
   <trkpt lat="42.8337" lon="0.25891000000000003">
    <ele>1991.74</ele>
   </trkpt>
   <trkpt lat="42.83385000175884" lon="0.25953499873000635">
    <ele>1987.6100000000001</ele>
   </trkpt>
   <trkpt lat="42.834" lon="0.26016">
    <ele>1984.2100000000003</ele>
   </trkpt>
   <trkpt lat="42.834140002202716" lon="0.2608749982701142">
    <ele>1980.2</ele>
   </trkpt>
   <trkpt lat="42.83428000000001" lon="0.26159000000000004">
    <ele>1978.52</ele>
   </trkpt>
   <trkpt lat="42.834370004842775" lon="0.2626449984652842">
    <ele>1975.71</ele>
   </trkpt>
   <trkpt lat="42.83446" lon="0.26370000000000005">
    <ele>1969.3400000000001</ele>
   </trkpt>
   <trkpt lat="42.834515004798924" lon="0.26474999910548325">
    <ele>1961.93</ele>
   </trkpt>
   <trkpt lat="42.83457000000001" lon="0.26580000000000004">
    <ele>1958.2500000000002</ele>
   </trkpt>
   <trkpt lat="42.83469" lon="0.26687">
    <ele>1953.5200000000002</ele>
   </trkpt>
   <trkpt lat="42.83469" lon="0.267">
    <ele>1953.07</ele>
   </trkpt>
   <trkpt lat="42.83457000000001" lon="0.26771">
    <ele>1952.8200000000002</ele>
   </trkpt>
   <trkpt lat="42.83456" lon="0.26792000000000005">
    <ele>1952.13</ele>
   </trkpt>
   <trkpt lat="42.834590000000006" lon="0.26838">
    <ele>1948.3400000000001</ele>
   </trkpt>
   <trkpt lat="42.83465" lon="0.26853000000000005">
    <ele>1944.9600000000003</ele>
   </trkpt>
   <trkpt lat="42.83471" lon="0.26903000000000005">
    <ele>1939.3300000000002</ele>
   </trkpt>
   <trkpt lat="42.834700000000005" lon="0.26913000000000004">
    <ele>1938.3500000000001</ele>
   </trkpt>
   <trkpt lat="42.8346" lon="0.26958000000000004">
    <ele>1934.5</ele>
   </trkpt>
   <trkpt lat="42.834520000000005" lon="0.2701">
    <ele>1934.3700000000001</ele>
   </trkpt>
   <trkpt lat="42.834390000000006" lon="0.27064000000000005">
    <ele>1930.2800000000002</ele>
   </trkpt>
   <trkpt lat="42.83437000000001" lon="0.27078">
    <ele>1929.2300000000002</ele>
   </trkpt>
   <trkpt lat="42.83438" lon="0.27098">
    <ele>1928.47</ele>
   </trkpt>
   <trkpt lat="42.83449" lon="0.27141000000000004">
    <ele>1923.64</ele>
   </trkpt>
   <trkpt lat="42.834520000000005" lon="0.27161">
    <ele>1921.88</ele>
   </trkpt>
   <trkpt lat="42.834540000000004" lon="0.27212000000000003">
    <ele>1921.0300000000002</ele>
   </trkpt>
   <trkpt lat="42.83458" lon="0.27232">
    <ele>1920.3500000000001</ele>
   </trkpt>
   <trkpt lat="42.83455" lon="0.27251000000000003">
    <ele>1920.0600000000002</ele>
   </trkpt>
   <trkpt lat="42.83433" lon="0.27289">
    <ele>1920.23</ele>
   </trkpt>
   <trkpt lat="42.83419000000001" lon="0.27319000000000004">
    <ele>1921.19</ele>
   </trkpt>
   <trkpt lat="42.83406" lon="0.27366">
    <ele>1921.3200000000002</ele>
   </trkpt>
   <trkpt lat="42.834050000000005" lon="0.27379000000000003">
    <ele>1920.63</ele>
   </trkpt>
   <trkpt lat="42.834160000000004" lon="0.27429000000000003">
    <ele>1920.26</ele>
   </trkpt>
   <trkpt lat="42.83429" lon="0.27472">
    <ele>1919.6200000000001</ele>
   </trkpt>
   <trkpt lat="42.83444" lon="0.27532">
    <ele>1918.0900000000001</ele>
   </trkpt>
   <trkpt lat="42.83465" lon="0.27592">
    <ele>1915.2700000000002</ele>
   </trkpt>
   <trkpt lat="42.83473" lon="0.27634000000000003">
    <ele>1913.3200000000002</ele>
   </trkpt>
   <trkpt lat="42.834830002467456" lon="0.2770899989369438">
    <ele>1910.94</ele>
   </trkpt>
   <trkpt lat="42.83493000000001" lon="0.27784000000000003">
    <ele>1908.5600000000002</ele>
   </trkpt>
   <trkpt lat="42.835080000000005" lon="0.27866">
    <ele>1901.4700000000003</ele>
   </trkpt>
   <trkpt lat="42.835190000000004" lon="0.27958">
    <ele>1896.91</ele>
   </trkpt>
   <trkpt lat="42.83538" lon="0.28077">
    <ele>1886.06</ele>
   </trkpt>
   <trkpt lat="42.835460000000005" lon="0.2811">
    <ele>1881.96</ele>
   </trkpt>
   <trkpt lat="42.835770000000004" lon="0.28188">
    <ele>1872.81</ele>
   </trkpt>
   <trkpt lat="42.83609000217166" lon="0.2825849963694489">
    <ele>1861.22</ele>
   </trkpt>
   <trkpt lat="42.83641" lon="0.28329000000000004">
    <ele>1844.69</ele>
   </trkpt>
   <trkpt lat="42.83673" lon="0.28421">
    <ele>1824.5000000000002</ele>
   </trkpt>
   <trkpt lat="42.837030000000006" lon="0.28472000000000003">
    <ele>1811.14</ele>
   </trkpt>
   <trkpt lat="42.83727000195234" lon="0.28538999739558374">
    <ele>1796.7700000000002</ele>
   </trkpt>
   <trkpt lat="42.83751" lon="0.28606000000000004">
    <ele>1781.06</ele>
   </trkpt>
   <trkpt lat="42.837650000000004" lon="0.2863">
    <ele>1779.1100000000001</ele>
   </trkpt>
   <trkpt lat="42.83782" lon="0.28676">
    <ele>1768.5300000000002</ele>
   </trkpt>
   <trkpt lat="42.83784000000001" lon="0.28699">
    <ele>1765.57</ele>
   </trkpt>
   <trkpt lat="42.837950000000006" lon="0.28749">
    <ele>1757.3400000000001</ele>
   </trkpt>
   <trkpt lat="42.83803" lon="0.2883">
    <ele>1737.1000000000001</ele>
   </trkpt>
   <trkpt lat="42.83805" lon="0.28834000000000004">
    <ele>1737.1000000000001</ele>
   </trkpt>
   <trkpt lat="42.838080000000005" lon="0.28891">
    <ele>1723.96</ele>
   </trkpt>
   <trkpt lat="42.838060000000006" lon="0.28909">
    <ele>1719.23</ele>
   </trkpt>
   <trkpt lat="42.83809" lon="0.28945000000000004">
    <ele>1712.3700000000001</ele>
   </trkpt>
   <trkpt lat="42.837950000000006" lon="0.28995000000000004">
    <ele>1701.14</ele>
   </trkpt>
   <trkpt lat="42.83793" lon="0.28997">
    <ele>1695.38</ele>
   </trkpt>
   <trkpt lat="42.83793" lon="0.29003">
    <ele>1695.38</ele>
   </trkpt>
   <trkpt lat="42.83782" lon="0.29046000000000005">
    <ele>1685.8400000000001</ele>
   </trkpt>
   <trkpt lat="42.83778" lon="0.29071">
    <ele>1681.13</ele>
   </trkpt>
   <trkpt lat="42.837770000000006" lon="0.29111000000000004">
    <ele>1675.0500000000002</ele>
   </trkpt>
   <trkpt lat="42.8378" lon="0.29157000000000005">
    <ele>1668.63</ele>
   </trkpt>
   <trkpt lat="42.837790000000005" lon="0.29190000000000005">
    <ele>1664.3100000000002</ele>
   </trkpt>
   <trkpt lat="42.83784000000001" lon="0.29217000000000004">
    <ele>1661.99</ele>
   </trkpt>
   <trkpt lat="42.83804000000001" lon="0.29278000000000004">
    <ele>1656.3200000000002</ele>
   </trkpt>
   <trkpt lat="42.83811" lon="0.29316000000000003">
    <ele>1654.26</ele>
   </trkpt>
   <trkpt lat="42.83813000000001" lon="0.29341">
    <ele>1650.68</ele>
   </trkpt>
   <trkpt lat="42.83825" lon="0.29379000000000005">
    <ele>1645.2900000000002</ele>
   </trkpt>
   <trkpt lat="42.838300000000004" lon="0.2942">
    <ele>1641.3400000000001</ele>
   </trkpt>
   <trkpt lat="42.83834" lon="0.29437">
    <ele>1639.9</ele>
   </trkpt>
   <trkpt lat="42.838390000000004" lon="0.29451000000000005">
    <ele>1637.6000000000001</ele>
   </trkpt>
   <trkpt lat="42.838370000000005" lon="0.2948">
    <ele>1633.91</ele>
   </trkpt>
   <trkpt lat="42.8384" lon="0.29502">
    <ele>1631.24</ele>
   </trkpt>
   <trkpt lat="42.838550000000005" lon="0.29560000000000003">
    <ele>1626.47</ele>
   </trkpt>
   <trkpt lat="42.838770000000004" lon="0.29612000000000005">
    <ele>1623.96</ele>
   </trkpt>
   <trkpt lat="42.83878000000001" lon="0.29647">
    <ele>1621.46</ele>
   </trkpt>
   <trkpt lat="42.83878000000001" lon="0.29648">
    <ele>1621.46</ele>
   </trkpt>
   <trkpt lat="42.838770000000004" lon="0.29682000000000003">
    <ele>1618.5800000000002</ele>
   </trkpt>
   <trkpt lat="42.83872" lon="0.29705000000000004">
    <ele>1614.2500000000002</ele>
   </trkpt>
   <trkpt lat="42.8385" lon="0.29765">
    <ele>1610.06</ele>
   </trkpt>
   <trkpt lat="42.838300000000004" lon="0.29803">
    <ele>1608.3</ele>
   </trkpt>
   <trkpt lat="42.83823" lon="0.29841">
    <ele>1606.7600000000002</ele>
   </trkpt>
   <trkpt lat="42.83825" lon="0.29863">
    <ele>1606.54</ele>
   </trkpt>
   <trkpt lat="42.83823" lon="0.29875">
    <ele>1606.71</ele>
   </trkpt>
   <trkpt lat="42.83812" lon="0.29894000000000004">
    <ele>1606.64</ele>
   </trkpt>
   <trkpt lat="42.83794" lon="0.29910000000000003">
    <ele>1602.77</ele>
   </trkpt>
   <trkpt lat="42.83785" lon="0.29909">
    <ele>1600.27</ele>
   </trkpt>
   <trkpt lat="42.837790000000005" lon="0.29911000000000004">
    <ele>1598.89</ele>
   </trkpt>
   <trkpt lat="42.83775000000001" lon="0.29909">
    <ele>1598.89</ele>
   </trkpt>
   <trkpt lat="42.83773" lon="0.29910000000000003">
    <ele>1598.89</ele>
   </trkpt>
   <trkpt lat="42.837650000000004" lon="0.29926">
    <ele>1591.8600000000001</ele>
   </trkpt>
   <trkpt lat="42.837630000000004" lon="0.29950000000000004">
    <ele>1588.65</ele>
   </trkpt>
   <trkpt lat="42.837650000000004" lon="0.29964">
    <ele>1585.0000000000002</ele>
   </trkpt>
   <trkpt lat="42.8376" lon="0.2998">
    <ele>1583.23</ele>
   </trkpt>
   <trkpt lat="42.83758" lon="0.30019">
    <ele>1579.39</ele>
   </trkpt>
   <trkpt lat="42.83751" lon="0.30045000000000005">
    <ele>1575.3600000000001</ele>
   </trkpt>
   <trkpt lat="42.837430000000005" lon="0.30086">
    <ele>1571.2800000000002</ele>
   </trkpt>
   <trkpt lat="42.837320000000005" lon="0.30082000000000003">
    <ele>1566.3</ele>
   </trkpt>
   <trkpt lat="42.83710000000001" lon="0.30068">
    <ele>1551.0700000000002</ele>
   </trkpt>
   <trkpt lat="42.83708" lon="0.30069">
    <ele>1551.0700000000002</ele>
   </trkpt>
   <trkpt lat="42.83702" lon="0.30067000000000005">
    <ele>1551.0700000000002</ele>
   </trkpt>
   <trkpt lat="42.836960000000005" lon="0.30057">
    <ele>1547.0000000000002</ele>
   </trkpt>
   <trkpt lat="42.836890000000004" lon="0.30054000000000003">
    <ele>1543.53</ele>
   </trkpt>
   <trkpt lat="42.83684" lon="0.30042">
    <ele>1543.53</ele>
   </trkpt>
   <trkpt lat="42.836780000000005" lon="0.30032000000000003">
    <ele>1535.65</ele>
   </trkpt>
   <trkpt lat="42.836760000000005" lon="0.30031">
    <ele>1535.65</ele>
   </trkpt>
   <trkpt lat="42.83662" lon="0.30050000000000004">
    <ele>1529.7200000000003</ele>
   </trkpt>
   <trkpt lat="42.83655" lon="0.30064">
    <ele>1527.1100000000001</ele>
   </trkpt>
   <trkpt lat="42.836510000000004" lon="0.30065000000000003">
    <ele>1527.1100000000001</ele>
   </trkpt>
   <trkpt lat="42.836450000000006" lon="0.30059">
    <ele>1519.9</ele>
   </trkpt>
   <trkpt lat="42.836270000000006" lon="0.30008">
    <ele>1513.6900000000003</ele>
   </trkpt>
   <trkpt lat="42.836130000000004" lon="0.29984000000000005">
    <ele>1506.5900000000001</ele>
   </trkpt>
   <trkpt lat="42.83583" lon="0.29946">
    <ele>1497.41</ele>
   </trkpt>
   <trkpt lat="42.83576" lon="0.29928000000000005">
    <ele>1491.3</ele>
   </trkpt>
   <trkpt lat="42.835710000000006" lon="0.29892">
    <ele>1484.21</ele>
   </trkpt>
   <trkpt lat="42.83565" lon="0.29873000000000005">
    <ele>1479.98</ele>
   </trkpt>
   <trkpt lat="42.835660000000004" lon="0.29844000000000004">
    <ele>1477.48</ele>
   </trkpt>
   <trkpt lat="42.83561" lon="0.29828000000000005">
    <ele>1474.5800000000002</ele>
   </trkpt>
   <trkpt lat="42.835550000000005" lon="0.29825">
    <ele>1473.09</ele>
   </trkpt>
   <trkpt lat="42.83549" lon="0.2983">
    <ele>1471.0900000000001</ele>
   </trkpt>
   <trkpt lat="42.83505000009539" lon="0.29816499904374133">
    <ele>1466.13</ele>
   </trkpt>
   <trkpt lat="42.834610000000005" lon="0.29803">
    <ele>1460.2700000000002</ele>
   </trkpt>
   <trkpt lat="42.834430000000005" lon="0.29792">
    <ele>1455.2900000000002</ele>
   </trkpt>
   <trkpt lat="42.83409" lon="0.29767000000000005">
    <ele>1444.28</ele>
   </trkpt>
   <trkpt lat="42.833920000000006" lon="0.29764">
    <ele>1441.89</ele>
   </trkpt>
   <trkpt lat="42.83371" lon="0.29763">
    <ele>1434.3100000000002</ele>
   </trkpt>
   <trkpt lat="42.8335" lon="0.29754">
    <ele>1431.92</ele>
   </trkpt>
   <trkpt lat="42.833420000000004" lon="0.29747">
    <ele>1423.81</ele>
   </trkpt>
   <trkpt lat="42.83335" lon="0.29745000000000005">
    <ele>1423.81</ele>
   </trkpt>
   <trkpt lat="42.833290000000005" lon="0.29741">
    <ele>1420.7</ele>
   </trkpt>
   <trkpt lat="42.832820000000005" lon="0.29689000000000004">
    <ele>1399.95</ele>
   </trkpt>
   <trkpt lat="42.83276" lon="0.29678000000000004">
    <ele>1399.95</ele>
   </trkpt>
   <trkpt lat="42.832620000000006" lon="0.29612000000000005">
    <ele>1380.47</ele>
   </trkpt>
   <trkpt lat="42.83252" lon="0.29571000000000003">
    <ele>1372.8</ele>
   </trkpt>
   <trkpt lat="42.83241" lon="0.29542">
    <ele>1369.72</ele>
   </trkpt>
   <trkpt lat="42.83231000000001" lon="0.29466000000000003">
    <ele>1361.21</ele>
   </trkpt>
   <trkpt lat="42.83231000000001" lon="0.29444000000000004">
    <ele>1357.3700000000001</ele>
   </trkpt>
   <trkpt lat="42.832260000000005" lon="0.29434000000000005">
    <ele>1357.3700000000001</ele>
   </trkpt>
   <trkpt lat="42.83158" lon="0.29419">
    <ele>1346.95</ele>
   </trkpt>
   <trkpt lat="42.831300000000006" lon="0.29417000000000004">
    <ele>1335.64</ele>
   </trkpt>
   <trkpt lat="42.831230000000005" lon="0.29421">
    <ele>1335.64</ele>
   </trkpt>
   <trkpt lat="42.831050000000005" lon="0.29423000000000005">
    <ele>1331.53</ele>
   </trkpt>
   <trkpt lat="42.83102" lon="0.29425">
    <ele>1330.7000000000003</ele>
   </trkpt>
   <trkpt lat="42.83068" lon="0.29419">
    <ele>1324.47</ele>
   </trkpt>
   <trkpt lat="42.830630000000006" lon="0.29421">
    <ele>1324.47</ele>
   </trkpt>
   <trkpt lat="42.830600000000004" lon="0.29425">
    <ele>1320.7600000000002</ele>
   </trkpt>
   <trkpt lat="42.830450000000006" lon="0.29425">
    <ele>1318.14</ele>
   </trkpt>
   <trkpt lat="42.83044" lon="0.29429000000000005">
    <ele>1318.14</ele>
   </trkpt>
   <trkpt lat="42.83057" lon="0.29441">
    <ele>1314.9</ele>
   </trkpt>
   <trkpt lat="42.830650000000006" lon="0.29454">
    <ele>1313.0700000000002</ele>
   </trkpt>
   <trkpt lat="42.83079" lon="0.29468">
    <ele>1308.64</ele>
   </trkpt>
   <trkpt lat="42.830890000000004" lon="0.29489000000000004">
    <ele>1301.2100000000003</ele>
   </trkpt>
   <trkpt lat="42.830940000000005" lon="0.29510000000000003">
    <ele>1301.2100000000003</ele>
   </trkpt>
   <trkpt lat="42.83090000000001" lon="0.29536">
    <ele>1297.22</ele>
   </trkpt>
   <trkpt lat="42.83093500191413" lon="0.296019999982843">
    <ele>1292.0600000000002</ele>
   </trkpt>
   <trkpt lat="42.83097" lon="0.29668">
    <ele>1286.78</ele>
   </trkpt>
   <trkpt lat="42.83095" lon="0.29678000000000004">
    <ele>1286.78</ele>
   </trkpt>
   <trkpt lat="42.830870000000004" lon="0.29693">
    <ele>1284.25</ele>
   </trkpt>
   <trkpt lat="42.830850000000005" lon="0.29704">
    <ele>1284.25</ele>
   </trkpt>
   <trkpt lat="42.8308" lon="0.29777000000000003">
    <ele>1278.2300000000002</ele>
   </trkpt>
   <trkpt lat="42.83079" lon="0.29895000000000005">
    <ele>1266.94</ele>
   </trkpt>
   <trkpt lat="42.8308" lon="0.29909">
    <ele>1266.94</ele>
   </trkpt>
   <trkpt lat="42.83026" lon="0.29953">
    <ele>1245.3500000000001</ele>
   </trkpt>
   <trkpt lat="42.8301" lon="0.2992">
    <ele>1222.11</ele>
   </trkpt>
   <trkpt lat="42.829930000000004" lon="0.29846">
    <ele>1216.0600000000002</ele>
   </trkpt>
   <trkpt lat="42.829840000000004" lon="0.29791">
    <ele>1211.0400000000002</ele>
   </trkpt>
   <trkpt lat="42.82981" lon="0.29788000000000003">
    <ele>1211.0400000000002</ele>
   </trkpt>
   <trkpt lat="42.82979" lon="0.29793000000000003">
    <ele>1211.0400000000002</ele>
   </trkpt>
   <trkpt lat="42.82979" lon="0.29816000000000004">
    <ele>1208.2</ele>
   </trkpt>
   <trkpt lat="42.8297" lon="0.29915">
    <ele>1199.2</ele>
   </trkpt>
   <trkpt lat="42.829730000000005" lon="0.29935">
    <ele>1199.2</ele>
   </trkpt>
   <trkpt lat="42.82983" lon="0.2997">
    <ele>1194.86</ele>
   </trkpt>
   <trkpt lat="42.829840000000004" lon="0.29991">
    <ele>1193.88</ele>
   </trkpt>
   <trkpt lat="42.829910000000005" lon="0.30034000000000005">
    <ele>1190.45</ele>
   </trkpt>
   <trkpt lat="42.82993000193032" lon="0.3010049999935738">
    <ele>1181.75</ele>
   </trkpt>
   <trkpt lat="42.829950000000004" lon="0.30167000000000005">
    <ele>1176.97</ele>
   </trkpt>
   <trkpt lat="42.82999" lon="0.30195000000000005">
    <ele>1171.6100000000001</ele>
   </trkpt>
   <trkpt lat="42.82997" lon="0.30199000000000004">
    <ele>1171.6100000000001</ele>
   </trkpt>
   <trkpt lat="42.82994" lon="0.30198">
    <ele>1171.6100000000001</ele>
   </trkpt>
   <trkpt lat="42.82988" lon="0.30186">
    <ele>1169.2600000000002</ele>
   </trkpt>
   <trkpt lat="42.82968" lon="0.3013">
    <ele>1164.2</ele>
   </trkpt>
   <trkpt lat="42.82949000000001" lon="0.30055000000000004">
    <ele>1157.44</ele>
   </trkpt>
   <trkpt lat="42.829130000000006" lon="0.29972000000000004">
    <ele>1148.3300000000002</ele>
   </trkpt>
   <trkpt lat="42.82909" lon="0.29967000000000005">
    <ele>1147.5700000000002</ele>
   </trkpt>
   <trkpt lat="42.829060000000005" lon="0.29973000000000005">
    <ele>1145.22</ele>
   </trkpt>
   <trkpt lat="42.829150000000006" lon="0.30021000000000003">
    <ele>1141.39</ele>
   </trkpt>
   <trkpt lat="42.82918" lon="0.30067000000000005">
    <ele>1135.8300000000002</ele>
   </trkpt>
   <trkpt lat="42.829130000000006" lon="0.30132000000000003">
    <ele>1129.3200000000002</ele>
   </trkpt>
   <trkpt lat="42.829010000000004" lon="0.30199000000000004">
    <ele>1121.45</ele>
   </trkpt>
   <trkpt lat="42.82903" lon="0.30217000000000005">
    <ele>1119.2300000000002</ele>
   </trkpt>
   <trkpt lat="42.829130000000006" lon="0.3023">
    <ele>1117.22</ele>
   </trkpt>
   <trkpt lat="42.829150000000006" lon="0.30243000000000003">
    <ele>1116.5900000000001</ele>
   </trkpt>
   <trkpt lat="42.829130000000006" lon="0.30251">
    <ele>1114.8</ele>
   </trkpt>
   <trkpt lat="42.82905" lon="0.30262">
    <ele>1113.5400000000002</ele>
   </trkpt>
   <trkpt lat="42.828990000000005" lon="0.30278000000000005">
    <ele>1111.48</ele>
   </trkpt>
   <trkpt lat="42.82894" lon="0.30302">
    <ele>1108.6</ele>
   </trkpt>
   <trkpt lat="42.828860000000006" lon="0.30323">
    <ele>1107.0</ele>
   </trkpt>
   <trkpt lat="42.82884000000001" lon="0.30333000000000004">
    <ele>1103.45</ele>
   </trkpt>
   <trkpt lat="42.828860000000006" lon="0.30344000000000004">
    <ele>1101.76</ele>
   </trkpt>
   <trkpt lat="42.829" lon="0.30360000000000004">
    <ele>1099.3700000000001</ele>
   </trkpt>
   <trkpt lat="42.829010000000004" lon="0.30368">
    <ele>1098.6200000000001</ele>
   </trkpt>
   <trkpt lat="42.82896" lon="0.30386">
    <ele>1096.67</ele>
   </trkpt>
   <trkpt lat="42.82894" lon="0.30410000000000004">
    <ele>1093.7</ele>
   </trkpt>
   <trkpt lat="42.82889" lon="0.30412">
    <ele>1093.05</ele>
   </trkpt>
   <trkpt lat="42.828900000000004" lon="0.30386">
    <ele>1090.2800000000002</ele>
   </trkpt>
   <trkpt lat="42.82887" lon="0.30379">
    <ele>1089.68</ele>
   </trkpt>
   <trkpt lat="42.82878" lon="0.30378000000000005">
    <ele>1088.0</ele>
   </trkpt>
   <trkpt lat="42.828720000000004" lon="0.3037">
    <ele>1088.0</ele>
   </trkpt>
   <trkpt lat="42.828630000000004" lon="0.3033">
    <ele>1083.4</ele>
   </trkpt>
   <trkpt lat="42.82862" lon="0.30313">
    <ele>1082.13</ele>
   </trkpt>
   <trkpt lat="42.828570000000006" lon="0.30305000000000004">
    <ele>1082.1200000000001</ele>
   </trkpt>
   <trkpt lat="42.82851" lon="0.30308">
    <ele>1082.1200000000001</ele>
   </trkpt>
   <trkpt lat="42.82847" lon="0.30319">
    <ele>1079.8100000000002</ele>
   </trkpt>
   <trkpt lat="42.82844" lon="0.30341">
    <ele>1078.13</ele>
   </trkpt>
   <trkpt lat="42.828410000000005" lon="0.30351">
    <ele>1076.8300000000002</ele>
   </trkpt>
   <trkpt lat="42.828100000000006" lon="0.30401">
    <ele>1069.0300000000002</ele>
   </trkpt>
   <trkpt lat="42.828030000000005" lon="0.30442">
    <ele>1065.49</ele>
   </trkpt>
   <trkpt lat="42.828030000000005" lon="0.3047">
    <ele>1064.09</ele>
   </trkpt>
   <trkpt lat="42.82809" lon="0.30475">
    <ele>1064.09</ele>
   </trkpt>
   <trkpt lat="42.828140000000005" lon="0.30484">
    <ele>1062.24</ele>
   </trkpt>
   <trkpt lat="42.82817" lon="0.3054">
    <ele>1057.95</ele>
   </trkpt>
   <trkpt lat="42.82809" lon="0.30647">
    <ele>1036.54</ele>
   </trkpt>
   <trkpt lat="42.82809" lon="0.3068">
    <ele>1029.32</ele>
   </trkpt>
   <trkpt lat="42.827990002216524" lon="0.30751500121183684">
    <ele>1015.8200000000002</ele>
   </trkpt>
   <trkpt lat="42.827890000000004" lon="0.30823">
    <ele>1002.1600000000002</ele>
   </trkpt>
   <trkpt lat="42.82777" lon="0.30885">
    <ele>990.45</ele>
   </trkpt>
   <trkpt lat="42.82777" lon="0.30932000000000004">
    <ele>981.01</ele>
   </trkpt>
   <trkpt lat="42.82772000000001" lon="0.30977000000000005">
    <ele>971.83</ele>
   </trkpt>
   <trkpt lat="42.827580000000005" lon="0.31046">
    <ele>958.5600000000001</ele>
   </trkpt>
   <trkpt lat="42.827490000000004" lon="0.31111000000000005">
    <ele>950.8000000000001</ele>
   </trkpt>
   <trkpt lat="42.827490000000004" lon="0.31139">
    <ele>943.6600000000001</ele>
   </trkpt>
   <trkpt lat="42.82744" lon="0.31182000000000004">
    <ele>938.5700000000002</ele>
   </trkpt>
   <trkpt lat="42.82739" lon="0.31188000000000005">
    <ele>936.42</ele>
   </trkpt>
   <trkpt lat="42.826890000000006" lon="0.31219">
    <ele>928.9200000000001</ele>
   </trkpt>
   <trkpt lat="42.82643" lon="0.31244000000000005">
    <ele>921.6500000000001</ele>
   </trkpt>
   <trkpt lat="42.82623" lon="0.31251">
    <ele>919.49</ele>
   </trkpt>
   <trkpt lat="42.82609" lon="0.31279">
    <ele>910.7</ele>
   </trkpt>
   <trkpt lat="42.82589" lon="0.313">
    <ele>902.69</ele>
   </trkpt>
   <trkpt lat="42.82565" lon="0.31318">
    <ele>896.5600000000001</ele>
   </trkpt>
   <trkpt lat="42.82556" lon="0.31322">
    <ele>890.1300000000001</ele>
   </trkpt>
   <trkpt lat="42.825190000000006" lon="0.31355000000000005">
    <ele>881.69</ele>
   </trkpt>
   <trkpt lat="42.82475" lon="0.31388000000000005">
    <ele>867.87</ele>
   </trkpt>
   <trkpt lat="42.82443000000001" lon="0.31392000000000003">
    <ele>860.26</ele>
   </trkpt>
   <trkpt lat="42.82419" lon="0.31388000000000005">
    <ele>856.1500000000001</ele>
   </trkpt>
   <trkpt lat="42.82426" lon="0.31395">
    <ele>853.34</ele>
   </trkpt>
   <trkpt lat="42.824220000000004" lon="0.31398000000000004">
    <ele>853.34</ele>
   </trkpt>
   <trkpt lat="42.82408" lon="0.31393000000000004">
    <ele>851.32</ele>
   </trkpt>
   <trkpt lat="42.82394" lon="0.31392000000000003">
    <ele>850.26</ele>
   </trkpt>
   <trkpt lat="42.823800000000006" lon="0.31395">
    <ele>848.55</ele>
   </trkpt>
   <trkpt lat="42.8237" lon="0.31399000000000005">
    <ele>847.28</ele>
   </trkpt>
   <trkpt lat="42.82365" lon="0.31403000000000003">
    <ele>847.28</ele>
   </trkpt>
   <trkpt lat="42.823440000000005" lon="0.31463">
    <ele>838.73</ele>
   </trkpt>
   <trkpt lat="42.823420000000006" lon="0.31499000000000005">
    <ele>833.32</ele>
   </trkpt>
   <trkpt lat="42.823440000000005" lon="0.31551">
    <ele>828.61</ele>
   </trkpt>
   <trkpt lat="42.823530000000005" lon="0.31582000000000005">
    <ele>826.62</ele>
   </trkpt>
   <trkpt lat="42.823570000000004" lon="0.31612">
    <ele>825.23</ele>
   </trkpt>
   <trkpt lat="42.82374" lon="0.31625000000000003">
    <ele>824.21</ele>
   </trkpt>
   <trkpt lat="42.82392" lon="0.31635">
    <ele>823.4100000000001</ele>
   </trkpt>
   <trkpt lat="42.82419" lon="0.31647000000000003">
    <ele>822.67</ele>
   </trkpt>
   <trkpt lat="42.824470000000005" lon="0.31675000000000003">
    <ele>822.4</ele>
   </trkpt>
   <trkpt lat="42.824850000000005" lon="0.31724">
    <ele>822.4</ele>
   </trkpt>
   <trkpt lat="42.82511" lon="0.31747000000000003">
    <ele>822.5000000000001</ele>
   </trkpt>
   <trkpt lat="42.82522" lon="0.31754000000000004">
    <ele>822.7200000000001</ele>
   </trkpt>
   <trkpt lat="42.82549" lon="0.31766000000000005">
    <ele>823.2</ele>
   </trkpt>
   <trkpt lat="42.825630000000004" lon="0.31776000000000004">
    <ele>823.3900000000001</ele>
   </trkpt>
   <trkpt lat="42.82567" lon="0.31782000000000005">
    <ele>823.5500000000001</ele>
   </trkpt>
   <trkpt lat="42.825700000000005" lon="0.31794">
    <ele>823.85</ele>
   </trkpt>
   <trkpt lat="42.825540000000004" lon="0.31862">
    <ele>820.13</ele>
   </trkpt>
   <trkpt lat="42.82525500273005" lon="0.31942000384095276">
    <ele>816.1700000000001</ele>
   </trkpt>
   <trkpt lat="42.82497" lon="0.32022">
    <ele>813.2900000000001</ele>
   </trkpt>
   <trkpt lat="42.82460500218373" lon="0.3209300042104315">
    <ele>810.36</ele>
   </trkpt>
   <trkpt lat="42.82424" lon="0.32164000000000004">
    <ele>808.6600000000001</ele>
   </trkpt>
   <trkpt lat="42.823905002370374" lon="0.32237000384269293">
    <ele>808.24</ele>
   </trkpt>
   <trkpt lat="42.823570000000004" lon="0.32310000000000005">
    <ele>807.61</ele>
   </trkpt>
   <trkpt lat="42.82367000000001" lon="0.32308000000000003">
    <ele>806.5300000000001</ele>
   </trkpt>
   <trkpt lat="42.82408500055815" lon="0.3234499974828312">
    <ele>805.08</ele>
   </trkpt>
   <trkpt lat="42.8245" lon="0.32382000000000005">
    <ele>803.95</ele>
   </trkpt>
   <trkpt lat="42.824760000000005" lon="0.32401">
    <ele>803.32</ele>
   </trkpt>
   <trkpt lat="42.82493" lon="0.32418">
    <ele>803.0100000000001</ele>
   </trkpt>
   <trkpt lat="42.825250000000004" lon="0.32462">
    <ele>801.2600000000001</ele>
   </trkpt>
   <trkpt lat="42.82528000000001" lon="0.32491000000000003">
    <ele>801.15</ele>
   </trkpt>
   <trkpt lat="42.82533" lon="0.32505">
    <ele>800.98</ele>
   </trkpt>
   <trkpt lat="42.825430000000004" lon="0.32516">
    <ele>800.6</ele>
   </trkpt>
   <trkpt lat="42.82553" lon="0.32542000000000004">
    <ele>800.48</ele>
   </trkpt>
   <trkpt lat="42.825630000000004" lon="0.32594">
    <ele>799.9300000000001</ele>
   </trkpt>
   <trkpt lat="42.82582" lon="0.32603000000000004">
    <ele>799.8700000000001</ele>
   </trkpt>
   <trkpt lat="42.82602000000001" lon="0.32647000000000004">
    <ele>799.9100000000001</ele>
   </trkpt>
   <trkpt lat="42.82645" lon="0.32688">
    <ele>799.0500000000001</ele>
   </trkpt>
   <trkpt lat="42.8271" lon="0.32713000000000003">
    <ele>797.9000000000001</ele>
   </trkpt>
   <trkpt lat="42.827310000000004" lon="0.32723">
    <ele>797.61</ele>
   </trkpt>
   <trkpt lat="42.82788" lon="0.32744">
    <ele>796.2300000000001</ele>
   </trkpt>
   <trkpt lat="42.827940000000005" lon="0.32759000000000005">
    <ele>796.2300000000001</ele>
   </trkpt>
   <trkpt lat="42.8282" lon="0.32768">
    <ele>795.54</ele>
   </trkpt>
   <trkpt lat="42.828700000000005" lon="0.32799">
    <ele>795.22</ele>
   </trkpt>
   <trkpt lat="42.828950000000006" lon="0.32811">
    <ele>795.03</ele>
   </trkpt>
   <trkpt lat="42.82952" lon="0.32848000000000005">
    <ele>796.3000000000001</ele>
   </trkpt>
   <trkpt lat="42.829570000000004" lon="0.32847000000000004">
    <ele>796.45</ele>
   </trkpt>
   <trkpt lat="42.82969000000001" lon="0.32812">
    <ele>795.8900000000001</ele>
   </trkpt>
   <trkpt lat="42.82977" lon="0.32722">
    <ele>794.7400000000001</ele>
   </trkpt>
  </trkseg>
 </trk>
</gpx>
