<?xml version="1.0" encoding="UTF-8"?>
<gpx xmlns="http://www.topografix.com/GPX/1/1" xmlns:xsi="http://www.w3.org/2001/XMLSchema-instance" version="1.1" creator="Trace de Trail" xsi:schemaLocation="http://www.topografix.com/GPX/1/1 http://www.topografix.com/GPX/1/1/gpx.xsd">
  <metadata>
    <name>HOKA LES TEMPLIERS 2025 - Integrale des Causses</name>
    <desc>Parcours créé sur Trace de Trail</desc>
    <link href="https://tracedetrail.fr/fr/trace/278594">
      <text>Cartographie du parcours</text>
    </link>
    <time>2026-08-21T15:05:58+00:00</time>
  </metadata>
  <trk>
    <name>HOKA LES TEMPLIERS 2025 - Integrale des Causses sur TraceDeTrail.fr</name>
    <src>Trace de Trail</src>
    <trkseg>
      <trkpt lat="44.18794" lon="3.20776">
        <ele>419</ele>
        <time>2026-08-21T15:05:58+00:00</time>
      </trkpt>
      <trkpt lat="44.18816" lon="3.20753">
        <ele>421</ele>
        <time>2026-08-21T15:06:01+00:00</time>
      </trkpt>
      <trkpt lat="44.18845" lon="3.20722">
        <ele>424</ele>
        <time>2026-08-21T15:06:04+00:00</time>
      </trkpt>
      <trkpt lat="44.1885" lon="3.20713">
        <ele>425</ele>
        <time>2026-08-21T15:06:07+00:00</time>
      </trkpt>
      <trkpt lat="44.18854" lon="3.20698">
        <ele>426</ele>
        <time>2026-08-21T15:06:10+00:00</time>
      </trkpt>
      <trkpt lat="44.18855" lon="3.20693">
        <ele>426</ele>
        <time>2026-08-21T15:06:13+00:00</time>
      </trkpt>
      <trkpt lat="44.18855" lon="3.20678">
        <ele>427</ele>
        <time>2026-08-21T15:06:16+00:00</time>
      </trkpt>
      <trkpt lat="44.18853" lon="3.20654">
        <ele>428</ele>
        <time>2026-08-21T15:06:19+00:00</time>
      </trkpt>
      <trkpt lat="44.18851" lon="3.2064">
        <ele>428</ele>
        <time>2026-08-21T15:06:22+00:00</time>
      </trkpt>
      <trkpt lat="44.18847" lon="3.20622">
        <ele>430</ele>
        <time>2026-08-21T15:06:25+00:00</time>
      </trkpt>
      <trkpt lat="44.18842" lon="3.2061">
        <ele>431</ele>
        <time>2026-08-21T15:06:28+00:00</time>
      </trkpt>
      <trkpt lat="44.1884" lon="3.20606">
        <ele>431</ele>
        <time>2026-08-21T15:06:31+00:00</time>
      </trkpt>
      <trkpt lat="44.18838" lon="3.20601">
        <ele>431</ele>
        <time>2026-08-21T15:06:34+00:00</time>
      </trkpt>
      <trkpt lat="44.18827" lon="3.20582">
        <ele>434</ele>
        <time>2026-08-21T15:06:37+00:00</time>
      </trkpt>
      <trkpt lat="44.18818" lon="3.20569">
        <ele>435</ele>
        <time>2026-08-21T15:06:40+00:00</time>
      </trkpt>
      <trkpt lat="44.18816" lon="3.20565">
        <ele>435</ele>
        <time>2026-08-21T15:06:43+00:00</time>
      </trkpt>
      <trkpt lat="44.18809" lon="3.20555">
        <ele>436</ele>
        <time>2026-08-21T15:06:46+00:00</time>
      </trkpt>
      <trkpt lat="44.18796" lon="3.2054">
        <ele>437</ele>
        <time>2026-08-21T15:06:49+00:00</time>
      </trkpt>
      <trkpt lat="44.18788" lon="3.20533">
        <ele>437</ele>
        <time>2026-08-21T15:06:52+00:00</time>
      </trkpt>
      <trkpt lat="44.18776" lon="3.20526">
        <ele>438</ele>
        <time>2026-08-21T15:06:55+00:00</time>
      </trkpt>
      <trkpt lat="44.18766" lon="3.20522">
        <ele>439</ele>
        <time>2026-08-21T15:06:58+00:00</time>
      </trkpt>
      <trkpt lat="44.18751" lon="3.20516">
        <ele>440</ele>
        <time>2026-08-21T15:07:01+00:00</time>
      </trkpt>
      <trkpt lat="44.18722" lon="3.20508">
        <ele>442</ele>
        <time>2026-08-21T15:07:04+00:00</time>
      </trkpt>
      <trkpt lat="44.18713" lon="3.20504">
        <ele>443</ele>
        <time>2026-08-21T15:07:07+00:00</time>
      </trkpt>
      <trkpt lat="44.18689" lon="3.20491">
        <ele>445</ele>
        <time>2026-08-21T15:07:10+00:00</time>
      </trkpt>
      <trkpt lat="44.18684" lon="3.20488">
        <ele>445</ele>
        <time>2026-08-21T15:07:13+00:00</time>
      </trkpt>
      <trkpt lat="44.18676" lon="3.2048">
        <ele>446</ele>
        <time>2026-08-21T15:07:16+00:00</time>
      </trkpt>
      <trkpt lat="44.18666" lon="3.2047">
        <ele>447</ele>
        <time>2026-08-21T15:07:19+00:00</time>
      </trkpt>
      <trkpt lat="44.18659" lon="3.2046">
        <ele>448</ele>
        <time>2026-08-21T15:07:22+00:00</time>
      </trkpt>
      <trkpt lat="44.18653" lon="3.2045">
        <ele>449</ele>
        <time>2026-08-21T15:07:25+00:00</time>
      </trkpt>
      <trkpt lat="44.18649" lon="3.20439">
        <ele>450</ele>
        <time>2026-08-21T15:07:28+00:00</time>
      </trkpt>
      <trkpt lat="44.18647" lon="3.20436">
        <ele>450</ele>
        <time>2026-08-21T15:07:31+00:00</time>
      </trkpt>
      <trkpt lat="44.18639" lon="3.20418">
        <ele>451</ele>
        <time>2026-08-21T15:07:34+00:00</time>
      </trkpt>
      <trkpt lat="44.18635" lon="3.20411">
        <ele>451</ele>
        <time>2026-08-21T15:07:37+00:00</time>
      </trkpt>
      <trkpt lat="44.18628" lon="3.20402">
        <ele>452</ele>
        <time>2026-08-21T15:07:40+00:00</time>
      </trkpt>
      <trkpt lat="44.18605" lon="3.20373">
        <ele>454</ele>
        <time>2026-08-21T15:07:43+00:00</time>
      </trkpt>
      <trkpt lat="44.186" lon="3.20368">
        <ele>455</ele>
        <time>2026-08-21T15:07:46+00:00</time>
      </trkpt>
      <trkpt lat="44.18593" lon="3.20359">
        <ele>456</ele>
        <time>2026-08-21T15:07:49+00:00</time>
      </trkpt>
      <trkpt lat="44.18591" lon="3.20357">
        <ele>456</ele>
        <time>2026-08-21T15:07:52+00:00</time>
      </trkpt>
      <trkpt lat="44.18585" lon="3.20353">
        <ele>457</ele>
        <time>2026-08-21T15:07:55+00:00</time>
      </trkpt>
      <trkpt lat="44.18579" lon="3.20351">
        <ele>457</ele>
        <time>2026-08-21T15:07:58+00:00</time>
      </trkpt>
      <trkpt lat="44.18576" lon="3.20351">
        <ele>457</ele>
        <time>2026-08-21T15:08:01+00:00</time>
      </trkpt>
      <trkpt lat="44.18572" lon="3.20353">
        <ele>457</ele>
        <time>2026-08-21T15:08:04+00:00</time>
      </trkpt>
      <trkpt lat="44.1857" lon="3.20356">
        <ele>457</ele>
        <time>2026-08-21T15:08:07+00:00</time>
      </trkpt>
      <trkpt lat="44.18568" lon="3.20359">
        <ele>459</ele>
        <time>2026-08-21T15:08:10+00:00</time>
      </trkpt>
      <trkpt lat="44.18567" lon="3.20364">
        <ele>460</ele>
        <time>2026-08-21T15:08:13+00:00</time>
      </trkpt>
      <trkpt lat="44.18568" lon="3.20374">
        <ele>462</ele>
        <time>2026-08-21T15:08:16+00:00</time>
      </trkpt>
      <trkpt lat="44.18571" lon="3.20381">
        <ele>459</ele>
        <time>2026-08-21T15:08:19+00:00</time>
      </trkpt>
      <trkpt lat="44.18579" lon="3.20396">
        <ele>462</ele>
        <time>2026-08-21T15:08:22+00:00</time>
      </trkpt>
      <trkpt lat="44.18583" lon="3.20403">
        <ele>461</ele>
        <time>2026-08-21T15:08:25+00:00</time>
      </trkpt>
      <trkpt lat="44.18586" lon="3.20412">
        <ele>461</ele>
        <time>2026-08-21T15:08:28+00:00</time>
      </trkpt>
      <trkpt lat="44.18588" lon="3.20424">
        <ele>462</ele>
        <time>2026-08-21T15:08:31+00:00</time>
      </trkpt>
      <trkpt lat="44.1859" lon="3.20442">
        <ele>460</ele>
        <time>2026-08-21T15:08:34+00:00</time>
      </trkpt>
      <trkpt lat="44.18594" lon="3.20458">
        <ele>462</ele>
        <time>2026-08-21T15:08:37+00:00</time>
      </trkpt>
      <trkpt lat="44.18596" lon="3.20467">
        <ele>463</ele>
        <time>2026-08-21T15:08:40+00:00</time>
      </trkpt>
      <trkpt lat="44.18597" lon="3.2047">
        <ele>465</ele>
        <time>2026-08-21T15:08:43+00:00</time>
      </trkpt>
      <trkpt lat="44.186" lon="3.20479">
        <ele>465</ele>
        <time>2026-08-21T15:08:46+00:00</time>
      </trkpt>
      <trkpt lat="44.18603" lon="3.20486">
        <ele>463</ele>
        <time>2026-08-21T15:08:49+00:00</time>
      </trkpt>
      <trkpt lat="44.18608" lon="3.20503">
        <ele>467</ele>
        <time>2026-08-21T15:08:52+00:00</time>
      </trkpt>
      <trkpt lat="44.18611" lon="3.20509">
        <ele>463</ele>
        <time>2026-08-21T15:08:55+00:00</time>
      </trkpt>
      <trkpt lat="44.18619" lon="3.20528">
        <ele>470</ele>
        <time>2026-08-21T15:08:58+00:00</time>
      </trkpt>
      <trkpt lat="44.18627" lon="3.20537">
        <ele>468</ele>
        <time>2026-08-21T15:09:01+00:00</time>
      </trkpt>
      <trkpt lat="44.18634" lon="3.20544">
        <ele>469</ele>
        <time>2026-08-21T15:09:04+00:00</time>
      </trkpt>
      <trkpt lat="44.18642" lon="3.20551">
        <ele>470</ele>
        <time>2026-08-21T15:09:07+00:00</time>
      </trkpt>
      <trkpt lat="44.1866" lon="3.20565">
        <ele>472</ele>
        <time>2026-08-21T15:09:10+00:00</time>
      </trkpt>
      <trkpt lat="44.18678" lon="3.20584">
        <ele>475</ele>
        <time>2026-08-21T15:09:13+00:00</time>
      </trkpt>
      <trkpt lat="44.18684" lon="3.20594">
        <ele>474</ele>
        <time>2026-08-21T15:09:16+00:00</time>
      </trkpt>
      <trkpt lat="44.18687" lon="3.20602">
        <ele>476</ele>
        <time>2026-08-21T15:09:19+00:00</time>
      </trkpt>
      <trkpt lat="44.18689" lon="3.20609">
        <ele>476</ele>
        <time>2026-08-21T15:09:22+00:00</time>
      </trkpt>
      <trkpt lat="44.18689" lon="3.20622">
        <ele>478</ele>
        <time>2026-08-21T15:09:25+00:00</time>
      </trkpt>
      <trkpt lat="44.18688" lon="3.20626">
        <ele>478</ele>
        <time>2026-08-21T15:09:28+00:00</time>
      </trkpt>
      <trkpt lat="44.18687" lon="3.2063">
        <ele>478</ele>
        <time>2026-08-21T15:09:31+00:00</time>
      </trkpt>
      <trkpt lat="44.18685" lon="3.20638">
        <ele>479</ele>
        <time>2026-08-21T15:09:34+00:00</time>
      </trkpt>
      <trkpt lat="44.18684" lon="3.20642">
        <ele>478</ele>
        <time>2026-08-21T15:09:37+00:00</time>
      </trkpt>
      <trkpt lat="44.18669" lon="3.20681">
        <ele>479</ele>
        <time>2026-08-21T15:09:40+00:00</time>
      </trkpt>
      <trkpt lat="44.18664" lon="3.20708">
        <ele>478</ele>
        <time>2026-08-21T15:09:43+00:00</time>
      </trkpt>
      <trkpt lat="44.18656" lon="3.20734">
        <ele>478</ele>
        <time>2026-08-21T15:09:46+00:00</time>
      </trkpt>
      <trkpt lat="44.18655" lon="3.2074">
        <ele>477</ele>
        <time>2026-08-21T15:09:49+00:00</time>
      </trkpt>
      <trkpt lat="44.18654" lon="3.20751">
        <ele>477</ele>
        <time>2026-08-21T15:09:52+00:00</time>
      </trkpt>
      <trkpt lat="44.18655" lon="3.20761">
        <ele>477</ele>
        <time>2026-08-21T15:09:55+00:00</time>
      </trkpt>
      <trkpt lat="44.18655" lon="3.20766">
        <ele>477</ele>
        <time>2026-08-21T15:09:58+00:00</time>
      </trkpt>
      <trkpt lat="44.18657" lon="3.20781">
        <ele>476</ele>
        <time>2026-08-21T15:10:01+00:00</time>
      </trkpt>
      <trkpt lat="44.18659" lon="3.20786">
        <ele>476</ele>
        <time>2026-08-21T15:10:04+00:00</time>
      </trkpt>
      <trkpt lat="44.1866" lon="3.20797">
        <ele>475</ele>
        <time>2026-08-21T15:10:07+00:00</time>
      </trkpt>
      <trkpt lat="44.18663" lon="3.20807">
        <ele>472</ele>
        <time>2026-08-21T15:10:10+00:00</time>
      </trkpt>
      <trkpt lat="44.18665" lon="3.20813">
        <ele>473</ele>
        <time>2026-08-21T15:10:13+00:00</time>
      </trkpt>
      <trkpt lat="44.18668" lon="3.20823">
        <ele>473</ele>
        <time>2026-08-21T15:10:16+00:00</time>
      </trkpt>
      <trkpt lat="44.18671" lon="3.20834">
        <ele>469</ele>
        <time>2026-08-21T15:10:19+00:00</time>
      </trkpt>
      <trkpt lat="44.18672" lon="3.2084">
        <ele>469</ele>
        <time>2026-08-21T15:10:22+00:00</time>
      </trkpt>
      <trkpt lat="44.18673" lon="3.20845">
        <ele>469</ele>
        <time>2026-08-21T15:10:25+00:00</time>
      </trkpt>
      <trkpt lat="44.18673" lon="3.20857">
        <ele>468</ele>
        <time>2026-08-21T15:10:28+00:00</time>
      </trkpt>
      <trkpt lat="44.18671" lon="3.20882">
        <ele>463</ele>
        <time>2026-08-21T15:10:31+00:00</time>
      </trkpt>
      <trkpt lat="44.18666" lon="3.2091">
        <ele>463</ele>
        <time>2026-08-21T15:10:34+00:00</time>
      </trkpt>
      <trkpt lat="44.18665" lon="3.20921">
        <ele>462</ele>
        <time>2026-08-21T15:10:37+00:00</time>
      </trkpt>
      <trkpt lat="44.18668" lon="3.20932">
        <ele>462</ele>
        <time>2026-08-21T15:10:40+00:00</time>
      </trkpt>
      <trkpt lat="44.18672" lon="3.20942">
        <ele>459</ele>
        <time>2026-08-21T15:10:43+00:00</time>
      </trkpt>
      <trkpt lat="44.18676" lon="3.20959">
        <ele>459</ele>
        <time>2026-08-21T15:10:46+00:00</time>
      </trkpt>
      <trkpt lat="44.18681" lon="3.20977">
        <ele>456</ele>
        <time>2026-08-21T15:10:49+00:00</time>
      </trkpt>
      <trkpt lat="44.18688" lon="3.21012">
        <ele>454</ele>
        <time>2026-08-21T15:10:52+00:00</time>
      </trkpt>
      <trkpt lat="44.18689" lon="3.21017">
        <ele>454</ele>
        <time>2026-08-21T15:10:55+00:00</time>
      </trkpt>
      <trkpt lat="44.18691" lon="3.21029">
        <ele>451</ele>
        <time>2026-08-21T15:10:58+00:00</time>
      </trkpt>
      <trkpt lat="44.1869" lon="3.21046">
        <ele>449</ele>
        <time>2026-08-21T15:11:01+00:00</time>
      </trkpt>
      <trkpt lat="44.18688" lon="3.21064">
        <ele>449</ele>
        <time>2026-08-21T15:11:04+00:00</time>
      </trkpt>
      <trkpt lat="44.18685" lon="3.21075">
        <ele>448</ele>
        <time>2026-08-21T15:11:07+00:00</time>
      </trkpt>
      <trkpt lat="44.18684" lon="3.21086">
        <ele>447</ele>
        <time>2026-08-21T15:11:10+00:00</time>
      </trkpt>
      <trkpt lat="44.18682" lon="3.21098">
        <ele>445</ele>
        <time>2026-08-21T15:11:13+00:00</time>
      </trkpt>
      <trkpt lat="44.1868" lon="3.21109">
        <ele>447</ele>
        <time>2026-08-21T15:11:16+00:00</time>
      </trkpt>
      <trkpt lat="44.18678" lon="3.21125">
        <ele>443</ele>
        <time>2026-08-21T15:11:19+00:00</time>
      </trkpt>
      <trkpt lat="44.18679" lon="3.2113">
        <ele>442</ele>
        <time>2026-08-21T15:11:22+00:00</time>
      </trkpt>
      <trkpt lat="44.1868" lon="3.21135">
        <ele>440</ele>
        <time>2026-08-21T15:11:25+00:00</time>
      </trkpt>
      <trkpt lat="44.18683" lon="3.21138">
        <ele>440</ele>
        <time>2026-08-21T15:11:28+00:00</time>
      </trkpt>
      <trkpt lat="44.18687" lon="3.21139">
        <ele>440</ele>
        <time>2026-08-21T15:11:31+00:00</time>
      </trkpt>
      <trkpt lat="44.18691" lon="3.21138">
        <ele>438</ele>
        <time>2026-08-21T15:11:34+00:00</time>
      </trkpt>
      <trkpt lat="44.18695" lon="3.21136">
        <ele>438</ele>
        <time>2026-08-21T15:11:37+00:00</time>
      </trkpt>
      <trkpt lat="44.18703" lon="3.21131">
        <ele>437</ele>
        <time>2026-08-21T15:11:40+00:00</time>
      </trkpt>
      <trkpt lat="44.1872" lon="3.21116">
        <ele>433</ele>
        <time>2026-08-21T15:11:43+00:00</time>
      </trkpt>
      <trkpt lat="44.1875" lon="3.21096">
        <ele>430</ele>
        <time>2026-08-21T15:11:46+00:00</time>
      </trkpt>
      <trkpt lat="44.18757" lon="3.2109">
        <ele>430</ele>
        <time>2026-08-21T15:11:49+00:00</time>
      </trkpt>
      <trkpt lat="44.18766" lon="3.2108">
        <ele>429</ele>
        <time>2026-08-21T15:11:52+00:00</time>
      </trkpt>
      <trkpt lat="44.18768" lon="3.21076">
        <ele>429</ele>
        <time>2026-08-21T15:11:55+00:00</time>
      </trkpt>
      <trkpt lat="44.18772" lon="3.21067">
        <ele>426</ele>
        <time>2026-08-21T15:11:58+00:00</time>
      </trkpt>
      <trkpt lat="44.18776" lon="3.21052">
        <ele>426</ele>
        <time>2026-08-21T15:12:01+00:00</time>
      </trkpt>
      <trkpt lat="44.18777" lon="3.21041">
        <ele>427</ele>
        <time>2026-08-21T15:12:04+00:00</time>
      </trkpt>
      <trkpt lat="44.18776" lon="3.21025">
        <ele>426</ele>
        <time>2026-08-21T15:12:07+00:00</time>
      </trkpt>
      <trkpt lat="44.18774" lon="3.21008">
        <ele>426</ele>
        <time>2026-08-21T15:12:10+00:00</time>
      </trkpt>
      <trkpt lat="44.18773" lon="3.21003">
        <ele>426</ele>
        <time>2026-08-21T15:12:13+00:00</time>
      </trkpt>
      <trkpt lat="44.18771" lon="3.20998">
        <ele>427</ele>
        <time>2026-08-21T15:12:16+00:00</time>
      </trkpt>
      <trkpt lat="44.1877" lon="3.20993">
        <ele>425</ele>
        <time>2026-08-21T15:12:19+00:00</time>
      </trkpt>
      <trkpt lat="44.18757" lon="3.20948">
        <ele>428</ele>
        <time>2026-08-21T15:12:22+00:00</time>
      </trkpt>
      <trkpt lat="44.18756" lon="3.20937">
        <ele>427</ele>
        <time>2026-08-21T15:12:25+00:00</time>
      </trkpt>
      <trkpt lat="44.18759" lon="3.20921">
        <ele>428</ele>
        <time>2026-08-21T15:12:28+00:00</time>
      </trkpt>
      <trkpt lat="44.18761" lon="3.20911">
        <ele>427</ele>
        <time>2026-08-21T15:12:31+00:00</time>
      </trkpt>
      <trkpt lat="44.18764" lon="3.20901">
        <ele>428</ele>
        <time>2026-08-21T15:12:34+00:00</time>
      </trkpt>
      <trkpt lat="44.18769" lon="3.20879">
        <ele>428</ele>
        <time>2026-08-21T15:12:37+00:00</time>
      </trkpt>
      <trkpt lat="44.18775" lon="3.20858">
        <ele>423</ele>
        <time>2026-08-21T15:12:40+00:00</time>
      </trkpt>
      <trkpt lat="44.18784" lon="3.20833">
        <ele>420</ele>
        <time>2026-08-21T15:12:43+00:00</time>
      </trkpt>
      <trkpt lat="44.18787" lon="3.20828">
        <ele>420</ele>
        <time>2026-08-21T15:12:46+00:00</time>
      </trkpt>
      <trkpt lat="44.18789" lon="3.20825">
        <ele>420</ele>
        <time>2026-08-21T15:12:49+00:00</time>
      </trkpt>
      <trkpt lat="44.18792" lon="3.20823">
        <ele>417</ele>
        <time>2026-08-21T15:12:52+00:00</time>
      </trkpt>
      <trkpt lat="44.18795" lon="3.20823">
        <ele>417</ele>
        <time>2026-08-21T15:12:55+00:00</time>
      </trkpt>
      <trkpt lat="44.18798" lon="3.20826">
        <ele>417</ele>
        <time>2026-08-21T15:12:58+00:00</time>
      </trkpt>
      <trkpt lat="44.188" lon="3.20831">
        <ele>416</ele>
        <time>2026-08-21T15:13:01+00:00</time>
      </trkpt>
      <trkpt lat="44.18804" lon="3.20844">
        <ele>416</ele>
        <time>2026-08-21T15:13:04+00:00</time>
      </trkpt>
      <trkpt lat="44.18808" lon="3.20864">
        <ele>415</ele>
        <time>2026-08-21T15:13:07+00:00</time>
      </trkpt>
      <trkpt lat="44.1881" lon="3.20869">
        <ele>415</ele>
        <time>2026-08-21T15:13:10+00:00</time>
      </trkpt>
      <trkpt lat="44.18812" lon="3.20881">
        <ele>414</ele>
        <time>2026-08-21T15:13:13+00:00</time>
      </trkpt>
      <trkpt lat="44.18813" lon="3.20886">
        <ele>414</ele>
        <time>2026-08-21T15:13:16+00:00</time>
      </trkpt>
      <trkpt lat="44.18815" lon="3.20898">
        <ele>413</ele>
        <time>2026-08-21T15:13:19+00:00</time>
      </trkpt>
      <trkpt lat="44.18816" lon="3.20903">
        <ele>413</ele>
        <time>2026-08-21T15:13:22+00:00</time>
      </trkpt>
      <trkpt lat="44.18813" lon="3.20922">
        <ele>412</ele>
        <time>2026-08-21T15:13:25+00:00</time>
      </trkpt>
      <trkpt lat="44.18814" lon="3.2094">
        <ele>410</ele>
        <time>2026-08-21T15:13:28+00:00</time>
      </trkpt>
      <trkpt lat="44.18815" lon="3.20946">
        <ele>410</ele>
        <time>2026-08-21T15:13:31+00:00</time>
      </trkpt>
      <trkpt lat="44.18818" lon="3.20957">
        <ele>409</ele>
        <time>2026-08-21T15:13:34+00:00</time>
      </trkpt>
      <trkpt lat="44.18822" lon="3.20967">
        <ele>409</ele>
        <time>2026-08-21T15:13:37+00:00</time>
      </trkpt>
      <trkpt lat="44.18827" lon="3.20976">
        <ele>408</ele>
        <time>2026-08-21T15:13:40+00:00</time>
      </trkpt>
      <trkpt lat="44.18834" lon="3.20984">
        <ele>408</ele>
        <time>2026-08-21T15:13:43+00:00</time>
      </trkpt>
      <trkpt lat="44.18856" lon="3.21003">
        <ele>405</ele>
        <time>2026-08-21T15:13:46+00:00</time>
      </trkpt>
      <trkpt lat="44.18858" lon="3.21006">
        <ele>405</ele>
        <time>2026-08-21T15:13:49+00:00</time>
      </trkpt>
      <trkpt lat="44.18862" lon="3.21009">
        <ele>404</ele>
        <time>2026-08-21T15:13:52+00:00</time>
      </trkpt>
      <trkpt lat="44.18868" lon="3.21016">
        <ele>405</ele>
        <time>2026-08-21T15:13:55+00:00</time>
      </trkpt>
      <trkpt lat="44.18885" lon="3.21031">
        <ele>403</ele>
        <time>2026-08-21T15:13:58+00:00</time>
      </trkpt>
      <trkpt lat="44.18888" lon="3.21035">
        <ele>403</ele>
        <time>2026-08-21T15:14:01+00:00</time>
      </trkpt>
      <trkpt lat="44.18898" lon="3.21045">
        <ele>401</ele>
        <time>2026-08-21T15:14:04+00:00</time>
      </trkpt>
      <trkpt lat="44.18913" lon="3.21059">
        <ele>399</ele>
        <time>2026-08-21T15:14:07+00:00</time>
      </trkpt>
      <trkpt lat="44.18924" lon="3.21067">
        <ele>398</ele>
        <time>2026-08-21T15:14:10+00:00</time>
      </trkpt>
      <trkpt lat="44.18931" lon="3.21073">
        <ele>398</ele>
        <time>2026-08-21T15:14:13+00:00</time>
      </trkpt>
      <trkpt lat="44.18934" lon="3.21076">
        <ele>397</ele>
        <time>2026-08-21T15:14:16+00:00</time>
      </trkpt>
      <trkpt lat="44.18935" lon="3.21081">
        <ele>397</ele>
        <time>2026-08-21T15:14:19+00:00</time>
      </trkpt>
      <trkpt lat="44.18935" lon="3.21085">
        <ele>397</ele>
        <time>2026-08-21T15:14:22+00:00</time>
      </trkpt>
      <trkpt lat="44.18932" lon="3.21088">
        <ele>397</ele>
        <time>2026-08-21T15:14:25+00:00</time>
      </trkpt>
      <trkpt lat="44.18929" lon="3.2109">
        <ele>398</ele>
        <time>2026-08-21T15:14:28+00:00</time>
      </trkpt>
      <trkpt lat="44.18919" lon="3.21092">
        <ele>398</ele>
        <time>2026-08-21T15:14:31+00:00</time>
      </trkpt>
      <trkpt lat="44.18875" lon="3.21093">
        <ele>406</ele>
        <time>2026-08-21T15:14:34+00:00</time>
      </trkpt>
      <trkpt lat="44.18866" lon="3.21095">
        <ele>407</ele>
        <time>2026-08-21T15:14:37+00:00</time>
      </trkpt>
      <trkpt lat="44.18849" lon="3.21094">
        <ele>407</ele>
        <time>2026-08-21T15:14:40+00:00</time>
      </trkpt>
      <trkpt lat="44.18837" lon="3.21095">
        <ele>409</ele>
        <time>2026-08-21T15:14:43+00:00</time>
      </trkpt>
      <trkpt lat="44.18828" lon="3.21098">
        <ele>412</ele>
        <time>2026-08-21T15:14:46+00:00</time>
      </trkpt>
      <trkpt lat="44.18817" lon="3.21103">
        <ele>411</ele>
        <time>2026-08-21T15:14:49+00:00</time>
      </trkpt>
      <trkpt lat="44.18809" lon="3.21104">
        <ele>412</ele>
        <time>2026-08-21T15:14:52+00:00</time>
      </trkpt>
      <trkpt lat="44.188" lon="3.21107">
        <ele>412</ele>
        <time>2026-08-21T15:14:55+00:00</time>
      </trkpt>
      <trkpt lat="44.18795" lon="3.21109">
        <ele>414</ele>
        <time>2026-08-21T15:14:58+00:00</time>
      </trkpt>
      <trkpt lat="44.18786" lon="3.21119">
        <ele>414</ele>
        <time>2026-08-21T15:15:01+00:00</time>
      </trkpt>
      <trkpt lat="44.18776" lon="3.21128">
        <ele>412</ele>
        <time>2026-08-21T15:15:04+00:00</time>
      </trkpt>
      <trkpt lat="44.18768" lon="3.21136">
        <ele>414</ele>
        <time>2026-08-21T15:15:07+00:00</time>
      </trkpt>
      <trkpt lat="44.18765" lon="3.21141">
        <ele>416</ele>
        <time>2026-08-21T15:15:10+00:00</time>
      </trkpt>
      <trkpt lat="44.18765" lon="3.21144">
        <ele>416</ele>
        <time>2026-08-21T15:15:13+00:00</time>
      </trkpt>
      <trkpt lat="44.18766" lon="3.21147">
        <ele>416</ele>
        <time>2026-08-21T15:15:16+00:00</time>
      </trkpt>
      <trkpt lat="44.18768" lon="3.21147">
        <ele>416</ele>
        <time>2026-08-21T15:15:19+00:00</time>
      </trkpt>
      <trkpt lat="44.18771" lon="3.21147">
        <ele>414</ele>
        <time>2026-08-21T15:15:22+00:00</time>
      </trkpt>
      <trkpt lat="44.18795" lon="3.21136">
        <ele>415</ele>
        <time>2026-08-21T15:15:25+00:00</time>
      </trkpt>
      <trkpt lat="44.18803" lon="3.21133">
        <ele>417</ele>
        <time>2026-08-21T15:15:28+00:00</time>
      </trkpt>
      <trkpt lat="44.18826" lon="3.21132">
        <ele>419</ele>
        <time>2026-08-21T15:15:31+00:00</time>
      </trkpt>
      <trkpt lat="44.1884" lon="3.21135">
        <ele>420</ele>
        <time>2026-08-21T15:15:34+00:00</time>
      </trkpt>
      <trkpt lat="44.18849" lon="3.21137">
        <ele>420</ele>
        <time>2026-08-21T15:15:37+00:00</time>
      </trkpt>
      <trkpt lat="44.18859" lon="3.21144">
        <ele>422</ele>
        <time>2026-08-21T15:15:40+00:00</time>
      </trkpt>
      <trkpt lat="44.18868" lon="3.21155">
        <ele>423</ele>
        <time>2026-08-21T15:15:43+00:00</time>
      </trkpt>
      <trkpt lat="44.18875" lon="3.21166">
        <ele>424</ele>
        <time>2026-08-21T15:15:46+00:00</time>
      </trkpt>
      <trkpt lat="44.18877" lon="3.21171">
        <ele>427</ele>
        <time>2026-08-21T15:15:49+00:00</time>
      </trkpt>
      <trkpt lat="44.18879" lon="3.21179">
        <ele>427</ele>
        <time>2026-08-21T15:15:52+00:00</time>
      </trkpt>
      <trkpt lat="44.1888" lon="3.21187">
        <ele>426</ele>
        <time>2026-08-21T15:15:55+00:00</time>
      </trkpt>
      <trkpt lat="44.1888" lon="3.21195">
        <ele>430</ele>
        <time>2026-08-21T15:15:58+00:00</time>
      </trkpt>
      <trkpt lat="44.18878" lon="3.21203">
        <ele>429</ele>
        <time>2026-08-21T15:16:01+00:00</time>
      </trkpt>
      <trkpt lat="44.18872" lon="3.21216">
        <ele>429</ele>
        <time>2026-08-21T15:16:04+00:00</time>
      </trkpt>
      <trkpt lat="44.18867" lon="3.21222">
        <ele>430</ele>
        <time>2026-08-21T15:16:07+00:00</time>
      </trkpt>
      <trkpt lat="44.1886" lon="3.21234">
        <ele>431</ele>
        <time>2026-08-21T15:16:10+00:00</time>
      </trkpt>
      <trkpt lat="44.18859" lon="3.21238">
        <ele>429</ele>
        <time>2026-08-21T15:16:13+00:00</time>
      </trkpt>
      <trkpt lat="44.1886" lon="3.21245">
        <ele>429</ele>
        <time>2026-08-21T15:16:16+00:00</time>
      </trkpt>
      <trkpt lat="44.18867" lon="3.21263">
        <ele>429</ele>
        <time>2026-08-21T15:16:19+00:00</time>
      </trkpt>
      <trkpt lat="44.18872" lon="3.21272">
        <ele>429</ele>
        <time>2026-08-21T15:16:22+00:00</time>
      </trkpt>
      <trkpt lat="44.18873" lon="3.21277">
        <ele>429</ele>
        <time>2026-08-21T15:16:25+00:00</time>
      </trkpt>
      <trkpt lat="44.18874" lon="3.21287">
        <ele>429</ele>
        <time>2026-08-21T15:16:28+00:00</time>
      </trkpt>
      <trkpt lat="44.18872" lon="3.21299">
        <ele>429</ele>
        <time>2026-08-21T15:16:31+00:00</time>
      </trkpt>
      <trkpt lat="44.1887" lon="3.2133">
        <ele>426</ele>
        <time>2026-08-21T15:16:34+00:00</time>
      </trkpt>
      <trkpt lat="44.18872" lon="3.21343">
        <ele>426</ele>
        <time>2026-08-21T15:16:37+00:00</time>
      </trkpt>
      <trkpt lat="44.18875" lon="3.21347">
        <ele>426</ele>
        <time>2026-08-21T15:16:40+00:00</time>
      </trkpt>
      <trkpt lat="44.18881" lon="3.21356">
        <ele>424</ele>
        <time>2026-08-21T15:16:43+00:00</time>
      </trkpt>
      <trkpt lat="44.18891" lon="3.21367">
        <ele>420</ele>
        <time>2026-08-21T15:16:46+00:00</time>
      </trkpt>
      <trkpt lat="44.18902" lon="3.21374">
        <ele>421</ele>
        <time>2026-08-21T15:16:49+00:00</time>
      </trkpt>
      <trkpt lat="44.18922" lon="3.21387">
        <ele>419</ele>
        <time>2026-08-21T15:16:52+00:00</time>
      </trkpt>
      <trkpt lat="44.18925" lon="3.21391">
        <ele>421</ele>
        <time>2026-08-21T15:16:55+00:00</time>
      </trkpt>
      <trkpt lat="44.18927" lon="3.21395">
        <ele>421</ele>
        <time>2026-08-21T15:16:58+00:00</time>
      </trkpt>
      <trkpt lat="44.18934" lon="3.21411">
        <ele>418</ele>
        <time>2026-08-21T15:17:01+00:00</time>
      </trkpt>
      <trkpt lat="44.18939" lon="3.21433">
        <ele>422</ele>
        <time>2026-08-21T15:17:04+00:00</time>
      </trkpt>
      <trkpt lat="44.18943" lon="3.21473">
        <ele>416</ele>
        <time>2026-08-21T15:17:07+00:00</time>
      </trkpt>
      <trkpt lat="44.18944" lon="3.21478">
        <ele>416</ele>
        <time>2026-08-21T15:17:10+00:00</time>
      </trkpt>
      <trkpt lat="44.18946" lon="3.2149">
        <ele>419</ele>
        <time>2026-08-21T15:17:13+00:00</time>
      </trkpt>
      <trkpt lat="44.1895" lon="3.21506">
        <ele>418</ele>
        <time>2026-08-21T15:17:16+00:00</time>
      </trkpt>
      <trkpt lat="44.18954" lon="3.21516">
        <ele>416</ele>
        <time>2026-08-21T15:17:19+00:00</time>
      </trkpt>
      <trkpt lat="44.18958" lon="3.21532">
        <ele>413</ele>
        <time>2026-08-21T15:17:22+00:00</time>
      </trkpt>
      <trkpt lat="44.1896" lon="3.21542">
        <ele>421</ele>
        <time>2026-08-21T15:17:25+00:00</time>
      </trkpt>
      <trkpt lat="44.18961" lon="3.2155">
        <ele>406</ele>
        <time>2026-08-21T15:17:28+00:00</time>
      </trkpt>
      <trkpt lat="44.18965" lon="3.21563">
        <ele>409</ele>
        <time>2026-08-21T15:17:31+00:00</time>
      </trkpt>
      <trkpt lat="44.18967" lon="3.21575">
        <ele>411</ele>
        <time>2026-08-21T15:17:34+00:00</time>
      </trkpt>
      <trkpt lat="44.18971" lon="3.21585">
        <ele>406</ele>
        <time>2026-08-21T15:17:37+00:00</time>
      </trkpt>
      <trkpt lat="44.18973" lon="3.21596">
        <ele>409</ele>
        <time>2026-08-21T15:17:40+00:00</time>
      </trkpt>
      <trkpt lat="44.18979" lon="3.21611">
        <ele>416</ele>
        <time>2026-08-21T15:17:43+00:00</time>
      </trkpt>
      <trkpt lat="44.18984" lon="3.2162">
        <ele>409</ele>
        <time>2026-08-21T15:17:46+00:00</time>
      </trkpt>
      <trkpt lat="44.18989" lon="3.21634">
        <ele>414</ele>
        <time>2026-08-21T15:17:49+00:00</time>
      </trkpt>
      <trkpt lat="44.18993" lon="3.21649">
        <ele>409</ele>
        <time>2026-08-21T15:17:52+00:00</time>
      </trkpt>
      <trkpt lat="44.19001" lon="3.21666">
        <ele>409</ele>
        <time>2026-08-21T15:17:55+00:00</time>
      </trkpt>
      <trkpt lat="44.19003" lon="3.2167">
        <ele>409</ele>
        <time>2026-08-21T15:17:58+00:00</time>
      </trkpt>
      <trkpt lat="44.19007" lon="3.21678">
        <ele>407</ele>
        <time>2026-08-21T15:18:01+00:00</time>
      </trkpt>
      <trkpt lat="44.19014" lon="3.2169">
        <ele>412</ele>
        <time>2026-08-21T15:18:04+00:00</time>
      </trkpt>
      <trkpt lat="44.1902" lon="3.21699">
        <ele>412</ele>
        <time>2026-08-21T15:18:07+00:00</time>
      </trkpt>
      <trkpt lat="44.19024" lon="3.21707">
        <ele>407</ele>
        <time>2026-08-21T15:18:10+00:00</time>
      </trkpt>
      <trkpt lat="44.19035" lon="3.21735">
        <ele>408</ele>
        <time>2026-08-21T15:18:13+00:00</time>
      </trkpt>
      <trkpt lat="44.19038" lon="3.2174">
        <ele>408</ele>
        <time>2026-08-21T15:18:16+00:00</time>
      </trkpt>
      <trkpt lat="44.19042" lon="3.21749">
        <ele>405</ele>
        <time>2026-08-21T15:18:19+00:00</time>
      </trkpt>
      <trkpt lat="44.19047" lon="3.21764">
        <ele>408</ele>
        <time>2026-08-21T15:18:22+00:00</time>
      </trkpt>
      <trkpt lat="44.19048" lon="3.21769">
        <ele>408</ele>
        <time>2026-08-21T15:18:25+00:00</time>
      </trkpt>
      <trkpt lat="44.19056" lon="3.21787">
        <ele>409</ele>
        <time>2026-08-21T15:18:28+00:00</time>
      </trkpt>
      <trkpt lat="44.1906" lon="3.21804">
        <ele>409</ele>
        <time>2026-08-21T15:18:31+00:00</time>
      </trkpt>
      <trkpt lat="44.19061" lon="3.21818">
        <ele>409</ele>
        <time>2026-08-21T15:18:34+00:00</time>
      </trkpt>
      <trkpt lat="44.19064" lon="3.21827">
        <ele>410</ele>
        <time>2026-08-21T15:18:37+00:00</time>
      </trkpt>
      <trkpt lat="44.19066" lon="3.21837">
        <ele>411</ele>
        <time>2026-08-21T15:18:40+00:00</time>
      </trkpt>
      <trkpt lat="44.19066" lon="3.21842">
        <ele>414</ele>
        <time>2026-08-21T15:18:43+00:00</time>
      </trkpt>
      <trkpt lat="44.19068" lon="3.21857">
        <ele>415</ele>
        <time>2026-08-21T15:18:46+00:00</time>
      </trkpt>
      <trkpt lat="44.19069" lon="3.21873">
        <ele>411</ele>
        <time>2026-08-21T15:18:49+00:00</time>
      </trkpt>
      <trkpt lat="44.19069" lon="3.21878">
        <ele>417</ele>
        <time>2026-08-21T15:18:52+00:00</time>
      </trkpt>
      <trkpt lat="44.19069" lon="3.21889">
        <ele>418</ele>
        <time>2026-08-21T15:18:55+00:00</time>
      </trkpt>
      <trkpt lat="44.1907" lon="3.21905">
        <ele>412</ele>
        <time>2026-08-21T15:18:58+00:00</time>
      </trkpt>
      <trkpt lat="44.19071" lon="3.21926">
        <ele>413</ele>
        <time>2026-08-21T15:19:01+00:00</time>
      </trkpt>
      <trkpt lat="44.19067" lon="3.21958">
        <ele>412</ele>
        <time>2026-08-21T15:19:04+00:00</time>
      </trkpt>
      <trkpt lat="44.19067" lon="3.21968">
        <ele>418</ele>
        <time>2026-08-21T15:19:07+00:00</time>
      </trkpt>
      <trkpt lat="44.19066" lon="3.21974">
        <ele>417</ele>
        <time>2026-08-21T15:19:10+00:00</time>
      </trkpt>
      <trkpt lat="44.19066" lon="3.22011">
        <ele>412</ele>
        <time>2026-08-21T15:19:13+00:00</time>
      </trkpt>
      <trkpt lat="44.19067" lon="3.22015">
        <ele>412</ele>
        <time>2026-08-21T15:19:16+00:00</time>
      </trkpt>
      <trkpt lat="44.19067" lon="3.2203">
        <ele>410</ele>
        <time>2026-08-21T15:19:19+00:00</time>
      </trkpt>
      <trkpt lat="44.19068" lon="3.22051">
        <ele>410</ele>
        <time>2026-08-21T15:19:22+00:00</time>
      </trkpt>
      <trkpt lat="44.1907" lon="3.22056">
        <ele>410</ele>
        <time>2026-08-21T15:19:25+00:00</time>
      </trkpt>
      <trkpt lat="44.19071" lon="3.22067">
        <ele>406</ele>
        <time>2026-08-21T15:19:28+00:00</time>
      </trkpt>
      <trkpt lat="44.19071" lon="3.22083">
        <ele>406</ele>
        <time>2026-08-21T15:19:31+00:00</time>
      </trkpt>
      <trkpt lat="44.19072" lon="3.22088">
        <ele>406</ele>
        <time>2026-08-21T15:19:34+00:00</time>
      </trkpt>
      <trkpt lat="44.19072" lon="3.22093">
        <ele>407</ele>
        <time>2026-08-21T15:19:37+00:00</time>
      </trkpt>
      <trkpt lat="44.19076" lon="3.22132">
        <ele>406</ele>
        <time>2026-08-21T15:19:40+00:00</time>
      </trkpt>
      <trkpt lat="44.19079" lon="3.22147">
        <ele>406</ele>
        <time>2026-08-21T15:19:43+00:00</time>
      </trkpt>
      <trkpt lat="44.1908" lon="3.22163">
        <ele>406</ele>
        <time>2026-08-21T15:19:46+00:00</time>
      </trkpt>
      <trkpt lat="44.19079" lon="3.22173">
        <ele>406</ele>
        <time>2026-08-21T15:19:49+00:00</time>
      </trkpt>
      <trkpt lat="44.19078" lon="3.22178">
        <ele>406</ele>
        <time>2026-08-21T15:19:52+00:00</time>
      </trkpt>
      <trkpt lat="44.19078" lon="3.22187">
        <ele>406</ele>
        <time>2026-08-21T15:19:55+00:00</time>
      </trkpt>
      <trkpt lat="44.19077" lon="3.22192">
        <ele>406</ele>
        <time>2026-08-21T15:19:58+00:00</time>
      </trkpt>
      <trkpt lat="44.19076" lon="3.22202">
        <ele>407</ele>
        <time>2026-08-21T15:20:01+00:00</time>
      </trkpt>
      <trkpt lat="44.19077" lon="3.22216">
        <ele>407</ele>
        <time>2026-08-21T15:20:04+00:00</time>
      </trkpt>
      <trkpt lat="44.1908" lon="3.22243">
        <ele>406</ele>
        <time>2026-08-21T15:20:07+00:00</time>
      </trkpt>
      <trkpt lat="44.19079" lon="3.22264">
        <ele>409</ele>
        <time>2026-08-21T15:20:10+00:00</time>
      </trkpt>
      <trkpt lat="44.19076" lon="3.22285">
        <ele>407</ele>
        <time>2026-08-21T15:20:13+00:00</time>
      </trkpt>
      <trkpt lat="44.19073" lon="3.22296">
        <ele>406</ele>
        <time>2026-08-21T15:20:16+00:00</time>
      </trkpt>
      <trkpt lat="44.19071" lon="3.22318">
        <ele>408</ele>
        <time>2026-08-21T15:20:19+00:00</time>
      </trkpt>
      <trkpt lat="44.19069" lon="3.22334">
        <ele>414</ele>
        <time>2026-08-21T15:20:22+00:00</time>
      </trkpt>
      <trkpt lat="44.19069" lon="3.22339">
        <ele>414</ele>
        <time>2026-08-21T15:20:25+00:00</time>
      </trkpt>
      <trkpt lat="44.19069" lon="3.22352">
        <ele>415</ele>
        <time>2026-08-21T15:20:28+00:00</time>
      </trkpt>
      <trkpt lat="44.19069" lon="3.22357">
        <ele>415</ele>
        <time>2026-08-21T15:20:31+00:00</time>
      </trkpt>
      <trkpt lat="44.19067" lon="3.22376">
        <ele>416</ele>
        <time>2026-08-21T15:20:34+00:00</time>
      </trkpt>
      <trkpt lat="44.19067" lon="3.22389">
        <ele>415</ele>
        <time>2026-08-21T15:20:37+00:00</time>
      </trkpt>
      <trkpt lat="44.19065" lon="3.22406">
        <ele>417</ele>
        <time>2026-08-21T15:20:40+00:00</time>
      </trkpt>
      <trkpt lat="44.19064" lon="3.22419">
        <ele>413</ele>
        <time>2026-08-21T15:20:43+00:00</time>
      </trkpt>
      <trkpt lat="44.19065" lon="3.2243">
        <ele>416</ele>
        <time>2026-08-21T15:20:46+00:00</time>
      </trkpt>
      <trkpt lat="44.19064" lon="3.22444">
        <ele>413</ele>
        <time>2026-08-21T15:20:49+00:00</time>
      </trkpt>
      <trkpt lat="44.19064" lon="3.22459">
        <ele>413</ele>
        <time>2026-08-21T15:20:52+00:00</time>
      </trkpt>
      <trkpt lat="44.19066" lon="3.22473">
        <ele>412</ele>
        <time>2026-08-21T15:20:55+00:00</time>
      </trkpt>
      <trkpt lat="44.19066" lon="3.22479">
        <ele>412</ele>
        <time>2026-08-21T15:20:58+00:00</time>
      </trkpt>
      <trkpt lat="44.19066" lon="3.22483">
        <ele>413</ele>
        <time>2026-08-21T15:21:01+00:00</time>
      </trkpt>
      <trkpt lat="44.19068" lon="3.22492">
        <ele>412</ele>
        <time>2026-08-21T15:21:04+00:00</time>
      </trkpt>
      <trkpt lat="44.1907" lon="3.22505">
        <ele>415</ele>
        <time>2026-08-21T15:21:07+00:00</time>
      </trkpt>
      <trkpt lat="44.1907" lon="3.22524">
        <ele>412</ele>
        <time>2026-08-21T15:21:10+00:00</time>
      </trkpt>
      <trkpt lat="44.1907" lon="3.22542">
        <ele>415</ele>
        <time>2026-08-21T15:21:13+00:00</time>
      </trkpt>
      <trkpt lat="44.19066" lon="3.2256">
        <ele>415</ele>
        <time>2026-08-21T15:21:16+00:00</time>
      </trkpt>
      <trkpt lat="44.19058" lon="3.22579">
        <ele>416</ele>
        <time>2026-08-21T15:21:19+00:00</time>
      </trkpt>
      <trkpt lat="44.19051" lon="3.22589">
        <ele>415</ele>
        <time>2026-08-21T15:21:22+00:00</time>
      </trkpt>
      <trkpt lat="44.19046" lon="3.22593">
        <ele>415</ele>
        <time>2026-08-21T15:21:25+00:00</time>
      </trkpt>
      <trkpt lat="44.19036" lon="3.22599">
        <ele>417</ele>
        <time>2026-08-21T15:21:28+00:00</time>
      </trkpt>
      <trkpt lat="44.19029" lon="3.22607">
        <ele>415</ele>
        <time>2026-08-21T15:21:31+00:00</time>
      </trkpt>
      <trkpt lat="44.19022" lon="3.22617">
        <ele>415</ele>
        <time>2026-08-21T15:21:34+00:00</time>
      </trkpt>
      <trkpt lat="44.19017" lon="3.22623">
        <ele>425</ele>
        <time>2026-08-21T15:21:37+00:00</time>
      </trkpt>
      <trkpt lat="44.19008" lon="3.22637">
        <ele>425</ele>
        <time>2026-08-21T15:21:40+00:00</time>
      </trkpt>
      <trkpt lat="44.19006" lon="3.22644">
        <ele>423</ele>
        <time>2026-08-21T15:21:43+00:00</time>
      </trkpt>
      <trkpt lat="44.18999" lon="3.2266">
        <ele>425</ele>
        <time>2026-08-21T15:21:46+00:00</time>
      </trkpt>
      <trkpt lat="44.18998" lon="3.22664">
        <ele>425</ele>
        <time>2026-08-21T15:21:49+00:00</time>
      </trkpt>
      <trkpt lat="44.18991" lon="3.22681">
        <ele>422</ele>
        <time>2026-08-21T15:21:52+00:00</time>
      </trkpt>
      <trkpt lat="44.18989" lon="3.22688">
        <ele>424</ele>
        <time>2026-08-21T15:21:55+00:00</time>
      </trkpt>
      <trkpt lat="44.18985" lon="3.22717">
        <ele>424</ele>
        <time>2026-08-21T15:21:58+00:00</time>
      </trkpt>
      <trkpt lat="44.18983" lon="3.22724">
        <ele>425</ele>
        <time>2026-08-21T15:22:01+00:00</time>
      </trkpt>
      <trkpt lat="44.18982" lon="3.22732">
        <ele>425</ele>
        <time>2026-08-21T15:22:04+00:00</time>
      </trkpt>
      <trkpt lat="44.18981" lon="3.22736">
        <ele>425</ele>
        <time>2026-08-21T15:22:07+00:00</time>
      </trkpt>
      <trkpt lat="44.18979" lon="3.2275">
        <ele>432</ele>
        <time>2026-08-21T15:22:10+00:00</time>
      </trkpt>
      <trkpt lat="44.18978" lon="3.22767">
        <ele>431</ele>
        <time>2026-08-21T15:22:13+00:00</time>
      </trkpt>
      <trkpt lat="44.18976" lon="3.22778">
        <ele>432</ele>
        <time>2026-08-21T15:22:16+00:00</time>
      </trkpt>
      <trkpt lat="44.18975" lon="3.22787">
        <ele>432</ele>
        <time>2026-08-21T15:22:19+00:00</time>
      </trkpt>
      <trkpt lat="44.18975" lon="3.22803">
        <ele>431</ele>
        <time>2026-08-21T15:22:22+00:00</time>
      </trkpt>
      <trkpt lat="44.18976" lon="3.22812">
        <ele>432</ele>
        <time>2026-08-21T15:22:25+00:00</time>
      </trkpt>
      <trkpt lat="44.18976" lon="3.22826">
        <ele>432</ele>
        <time>2026-08-21T15:22:28+00:00</time>
      </trkpt>
      <trkpt lat="44.18975" lon="3.2283">
        <ele>432</ele>
        <time>2026-08-21T15:22:31+00:00</time>
      </trkpt>
      <trkpt lat="44.18975" lon="3.22839">
        <ele>432</ele>
        <time>2026-08-21T15:22:34+00:00</time>
      </trkpt>
      <trkpt lat="44.18975" lon="3.22858">
        <ele>432</ele>
        <time>2026-08-21T15:22:37+00:00</time>
      </trkpt>
      <trkpt lat="44.18976" lon="3.22868">
        <ele>432</ele>
        <time>2026-08-21T15:22:40+00:00</time>
      </trkpt>
      <trkpt lat="44.18976" lon="3.22873">
        <ele>432</ele>
        <time>2026-08-21T15:22:43+00:00</time>
      </trkpt>
      <trkpt lat="44.18976" lon="3.22884">
        <ele>432</ele>
        <time>2026-08-21T15:22:46+00:00</time>
      </trkpt>
      <trkpt lat="44.18975" lon="3.22889">
        <ele>432</ele>
        <time>2026-08-21T15:22:49+00:00</time>
      </trkpt>
      <trkpt lat="44.18975" lon="3.22916">
        <ele>432</ele>
        <time>2026-08-21T15:22:52+00:00</time>
      </trkpt>
      <trkpt lat="44.18973" lon="3.22923">
        <ele>431</ele>
        <time>2026-08-21T15:22:55+00:00</time>
      </trkpt>
      <trkpt lat="44.18971" lon="3.22937">
        <ele>429</ele>
        <time>2026-08-21T15:22:58+00:00</time>
      </trkpt>
      <trkpt lat="44.18967" lon="3.2296">
        <ele>434</ele>
        <time>2026-08-21T15:23:01+00:00</time>
      </trkpt>
      <trkpt lat="44.18967" lon="3.22988">
        <ele>434</ele>
        <time>2026-08-21T15:23:04+00:00</time>
      </trkpt>
      <trkpt lat="44.18966" lon="3.22994">
        <ele>433</ele>
        <time>2026-08-21T15:23:07+00:00</time>
      </trkpt>
      <trkpt lat="44.18965" lon="3.23011">
        <ele>430</ele>
        <time>2026-08-21T15:23:10+00:00</time>
      </trkpt>
      <trkpt lat="44.18965" lon="3.23016">
        <ele>430</ele>
        <time>2026-08-21T15:23:13+00:00</time>
      </trkpt>
      <trkpt lat="44.18967" lon="3.23027">
        <ele>431</ele>
        <time>2026-08-21T15:23:16+00:00</time>
      </trkpt>
      <trkpt lat="44.18966" lon="3.23051">
        <ele>430</ele>
        <time>2026-08-21T15:23:19+00:00</time>
      </trkpt>
      <trkpt lat="44.18965" lon="3.23055">
        <ele>430</ele>
        <time>2026-08-21T15:23:22+00:00</time>
      </trkpt>
      <trkpt lat="44.18964" lon="3.23064">
        <ele>429</ele>
        <time>2026-08-21T15:23:25+00:00</time>
      </trkpt>
      <trkpt lat="44.18961" lon="3.23073">
        <ele>429</ele>
        <time>2026-08-21T15:23:28+00:00</time>
      </trkpt>
      <trkpt lat="44.18961" lon="3.23082">
        <ele>434</ele>
        <time>2026-08-21T15:23:31+00:00</time>
      </trkpt>
      <trkpt lat="44.18956" lon="3.23096">
        <ele>441</ele>
        <time>2026-08-21T15:23:34+00:00</time>
      </trkpt>
      <trkpt lat="44.18955" lon="3.23105">
        <ele>441</ele>
        <time>2026-08-21T15:23:37+00:00</time>
      </trkpt>
      <trkpt lat="44.18951" lon="3.23132">
        <ele>439</ele>
        <time>2026-08-21T15:23:40+00:00</time>
      </trkpt>
      <trkpt lat="44.18948" lon="3.23149">
        <ele>444</ele>
        <time>2026-08-21T15:23:43+00:00</time>
      </trkpt>
      <trkpt lat="44.18948" lon="3.23158">
        <ele>444</ele>
        <time>2026-08-21T15:23:46+00:00</time>
      </trkpt>
      <trkpt lat="44.18948" lon="3.23163">
        <ele>438</ele>
        <time>2026-08-21T15:23:49+00:00</time>
      </trkpt>
      <trkpt lat="44.18948" lon="3.23168">
        <ele>443</ele>
        <time>2026-08-21T15:23:52+00:00</time>
      </trkpt>
      <trkpt lat="44.18951" lon="3.23199">
        <ele>438</ele>
        <time>2026-08-21T15:23:55+00:00</time>
      </trkpt>
      <trkpt lat="44.18953" lon="3.23214">
        <ele>438</ele>
        <time>2026-08-21T15:23:58+00:00</time>
      </trkpt>
      <trkpt lat="44.18953" lon="3.23224">
        <ele>438</ele>
        <time>2026-08-21T15:24:01+00:00</time>
      </trkpt>
      <trkpt lat="44.18951" lon="3.23249">
        <ele>437</ele>
        <time>2026-08-21T15:24:04+00:00</time>
      </trkpt>
      <trkpt lat="44.18951" lon="3.23255">
        <ele>436</ele>
        <time>2026-08-21T15:24:07+00:00</time>
      </trkpt>
      <trkpt lat="44.18952" lon="3.23265">
        <ele>437</ele>
        <time>2026-08-21T15:24:10+00:00</time>
      </trkpt>
      <trkpt lat="44.18955" lon="3.23276">
        <ele>437</ele>
        <time>2026-08-21T15:24:13+00:00</time>
      </trkpt>
      <trkpt lat="44.18957" lon="3.23289">
        <ele>438</ele>
        <time>2026-08-21T15:24:16+00:00</time>
      </trkpt>
      <trkpt lat="44.18958" lon="3.23302">
        <ele>441</ele>
        <time>2026-08-21T15:24:19+00:00</time>
      </trkpt>
      <trkpt lat="44.18957" lon="3.2331">
        <ele>441</ele>
        <time>2026-08-21T15:24:22+00:00</time>
      </trkpt>
      <trkpt lat="44.18956" lon="3.23315">
        <ele>441</ele>
        <time>2026-08-21T15:24:25+00:00</time>
      </trkpt>
      <trkpt lat="44.18952" lon="3.23339">
        <ele>441</ele>
        <time>2026-08-21T15:24:28+00:00</time>
      </trkpt>
      <trkpt lat="44.18953" lon="3.23356">
        <ele>441</ele>
        <time>2026-08-21T15:24:31+00:00</time>
      </trkpt>
      <trkpt lat="44.18953" lon="3.23361">
        <ele>441</ele>
        <time>2026-08-21T15:24:34+00:00</time>
      </trkpt>
      <trkpt lat="44.18952" lon="3.23371">
        <ele>441</ele>
        <time>2026-08-21T15:24:37+00:00</time>
      </trkpt>
      <trkpt lat="44.18953" lon="3.2338">
        <ele>441</ele>
        <time>2026-08-21T15:24:40+00:00</time>
      </trkpt>
      <trkpt lat="44.18953" lon="3.23389">
        <ele>444</ele>
        <time>2026-08-21T15:24:43+00:00</time>
      </trkpt>
      <trkpt lat="44.18952" lon="3.23397">
        <ele>443</ele>
        <time>2026-08-21T15:24:46+00:00</time>
      </trkpt>
      <trkpt lat="44.18952" lon="3.23406">
        <ele>443</ele>
        <time>2026-08-21T15:24:49+00:00</time>
      </trkpt>
      <trkpt lat="44.18949" lon="3.23418">
        <ele>448</ele>
        <time>2026-08-21T15:24:52+00:00</time>
      </trkpt>
      <trkpt lat="44.18946" lon="3.23426">
        <ele>446</ele>
        <time>2026-08-21T15:24:55+00:00</time>
      </trkpt>
      <trkpt lat="44.18945" lon="3.23434">
        <ele>444</ele>
        <time>2026-08-21T15:24:58+00:00</time>
      </trkpt>
      <trkpt lat="44.18951" lon="3.23449">
        <ele>442</ele>
        <time>2026-08-21T15:25:01+00:00</time>
      </trkpt>
      <trkpt lat="44.18955" lon="3.23466">
        <ele>447</ele>
        <time>2026-08-21T15:25:04+00:00</time>
      </trkpt>
      <trkpt lat="44.18957" lon="3.23481">
        <ele>451</ele>
        <time>2026-08-21T15:25:07+00:00</time>
      </trkpt>
      <trkpt lat="44.18957" lon="3.23491">
        <ele>452</ele>
        <time>2026-08-21T15:25:10+00:00</time>
      </trkpt>
      <trkpt lat="44.18958" lon="3.23495">
        <ele>452</ele>
        <time>2026-08-21T15:25:13+00:00</time>
      </trkpt>
      <trkpt lat="44.18959" lon="3.23519">
        <ele>453</ele>
        <time>2026-08-21T15:25:16+00:00</time>
      </trkpt>
      <trkpt lat="44.18959" lon="3.23524">
        <ele>447</ele>
        <time>2026-08-21T15:25:19+00:00</time>
      </trkpt>
      <trkpt lat="44.1896" lon="3.23533">
        <ele>454</ele>
        <time>2026-08-21T15:25:22+00:00</time>
      </trkpt>
      <trkpt lat="44.18962" lon="3.2357">
        <ele>446</ele>
        <time>2026-08-21T15:25:25+00:00</time>
      </trkpt>
      <trkpt lat="44.18964" lon="3.23599">
        <ele>446</ele>
        <time>2026-08-21T15:25:28+00:00</time>
      </trkpt>
      <trkpt lat="44.18965" lon="3.2362">
        <ele>447</ele>
        <time>2026-08-21T15:25:31+00:00</time>
      </trkpt>
      <trkpt lat="44.18963" lon="3.23628">
        <ele>445</ele>
        <time>2026-08-21T15:25:34+00:00</time>
      </trkpt>
      <trkpt lat="44.18963" lon="3.23643">
        <ele>445</ele>
        <time>2026-08-21T15:25:37+00:00</time>
      </trkpt>
      <trkpt lat="44.18965" lon="3.23657">
        <ele>445</ele>
        <time>2026-08-21T15:25:40+00:00</time>
      </trkpt>
      <trkpt lat="44.18969" lon="3.23671">
        <ele>450</ele>
        <time>2026-08-21T15:25:43+00:00</time>
      </trkpt>
      <trkpt lat="44.1897" lon="3.23676">
        <ele>450</ele>
        <time>2026-08-21T15:25:46+00:00</time>
      </trkpt>
      <trkpt lat="44.18972" lon="3.23686">
        <ele>445</ele>
        <time>2026-08-21T15:25:49+00:00</time>
      </trkpt>
      <trkpt lat="44.18975" lon="3.23713">
        <ele>449</ele>
        <time>2026-08-21T15:25:52+00:00</time>
      </trkpt>
      <trkpt lat="44.18975" lon="3.23723">
        <ele>445</ele>
        <time>2026-08-21T15:25:55+00:00</time>
      </trkpt>
      <trkpt lat="44.18977" lon="3.23736">
        <ele>450</ele>
        <time>2026-08-21T15:25:58+00:00</time>
      </trkpt>
      <trkpt lat="44.1898" lon="3.23746">
        <ele>445</ele>
        <time>2026-08-21T15:26:01+00:00</time>
      </trkpt>
      <trkpt lat="44.1898" lon="3.2375">
        <ele>446</ele>
        <time>2026-08-21T15:26:04+00:00</time>
      </trkpt>
      <trkpt lat="44.18984" lon="3.23767">
        <ele>448</ele>
        <time>2026-08-21T15:26:07+00:00</time>
      </trkpt>
      <trkpt lat="44.18986" lon="3.23776">
        <ele>450</ele>
        <time>2026-08-21T15:26:10+00:00</time>
      </trkpt>
      <trkpt lat="44.18989" lon="3.23792">
        <ele>456</ele>
        <time>2026-08-21T15:26:13+00:00</time>
      </trkpt>
      <trkpt lat="44.1899" lon="3.23796">
        <ele>450</ele>
        <time>2026-08-21T15:26:16+00:00</time>
      </trkpt>
      <trkpt lat="44.18991" lon="3.238">
        <ele>450</ele>
        <time>2026-08-21T15:26:19+00:00</time>
      </trkpt>
      <trkpt lat="44.18995" lon="3.23813">
        <ele>454</ele>
        <time>2026-08-21T15:26:22+00:00</time>
      </trkpt>
      <trkpt lat="44.18995" lon="3.2382">
        <ele>456</ele>
        <time>2026-08-21T15:26:25+00:00</time>
      </trkpt>
      <trkpt lat="44.18997" lon="3.23827">
        <ele>456</ele>
        <time>2026-08-21T15:26:28+00:00</time>
      </trkpt>
      <trkpt lat="44.18997" lon="3.23836">
        <ele>457</ele>
        <time>2026-08-21T15:26:31+00:00</time>
      </trkpt>
      <trkpt lat="44.18999" lon="3.2385">
        <ele>458</ele>
        <time>2026-08-21T15:26:34+00:00</time>
      </trkpt>
      <trkpt lat="44.19" lon="3.23858">
        <ele>453</ele>
        <time>2026-08-21T15:26:37+00:00</time>
      </trkpt>
      <trkpt lat="44.18999" lon="3.23885">
        <ele>457</ele>
        <time>2026-08-21T15:26:40+00:00</time>
      </trkpt>
      <trkpt lat="44.18998" lon="3.23889">
        <ele>459</ele>
        <time>2026-08-21T15:26:43+00:00</time>
      </trkpt>
      <trkpt lat="44.18993" lon="3.23905">
        <ele>456</ele>
        <time>2026-08-21T15:26:46+00:00</time>
      </trkpt>
      <trkpt lat="44.18991" lon="3.23915">
        <ele>458</ele>
        <time>2026-08-21T15:26:49+00:00</time>
      </trkpt>
      <trkpt lat="44.18987" lon="3.23945">
        <ele>458</ele>
        <time>2026-08-21T15:26:52+00:00</time>
      </trkpt>
      <trkpt lat="44.18987" lon="3.23954">
        <ele>456</ele>
        <time>2026-08-21T15:26:55+00:00</time>
      </trkpt>
      <trkpt lat="44.18991" lon="3.23962">
        <ele>456</ele>
        <time>2026-08-21T15:26:58+00:00</time>
      </trkpt>
      <trkpt lat="44.18993" lon="3.23965">
        <ele>456</ele>
        <time>2026-08-21T15:27:01+00:00</time>
      </trkpt>
      <trkpt lat="44.18995" lon="3.23966">
        <ele>456</ele>
        <time>2026-08-21T15:27:04+00:00</time>
      </trkpt>
      <trkpt lat="44.19013" lon="3.23973">
        <ele>459</ele>
        <time>2026-08-21T15:27:07+00:00</time>
      </trkpt>
      <trkpt lat="44.19015" lon="3.23974">
        <ele>459</ele>
        <time>2026-08-21T15:27:10+00:00</time>
      </trkpt>
      <trkpt lat="44.19018" lon="3.23978">
        <ele>459</ele>
        <time>2026-08-21T15:27:13+00:00</time>
      </trkpt>
      <trkpt lat="44.19021" lon="3.23984">
        <ele>457</ele>
        <time>2026-08-21T15:27:16+00:00</time>
      </trkpt>
      <trkpt lat="44.19023" lon="3.23995">
        <ele>459</ele>
        <time>2026-08-21T15:27:19+00:00</time>
      </trkpt>
      <trkpt lat="44.19032" lon="3.24023">
        <ele>462</ele>
        <time>2026-08-21T15:27:22+00:00</time>
      </trkpt>
      <trkpt lat="44.19032" lon="3.24026">
        <ele>462</ele>
        <time>2026-08-21T15:27:25+00:00</time>
      </trkpt>
      <trkpt lat="44.19031" lon="3.24028">
        <ele>462</ele>
        <time>2026-08-21T15:27:28+00:00</time>
      </trkpt>
      <trkpt lat="44.1903" lon="3.24036">
        <ele>463</ele>
        <time>2026-08-21T15:27:31+00:00</time>
      </trkpt>
      <trkpt lat="44.19032" lon="3.24044">
        <ele>466</ele>
        <time>2026-08-21T15:27:34+00:00</time>
      </trkpt>
      <trkpt lat="44.19031" lon="3.24047">
        <ele>466</ele>
        <time>2026-08-21T15:27:37+00:00</time>
      </trkpt>
      <trkpt lat="44.19031" lon="3.24053">
        <ele>468</ele>
        <time>2026-08-21T15:27:40+00:00</time>
      </trkpt>
      <trkpt lat="44.19032" lon="3.24056">
        <ele>468</ele>
        <time>2026-08-21T15:27:43+00:00</time>
      </trkpt>
      <trkpt lat="44.19034" lon="3.24071">
        <ele>473</ele>
        <time>2026-08-21T15:27:46+00:00</time>
      </trkpt>
      <trkpt lat="44.19033" lon="3.24081">
        <ele>478</ele>
        <time>2026-08-21T15:27:49+00:00</time>
      </trkpt>
      <trkpt lat="44.19033" lon="3.24084">
        <ele>478</ele>
        <time>2026-08-21T15:27:52+00:00</time>
      </trkpt>
      <trkpt lat="44.19034" lon="3.24088">
        <ele>478</ele>
        <time>2026-08-21T15:27:55+00:00</time>
      </trkpt>
      <trkpt lat="44.19036" lon="3.24091">
        <ele>480</ele>
        <time>2026-08-21T15:27:58+00:00</time>
      </trkpt>
      <trkpt lat="44.19038" lon="3.24099">
        <ele>480</ele>
        <time>2026-08-21T15:28:01+00:00</time>
      </trkpt>
      <trkpt lat="44.19038" lon="3.24103">
        <ele>482</ele>
        <time>2026-08-21T15:28:04+00:00</time>
      </trkpt>
      <trkpt lat="44.19037" lon="3.24106">
        <ele>482</ele>
        <time>2026-08-21T15:28:07+00:00</time>
      </trkpt>
      <trkpt lat="44.19041" lon="3.24124">
        <ele>481</ele>
        <time>2026-08-21T15:28:10+00:00</time>
      </trkpt>
      <trkpt lat="44.19045" lon="3.24131">
        <ele>484</ele>
        <time>2026-08-21T15:28:13+00:00</time>
      </trkpt>
      <trkpt lat="44.19046" lon="3.24135">
        <ele>484</ele>
        <time>2026-08-21T15:28:16+00:00</time>
      </trkpt>
      <trkpt lat="44.19047" lon="3.24148">
        <ele>489</ele>
        <time>2026-08-21T15:28:19+00:00</time>
      </trkpt>
      <trkpt lat="44.19049" lon="3.24154">
        <ele>492</ele>
        <time>2026-08-21T15:28:22+00:00</time>
      </trkpt>
      <trkpt lat="44.1905" lon="3.24155">
        <ele>492</ele>
        <time>2026-08-21T15:28:25+00:00</time>
      </trkpt>
      <trkpt lat="44.1905" lon="3.24161">
        <ele>494</ele>
        <time>2026-08-21T15:28:28+00:00</time>
      </trkpt>
      <trkpt lat="44.19051" lon="3.24165">
        <ele>488</ele>
        <time>2026-08-21T15:28:31+00:00</time>
      </trkpt>
      <trkpt lat="44.19051" lon="3.24169">
        <ele>488</ele>
        <time>2026-08-21T15:28:34+00:00</time>
      </trkpt>
      <trkpt lat="44.19052" lon="3.24175">
        <ele>491</ele>
        <time>2026-08-21T15:28:37+00:00</time>
      </trkpt>
      <trkpt lat="44.19053" lon="3.24186">
        <ele>493</ele>
        <time>2026-08-21T15:28:40+00:00</time>
      </trkpt>
      <trkpt lat="44.19054" lon="3.2419">
        <ele>495</ele>
        <time>2026-08-21T15:28:43+00:00</time>
      </trkpt>
      <trkpt lat="44.19054" lon="3.24194">
        <ele>495</ele>
        <time>2026-08-21T15:28:46+00:00</time>
      </trkpt>
      <trkpt lat="44.19053" lon="3.24197">
        <ele>495</ele>
        <time>2026-08-21T15:28:49+00:00</time>
      </trkpt>
      <trkpt lat="44.19052" lon="3.2421">
        <ele>502</ele>
        <time>2026-08-21T15:28:52+00:00</time>
      </trkpt>
      <trkpt lat="44.19054" lon="3.24213">
        <ele>502</ele>
        <time>2026-08-21T15:28:55+00:00</time>
      </trkpt>
      <trkpt lat="44.19056" lon="3.24228">
        <ele>504</ele>
        <time>2026-08-21T15:28:58+00:00</time>
      </trkpt>
      <trkpt lat="44.19054" lon="3.24234">
        <ele>506</ele>
        <time>2026-08-21T15:29:01+00:00</time>
      </trkpt>
      <trkpt lat="44.19055" lon="3.2424">
        <ele>506</ele>
        <time>2026-08-21T15:29:04+00:00</time>
      </trkpt>
      <trkpt lat="44.19055" lon="3.24251">
        <ele>510</ele>
        <time>2026-08-21T15:29:07+00:00</time>
      </trkpt>
      <trkpt lat="44.19057" lon="3.24263">
        <ele>515</ele>
        <time>2026-08-21T15:29:10+00:00</time>
      </trkpt>
      <trkpt lat="44.19058" lon="3.24267">
        <ele>515</ele>
        <time>2026-08-21T15:29:13+00:00</time>
      </trkpt>
      <trkpt lat="44.19059" lon="3.2428">
        <ele>518</ele>
        <time>2026-08-21T15:29:16+00:00</time>
      </trkpt>
      <trkpt lat="44.1906" lon="3.24283">
        <ele>514</ele>
        <time>2026-08-21T15:29:19+00:00</time>
      </trkpt>
      <trkpt lat="44.19061" lon="3.24286">
        <ele>514</ele>
        <time>2026-08-21T15:29:22+00:00</time>
      </trkpt>
      <trkpt lat="44.19062" lon="3.24289">
        <ele>514</ele>
        <time>2026-08-21T15:29:25+00:00</time>
      </trkpt>
      <trkpt lat="44.19062" lon="3.24292">
        <ele>517</ele>
        <time>2026-08-21T15:29:28+00:00</time>
      </trkpt>
      <trkpt lat="44.19061" lon="3.24295">
        <ele>517</ele>
        <time>2026-08-21T15:29:31+00:00</time>
      </trkpt>
      <trkpt lat="44.1906" lon="3.24305">
        <ele>527</ele>
        <time>2026-08-21T15:29:34+00:00</time>
      </trkpt>
      <trkpt lat="44.1906" lon="3.24308">
        <ele>520</ele>
        <time>2026-08-21T15:29:37+00:00</time>
      </trkpt>
      <trkpt lat="44.1906" lon="3.24322">
        <ele>525</ele>
        <time>2026-08-21T15:29:40+00:00</time>
      </trkpt>
      <trkpt lat="44.19064" lon="3.24336">
        <ele>527</ele>
        <time>2026-08-21T15:29:43+00:00</time>
      </trkpt>
      <trkpt lat="44.19065" lon="3.24348">
        <ele>529</ele>
        <time>2026-08-21T15:29:46+00:00</time>
      </trkpt>
      <trkpt lat="44.19068" lon="3.2436">
        <ele>531</ele>
        <time>2026-08-21T15:29:49+00:00</time>
      </trkpt>
      <trkpt lat="44.19069" lon="3.24363">
        <ele>534</ele>
        <time>2026-08-21T15:29:52+00:00</time>
      </trkpt>
      <trkpt lat="44.1907" lon="3.24376">
        <ele>531</ele>
        <time>2026-08-21T15:29:55+00:00</time>
      </trkpt>
      <trkpt lat="44.1907" lon="3.2438">
        <ele>531</ele>
        <time>2026-08-21T15:29:58+00:00</time>
      </trkpt>
      <trkpt lat="44.19072" lon="3.2439">
        <ele>536</ele>
        <time>2026-08-21T15:30:01+00:00</time>
      </trkpt>
      <trkpt lat="44.19076" lon="3.244">
        <ele>539</ele>
        <time>2026-08-21T15:30:04+00:00</time>
      </trkpt>
      <trkpt lat="44.19076" lon="3.24403">
        <ele>542</ele>
        <time>2026-08-21T15:30:07+00:00</time>
      </trkpt>
      <trkpt lat="44.19081" lon="3.24407">
        <ele>534</ele>
        <time>2026-08-21T15:30:10+00:00</time>
      </trkpt>
      <trkpt lat="44.19088" lon="3.24418">
        <ele>538</ele>
        <time>2026-08-21T15:30:13+00:00</time>
      </trkpt>
      <trkpt lat="44.19091" lon="3.24421">
        <ele>540</ele>
        <time>2026-08-21T15:30:16+00:00</time>
      </trkpt>
      <trkpt lat="44.19092" lon="3.24424">
        <ele>540</ele>
        <time>2026-08-21T15:30:19+00:00</time>
      </trkpt>
      <trkpt lat="44.19092" lon="3.24427">
        <ele>540</ele>
        <time>2026-08-21T15:30:22+00:00</time>
      </trkpt>
      <trkpt lat="44.1909" lon="3.24428">
        <ele>541</ele>
        <time>2026-08-21T15:30:25+00:00</time>
      </trkpt>
      <trkpt lat="44.19082" lon="3.24426">
        <ele>541</ele>
        <time>2026-08-21T15:30:28+00:00</time>
      </trkpt>
      <trkpt lat="44.19074" lon="3.24422">
        <ele>549</ele>
        <time>2026-08-21T15:30:31+00:00</time>
      </trkpt>
      <trkpt lat="44.19069" lon="3.24419">
        <ele>550</ele>
        <time>2026-08-21T15:30:34+00:00</time>
      </trkpt>
      <trkpt lat="44.19064" lon="3.24418">
        <ele>550</ele>
        <time>2026-08-21T15:30:37+00:00</time>
      </trkpt>
      <trkpt lat="44.19062" lon="3.24416">
        <ele>550</ele>
        <time>2026-08-21T15:30:40+00:00</time>
      </trkpt>
      <trkpt lat="44.1906" lon="3.24416">
        <ele>554</ele>
        <time>2026-08-21T15:30:43+00:00</time>
      </trkpt>
      <trkpt lat="44.19054" lon="3.24412">
        <ele>554</ele>
        <time>2026-08-21T15:30:46+00:00</time>
      </trkpt>
      <trkpt lat="44.19052" lon="3.24409">
        <ele>552</ele>
        <time>2026-08-21T15:30:49+00:00</time>
      </trkpt>
      <trkpt lat="44.1905" lon="3.2441">
        <ele>552</ele>
        <time>2026-08-21T15:30:52+00:00</time>
      </trkpt>
      <trkpt lat="44.19051" lon="3.24413">
        <ele>554</ele>
        <time>2026-08-21T15:30:55+00:00</time>
      </trkpt>
      <trkpt lat="44.19055" lon="3.24417">
        <ele>554</ele>
        <time>2026-08-21T15:30:58+00:00</time>
      </trkpt>
      <trkpt lat="44.19059" lon="3.24425">
        <ele>558</ele>
        <time>2026-08-21T15:31:01+00:00</time>
      </trkpt>
      <trkpt lat="44.19059" lon="3.24428">
        <ele>558</ele>
        <time>2026-08-21T15:31:04+00:00</time>
      </trkpt>
      <trkpt lat="44.19062" lon="3.24432">
        <ele>557</ele>
        <time>2026-08-21T15:31:07+00:00</time>
      </trkpt>
      <trkpt lat="44.19064" lon="3.24436">
        <ele>557</ele>
        <time>2026-08-21T15:31:10+00:00</time>
      </trkpt>
      <trkpt lat="44.19067" lon="3.24448">
        <ele>560</ele>
        <time>2026-08-21T15:31:13+00:00</time>
      </trkpt>
      <trkpt lat="44.19066" lon="3.24451">
        <ele>565</ele>
        <time>2026-08-21T15:31:16+00:00</time>
      </trkpt>
      <trkpt lat="44.19062" lon="3.24458">
        <ele>565</ele>
        <time>2026-08-21T15:31:19+00:00</time>
      </trkpt>
      <trkpt lat="44.19057" lon="3.24452">
        <ele>569</ele>
        <time>2026-08-21T15:31:22+00:00</time>
      </trkpt>
      <trkpt lat="44.19052" lon="3.24451">
        <ele>569</ele>
        <time>2026-08-21T15:31:25+00:00</time>
      </trkpt>
      <trkpt lat="44.19046" lon="3.24445">
        <ele>569</ele>
        <time>2026-08-21T15:31:28+00:00</time>
      </trkpt>
      <trkpt lat="44.19041" lon="3.24442">
        <ele>569</ele>
        <time>2026-08-21T15:31:31+00:00</time>
      </trkpt>
      <trkpt lat="44.19035" lon="3.24437">
        <ele>571</ele>
        <time>2026-08-21T15:31:34+00:00</time>
      </trkpt>
      <trkpt lat="44.1903" lon="3.24435">
        <ele>576</ele>
        <time>2026-08-21T15:31:37+00:00</time>
      </trkpt>
      <trkpt lat="44.19028" lon="3.24432">
        <ele>576</ele>
        <time>2026-08-21T15:31:40+00:00</time>
      </trkpt>
      <trkpt lat="44.19025" lon="3.2443">
        <ele>574</ele>
        <time>2026-08-21T15:31:43+00:00</time>
      </trkpt>
      <trkpt lat="44.1902" lon="3.24425">
        <ele>586</ele>
        <time>2026-08-21T15:31:46+00:00</time>
      </trkpt>
      <trkpt lat="44.19017" lon="3.2442">
        <ele>586</ele>
        <time>2026-08-21T15:31:49+00:00</time>
      </trkpt>
      <trkpt lat="44.19015" lon="3.24416">
        <ele>584</ele>
        <time>2026-08-21T15:31:52+00:00</time>
      </trkpt>
      <trkpt lat="44.19005" lon="3.244">
        <ele>587</ele>
        <time>2026-08-21T15:31:55+00:00</time>
      </trkpt>
      <trkpt lat="44.19001" lon="3.2439">
        <ele>584</ele>
        <time>2026-08-21T15:31:58+00:00</time>
      </trkpt>
      <trkpt lat="44.18998" lon="3.24381">
        <ele>592</ele>
        <time>2026-08-21T15:32:01+00:00</time>
      </trkpt>
      <trkpt lat="44.18997" lon="3.24384">
        <ele>592</ele>
        <time>2026-08-21T15:32:04+00:00</time>
      </trkpt>
      <trkpt lat="44.18997" lon="3.24391">
        <ele>593</ele>
        <time>2026-08-21T15:32:07+00:00</time>
      </trkpt>
      <trkpt lat="44.18999" lon="3.24394">
        <ele>593</ele>
        <time>2026-08-21T15:32:10+00:00</time>
      </trkpt>
      <trkpt lat="44.18997" lon="3.24405">
        <ele>594</ele>
        <time>2026-08-21T15:32:13+00:00</time>
      </trkpt>
      <trkpt lat="44.18997" lon="3.2441">
        <ele>595</ele>
        <time>2026-08-21T15:32:16+00:00</time>
      </trkpt>
      <trkpt lat="44.18998" lon="3.24413">
        <ele>595</ele>
        <time>2026-08-21T15:32:19+00:00</time>
      </trkpt>
      <trkpt lat="44.18999" lon="3.24417">
        <ele>595</ele>
        <time>2026-08-21T15:32:22+00:00</time>
      </trkpt>
      <trkpt lat="44.18999" lon="3.24427">
        <ele>598</ele>
        <time>2026-08-21T15:32:25+00:00</time>
      </trkpt>
      <trkpt lat="44.19001" lon="3.24429">
        <ele>592</ele>
        <time>2026-08-21T15:32:28+00:00</time>
      </trkpt>
      <trkpt lat="44.19001" lon="3.24432">
        <ele>594</ele>
        <time>2026-08-21T15:32:31+00:00</time>
      </trkpt>
      <trkpt lat="44.19" lon="3.24446">
        <ele>596</ele>
        <time>2026-08-21T15:32:34+00:00</time>
      </trkpt>
      <trkpt lat="44.19002" lon="3.24452">
        <ele>600</ele>
        <time>2026-08-21T15:32:37+00:00</time>
      </trkpt>
      <trkpt lat="44.19003" lon="3.24456">
        <ele>600</ele>
        <time>2026-08-21T15:32:40+00:00</time>
      </trkpt>
      <trkpt lat="44.19004" lon="3.24458">
        <ele>600</ele>
        <time>2026-08-21T15:32:43+00:00</time>
      </trkpt>
      <trkpt lat="44.19004" lon="3.24461">
        <ele>603</ele>
        <time>2026-08-21T15:32:46+00:00</time>
      </trkpt>
      <trkpt lat="44.19003" lon="3.24463">
        <ele>603</ele>
        <time>2026-08-21T15:32:49+00:00</time>
      </trkpt>
      <trkpt lat="44.18995" lon="3.24455">
        <ele>606</ele>
        <time>2026-08-21T15:32:52+00:00</time>
      </trkpt>
      <trkpt lat="44.1899" lon="3.24448">
        <ele>602</ele>
        <time>2026-08-21T15:32:55+00:00</time>
      </trkpt>
      <trkpt lat="44.18979" lon="3.24442">
        <ele>614</ele>
        <time>2026-08-21T15:32:58+00:00</time>
      </trkpt>
      <trkpt lat="44.18977" lon="3.24437">
        <ele>612</ele>
        <time>2026-08-21T15:33:01+00:00</time>
      </trkpt>
      <trkpt lat="44.18976" lon="3.24435">
        <ele>612</ele>
        <time>2026-08-21T15:33:04+00:00</time>
      </trkpt>
      <trkpt lat="44.18973" lon="3.24434">
        <ele>612</ele>
        <time>2026-08-21T15:33:07+00:00</time>
      </trkpt>
      <trkpt lat="44.18973" lon="3.2444">
        <ele>614</ele>
        <time>2026-08-21T15:33:10+00:00</time>
      </trkpt>
      <trkpt lat="44.18972" lon="3.24445">
        <ele>614</ele>
        <time>2026-08-21T15:33:13+00:00</time>
      </trkpt>
      <trkpt lat="44.18974" lon="3.24452">
        <ele>617</ele>
        <time>2026-08-21T15:33:16+00:00</time>
      </trkpt>
      <trkpt lat="44.18975" lon="3.24455">
        <ele>617</ele>
        <time>2026-08-21T15:33:19+00:00</time>
      </trkpt>
      <trkpt lat="44.18974" lon="3.24461">
        <ele>619</ele>
        <time>2026-08-21T15:33:22+00:00</time>
      </trkpt>
      <trkpt lat="44.18973" lon="3.24463">
        <ele>619</ele>
        <time>2026-08-21T15:33:25+00:00</time>
      </trkpt>
      <trkpt lat="44.18974" lon="3.24469">
        <ele>619</ele>
        <time>2026-08-21T15:33:28+00:00</time>
      </trkpt>
      <trkpt lat="44.18973" lon="3.24472">
        <ele>621</ele>
        <time>2026-08-21T15:33:31+00:00</time>
      </trkpt>
      <trkpt lat="44.18971" lon="3.24471">
        <ele>621</ele>
        <time>2026-08-21T15:33:34+00:00</time>
      </trkpt>
      <trkpt lat="44.18965" lon="3.24465">
        <ele>624</ele>
        <time>2026-08-21T15:33:37+00:00</time>
      </trkpt>
      <trkpt lat="44.18963" lon="3.24466">
        <ele>624</ele>
        <time>2026-08-21T15:33:40+00:00</time>
      </trkpt>
      <trkpt lat="44.18963" lon="3.24469">
        <ele>624</ele>
        <time>2026-08-21T15:33:43+00:00</time>
      </trkpt>
      <trkpt lat="44.18965" lon="3.24471">
        <ele>627</ele>
        <time>2026-08-21T15:33:46+00:00</time>
      </trkpt>
      <trkpt lat="44.18966" lon="3.24476">
        <ele>627</ele>
        <time>2026-08-21T15:33:49+00:00</time>
      </trkpt>
      <trkpt lat="44.18966" lon="3.2448">
        <ele>627</ele>
        <time>2026-08-21T15:33:52+00:00</time>
      </trkpt>
      <trkpt lat="44.18968" lon="3.24488">
        <ele>629</ele>
        <time>2026-08-21T15:33:55+00:00</time>
      </trkpt>
      <trkpt lat="44.18965" lon="3.24503">
        <ele>632</ele>
        <time>2026-08-21T15:33:58+00:00</time>
      </trkpt>
      <trkpt lat="44.18965" lon="3.24522">
        <ele>636</ele>
        <time>2026-08-21T15:34:01+00:00</time>
      </trkpt>
      <trkpt lat="44.18967" lon="3.24528">
        <ele>636</ele>
        <time>2026-08-21T15:34:04+00:00</time>
      </trkpt>
      <trkpt lat="44.18968" lon="3.24534">
        <ele>638</ele>
        <time>2026-08-21T15:34:07+00:00</time>
      </trkpt>
      <trkpt lat="44.18969" lon="3.24538">
        <ele>638</ele>
        <time>2026-08-21T15:34:10+00:00</time>
      </trkpt>
      <trkpt lat="44.18969" lon="3.24545">
        <ele>641</ele>
        <time>2026-08-21T15:34:13+00:00</time>
      </trkpt>
      <trkpt lat="44.18971" lon="3.24551">
        <ele>636</ele>
        <time>2026-08-21T15:34:16+00:00</time>
      </trkpt>
      <trkpt lat="44.18971" lon="3.24555">
        <ele>636</ele>
        <time>2026-08-21T15:34:19+00:00</time>
      </trkpt>
      <trkpt lat="44.18972" lon="3.24557">
        <ele>636</ele>
        <time>2026-08-21T15:34:22+00:00</time>
      </trkpt>
      <trkpt lat="44.18972" lon="3.24562">
        <ele>638</ele>
        <time>2026-08-21T15:34:25+00:00</time>
      </trkpt>
      <trkpt lat="44.1897" lon="3.24573">
        <ele>639</ele>
        <time>2026-08-21T15:34:28+00:00</time>
      </trkpt>
      <trkpt lat="44.1897" lon="3.24583">
        <ele>640</ele>
        <time>2026-08-21T15:34:31+00:00</time>
      </trkpt>
      <trkpt lat="44.18971" lon="3.24587">
        <ele>640</ele>
        <time>2026-08-21T15:34:34+00:00</time>
      </trkpt>
      <trkpt lat="44.18971" lon="3.24591">
        <ele>642</ele>
        <time>2026-08-21T15:34:37+00:00</time>
      </trkpt>
      <trkpt lat="44.18971" lon="3.24595">
        <ele>642</ele>
        <time>2026-08-21T15:34:40+00:00</time>
      </trkpt>
      <trkpt lat="44.1897" lon="3.24599">
        <ele>648</ele>
        <time>2026-08-21T15:34:43+00:00</time>
      </trkpt>
      <trkpt lat="44.18968" lon="3.24599">
        <ele>648</ele>
        <time>2026-08-21T15:34:46+00:00</time>
      </trkpt>
      <trkpt lat="44.18966" lon="3.24597">
        <ele>648</ele>
        <time>2026-08-21T15:34:49+00:00</time>
      </trkpt>
      <trkpt lat="44.18963" lon="3.24589">
        <ele>646</ele>
        <time>2026-08-21T15:34:52+00:00</time>
      </trkpt>
      <trkpt lat="44.18963" lon="3.24585">
        <ele>646</ele>
        <time>2026-08-21T15:34:55+00:00</time>
      </trkpt>
      <trkpt lat="44.18955" lon="3.24572">
        <ele>659</ele>
        <time>2026-08-21T15:34:58+00:00</time>
      </trkpt>
      <trkpt lat="44.1895" lon="3.24558">
        <ele>656</ele>
        <time>2026-08-21T15:35:01+00:00</time>
      </trkpt>
      <trkpt lat="44.18945" lon="3.24546">
        <ele>661</ele>
        <time>2026-08-21T15:35:04+00:00</time>
      </trkpt>
      <trkpt lat="44.18939" lon="3.24539">
        <ele>664</ele>
        <time>2026-08-21T15:35:07+00:00</time>
      </trkpt>
      <trkpt lat="44.18939" lon="3.24542">
        <ele>666</ele>
        <time>2026-08-21T15:35:10+00:00</time>
      </trkpt>
      <trkpt lat="44.18937" lon="3.24543">
        <ele>666</ele>
        <time>2026-08-21T15:35:13+00:00</time>
      </trkpt>
      <trkpt lat="44.18935" lon="3.24541">
        <ele>666</ele>
        <time>2026-08-21T15:35:16+00:00</time>
      </trkpt>
      <trkpt lat="44.18932" lon="3.24537">
        <ele>664</ele>
        <time>2026-08-21T15:35:19+00:00</time>
      </trkpt>
      <trkpt lat="44.18931" lon="3.2454">
        <ele>664</ele>
        <time>2026-08-21T15:35:22+00:00</time>
      </trkpt>
      <trkpt lat="44.18935" lon="3.24548">
        <ele>666</ele>
        <time>2026-08-21T15:35:25+00:00</time>
      </trkpt>
      <trkpt lat="44.18936" lon="3.24553">
        <ele>669</ele>
        <time>2026-08-21T15:35:28+00:00</time>
      </trkpt>
      <trkpt lat="44.18935" lon="3.24561">
        <ele>672</ele>
        <time>2026-08-21T15:35:31+00:00</time>
      </trkpt>
      <trkpt lat="44.18936" lon="3.24574">
        <ele>673</ele>
        <time>2026-08-21T15:35:34+00:00</time>
      </trkpt>
      <trkpt lat="44.18935" lon="3.24578">
        <ele>673</ele>
        <time>2026-08-21T15:35:37+00:00</time>
      </trkpt>
      <trkpt lat="44.18933" lon="3.24584">
        <ele>673</ele>
        <time>2026-08-21T15:35:40+00:00</time>
      </trkpt>
      <trkpt lat="44.18931" lon="3.24596">
        <ele>673</ele>
        <time>2026-08-21T15:35:43+00:00</time>
      </trkpt>
      <trkpt lat="44.18929" lon="3.24595">
        <ele>681</ele>
        <time>2026-08-21T15:35:46+00:00</time>
      </trkpt>
      <trkpt lat="44.18926" lon="3.24588">
        <ele>681</ele>
        <time>2026-08-21T15:35:49+00:00</time>
      </trkpt>
      <trkpt lat="44.18926" lon="3.24585">
        <ele>681</ele>
        <time>2026-08-21T15:35:52+00:00</time>
      </trkpt>
      <trkpt lat="44.18925" lon="3.24581">
        <ele>681</ele>
        <time>2026-08-21T15:35:55+00:00</time>
      </trkpt>
      <trkpt lat="44.18923" lon="3.24582">
        <ele>681</ele>
        <time>2026-08-21T15:35:58+00:00</time>
      </trkpt>
      <trkpt lat="44.18921" lon="3.24592">
        <ele>681</ele>
        <time>2026-08-21T15:36:01+00:00</time>
      </trkpt>
      <trkpt lat="44.1892" lon="3.24595">
        <ele>688</ele>
        <time>2026-08-21T15:36:04+00:00</time>
      </trkpt>
      <trkpt lat="44.18921" lon="3.24602">
        <ele>681</ele>
        <time>2026-08-21T15:36:07+00:00</time>
      </trkpt>
      <trkpt lat="44.18919" lon="3.24602">
        <ele>688</ele>
        <time>2026-08-21T15:36:10+00:00</time>
      </trkpt>
      <trkpt lat="44.18917" lon="3.24601">
        <ele>688</ele>
        <time>2026-08-21T15:36:13+00:00</time>
      </trkpt>
      <trkpt lat="44.18915" lon="3.24597">
        <ele>688</ele>
        <time>2026-08-21T15:36:16+00:00</time>
      </trkpt>
      <trkpt lat="44.18915" lon="3.24594">
        <ele>688</ele>
        <time>2026-08-21T15:36:19+00:00</time>
      </trkpt>
      <trkpt lat="44.18912" lon="3.2459">
        <ele>688</ele>
        <time>2026-08-21T15:36:22+00:00</time>
      </trkpt>
      <trkpt lat="44.18911" lon="3.24588">
        <ele>688</ele>
        <time>2026-08-21T15:36:25+00:00</time>
      </trkpt>
      <trkpt lat="44.18908" lon="3.24584">
        <ele>694</ele>
        <time>2026-08-21T15:36:28+00:00</time>
      </trkpt>
      <trkpt lat="44.18907" lon="3.24581">
        <ele>690</ele>
        <time>2026-08-21T15:36:31+00:00</time>
      </trkpt>
      <trkpt lat="44.18907" lon="3.24574">
        <ele>693</ele>
        <time>2026-08-21T15:36:34+00:00</time>
      </trkpt>
      <trkpt lat="44.18905" lon="3.24569">
        <ele>689</ele>
        <time>2026-08-21T15:36:37+00:00</time>
      </trkpt>
      <trkpt lat="44.18904" lon="3.24565">
        <ele>689</ele>
        <time>2026-08-21T15:36:40+00:00</time>
      </trkpt>
      <trkpt lat="44.189" lon="3.24561">
        <ele>695</ele>
        <time>2026-08-21T15:36:43+00:00</time>
      </trkpt>
      <trkpt lat="44.18898" lon="3.24561">
        <ele>695</ele>
        <time>2026-08-21T15:36:46+00:00</time>
      </trkpt>
      <trkpt lat="44.18895" lon="3.24558">
        <ele>692</ele>
        <time>2026-08-21T15:36:49+00:00</time>
      </trkpt>
      <trkpt lat="44.18889" lon="3.24557">
        <ele>703</ele>
        <time>2026-08-21T15:36:52+00:00</time>
      </trkpt>
      <trkpt lat="44.18887" lon="3.24552">
        <ele>703</ele>
        <time>2026-08-21T15:36:55+00:00</time>
      </trkpt>
      <trkpt lat="44.1888" lon="3.24548">
        <ele>706</ele>
        <time>2026-08-21T15:36:58+00:00</time>
      </trkpt>
      <trkpt lat="44.18877" lon="3.24543">
        <ele>706</ele>
        <time>2026-08-21T15:37:01+00:00</time>
      </trkpt>
      <trkpt lat="44.18873" lon="3.24538">
        <ele>704</ele>
        <time>2026-08-21T15:37:04+00:00</time>
      </trkpt>
      <trkpt lat="44.18867" lon="3.24529">
        <ele>709</ele>
        <time>2026-08-21T15:37:07+00:00</time>
      </trkpt>
      <trkpt lat="44.18866" lon="3.24525">
        <ele>709</ele>
        <time>2026-08-21T15:37:10+00:00</time>
      </trkpt>
      <trkpt lat="44.18866" lon="3.24518">
        <ele>708</ele>
        <time>2026-08-21T15:37:13+00:00</time>
      </trkpt>
      <trkpt lat="44.18863" lon="3.2451">
        <ele>707</ele>
        <time>2026-08-21T15:37:16+00:00</time>
      </trkpt>
      <trkpt lat="44.18858" lon="3.24497">
        <ele>712</ele>
        <time>2026-08-21T15:37:19+00:00</time>
      </trkpt>
      <trkpt lat="44.18858" lon="3.24493">
        <ele>712</ele>
        <time>2026-08-21T15:37:22+00:00</time>
      </trkpt>
      <trkpt lat="44.18857" lon="3.2449">
        <ele>708</ele>
        <time>2026-08-21T15:37:25+00:00</time>
      </trkpt>
      <trkpt lat="44.18858" lon="3.24485">
        <ele>711</ele>
        <time>2026-08-21T15:37:28+00:00</time>
      </trkpt>
      <trkpt lat="44.18854" lon="3.24477">
        <ele>711</ele>
        <time>2026-08-21T15:37:31+00:00</time>
      </trkpt>
      <trkpt lat="44.18854" lon="3.24473">
        <ele>711</ele>
        <time>2026-08-21T15:37:34+00:00</time>
      </trkpt>
      <trkpt lat="44.18852" lon="3.24473">
        <ele>711</ele>
        <time>2026-08-21T15:37:37+00:00</time>
      </trkpt>
      <trkpt lat="44.18847" lon="3.24481">
        <ele>708</ele>
        <time>2026-08-21T15:37:40+00:00</time>
      </trkpt>
      <trkpt lat="44.18841" lon="3.24488">
        <ele>709</ele>
        <time>2026-08-21T15:37:43+00:00</time>
      </trkpt>
      <trkpt lat="44.18836" lon="3.24492">
        <ele>708</ele>
        <time>2026-08-21T15:37:46+00:00</time>
      </trkpt>
      <trkpt lat="44.18831" lon="3.24496">
        <ele>708</ele>
        <time>2026-08-21T15:37:49+00:00</time>
      </trkpt>
      <trkpt lat="44.18821" lon="3.24501">
        <ele>705</ele>
        <time>2026-08-21T15:37:52+00:00</time>
      </trkpt>
      <trkpt lat="44.18808" lon="3.24512">
        <ele>708</ele>
        <time>2026-08-21T15:37:55+00:00</time>
      </trkpt>
      <trkpt lat="44.18802" lon="3.24515">
        <ele>707</ele>
        <time>2026-08-21T15:37:58+00:00</time>
      </trkpt>
      <trkpt lat="44.18793" lon="3.24523">
        <ele>707</ele>
        <time>2026-08-21T15:38:01+00:00</time>
      </trkpt>
      <trkpt lat="44.18783" lon="3.24541">
        <ele>709</ele>
        <time>2026-08-21T15:38:04+00:00</time>
      </trkpt>
      <trkpt lat="44.1878" lon="3.24549">
        <ele>709</ele>
        <time>2026-08-21T15:38:07+00:00</time>
      </trkpt>
      <trkpt lat="44.1878" lon="3.24553">
        <ele>710</ele>
        <time>2026-08-21T15:38:10+00:00</time>
      </trkpt>
      <trkpt lat="44.18779" lon="3.24556">
        <ele>708</ele>
        <time>2026-08-21T15:38:13+00:00</time>
      </trkpt>
      <trkpt lat="44.18778" lon="3.24561">
        <ele>709</ele>
        <time>2026-08-21T15:38:16+00:00</time>
      </trkpt>
      <trkpt lat="44.18767" lon="3.24577">
        <ele>711</ele>
        <time>2026-08-21T15:38:19+00:00</time>
      </trkpt>
      <trkpt lat="44.18758" lon="3.24585">
        <ele>713</ele>
        <time>2026-08-21T15:38:22+00:00</time>
      </trkpt>
      <trkpt lat="44.18756" lon="3.2459">
        <ele>714</ele>
        <time>2026-08-21T15:38:25+00:00</time>
      </trkpt>
      <trkpt lat="44.18755" lon="3.24592">
        <ele>714</ele>
        <time>2026-08-21T15:38:28+00:00</time>
      </trkpt>
      <trkpt lat="44.18751" lon="3.24599">
        <ele>714</ele>
        <time>2026-08-21T15:38:31+00:00</time>
      </trkpt>
      <trkpt lat="44.18749" lon="3.24603">
        <ele>715</ele>
        <time>2026-08-21T15:38:34+00:00</time>
      </trkpt>
      <trkpt lat="44.18744" lon="3.24608">
        <ele>715</ele>
        <time>2026-08-21T15:38:37+00:00</time>
      </trkpt>
      <trkpt lat="44.18741" lon="3.2461">
        <ele>715</ele>
        <time>2026-08-21T15:38:40+00:00</time>
      </trkpt>
      <trkpt lat="44.18735" lon="3.24616">
        <ele>718</ele>
        <time>2026-08-21T15:38:43+00:00</time>
      </trkpt>
      <trkpt lat="44.18733" lon="3.24617">
        <ele>718</ele>
        <time>2026-08-21T15:38:46+00:00</time>
      </trkpt>
      <trkpt lat="44.18731" lon="3.24616">
        <ele>718</ele>
        <time>2026-08-21T15:38:49+00:00</time>
      </trkpt>
      <trkpt lat="44.18725" lon="3.24623">
        <ele>721</ele>
        <time>2026-08-21T15:38:52+00:00</time>
      </trkpt>
      <trkpt lat="44.18723" lon="3.24626">
        <ele>721</ele>
        <time>2026-08-21T15:38:55+00:00</time>
      </trkpt>
      <trkpt lat="44.18723" lon="3.24636">
        <ele>721</ele>
        <time>2026-08-21T15:38:58+00:00</time>
      </trkpt>
      <trkpt lat="44.18721" lon="3.2464">
        <ele>721</ele>
        <time>2026-08-21T15:39:01+00:00</time>
      </trkpt>
      <trkpt lat="44.1872" lon="3.24642">
        <ele>721</ele>
        <time>2026-08-21T15:39:04+00:00</time>
      </trkpt>
      <trkpt lat="44.18716" lon="3.24643">
        <ele>723</ele>
        <time>2026-08-21T15:39:07+00:00</time>
      </trkpt>
      <trkpt lat="44.18714" lon="3.24641">
        <ele>723</ele>
        <time>2026-08-21T15:39:10+00:00</time>
      </trkpt>
      <trkpt lat="44.18713" lon="3.24639">
        <ele>723</ele>
        <time>2026-08-21T15:39:13+00:00</time>
      </trkpt>
      <trkpt lat="44.18715" lon="3.24629">
        <ele>726</ele>
        <time>2026-08-21T15:39:16+00:00</time>
      </trkpt>
      <trkpt lat="44.18715" lon="3.24621">
        <ele>726</ele>
        <time>2026-08-21T15:39:19+00:00</time>
      </trkpt>
      <trkpt lat="44.18715" lon="3.24607">
        <ele>728</ele>
        <time>2026-08-21T15:39:22+00:00</time>
      </trkpt>
      <trkpt lat="44.18717" lon="3.24595">
        <ele>729</ele>
        <time>2026-08-21T15:39:25+00:00</time>
      </trkpt>
      <trkpt lat="44.18717" lon="3.24592">
        <ele>729</ele>
        <time>2026-08-21T15:39:28+00:00</time>
      </trkpt>
      <trkpt lat="44.18719" lon="3.24583">
        <ele>732</ele>
        <time>2026-08-21T15:39:31+00:00</time>
      </trkpt>
      <trkpt lat="44.18722" lon="3.24577">
        <ele>729</ele>
        <time>2026-08-21T15:39:34+00:00</time>
      </trkpt>
      <trkpt lat="44.18724" lon="3.24569">
        <ele>729</ele>
        <time>2026-08-21T15:39:37+00:00</time>
      </trkpt>
      <trkpt lat="44.18729" lon="3.24562">
        <ele>734</ele>
        <time>2026-08-21T15:39:40+00:00</time>
      </trkpt>
      <trkpt lat="44.18729" lon="3.24559">
        <ele>734</ele>
        <time>2026-08-21T15:39:43+00:00</time>
      </trkpt>
      <trkpt lat="44.18732" lon="3.24554">
        <ele>730</ele>
        <time>2026-08-21T15:39:46+00:00</time>
      </trkpt>
      <trkpt lat="44.18733" lon="3.24547">
        <ele>729</ele>
        <time>2026-08-21T15:39:49+00:00</time>
      </trkpt>
      <trkpt lat="44.18731" lon="3.2454">
        <ele>729</ele>
        <time>2026-08-21T15:39:52+00:00</time>
      </trkpt>
      <trkpt lat="44.1873" lon="3.24532">
        <ele>729</ele>
        <time>2026-08-21T15:39:55+00:00</time>
      </trkpt>
      <trkpt lat="44.18731" lon="3.24521">
        <ele>729</ele>
        <time>2026-08-21T15:39:58+00:00</time>
      </trkpt>
      <trkpt lat="44.18732" lon="3.24518">
        <ele>731</ele>
        <time>2026-08-21T15:40:01+00:00</time>
      </trkpt>
      <trkpt lat="44.18733" lon="3.2451">
        <ele>731</ele>
        <time>2026-08-21T15:40:04+00:00</time>
      </trkpt>
      <trkpt lat="44.18737" lon="3.24496">
        <ele>737</ele>
        <time>2026-08-21T15:40:07+00:00</time>
      </trkpt>
      <trkpt lat="44.18738" lon="3.24493">
        <ele>737</ele>
        <time>2026-08-21T15:40:10+00:00</time>
      </trkpt>
      <trkpt lat="44.18739" lon="3.24489">
        <ele>739</ele>
        <time>2026-08-21T15:40:13+00:00</time>
      </trkpt>
      <trkpt lat="44.18746" lon="3.24473">
        <ele>736</ele>
        <time>2026-08-21T15:40:16+00:00</time>
      </trkpt>
      <trkpt lat="44.1875" lon="3.24467">
        <ele>733</ele>
        <time>2026-08-21T15:40:19+00:00</time>
      </trkpt>
      <trkpt lat="44.18752" lon="3.24463">
        <ele>733</ele>
        <time>2026-08-21T15:40:22+00:00</time>
      </trkpt>
      <trkpt lat="44.18753" lon="3.2445">
        <ele>735</ele>
        <time>2026-08-21T15:40:25+00:00</time>
      </trkpt>
      <trkpt lat="44.18754" lon="3.24447">
        <ele>736</ele>
        <time>2026-08-21T15:40:28+00:00</time>
      </trkpt>
      <trkpt lat="44.18754" lon="3.24444">
        <ele>736</ele>
        <time>2026-08-21T15:40:31+00:00</time>
      </trkpt>
      <trkpt lat="44.18753" lon="3.24436">
        <ele>736</ele>
        <time>2026-08-21T15:40:34+00:00</time>
      </trkpt>
      <trkpt lat="44.18751" lon="3.24431">
        <ele>736</ele>
        <time>2026-08-21T15:40:37+00:00</time>
      </trkpt>
      <trkpt lat="44.18749" lon="3.24429">
        <ele>738</ele>
        <time>2026-08-21T15:40:40+00:00</time>
      </trkpt>
      <trkpt lat="44.18747" lon="3.24431">
        <ele>740</ele>
        <time>2026-08-21T15:40:43+00:00</time>
      </trkpt>
      <trkpt lat="44.18745" lon="3.24436">
        <ele>740</ele>
        <time>2026-08-21T15:40:46+00:00</time>
      </trkpt>
      <trkpt lat="44.18744" lon="3.24442">
        <ele>740</ele>
        <time>2026-08-21T15:40:49+00:00</time>
      </trkpt>
      <trkpt lat="44.18743" lon="3.24447">
        <ele>740</ele>
        <time>2026-08-21T15:40:52+00:00</time>
      </trkpt>
      <trkpt lat="44.1874" lon="3.24455">
        <ele>745</ele>
        <time>2026-08-21T15:40:55+00:00</time>
      </trkpt>
      <trkpt lat="44.18737" lon="3.24458">
        <ele>745</ele>
        <time>2026-08-21T15:40:58+00:00</time>
      </trkpt>
      <trkpt lat="44.18735" lon="3.24462">
        <ele>743</ele>
        <time>2026-08-21T15:41:01+00:00</time>
      </trkpt>
      <trkpt lat="44.18728" lon="3.2448">
        <ele>746</ele>
        <time>2026-08-21T15:41:04+00:00</time>
      </trkpt>
      <trkpt lat="44.18725" lon="3.24485">
        <ele>744</ele>
        <time>2026-08-21T15:41:07+00:00</time>
      </trkpt>
      <trkpt lat="44.18722" lon="3.24491">
        <ele>742</ele>
        <time>2026-08-21T15:41:10+00:00</time>
      </trkpt>
      <trkpt lat="44.18706" lon="3.24517">
        <ele>752</ele>
        <time>2026-08-21T15:41:13+00:00</time>
      </trkpt>
      <trkpt lat="44.187" lon="3.24532">
        <ele>748</ele>
        <time>2026-08-21T15:41:16+00:00</time>
      </trkpt>
      <trkpt lat="44.18698" lon="3.24552">
        <ele>754</ele>
        <time>2026-08-21T15:41:19+00:00</time>
      </trkpt>
      <trkpt lat="44.18695" lon="3.24553">
        <ele>754</ele>
        <time>2026-08-21T15:41:22+00:00</time>
      </trkpt>
      <trkpt lat="44.18693" lon="3.24549">
        <ele>753</ele>
        <time>2026-08-21T15:41:25+00:00</time>
      </trkpt>
      <trkpt lat="44.18692" lon="3.24535">
        <ele>754</ele>
        <time>2026-08-21T15:41:28+00:00</time>
      </trkpt>
      <trkpt lat="44.18691" lon="3.24531">
        <ele>754</ele>
        <time>2026-08-21T15:41:31+00:00</time>
      </trkpt>
      <trkpt lat="44.1869" lon="3.24527">
        <ele>755</ele>
        <time>2026-08-21T15:41:34+00:00</time>
      </trkpt>
      <trkpt lat="44.18691" lon="3.24523">
        <ele>755</ele>
        <time>2026-08-21T15:41:37+00:00</time>
      </trkpt>
      <trkpt lat="44.1869" lon="3.24516">
        <ele>757</ele>
        <time>2026-08-21T15:41:40+00:00</time>
      </trkpt>
      <trkpt lat="44.18693" lon="3.24503">
        <ele>762</ele>
        <time>2026-08-21T15:41:43+00:00</time>
      </trkpt>
      <trkpt lat="44.18695" lon="3.24498">
        <ele>764</ele>
        <time>2026-08-21T15:41:46+00:00</time>
      </trkpt>
      <trkpt lat="44.18695" lon="3.24494">
        <ele>764</ele>
        <time>2026-08-21T15:41:49+00:00</time>
      </trkpt>
      <trkpt lat="44.18701" lon="3.24481">
        <ele>761</ele>
        <time>2026-08-21T15:41:52+00:00</time>
      </trkpt>
      <trkpt lat="44.18701" lon="3.24475">
        <ele>762</ele>
        <time>2026-08-21T15:41:55+00:00</time>
      </trkpt>
      <trkpt lat="44.18701" lon="3.24468">
        <ele>763</ele>
        <time>2026-08-21T15:41:58+00:00</time>
      </trkpt>
      <trkpt lat="44.18702" lon="3.24456">
        <ele>764</ele>
        <time>2026-08-21T15:42:01+00:00</time>
      </trkpt>
      <trkpt lat="44.18701" lon="3.24451">
        <ele>764</ele>
        <time>2026-08-21T15:42:04+00:00</time>
      </trkpt>
      <trkpt lat="44.18699" lon="3.24443">
        <ele>770</ele>
        <time>2026-08-21T15:42:07+00:00</time>
      </trkpt>
      <trkpt lat="44.18699" lon="3.24436">
        <ele>774</ele>
        <time>2026-08-21T15:42:10+00:00</time>
      </trkpt>
      <trkpt lat="44.18701" lon="3.24429">
        <ele>774</ele>
        <time>2026-08-21T15:42:13+00:00</time>
      </trkpt>
      <trkpt lat="44.187" lon="3.24427">
        <ele>774</ele>
        <time>2026-08-21T15:42:16+00:00</time>
      </trkpt>
      <trkpt lat="44.18699" lon="3.24429">
        <ele>777</ele>
        <time>2026-08-21T15:42:19+00:00</time>
      </trkpt>
      <trkpt lat="44.18698" lon="3.24431">
        <ele>774</ele>
        <time>2026-08-21T15:42:22+00:00</time>
      </trkpt>
      <trkpt lat="44.18689" lon="3.24453">
        <ele>774</ele>
        <time>2026-08-21T15:42:25+00:00</time>
      </trkpt>
      <trkpt lat="44.18687" lon="3.24456">
        <ele>774</ele>
        <time>2026-08-21T15:42:28+00:00</time>
      </trkpt>
      <trkpt lat="44.18683" lon="3.24467">
        <ele>772</ele>
        <time>2026-08-21T15:42:31+00:00</time>
      </trkpt>
      <trkpt lat="44.18679" lon="3.24473">
        <ele>776</ele>
        <time>2026-08-21T15:42:34+00:00</time>
      </trkpt>
      <trkpt lat="44.18676" lon="3.2448">
        <ele>776</ele>
        <time>2026-08-21T15:42:37+00:00</time>
      </trkpt>
      <trkpt lat="44.18672" lon="3.2449">
        <ele>774</ele>
        <time>2026-08-21T15:42:40+00:00</time>
      </trkpt>
      <trkpt lat="44.18669" lon="3.24496">
        <ele>779</ele>
        <time>2026-08-21T15:42:43+00:00</time>
      </trkpt>
      <trkpt lat="44.18667" lon="3.24503">
        <ele>778</ele>
        <time>2026-08-21T15:42:46+00:00</time>
      </trkpt>
      <trkpt lat="44.18663" lon="3.24512">
        <ele>776</ele>
        <time>2026-08-21T15:42:49+00:00</time>
      </trkpt>
      <trkpt lat="44.18656" lon="3.24522">
        <ele>778</ele>
        <time>2026-08-21T15:42:52+00:00</time>
      </trkpt>
      <trkpt lat="44.18652" lon="3.24531">
        <ele>777</ele>
        <time>2026-08-21T15:42:55+00:00</time>
      </trkpt>
      <trkpt lat="44.18649" lon="3.24533">
        <ele>779</ele>
        <time>2026-08-21T15:42:58+00:00</time>
      </trkpt>
      <trkpt lat="44.18647" lon="3.24532">
        <ele>787</ele>
        <time>2026-08-21T15:43:01+00:00</time>
      </trkpt>
      <trkpt lat="44.18647" lon="3.24525">
        <ele>788</ele>
        <time>2026-08-21T15:43:04+00:00</time>
      </trkpt>
      <trkpt lat="44.1865" lon="3.24518">
        <ele>790</ele>
        <time>2026-08-21T15:43:07+00:00</time>
      </trkpt>
      <trkpt lat="44.18652" lon="3.24514">
        <ele>780</ele>
        <time>2026-08-21T15:43:10+00:00</time>
      </trkpt>
      <trkpt lat="44.18653" lon="3.24509">
        <ele>783</ele>
        <time>2026-08-21T15:43:13+00:00</time>
      </trkpt>
      <trkpt lat="44.18653" lon="3.24503">
        <ele>783</ele>
        <time>2026-08-21T15:43:16+00:00</time>
      </trkpt>
      <trkpt lat="44.18654" lon="3.24494">
        <ele>784</ele>
        <time>2026-08-21T15:43:19+00:00</time>
      </trkpt>
      <trkpt lat="44.18654" lon="3.24489">
        <ele>785</ele>
        <time>2026-08-21T15:43:22+00:00</time>
      </trkpt>
      <trkpt lat="44.18654" lon="3.24483">
        <ele>785</ele>
        <time>2026-08-21T15:43:25+00:00</time>
      </trkpt>
      <trkpt lat="44.18654" lon="3.24477">
        <ele>786</ele>
        <time>2026-08-21T15:43:28+00:00</time>
      </trkpt>
      <trkpt lat="44.18655" lon="3.24474">
        <ele>786</ele>
        <time>2026-08-21T15:43:31+00:00</time>
      </trkpt>
      <trkpt lat="44.18655" lon="3.24463">
        <ele>787</ele>
        <time>2026-08-21T15:43:34+00:00</time>
      </trkpt>
      <trkpt lat="44.18655" lon="3.24452">
        <ele>789</ele>
        <time>2026-08-21T15:43:37+00:00</time>
      </trkpt>
      <trkpt lat="44.18656" lon="3.24448">
        <ele>791</ele>
        <time>2026-08-21T15:43:40+00:00</time>
      </trkpt>
      <trkpt lat="44.18656" lon="3.24437">
        <ele>793</ele>
        <time>2026-08-21T15:43:43+00:00</time>
      </trkpt>
      <trkpt lat="44.18656" lon="3.24433">
        <ele>793</ele>
        <time>2026-08-21T15:43:46+00:00</time>
      </trkpt>
      <trkpt lat="44.18658" lon="3.24426">
        <ele>795</ele>
        <time>2026-08-21T15:43:49+00:00</time>
      </trkpt>
      <trkpt lat="44.1866" lon="3.24418">
        <ele>793</ele>
        <time>2026-08-21T15:43:52+00:00</time>
      </trkpt>
      <trkpt lat="44.18659" lon="3.24413">
        <ele>795</ele>
        <time>2026-08-21T15:43:55+00:00</time>
      </trkpt>
      <trkpt lat="44.18658" lon="3.24411">
        <ele>795</ele>
        <time>2026-08-21T15:43:58+00:00</time>
      </trkpt>
      <trkpt lat="44.18655" lon="3.24411">
        <ele>795</ele>
        <time>2026-08-21T15:44:01+00:00</time>
      </trkpt>
      <trkpt lat="44.18653" lon="3.24413">
        <ele>795</ele>
        <time>2026-08-21T15:44:04+00:00</time>
      </trkpt>
      <trkpt lat="44.18651" lon="3.2442">
        <ele>795</ele>
        <time>2026-08-21T15:44:07+00:00</time>
      </trkpt>
      <trkpt lat="44.18648" lon="3.24425">
        <ele>803</ele>
        <time>2026-08-21T15:44:10+00:00</time>
      </trkpt>
      <trkpt lat="44.18643" lon="3.24438">
        <ele>802</ele>
        <time>2026-08-21T15:44:13+00:00</time>
      </trkpt>
      <trkpt lat="44.18642" lon="3.24439">
        <ele>802</ele>
        <time>2026-08-21T15:44:16+00:00</time>
      </trkpt>
      <trkpt lat="44.18637" lon="3.2445">
        <ele>805</ele>
        <time>2026-08-21T15:44:19+00:00</time>
      </trkpt>
      <trkpt lat="44.1863" lon="3.2447">
        <ele>802</ele>
        <time>2026-08-21T15:44:22+00:00</time>
      </trkpt>
      <trkpt lat="44.18629" lon="3.24475">
        <ele>807</ele>
        <time>2026-08-21T15:44:25+00:00</time>
      </trkpt>
      <trkpt lat="44.18626" lon="3.24481">
        <ele>806</ele>
        <time>2026-08-21T15:44:28+00:00</time>
      </trkpt>
      <trkpt lat="44.18623" lon="3.24479">
        <ele>807</ele>
        <time>2026-08-21T15:44:31+00:00</time>
      </trkpt>
      <trkpt lat="44.18625" lon="3.24469">
        <ele>808</ele>
        <time>2026-08-21T15:44:34+00:00</time>
      </trkpt>
      <trkpt lat="44.18625" lon="3.24457">
        <ele>806</ele>
        <time>2026-08-21T15:44:37+00:00</time>
      </trkpt>
      <trkpt lat="44.18625" lon="3.24455">
        <ele>808</ele>
        <time>2026-08-21T15:44:40+00:00</time>
      </trkpt>
      <trkpt lat="44.18625" lon="3.2444">
        <ele>810</ele>
        <time>2026-08-21T15:44:43+00:00</time>
      </trkpt>
      <trkpt lat="44.18625" lon="3.24434">
        <ele>809</ele>
        <time>2026-08-21T15:44:46+00:00</time>
      </trkpt>
      <trkpt lat="44.18623" lon="3.2443">
        <ele>806</ele>
        <time>2026-08-21T15:44:49+00:00</time>
      </trkpt>
      <trkpt lat="44.18619" lon="3.24426">
        <ele>808</ele>
        <time>2026-08-21T15:44:52+00:00</time>
      </trkpt>
      <trkpt lat="44.18614" lon="3.24425">
        <ele>808</ele>
        <time>2026-08-21T15:44:55+00:00</time>
      </trkpt>
      <trkpt lat="44.18609" lon="3.24421">
        <ele>809</ele>
        <time>2026-08-21T15:44:58+00:00</time>
      </trkpt>
      <trkpt lat="44.18606" lon="3.24421">
        <ele>809</ele>
        <time>2026-08-21T15:45:01+00:00</time>
      </trkpt>
      <trkpt lat="44.18605" lon="3.24425">
        <ele>809</ele>
        <time>2026-08-21T15:45:04+00:00</time>
      </trkpt>
      <trkpt lat="44.18606" lon="3.24429">
        <ele>809</ele>
        <time>2026-08-21T15:45:07+00:00</time>
      </trkpt>
      <trkpt lat="44.18607" lon="3.24431">
        <ele>812</ele>
        <time>2026-08-21T15:45:10+00:00</time>
      </trkpt>
      <trkpt lat="44.18611" lon="3.24439">
        <ele>811</ele>
        <time>2026-08-21T15:45:13+00:00</time>
      </trkpt>
      <trkpt lat="44.1861" lon="3.24442">
        <ele>814</ele>
        <time>2026-08-21T15:45:16+00:00</time>
      </trkpt>
      <trkpt lat="44.18606" lon="3.24441">
        <ele>814</ele>
        <time>2026-08-21T15:45:19+00:00</time>
      </trkpt>
      <trkpt lat="44.186" lon="3.24438">
        <ele>813</ele>
        <time>2026-08-21T15:45:22+00:00</time>
      </trkpt>
      <trkpt lat="44.18593" lon="3.24437">
        <ele>813</ele>
        <time>2026-08-21T15:45:25+00:00</time>
      </trkpt>
      <trkpt lat="44.18588" lon="3.24438">
        <ele>815</ele>
        <time>2026-08-21T15:45:28+00:00</time>
      </trkpt>
      <trkpt lat="44.18584" lon="3.24439">
        <ele>815</ele>
        <time>2026-08-21T15:45:31+00:00</time>
      </trkpt>
      <trkpt lat="44.18579" lon="3.2444">
        <ele>816</ele>
        <time>2026-08-21T15:45:34+00:00</time>
      </trkpt>
      <trkpt lat="44.18577" lon="3.24442">
        <ele>816</ele>
        <time>2026-08-21T15:45:37+00:00</time>
      </trkpt>
      <trkpt lat="44.18576" lon="3.24444">
        <ele>816</ele>
        <time>2026-08-21T15:45:40+00:00</time>
      </trkpt>
      <trkpt lat="44.18575" lon="3.24447">
        <ele>816</ele>
        <time>2026-08-21T15:45:43+00:00</time>
      </trkpt>
      <trkpt lat="44.18578" lon="3.2445">
        <ele>818</ele>
        <time>2026-08-21T15:45:46+00:00</time>
      </trkpt>
      <trkpt lat="44.18582" lon="3.24453">
        <ele>819</ele>
        <time>2026-08-21T15:45:49+00:00</time>
      </trkpt>
      <trkpt lat="44.18586" lon="3.24457">
        <ele>819</ele>
        <time>2026-08-21T15:45:52+00:00</time>
      </trkpt>
      <trkpt lat="44.18587" lon="3.24459">
        <ele>819</ele>
        <time>2026-08-21T15:45:55+00:00</time>
      </trkpt>
      <trkpt lat="44.18587" lon="3.24462">
        <ele>821</ele>
        <time>2026-08-21T15:45:58+00:00</time>
      </trkpt>
      <trkpt lat="44.18586" lon="3.24467">
        <ele>821</ele>
        <time>2026-08-21T15:46:01+00:00</time>
      </trkpt>
      <trkpt lat="44.18578" lon="3.24476">
        <ele>821</ele>
        <time>2026-08-21T15:46:04+00:00</time>
      </trkpt>
      <trkpt lat="44.18574" lon="3.24487">
        <ele>822</ele>
        <time>2026-08-21T15:46:07+00:00</time>
      </trkpt>
      <trkpt lat="44.18574" lon="3.2449">
        <ele>822</ele>
        <time>2026-08-21T15:46:10+00:00</time>
      </trkpt>
      <trkpt lat="44.18569" lon="3.24502">
        <ele>823</ele>
        <time>2026-08-21T15:46:13+00:00</time>
      </trkpt>
      <trkpt lat="44.18569" lon="3.24505">
        <ele>823</ele>
        <time>2026-08-21T15:46:16+00:00</time>
      </trkpt>
      <trkpt lat="44.18568" lon="3.24508">
        <ele>823</ele>
        <time>2026-08-21T15:46:19+00:00</time>
      </trkpt>
      <trkpt lat="44.18567" lon="3.24512">
        <ele>825</ele>
        <time>2026-08-21T15:46:22+00:00</time>
      </trkpt>
      <trkpt lat="44.18564" lon="3.24516">
        <ele>825</ele>
        <time>2026-08-21T15:46:25+00:00</time>
      </trkpt>
      <trkpt lat="44.18562" lon="3.24522">
        <ele>826</ele>
        <time>2026-08-21T15:46:28+00:00</time>
      </trkpt>
      <trkpt lat="44.18562" lon="3.24524">
        <ele>826</ele>
        <time>2026-08-21T15:46:31+00:00</time>
      </trkpt>
      <trkpt lat="44.18557" lon="3.24535">
        <ele>826</ele>
        <time>2026-08-21T15:46:34+00:00</time>
      </trkpt>
      <trkpt lat="44.18552" lon="3.24553">
        <ele>828</ele>
        <time>2026-08-21T15:46:37+00:00</time>
      </trkpt>
      <trkpt lat="44.18547" lon="3.24561">
        <ele>829</ele>
        <time>2026-08-21T15:46:40+00:00</time>
      </trkpt>
      <trkpt lat="44.18546" lon="3.24564">
        <ele>829</ele>
        <time>2026-08-21T15:46:43+00:00</time>
      </trkpt>
      <trkpt lat="44.18537" lon="3.24572">
        <ele>831</ele>
        <time>2026-08-21T15:46:46+00:00</time>
      </trkpt>
      <trkpt lat="44.18533" lon="3.24577">
        <ele>831</ele>
        <time>2026-08-21T15:46:49+00:00</time>
      </trkpt>
      <trkpt lat="44.18528" lon="3.24589">
        <ele>833</ele>
        <time>2026-08-21T15:46:52+00:00</time>
      </trkpt>
      <trkpt lat="44.18525" lon="3.24592">
        <ele>835</ele>
        <time>2026-08-21T15:46:55+00:00</time>
      </trkpt>
      <trkpt lat="44.18518" lon="3.246">
        <ele>835</ele>
        <time>2026-08-21T15:46:58+00:00</time>
      </trkpt>
      <trkpt lat="44.18514" lon="3.24604">
        <ele>836</ele>
        <time>2026-08-21T15:47:01+00:00</time>
      </trkpt>
      <trkpt lat="44.18512" lon="3.24605">
        <ele>836</ele>
        <time>2026-08-21T15:47:04+00:00</time>
      </trkpt>
      <trkpt lat="44.18506" lon="3.2461">
        <ele>837</ele>
        <time>2026-08-21T15:47:07+00:00</time>
      </trkpt>
      <trkpt lat="44.18501" lon="3.24616">
        <ele>838</ele>
        <time>2026-08-21T15:47:10+00:00</time>
      </trkpt>
      <trkpt lat="44.18498" lon="3.24618">
        <ele>838</ele>
        <time>2026-08-21T15:47:13+00:00</time>
      </trkpt>
      <trkpt lat="44.18491" lon="3.2462">
        <ele>839</ele>
        <time>2026-08-21T15:47:16+00:00</time>
      </trkpt>
      <trkpt lat="44.18484" lon="3.24626">
        <ele>839</ele>
        <time>2026-08-21T15:47:19+00:00</time>
      </trkpt>
      <trkpt lat="44.18479" lon="3.24632">
        <ele>841</ele>
        <time>2026-08-21T15:47:22+00:00</time>
      </trkpt>
      <trkpt lat="44.18473" lon="3.24636">
        <ele>841</ele>
        <time>2026-08-21T15:47:25+00:00</time>
      </trkpt>
      <trkpt lat="44.1846" lon="3.24651">
        <ele>842</ele>
        <time>2026-08-21T15:47:28+00:00</time>
      </trkpt>
      <trkpt lat="44.18457" lon="3.24654">
        <ele>843</ele>
        <time>2026-08-21T15:47:31+00:00</time>
      </trkpt>
      <trkpt lat="44.18454" lon="3.24655">
        <ele>843</ele>
        <time>2026-08-21T15:47:34+00:00</time>
      </trkpt>
      <trkpt lat="44.18452" lon="3.24655">
        <ele>843</ele>
        <time>2026-08-21T15:47:37+00:00</time>
      </trkpt>
      <trkpt lat="44.18446" lon="3.24652">
        <ele>842</ele>
        <time>2026-08-21T15:47:40+00:00</time>
      </trkpt>
      <trkpt lat="44.18443" lon="3.24652">
        <ele>842</ele>
        <time>2026-08-21T15:47:43+00:00</time>
      </trkpt>
      <trkpt lat="44.18435" lon="3.24654">
        <ele>842</ele>
        <time>2026-08-21T15:47:46+00:00</time>
      </trkpt>
      <trkpt lat="44.18427" lon="3.24659">
        <ele>841</ele>
        <time>2026-08-21T15:47:49+00:00</time>
      </trkpt>
      <trkpt lat="44.18422" lon="3.24664">
        <ele>842</ele>
        <time>2026-08-21T15:47:52+00:00</time>
      </trkpt>
      <trkpt lat="44.18419" lon="3.24666">
        <ele>842</ele>
        <time>2026-08-21T15:47:55+00:00</time>
      </trkpt>
      <trkpt lat="44.18409" lon="3.2467">
        <ele>842</ele>
        <time>2026-08-21T15:47:58+00:00</time>
      </trkpt>
      <trkpt lat="44.184" lon="3.24676">
        <ele>841</ele>
        <time>2026-08-21T15:48:01+00:00</time>
      </trkpt>
      <trkpt lat="44.18393" lon="3.24676">
        <ele>841</ele>
        <time>2026-08-21T15:48:04+00:00</time>
      </trkpt>
      <trkpt lat="44.18381" lon="3.24671">
        <ele>843</ele>
        <time>2026-08-21T15:48:07+00:00</time>
      </trkpt>
      <trkpt lat="44.18371" lon="3.24669">
        <ele>845</ele>
        <time>2026-08-21T15:48:10+00:00</time>
      </trkpt>
      <trkpt lat="44.18364" lon="3.24666">
        <ele>847</ele>
        <time>2026-08-21T15:48:13+00:00</time>
      </trkpt>
      <trkpt lat="44.18363" lon="3.24664">
        <ele>847</ele>
        <time>2026-08-21T15:48:16+00:00</time>
      </trkpt>
      <trkpt lat="44.18363" lon="3.24656">
        <ele>848</ele>
        <time>2026-08-21T15:48:19+00:00</time>
      </trkpt>
      <trkpt lat="44.18361" lon="3.24652">
        <ele>848</ele>
        <time>2026-08-21T15:48:22+00:00</time>
      </trkpt>
      <trkpt lat="44.18354" lon="3.24651">
        <ele>849</ele>
        <time>2026-08-21T15:48:25+00:00</time>
      </trkpt>
      <trkpt lat="44.18347" lon="3.24652">
        <ele>852</ele>
        <time>2026-08-21T15:48:28+00:00</time>
      </trkpt>
      <trkpt lat="44.18345" lon="3.24652">
        <ele>852</ele>
        <time>2026-08-21T15:48:31+00:00</time>
      </trkpt>
      <trkpt lat="44.18338" lon="3.24651">
        <ele>854</ele>
        <time>2026-08-21T15:48:34+00:00</time>
      </trkpt>
      <trkpt lat="44.18328" lon="3.24646">
        <ele>854</ele>
        <time>2026-08-21T15:48:37+00:00</time>
      </trkpt>
      <trkpt lat="44.18324" lon="3.24647">
        <ele>854</ele>
        <time>2026-08-21T15:48:40+00:00</time>
      </trkpt>
      <trkpt lat="44.18323" lon="3.24652">
        <ele>855</ele>
        <time>2026-08-21T15:48:43+00:00</time>
      </trkpt>
      <trkpt lat="44.18327" lon="3.24663">
        <ele>857</ele>
        <time>2026-08-21T15:48:46+00:00</time>
      </trkpt>
      <trkpt lat="44.18327" lon="3.24668">
        <ele>857</ele>
        <time>2026-08-21T15:48:49+00:00</time>
      </trkpt>
      <trkpt lat="44.18325" lon="3.24674">
        <ele>858</ele>
        <time>2026-08-21T15:48:52+00:00</time>
      </trkpt>
      <trkpt lat="44.18324" lon="3.24676">
        <ele>858</ele>
        <time>2026-08-21T15:48:55+00:00</time>
      </trkpt>
      <trkpt lat="44.18319" lon="3.24676">
        <ele>858</ele>
        <time>2026-08-21T15:48:58+00:00</time>
      </trkpt>
      <trkpt lat="44.18315" lon="3.24679">
        <ele>858</ele>
        <time>2026-08-21T15:49:01+00:00</time>
      </trkpt>
      <trkpt lat="44.18312" lon="3.24679">
        <ele>858</ele>
        <time>2026-08-21T15:49:04+00:00</time>
      </trkpt>
      <trkpt lat="44.18306" lon="3.24682">
        <ele>862</ele>
        <time>2026-08-21T15:49:07+00:00</time>
      </trkpt>
      <trkpt lat="44.18302" lon="3.24681">
        <ele>862</ele>
        <time>2026-08-21T15:49:10+00:00</time>
      </trkpt>
      <trkpt lat="44.18297" lon="3.2468">
        <ele>862</ele>
        <time>2026-08-21T15:49:13+00:00</time>
      </trkpt>
      <trkpt lat="44.18294" lon="3.24682">
        <ele>863</ele>
        <time>2026-08-21T15:49:16+00:00</time>
      </trkpt>
      <trkpt lat="44.18292" lon="3.24684">
        <ele>863</ele>
        <time>2026-08-21T15:49:19+00:00</time>
      </trkpt>
      <trkpt lat="44.18289" lon="3.24693">
        <ele>865</ele>
        <time>2026-08-21T15:49:22+00:00</time>
      </trkpt>
      <trkpt lat="44.18286" lon="3.24697">
        <ele>865</ele>
        <time>2026-08-21T15:49:25+00:00</time>
      </trkpt>
      <trkpt lat="44.1828" lon="3.24702">
        <ele>867</ele>
        <time>2026-08-21T15:49:28+00:00</time>
      </trkpt>
      <trkpt lat="44.18277" lon="3.24703">
        <ele>867</ele>
        <time>2026-08-21T15:49:31+00:00</time>
      </trkpt>
      <trkpt lat="44.18272" lon="3.24703">
        <ele>867</ele>
        <time>2026-08-21T15:49:34+00:00</time>
      </trkpt>
      <trkpt lat="44.1826" lon="3.24701">
        <ele>869</ele>
        <time>2026-08-21T15:49:37+00:00</time>
      </trkpt>
      <trkpt lat="44.18248" lon="3.24701">
        <ele>870</ele>
        <time>2026-08-21T15:49:40+00:00</time>
      </trkpt>
      <trkpt lat="44.18244" lon="3.24703">
        <ele>870</ele>
        <time>2026-08-21T15:49:43+00:00</time>
      </trkpt>
      <trkpt lat="44.18236" lon="3.24709">
        <ele>871</ele>
        <time>2026-08-21T15:49:46+00:00</time>
      </trkpt>
      <trkpt lat="44.18234" lon="3.24712">
        <ele>872</ele>
        <time>2026-08-21T15:49:49+00:00</time>
      </trkpt>
      <trkpt lat="44.18219" lon="3.24723">
        <ele>874</ele>
        <time>2026-08-21T15:49:52+00:00</time>
      </trkpt>
      <trkpt lat="44.18217" lon="3.24726">
        <ele>874</ele>
        <time>2026-08-21T15:49:55+00:00</time>
      </trkpt>
      <trkpt lat="44.18216" lon="3.24728">
        <ele>874</ele>
        <time>2026-08-21T15:49:58+00:00</time>
      </trkpt>
      <trkpt lat="44.18207" lon="3.24739">
        <ele>875</ele>
        <time>2026-08-21T15:50:01+00:00</time>
      </trkpt>
      <trkpt lat="44.18206" lon="3.24741">
        <ele>877</ele>
        <time>2026-08-21T15:50:04+00:00</time>
      </trkpt>
      <trkpt lat="44.18203" lon="3.24745">
        <ele>877</ele>
        <time>2026-08-21T15:50:07+00:00</time>
      </trkpt>
      <trkpt lat="44.182" lon="3.24751">
        <ele>879</ele>
        <time>2026-08-21T15:50:10+00:00</time>
      </trkpt>
      <trkpt lat="44.182" lon="3.24759">
        <ele>879</ele>
        <time>2026-08-21T15:50:13+00:00</time>
      </trkpt>
      <trkpt lat="44.18198" lon="3.24768">
        <ele>881</ele>
        <time>2026-08-21T15:50:16+00:00</time>
      </trkpt>
      <trkpt lat="44.18196" lon="3.24769">
        <ele>881</ele>
        <time>2026-08-21T15:50:19+00:00</time>
      </trkpt>
      <trkpt lat="44.1819" lon="3.24772">
        <ele>882</ele>
        <time>2026-08-21T15:50:22+00:00</time>
      </trkpt>
      <trkpt lat="44.18184" lon="3.24776">
        <ele>883</ele>
        <time>2026-08-21T15:50:25+00:00</time>
      </trkpt>
      <trkpt lat="44.1818" lon="3.24781">
        <ele>883</ele>
        <time>2026-08-21T15:50:28+00:00</time>
      </trkpt>
      <trkpt lat="44.18171" lon="3.24791">
        <ele>885</ele>
        <time>2026-08-21T15:50:31+00:00</time>
      </trkpt>
      <trkpt lat="44.18164" lon="3.24807">
        <ele>888</ele>
        <time>2026-08-21T15:50:34+00:00</time>
      </trkpt>
      <trkpt lat="44.18163" lon="3.24809">
        <ele>888</ele>
        <time>2026-08-21T15:50:37+00:00</time>
      </trkpt>
      <trkpt lat="44.18155" lon="3.24816">
        <ele>889</ele>
        <time>2026-08-21T15:50:40+00:00</time>
      </trkpt>
      <trkpt lat="44.1815" lon="3.24819">
        <ele>889</ele>
        <time>2026-08-21T15:50:43+00:00</time>
      </trkpt>
      <trkpt lat="44.18147" lon="3.2482">
        <ele>890</ele>
        <time>2026-08-21T15:50:46+00:00</time>
      </trkpt>
      <trkpt lat="44.18141" lon="3.24823">
        <ele>891</ele>
        <time>2026-08-21T15:50:49+00:00</time>
      </trkpt>
      <trkpt lat="44.18135" lon="3.24829">
        <ele>892</ele>
        <time>2026-08-21T15:50:52+00:00</time>
      </trkpt>
      <trkpt lat="44.1813" lon="3.24832">
        <ele>894</ele>
        <time>2026-08-21T15:50:55+00:00</time>
      </trkpt>
      <trkpt lat="44.18127" lon="3.24835">
        <ele>894</ele>
        <time>2026-08-21T15:50:58+00:00</time>
      </trkpt>
      <trkpt lat="44.18123" lon="3.24838">
        <ele>894</ele>
        <time>2026-08-21T15:51:01+00:00</time>
      </trkpt>
      <trkpt lat="44.18118" lon="3.24844">
        <ele>896</ele>
        <time>2026-08-21T15:51:04+00:00</time>
      </trkpt>
      <trkpt lat="44.18113" lon="3.24847">
        <ele>896</ele>
        <time>2026-08-21T15:51:07+00:00</time>
      </trkpt>
      <trkpt lat="44.18109" lon="3.2485">
        <ele>897</ele>
        <time>2026-08-21T15:51:10+00:00</time>
      </trkpt>
      <trkpt lat="44.18104" lon="3.24857">
        <ele>898</ele>
        <time>2026-08-21T15:51:13+00:00</time>
      </trkpt>
      <trkpt lat="44.18095" lon="3.24864">
        <ele>899</ele>
        <time>2026-08-21T15:51:16+00:00</time>
      </trkpt>
      <trkpt lat="44.1809" lon="3.24865">
        <ele>899</ele>
        <time>2026-08-21T15:51:19+00:00</time>
      </trkpt>
      <trkpt lat="44.18085" lon="3.24867">
        <ele>899</ele>
        <time>2026-08-21T15:51:22+00:00</time>
      </trkpt>
      <trkpt lat="44.18073" lon="3.2487">
        <ele>899</ele>
        <time>2026-08-21T15:51:25+00:00</time>
      </trkpt>
      <trkpt lat="44.18065" lon="3.24872">
        <ele>899</ele>
        <time>2026-08-21T15:51:28+00:00</time>
      </trkpt>
      <trkpt lat="44.18061" lon="3.24873">
        <ele>899</ele>
        <time>2026-08-21T15:51:31+00:00</time>
      </trkpt>
      <trkpt lat="44.18055" lon="3.24873">
        <ele>899</ele>
        <time>2026-08-21T15:51:34+00:00</time>
      </trkpt>
      <trkpt lat="44.18051" lon="3.24872">
        <ele>899</ele>
        <time>2026-08-21T15:51:37+00:00</time>
      </trkpt>
      <trkpt lat="44.18044" lon="3.24872">
        <ele>899</ele>
        <time>2026-08-21T15:51:40+00:00</time>
      </trkpt>
      <trkpt lat="44.18031" lon="3.24877">
        <ele>899</ele>
        <time>2026-08-21T15:51:43+00:00</time>
      </trkpt>
      <trkpt lat="44.18021" lon="3.24879">
        <ele>899</ele>
        <time>2026-08-21T15:51:46+00:00</time>
      </trkpt>
      <trkpt lat="44.1801" lon="3.24882">
        <ele>898</ele>
        <time>2026-08-21T15:51:49+00:00</time>
      </trkpt>
      <trkpt lat="44.18" lon="3.24882">
        <ele>898</ele>
        <time>2026-08-21T15:51:52+00:00</time>
      </trkpt>
      <trkpt lat="44.17993" lon="3.24881">
        <ele>898</ele>
        <time>2026-08-21T15:51:55+00:00</time>
      </trkpt>
      <trkpt lat="44.1799" lon="3.24881">
        <ele>898</ele>
        <time>2026-08-21T15:51:58+00:00</time>
      </trkpt>
      <trkpt lat="44.17981" lon="3.2489">
        <ele>898</ele>
        <time>2026-08-21T15:52:01+00:00</time>
      </trkpt>
      <trkpt lat="44.17959" lon="3.24898">
        <ele>896</ele>
        <time>2026-08-21T15:52:04+00:00</time>
      </trkpt>
      <trkpt lat="44.17952" lon="3.24897">
        <ele>896</ele>
        <time>2026-08-21T15:52:07+00:00</time>
      </trkpt>
      <trkpt lat="44.17942" lon="3.24894">
        <ele>896</ele>
        <time>2026-08-21T15:52:10+00:00</time>
      </trkpt>
      <trkpt lat="44.17932" lon="3.24888">
        <ele>895</ele>
        <time>2026-08-21T15:52:13+00:00</time>
      </trkpt>
      <trkpt lat="44.17924" lon="3.24884">
        <ele>895</ele>
        <time>2026-08-21T15:52:16+00:00</time>
      </trkpt>
      <trkpt lat="44.17904" lon="3.24871">
        <ele>893</ele>
        <time>2026-08-21T15:52:19+00:00</time>
      </trkpt>
      <trkpt lat="44.17897" lon="3.24868">
        <ele>891</ele>
        <time>2026-08-21T15:52:22+00:00</time>
      </trkpt>
      <trkpt lat="44.17893" lon="3.24867">
        <ele>891</ele>
        <time>2026-08-21T15:52:25+00:00</time>
      </trkpt>
      <trkpt lat="44.17878" lon="3.24868">
        <ele>889</ele>
        <time>2026-08-21T15:52:28+00:00</time>
      </trkpt>
      <trkpt lat="44.17866" lon="3.24872">
        <ele>890</ele>
        <time>2026-08-21T15:52:31+00:00</time>
      </trkpt>
      <trkpt lat="44.17851" lon="3.24874">
        <ele>889</ele>
        <time>2026-08-21T15:52:34+00:00</time>
      </trkpt>
      <trkpt lat="44.17839" lon="3.24872">
        <ele>889</ele>
        <time>2026-08-21T15:52:37+00:00</time>
      </trkpt>
      <trkpt lat="44.17829" lon="3.24869">
        <ele>885</ele>
        <time>2026-08-21T15:52:40+00:00</time>
      </trkpt>
      <trkpt lat="44.1782" lon="3.24867">
        <ele>885</ele>
        <time>2026-08-21T15:52:43+00:00</time>
      </trkpt>
      <trkpt lat="44.17809" lon="3.24867">
        <ele>883</ele>
        <time>2026-08-21T15:52:46+00:00</time>
      </trkpt>
      <trkpt lat="44.17769" lon="3.24869">
        <ele>881</ele>
        <time>2026-08-21T15:52:49+00:00</time>
      </trkpt>
      <trkpt lat="44.17763" lon="3.24867">
        <ele>881</ele>
        <time>2026-08-21T15:52:52+00:00</time>
      </trkpt>
      <trkpt lat="44.1776" lon="3.24865">
        <ele>881</ele>
        <time>2026-08-21T15:52:55+00:00</time>
      </trkpt>
      <trkpt lat="44.17758" lon="3.24861">
        <ele>881</ele>
        <time>2026-08-21T15:52:58+00:00</time>
      </trkpt>
      <trkpt lat="44.17758" lon="3.24856">
        <ele>880</ele>
        <time>2026-08-21T15:53:01+00:00</time>
      </trkpt>
      <trkpt lat="44.17761" lon="3.24846">
        <ele>879</ele>
        <time>2026-08-21T15:53:04+00:00</time>
      </trkpt>
      <trkpt lat="44.17765" lon="3.2484">
        <ele>878</ele>
        <time>2026-08-21T15:53:07+00:00</time>
      </trkpt>
      <trkpt lat="44.17768" lon="3.24836">
        <ele>878</ele>
        <time>2026-08-21T15:53:10+00:00</time>
      </trkpt>
      <trkpt lat="44.17776" lon="3.24832">
        <ele>878</ele>
        <time>2026-08-21T15:53:13+00:00</time>
      </trkpt>
      <trkpt lat="44.17786" lon="3.24829">
        <ele>876</ele>
        <time>2026-08-21T15:53:16+00:00</time>
      </trkpt>
      <trkpt lat="44.17794" lon="3.24825">
        <ele>877</ele>
        <time>2026-08-21T15:53:19+00:00</time>
      </trkpt>
      <trkpt lat="44.17801" lon="3.2482">
        <ele>877</ele>
        <time>2026-08-21T15:53:22+00:00</time>
      </trkpt>
      <trkpt lat="44.17805" lon="3.24817">
        <ele>876</ele>
        <time>2026-08-21T15:53:25+00:00</time>
      </trkpt>
      <trkpt lat="44.17813" lon="3.24807">
        <ele>875</ele>
        <time>2026-08-21T15:53:28+00:00</time>
      </trkpt>
      <trkpt lat="44.17817" lon="3.248">
        <ele>874</ele>
        <time>2026-08-21T15:53:31+00:00</time>
      </trkpt>
      <trkpt lat="44.17822" lon="3.2479">
        <ele>875</ele>
        <time>2026-08-21T15:53:34+00:00</time>
      </trkpt>
      <trkpt lat="44.17843" lon="3.24759">
        <ele>874</ele>
        <time>2026-08-21T15:53:37+00:00</time>
      </trkpt>
      <trkpt lat="44.17849" lon="3.24755">
        <ele>874</ele>
        <time>2026-08-21T15:53:40+00:00</time>
      </trkpt>
      <trkpt lat="44.17859" lon="3.24752">
        <ele>874</ele>
        <time>2026-08-21T15:53:43+00:00</time>
      </trkpt>
      <trkpt lat="44.17881" lon="3.24756">
        <ele>874</ele>
        <time>2026-08-21T15:53:46+00:00</time>
      </trkpt>
      <trkpt lat="44.17886" lon="3.24755">
        <ele>874</ele>
        <time>2026-08-21T15:53:49+00:00</time>
      </trkpt>
      <trkpt lat="44.17892" lon="3.24752">
        <ele>875</ele>
        <time>2026-08-21T15:53:52+00:00</time>
      </trkpt>
      <trkpt lat="44.17902" lon="3.24746">
        <ele>875</ele>
        <time>2026-08-21T15:53:55+00:00</time>
      </trkpt>
      <trkpt lat="44.17906" lon="3.24738">
        <ele>875</ele>
        <time>2026-08-21T15:53:58+00:00</time>
      </trkpt>
      <trkpt lat="44.1791" lon="3.2473">
        <ele>875</ele>
        <time>2026-08-21T15:54:01+00:00</time>
      </trkpt>
      <trkpt lat="44.17913" lon="3.24712">
        <ele>874</ele>
        <time>2026-08-21T15:54:04+00:00</time>
      </trkpt>
      <trkpt lat="44.17919" lon="3.24701">
        <ele>875</ele>
        <time>2026-08-21T15:54:07+00:00</time>
      </trkpt>
      <trkpt lat="44.17928" lon="3.24689">
        <ele>874</ele>
        <time>2026-08-21T15:54:10+00:00</time>
      </trkpt>
      <trkpt lat="44.17933" lon="3.24684">
        <ele>875</ele>
        <time>2026-08-21T15:54:13+00:00</time>
      </trkpt>
      <trkpt lat="44.17943" lon="3.24678">
        <ele>875</ele>
        <time>2026-08-21T15:54:16+00:00</time>
      </trkpt>
      <trkpt lat="44.17951" lon="3.24674">
        <ele>875</ele>
        <time>2026-08-21T15:54:19+00:00</time>
      </trkpt>
      <trkpt lat="44.17961" lon="3.24671">
        <ele>876</ele>
        <time>2026-08-21T15:54:22+00:00</time>
      </trkpt>
      <trkpt lat="44.17966" lon="3.24667">
        <ele>875</ele>
        <time>2026-08-21T15:54:25+00:00</time>
      </trkpt>
      <trkpt lat="44.17973" lon="3.24663">
        <ele>875</ele>
        <time>2026-08-21T15:54:28+00:00</time>
      </trkpt>
      <trkpt lat="44.17979" lon="3.24657">
        <ele>875</ele>
        <time>2026-08-21T15:54:31+00:00</time>
      </trkpt>
      <trkpt lat="44.17982" lon="3.24653">
        <ele>875</ele>
        <time>2026-08-21T15:54:34+00:00</time>
      </trkpt>
      <trkpt lat="44.17989" lon="3.24646">
        <ele>875</ele>
        <time>2026-08-21T15:54:37+00:00</time>
      </trkpt>
      <trkpt lat="44.17993" lon="3.24642">
        <ele>876</ele>
        <time>2026-08-21T15:54:40+00:00</time>
      </trkpt>
      <trkpt lat="44.17995" lon="3.24637">
        <ele>875</ele>
        <time>2026-08-21T15:54:43+00:00</time>
      </trkpt>
      <trkpt lat="44.17997" lon="3.24633">
        <ele>875</ele>
        <time>2026-08-21T15:54:46+00:00</time>
      </trkpt>
      <trkpt lat="44.18021" lon="3.2461">
        <ele>875</ele>
        <time>2026-08-21T15:54:49+00:00</time>
      </trkpt>
      <trkpt lat="44.18024" lon="3.24606">
        <ele>875</ele>
        <time>2026-08-21T15:54:52+00:00</time>
      </trkpt>
      <trkpt lat="44.18029" lon="3.24596">
        <ele>874</ele>
        <time>2026-08-21T15:54:55+00:00</time>
      </trkpt>
      <trkpt lat="44.18039" lon="3.24582">
        <ele>874</ele>
        <time>2026-08-21T15:54:58+00:00</time>
      </trkpt>
      <trkpt lat="44.18043" lon="3.24573">
        <ele>874</ele>
        <time>2026-08-21T15:55:01+00:00</time>
      </trkpt>
      <trkpt lat="44.18052" lon="3.24561">
        <ele>873</ele>
        <time>2026-08-21T15:55:04+00:00</time>
      </trkpt>
      <trkpt lat="44.18064" lon="3.24547">
        <ele>872</ele>
        <time>2026-08-21T15:55:07+00:00</time>
      </trkpt>
      <trkpt lat="44.18089" lon="3.24523">
        <ele>872</ele>
        <time>2026-08-21T15:55:10+00:00</time>
      </trkpt>
      <trkpt lat="44.18099" lon="3.24509">
        <ele>871</ele>
        <time>2026-08-21T15:55:13+00:00</time>
      </trkpt>
      <trkpt lat="44.18103" lon="3.24501">
        <ele>871</ele>
        <time>2026-08-21T15:55:16+00:00</time>
      </trkpt>
      <trkpt lat="44.18107" lon="3.24486">
        <ele>871</ele>
        <time>2026-08-21T15:55:19+00:00</time>
      </trkpt>
      <trkpt lat="44.18107" lon="3.24475">
        <ele>871</ele>
        <time>2026-08-21T15:55:22+00:00</time>
      </trkpt>
      <trkpt lat="44.18107" lon="3.24465">
        <ele>871</ele>
        <time>2026-08-21T15:55:25+00:00</time>
      </trkpt>
      <trkpt lat="44.18104" lon="3.24456">
        <ele>872</ele>
        <time>2026-08-21T15:55:28+00:00</time>
      </trkpt>
      <trkpt lat="44.18101" lon="3.24436">
        <ele>871</ele>
        <time>2026-08-21T15:55:31+00:00</time>
      </trkpt>
      <trkpt lat="44.18097" lon="3.24415">
        <ele>870</ele>
        <time>2026-08-21T15:55:34+00:00</time>
      </trkpt>
      <trkpt lat="44.18094" lon="3.24393">
        <ele>869</ele>
        <time>2026-08-21T15:55:37+00:00</time>
      </trkpt>
      <trkpt lat="44.18092" lon="3.24388">
        <ele>868</ele>
        <time>2026-08-21T15:55:40+00:00</time>
      </trkpt>
      <trkpt lat="44.18087" lon="3.24379">
        <ele>867</ele>
        <time>2026-08-21T15:55:43+00:00</time>
      </trkpt>
      <trkpt lat="44.18084" lon="3.24376">
        <ele>867</ele>
        <time>2026-08-21T15:55:46+00:00</time>
      </trkpt>
      <trkpt lat="44.18076" lon="3.24373">
        <ele>867</ele>
        <time>2026-08-21T15:55:49+00:00</time>
      </trkpt>
      <trkpt lat="44.1805" lon="3.24366">
        <ele>866</ele>
        <time>2026-08-21T15:55:52+00:00</time>
      </trkpt>
      <trkpt lat="44.18017" lon="3.24357">
        <ele>863</ele>
        <time>2026-08-21T15:55:55+00:00</time>
      </trkpt>
      <trkpt lat="44.17986" lon="3.24347">
        <ele>862</ele>
        <time>2026-08-21T15:55:58+00:00</time>
      </trkpt>
      <trkpt lat="44.17984" lon="3.24345">
        <ele>862</ele>
        <time>2026-08-21T15:56:01+00:00</time>
      </trkpt>
      <trkpt lat="44.17981" lon="3.24342">
        <ele>862</ele>
        <time>2026-08-21T15:56:04+00:00</time>
      </trkpt>
      <trkpt lat="44.17981" lon="3.24335">
        <ele>861</ele>
        <time>2026-08-21T15:56:07+00:00</time>
      </trkpt>
      <trkpt lat="44.17982" lon="3.24333">
        <ele>861</ele>
        <time>2026-08-21T15:56:10+00:00</time>
      </trkpt>
      <trkpt lat="44.17984" lon="3.24328">
        <ele>861</ele>
        <time>2026-08-21T15:56:13+00:00</time>
      </trkpt>
      <trkpt lat="44.17991" lon="3.2432">
        <ele>860</ele>
        <time>2026-08-21T15:56:16+00:00</time>
      </trkpt>
      <trkpt lat="44.18002" lon="3.2431">
        <ele>860</ele>
        <time>2026-08-21T15:56:19+00:00</time>
      </trkpt>
      <trkpt lat="44.18007" lon="3.24307">
        <ele>859</ele>
        <time>2026-08-21T15:56:22+00:00</time>
      </trkpt>
      <trkpt lat="44.18014" lon="3.24302">
        <ele>860</ele>
        <time>2026-08-21T15:56:25+00:00</time>
      </trkpt>
      <trkpt lat="44.18023" lon="3.24292">
        <ele>859</ele>
        <time>2026-08-21T15:56:28+00:00</time>
      </trkpt>
      <trkpt lat="44.18027" lon="3.24289">
        <ele>858</ele>
        <time>2026-08-21T15:56:31+00:00</time>
      </trkpt>
      <trkpt lat="44.18034" lon="3.24283">
        <ele>859</ele>
        <time>2026-08-21T15:56:34+00:00</time>
      </trkpt>
      <trkpt lat="44.18046" lon="3.24275">
        <ele>858</ele>
        <time>2026-08-21T15:56:37+00:00</time>
      </trkpt>
      <trkpt lat="44.18053" lon="3.24272">
        <ele>858</ele>
        <time>2026-08-21T15:56:40+00:00</time>
      </trkpt>
      <trkpt lat="44.18073" lon="3.24266">
        <ele>856</ele>
        <time>2026-08-21T15:56:43+00:00</time>
      </trkpt>
      <trkpt lat="44.18076" lon="3.24264">
        <ele>856</ele>
        <time>2026-08-21T15:56:46+00:00</time>
      </trkpt>
      <trkpt lat="44.1808" lon="3.24257">
        <ele>855</ele>
        <time>2026-08-21T15:56:49+00:00</time>
      </trkpt>
      <trkpt lat="44.1808" lon="3.24252">
        <ele>855</ele>
        <time>2026-08-21T15:56:52+00:00</time>
      </trkpt>
      <trkpt lat="44.18078" lon="3.24247">
        <ele>854</ele>
        <time>2026-08-21T15:56:55+00:00</time>
      </trkpt>
      <trkpt lat="44.18063" lon="3.24231">
        <ele>853</ele>
        <time>2026-08-21T15:56:58+00:00</time>
      </trkpt>
      <trkpt lat="44.18051" lon="3.24218">
        <ele>851</ele>
        <time>2026-08-21T15:57:01+00:00</time>
      </trkpt>
      <trkpt lat="44.18047" lon="3.24215">
        <ele>851</ele>
        <time>2026-08-21T15:57:04+00:00</time>
      </trkpt>
      <trkpt lat="44.18032" lon="3.24209">
        <ele>850</ele>
        <time>2026-08-21T15:57:07+00:00</time>
      </trkpt>
      <trkpt lat="44.18028" lon="3.24209">
        <ele>850</ele>
        <time>2026-08-21T15:57:10+00:00</time>
      </trkpt>
      <trkpt lat="44.18015" lon="3.2421">
        <ele>849</ele>
        <time>2026-08-21T15:57:13+00:00</time>
      </trkpt>
      <trkpt lat="44.18012" lon="3.24209">
        <ele>849</ele>
        <time>2026-08-21T15:57:16+00:00</time>
      </trkpt>
      <trkpt lat="44.18008" lon="3.24207">
        <ele>848</ele>
        <time>2026-08-21T15:57:19+00:00</time>
      </trkpt>
      <trkpt lat="44.18006" lon="3.24205">
        <ele>848</ele>
        <time>2026-08-21T15:57:22+00:00</time>
      </trkpt>
      <trkpt lat="44.18004" lon="3.24202">
        <ele>848</ele>
        <time>2026-08-21T15:57:25+00:00</time>
      </trkpt>
      <trkpt lat="44.18004" lon="3.24198">
        <ele>846</ele>
        <time>2026-08-21T15:57:28+00:00</time>
      </trkpt>
      <trkpt lat="44.18005" lon="3.24194">
        <ele>846</ele>
        <time>2026-08-21T15:57:31+00:00</time>
      </trkpt>
      <trkpt lat="44.18011" lon="3.24183">
        <ele>846</ele>
        <time>2026-08-21T15:57:34+00:00</time>
      </trkpt>
      <trkpt lat="44.18013" lon="3.24177">
        <ele>845</ele>
        <time>2026-08-21T15:57:37+00:00</time>
      </trkpt>
      <trkpt lat="44.18019" lon="3.24166">
        <ele>844</ele>
        <time>2026-08-21T15:57:40+00:00</time>
      </trkpt>
      <trkpt lat="44.18021" lon="3.24161">
        <ele>845</ele>
        <time>2026-08-21T15:57:43+00:00</time>
      </trkpt>
      <trkpt lat="44.18026" lon="3.2415">
        <ele>844</ele>
        <time>2026-08-21T15:57:46+00:00</time>
      </trkpt>
      <trkpt lat="44.18032" lon="3.24141">
        <ele>844</ele>
        <time>2026-08-21T15:57:49+00:00</time>
      </trkpt>
      <trkpt lat="44.18035" lon="3.24137">
        <ele>842</ele>
        <time>2026-08-21T15:57:52+00:00</time>
      </trkpt>
      <trkpt lat="44.1804" lon="3.24128">
        <ele>842</ele>
        <time>2026-08-21T15:57:55+00:00</time>
      </trkpt>
      <trkpt lat="44.18051" lon="3.24113">
        <ele>841</ele>
        <time>2026-08-21T15:57:58+00:00</time>
      </trkpt>
      <trkpt lat="44.18061" lon="3.24103">
        <ele>840</ele>
        <time>2026-08-21T15:58:01+00:00</time>
      </trkpt>
      <trkpt lat="44.18066" lon="3.24095">
        <ele>840</ele>
        <time>2026-08-21T15:58:04+00:00</time>
      </trkpt>
      <trkpt lat="44.18075" lon="3.24077">
        <ele>839</ele>
        <time>2026-08-21T15:58:07+00:00</time>
      </trkpt>
      <trkpt lat="44.18084" lon="3.2406">
        <ele>839</ele>
        <time>2026-08-21T15:58:10+00:00</time>
      </trkpt>
      <trkpt lat="44.18093" lon="3.24038">
        <ele>839</ele>
        <time>2026-08-21T15:58:13+00:00</time>
      </trkpt>
      <trkpt lat="44.18097" lon="3.24029">
        <ele>839</ele>
        <time>2026-08-21T15:58:16+00:00</time>
      </trkpt>
      <trkpt lat="44.18099" lon="3.24026">
        <ele>839</ele>
        <time>2026-08-21T15:58:19+00:00</time>
      </trkpt>
      <trkpt lat="44.18103" lon="3.24018">
        <ele>839</ele>
        <time>2026-08-21T15:58:22+00:00</time>
      </trkpt>
      <trkpt lat="44.18107" lon="3.24013">
        <ele>839</ele>
        <time>2026-08-21T15:58:25+00:00</time>
      </trkpt>
      <trkpt lat="44.18116" lon="3.23997">
        <ele>838</ele>
        <time>2026-08-21T15:58:28+00:00</time>
      </trkpt>
      <trkpt lat="44.18122" lon="3.23981">
        <ele>838</ele>
        <time>2026-08-21T15:58:31+00:00</time>
      </trkpt>
      <trkpt lat="44.18123" lon="3.23971">
        <ele>838</ele>
        <time>2026-08-21T15:58:34+00:00</time>
      </trkpt>
      <trkpt lat="44.18121" lon="3.23957">
        <ele>838</ele>
        <time>2026-08-21T15:58:37+00:00</time>
      </trkpt>
      <trkpt lat="44.18122" lon="3.23948">
        <ele>838</ele>
        <time>2026-08-21T15:58:40+00:00</time>
      </trkpt>
      <trkpt lat="44.18124" lon="3.23943">
        <ele>838</ele>
        <time>2026-08-21T15:58:43+00:00</time>
      </trkpt>
      <trkpt lat="44.18135" lon="3.23929">
        <ele>838</ele>
        <time>2026-08-21T15:58:46+00:00</time>
      </trkpt>
      <trkpt lat="44.18137" lon="3.23926">
        <ele>838</ele>
        <time>2026-08-21T15:58:49+00:00</time>
      </trkpt>
      <trkpt lat="44.18138" lon="3.23918">
        <ele>838</ele>
        <time>2026-08-21T15:58:52+00:00</time>
      </trkpt>
      <trkpt lat="44.18137" lon="3.23914">
        <ele>838</ele>
        <time>2026-08-21T15:58:55+00:00</time>
      </trkpt>
      <trkpt lat="44.18135" lon="3.2391">
        <ele>838</ele>
        <time>2026-08-21T15:58:58+00:00</time>
      </trkpt>
      <trkpt lat="44.18132" lon="3.23908">
        <ele>837</ele>
        <time>2026-08-21T15:59:01+00:00</time>
      </trkpt>
      <trkpt lat="44.18128" lon="3.23907">
        <ele>837</ele>
        <time>2026-08-21T15:59:04+00:00</time>
      </trkpt>
      <trkpt lat="44.18121" lon="3.23907">
        <ele>837</ele>
        <time>2026-08-21T15:59:07+00:00</time>
      </trkpt>
      <trkpt lat="44.18112" lon="3.23904">
        <ele>836</ele>
        <time>2026-08-21T15:59:10+00:00</time>
      </trkpt>
      <trkpt lat="44.1811" lon="3.23902">
        <ele>836</ele>
        <time>2026-08-21T15:59:13+00:00</time>
      </trkpt>
      <trkpt lat="44.18108" lon="3.23896">
        <ele>836</ele>
        <time>2026-08-21T15:59:16+00:00</time>
      </trkpt>
      <trkpt lat="44.18104" lon="3.23885">
        <ele>835</ele>
        <time>2026-08-21T15:59:19+00:00</time>
      </trkpt>
      <trkpt lat="44.18101" lon="3.23874">
        <ele>835</ele>
        <time>2026-08-21T15:59:22+00:00</time>
      </trkpt>
      <trkpt lat="44.181" lon="3.2387">
        <ele>834</ele>
        <time>2026-08-21T15:59:25+00:00</time>
      </trkpt>
      <trkpt lat="44.18099" lon="3.23865">
        <ele>835</ele>
        <time>2026-08-21T15:59:28+00:00</time>
      </trkpt>
      <trkpt lat="44.18095" lon="3.23858">
        <ele>834</ele>
        <time>2026-08-21T15:59:31+00:00</time>
      </trkpt>
      <trkpt lat="44.18093" lon="3.23853">
        <ele>834</ele>
        <time>2026-08-21T15:59:34+00:00</time>
      </trkpt>
      <trkpt lat="44.18084" lon="3.2383">
        <ele>833</ele>
        <time>2026-08-21T15:59:37+00:00</time>
      </trkpt>
      <trkpt lat="44.18083" lon="3.23824">
        <ele>832</ele>
        <time>2026-08-21T15:59:40+00:00</time>
      </trkpt>
      <trkpt lat="44.18079" lon="3.23815">
        <ele>833</ele>
        <time>2026-08-21T15:59:43+00:00</time>
      </trkpt>
      <trkpt lat="44.18075" lon="3.23806">
        <ele>833</ele>
        <time>2026-08-21T15:59:46+00:00</time>
      </trkpt>
      <trkpt lat="44.18073" lon="3.23793">
        <ele>833</ele>
        <time>2026-08-21T15:59:49+00:00</time>
      </trkpt>
      <trkpt lat="44.18069" lon="3.23782">
        <ele>834</ele>
        <time>2026-08-21T15:59:52+00:00</time>
      </trkpt>
      <trkpt lat="44.18066" lon="3.23777">
        <ele>834</ele>
        <time>2026-08-21T15:59:55+00:00</time>
      </trkpt>
      <trkpt lat="44.1806" lon="3.23769">
        <ele>835</ele>
        <time>2026-08-21T15:59:58+00:00</time>
      </trkpt>
      <trkpt lat="44.18057" lon="3.23763">
        <ele>834</ele>
        <time>2026-08-21T16:00:01+00:00</time>
      </trkpt>
      <trkpt lat="44.1805" lon="3.23747">
        <ele>835</ele>
        <time>2026-08-21T16:00:04+00:00</time>
      </trkpt>
      <trkpt lat="44.1805" lon="3.23743">
        <ele>835</ele>
        <time>2026-08-21T16:00:07+00:00</time>
      </trkpt>
      <trkpt lat="44.18051" lon="3.23739">
        <ele>836</ele>
        <time>2026-08-21T16:00:10+00:00</time>
      </trkpt>
      <trkpt lat="44.18055" lon="3.23732">
        <ele>836</ele>
        <time>2026-08-21T16:00:13+00:00</time>
      </trkpt>
      <trkpt lat="44.18059" lon="3.23727">
        <ele>837</ele>
        <time>2026-08-21T16:00:16+00:00</time>
      </trkpt>
      <trkpt lat="44.18063" lon="3.23719">
        <ele>839</ele>
        <time>2026-08-21T16:00:19+00:00</time>
      </trkpt>
      <trkpt lat="44.18063" lon="3.23713">
        <ele>839</ele>
        <time>2026-08-21T16:00:22+00:00</time>
      </trkpt>
      <trkpt lat="44.18066" lon="3.23702">
        <ele>840</ele>
        <time>2026-08-21T16:00:25+00:00</time>
      </trkpt>
      <trkpt lat="44.18065" lon="3.23697">
        <ele>841</ele>
        <time>2026-08-21T16:00:28+00:00</time>
      </trkpt>
      <trkpt lat="44.18063" lon="3.23693">
        <ele>839</ele>
        <time>2026-08-21T16:00:31+00:00</time>
      </trkpt>
      <trkpt lat="44.18061" lon="3.23691">
        <ele>841</ele>
        <time>2026-08-21T16:00:34+00:00</time>
      </trkpt>
      <trkpt lat="44.18055" lon="3.23686">
        <ele>841</ele>
        <time>2026-08-21T16:00:37+00:00</time>
      </trkpt>
      <trkpt lat="44.18048" lon="3.23682">
        <ele>841</ele>
        <time>2026-08-21T16:00:40+00:00</time>
      </trkpt>
      <trkpt lat="44.18037" lon="3.23671">
        <ele>839</ele>
        <time>2026-08-21T16:00:43+00:00</time>
      </trkpt>
      <trkpt lat="44.18035" lon="3.23667">
        <ele>840</ele>
        <time>2026-08-21T16:00:46+00:00</time>
      </trkpt>
      <trkpt lat="44.18026" lon="3.23656">
        <ele>840</ele>
        <time>2026-08-21T16:00:49+00:00</time>
      </trkpt>
      <trkpt lat="44.18019" lon="3.23646">
        <ele>839</ele>
        <time>2026-08-21T16:00:52+00:00</time>
      </trkpt>
      <trkpt lat="44.18017" lon="3.23641">
        <ele>839</ele>
        <time>2026-08-21T16:00:55+00:00</time>
      </trkpt>
      <trkpt lat="44.18016" lon="3.23636">
        <ele>839</ele>
        <time>2026-08-21T16:00:58+00:00</time>
      </trkpt>
      <trkpt lat="44.18015" lon="3.2362">
        <ele>838</ele>
        <time>2026-08-21T16:01:01+00:00</time>
      </trkpt>
      <trkpt lat="44.18013" lon="3.23605">
        <ele>839</ele>
        <time>2026-08-21T16:01:04+00:00</time>
      </trkpt>
      <trkpt lat="44.1801" lon="3.23597">
        <ele>840</ele>
        <time>2026-08-21T16:01:07+00:00</time>
      </trkpt>
      <trkpt lat="44.18008" lon="3.23594">
        <ele>840</ele>
        <time>2026-08-21T16:01:10+00:00</time>
      </trkpt>
      <trkpt lat="44.18003" lon="3.2359">
        <ele>840</ele>
        <time>2026-08-21T16:01:13+00:00</time>
      </trkpt>
      <trkpt lat="44.1799" lon="3.23583">
        <ele>839</ele>
        <time>2026-08-21T16:01:16+00:00</time>
      </trkpt>
      <trkpt lat="44.1798" lon="3.23577">
        <ele>839</ele>
        <time>2026-08-21T16:01:19+00:00</time>
      </trkpt>
      <trkpt lat="44.17964" lon="3.23559">
        <ele>838</ele>
        <time>2026-08-21T16:01:22+00:00</time>
      </trkpt>
      <trkpt lat="44.17959" lon="3.23552">
        <ele>838</ele>
        <time>2026-08-21T16:01:25+00:00</time>
      </trkpt>
      <trkpt lat="44.17955" lon="3.23545">
        <ele>838</ele>
        <time>2026-08-21T16:01:28+00:00</time>
      </trkpt>
      <trkpt lat="44.17954" lon="3.2354">
        <ele>838</ele>
        <time>2026-08-21T16:01:31+00:00</time>
      </trkpt>
      <trkpt lat="44.17947" lon="3.23527">
        <ele>838</ele>
        <time>2026-08-21T16:01:34+00:00</time>
      </trkpt>
      <trkpt lat="44.17943" lon="3.23514">
        <ele>838</ele>
        <time>2026-08-21T16:01:37+00:00</time>
      </trkpt>
      <trkpt lat="44.17942" lon="3.23509">
        <ele>838</ele>
        <time>2026-08-21T16:01:40+00:00</time>
      </trkpt>
      <trkpt lat="44.1794" lon="3.23504">
        <ele>837</ele>
        <time>2026-08-21T16:01:43+00:00</time>
      </trkpt>
      <trkpt lat="44.17937" lon="3.23494">
        <ele>837</ele>
        <time>2026-08-21T16:01:46+00:00</time>
      </trkpt>
      <trkpt lat="44.17935" lon="3.23484">
        <ele>837</ele>
        <time>2026-08-21T16:01:49+00:00</time>
      </trkpt>
      <trkpt lat="44.17935" lon="3.23467">
        <ele>836</ele>
        <time>2026-08-21T16:01:52+00:00</time>
      </trkpt>
      <trkpt lat="44.17939" lon="3.23452">
        <ele>835</ele>
        <time>2026-08-21T16:01:55+00:00</time>
      </trkpt>
      <trkpt lat="44.17944" lon="3.23442">
        <ele>835</ele>
        <time>2026-08-21T16:01:58+00:00</time>
      </trkpt>
      <trkpt lat="44.17947" lon="3.23432">
        <ele>835</ele>
        <time>2026-08-21T16:02:01+00:00</time>
      </trkpt>
      <trkpt lat="44.1795" lon="3.23422">
        <ele>835</ele>
        <time>2026-08-21T16:02:04+00:00</time>
      </trkpt>
      <trkpt lat="44.17951" lon="3.23416">
        <ele>835</ele>
        <time>2026-08-21T16:02:07+00:00</time>
      </trkpt>
      <trkpt lat="44.1795" lon="3.23411">
        <ele>835</ele>
        <time>2026-08-21T16:02:10+00:00</time>
      </trkpt>
      <trkpt lat="44.17948" lon="3.23401">
        <ele>834</ele>
        <time>2026-08-21T16:02:13+00:00</time>
      </trkpt>
      <trkpt lat="44.17944" lon="3.23393">
        <ele>835</ele>
        <time>2026-08-21T16:02:16+00:00</time>
      </trkpt>
      <trkpt lat="44.17927" lon="3.2337">
        <ele>835</ele>
        <time>2026-08-21T16:02:19+00:00</time>
      </trkpt>
      <trkpt lat="44.17925" lon="3.23367">
        <ele>835</ele>
        <time>2026-08-21T16:02:22+00:00</time>
      </trkpt>
      <trkpt lat="44.17923" lon="3.23363">
        <ele>835</ele>
        <time>2026-08-21T16:02:25+00:00</time>
      </trkpt>
      <trkpt lat="44.17914" lon="3.23349">
        <ele>836</ele>
        <time>2026-08-21T16:02:28+00:00</time>
      </trkpt>
      <trkpt lat="44.17911" lon="3.23346">
        <ele>836</ele>
        <time>2026-08-21T16:02:31+00:00</time>
      </trkpt>
      <trkpt lat="44.17902" lon="3.23332">
        <ele>836</ele>
        <time>2026-08-21T16:02:34+00:00</time>
      </trkpt>
      <trkpt lat="44.17898" lon="3.23324">
        <ele>836</ele>
        <time>2026-08-21T16:02:37+00:00</time>
      </trkpt>
      <trkpt lat="44.17894" lon="3.2331">
        <ele>836</ele>
        <time>2026-08-21T16:02:40+00:00</time>
      </trkpt>
      <trkpt lat="44.1789" lon="3.23301">
        <ele>836</ele>
        <time>2026-08-21T16:02:43+00:00</time>
      </trkpt>
      <trkpt lat="44.17888" lon="3.23297">
        <ele>836</ele>
        <time>2026-08-21T16:02:46+00:00</time>
      </trkpt>
      <trkpt lat="44.17884" lon="3.23284">
        <ele>836</ele>
        <time>2026-08-21T16:02:49+00:00</time>
      </trkpt>
      <trkpt lat="44.17882" lon="3.23279">
        <ele>837</ele>
        <time>2026-08-21T16:02:52+00:00</time>
      </trkpt>
      <trkpt lat="44.17877" lon="3.23272">
        <ele>836</ele>
        <time>2026-08-21T16:02:55+00:00</time>
      </trkpt>
      <trkpt lat="44.17867" lon="3.23258">
        <ele>836</ele>
        <time>2026-08-21T16:02:58+00:00</time>
      </trkpt>
      <trkpt lat="44.17848" lon="3.23236">
        <ele>837</ele>
        <time>2026-08-21T16:03:01+00:00</time>
      </trkpt>
      <trkpt lat="44.17845" lon="3.23233">
        <ele>837</ele>
        <time>2026-08-21T16:03:04+00:00</time>
      </trkpt>
      <trkpt lat="44.17841" lon="3.23227">
        <ele>838</ele>
        <time>2026-08-21T16:03:07+00:00</time>
      </trkpt>
      <trkpt lat="44.17839" lon="3.23216">
        <ele>837</ele>
        <time>2026-08-21T16:03:10+00:00</time>
      </trkpt>
      <trkpt lat="44.17838" lon="3.23204">
        <ele>837</ele>
        <time>2026-08-21T16:03:13+00:00</time>
      </trkpt>
      <trkpt lat="44.17837" lon="3.23199">
        <ele>837</ele>
        <time>2026-08-21T16:03:16+00:00</time>
      </trkpt>
      <trkpt lat="44.17836" lon="3.23184">
        <ele>837</ele>
        <time>2026-08-21T16:03:19+00:00</time>
      </trkpt>
      <trkpt lat="44.17835" lon="3.23179">
        <ele>838</ele>
        <time>2026-08-21T16:03:22+00:00</time>
      </trkpt>
      <trkpt lat="44.17831" lon="3.23171">
        <ele>838</ele>
        <time>2026-08-21T16:03:25+00:00</time>
      </trkpt>
      <trkpt lat="44.17828" lon="3.23168">
        <ele>840</ele>
        <time>2026-08-21T16:03:28+00:00</time>
      </trkpt>
      <trkpt lat="44.17822" lon="3.23164">
        <ele>840</ele>
        <time>2026-08-21T16:03:31+00:00</time>
      </trkpt>
      <trkpt lat="44.17814" lon="3.2316">
        <ele>840</ele>
        <time>2026-08-21T16:03:34+00:00</time>
      </trkpt>
      <trkpt lat="44.17809" lon="3.23162">
        <ele>839</ele>
        <time>2026-08-21T16:03:37+00:00</time>
      </trkpt>
      <trkpt lat="44.17806" lon="3.23161">
        <ele>839</ele>
        <time>2026-08-21T16:03:40+00:00</time>
      </trkpt>
      <trkpt lat="44.17805" lon="3.23157">
        <ele>840</ele>
        <time>2026-08-21T16:03:43+00:00</time>
      </trkpt>
      <trkpt lat="44.17805" lon="3.23151">
        <ele>840</ele>
        <time>2026-08-21T16:03:46+00:00</time>
      </trkpt>
      <trkpt lat="44.17807" lon="3.23143">
        <ele>840</ele>
        <time>2026-08-21T16:03:49+00:00</time>
      </trkpt>
      <trkpt lat="44.17809" lon="3.23139">
        <ele>840</ele>
        <time>2026-08-21T16:03:52+00:00</time>
      </trkpt>
      <trkpt lat="44.17813" lon="3.23129">
        <ele>840</ele>
        <time>2026-08-21T16:03:55+00:00</time>
      </trkpt>
      <trkpt lat="44.17819" lon="3.23121">
        <ele>840</ele>
        <time>2026-08-21T16:03:58+00:00</time>
      </trkpt>
      <trkpt lat="44.17827" lon="3.23104">
        <ele>840</ele>
        <time>2026-08-21T16:04:01+00:00</time>
      </trkpt>
      <trkpt lat="44.1783" lon="3.23091">
        <ele>841</ele>
        <time>2026-08-21T16:04:04+00:00</time>
      </trkpt>
      <trkpt lat="44.17831" lon="3.23086">
        <ele>841</ele>
        <time>2026-08-21T16:04:07+00:00</time>
      </trkpt>
      <trkpt lat="44.17832" lon="3.23081">
        <ele>841</ele>
        <time>2026-08-21T16:04:10+00:00</time>
      </trkpt>
      <trkpt lat="44.17833" lon="3.23077">
        <ele>841</ele>
        <time>2026-08-21T16:04:13+00:00</time>
      </trkpt>
      <trkpt lat="44.17839" lon="3.23062">
        <ele>841</ele>
        <time>2026-08-21T16:04:16+00:00</time>
      </trkpt>
      <trkpt lat="44.17844" lon="3.23041">
        <ele>843</ele>
        <time>2026-08-21T16:04:19+00:00</time>
      </trkpt>
      <trkpt lat="44.17845" lon="3.23037">
        <ele>843</ele>
        <time>2026-08-21T16:04:22+00:00</time>
      </trkpt>
      <trkpt lat="44.17844" lon="3.23028">
        <ele>843</ele>
        <time>2026-08-21T16:04:25+00:00</time>
      </trkpt>
      <trkpt lat="44.17843" lon="3.23023">
        <ele>843</ele>
        <time>2026-08-21T16:04:28+00:00</time>
      </trkpt>
      <trkpt lat="44.17842" lon="3.23012">
        <ele>843</ele>
        <time>2026-08-21T16:04:31+00:00</time>
      </trkpt>
      <trkpt lat="44.17839" lon="3.22998">
        <ele>842</ele>
        <time>2026-08-21T16:04:34+00:00</time>
      </trkpt>
      <trkpt lat="44.17839" lon="3.22993">
        <ele>842</ele>
        <time>2026-08-21T16:04:37+00:00</time>
      </trkpt>
      <trkpt lat="44.17838" lon="3.22989">
        <ele>843</ele>
        <time>2026-08-21T16:04:40+00:00</time>
      </trkpt>
      <trkpt lat="44.17837" lon="3.22973">
        <ele>843</ele>
        <time>2026-08-21T16:04:43+00:00</time>
      </trkpt>
      <trkpt lat="44.17836" lon="3.22968">
        <ele>844</ele>
        <time>2026-08-21T16:04:46+00:00</time>
      </trkpt>
      <trkpt lat="44.17835" lon="3.2296">
        <ele>845</ele>
        <time>2026-08-21T16:04:49+00:00</time>
      </trkpt>
      <trkpt lat="44.17835" lon="3.22947">
        <ele>845</ele>
        <time>2026-08-21T16:04:52+00:00</time>
      </trkpt>
      <trkpt lat="44.17836" lon="3.22943">
        <ele>843</ele>
        <time>2026-08-21T16:04:55+00:00</time>
      </trkpt>
      <trkpt lat="44.17837" lon="3.22923">
        <ele>845</ele>
        <time>2026-08-21T16:04:58+00:00</time>
      </trkpt>
      <trkpt lat="44.1784" lon="3.22911">
        <ele>844</ele>
        <time>2026-08-21T16:05:01+00:00</time>
      </trkpt>
      <trkpt lat="44.17843" lon="3.22903">
        <ele>846</ele>
        <time>2026-08-21T16:05:04+00:00</time>
      </trkpt>
      <trkpt lat="44.17847" lon="3.22896">
        <ele>846</ele>
        <time>2026-08-21T16:05:07+00:00</time>
      </trkpt>
      <trkpt lat="44.17851" lon="3.22889">
        <ele>848</ele>
        <time>2026-08-21T16:05:10+00:00</time>
      </trkpt>
      <trkpt lat="44.17857" lon="3.22875">
        <ele>848</ele>
        <time>2026-08-21T16:05:13+00:00</time>
      </trkpt>
      <trkpt lat="44.17862" lon="3.22865">
        <ele>849</ele>
        <time>2026-08-21T16:05:16+00:00</time>
      </trkpt>
      <trkpt lat="44.17872" lon="3.22851">
        <ele>848</ele>
        <time>2026-08-21T16:05:19+00:00</time>
      </trkpt>
      <trkpt lat="44.17874" lon="3.22847">
        <ele>849</ele>
        <time>2026-08-21T16:05:22+00:00</time>
      </trkpt>
      <trkpt lat="44.17879" lon="3.22833">
        <ele>848</ele>
        <time>2026-08-21T16:05:25+00:00</time>
      </trkpt>
      <trkpt lat="44.17881" lon="3.22827">
        <ele>849</ele>
        <time>2026-08-21T16:05:28+00:00</time>
      </trkpt>
      <trkpt lat="44.17881" lon="3.22822">
        <ele>848</ele>
        <time>2026-08-21T16:05:31+00:00</time>
      </trkpt>
      <trkpt lat="44.17885" lon="3.22813">
        <ele>848</ele>
        <time>2026-08-21T16:05:34+00:00</time>
      </trkpt>
      <trkpt lat="44.1789" lon="3.22805">
        <ele>848</ele>
        <time>2026-08-21T16:05:37+00:00</time>
      </trkpt>
      <trkpt lat="44.17898" lon="3.22794">
        <ele>848</ele>
        <time>2026-08-21T16:05:40+00:00</time>
      </trkpt>
      <trkpt lat="44.17915" lon="3.22775">
        <ele>848</ele>
        <time>2026-08-21T16:05:43+00:00</time>
      </trkpt>
      <trkpt lat="44.17939" lon="3.22754">
        <ele>848</ele>
        <time>2026-08-21T16:05:46+00:00</time>
      </trkpt>
      <trkpt lat="44.1795" lon="3.22748">
        <ele>848</ele>
        <time>2026-08-21T16:05:49+00:00</time>
      </trkpt>
      <trkpt lat="44.17952" lon="3.22745">
        <ele>848</ele>
        <time>2026-08-21T16:05:52+00:00</time>
      </trkpt>
      <trkpt lat="44.17955" lon="3.22735">
        <ele>848</ele>
        <time>2026-08-21T16:05:55+00:00</time>
      </trkpt>
      <trkpt lat="44.17955" lon="3.2273">
        <ele>847</ele>
        <time>2026-08-21T16:05:58+00:00</time>
      </trkpt>
      <trkpt lat="44.17954" lon="3.22725">
        <ele>847</ele>
        <time>2026-08-21T16:06:01+00:00</time>
      </trkpt>
      <trkpt lat="44.17951" lon="3.22721">
        <ele>847</ele>
        <time>2026-08-21T16:06:04+00:00</time>
      </trkpt>
      <trkpt lat="44.17944" lon="3.22717">
        <ele>846</ele>
        <time>2026-08-21T16:06:07+00:00</time>
      </trkpt>
      <trkpt lat="44.1794" lon="3.22716">
        <ele>846</ele>
        <time>2026-08-21T16:06:10+00:00</time>
      </trkpt>
      <trkpt lat="44.17933" lon="3.22714">
        <ele>846</ele>
        <time>2026-08-21T16:06:13+00:00</time>
      </trkpt>
      <trkpt lat="44.17924" lon="3.22706">
        <ele>844</ele>
        <time>2026-08-21T16:06:16+00:00</time>
      </trkpt>
      <trkpt lat="44.17921" lon="3.22704">
        <ele>844</ele>
        <time>2026-08-21T16:06:19+00:00</time>
      </trkpt>
      <trkpt lat="44.17907" lon="3.22703">
        <ele>842</ele>
        <time>2026-08-21T16:06:22+00:00</time>
      </trkpt>
      <trkpt lat="44.17903" lon="3.22704">
        <ele>842</ele>
        <time>2026-08-21T16:06:25+00:00</time>
      </trkpt>
      <trkpt lat="44.17897" lon="3.22708">
        <ele>840</ele>
        <time>2026-08-21T16:06:28+00:00</time>
      </trkpt>
      <trkpt lat="44.17893" lon="3.22708">
        <ele>840</ele>
        <time>2026-08-21T16:06:31+00:00</time>
      </trkpt>
      <trkpt lat="44.17885" lon="3.22703">
        <ele>839</ele>
        <time>2026-08-21T16:06:34+00:00</time>
      </trkpt>
      <trkpt lat="44.17883" lon="3.22703">
        <ele>839</ele>
        <time>2026-08-21T16:06:37+00:00</time>
      </trkpt>
      <trkpt lat="44.17881" lon="3.22705">
        <ele>839</ele>
        <time>2026-08-21T16:06:40+00:00</time>
      </trkpt>
      <trkpt lat="44.17878" lon="3.22708">
        <ele>838</ele>
        <time>2026-08-21T16:06:43+00:00</time>
      </trkpt>
      <trkpt lat="44.17868" lon="3.22716">
        <ele>833</ele>
        <time>2026-08-21T16:06:46+00:00</time>
      </trkpt>
      <trkpt lat="44.17861" lon="3.22721">
        <ele>831</ele>
        <time>2026-08-21T16:06:49+00:00</time>
      </trkpt>
      <trkpt lat="44.17856" lon="3.22723">
        <ele>828</ele>
        <time>2026-08-21T16:06:52+00:00</time>
      </trkpt>
      <trkpt lat="44.17849" lon="3.22722">
        <ele>826</ele>
        <time>2026-08-21T16:06:55+00:00</time>
      </trkpt>
      <trkpt lat="44.17846" lon="3.22721">
        <ele>826</ele>
        <time>2026-08-21T16:06:58+00:00</time>
      </trkpt>
      <trkpt lat="44.1784" lon="3.22716">
        <ele>828</ele>
        <time>2026-08-21T16:07:01+00:00</time>
      </trkpt>
      <trkpt lat="44.17835" lon="3.22712">
        <ele>827</ele>
        <time>2026-08-21T16:07:04+00:00</time>
      </trkpt>
      <trkpt lat="44.17831" lon="3.22712">
        <ele>827</ele>
        <time>2026-08-21T16:07:07+00:00</time>
      </trkpt>
      <trkpt lat="44.17828" lon="3.22713">
        <ele>827</ele>
        <time>2026-08-21T16:07:10+00:00</time>
      </trkpt>
      <trkpt lat="44.1782" lon="3.22712">
        <ele>827</ele>
        <time>2026-08-21T16:07:13+00:00</time>
      </trkpt>
      <trkpt lat="44.17806" lon="3.22714">
        <ele>824</ele>
        <time>2026-08-21T16:07:16+00:00</time>
      </trkpt>
      <trkpt lat="44.17795" lon="3.22713">
        <ele>822</ele>
        <time>2026-08-21T16:07:19+00:00</time>
      </trkpt>
      <trkpt lat="44.17786" lon="3.22718">
        <ele>820</ele>
        <time>2026-08-21T16:07:22+00:00</time>
      </trkpt>
      <trkpt lat="44.17779" lon="3.22716">
        <ele>819</ele>
        <time>2026-08-21T16:07:25+00:00</time>
      </trkpt>
      <trkpt lat="44.17776" lon="3.22714">
        <ele>819</ele>
        <time>2026-08-21T16:07:28+00:00</time>
      </trkpt>
      <trkpt lat="44.17769" lon="3.22711">
        <ele>818</ele>
        <time>2026-08-21T16:07:31+00:00</time>
      </trkpt>
      <trkpt lat="44.17767" lon="3.22712">
        <ele>818</ele>
        <time>2026-08-21T16:07:34+00:00</time>
      </trkpt>
      <trkpt lat="44.17762" lon="3.22717">
        <ele>818</ele>
        <time>2026-08-21T16:07:37+00:00</time>
      </trkpt>
      <trkpt lat="44.17755" lon="3.22722">
        <ele>816</ele>
        <time>2026-08-21T16:07:40+00:00</time>
      </trkpt>
      <trkpt lat="44.17748" lon="3.22723">
        <ele>815</ele>
        <time>2026-08-21T16:07:43+00:00</time>
      </trkpt>
      <trkpt lat="44.17739" lon="3.22726">
        <ele>815</ele>
        <time>2026-08-21T16:07:46+00:00</time>
      </trkpt>
      <trkpt lat="44.17735" lon="3.22726">
        <ele>815</ele>
        <time>2026-08-21T16:07:49+00:00</time>
      </trkpt>
      <trkpt lat="44.17732" lon="3.22727">
        <ele>815</ele>
        <time>2026-08-21T16:07:52+00:00</time>
      </trkpt>
      <trkpt lat="44.17715" lon="3.22734">
        <ele>813</ele>
        <time>2026-08-21T16:07:55+00:00</time>
      </trkpt>
      <trkpt lat="44.17713" lon="3.22737">
        <ele>813</ele>
        <time>2026-08-21T16:07:58+00:00</time>
      </trkpt>
      <trkpt lat="44.17699" lon="3.22746">
        <ele>811</ele>
        <time>2026-08-21T16:08:01+00:00</time>
      </trkpt>
      <trkpt lat="44.17697" lon="3.22748">
        <ele>811</ele>
        <time>2026-08-21T16:08:04+00:00</time>
      </trkpt>
      <trkpt lat="44.17697" lon="3.22752">
        <ele>807</ele>
        <time>2026-08-21T16:08:07+00:00</time>
      </trkpt>
      <trkpt lat="44.17694" lon="3.22759">
        <ele>807</ele>
        <time>2026-08-21T16:08:10+00:00</time>
      </trkpt>
      <trkpt lat="44.17692" lon="3.22762">
        <ele>806</ele>
        <time>2026-08-21T16:08:13+00:00</time>
      </trkpt>
      <trkpt lat="44.17686" lon="3.22762">
        <ele>805</ele>
        <time>2026-08-21T16:08:16+00:00</time>
      </trkpt>
      <trkpt lat="44.17683" lon="3.2276">
        <ele>805</ele>
        <time>2026-08-21T16:08:19+00:00</time>
      </trkpt>
      <trkpt lat="44.17681" lon="3.22758">
        <ele>805</ele>
        <time>2026-08-21T16:08:22+00:00</time>
      </trkpt>
      <trkpt lat="44.17679" lon="3.22757">
        <ele>800</ele>
        <time>2026-08-21T16:08:25+00:00</time>
      </trkpt>
      <trkpt lat="44.17675" lon="3.22758">
        <ele>800</ele>
        <time>2026-08-21T16:08:28+00:00</time>
      </trkpt>
      <trkpt lat="44.17668" lon="3.22763">
        <ele>796</ele>
        <time>2026-08-21T16:08:31+00:00</time>
      </trkpt>
      <trkpt lat="44.17662" lon="3.22772">
        <ele>795</ele>
        <time>2026-08-21T16:08:34+00:00</time>
      </trkpt>
      <trkpt lat="44.17659" lon="3.22774">
        <ele>794</ele>
        <time>2026-08-21T16:08:37+00:00</time>
      </trkpt>
      <trkpt lat="44.17655" lon="3.22778">
        <ele>794</ele>
        <time>2026-08-21T16:08:40+00:00</time>
      </trkpt>
      <trkpt lat="44.1765" lon="3.22784">
        <ele>793</ele>
        <time>2026-08-21T16:08:43+00:00</time>
      </trkpt>
      <trkpt lat="44.17641" lon="3.22799">
        <ele>791</ele>
        <time>2026-08-21T16:08:46+00:00</time>
      </trkpt>
      <trkpt lat="44.17636" lon="3.22805">
        <ele>789</ele>
        <time>2026-08-21T16:08:49+00:00</time>
      </trkpt>
      <trkpt lat="44.17635" lon="3.22809">
        <ele>789</ele>
        <time>2026-08-21T16:08:52+00:00</time>
      </trkpt>
      <trkpt lat="44.17635" lon="3.22814">
        <ele>787</ele>
        <time>2026-08-21T16:08:55+00:00</time>
      </trkpt>
      <trkpt lat="44.17637" lon="3.2282">
        <ele>787</ele>
        <time>2026-08-21T16:08:58+00:00</time>
      </trkpt>
      <trkpt lat="44.17641" lon="3.22827">
        <ele>786</ele>
        <time>2026-08-21T16:09:01+00:00</time>
      </trkpt>
      <trkpt lat="44.17654" lon="3.22843">
        <ele>785</ele>
        <time>2026-08-21T16:09:04+00:00</time>
      </trkpt>
      <trkpt lat="44.17656" lon="3.22848">
        <ele>785</ele>
        <time>2026-08-21T16:09:07+00:00</time>
      </trkpt>
      <trkpt lat="44.17659" lon="3.22863">
        <ele>784</ele>
        <time>2026-08-21T16:09:10+00:00</time>
      </trkpt>
      <trkpt lat="44.17661" lon="3.22872">
        <ele>785</ele>
        <time>2026-08-21T16:09:13+00:00</time>
      </trkpt>
      <trkpt lat="44.17664" lon="3.22881">
        <ele>785</ele>
        <time>2026-08-21T16:09:16+00:00</time>
      </trkpt>
      <trkpt lat="44.17672" lon="3.22897">
        <ele>785</ele>
        <time>2026-08-21T16:09:19+00:00</time>
      </trkpt>
      <trkpt lat="44.17675" lon="3.22906">
        <ele>785</ele>
        <time>2026-08-21T16:09:22+00:00</time>
      </trkpt>
      <trkpt lat="44.17676" lon="3.22919">
        <ele>786</ele>
        <time>2026-08-21T16:09:25+00:00</time>
      </trkpt>
      <trkpt lat="44.17676" lon="3.22928">
        <ele>787</ele>
        <time>2026-08-21T16:09:28+00:00</time>
      </trkpt>
      <trkpt lat="44.17675" lon="3.22932">
        <ele>788</ele>
        <time>2026-08-21T16:09:31+00:00</time>
      </trkpt>
      <trkpt lat="44.17672" lon="3.22939">
        <ele>788</ele>
        <time>2026-08-21T16:09:34+00:00</time>
      </trkpt>
      <trkpt lat="44.1767" lon="3.22942">
        <ele>790</ele>
        <time>2026-08-21T16:09:37+00:00</time>
      </trkpt>
      <trkpt lat="44.17664" lon="3.22943">
        <ele>790</ele>
        <time>2026-08-21T16:09:40+00:00</time>
      </trkpt>
      <trkpt lat="44.17658" lon="3.22942">
        <ele>791</ele>
        <time>2026-08-21T16:09:43+00:00</time>
      </trkpt>
      <trkpt lat="44.17655" lon="3.2294">
        <ele>791</ele>
        <time>2026-08-21T16:09:46+00:00</time>
      </trkpt>
      <trkpt lat="44.17646" lon="3.22933">
        <ele>789</ele>
        <time>2026-08-21T16:09:49+00:00</time>
      </trkpt>
      <trkpt lat="44.17644" lon="3.2293">
        <ele>792</ele>
        <time>2026-08-21T16:09:52+00:00</time>
      </trkpt>
      <trkpt lat="44.17639" lon="3.22926">
        <ele>791</ele>
        <time>2026-08-21T16:09:55+00:00</time>
      </trkpt>
      <trkpt lat="44.17633" lon="3.22923">
        <ele>791</ele>
        <time>2026-08-21T16:09:58+00:00</time>
      </trkpt>
      <trkpt lat="44.17628" lon="3.22922">
        <ele>791</ele>
        <time>2026-08-21T16:10:01+00:00</time>
      </trkpt>
      <trkpt lat="44.17625" lon="3.22922">
        <ele>788</ele>
        <time>2026-08-21T16:10:04+00:00</time>
      </trkpt>
      <trkpt lat="44.17617" lon="3.22923">
        <ele>788</ele>
        <time>2026-08-21T16:10:07+00:00</time>
      </trkpt>
      <trkpt lat="44.17606" lon="3.22929">
        <ele>788</ele>
        <time>2026-08-21T16:10:10+00:00</time>
      </trkpt>
      <trkpt lat="44.17603" lon="3.22931">
        <ele>789</ele>
        <time>2026-08-21T16:10:13+00:00</time>
      </trkpt>
      <trkpt lat="44.17601" lon="3.22934">
        <ele>789</ele>
        <time>2026-08-21T16:10:16+00:00</time>
      </trkpt>
      <trkpt lat="44.17601" lon="3.22938">
        <ele>789</ele>
        <time>2026-08-21T16:10:19+00:00</time>
      </trkpt>
      <trkpt lat="44.17603" lon="3.22941">
        <ele>790</ele>
        <time>2026-08-21T16:10:22+00:00</time>
      </trkpt>
      <trkpt lat="44.17604" lon="3.22949">
        <ele>790</ele>
        <time>2026-08-21T16:10:25+00:00</time>
      </trkpt>
      <trkpt lat="44.17607" lon="3.22952">
        <ele>790</ele>
        <time>2026-08-21T16:10:28+00:00</time>
      </trkpt>
      <trkpt lat="44.17615" lon="3.22954">
        <ele>792</ele>
        <time>2026-08-21T16:10:31+00:00</time>
      </trkpt>
      <trkpt lat="44.17621" lon="3.22959">
        <ele>795</ele>
        <time>2026-08-21T16:10:34+00:00</time>
      </trkpt>
      <trkpt lat="44.17623" lon="3.2296">
        <ele>796</ele>
        <time>2026-08-21T16:10:37+00:00</time>
      </trkpt>
      <trkpt lat="44.17627" lon="3.22962">
        <ele>796</ele>
        <time>2026-08-21T16:10:40+00:00</time>
      </trkpt>
      <trkpt lat="44.17628" lon="3.22965">
        <ele>796</ele>
        <time>2026-08-21T16:10:43+00:00</time>
      </trkpt>
      <trkpt lat="44.17629" lon="3.22969">
        <ele>796</ele>
        <time>2026-08-21T16:10:46+00:00</time>
      </trkpt>
      <trkpt lat="44.17631" lon="3.22972">
        <ele>797</ele>
        <time>2026-08-21T16:10:49+00:00</time>
      </trkpt>
      <trkpt lat="44.17634" lon="3.22978">
        <ele>797</ele>
        <time>2026-08-21T16:10:52+00:00</time>
      </trkpt>
      <trkpt lat="44.17638" lon="3.22983">
        <ele>799</ele>
        <time>2026-08-21T16:10:55+00:00</time>
      </trkpt>
      <trkpt lat="44.17642" lon="3.22991">
        <ele>800</ele>
        <time>2026-08-21T16:10:58+00:00</time>
      </trkpt>
      <trkpt lat="44.1764" lon="3.23005">
        <ele>802</ele>
        <time>2026-08-21T16:11:01+00:00</time>
      </trkpt>
      <trkpt lat="44.17637" lon="3.23016">
        <ele>802</ele>
        <time>2026-08-21T16:11:04+00:00</time>
      </trkpt>
      <trkpt lat="44.17637" lon="3.23022">
        <ele>802</ele>
        <time>2026-08-21T16:11:07+00:00</time>
      </trkpt>
      <trkpt lat="44.17638" lon="3.23034">
        <ele>802</ele>
        <time>2026-08-21T16:11:10+00:00</time>
      </trkpt>
      <trkpt lat="44.17644" lon="3.23054">
        <ele>804</ele>
        <time>2026-08-21T16:11:13+00:00</time>
      </trkpt>
      <trkpt lat="44.17645" lon="3.23062">
        <ele>805</ele>
        <time>2026-08-21T16:11:16+00:00</time>
      </trkpt>
      <trkpt lat="44.17644" lon="3.23069">
        <ele>805</ele>
        <time>2026-08-21T16:11:19+00:00</time>
      </trkpt>
      <trkpt lat="44.1764" lon="3.2308">
        <ele>806</ele>
        <time>2026-08-21T16:11:22+00:00</time>
      </trkpt>
      <trkpt lat="44.17634" lon="3.23085">
        <ele>807</ele>
        <time>2026-08-21T16:11:25+00:00</time>
      </trkpt>
      <trkpt lat="44.17628" lon="3.23089">
        <ele>807</ele>
        <time>2026-08-21T16:11:28+00:00</time>
      </trkpt>
      <trkpt lat="44.17625" lon="3.23092">
        <ele>809</ele>
        <time>2026-08-21T16:11:31+00:00</time>
      </trkpt>
      <trkpt lat="44.17624" lon="3.23094">
        <ele>809</ele>
        <time>2026-08-21T16:11:34+00:00</time>
      </trkpt>
      <trkpt lat="44.17604" lon="3.23114">
        <ele>812</ele>
        <time>2026-08-21T16:11:37+00:00</time>
      </trkpt>
      <trkpt lat="44.17602" lon="3.23116">
        <ele>812</ele>
        <time>2026-08-21T16:11:40+00:00</time>
      </trkpt>
      <trkpt lat="44.17599" lon="3.23123">
        <ele>811</ele>
        <time>2026-08-21T16:11:43+00:00</time>
      </trkpt>
      <trkpt lat="44.17598" lon="3.23129">
        <ele>811</ele>
        <time>2026-08-21T16:11:46+00:00</time>
      </trkpt>
      <trkpt lat="44.17595" lon="3.23135">
        <ele>812</ele>
        <time>2026-08-21T16:11:49+00:00</time>
      </trkpt>
      <trkpt lat="44.17592" lon="3.23149">
        <ele>812</ele>
        <time>2026-08-21T16:11:52+00:00</time>
      </trkpt>
      <trkpt lat="44.17587" lon="3.23163">
        <ele>811</ele>
        <time>2026-08-21T16:11:55+00:00</time>
      </trkpt>
      <trkpt lat="44.17587" lon="3.23172">
        <ele>813</ele>
        <time>2026-08-21T16:11:58+00:00</time>
      </trkpt>
      <trkpt lat="44.17587" lon="3.23177">
        <ele>813</ele>
        <time>2026-08-21T16:12:01+00:00</time>
      </trkpt>
      <trkpt lat="44.17586" lon="3.23181">
        <ele>814</ele>
        <time>2026-08-21T16:12:04+00:00</time>
      </trkpt>
      <trkpt lat="44.17582" lon="3.2319">
        <ele>814</ele>
        <time>2026-08-21T16:12:07+00:00</time>
      </trkpt>
      <trkpt lat="44.17575" lon="3.23202">
        <ele>815</ele>
        <time>2026-08-21T16:12:10+00:00</time>
      </trkpt>
      <trkpt lat="44.17573" lon="3.23205">
        <ele>815</ele>
        <time>2026-08-21T16:12:13+00:00</time>
      </trkpt>
      <trkpt lat="44.17572" lon="3.23208">
        <ele>815</ele>
        <time>2026-08-21T16:12:16+00:00</time>
      </trkpt>
      <trkpt lat="44.17561" lon="3.23228">
        <ele>817</ele>
        <time>2026-08-21T16:12:19+00:00</time>
      </trkpt>
      <trkpt lat="44.17559" lon="3.23233">
        <ele>816</ele>
        <time>2026-08-21T16:12:22+00:00</time>
      </trkpt>
      <trkpt lat="44.17559" lon="3.23236">
        <ele>816</ele>
        <time>2026-08-21T16:12:25+00:00</time>
      </trkpt>
      <trkpt lat="44.17557" lon="3.23239">
        <ele>816</ele>
        <time>2026-08-21T16:12:28+00:00</time>
      </trkpt>
      <trkpt lat="44.17554" lon="3.23255">
        <ele>820</ele>
        <time>2026-08-21T16:12:31+00:00</time>
      </trkpt>
      <trkpt lat="44.17555" lon="3.23257">
        <ele>820</ele>
        <time>2026-08-21T16:12:34+00:00</time>
      </trkpt>
      <trkpt lat="44.17553" lon="3.23269">
        <ele>821</ele>
        <time>2026-08-21T16:12:37+00:00</time>
      </trkpt>
      <trkpt lat="44.17552" lon="3.23276">
        <ele>822</ele>
        <time>2026-08-21T16:12:40+00:00</time>
      </trkpt>
      <trkpt lat="44.1755" lon="3.23283">
        <ele>823</ele>
        <time>2026-08-21T16:12:43+00:00</time>
      </trkpt>
      <trkpt lat="44.17549" lon="3.23295">
        <ele>824</ele>
        <time>2026-08-21T16:12:46+00:00</time>
      </trkpt>
      <trkpt lat="44.17547" lon="3.23303">
        <ele>826</ele>
        <time>2026-08-21T16:12:49+00:00</time>
      </trkpt>
      <trkpt lat="44.17543" lon="3.23312">
        <ele>827</ele>
        <time>2026-08-21T16:12:52+00:00</time>
      </trkpt>
      <trkpt lat="44.17541" lon="3.23327">
        <ele>827</ele>
        <time>2026-08-21T16:12:55+00:00</time>
      </trkpt>
      <trkpt lat="44.17539" lon="3.23335">
        <ele>826</ele>
        <time>2026-08-21T16:12:58+00:00</time>
      </trkpt>
      <trkpt lat="44.17539" lon="3.23343">
        <ele>827</ele>
        <time>2026-08-21T16:13:01+00:00</time>
      </trkpt>
      <trkpt lat="44.17535" lon="3.23355">
        <ele>828</ele>
        <time>2026-08-21T16:13:04+00:00</time>
      </trkpt>
      <trkpt lat="44.17534" lon="3.2336">
        <ele>828</ele>
        <time>2026-08-21T16:13:07+00:00</time>
      </trkpt>
      <trkpt lat="44.17531" lon="3.23367">
        <ele>829</ele>
        <time>2026-08-21T16:13:10+00:00</time>
      </trkpt>
      <trkpt lat="44.17529" lon="3.23377">
        <ele>830</ele>
        <time>2026-08-21T16:13:13+00:00</time>
      </trkpt>
      <trkpt lat="44.17525" lon="3.23388">
        <ele>831</ele>
        <time>2026-08-21T16:13:16+00:00</time>
      </trkpt>
      <trkpt lat="44.17523" lon="3.23391">
        <ele>832</ele>
        <time>2026-08-21T16:13:19+00:00</time>
      </trkpt>
      <trkpt lat="44.17522" lon="3.23396">
        <ele>832</ele>
        <time>2026-08-21T16:13:22+00:00</time>
      </trkpt>
      <trkpt lat="44.17521" lon="3.23399">
        <ele>832</ele>
        <time>2026-08-21T16:13:25+00:00</time>
      </trkpt>
      <trkpt lat="44.1752" lon="3.23403">
        <ele>833</ele>
        <time>2026-08-21T16:13:28+00:00</time>
      </trkpt>
      <trkpt lat="44.1752" lon="3.23407">
        <ele>833</ele>
        <time>2026-08-21T16:13:31+00:00</time>
      </trkpt>
      <trkpt lat="44.17519" lon="3.23411">
        <ele>833</ele>
        <time>2026-08-21T16:13:34+00:00</time>
      </trkpt>
      <trkpt lat="44.17518" lon="3.23414">
        <ele>833</ele>
        <time>2026-08-21T16:13:37+00:00</time>
      </trkpt>
      <trkpt lat="44.17516" lon="3.2343">
        <ele>834</ele>
        <time>2026-08-21T16:13:40+00:00</time>
      </trkpt>
      <trkpt lat="44.17519" lon="3.23444">
        <ele>836</ele>
        <time>2026-08-21T16:13:43+00:00</time>
      </trkpt>
      <trkpt lat="44.17519" lon="3.23453">
        <ele>837</ele>
        <time>2026-08-21T16:13:46+00:00</time>
      </trkpt>
      <trkpt lat="44.17523" lon="3.23462">
        <ele>839</ele>
        <time>2026-08-21T16:13:49+00:00</time>
      </trkpt>
      <trkpt lat="44.17524" lon="3.23465">
        <ele>839</ele>
        <time>2026-08-21T16:13:52+00:00</time>
      </trkpt>
      <trkpt lat="44.17529" lon="3.23472">
        <ele>840</ele>
        <time>2026-08-21T16:13:55+00:00</time>
      </trkpt>
      <trkpt lat="44.1753" lon="3.23477">
        <ele>840</ele>
        <time>2026-08-21T16:13:58+00:00</time>
      </trkpt>
      <trkpt lat="44.1753" lon="3.23485">
        <ele>842</ele>
        <time>2026-08-21T16:14:01+00:00</time>
      </trkpt>
      <trkpt lat="44.17527" lon="3.23495">
        <ele>844</ele>
        <time>2026-08-21T16:14:04+00:00</time>
      </trkpt>
      <trkpt lat="44.17527" lon="3.23503">
        <ele>846</ele>
        <time>2026-08-21T16:14:07+00:00</time>
      </trkpt>
      <trkpt lat="44.17526" lon="3.23509">
        <ele>846</ele>
        <time>2026-08-21T16:14:10+00:00</time>
      </trkpt>
      <trkpt lat="44.17526" lon="3.23513">
        <ele>848</ele>
        <time>2026-08-21T16:14:13+00:00</time>
      </trkpt>
      <trkpt lat="44.17528" lon="3.23519">
        <ele>848</ele>
        <time>2026-08-21T16:14:16+00:00</time>
      </trkpt>
      <trkpt lat="44.17532" lon="3.23526">
        <ele>850</ele>
        <time>2026-08-21T16:14:19+00:00</time>
      </trkpt>
      <trkpt lat="44.17532" lon="3.2353">
        <ele>852</ele>
        <time>2026-08-21T16:14:22+00:00</time>
      </trkpt>
      <trkpt lat="44.17532" lon="3.23533">
        <ele>852</ele>
        <time>2026-08-21T16:14:25+00:00</time>
      </trkpt>
      <trkpt lat="44.17534" lon="3.23538">
        <ele>852</ele>
        <time>2026-08-21T16:14:28+00:00</time>
      </trkpt>
      <trkpt lat="44.17536" lon="3.23551">
        <ele>856</ele>
        <time>2026-08-21T16:14:31+00:00</time>
      </trkpt>
      <trkpt lat="44.17537" lon="3.23557">
        <ele>856</ele>
        <time>2026-08-21T16:14:34+00:00</time>
      </trkpt>
      <trkpt lat="44.17535" lon="3.2356">
        <ele>856</ele>
        <time>2026-08-21T16:14:37+00:00</time>
      </trkpt>
      <trkpt lat="44.17535" lon="3.23564">
        <ele>857</ele>
        <time>2026-08-21T16:14:40+00:00</time>
      </trkpt>
      <trkpt lat="44.17534" lon="3.23569">
        <ele>857</ele>
        <time>2026-08-21T16:14:43+00:00</time>
      </trkpt>
      <trkpt lat="44.17532" lon="3.23574">
        <ele>857</ele>
        <time>2026-08-21T16:14:46+00:00</time>
      </trkpt>
      <trkpt lat="44.17522" lon="3.23593">
        <ele>856</ele>
        <time>2026-08-21T16:14:49+00:00</time>
      </trkpt>
      <trkpt lat="44.17517" lon="3.23603">
        <ele>855</ele>
        <time>2026-08-21T16:14:52+00:00</time>
      </trkpt>
      <trkpt lat="44.17515" lon="3.23614">
        <ele>855</ele>
        <time>2026-08-21T16:14:55+00:00</time>
      </trkpt>
      <trkpt lat="44.17513" lon="3.23619">
        <ele>855</ele>
        <time>2026-08-21T16:14:58+00:00</time>
      </trkpt>
      <trkpt lat="44.17507" lon="3.23641">
        <ele>854</ele>
        <time>2026-08-21T16:15:01+00:00</time>
      </trkpt>
      <trkpt lat="44.17506" lon="3.23653">
        <ele>853</ele>
        <time>2026-08-21T16:15:04+00:00</time>
      </trkpt>
      <trkpt lat="44.17503" lon="3.23681">
        <ele>853</ele>
        <time>2026-08-21T16:15:07+00:00</time>
      </trkpt>
      <trkpt lat="44.17501" lon="3.23687">
        <ele>851</ele>
        <time>2026-08-21T16:15:10+00:00</time>
      </trkpt>
      <trkpt lat="44.17501" lon="3.23692">
        <ele>850</ele>
        <time>2026-08-21T16:15:13+00:00</time>
      </trkpt>
      <trkpt lat="44.17498" lon="3.23704">
        <ele>854</ele>
        <time>2026-08-21T16:15:16+00:00</time>
      </trkpt>
      <trkpt lat="44.17497" lon="3.2371">
        <ele>853</ele>
        <time>2026-08-21T16:15:19+00:00</time>
      </trkpt>
      <trkpt lat="44.17493" lon="3.2372">
        <ele>851</ele>
        <time>2026-08-21T16:15:22+00:00</time>
      </trkpt>
      <trkpt lat="44.17485" lon="3.23735">
        <ele>853</ele>
        <time>2026-08-21T16:15:25+00:00</time>
      </trkpt>
      <trkpt lat="44.17475" lon="3.23749">
        <ele>854</ele>
        <time>2026-08-21T16:15:28+00:00</time>
      </trkpt>
      <trkpt lat="44.17467" lon="3.23756">
        <ele>854</ele>
        <time>2026-08-21T16:15:31+00:00</time>
      </trkpt>
      <trkpt lat="44.17442" lon="3.23768">
        <ele>854</ele>
        <time>2026-08-21T16:15:34+00:00</time>
      </trkpt>
      <trkpt lat="44.17435" lon="3.23773">
        <ele>855</ele>
        <time>2026-08-21T16:15:37+00:00</time>
      </trkpt>
      <trkpt lat="44.1742" lon="3.2379">
        <ele>853</ele>
        <time>2026-08-21T16:15:40+00:00</time>
      </trkpt>
      <trkpt lat="44.17413" lon="3.238">
        <ele>853</ele>
        <time>2026-08-21T16:15:43+00:00</time>
      </trkpt>
      <trkpt lat="44.17411" lon="3.23806">
        <ele>852</ele>
        <time>2026-08-21T16:15:46+00:00</time>
      </trkpt>
      <trkpt lat="44.1741" lon="3.2381">
        <ele>853</ele>
        <time>2026-08-21T16:15:49+00:00</time>
      </trkpt>
      <trkpt lat="44.1741" lon="3.2382">
        <ele>852</ele>
        <time>2026-08-21T16:15:52+00:00</time>
      </trkpt>
      <trkpt lat="44.1741" lon="3.23826">
        <ele>851</ele>
        <time>2026-08-21T16:15:55+00:00</time>
      </trkpt>
      <trkpt lat="44.17412" lon="3.23837">
        <ele>851</ele>
        <time>2026-08-21T16:15:58+00:00</time>
      </trkpt>
      <trkpt lat="44.17413" lon="3.23848">
        <ele>852</ele>
        <time>2026-08-21T16:16:01+00:00</time>
      </trkpt>
      <trkpt lat="44.17412" lon="3.23859">
        <ele>853</ele>
        <time>2026-08-21T16:16:04+00:00</time>
      </trkpt>
      <trkpt lat="44.17412" lon="3.23894">
        <ele>853</ele>
        <time>2026-08-21T16:16:07+00:00</time>
      </trkpt>
      <trkpt lat="44.17418" lon="3.23932">
        <ele>853</ele>
        <time>2026-08-21T16:16:10+00:00</time>
      </trkpt>
      <trkpt lat="44.17419" lon="3.23943">
        <ele>853</ele>
        <time>2026-08-21T16:16:13+00:00</time>
      </trkpt>
      <trkpt lat="44.17419" lon="3.23948">
        <ele>853</ele>
        <time>2026-08-21T16:16:16+00:00</time>
      </trkpt>
      <trkpt lat="44.1742" lon="3.23959">
        <ele>853</ele>
        <time>2026-08-21T16:16:19+00:00</time>
      </trkpt>
      <trkpt lat="44.17419" lon="3.23969">
        <ele>854</ele>
        <time>2026-08-21T16:16:22+00:00</time>
      </trkpt>
      <trkpt lat="44.17415" lon="3.23983">
        <ele>854</ele>
        <time>2026-08-21T16:16:25+00:00</time>
      </trkpt>
      <trkpt lat="44.17411" lon="3.23991">
        <ele>854</ele>
        <time>2026-08-21T16:16:28+00:00</time>
      </trkpt>
      <trkpt lat="44.17404" lon="3.24011">
        <ele>854</ele>
        <time>2026-08-21T16:16:31+00:00</time>
      </trkpt>
      <trkpt lat="44.17398" lon="3.24024">
        <ele>854</ele>
        <time>2026-08-21T16:16:34+00:00</time>
      </trkpt>
      <trkpt lat="44.17392" lon="3.2403">
        <ele>854</ele>
        <time>2026-08-21T16:16:37+00:00</time>
      </trkpt>
      <trkpt lat="44.1738" lon="3.24039">
        <ele>854</ele>
        <time>2026-08-21T16:16:40+00:00</time>
      </trkpt>
      <trkpt lat="44.17374" lon="3.24043">
        <ele>854</ele>
        <time>2026-08-21T16:16:43+00:00</time>
      </trkpt>
      <trkpt lat="44.1735" lon="3.24054">
        <ele>853</ele>
        <time>2026-08-21T16:16:46+00:00</time>
      </trkpt>
      <trkpt lat="44.17331" lon="3.2407">
        <ele>853</ele>
        <time>2026-08-21T16:16:49+00:00</time>
      </trkpt>
      <trkpt lat="44.17324" lon="3.24077">
        <ele>853</ele>
        <time>2026-08-21T16:16:52+00:00</time>
      </trkpt>
      <trkpt lat="44.17313" lon="3.24084">
        <ele>853</ele>
        <time>2026-08-21T16:16:55+00:00</time>
      </trkpt>
      <trkpt lat="44.17304" lon="3.24093">
        <ele>853</ele>
        <time>2026-08-21T16:16:58+00:00</time>
      </trkpt>
      <trkpt lat="44.1729" lon="3.24108">
        <ele>853</ele>
        <time>2026-08-21T16:17:01+00:00</time>
      </trkpt>
      <trkpt lat="44.17285" lon="3.24115">
        <ele>853</ele>
        <time>2026-08-21T16:17:04+00:00</time>
      </trkpt>
      <trkpt lat="44.17282" lon="3.24118">
        <ele>853</ele>
        <time>2026-08-21T16:17:07+00:00</time>
      </trkpt>
      <trkpt lat="44.17276" lon="3.24125">
        <ele>852</ele>
        <time>2026-08-21T16:17:10+00:00</time>
      </trkpt>
      <trkpt lat="44.17271" lon="3.24132">
        <ele>853</ele>
        <time>2026-08-21T16:17:13+00:00</time>
      </trkpt>
      <trkpt lat="44.17265" lon="3.24137">
        <ele>853</ele>
        <time>2026-08-21T16:17:16+00:00</time>
      </trkpt>
      <trkpt lat="44.17258" lon="3.24142">
        <ele>853</ele>
        <time>2026-08-21T16:17:19+00:00</time>
      </trkpt>
      <trkpt lat="44.17249" lon="3.24148">
        <ele>853</ele>
        <time>2026-08-21T16:17:22+00:00</time>
      </trkpt>
      <trkpt lat="44.17245" lon="3.24148">
        <ele>853</ele>
        <time>2026-08-21T16:17:25+00:00</time>
      </trkpt>
      <trkpt lat="44.17235" lon="3.24148">
        <ele>854</ele>
        <time>2026-08-21T16:17:28+00:00</time>
      </trkpt>
      <trkpt lat="44.17229" lon="3.2415">
        <ele>854</ele>
        <time>2026-08-21T16:17:31+00:00</time>
      </trkpt>
      <trkpt lat="44.17223" lon="3.24154">
        <ele>854</ele>
        <time>2026-08-21T16:17:34+00:00</time>
      </trkpt>
      <trkpt lat="44.17209" lon="3.24166">
        <ele>855</ele>
        <time>2026-08-21T16:17:37+00:00</time>
      </trkpt>
      <trkpt lat="44.17199" lon="3.24174">
        <ele>855</ele>
        <time>2026-08-21T16:17:40+00:00</time>
      </trkpt>
      <trkpt lat="44.17192" lon="3.24176">
        <ele>855</ele>
        <time>2026-08-21T16:17:43+00:00</time>
      </trkpt>
      <trkpt lat="44.17171" lon="3.24181">
        <ele>855</ele>
        <time>2026-08-21T16:17:46+00:00</time>
      </trkpt>
      <trkpt lat="44.17161" lon="3.24185">
        <ele>855</ele>
        <time>2026-08-21T16:17:49+00:00</time>
      </trkpt>
      <trkpt lat="44.17155" lon="3.2419">
        <ele>855</ele>
        <time>2026-08-21T16:17:52+00:00</time>
      </trkpt>
      <trkpt lat="44.17142" lon="3.24206">
        <ele>856</ele>
        <time>2026-08-21T16:17:55+00:00</time>
      </trkpt>
      <trkpt lat="44.17129" lon="3.2422">
        <ele>856</ele>
        <time>2026-08-21T16:17:58+00:00</time>
      </trkpt>
      <trkpt lat="44.17126" lon="3.24223">
        <ele>856</ele>
        <time>2026-08-21T16:18:01+00:00</time>
      </trkpt>
      <trkpt lat="44.17112" lon="3.24233">
        <ele>856</ele>
        <time>2026-08-21T16:18:04+00:00</time>
      </trkpt>
      <trkpt lat="44.171" lon="3.24238">
        <ele>855</ele>
        <time>2026-08-21T16:18:07+00:00</time>
      </trkpt>
      <trkpt lat="44.17078" lon="3.2425">
        <ele>854</ele>
        <time>2026-08-21T16:18:10+00:00</time>
      </trkpt>
      <trkpt lat="44.17068" lon="3.24254">
        <ele>854</ele>
        <time>2026-08-21T16:18:13+00:00</time>
      </trkpt>
      <trkpt lat="44.17061" lon="3.24255">
        <ele>854</ele>
        <time>2026-08-21T16:18:16+00:00</time>
      </trkpt>
      <trkpt lat="44.17057" lon="3.24257">
        <ele>854</ele>
        <time>2026-08-21T16:18:19+00:00</time>
      </trkpt>
      <trkpt lat="44.17053" lon="3.24262">
        <ele>853</ele>
        <time>2026-08-21T16:18:22+00:00</time>
      </trkpt>
      <trkpt lat="44.17053" lon="3.24265">
        <ele>853</ele>
        <time>2026-08-21T16:18:25+00:00</time>
      </trkpt>
      <trkpt lat="44.17054" lon="3.24268">
        <ele>853</ele>
        <time>2026-08-21T16:18:28+00:00</time>
      </trkpt>
      <trkpt lat="44.17056" lon="3.24271">
        <ele>854</ele>
        <time>2026-08-21T16:18:31+00:00</time>
      </trkpt>
      <trkpt lat="44.17064" lon="3.24275">
        <ele>855</ele>
        <time>2026-08-21T16:18:34+00:00</time>
      </trkpt>
      <trkpt lat="44.17074" lon="3.24283">
        <ele>856</ele>
        <time>2026-08-21T16:18:37+00:00</time>
      </trkpt>
      <trkpt lat="44.17076" lon="3.24287">
        <ele>856</ele>
        <time>2026-08-21T16:18:40+00:00</time>
      </trkpt>
      <trkpt lat="44.17078" lon="3.2429">
        <ele>857</ele>
        <time>2026-08-21T16:18:43+00:00</time>
      </trkpt>
      <trkpt lat="44.17079" lon="3.24295">
        <ele>857</ele>
        <time>2026-08-21T16:18:46+00:00</time>
      </trkpt>
      <trkpt lat="44.1708" lon="3.24299">
        <ele>857</ele>
        <time>2026-08-21T16:18:49+00:00</time>
      </trkpt>
      <trkpt lat="44.17079" lon="3.24306">
        <ele>857</ele>
        <time>2026-08-21T16:18:52+00:00</time>
      </trkpt>
      <trkpt lat="44.17078" lon="3.24316">
        <ele>858</ele>
        <time>2026-08-21T16:18:55+00:00</time>
      </trkpt>
      <trkpt lat="44.17075" lon="3.24324">
        <ele>859</ele>
        <time>2026-08-21T16:18:58+00:00</time>
      </trkpt>
      <trkpt lat="44.17074" lon="3.24328">
        <ele>859</ele>
        <time>2026-08-21T16:19:01+00:00</time>
      </trkpt>
      <trkpt lat="44.17074" lon="3.24337">
        <ele>859</ele>
        <time>2026-08-21T16:19:04+00:00</time>
      </trkpt>
      <trkpt lat="44.17071" lon="3.24348">
        <ele>860</ele>
        <time>2026-08-21T16:19:07+00:00</time>
      </trkpt>
      <trkpt lat="44.1707" lon="3.24358">
        <ele>859</ele>
        <time>2026-08-21T16:19:10+00:00</time>
      </trkpt>
      <trkpt lat="44.1707" lon="3.24366">
        <ele>860</ele>
        <time>2026-08-21T16:19:13+00:00</time>
      </trkpt>
      <trkpt lat="44.17071" lon="3.2437">
        <ele>860</ele>
        <time>2026-08-21T16:19:16+00:00</time>
      </trkpt>
      <trkpt lat="44.17073" lon="3.24374">
        <ele>860</ele>
        <time>2026-08-21T16:19:19+00:00</time>
      </trkpt>
      <trkpt lat="44.17076" lon="3.24385">
        <ele>859</ele>
        <time>2026-08-21T16:19:22+00:00</time>
      </trkpt>
      <trkpt lat="44.17078" lon="3.24397">
        <ele>858</ele>
        <time>2026-08-21T16:19:25+00:00</time>
      </trkpt>
      <trkpt lat="44.17081" lon="3.24405">
        <ele>860</ele>
        <time>2026-08-21T16:19:28+00:00</time>
      </trkpt>
      <trkpt lat="44.17083" lon="3.24408">
        <ele>860</ele>
        <time>2026-08-21T16:19:31+00:00</time>
      </trkpt>
      <trkpt lat="44.17087" lon="3.24413">
        <ele>860</ele>
        <time>2026-08-21T16:19:34+00:00</time>
      </trkpt>
      <trkpt lat="44.17089" lon="3.24414">
        <ele>860</ele>
        <time>2026-08-21T16:19:37+00:00</time>
      </trkpt>
      <trkpt lat="44.17097" lon="3.24418">
        <ele>861</ele>
        <time>2026-08-21T16:19:40+00:00</time>
      </trkpt>
      <trkpt lat="44.171" lon="3.24418">
        <ele>861</ele>
        <time>2026-08-21T16:19:43+00:00</time>
      </trkpt>
      <trkpt lat="44.17102" lon="3.2442">
        <ele>861</ele>
        <time>2026-08-21T16:19:46+00:00</time>
      </trkpt>
      <trkpt lat="44.17105" lon="3.24422">
        <ele>859</ele>
        <time>2026-08-21T16:19:49+00:00</time>
      </trkpt>
      <trkpt lat="44.17111" lon="3.24431">
        <ele>860</ele>
        <time>2026-08-21T16:19:52+00:00</time>
      </trkpt>
      <trkpt lat="44.17113" lon="3.24434">
        <ele>860</ele>
        <time>2026-08-21T16:19:55+00:00</time>
      </trkpt>
      <trkpt lat="44.17114" lon="3.24436">
        <ele>860</ele>
        <time>2026-08-21T16:19:58+00:00</time>
      </trkpt>
      <trkpt lat="44.17117" lon="3.24439">
        <ele>860</ele>
        <time>2026-08-21T16:20:01+00:00</time>
      </trkpt>
      <trkpt lat="44.17121" lon="3.2444">
        <ele>859</ele>
        <time>2026-08-21T16:20:04+00:00</time>
      </trkpt>
      <trkpt lat="44.17126" lon="3.24441">
        <ele>859</ele>
        <time>2026-08-21T16:20:07+00:00</time>
      </trkpt>
      <trkpt lat="44.17138" lon="3.24437">
        <ele>861</ele>
        <time>2026-08-21T16:20:10+00:00</time>
      </trkpt>
      <trkpt lat="44.17141" lon="3.24436">
        <ele>861</ele>
        <time>2026-08-21T16:20:13+00:00</time>
      </trkpt>
      <trkpt lat="44.17155" lon="3.24437">
        <ele>861</ele>
        <time>2026-08-21T16:20:16+00:00</time>
      </trkpt>
      <trkpt lat="44.17168" lon="3.2444">
        <ele>861</ele>
        <time>2026-08-21T16:20:19+00:00</time>
      </trkpt>
      <trkpt lat="44.17171" lon="3.24441">
        <ele>860</ele>
        <time>2026-08-21T16:20:22+00:00</time>
      </trkpt>
      <trkpt lat="44.17176" lon="3.24447">
        <ele>860</ele>
        <time>2026-08-21T16:20:25+00:00</time>
      </trkpt>
      <trkpt lat="44.17182" lon="3.24453">
        <ele>859</ele>
        <time>2026-08-21T16:20:28+00:00</time>
      </trkpt>
      <trkpt lat="44.17193" lon="3.2446">
        <ele>859</ele>
        <time>2026-08-21T16:20:31+00:00</time>
      </trkpt>
      <trkpt lat="44.17199" lon="3.24466">
        <ele>858</ele>
        <time>2026-08-21T16:20:34+00:00</time>
      </trkpt>
      <trkpt lat="44.17208" lon="3.24476">
        <ele>858</ele>
        <time>2026-08-21T16:20:37+00:00</time>
      </trkpt>
      <trkpt lat="44.17219" lon="3.24481">
        <ele>857</ele>
        <time>2026-08-21T16:20:40+00:00</time>
      </trkpt>
      <trkpt lat="44.17226" lon="3.24486">
        <ele>858</ele>
        <time>2026-08-21T16:20:43+00:00</time>
      </trkpt>
      <trkpt lat="44.17232" lon="3.24493">
        <ele>857</ele>
        <time>2026-08-21T16:20:46+00:00</time>
      </trkpt>
      <trkpt lat="44.17235" lon="3.24502">
        <ele>857</ele>
        <time>2026-08-21T16:20:49+00:00</time>
      </trkpt>
      <trkpt lat="44.17242" lon="3.24525">
        <ele>855</ele>
        <time>2026-08-21T16:20:52+00:00</time>
      </trkpt>
      <trkpt lat="44.17244" lon="3.2453">
        <ele>855</ele>
        <time>2026-08-21T16:20:55+00:00</time>
      </trkpt>
      <trkpt lat="44.17249" lon="3.24538">
        <ele>855</ele>
        <time>2026-08-21T16:20:58+00:00</time>
      </trkpt>
      <trkpt lat="44.17258" lon="3.24553">
        <ele>855</ele>
        <time>2026-08-21T16:21:01+00:00</time>
      </trkpt>
      <trkpt lat="44.17265" lon="3.24569">
        <ele>856</ele>
        <time>2026-08-21T16:21:04+00:00</time>
      </trkpt>
      <trkpt lat="44.17265" lon="3.24576">
        <ele>856</ele>
        <time>2026-08-21T16:21:07+00:00</time>
      </trkpt>
      <trkpt lat="44.17263" lon="3.24584">
        <ele>854</ele>
        <time>2026-08-21T16:21:10+00:00</time>
      </trkpt>
      <trkpt lat="44.17262" lon="3.24592">
        <ele>856</ele>
        <time>2026-08-21T16:21:13+00:00</time>
      </trkpt>
      <trkpt lat="44.17261" lon="3.24599">
        <ele>856</ele>
        <time>2026-08-21T16:21:16+00:00</time>
      </trkpt>
      <trkpt lat="44.17258" lon="3.24606">
        <ele>854</ele>
        <time>2026-08-21T16:21:19+00:00</time>
      </trkpt>
      <trkpt lat="44.17252" lon="3.24623">
        <ele>854</ele>
        <time>2026-08-21T16:21:22+00:00</time>
      </trkpt>
      <trkpt lat="44.17251" lon="3.24627">
        <ele>853</ele>
        <time>2026-08-21T16:21:25+00:00</time>
      </trkpt>
      <trkpt lat="44.17251" lon="3.2464">
        <ele>853</ele>
        <time>2026-08-21T16:21:28+00:00</time>
      </trkpt>
      <trkpt lat="44.17262" lon="3.2466">
        <ele>855</ele>
        <time>2026-08-21T16:21:31+00:00</time>
      </trkpt>
      <trkpt lat="44.17264" lon="3.24668">
        <ele>855</ele>
        <time>2026-08-21T16:21:34+00:00</time>
      </trkpt>
      <trkpt lat="44.17266" lon="3.24681">
        <ele>855</ele>
        <time>2026-08-21T16:21:37+00:00</time>
      </trkpt>
      <trkpt lat="44.17267" lon="3.24686">
        <ele>855</ele>
        <time>2026-08-21T16:21:40+00:00</time>
      </trkpt>
      <trkpt lat="44.17269" lon="3.24689">
        <ele>855</ele>
        <time>2026-08-21T16:21:43+00:00</time>
      </trkpt>
      <trkpt lat="44.17272" lon="3.24691">
        <ele>856</ele>
        <time>2026-08-21T16:21:46+00:00</time>
      </trkpt>
      <trkpt lat="44.17275" lon="3.24693">
        <ele>856</ele>
        <time>2026-08-21T16:21:49+00:00</time>
      </trkpt>
      <trkpt lat="44.1728" lon="3.24689">
        <ele>857</ele>
        <time>2026-08-21T16:21:52+00:00</time>
      </trkpt>
      <trkpt lat="44.17282" lon="3.24687">
        <ele>857</ele>
        <time>2026-08-21T16:21:55+00:00</time>
      </trkpt>
      <trkpt lat="44.17283" lon="3.24684">
        <ele>857</ele>
        <time>2026-08-21T16:21:58+00:00</time>
      </trkpt>
      <trkpt lat="44.17284" lon="3.24686">
        <ele>855</ele>
        <time>2026-08-21T16:22:01+00:00</time>
      </trkpt>
      <trkpt lat="44.17287" lon="3.24693">
        <ele>857</ele>
        <time>2026-08-21T16:22:04+00:00</time>
      </trkpt>
      <trkpt lat="44.17288" lon="3.24697">
        <ele>857</ele>
        <time>2026-08-21T16:22:07+00:00</time>
      </trkpt>
      <trkpt lat="44.17284" lon="3.24707">
        <ele>856</ele>
        <time>2026-08-21T16:22:10+00:00</time>
      </trkpt>
      <trkpt lat="44.17277" lon="3.24716">
        <ele>855</ele>
        <time>2026-08-21T16:22:13+00:00</time>
      </trkpt>
      <trkpt lat="44.17271" lon="3.2473">
        <ele>855</ele>
        <time>2026-08-21T16:22:16+00:00</time>
      </trkpt>
      <trkpt lat="44.17269" lon="3.24735">
        <ele>855</ele>
        <time>2026-08-21T16:22:19+00:00</time>
      </trkpt>
      <trkpt lat="44.17267" lon="3.24746">
        <ele>855</ele>
        <time>2026-08-21T16:22:22+00:00</time>
      </trkpt>
      <trkpt lat="44.17267" lon="3.24757">
        <ele>855</ele>
        <time>2026-08-21T16:22:25+00:00</time>
      </trkpt>
      <trkpt lat="44.17268" lon="3.24772">
        <ele>855</ele>
        <time>2026-08-21T16:22:28+00:00</time>
      </trkpt>
      <trkpt lat="44.17264" lon="3.24795">
        <ele>855</ele>
        <time>2026-08-21T16:22:31+00:00</time>
      </trkpt>
      <trkpt lat="44.17263" lon="3.24799">
        <ele>855</ele>
        <time>2026-08-21T16:22:34+00:00</time>
      </trkpt>
      <trkpt lat="44.1726" lon="3.24803">
        <ele>856</ele>
        <time>2026-08-21T16:22:37+00:00</time>
      </trkpt>
      <trkpt lat="44.17258" lon="3.24805">
        <ele>855</ele>
        <time>2026-08-21T16:22:40+00:00</time>
      </trkpt>
      <trkpt lat="44.17254" lon="3.24805">
        <ele>855</ele>
        <time>2026-08-21T16:22:43+00:00</time>
      </trkpt>
      <trkpt lat="44.17246" lon="3.24806">
        <ele>855</ele>
        <time>2026-08-21T16:22:46+00:00</time>
      </trkpt>
      <trkpt lat="44.17232" lon="3.24809">
        <ele>855</ele>
        <time>2026-08-21T16:22:49+00:00</time>
      </trkpt>
      <trkpt lat="44.17222" lon="3.24813">
        <ele>855</ele>
        <time>2026-08-21T16:22:52+00:00</time>
      </trkpt>
      <trkpt lat="44.17219" lon="3.24816">
        <ele>855</ele>
        <time>2026-08-21T16:22:55+00:00</time>
      </trkpt>
      <trkpt lat="44.17205" lon="3.24834">
        <ele>856</ele>
        <time>2026-08-21T16:22:58+00:00</time>
      </trkpt>
      <trkpt lat="44.17193" lon="3.24852">
        <ele>857</ele>
        <time>2026-08-21T16:23:01+00:00</time>
      </trkpt>
      <trkpt lat="44.17187" lon="3.24859">
        <ele>857</ele>
        <time>2026-08-21T16:23:04+00:00</time>
      </trkpt>
      <trkpt lat="44.17184" lon="3.24867">
        <ele>857</ele>
        <time>2026-08-21T16:23:07+00:00</time>
      </trkpt>
      <trkpt lat="44.1718" lon="3.24876">
        <ele>858</ele>
        <time>2026-08-21T16:23:10+00:00</time>
      </trkpt>
      <trkpt lat="44.17178" lon="3.24885">
        <ele>859</ele>
        <time>2026-08-21T16:23:13+00:00</time>
      </trkpt>
      <trkpt lat="44.17177" lon="3.24894">
        <ele>859</ele>
        <time>2026-08-21T16:23:16+00:00</time>
      </trkpt>
      <trkpt lat="44.17173" lon="3.249">
        <ele>859</ele>
        <time>2026-08-21T16:23:19+00:00</time>
      </trkpt>
      <trkpt lat="44.1717" lon="3.24902">
        <ele>860</ele>
        <time>2026-08-21T16:23:22+00:00</time>
      </trkpt>
      <trkpt lat="44.17166" lon="3.24902">
        <ele>860</ele>
        <time>2026-08-21T16:23:25+00:00</time>
      </trkpt>
      <trkpt lat="44.17162" lon="3.24901">
        <ele>860</ele>
        <time>2026-08-21T16:23:28+00:00</time>
      </trkpt>
      <trkpt lat="44.17155" lon="3.24897">
        <ele>860</ele>
        <time>2026-08-21T16:23:31+00:00</time>
      </trkpt>
      <trkpt lat="44.17148" lon="3.24892">
        <ele>860</ele>
        <time>2026-08-21T16:23:34+00:00</time>
      </trkpt>
      <trkpt lat="44.17134" lon="3.24884">
        <ele>861</ele>
        <time>2026-08-21T16:23:37+00:00</time>
      </trkpt>
      <trkpt lat="44.1713" lon="3.24882">
        <ele>859</ele>
        <time>2026-08-21T16:23:40+00:00</time>
      </trkpt>
      <trkpt lat="44.17125" lon="3.24874">
        <ele>861</ele>
        <time>2026-08-21T16:23:43+00:00</time>
      </trkpt>
      <trkpt lat="44.17123" lon="3.2487">
        <ele>861</ele>
        <time>2026-08-21T16:23:46+00:00</time>
      </trkpt>
      <trkpt lat="44.17112" lon="3.24856">
        <ele>859</ele>
        <time>2026-08-21T16:23:49+00:00</time>
      </trkpt>
      <trkpt lat="44.17106" lon="3.2485">
        <ele>860</ele>
        <time>2026-08-21T16:23:52+00:00</time>
      </trkpt>
      <trkpt lat="44.17103" lon="3.24847">
        <ele>859</ele>
        <time>2026-08-21T16:23:55+00:00</time>
      </trkpt>
      <trkpt lat="44.171" lon="3.24844">
        <ele>859</ele>
        <time>2026-08-21T16:23:58+00:00</time>
      </trkpt>
      <trkpt lat="44.17094" lon="3.24839">
        <ele>859</ele>
        <time>2026-08-21T16:24:01+00:00</time>
      </trkpt>
      <trkpt lat="44.17088" lon="3.24836">
        <ele>860</ele>
        <time>2026-08-21T16:24:04+00:00</time>
      </trkpt>
      <trkpt lat="44.17072" lon="3.24834">
        <ele>862</ele>
        <time>2026-08-21T16:24:07+00:00</time>
      </trkpt>
      <trkpt lat="44.17067" lon="3.24834">
        <ele>862</ele>
        <time>2026-08-21T16:24:10+00:00</time>
      </trkpt>
      <trkpt lat="44.17055" lon="3.24837">
        <ele>863</ele>
        <time>2026-08-21T16:24:13+00:00</time>
      </trkpt>
      <trkpt lat="44.1705" lon="3.24837">
        <ele>864</ele>
        <time>2026-08-21T16:24:16+00:00</time>
      </trkpt>
      <trkpt lat="44.1703" lon="3.24833">
        <ele>865</ele>
        <time>2026-08-21T16:24:19+00:00</time>
      </trkpt>
      <trkpt lat="44.17014" lon="3.24835">
        <ele>867</ele>
        <time>2026-08-21T16:24:22+00:00</time>
      </trkpt>
      <trkpt lat="44.17009" lon="3.24837">
        <ele>867</ele>
        <time>2026-08-21T16:24:25+00:00</time>
      </trkpt>
      <trkpt lat="44.17004" lon="3.24841">
        <ele>868</ele>
        <time>2026-08-21T16:24:28+00:00</time>
      </trkpt>
      <trkpt lat="44.17001" lon="3.24849">
        <ele>868</ele>
        <time>2026-08-21T16:24:31+00:00</time>
      </trkpt>
      <trkpt lat="44.16999" lon="3.24869">
        <ele>870</ele>
        <time>2026-08-21T16:24:34+00:00</time>
      </trkpt>
      <trkpt lat="44.16995" lon="3.24878">
        <ele>872</ele>
        <time>2026-08-21T16:24:37+00:00</time>
      </trkpt>
      <trkpt lat="44.16993" lon="3.24881">
        <ele>873</ele>
        <time>2026-08-21T16:24:40+00:00</time>
      </trkpt>
      <trkpt lat="44.16989" lon="3.24886">
        <ele>873</ele>
        <time>2026-08-21T16:24:43+00:00</time>
      </trkpt>
      <trkpt lat="44.16985" lon="3.24888">
        <ele>873</ele>
        <time>2026-08-21T16:24:46+00:00</time>
      </trkpt>
      <trkpt lat="44.16981" lon="3.24888">
        <ele>873</ele>
        <time>2026-08-21T16:24:49+00:00</time>
      </trkpt>
      <trkpt lat="44.16974" lon="3.24887">
        <ele>873</ele>
        <time>2026-08-21T16:24:52+00:00</time>
      </trkpt>
      <trkpt lat="44.16964" lon="3.24883">
        <ele>873</ele>
        <time>2026-08-21T16:24:55+00:00</time>
      </trkpt>
      <trkpt lat="44.16958" lon="3.24882">
        <ele>873</ele>
        <time>2026-08-21T16:24:58+00:00</time>
      </trkpt>
      <trkpt lat="44.16943" lon="3.24881">
        <ele>873</ele>
        <time>2026-08-21T16:25:01+00:00</time>
      </trkpt>
      <trkpt lat="44.16932" lon="3.24881">
        <ele>873</ele>
        <time>2026-08-21T16:25:04+00:00</time>
      </trkpt>
      <trkpt lat="44.16925" lon="3.2488">
        <ele>873</ele>
        <time>2026-08-21T16:25:07+00:00</time>
      </trkpt>
      <trkpt lat="44.16919" lon="3.24876">
        <ele>872</ele>
        <time>2026-08-21T16:25:10+00:00</time>
      </trkpt>
      <trkpt lat="44.1691" lon="3.24867">
        <ele>870</ele>
        <time>2026-08-21T16:25:13+00:00</time>
      </trkpt>
      <trkpt lat="44.16897" lon="3.24851">
        <ele>868</ele>
        <time>2026-08-21T16:25:16+00:00</time>
      </trkpt>
      <trkpt lat="44.16892" lon="3.24845">
        <ele>868</ele>
        <time>2026-08-21T16:25:19+00:00</time>
      </trkpt>
      <trkpt lat="44.16886" lon="3.24836">
        <ele>867</ele>
        <time>2026-08-21T16:25:22+00:00</time>
      </trkpt>
      <trkpt lat="44.16877" lon="3.24827">
        <ele>866</ele>
        <time>2026-08-21T16:25:25+00:00</time>
      </trkpt>
      <trkpt lat="44.16869" lon="3.24821">
        <ele>865</ele>
        <time>2026-08-21T16:25:28+00:00</time>
      </trkpt>
      <trkpt lat="44.16859" lon="3.24811">
        <ele>864</ele>
        <time>2026-08-21T16:25:31+00:00</time>
      </trkpt>
      <trkpt lat="44.16852" lon="3.24807">
        <ele>863</ele>
        <time>2026-08-21T16:25:34+00:00</time>
      </trkpt>
      <trkpt lat="44.16837" lon="3.24808">
        <ele>862</ele>
        <time>2026-08-21T16:25:37+00:00</time>
      </trkpt>
      <trkpt lat="44.16826" lon="3.24805">
        <ele>862</ele>
        <time>2026-08-21T16:25:40+00:00</time>
      </trkpt>
      <trkpt lat="44.16822" lon="3.24801">
        <ele>862</ele>
        <time>2026-08-21T16:25:43+00:00</time>
      </trkpt>
      <trkpt lat="44.1682" lon="3.24798">
        <ele>861</ele>
        <time>2026-08-21T16:25:46+00:00</time>
      </trkpt>
      <trkpt lat="44.16818" lon="3.24792">
        <ele>861</ele>
        <time>2026-08-21T16:25:49+00:00</time>
      </trkpt>
      <trkpt lat="44.16818" lon="3.24787">
        <ele>861</ele>
        <time>2026-08-21T16:25:52+00:00</time>
      </trkpt>
      <trkpt lat="44.16816" lon="3.24776">
        <ele>860</ele>
        <time>2026-08-21T16:25:55+00:00</time>
      </trkpt>
      <trkpt lat="44.16807" lon="3.24757">
        <ele>859</ele>
        <time>2026-08-21T16:25:58+00:00</time>
      </trkpt>
      <trkpt lat="44.16796" lon="3.24723">
        <ele>858</ele>
        <time>2026-08-21T16:26:01+00:00</time>
      </trkpt>
      <trkpt lat="44.16796" lon="3.24709">
        <ele>857</ele>
        <time>2026-08-21T16:26:04+00:00</time>
      </trkpt>
      <trkpt lat="44.16797" lon="3.24698">
        <ele>857</ele>
        <time>2026-08-21T16:26:07+00:00</time>
      </trkpt>
      <trkpt lat="44.16798" lon="3.24692">
        <ele>857</ele>
        <time>2026-08-21T16:26:10+00:00</time>
      </trkpt>
      <trkpt lat="44.16799" lon="3.24682">
        <ele>856</ele>
        <time>2026-08-21T16:26:13+00:00</time>
      </trkpt>
      <trkpt lat="44.168" lon="3.24677">
        <ele>856</ele>
        <time>2026-08-21T16:26:16+00:00</time>
      </trkpt>
      <trkpt lat="44.16801" lon="3.24672">
        <ele>856</ele>
        <time>2026-08-21T16:26:19+00:00</time>
      </trkpt>
      <trkpt lat="44.168" lon="3.24661">
        <ele>855</ele>
        <time>2026-08-21T16:26:22+00:00</time>
      </trkpt>
      <trkpt lat="44.16797" lon="3.24645">
        <ele>854</ele>
        <time>2026-08-21T16:26:25+00:00</time>
      </trkpt>
      <trkpt lat="44.16795" lon="3.24628">
        <ele>852</ele>
        <time>2026-08-21T16:26:28+00:00</time>
      </trkpt>
      <trkpt lat="44.16794" lon="3.24624">
        <ele>852</ele>
        <time>2026-08-21T16:26:31+00:00</time>
      </trkpt>
      <trkpt lat="44.16782" lon="3.24597">
        <ele>850</ele>
        <time>2026-08-21T16:26:34+00:00</time>
      </trkpt>
      <trkpt lat="44.16776" lon="3.2458">
        <ele>849</ele>
        <time>2026-08-21T16:26:37+00:00</time>
      </trkpt>
      <trkpt lat="44.16775" lon="3.24574">
        <ele>849</ele>
        <time>2026-08-21T16:26:40+00:00</time>
      </trkpt>
      <trkpt lat="44.16768" lon="3.24543">
        <ele>850</ele>
        <time>2026-08-21T16:26:43+00:00</time>
      </trkpt>
      <trkpt lat="44.16765" lon="3.24533">
        <ele>849</ele>
        <time>2026-08-21T16:26:46+00:00</time>
      </trkpt>
      <trkpt lat="44.16764" lon="3.24528">
        <ele>848</ele>
        <time>2026-08-21T16:26:49+00:00</time>
      </trkpt>
      <trkpt lat="44.16761" lon="3.24518">
        <ele>847</ele>
        <time>2026-08-21T16:26:52+00:00</time>
      </trkpt>
      <trkpt lat="44.16759" lon="3.24509">
        <ele>848</ele>
        <time>2026-08-21T16:26:55+00:00</time>
      </trkpt>
      <trkpt lat="44.16758" lon="3.24493">
        <ele>847</ele>
        <time>2026-08-21T16:26:58+00:00</time>
      </trkpt>
      <trkpt lat="44.16757" lon="3.24485">
        <ele>846</ele>
        <time>2026-08-21T16:27:01+00:00</time>
      </trkpt>
      <trkpt lat="44.16754" lon="3.24461">
        <ele>844</ele>
        <time>2026-08-21T16:27:04+00:00</time>
      </trkpt>
      <trkpt lat="44.16753" lon="3.24452">
        <ele>843</ele>
        <time>2026-08-21T16:27:07+00:00</time>
      </trkpt>
      <trkpt lat="44.16751" lon="3.24448">
        <ele>842</ele>
        <time>2026-08-21T16:27:10+00:00</time>
      </trkpt>
      <trkpt lat="44.16749" lon="3.24438">
        <ele>842</ele>
        <time>2026-08-21T16:27:13+00:00</time>
      </trkpt>
      <trkpt lat="44.16747" lon="3.2442">
        <ele>842</ele>
        <time>2026-08-21T16:27:16+00:00</time>
      </trkpt>
      <trkpt lat="44.16744" lon="3.24407">
        <ele>841</ele>
        <time>2026-08-21T16:27:19+00:00</time>
      </trkpt>
      <trkpt lat="44.16739" lon="3.24393">
        <ele>842</ele>
        <time>2026-08-21T16:27:22+00:00</time>
      </trkpt>
      <trkpt lat="44.16729" lon="3.24383">
        <ele>842</ele>
        <time>2026-08-21T16:27:25+00:00</time>
      </trkpt>
      <trkpt lat="44.16717" lon="3.24375">
        <ele>842</ele>
        <time>2026-08-21T16:27:28+00:00</time>
      </trkpt>
      <trkpt lat="44.16714" lon="3.24371">
        <ele>842</ele>
        <time>2026-08-21T16:27:31+00:00</time>
      </trkpt>
      <trkpt lat="44.16708" lon="3.24364">
        <ele>843</ele>
        <time>2026-08-21T16:27:34+00:00</time>
      </trkpt>
      <trkpt lat="44.16699" lon="3.24354">
        <ele>842</ele>
        <time>2026-08-21T16:27:37+00:00</time>
      </trkpt>
      <trkpt lat="44.16699" lon="3.24344">
        <ele>841</ele>
        <time>2026-08-21T16:27:40+00:00</time>
      </trkpt>
      <trkpt lat="44.167" lon="3.24339">
        <ele>839</ele>
        <time>2026-08-21T16:27:43+00:00</time>
      </trkpt>
      <trkpt lat="44.16702" lon="3.24333">
        <ele>839</ele>
        <time>2026-08-21T16:27:46+00:00</time>
      </trkpt>
      <trkpt lat="44.16705" lon="3.24322">
        <ele>837</ele>
        <time>2026-08-21T16:27:49+00:00</time>
      </trkpt>
      <trkpt lat="44.16706" lon="3.24316">
        <ele>833</ele>
        <time>2026-08-21T16:27:52+00:00</time>
      </trkpt>
      <trkpt lat="44.16707" lon="3.2431">
        <ele>831</ele>
        <time>2026-08-21T16:27:55+00:00</time>
      </trkpt>
      <trkpt lat="44.16708" lon="3.24288">
        <ele>826</ele>
        <time>2026-08-21T16:27:58+00:00</time>
      </trkpt>
      <trkpt lat="44.16713" lon="3.24274">
        <ele>824</ele>
        <time>2026-08-21T16:28:01+00:00</time>
      </trkpt>
      <trkpt lat="44.16717" lon="3.24261">
        <ele>822</ele>
        <time>2026-08-21T16:28:04+00:00</time>
      </trkpt>
      <trkpt lat="44.16717" lon="3.24258">
        <ele>818</ele>
        <time>2026-08-21T16:28:07+00:00</time>
      </trkpt>
      <trkpt lat="44.16716" lon="3.24255">
        <ele>818</ele>
        <time>2026-08-21T16:28:10+00:00</time>
      </trkpt>
      <trkpt lat="44.16711" lon="3.24249">
        <ele>816</ele>
        <time>2026-08-21T16:28:13+00:00</time>
      </trkpt>
      <trkpt lat="44.16707" lon="3.24248">
        <ele>816</ele>
        <time>2026-08-21T16:28:16+00:00</time>
      </trkpt>
      <trkpt lat="44.1669" lon="3.24245">
        <ele>816</ele>
        <time>2026-08-21T16:28:19+00:00</time>
      </trkpt>
      <trkpt lat="44.16687" lon="3.24242">
        <ele>816</ele>
        <time>2026-08-21T16:28:22+00:00</time>
      </trkpt>
      <trkpt lat="44.16686" lon="3.24237">
        <ele>814</ele>
        <time>2026-08-21T16:28:25+00:00</time>
      </trkpt>
      <trkpt lat="44.16687" lon="3.24228">
        <ele>812</ele>
        <time>2026-08-21T16:28:28+00:00</time>
      </trkpt>
      <trkpt lat="44.16688" lon="3.24224">
        <ele>812</ele>
        <time>2026-08-21T16:28:31+00:00</time>
      </trkpt>
      <trkpt lat="44.16693" lon="3.24211">
        <ele>811</ele>
        <time>2026-08-21T16:28:34+00:00</time>
      </trkpt>
      <trkpt lat="44.16694" lon="3.24207">
        <ele>809</ele>
        <time>2026-08-21T16:28:37+00:00</time>
      </trkpt>
      <trkpt lat="44.16692" lon="3.24204">
        <ele>809</ele>
        <time>2026-08-21T16:28:40+00:00</time>
      </trkpt>
      <trkpt lat="44.16691" lon="3.24202">
        <ele>809</ele>
        <time>2026-08-21T16:28:43+00:00</time>
      </trkpt>
      <trkpt lat="44.16687" lon="3.24202">
        <ele>810</ele>
        <time>2026-08-21T16:28:46+00:00</time>
      </trkpt>
      <trkpt lat="44.16683" lon="3.24205">
        <ele>810</ele>
        <time>2026-08-21T16:28:49+00:00</time>
      </trkpt>
      <trkpt lat="44.1668" lon="3.24209">
        <ele>811</ele>
        <time>2026-08-21T16:28:52+00:00</time>
      </trkpt>
      <trkpt lat="44.1667" lon="3.24223">
        <ele>812</ele>
        <time>2026-08-21T16:28:55+00:00</time>
      </trkpt>
      <trkpt lat="44.16667" lon="3.24226">
        <ele>812</ele>
        <time>2026-08-21T16:28:58+00:00</time>
      </trkpt>
      <trkpt lat="44.16664" lon="3.24228">
        <ele>812</ele>
        <time>2026-08-21T16:29:01+00:00</time>
      </trkpt>
      <trkpt lat="44.1666" lon="3.24229">
        <ele>812</ele>
        <time>2026-08-21T16:29:04+00:00</time>
      </trkpt>
      <trkpt lat="44.16649" lon="3.24228">
        <ele>813</ele>
        <time>2026-08-21T16:29:07+00:00</time>
      </trkpt>
      <trkpt lat="44.16642" lon="3.24221">
        <ele>811</ele>
        <time>2026-08-21T16:29:10+00:00</time>
      </trkpt>
      <trkpt lat="44.1664" lon="3.24217">
        <ele>812</ele>
        <time>2026-08-21T16:29:13+00:00</time>
      </trkpt>
      <trkpt lat="44.16639" lon="3.24213">
        <ele>813</ele>
        <time>2026-08-21T16:29:16+00:00</time>
      </trkpt>
      <trkpt lat="44.16639" lon="3.24207">
        <ele>812</ele>
        <time>2026-08-21T16:29:19+00:00</time>
      </trkpt>
      <trkpt lat="44.1664" lon="3.24202">
        <ele>812</ele>
        <time>2026-08-21T16:29:22+00:00</time>
      </trkpt>
      <trkpt lat="44.16645" lon="3.24187">
        <ele>810</ele>
        <time>2026-08-21T16:29:25+00:00</time>
      </trkpt>
      <trkpt lat="44.16647" lon="3.24184">
        <ele>810</ele>
        <time>2026-08-21T16:29:28+00:00</time>
      </trkpt>
      <trkpt lat="44.16654" lon="3.24166">
        <ele>807</ele>
        <time>2026-08-21T16:29:31+00:00</time>
      </trkpt>
      <trkpt lat="44.16659" lon="3.24159">
        <ele>806</ele>
        <time>2026-08-21T16:29:34+00:00</time>
      </trkpt>
      <trkpt lat="44.16659" lon="3.2415">
        <ele>805</ele>
        <time>2026-08-21T16:29:37+00:00</time>
      </trkpt>
      <trkpt lat="44.1666" lon="3.24145">
        <ele>805</ele>
        <time>2026-08-21T16:29:40+00:00</time>
      </trkpt>
      <trkpt lat="44.16663" lon="3.24135">
        <ele>803</ele>
        <time>2026-08-21T16:29:43+00:00</time>
      </trkpt>
      <trkpt lat="44.16667" lon="3.24124">
        <ele>803</ele>
        <time>2026-08-21T16:29:46+00:00</time>
      </trkpt>
      <trkpt lat="44.16668" lon="3.24117">
        <ele>802</ele>
        <time>2026-08-21T16:29:49+00:00</time>
      </trkpt>
      <trkpt lat="44.16672" lon="3.24114">
        <ele>802</ele>
        <time>2026-08-21T16:29:52+00:00</time>
      </trkpt>
      <trkpt lat="44.16687" lon="3.24112">
        <ele>801</ele>
        <time>2026-08-21T16:29:55+00:00</time>
      </trkpt>
      <trkpt lat="44.16695" lon="3.24116">
        <ele>801</ele>
        <time>2026-08-21T16:29:58+00:00</time>
      </trkpt>
      <trkpt lat="44.16703" lon="3.24125">
        <ele>801</ele>
        <time>2026-08-21T16:30:01+00:00</time>
      </trkpt>
      <trkpt lat="44.16705" lon="3.24126">
        <ele>801</ele>
        <time>2026-08-21T16:30:04+00:00</time>
      </trkpt>
      <trkpt lat="44.16707" lon="3.24127">
        <ele>801</ele>
        <time>2026-08-21T16:30:07+00:00</time>
      </trkpt>
      <trkpt lat="44.16709" lon="3.24126">
        <ele>801</ele>
        <time>2026-08-21T16:30:10+00:00</time>
      </trkpt>
      <trkpt lat="44.16711" lon="3.24125">
        <ele>801</ele>
        <time>2026-08-21T16:30:13+00:00</time>
      </trkpt>
      <trkpt lat="44.16711" lon="3.2412">
        <ele>801</ele>
        <time>2026-08-21T16:30:16+00:00</time>
      </trkpt>
      <trkpt lat="44.16709" lon="3.24114">
        <ele>801</ele>
        <time>2026-08-21T16:30:19+00:00</time>
      </trkpt>
      <trkpt lat="44.16706" lon="3.24108">
        <ele>801</ele>
        <time>2026-08-21T16:30:22+00:00</time>
      </trkpt>
      <trkpt lat="44.16695" lon="3.24092">
        <ele>801</ele>
        <time>2026-08-21T16:30:25+00:00</time>
      </trkpt>
      <trkpt lat="44.16689" lon="3.24086">
        <ele>801</ele>
        <time>2026-08-21T16:30:28+00:00</time>
      </trkpt>
      <trkpt lat="44.16684" lon="3.24084">
        <ele>801</ele>
        <time>2026-08-21T16:30:31+00:00</time>
      </trkpt>
      <trkpt lat="44.16678" lon="3.24079">
        <ele>800</ele>
        <time>2026-08-21T16:30:34+00:00</time>
      </trkpt>
      <trkpt lat="44.16674" lon="3.24071">
        <ele>800</ele>
        <time>2026-08-21T16:30:37+00:00</time>
      </trkpt>
      <trkpt lat="44.16662" lon="3.24056">
        <ele>800</ele>
        <time>2026-08-21T16:30:40+00:00</time>
      </trkpt>
      <trkpt lat="44.16658" lon="3.24046">
        <ele>799</ele>
        <time>2026-08-21T16:30:43+00:00</time>
      </trkpt>
      <trkpt lat="44.16657" lon="3.24042">
        <ele>799</ele>
        <time>2026-08-21T16:30:46+00:00</time>
      </trkpt>
      <trkpt lat="44.16656" lon="3.24036">
        <ele>799</ele>
        <time>2026-08-21T16:30:49+00:00</time>
      </trkpt>
      <trkpt lat="44.16656" lon="3.24029">
        <ele>799</ele>
        <time>2026-08-21T16:30:52+00:00</time>
      </trkpt>
      <trkpt lat="44.16659" lon="3.24014">
        <ele>798</ele>
        <time>2026-08-21T16:30:55+00:00</time>
      </trkpt>
      <trkpt lat="44.1666" lon="3.23995">
        <ele>797</ele>
        <time>2026-08-21T16:30:58+00:00</time>
      </trkpt>
      <trkpt lat="44.16663" lon="3.2398">
        <ele>797</ele>
        <time>2026-08-21T16:31:01+00:00</time>
      </trkpt>
      <trkpt lat="44.16663" lon="3.23969">
        <ele>797</ele>
        <time>2026-08-21T16:31:04+00:00</time>
      </trkpt>
      <trkpt lat="44.1666" lon="3.23959">
        <ele>797</ele>
        <time>2026-08-21T16:31:07+00:00</time>
      </trkpt>
      <trkpt lat="44.16657" lon="3.2395">
        <ele>797</ele>
        <time>2026-08-21T16:31:10+00:00</time>
      </trkpt>
      <trkpt lat="44.16656" lon="3.23945">
        <ele>797</ele>
        <time>2026-08-21T16:31:13+00:00</time>
      </trkpt>
      <trkpt lat="44.16657" lon="3.23938">
        <ele>797</ele>
        <time>2026-08-21T16:31:16+00:00</time>
      </trkpt>
      <trkpt lat="44.16659" lon="3.2393">
        <ele>797</ele>
        <time>2026-08-21T16:31:19+00:00</time>
      </trkpt>
      <trkpt lat="44.1666" lon="3.23923">
        <ele>796</ele>
        <time>2026-08-21T16:31:22+00:00</time>
      </trkpt>
      <trkpt lat="44.1666" lon="3.23918">
        <ele>797</ele>
        <time>2026-08-21T16:31:25+00:00</time>
      </trkpt>
      <trkpt lat="44.16657" lon="3.23908">
        <ele>797</ele>
        <time>2026-08-21T16:31:28+00:00</time>
      </trkpt>
      <trkpt lat="44.16654" lon="3.23904">
        <ele>797</ele>
        <time>2026-08-21T16:31:31+00:00</time>
      </trkpt>
      <trkpt lat="44.16646" lon="3.2389">
        <ele>795</ele>
        <time>2026-08-21T16:31:34+00:00</time>
      </trkpt>
      <trkpt lat="44.16637" lon="3.23874">
        <ele>794</ele>
        <time>2026-08-21T16:31:37+00:00</time>
      </trkpt>
      <trkpt lat="44.16634" lon="3.23865">
        <ele>793</ele>
        <time>2026-08-21T16:31:40+00:00</time>
      </trkpt>
      <trkpt lat="44.16626" lon="3.23831">
        <ele>787</ele>
        <time>2026-08-21T16:31:43+00:00</time>
      </trkpt>
      <trkpt lat="44.16625" lon="3.23826">
        <ele>786</ele>
        <time>2026-08-21T16:31:46+00:00</time>
      </trkpt>
      <trkpt lat="44.16624" lon="3.23821">
        <ele>786</ele>
        <time>2026-08-21T16:31:49+00:00</time>
      </trkpt>
      <trkpt lat="44.16623" lon="3.2381">
        <ele>786</ele>
        <time>2026-08-21T16:31:52+00:00</time>
      </trkpt>
      <trkpt lat="44.16624" lon="3.23804">
        <ele>785</ele>
        <time>2026-08-21T16:31:55+00:00</time>
      </trkpt>
      <trkpt lat="44.16628" lon="3.23794">
        <ele>785</ele>
        <time>2026-08-21T16:31:58+00:00</time>
      </trkpt>
      <trkpt lat="44.16629" lon="3.23789">
        <ele>784</ele>
        <time>2026-08-21T16:32:01+00:00</time>
      </trkpt>
      <trkpt lat="44.16629" lon="3.23784">
        <ele>784</ele>
        <time>2026-08-21T16:32:04+00:00</time>
      </trkpt>
      <trkpt lat="44.16629" lon="3.2378">
        <ele>784</ele>
        <time>2026-08-21T16:32:07+00:00</time>
      </trkpt>
      <trkpt lat="44.16615" lon="3.23752">
        <ele>782</ele>
        <time>2026-08-21T16:32:10+00:00</time>
      </trkpt>
      <trkpt lat="44.16609" lon="3.23745">
        <ele>781</ele>
        <time>2026-08-21T16:32:13+00:00</time>
      </trkpt>
      <trkpt lat="44.16606" lon="3.23742">
        <ele>781</ele>
        <time>2026-08-21T16:32:16+00:00</time>
      </trkpt>
      <trkpt lat="44.16601" lon="3.23739">
        <ele>781</ele>
        <time>2026-08-21T16:32:19+00:00</time>
      </trkpt>
      <trkpt lat="44.16596" lon="3.23737">
        <ele>780</ele>
        <time>2026-08-21T16:32:22+00:00</time>
      </trkpt>
      <trkpt lat="44.16592" lon="3.23733">
        <ele>780</ele>
        <time>2026-08-21T16:32:25+00:00</time>
      </trkpt>
      <trkpt lat="44.16587" lon="3.23725">
        <ele>778</ele>
        <time>2026-08-21T16:32:28+00:00</time>
      </trkpt>
      <trkpt lat="44.16581" lon="3.23705">
        <ele>779</ele>
        <time>2026-08-21T16:32:31+00:00</time>
      </trkpt>
      <trkpt lat="44.16577" lon="3.23696">
        <ele>777</ele>
        <time>2026-08-21T16:32:34+00:00</time>
      </trkpt>
      <trkpt lat="44.16575" lon="3.23691">
        <ele>777</ele>
        <time>2026-08-21T16:32:37+00:00</time>
      </trkpt>
      <trkpt lat="44.16571" lon="3.23677">
        <ele>779</ele>
        <time>2026-08-21T16:32:40+00:00</time>
      </trkpt>
      <trkpt lat="44.16566" lon="3.23657">
        <ele>778</ele>
        <time>2026-08-21T16:32:43+00:00</time>
      </trkpt>
      <trkpt lat="44.16566" lon="3.23652">
        <ele>778</ele>
        <time>2026-08-21T16:32:46+00:00</time>
      </trkpt>
      <trkpt lat="44.16564" lon="3.23642">
        <ele>779</ele>
        <time>2026-08-21T16:32:49+00:00</time>
      </trkpt>
      <trkpt lat="44.16562" lon="3.23632">
        <ele>779</ele>
        <time>2026-08-21T16:32:52+00:00</time>
      </trkpt>
      <trkpt lat="44.16558" lon="3.23622">
        <ele>777</ele>
        <time>2026-08-21T16:32:55+00:00</time>
      </trkpt>
      <trkpt lat="44.16552" lon="3.23609">
        <ele>776</ele>
        <time>2026-08-21T16:32:58+00:00</time>
      </trkpt>
      <trkpt lat="44.16549" lon="3.23599">
        <ele>776</ele>
        <time>2026-08-21T16:33:01+00:00</time>
      </trkpt>
      <trkpt lat="44.16545" lon="3.23589">
        <ele>776</ele>
        <time>2026-08-21T16:33:04+00:00</time>
      </trkpt>
      <trkpt lat="44.16542" lon="3.23586">
        <ele>776</ele>
        <time>2026-08-21T16:33:07+00:00</time>
      </trkpt>
      <trkpt lat="44.16523" lon="3.2357">
        <ele>778</ele>
        <time>2026-08-21T16:33:10+00:00</time>
      </trkpt>
      <trkpt lat="44.16517" lon="3.23563">
        <ele>779</ele>
        <time>2026-08-21T16:33:13+00:00</time>
      </trkpt>
      <trkpt lat="44.16514" lon="3.23558">
        <ele>778</ele>
        <time>2026-08-21T16:33:16+00:00</time>
      </trkpt>
      <trkpt lat="44.16509" lon="3.23545">
        <ele>778</ele>
        <time>2026-08-21T16:33:19+00:00</time>
      </trkpt>
      <trkpt lat="44.16507" lon="3.23542">
        <ele>779</ele>
        <time>2026-08-21T16:33:22+00:00</time>
      </trkpt>
      <trkpt lat="44.16504" lon="3.23539">
        <ele>778</ele>
        <time>2026-08-21T16:33:25+00:00</time>
      </trkpt>
      <trkpt lat="44.1649" lon="3.23532">
        <ele>778</ele>
        <time>2026-08-21T16:33:28+00:00</time>
      </trkpt>
      <trkpt lat="44.16487" lon="3.23529">
        <ele>778</ele>
        <time>2026-08-21T16:33:31+00:00</time>
      </trkpt>
      <trkpt lat="44.16484" lon="3.23525">
        <ele>778</ele>
        <time>2026-08-21T16:33:34+00:00</time>
      </trkpt>
      <trkpt lat="44.16479" lon="3.23512">
        <ele>777</ele>
        <time>2026-08-21T16:33:37+00:00</time>
      </trkpt>
      <trkpt lat="44.1647" lon="3.23496">
        <ele>776</ele>
        <time>2026-08-21T16:33:40+00:00</time>
      </trkpt>
      <trkpt lat="44.16461" lon="3.23484">
        <ele>775</ele>
        <time>2026-08-21T16:33:43+00:00</time>
      </trkpt>
      <trkpt lat="44.16458" lon="3.23477">
        <ele>774</ele>
        <time>2026-08-21T16:33:46+00:00</time>
      </trkpt>
      <trkpt lat="44.16453" lon="3.23468">
        <ele>774</ele>
        <time>2026-08-21T16:33:49+00:00</time>
      </trkpt>
      <trkpt lat="44.16452" lon="3.23464">
        <ele>774</ele>
        <time>2026-08-21T16:33:52+00:00</time>
      </trkpt>
      <trkpt lat="44.16445" lon="3.23446">
        <ele>774</ele>
        <time>2026-08-21T16:33:55+00:00</time>
      </trkpt>
      <trkpt lat="44.16444" lon="3.23441">
        <ele>774</ele>
        <time>2026-08-21T16:33:58+00:00</time>
      </trkpt>
      <trkpt lat="44.1644" lon="3.23428">
        <ele>774</ele>
        <time>2026-08-21T16:34:01+00:00</time>
      </trkpt>
      <trkpt lat="44.16427" lon="3.23402">
        <ele>774</ele>
        <time>2026-08-21T16:34:04+00:00</time>
      </trkpt>
      <trkpt lat="44.16423" lon="3.23393">
        <ele>774</ele>
        <time>2026-08-21T16:34:07+00:00</time>
      </trkpt>
      <trkpt lat="44.16421" lon="3.23382">
        <ele>774</ele>
        <time>2026-08-21T16:34:10+00:00</time>
      </trkpt>
      <trkpt lat="44.16416" lon="3.23367">
        <ele>773</ele>
        <time>2026-08-21T16:34:13+00:00</time>
      </trkpt>
      <trkpt lat="44.16411" lon="3.23357">
        <ele>773</ele>
        <time>2026-08-21T16:34:16+00:00</time>
      </trkpt>
      <trkpt lat="44.16409" lon="3.23354">
        <ele>773</ele>
        <time>2026-08-21T16:34:19+00:00</time>
      </trkpt>
      <trkpt lat="44.16386" lon="3.23325">
        <ele>770</ele>
        <time>2026-08-21T16:34:22+00:00</time>
      </trkpt>
      <trkpt lat="44.16377" lon="3.23309">
        <ele>768</ele>
        <time>2026-08-21T16:34:25+00:00</time>
      </trkpt>
      <trkpt lat="44.16363" lon="3.23292">
        <ele>769</ele>
        <time>2026-08-21T16:34:28+00:00</time>
      </trkpt>
      <trkpt lat="44.16354" lon="3.23284">
        <ele>767</ele>
        <time>2026-08-21T16:34:31+00:00</time>
      </trkpt>
      <trkpt lat="44.16349" lon="3.23277">
        <ele>767</ele>
        <time>2026-08-21T16:34:34+00:00</time>
      </trkpt>
      <trkpt lat="44.1634" lon="3.23268">
        <ele>769</ele>
        <time>2026-08-21T16:34:37+00:00</time>
      </trkpt>
      <trkpt lat="44.16324" lon="3.23244">
        <ele>769</ele>
        <time>2026-08-21T16:34:40+00:00</time>
      </trkpt>
      <trkpt lat="44.16305" lon="3.23219">
        <ele>771</ele>
        <time>2026-08-21T16:34:43+00:00</time>
      </trkpt>
      <trkpt lat="44.16303" lon="3.23215">
        <ele>771</ele>
        <time>2026-08-21T16:34:46+00:00</time>
      </trkpt>
      <trkpt lat="44.16301" lon="3.23211">
        <ele>771</ele>
        <time>2026-08-21T16:34:49+00:00</time>
      </trkpt>
      <trkpt lat="44.16297" lon="3.23203">
        <ele>771</ele>
        <time>2026-08-21T16:34:52+00:00</time>
      </trkpt>
      <trkpt lat="44.16286" lon="3.23188">
        <ele>771</ele>
        <time>2026-08-21T16:34:55+00:00</time>
      </trkpt>
      <trkpt lat="44.16275" lon="3.2318">
        <ele>770</ele>
        <time>2026-08-21T16:34:58+00:00</time>
      </trkpt>
      <trkpt lat="44.1626" lon="3.23165">
        <ele>768</ele>
        <time>2026-08-21T16:35:01+00:00</time>
      </trkpt>
      <trkpt lat="44.16244" lon="3.2315">
        <ele>765</ele>
        <time>2026-08-21T16:35:04+00:00</time>
      </trkpt>
      <trkpt lat="44.16236" lon="3.23145">
        <ele>764</ele>
        <time>2026-08-21T16:35:07+00:00</time>
      </trkpt>
      <trkpt lat="44.16229" lon="3.23141">
        <ele>762</ele>
        <time>2026-08-21T16:35:10+00:00</time>
      </trkpt>
      <trkpt lat="44.16222" lon="3.2314">
        <ele>765</ele>
        <time>2026-08-21T16:35:13+00:00</time>
      </trkpt>
      <trkpt lat="44.16215" lon="3.23141">
        <ele>762</ele>
        <time>2026-08-21T16:35:16+00:00</time>
      </trkpt>
      <trkpt lat="44.16205" lon="3.23145">
        <ele>763</ele>
        <time>2026-08-21T16:35:19+00:00</time>
      </trkpt>
      <trkpt lat="44.16187" lon="3.23158">
        <ele>765</ele>
        <time>2026-08-21T16:35:22+00:00</time>
      </trkpt>
      <trkpt lat="44.16179" lon="3.23161">
        <ele>766</ele>
        <time>2026-08-21T16:35:25+00:00</time>
      </trkpt>
      <trkpt lat="44.16177" lon="3.23164">
        <ele>766</ele>
        <time>2026-08-21T16:35:28+00:00</time>
      </trkpt>
      <trkpt lat="44.16177" lon="3.23168">
        <ele>766</ele>
        <time>2026-08-21T16:35:31+00:00</time>
      </trkpt>
      <trkpt lat="44.16179" lon="3.2317">
        <ele>768</ele>
        <time>2026-08-21T16:35:34+00:00</time>
      </trkpt>
      <trkpt lat="44.16179" lon="3.23176">
        <ele>768</ele>
        <time>2026-08-21T16:35:37+00:00</time>
      </trkpt>
      <trkpt lat="44.16179" lon="3.23179">
        <ele>768</ele>
        <time>2026-08-21T16:35:40+00:00</time>
      </trkpt>
      <trkpt lat="44.16178" lon="3.23181">
        <ele>769</ele>
        <time>2026-08-21T16:35:43+00:00</time>
      </trkpt>
      <trkpt lat="44.16177" lon="3.23183">
        <ele>769</ele>
        <time>2026-08-21T16:35:46+00:00</time>
      </trkpt>
      <trkpt lat="44.1617" lon="3.23184">
        <ele>769</ele>
        <time>2026-08-21T16:35:49+00:00</time>
      </trkpt>
      <trkpt lat="44.16152" lon="3.23181">
        <ele>769</ele>
        <time>2026-08-21T16:35:52+00:00</time>
      </trkpt>
      <trkpt lat="44.16147" lon="3.23182">
        <ele>770</ele>
        <time>2026-08-21T16:35:55+00:00</time>
      </trkpt>
      <trkpt lat="44.16142" lon="3.23181">
        <ele>770</ele>
        <time>2026-08-21T16:35:58+00:00</time>
      </trkpt>
      <trkpt lat="44.1614" lon="3.2318">
        <ele>770</ele>
        <time>2026-08-21T16:36:01+00:00</time>
      </trkpt>
      <trkpt lat="44.16138" lon="3.23177">
        <ele>770</ele>
        <time>2026-08-21T16:36:04+00:00</time>
      </trkpt>
      <trkpt lat="44.16137" lon="3.23169">
        <ele>771</ele>
        <time>2026-08-21T16:36:07+00:00</time>
      </trkpt>
      <trkpt lat="44.16139" lon="3.23165">
        <ele>771</ele>
        <time>2026-08-21T16:36:10+00:00</time>
      </trkpt>
      <trkpt lat="44.1614" lon="3.23161">
        <ele>770</ele>
        <time>2026-08-21T16:36:13+00:00</time>
      </trkpt>
      <trkpt lat="44.16145" lon="3.23156">
        <ele>771</ele>
        <time>2026-08-21T16:36:16+00:00</time>
      </trkpt>
      <trkpt lat="44.16147" lon="3.23153">
        <ele>771</ele>
        <time>2026-08-21T16:36:19+00:00</time>
      </trkpt>
      <trkpt lat="44.16148" lon="3.2315">
        <ele>772</ele>
        <time>2026-08-21T16:36:22+00:00</time>
      </trkpt>
      <trkpt lat="44.16157" lon="3.23133">
        <ele>771</ele>
        <time>2026-08-21T16:36:25+00:00</time>
      </trkpt>
      <trkpt lat="44.16158" lon="3.2313">
        <ele>772</ele>
        <time>2026-08-21T16:36:28+00:00</time>
      </trkpt>
      <trkpt lat="44.16162" lon="3.23121">
        <ele>770</ele>
        <time>2026-08-21T16:36:31+00:00</time>
      </trkpt>
      <trkpt lat="44.16163" lon="3.23115">
        <ele>771</ele>
        <time>2026-08-21T16:36:34+00:00</time>
      </trkpt>
      <trkpt lat="44.16163" lon="3.23109">
        <ele>773</ele>
        <time>2026-08-21T16:36:37+00:00</time>
      </trkpt>
      <trkpt lat="44.16163" lon="3.23102">
        <ele>773</ele>
        <time>2026-08-21T16:36:40+00:00</time>
      </trkpt>
      <trkpt lat="44.16168" lon="3.23079">
        <ele>775</ele>
        <time>2026-08-21T16:36:43+00:00</time>
      </trkpt>
      <trkpt lat="44.16166" lon="3.2307">
        <ele>775</ele>
        <time>2026-08-21T16:36:46+00:00</time>
      </trkpt>
      <trkpt lat="44.16165" lon="3.23068">
        <ele>776</ele>
        <time>2026-08-21T16:36:49+00:00</time>
      </trkpt>
      <trkpt lat="44.16163" lon="3.23069">
        <ele>776</ele>
        <time>2026-08-21T16:36:52+00:00</time>
      </trkpt>
      <trkpt lat="44.16161" lon="3.23071">
        <ele>775</ele>
        <time>2026-08-21T16:36:55+00:00</time>
      </trkpt>
      <trkpt lat="44.16157" lon="3.23076">
        <ele>780</ele>
        <time>2026-08-21T16:36:58+00:00</time>
      </trkpt>
      <trkpt lat="44.16154" lon="3.23085">
        <ele>779</ele>
        <time>2026-08-21T16:37:01+00:00</time>
      </trkpt>
      <trkpt lat="44.1615" lon="3.2309">
        <ele>779</ele>
        <time>2026-08-21T16:37:04+00:00</time>
      </trkpt>
      <trkpt lat="44.16139" lon="3.23102">
        <ele>783</ele>
        <time>2026-08-21T16:37:07+00:00</time>
      </trkpt>
      <trkpt lat="44.16134" lon="3.23106">
        <ele>783</ele>
        <time>2026-08-21T16:37:10+00:00</time>
      </trkpt>
      <trkpt lat="44.16125" lon="3.23111">
        <ele>782</ele>
        <time>2026-08-21T16:37:13+00:00</time>
      </trkpt>
      <trkpt lat="44.1612" lon="3.23112">
        <ele>785</ele>
        <time>2026-08-21T16:37:16+00:00</time>
      </trkpt>
      <trkpt lat="44.16117" lon="3.23113">
        <ele>785</ele>
        <time>2026-08-21T16:37:19+00:00</time>
      </trkpt>
      <trkpt lat="44.16104" lon="3.2312">
        <ele>786</ele>
        <time>2026-08-21T16:37:22+00:00</time>
      </trkpt>
      <trkpt lat="44.16094" lon="3.23122">
        <ele>789</ele>
        <time>2026-08-21T16:37:25+00:00</time>
      </trkpt>
      <trkpt lat="44.16091" lon="3.23124">
        <ele>789</ele>
        <time>2026-08-21T16:37:28+00:00</time>
      </trkpt>
      <trkpt lat="44.16088" lon="3.23125">
        <ele>791</ele>
        <time>2026-08-21T16:37:31+00:00</time>
      </trkpt>
      <trkpt lat="44.16086" lon="3.23127">
        <ele>791</ele>
        <time>2026-08-21T16:37:34+00:00</time>
      </trkpt>
      <trkpt lat="44.16079" lon="3.2313">
        <ele>789</ele>
        <time>2026-08-21T16:37:37+00:00</time>
      </trkpt>
      <trkpt lat="44.16073" lon="3.23131">
        <ele>789</ele>
        <time>2026-08-21T16:37:40+00:00</time>
      </trkpt>
      <trkpt lat="44.16055" lon="3.2313">
        <ele>788</ele>
        <time>2026-08-21T16:37:43+00:00</time>
      </trkpt>
      <trkpt lat="44.16049" lon="3.23125">
        <ele>790</ele>
        <time>2026-08-21T16:37:46+00:00</time>
      </trkpt>
      <trkpt lat="44.16046" lon="3.23124">
        <ele>790</ele>
        <time>2026-08-21T16:37:49+00:00</time>
      </trkpt>
      <trkpt lat="44.16043" lon="3.23124">
        <ele>790</ele>
        <time>2026-08-21T16:37:52+00:00</time>
      </trkpt>
      <trkpt lat="44.16037" lon="3.23126">
        <ele>788</ele>
        <time>2026-08-21T16:37:55+00:00</time>
      </trkpt>
      <trkpt lat="44.16034" lon="3.23126">
        <ele>788</ele>
        <time>2026-08-21T16:37:58+00:00</time>
      </trkpt>
      <trkpt lat="44.1603" lon="3.23125">
        <ele>788</ele>
        <time>2026-08-21T16:38:01+00:00</time>
      </trkpt>
      <trkpt lat="44.16028" lon="3.23124">
        <ele>786</ele>
        <time>2026-08-21T16:38:04+00:00</time>
      </trkpt>
      <trkpt lat="44.16022" lon="3.23124">
        <ele>786</ele>
        <time>2026-08-21T16:38:07+00:00</time>
      </trkpt>
      <trkpt lat="44.16019" lon="3.23123">
        <ele>784</ele>
        <time>2026-08-21T16:38:10+00:00</time>
      </trkpt>
      <trkpt lat="44.16016" lon="3.23121">
        <ele>784</ele>
        <time>2026-08-21T16:38:13+00:00</time>
      </trkpt>
      <trkpt lat="44.16009" lon="3.2311">
        <ele>784</ele>
        <time>2026-08-21T16:38:16+00:00</time>
      </trkpt>
      <trkpt lat="44.16" lon="3.23102">
        <ele>784</ele>
        <time>2026-08-21T16:38:19+00:00</time>
      </trkpt>
      <trkpt lat="44.1599" lon="3.2309">
        <ele>784</ele>
        <time>2026-08-21T16:38:22+00:00</time>
      </trkpt>
      <trkpt lat="44.15986" lon="3.23083">
        <ele>779</ele>
        <time>2026-08-21T16:38:25+00:00</time>
      </trkpt>
      <trkpt lat="44.1598" lon="3.23078">
        <ele>780</ele>
        <time>2026-08-21T16:38:28+00:00</time>
      </trkpt>
      <trkpt lat="44.15978" lon="3.23074">
        <ele>778</ele>
        <time>2026-08-21T16:38:31+00:00</time>
      </trkpt>
      <trkpt lat="44.15975" lon="3.23072">
        <ele>778</ele>
        <time>2026-08-21T16:38:34+00:00</time>
      </trkpt>
      <trkpt lat="44.15971" lon="3.23071">
        <ele>778</ele>
        <time>2026-08-21T16:38:37+00:00</time>
      </trkpt>
      <trkpt lat="44.15968" lon="3.23071">
        <ele>777</ele>
        <time>2026-08-21T16:38:40+00:00</time>
      </trkpt>
      <trkpt lat="44.15962" lon="3.23075">
        <ele>777</ele>
        <time>2026-08-21T16:38:43+00:00</time>
      </trkpt>
      <trkpt lat="44.1595" lon="3.23077">
        <ele>776</ele>
        <time>2026-08-21T16:38:46+00:00</time>
      </trkpt>
      <trkpt lat="44.15929" lon="3.23075">
        <ele>773</ele>
        <time>2026-08-21T16:38:49+00:00</time>
      </trkpt>
      <trkpt lat="44.15911" lon="3.2307">
        <ele>773</ele>
        <time>2026-08-21T16:38:52+00:00</time>
      </trkpt>
      <trkpt lat="44.15903" lon="3.2307">
        <ele>772</ele>
        <time>2026-08-21T16:38:55+00:00</time>
      </trkpt>
      <trkpt lat="44.15897" lon="3.23069">
        <ele>771</ele>
        <time>2026-08-21T16:38:58+00:00</time>
      </trkpt>
      <trkpt lat="44.1589" lon="3.2307">
        <ele>771</ele>
        <time>2026-08-21T16:39:01+00:00</time>
      </trkpt>
      <trkpt lat="44.15882" lon="3.23069">
        <ele>771</ele>
        <time>2026-08-21T16:39:04+00:00</time>
      </trkpt>
      <trkpt lat="44.1587" lon="3.23072">
        <ele>769</ele>
        <time>2026-08-21T16:39:07+00:00</time>
      </trkpt>
      <trkpt lat="44.15849" lon="3.23081">
        <ele>769</ele>
        <time>2026-08-21T16:39:10+00:00</time>
      </trkpt>
      <trkpt lat="44.15845" lon="3.23082">
        <ele>769</ele>
        <time>2026-08-21T16:39:13+00:00</time>
      </trkpt>
      <trkpt lat="44.15824" lon="3.23086">
        <ele>768</ele>
        <time>2026-08-21T16:39:16+00:00</time>
      </trkpt>
      <trkpt lat="44.15813" lon="3.23087">
        <ele>768</ele>
        <time>2026-08-21T16:39:19+00:00</time>
      </trkpt>
      <trkpt lat="44.15809" lon="3.23087">
        <ele>768</ele>
        <time>2026-08-21T16:39:22+00:00</time>
      </trkpt>
      <trkpt lat="44.15802" lon="3.23086">
        <ele>768</ele>
        <time>2026-08-21T16:39:25+00:00</time>
      </trkpt>
      <trkpt lat="44.15799" lon="3.23084">
        <ele>768</ele>
        <time>2026-08-21T16:39:28+00:00</time>
      </trkpt>
      <trkpt lat="44.15795" lon="3.23083">
        <ele>768</ele>
        <time>2026-08-21T16:39:31+00:00</time>
      </trkpt>
      <trkpt lat="44.15791" lon="3.23083">
        <ele>768</ele>
        <time>2026-08-21T16:39:34+00:00</time>
      </trkpt>
      <trkpt lat="44.15787" lon="3.23082">
        <ele>767</ele>
        <time>2026-08-21T16:39:37+00:00</time>
      </trkpt>
      <trkpt lat="44.15776" lon="3.23079">
        <ele>767</ele>
        <time>2026-08-21T16:39:40+00:00</time>
      </trkpt>
      <trkpt lat="44.15765" lon="3.23073">
        <ele>767</ele>
        <time>2026-08-21T16:39:43+00:00</time>
      </trkpt>
      <trkpt lat="44.15756" lon="3.2307">
        <ele>767</ele>
        <time>2026-08-21T16:39:46+00:00</time>
      </trkpt>
      <trkpt lat="44.1575" lon="3.23068">
        <ele>767</ele>
        <time>2026-08-21T16:39:49+00:00</time>
      </trkpt>
      <trkpt lat="44.15724" lon="3.23062">
        <ele>767</ele>
        <time>2026-08-21T16:39:52+00:00</time>
      </trkpt>
      <trkpt lat="44.15717" lon="3.23059">
        <ele>767</ele>
        <time>2026-08-21T16:39:55+00:00</time>
      </trkpt>
      <trkpt lat="44.15714" lon="3.23058">
        <ele>767</ele>
        <time>2026-08-21T16:39:58+00:00</time>
      </trkpt>
      <trkpt lat="44.1571" lon="3.23056">
        <ele>767</ele>
        <time>2026-08-21T16:40:01+00:00</time>
      </trkpt>
      <trkpt lat="44.157" lon="3.23047">
        <ele>767</ele>
        <time>2026-08-21T16:40:04+00:00</time>
      </trkpt>
      <trkpt lat="44.1569" lon="3.2304">
        <ele>766</ele>
        <time>2026-08-21T16:40:07+00:00</time>
      </trkpt>
      <trkpt lat="44.15687" lon="3.23037">
        <ele>766</ele>
        <time>2026-08-21T16:40:10+00:00</time>
      </trkpt>
      <trkpt lat="44.15678" lon="3.23034">
        <ele>765</ele>
        <time>2026-08-21T16:40:13+00:00</time>
      </trkpt>
      <trkpt lat="44.15663" lon="3.23032">
        <ele>765</ele>
        <time>2026-08-21T16:40:16+00:00</time>
      </trkpt>
      <trkpt lat="44.15636" lon="3.23034">
        <ele>763</ele>
        <time>2026-08-21T16:40:19+00:00</time>
      </trkpt>
      <trkpt lat="44.15633" lon="3.23035">
        <ele>763</ele>
        <time>2026-08-21T16:40:22+00:00</time>
      </trkpt>
      <trkpt lat="44.15622" lon="3.2304">
        <ele>762</ele>
        <time>2026-08-21T16:40:25+00:00</time>
      </trkpt>
      <trkpt lat="44.15615" lon="3.23044">
        <ele>763</ele>
        <time>2026-08-21T16:40:28+00:00</time>
      </trkpt>
      <trkpt lat="44.1561" lon="3.23051">
        <ele>763</ele>
        <time>2026-08-21T16:40:31+00:00</time>
      </trkpt>
      <trkpt lat="44.15607" lon="3.23054">
        <ele>762</ele>
        <time>2026-08-21T16:40:34+00:00</time>
      </trkpt>
      <trkpt lat="44.15602" lon="3.23061">
        <ele>763</ele>
        <time>2026-08-21T16:40:37+00:00</time>
      </trkpt>
      <trkpt lat="44.15599" lon="3.23065">
        <ele>763</ele>
        <time>2026-08-21T16:40:40+00:00</time>
      </trkpt>
      <trkpt lat="44.15593" lon="3.23068">
        <ele>763</ele>
        <time>2026-08-21T16:40:43+00:00</time>
      </trkpt>
      <trkpt lat="44.15591" lon="3.23068">
        <ele>763</ele>
        <time>2026-08-21T16:40:46+00:00</time>
      </trkpt>
      <trkpt lat="44.15583" lon="3.23063">
        <ele>762</ele>
        <time>2026-08-21T16:40:49+00:00</time>
      </trkpt>
      <trkpt lat="44.15579" lon="3.23061">
        <ele>762</ele>
        <time>2026-08-21T16:40:52+00:00</time>
      </trkpt>
      <trkpt lat="44.15568" lon="3.23062">
        <ele>762</ele>
        <time>2026-08-21T16:40:55+00:00</time>
      </trkpt>
      <trkpt lat="44.15538" lon="3.23064">
        <ele>761</ele>
        <time>2026-08-21T16:40:58+00:00</time>
      </trkpt>
      <trkpt lat="44.15519" lon="3.23061">
        <ele>761</ele>
        <time>2026-08-21T16:41:01+00:00</time>
      </trkpt>
      <trkpt lat="44.15513" lon="3.23062">
        <ele>761</ele>
        <time>2026-08-21T16:41:04+00:00</time>
      </trkpt>
      <trkpt lat="44.15506" lon="3.23062">
        <ele>761</ele>
        <time>2026-08-21T16:41:07+00:00</time>
      </trkpt>
      <trkpt lat="44.15493" lon="3.23061">
        <ele>761</ele>
        <time>2026-08-21T16:41:10+00:00</time>
      </trkpt>
      <trkpt lat="44.15486" lon="3.2306">
        <ele>760</ele>
        <time>2026-08-21T16:41:13+00:00</time>
      </trkpt>
      <trkpt lat="44.15473" lon="3.23061">
        <ele>761</ele>
        <time>2026-08-21T16:41:16+00:00</time>
      </trkpt>
      <trkpt lat="44.1546" lon="3.23064">
        <ele>761</ele>
        <time>2026-08-21T16:41:19+00:00</time>
      </trkpt>
      <trkpt lat="44.15453" lon="3.23064">
        <ele>762</ele>
        <time>2026-08-21T16:41:22+00:00</time>
      </trkpt>
      <trkpt lat="44.15427" lon="3.23069">
        <ele>763</ele>
        <time>2026-08-21T16:41:25+00:00</time>
      </trkpt>
      <trkpt lat="44.154" lon="3.23072">
        <ele>764</ele>
        <time>2026-08-21T16:41:28+00:00</time>
      </trkpt>
      <trkpt lat="44.15384" lon="3.23075">
        <ele>764</ele>
        <time>2026-08-21T16:41:31+00:00</time>
      </trkpt>
      <trkpt lat="44.15368" lon="3.23074">
        <ele>764</ele>
        <time>2026-08-21T16:41:34+00:00</time>
      </trkpt>
      <trkpt lat="44.15341" lon="3.23074">
        <ele>763</ele>
        <time>2026-08-21T16:41:37+00:00</time>
      </trkpt>
      <trkpt lat="44.15329" lon="3.23073">
        <ele>761</ele>
        <time>2026-08-21T16:41:40+00:00</time>
      </trkpt>
      <trkpt lat="44.15317" lon="3.23075">
        <ele>759</ele>
        <time>2026-08-21T16:41:43+00:00</time>
      </trkpt>
      <trkpt lat="44.15309" lon="3.23077">
        <ele>758</ele>
        <time>2026-08-21T16:41:46+00:00</time>
      </trkpt>
      <trkpt lat="44.15305" lon="3.23079">
        <ele>758</ele>
        <time>2026-08-21T16:41:49+00:00</time>
      </trkpt>
      <trkpt lat="44.15291" lon="3.23087">
        <ele>758</ele>
        <time>2026-08-21T16:41:52+00:00</time>
      </trkpt>
      <trkpt lat="44.15265" lon="3.2311">
        <ele>756</ele>
        <time>2026-08-21T16:41:55+00:00</time>
      </trkpt>
      <trkpt lat="44.15254" lon="3.23118">
        <ele>754</ele>
        <time>2026-08-21T16:41:58+00:00</time>
      </trkpt>
      <trkpt lat="44.15239" lon="3.23128">
        <ele>753</ele>
        <time>2026-08-21T16:42:01+00:00</time>
      </trkpt>
      <trkpt lat="44.15229" lon="3.23137">
        <ele>752</ele>
        <time>2026-08-21T16:42:04+00:00</time>
      </trkpt>
      <trkpt lat="44.15205" lon="3.23159">
        <ele>751</ele>
        <time>2026-08-21T16:42:07+00:00</time>
      </trkpt>
      <trkpt lat="44.15184" lon="3.23176">
        <ele>749</ele>
        <time>2026-08-21T16:42:10+00:00</time>
      </trkpt>
      <trkpt lat="44.15175" lon="3.23185">
        <ele>748</ele>
        <time>2026-08-21T16:42:13+00:00</time>
      </trkpt>
      <trkpt lat="44.15161" lon="3.23204">
        <ele>748</ele>
        <time>2026-08-21T16:42:16+00:00</time>
      </trkpt>
      <trkpt lat="44.15152" lon="3.2322">
        <ele>747</ele>
        <time>2026-08-21T16:42:19+00:00</time>
      </trkpt>
      <trkpt lat="44.15146" lon="3.23228">
        <ele>746</ele>
        <time>2026-08-21T16:42:22+00:00</time>
      </trkpt>
      <trkpt lat="44.1514" lon="3.2324">
        <ele>748</ele>
        <time>2026-08-21T16:42:25+00:00</time>
      </trkpt>
      <trkpt lat="44.15129" lon="3.23259">
        <ele>745</ele>
        <time>2026-08-21T16:42:28+00:00</time>
      </trkpt>
      <trkpt lat="44.15122" lon="3.23275">
        <ele>745</ele>
        <time>2026-08-21T16:42:31+00:00</time>
      </trkpt>
      <trkpt lat="44.15119" lon="3.2328">
        <ele>744</ele>
        <time>2026-08-21T16:42:34+00:00</time>
      </trkpt>
      <trkpt lat="44.15115" lon="3.23289">
        <ele>745</ele>
        <time>2026-08-21T16:42:37+00:00</time>
      </trkpt>
      <trkpt lat="44.1511" lon="3.23298">
        <ele>746</ele>
        <time>2026-08-21T16:42:40+00:00</time>
      </trkpt>
      <trkpt lat="44.15108" lon="3.23303">
        <ele>745</ele>
        <time>2026-08-21T16:42:43+00:00</time>
      </trkpt>
      <trkpt lat="44.15106" lon="3.23308">
        <ele>745</ele>
        <time>2026-08-21T16:42:46+00:00</time>
      </trkpt>
      <trkpt lat="44.15098" lon="3.23326">
        <ele>745</ele>
        <time>2026-08-21T16:42:49+00:00</time>
      </trkpt>
      <trkpt lat="44.15087" lon="3.23361">
        <ele>748</ele>
        <time>2026-08-21T16:42:52+00:00</time>
      </trkpt>
      <trkpt lat="44.15081" lon="3.23376">
        <ele>749</ele>
        <time>2026-08-21T16:42:55+00:00</time>
      </trkpt>
      <trkpt lat="44.1508" lon="3.23382">
        <ele>749</ele>
        <time>2026-08-21T16:42:58+00:00</time>
      </trkpt>
      <trkpt lat="44.15079" lon="3.23398">
        <ele>750</ele>
        <time>2026-08-21T16:43:01+00:00</time>
      </trkpt>
      <trkpt lat="44.15081" lon="3.23403">
        <ele>750</ele>
        <time>2026-08-21T16:43:04+00:00</time>
      </trkpt>
      <trkpt lat="44.15083" lon="3.23425">
        <ele>752</ele>
        <time>2026-08-21T16:43:07+00:00</time>
      </trkpt>
      <trkpt lat="44.15087" lon="3.23439">
        <ele>752</ele>
        <time>2026-08-21T16:43:10+00:00</time>
      </trkpt>
      <trkpt lat="44.15089" lon="3.23445">
        <ele>753</ele>
        <time>2026-08-21T16:43:13+00:00</time>
      </trkpt>
      <trkpt lat="44.15091" lon="3.23456">
        <ele>754</ele>
        <time>2026-08-21T16:43:16+00:00</time>
      </trkpt>
      <trkpt lat="44.15092" lon="3.23465">
        <ele>754</ele>
        <time>2026-08-21T16:43:19+00:00</time>
      </trkpt>
      <trkpt lat="44.15091" lon="3.23475">
        <ele>755</ele>
        <time>2026-08-21T16:43:22+00:00</time>
      </trkpt>
      <trkpt lat="44.15089" lon="3.23485">
        <ele>755</ele>
        <time>2026-08-21T16:43:25+00:00</time>
      </trkpt>
      <trkpt lat="44.15087" lon="3.2349">
        <ele>755</ele>
        <time>2026-08-21T16:43:28+00:00</time>
      </trkpt>
      <trkpt lat="44.15082" lon="3.23513">
        <ele>756</ele>
        <time>2026-08-21T16:43:31+00:00</time>
      </trkpt>
      <trkpt lat="44.15081" lon="3.23525">
        <ele>756</ele>
        <time>2026-08-21T16:43:34+00:00</time>
      </trkpt>
      <trkpt lat="44.15081" lon="3.23538">
        <ele>756</ele>
        <time>2026-08-21T16:43:37+00:00</time>
      </trkpt>
      <trkpt lat="44.15082" lon="3.23547">
        <ele>757</ele>
        <time>2026-08-21T16:43:40+00:00</time>
      </trkpt>
      <trkpt lat="44.15082" lon="3.23561">
        <ele>758</ele>
        <time>2026-08-21T16:43:43+00:00</time>
      </trkpt>
      <trkpt lat="44.15081" lon="3.23568">
        <ele>758</ele>
        <time>2026-08-21T16:43:46+00:00</time>
      </trkpt>
      <trkpt lat="44.15081" lon="3.23576">
        <ele>759</ele>
        <time>2026-08-21T16:43:49+00:00</time>
      </trkpt>
      <trkpt lat="44.15075" lon="3.23603">
        <ele>759</ele>
        <time>2026-08-21T16:43:52+00:00</time>
      </trkpt>
      <trkpt lat="44.15073" lon="3.23606">
        <ele>759</ele>
        <time>2026-08-21T16:43:55+00:00</time>
      </trkpt>
      <trkpt lat="44.15067" lon="3.23628">
        <ele>761</ele>
        <time>2026-08-21T16:43:58+00:00</time>
      </trkpt>
      <trkpt lat="44.15061" lon="3.23646">
        <ele>762</ele>
        <time>2026-08-21T16:44:01+00:00</time>
      </trkpt>
      <trkpt lat="44.15059" lon="3.23655">
        <ele>764</ele>
        <time>2026-08-21T16:44:04+00:00</time>
      </trkpt>
      <trkpt lat="44.15057" lon="3.23676">
        <ele>766</ele>
        <time>2026-08-21T16:44:07+00:00</time>
      </trkpt>
      <trkpt lat="44.15059" lon="3.23682">
        <ele>766</ele>
        <time>2026-08-21T16:44:10+00:00</time>
      </trkpt>
      <trkpt lat="44.15059" lon="3.23689">
        <ele>766</ele>
        <time>2026-08-21T16:44:13+00:00</time>
      </trkpt>
      <trkpt lat="44.15055" lon="3.23705">
        <ele>768</ele>
        <time>2026-08-21T16:44:16+00:00</time>
      </trkpt>
      <trkpt lat="44.15054" lon="3.2371">
        <ele>768</ele>
        <time>2026-08-21T16:44:19+00:00</time>
      </trkpt>
      <trkpt lat="44.15054" lon="3.23719">
        <ele>769</ele>
        <time>2026-08-21T16:44:22+00:00</time>
      </trkpt>
      <trkpt lat="44.15057" lon="3.23732">
        <ele>771</ele>
        <time>2026-08-21T16:44:25+00:00</time>
      </trkpt>
      <trkpt lat="44.15058" lon="3.23742">
        <ele>772</ele>
        <time>2026-08-21T16:44:28+00:00</time>
      </trkpt>
      <trkpt lat="44.15061" lon="3.23749">
        <ele>772</ele>
        <time>2026-08-21T16:44:31+00:00</time>
      </trkpt>
      <trkpt lat="44.15068" lon="3.23755">
        <ele>772</ele>
        <time>2026-08-21T16:44:34+00:00</time>
      </trkpt>
      <trkpt lat="44.15069" lon="3.23759">
        <ele>772</ele>
        <time>2026-08-21T16:44:37+00:00</time>
      </trkpt>
      <trkpt lat="44.1507" lon="3.23762">
        <ele>773</ele>
        <time>2026-08-21T16:44:40+00:00</time>
      </trkpt>
      <trkpt lat="44.15077" lon="3.23767">
        <ele>773</ele>
        <time>2026-08-21T16:44:43+00:00</time>
      </trkpt>
      <trkpt lat="44.15082" lon="3.2377">
        <ele>776</ele>
        <time>2026-08-21T16:44:46+00:00</time>
      </trkpt>
      <trkpt lat="44.15086" lon="3.23774">
        <ele>776</ele>
        <time>2026-08-21T16:44:49+00:00</time>
      </trkpt>
      <trkpt lat="44.15088" lon="3.23777">
        <ele>776</ele>
        <time>2026-08-21T16:44:52+00:00</time>
      </trkpt>
      <trkpt lat="44.15092" lon="3.23787">
        <ele>780</ele>
        <time>2026-08-21T16:44:55+00:00</time>
      </trkpt>
      <trkpt lat="44.15092" lon="3.23792">
        <ele>780</ele>
        <time>2026-08-21T16:44:58+00:00</time>
      </trkpt>
      <trkpt lat="44.15092" lon="3.23795">
        <ele>780</ele>
        <time>2026-08-21T16:45:01+00:00</time>
      </trkpt>
      <trkpt lat="44.15092" lon="3.23799">
        <ele>780</ele>
        <time>2026-08-21T16:45:04+00:00</time>
      </trkpt>
      <trkpt lat="44.15094" lon="3.2381">
        <ele>780</ele>
        <time>2026-08-21T16:45:07+00:00</time>
      </trkpt>
      <trkpt lat="44.15094" lon="3.23818">
        <ele>781</ele>
        <time>2026-08-21T16:45:10+00:00</time>
      </trkpt>
      <trkpt lat="44.15095" lon="3.23821">
        <ele>781</ele>
        <time>2026-08-21T16:45:13+00:00</time>
      </trkpt>
      <trkpt lat="44.15097" lon="3.23829">
        <ele>781</ele>
        <time>2026-08-21T16:45:16+00:00</time>
      </trkpt>
      <trkpt lat="44.15099" lon="3.23834">
        <ele>782</ele>
        <time>2026-08-21T16:45:19+00:00</time>
      </trkpt>
      <trkpt lat="44.15102" lon="3.23846">
        <ele>785</ele>
        <time>2026-08-21T16:45:22+00:00</time>
      </trkpt>
      <trkpt lat="44.15106" lon="3.23851">
        <ele>786</ele>
        <time>2026-08-21T16:45:25+00:00</time>
      </trkpt>
      <trkpt lat="44.15113" lon="3.23856">
        <ele>788</ele>
        <time>2026-08-21T16:45:28+00:00</time>
      </trkpt>
      <trkpt lat="44.15118" lon="3.23865">
        <ele>788</ele>
        <time>2026-08-21T16:45:31+00:00</time>
      </trkpt>
      <trkpt lat="44.1512" lon="3.2387">
        <ele>789</ele>
        <time>2026-08-21T16:45:34+00:00</time>
      </trkpt>
      <trkpt lat="44.15119" lon="3.23879">
        <ele>789</ele>
        <time>2026-08-21T16:45:37+00:00</time>
      </trkpt>
      <trkpt lat="44.15118" lon="3.23882">
        <ele>789</ele>
        <time>2026-08-21T16:45:40+00:00</time>
      </trkpt>
      <trkpt lat="44.15115" lon="3.23884">
        <ele>789</ele>
        <time>2026-08-21T16:45:43+00:00</time>
      </trkpt>
      <trkpt lat="44.15114" lon="3.23888">
        <ele>789</ele>
        <time>2026-08-21T16:45:46+00:00</time>
      </trkpt>
      <trkpt lat="44.15111" lon="3.23891">
        <ele>789</ele>
        <time>2026-08-21T16:45:49+00:00</time>
      </trkpt>
      <trkpt lat="44.1511" lon="3.23894">
        <ele>787</ele>
        <time>2026-08-21T16:45:52+00:00</time>
      </trkpt>
      <trkpt lat="44.15108" lon="3.23896">
        <ele>787</ele>
        <time>2026-08-21T16:45:55+00:00</time>
      </trkpt>
      <trkpt lat="44.15108" lon="3.23901">
        <ele>788</ele>
        <time>2026-08-21T16:45:58+00:00</time>
      </trkpt>
      <trkpt lat="44.1511" lon="3.23904">
        <ele>790</ele>
        <time>2026-08-21T16:46:01+00:00</time>
      </trkpt>
      <trkpt lat="44.1512" lon="3.23909">
        <ele>790</ele>
        <time>2026-08-21T16:46:04+00:00</time>
      </trkpt>
      <trkpt lat="44.15127" lon="3.23915">
        <ele>791</ele>
        <time>2026-08-21T16:46:07+00:00</time>
      </trkpt>
      <trkpt lat="44.15137" lon="3.23917">
        <ele>792</ele>
        <time>2026-08-21T16:46:10+00:00</time>
      </trkpt>
      <trkpt lat="44.15147" lon="3.23923">
        <ele>793</ele>
        <time>2026-08-21T16:46:13+00:00</time>
      </trkpt>
      <trkpt lat="44.1515" lon="3.23925">
        <ele>793</ele>
        <time>2026-08-21T16:46:16+00:00</time>
      </trkpt>
      <trkpt lat="44.15151" lon="3.2393">
        <ele>794</ele>
        <time>2026-08-21T16:46:19+00:00</time>
      </trkpt>
      <trkpt lat="44.15153" lon="3.2394">
        <ele>794</ele>
        <time>2026-08-21T16:46:22+00:00</time>
      </trkpt>
      <trkpt lat="44.15154" lon="3.23943">
        <ele>795</ele>
        <time>2026-08-21T16:46:25+00:00</time>
      </trkpt>
      <trkpt lat="44.15154" lon="3.23948">
        <ele>795</ele>
        <time>2026-08-21T16:46:28+00:00</time>
      </trkpt>
      <trkpt lat="44.15159" lon="3.23966">
        <ele>796</ele>
        <time>2026-08-21T16:46:31+00:00</time>
      </trkpt>
      <trkpt lat="44.1516" lon="3.23976">
        <ele>797</ele>
        <time>2026-08-21T16:46:34+00:00</time>
      </trkpt>
      <trkpt lat="44.15162" lon="3.23978">
        <ele>797</ele>
        <time>2026-08-21T16:46:37+00:00</time>
      </trkpt>
      <trkpt lat="44.15166" lon="3.23984">
        <ele>797</ele>
        <time>2026-08-21T16:46:40+00:00</time>
      </trkpt>
      <trkpt lat="44.15165" lon="3.23989">
        <ele>797</ele>
        <time>2026-08-21T16:46:43+00:00</time>
      </trkpt>
      <trkpt lat="44.15166" lon="3.23994">
        <ele>798</ele>
        <time>2026-08-21T16:46:46+00:00</time>
      </trkpt>
      <trkpt lat="44.15166" lon="3.24005">
        <ele>798</ele>
        <time>2026-08-21T16:46:49+00:00</time>
      </trkpt>
      <trkpt lat="44.15168" lon="3.24016">
        <ele>799</ele>
        <time>2026-08-21T16:46:52+00:00</time>
      </trkpt>
      <trkpt lat="44.15174" lon="3.24035">
        <ele>800</ele>
        <time>2026-08-21T16:46:55+00:00</time>
      </trkpt>
      <trkpt lat="44.15178" lon="3.24041">
        <ele>801</ele>
        <time>2026-08-21T16:46:58+00:00</time>
      </trkpt>
      <trkpt lat="44.15186" lon="3.24048">
        <ele>800</ele>
        <time>2026-08-21T16:47:01+00:00</time>
      </trkpt>
      <trkpt lat="44.15187" lon="3.24051">
        <ele>800</ele>
        <time>2026-08-21T16:47:04+00:00</time>
      </trkpt>
      <trkpt lat="44.15188" lon="3.24065">
        <ele>801</ele>
        <time>2026-08-21T16:47:07+00:00</time>
      </trkpt>
      <trkpt lat="44.15189" lon="3.24072">
        <ele>802</ele>
        <time>2026-08-21T16:47:10+00:00</time>
      </trkpt>
      <trkpt lat="44.1519" lon="3.24083">
        <ele>802</ele>
        <time>2026-08-21T16:47:13+00:00</time>
      </trkpt>
      <trkpt lat="44.15191" lon="3.24106">
        <ele>803</ele>
        <time>2026-08-21T16:47:16+00:00</time>
      </trkpt>
      <trkpt lat="44.15192" lon="3.24111">
        <ele>804</ele>
        <time>2026-08-21T16:47:19+00:00</time>
      </trkpt>
      <trkpt lat="44.15192" lon="3.24115">
        <ele>804</ele>
        <time>2026-08-21T16:47:22+00:00</time>
      </trkpt>
      <trkpt lat="44.15196" lon="3.2413">
        <ele>805</ele>
        <time>2026-08-21T16:47:25+00:00</time>
      </trkpt>
      <trkpt lat="44.15198" lon="3.24139">
        <ele>805</ele>
        <time>2026-08-21T16:47:28+00:00</time>
      </trkpt>
      <trkpt lat="44.15198" lon="3.24146">
        <ele>807</ele>
        <time>2026-08-21T16:47:31+00:00</time>
      </trkpt>
      <trkpt lat="44.152" lon="3.24161">
        <ele>806</ele>
        <time>2026-08-21T16:47:34+00:00</time>
      </trkpt>
      <trkpt lat="44.15202" lon="3.24167">
        <ele>806</ele>
        <time>2026-08-21T16:47:37+00:00</time>
      </trkpt>
      <trkpt lat="44.15203" lon="3.24174">
        <ele>808</ele>
        <time>2026-08-21T16:47:40+00:00</time>
      </trkpt>
      <trkpt lat="44.15202" lon="3.24177">
        <ele>808</ele>
        <time>2026-08-21T16:47:43+00:00</time>
      </trkpt>
      <trkpt lat="44.15206" lon="3.24194">
        <ele>810</ele>
        <time>2026-08-21T16:47:46+00:00</time>
      </trkpt>
      <trkpt lat="44.15206" lon="3.24201">
        <ele>812</ele>
        <time>2026-08-21T16:47:49+00:00</time>
      </trkpt>
      <trkpt lat="44.15211" lon="3.2422">
        <ele>812</ele>
        <time>2026-08-21T16:47:52+00:00</time>
      </trkpt>
      <trkpt lat="44.15212" lon="3.24238">
        <ele>813</ele>
        <time>2026-08-21T16:47:55+00:00</time>
      </trkpt>
      <trkpt lat="44.15214" lon="3.24254">
        <ele>815</ele>
        <time>2026-08-21T16:47:58+00:00</time>
      </trkpt>
      <trkpt lat="44.15215" lon="3.24257">
        <ele>815</ele>
        <time>2026-08-21T16:48:01+00:00</time>
      </trkpt>
      <trkpt lat="44.15215" lon="3.24262">
        <ele>817</ele>
        <time>2026-08-21T16:48:04+00:00</time>
      </trkpt>
      <trkpt lat="44.15216" lon="3.24266">
        <ele>817</ele>
        <time>2026-08-21T16:48:07+00:00</time>
      </trkpt>
      <trkpt lat="44.15215" lon="3.2428">
        <ele>818</ele>
        <time>2026-08-21T16:48:10+00:00</time>
      </trkpt>
      <trkpt lat="44.15216" lon="3.24286">
        <ele>818</ele>
        <time>2026-08-21T16:48:13+00:00</time>
      </trkpt>
      <trkpt lat="44.15216" lon="3.24301">
        <ele>820</ele>
        <time>2026-08-21T16:48:16+00:00</time>
      </trkpt>
      <trkpt lat="44.15216" lon="3.24307">
        <ele>820</ele>
        <time>2026-08-21T16:48:19+00:00</time>
      </trkpt>
      <trkpt lat="44.15215" lon="3.24315">
        <ele>821</ele>
        <time>2026-08-21T16:48:22+00:00</time>
      </trkpt>
      <trkpt lat="44.15216" lon="3.24324">
        <ele>823</ele>
        <time>2026-08-21T16:48:25+00:00</time>
      </trkpt>
      <trkpt lat="44.15218" lon="3.24338">
        <ele>824</ele>
        <time>2026-08-21T16:48:28+00:00</time>
      </trkpt>
      <trkpt lat="44.15218" lon="3.24348">
        <ele>824</ele>
        <time>2026-08-21T16:48:31+00:00</time>
      </trkpt>
      <trkpt lat="44.15218" lon="3.24361">
        <ele>826</ele>
        <time>2026-08-21T16:48:34+00:00</time>
      </trkpt>
      <trkpt lat="44.15218" lon="3.24366">
        <ele>826</ele>
        <time>2026-08-21T16:48:37+00:00</time>
      </trkpt>
      <trkpt lat="44.15222" lon="3.24382">
        <ele>826</ele>
        <time>2026-08-21T16:48:40+00:00</time>
      </trkpt>
      <trkpt lat="44.15224" lon="3.24392">
        <ele>827</ele>
        <time>2026-08-21T16:48:43+00:00</time>
      </trkpt>
      <trkpt lat="44.15224" lon="3.24402">
        <ele>828</ele>
        <time>2026-08-21T16:48:46+00:00</time>
      </trkpt>
      <trkpt lat="44.15225" lon="3.2441">
        <ele>828</ele>
        <time>2026-08-21T16:48:49+00:00</time>
      </trkpt>
      <trkpt lat="44.15227" lon="3.24415">
        <ele>828</ele>
        <time>2026-08-21T16:48:52+00:00</time>
      </trkpt>
      <trkpt lat="44.15227" lon="3.24418">
        <ele>828</ele>
        <time>2026-08-21T16:48:55+00:00</time>
      </trkpt>
      <trkpt lat="44.15233" lon="3.2443">
        <ele>828</ele>
        <time>2026-08-21T16:48:58+00:00</time>
      </trkpt>
      <trkpt lat="44.15235" lon="3.24436">
        <ele>828</ele>
        <time>2026-08-21T16:49:01+00:00</time>
      </trkpt>
      <trkpt lat="44.15238" lon="3.24453">
        <ele>830</ele>
        <time>2026-08-21T16:49:04+00:00</time>
      </trkpt>
      <trkpt lat="44.15237" lon="3.2446">
        <ele>830</ele>
        <time>2026-08-21T16:49:07+00:00</time>
      </trkpt>
      <trkpt lat="44.15234" lon="3.24472">
        <ele>830</ele>
        <time>2026-08-21T16:49:10+00:00</time>
      </trkpt>
      <trkpt lat="44.15234" lon="3.24487">
        <ele>831</ele>
        <time>2026-08-21T16:49:13+00:00</time>
      </trkpt>
      <trkpt lat="44.15233" lon="3.24489">
        <ele>831</ele>
        <time>2026-08-21T16:49:16+00:00</time>
      </trkpt>
      <trkpt lat="44.15229" lon="3.24494">
        <ele>833</ele>
        <time>2026-08-21T16:49:19+00:00</time>
      </trkpt>
      <trkpt lat="44.15221" lon="3.24509">
        <ele>833</ele>
        <time>2026-08-21T16:49:22+00:00</time>
      </trkpt>
      <trkpt lat="44.15219" lon="3.24521">
        <ele>836</ele>
        <time>2026-08-21T16:49:25+00:00</time>
      </trkpt>
      <trkpt lat="44.15219" lon="3.24533">
        <ele>837</ele>
        <time>2026-08-21T16:49:28+00:00</time>
      </trkpt>
      <trkpt lat="44.15218" lon="3.24539">
        <ele>837</ele>
        <time>2026-08-21T16:49:31+00:00</time>
      </trkpt>
      <trkpt lat="44.15217" lon="3.24565">
        <ele>839</ele>
        <time>2026-08-21T16:49:34+00:00</time>
      </trkpt>
      <trkpt lat="44.15218" lon="3.24568">
        <ele>839</ele>
        <time>2026-08-21T16:49:37+00:00</time>
      </trkpt>
      <trkpt lat="44.15221" lon="3.24575">
        <ele>840</ele>
        <time>2026-08-21T16:49:40+00:00</time>
      </trkpt>
      <trkpt lat="44.15222" lon="3.24584">
        <ele>841</ele>
        <time>2026-08-21T16:49:43+00:00</time>
      </trkpt>
      <trkpt lat="44.15226" lon="3.24595">
        <ele>842</ele>
        <time>2026-08-21T16:49:46+00:00</time>
      </trkpt>
      <trkpt lat="44.15226" lon="3.24598">
        <ele>842</ele>
        <time>2026-08-21T16:49:49+00:00</time>
      </trkpt>
      <trkpt lat="44.15229" lon="3.24609">
        <ele>843</ele>
        <time>2026-08-21T16:49:52+00:00</time>
      </trkpt>
      <trkpt lat="44.15229" lon="3.24612">
        <ele>844</ele>
        <time>2026-08-21T16:49:55+00:00</time>
      </trkpt>
      <trkpt lat="44.15229" lon="3.24618">
        <ele>844</ele>
        <time>2026-08-21T16:49:58+00:00</time>
      </trkpt>
      <trkpt lat="44.1523" lon="3.24625">
        <ele>844</ele>
        <time>2026-08-21T16:50:01+00:00</time>
      </trkpt>
      <trkpt lat="44.15233" lon="3.24633">
        <ele>846</ele>
        <time>2026-08-21T16:50:04+00:00</time>
      </trkpt>
      <trkpt lat="44.15234" lon="3.24638">
        <ele>846</ele>
        <time>2026-08-21T16:50:07+00:00</time>
      </trkpt>
      <trkpt lat="44.15241" lon="3.24658">
        <ele>847</ele>
        <time>2026-08-21T16:50:10+00:00</time>
      </trkpt>
      <trkpt lat="44.15242" lon="3.24664">
        <ele>848</ele>
        <time>2026-08-21T16:50:13+00:00</time>
      </trkpt>
      <trkpt lat="44.15245" lon="3.24669">
        <ele>848</ele>
        <time>2026-08-21T16:50:16+00:00</time>
      </trkpt>
      <trkpt lat="44.15247" lon="3.24674">
        <ele>849</ele>
        <time>2026-08-21T16:50:19+00:00</time>
      </trkpt>
      <trkpt lat="44.15251" lon="3.24685">
        <ele>848</ele>
        <time>2026-08-21T16:50:22+00:00</time>
      </trkpt>
      <trkpt lat="44.15253" lon="3.24692">
        <ele>850</ele>
        <time>2026-08-21T16:50:25+00:00</time>
      </trkpt>
      <trkpt lat="44.15253" lon="3.24695">
        <ele>850</ele>
        <time>2026-08-21T16:50:28+00:00</time>
      </trkpt>
      <trkpt lat="44.15251" lon="3.24703">
        <ele>851</ele>
        <time>2026-08-21T16:50:31+00:00</time>
      </trkpt>
      <trkpt lat="44.15251" lon="3.24712">
        <ele>852</ele>
        <time>2026-08-21T16:50:34+00:00</time>
      </trkpt>
      <trkpt lat="44.15249" lon="3.24721">
        <ele>855</ele>
        <time>2026-08-21T16:50:37+00:00</time>
      </trkpt>
      <trkpt lat="44.1525" lon="3.2473">
        <ele>856</ele>
        <time>2026-08-21T16:50:40+00:00</time>
      </trkpt>
      <trkpt lat="44.15248" lon="3.24738">
        <ele>856</ele>
        <time>2026-08-21T16:50:43+00:00</time>
      </trkpt>
      <trkpt lat="44.15247" lon="3.2474">
        <ele>857</ele>
        <time>2026-08-21T16:50:46+00:00</time>
      </trkpt>
      <trkpt lat="44.15246" lon="3.24745">
        <ele>857</ele>
        <time>2026-08-21T16:50:49+00:00</time>
      </trkpt>
      <trkpt lat="44.15245" lon="3.24754">
        <ele>858</ele>
        <time>2026-08-21T16:50:52+00:00</time>
      </trkpt>
      <trkpt lat="44.15244" lon="3.24757">
        <ele>858</ele>
        <time>2026-08-21T16:50:55+00:00</time>
      </trkpt>
      <trkpt lat="44.15244" lon="3.24771">
        <ele>859</ele>
        <time>2026-08-21T16:50:58+00:00</time>
      </trkpt>
      <trkpt lat="44.15241" lon="3.24782">
        <ele>860</ele>
        <time>2026-08-21T16:51:01+00:00</time>
      </trkpt>
      <trkpt lat="44.15237" lon="3.24789">
        <ele>862</ele>
        <time>2026-08-21T16:51:04+00:00</time>
      </trkpt>
      <trkpt lat="44.15235" lon="3.24795">
        <ele>862</ele>
        <time>2026-08-21T16:51:07+00:00</time>
      </trkpt>
      <trkpt lat="44.15234" lon="3.24799">
        <ele>862</ele>
        <time>2026-08-21T16:51:10+00:00</time>
      </trkpt>
      <trkpt lat="44.15224" lon="3.24808">
        <ele>864</ele>
        <time>2026-08-21T16:51:13+00:00</time>
      </trkpt>
      <trkpt lat="44.15214" lon="3.24821">
        <ele>866</ele>
        <time>2026-08-21T16:51:16+00:00</time>
      </trkpt>
      <trkpt lat="44.15206" lon="3.24824">
        <ele>867</ele>
        <time>2026-08-21T16:51:19+00:00</time>
      </trkpt>
      <trkpt lat="44.15198" lon="3.2483">
        <ele>868</ele>
        <time>2026-08-21T16:51:22+00:00</time>
      </trkpt>
      <trkpt lat="44.15197" lon="3.24832">
        <ele>869</ele>
        <time>2026-08-21T16:51:25+00:00</time>
      </trkpt>
      <trkpt lat="44.15197" lon="3.24835">
        <ele>869</ele>
        <time>2026-08-21T16:51:28+00:00</time>
      </trkpt>
      <trkpt lat="44.15199" lon="3.24841">
        <ele>869</ele>
        <time>2026-08-21T16:51:31+00:00</time>
      </trkpt>
      <trkpt lat="44.15199" lon="3.24846">
        <ele>869</ele>
        <time>2026-08-21T16:51:34+00:00</time>
      </trkpt>
      <trkpt lat="44.15192" lon="3.24877">
        <ele>870</ele>
        <time>2026-08-21T16:51:37+00:00</time>
      </trkpt>
      <trkpt lat="44.15192" lon="3.24891">
        <ele>871</ele>
        <time>2026-08-21T16:51:40+00:00</time>
      </trkpt>
      <trkpt lat="44.15193" lon="3.249">
        <ele>871</ele>
        <time>2026-08-21T16:51:43+00:00</time>
      </trkpt>
      <trkpt lat="44.15193" lon="3.24908">
        <ele>871</ele>
        <time>2026-08-21T16:51:46+00:00</time>
      </trkpt>
      <trkpt lat="44.15188" lon="3.24926">
        <ele>871</ele>
        <time>2026-08-21T16:51:49+00:00</time>
      </trkpt>
      <trkpt lat="44.15178" lon="3.24944">
        <ele>872</ele>
        <time>2026-08-21T16:51:52+00:00</time>
      </trkpt>
      <trkpt lat="44.15174" lon="3.24951">
        <ele>872</ele>
        <time>2026-08-21T16:51:55+00:00</time>
      </trkpt>
      <trkpt lat="44.15172" lon="3.2496">
        <ele>873</ele>
        <time>2026-08-21T16:51:58+00:00</time>
      </trkpt>
      <trkpt lat="44.15172" lon="3.24964">
        <ele>873</ele>
        <time>2026-08-21T16:52:01+00:00</time>
      </trkpt>
      <trkpt lat="44.15172" lon="3.24967">
        <ele>873</ele>
        <time>2026-08-21T16:52:04+00:00</time>
      </trkpt>
      <trkpt lat="44.15177" lon="3.24979">
        <ele>874</ele>
        <time>2026-08-21T16:52:07+00:00</time>
      </trkpt>
      <trkpt lat="44.15176" lon="3.24988">
        <ele>875</ele>
        <time>2026-08-21T16:52:10+00:00</time>
      </trkpt>
      <trkpt lat="44.15172" lon="3.24999">
        <ele>877</ele>
        <time>2026-08-21T16:52:13+00:00</time>
      </trkpt>
      <trkpt lat="44.1517" lon="3.25024">
        <ele>875</ele>
        <time>2026-08-21T16:52:16+00:00</time>
      </trkpt>
      <trkpt lat="44.15169" lon="3.25029">
        <ele>878</ele>
        <time>2026-08-21T16:52:19+00:00</time>
      </trkpt>
      <trkpt lat="44.15166" lon="3.25033">
        <ele>879</ele>
        <time>2026-08-21T16:52:22+00:00</time>
      </trkpt>
      <trkpt lat="44.15163" lon="3.25034">
        <ele>879</ele>
        <time>2026-08-21T16:52:25+00:00</time>
      </trkpt>
      <trkpt lat="44.1516" lon="3.25034">
        <ele>878</ele>
        <time>2026-08-21T16:52:28+00:00</time>
      </trkpt>
      <trkpt lat="44.15156" lon="3.25035">
        <ele>878</ele>
        <time>2026-08-21T16:52:31+00:00</time>
      </trkpt>
      <trkpt lat="44.15145" lon="3.25044">
        <ele>873</ele>
        <time>2026-08-21T16:52:34+00:00</time>
      </trkpt>
      <trkpt lat="44.15141" lon="3.25046">
        <ele>876</ele>
        <time>2026-08-21T16:52:37+00:00</time>
      </trkpt>
      <trkpt lat="44.15138" lon="3.25046">
        <ele>873</ele>
        <time>2026-08-21T16:52:40+00:00</time>
      </trkpt>
      <trkpt lat="44.15119" lon="3.25041">
        <ele>872</ele>
        <time>2026-08-21T16:52:43+00:00</time>
      </trkpt>
      <trkpt lat="44.1511" lon="3.25039">
        <ele>871</ele>
        <time>2026-08-21T16:52:46+00:00</time>
      </trkpt>
      <trkpt lat="44.15102" lon="3.25042">
        <ele>871</ele>
        <time>2026-08-21T16:52:49+00:00</time>
      </trkpt>
      <trkpt lat="44.15091" lon="3.25047">
        <ele>872</ele>
        <time>2026-08-21T16:52:52+00:00</time>
      </trkpt>
      <trkpt lat="44.15084" lon="3.25049">
        <ele>871</ele>
        <time>2026-08-21T16:52:55+00:00</time>
      </trkpt>
      <trkpt lat="44.15076" lon="3.25049">
        <ele>872</ele>
        <time>2026-08-21T16:52:58+00:00</time>
      </trkpt>
      <trkpt lat="44.15072" lon="3.2505">
        <ele>873</ele>
        <time>2026-08-21T16:53:01+00:00</time>
      </trkpt>
      <trkpt lat="44.15065" lon="3.25053">
        <ele>873</ele>
        <time>2026-08-21T16:53:04+00:00</time>
      </trkpt>
      <trkpt lat="44.15058" lon="3.2506">
        <ele>873</ele>
        <time>2026-08-21T16:53:07+00:00</time>
      </trkpt>
      <trkpt lat="44.15049" lon="3.25071">
        <ele>873</ele>
        <time>2026-08-21T16:53:10+00:00</time>
      </trkpt>
      <trkpt lat="44.15044" lon="3.2508">
        <ele>874</ele>
        <time>2026-08-21T16:53:13+00:00</time>
      </trkpt>
      <trkpt lat="44.1504" lon="3.2509">
        <ele>873</ele>
        <time>2026-08-21T16:53:16+00:00</time>
      </trkpt>
      <trkpt lat="44.15037" lon="3.25099">
        <ele>873</ele>
        <time>2026-08-21T16:53:19+00:00</time>
      </trkpt>
      <trkpt lat="44.15035" lon="3.25111">
        <ele>873</ele>
        <time>2026-08-21T16:53:22+00:00</time>
      </trkpt>
      <trkpt lat="44.15035" lon="3.25116">
        <ele>873</ele>
        <time>2026-08-21T16:53:25+00:00</time>
      </trkpt>
      <trkpt lat="44.15037" lon="3.25126">
        <ele>872</ele>
        <time>2026-08-21T16:53:28+00:00</time>
      </trkpt>
      <trkpt lat="44.15038" lon="3.25131">
        <ele>872</ele>
        <time>2026-08-21T16:53:31+00:00</time>
      </trkpt>
      <trkpt lat="44.15039" lon="3.25137">
        <ele>872</ele>
        <time>2026-08-21T16:53:34+00:00</time>
      </trkpt>
      <trkpt lat="44.15043" lon="3.25154">
        <ele>871</ele>
        <time>2026-08-21T16:53:37+00:00</time>
      </trkpt>
      <trkpt lat="44.15045" lon="3.25178">
        <ele>871</ele>
        <time>2026-08-21T16:53:40+00:00</time>
      </trkpt>
      <trkpt lat="44.15047" lon="3.2519">
        <ele>871</ele>
        <time>2026-08-21T16:53:43+00:00</time>
      </trkpt>
      <trkpt lat="44.15049" lon="3.25201">
        <ele>871</ele>
        <time>2026-08-21T16:53:46+00:00</time>
      </trkpt>
      <trkpt lat="44.15056" lon="3.2523">
        <ele>871</ele>
        <time>2026-08-21T16:53:49+00:00</time>
      </trkpt>
      <trkpt lat="44.15059" lon="3.25252">
        <ele>870</ele>
        <time>2026-08-21T16:53:52+00:00</time>
      </trkpt>
      <trkpt lat="44.15067" lon="3.25284">
        <ele>869</ele>
        <time>2026-08-21T16:53:55+00:00</time>
      </trkpt>
      <trkpt lat="44.15073" lon="3.25328">
        <ele>869</ele>
        <time>2026-08-21T16:53:58+00:00</time>
      </trkpt>
      <trkpt lat="44.15078" lon="3.25348">
        <ele>870</ele>
        <time>2026-08-21T16:54:01+00:00</time>
      </trkpt>
      <trkpt lat="44.15079" lon="3.25358">
        <ele>870</ele>
        <time>2026-08-21T16:54:04+00:00</time>
      </trkpt>
      <trkpt lat="44.15083" lon="3.25378">
        <ele>871</ele>
        <time>2026-08-21T16:54:07+00:00</time>
      </trkpt>
      <trkpt lat="44.15085" lon="3.25383">
        <ele>871</ele>
        <time>2026-08-21T16:54:10+00:00</time>
      </trkpt>
      <trkpt lat="44.1509" lon="3.25394">
        <ele>871</ele>
        <time>2026-08-21T16:54:13+00:00</time>
      </trkpt>
      <trkpt lat="44.15094" lon="3.254">
        <ele>871</ele>
        <time>2026-08-21T16:54:16+00:00</time>
      </trkpt>
      <trkpt lat="44.15102" lon="3.25416">
        <ele>871</ele>
        <time>2026-08-21T16:54:19+00:00</time>
      </trkpt>
      <trkpt lat="44.1511" lon="3.25436">
        <ele>870</ele>
        <time>2026-08-21T16:54:22+00:00</time>
      </trkpt>
      <trkpt lat="44.15116" lon="3.25458">
        <ele>870</ele>
        <time>2026-08-21T16:54:25+00:00</time>
      </trkpt>
      <trkpt lat="44.15118" lon="3.25462">
        <ele>870</ele>
        <time>2026-08-21T16:54:28+00:00</time>
      </trkpt>
      <trkpt lat="44.15129" lon="3.25481">
        <ele>870</ele>
        <time>2026-08-21T16:54:31+00:00</time>
      </trkpt>
      <trkpt lat="44.15135" lon="3.25489">
        <ele>870</ele>
        <time>2026-08-21T16:54:34+00:00</time>
      </trkpt>
      <trkpt lat="44.15151" lon="3.25509">
        <ele>870</ele>
        <time>2026-08-21T16:54:37+00:00</time>
      </trkpt>
      <trkpt lat="44.15159" lon="3.25523">
        <ele>870</ele>
        <time>2026-08-21T16:54:40+00:00</time>
      </trkpt>
      <trkpt lat="44.15169" lon="3.25549">
        <ele>869</ele>
        <time>2026-08-21T16:54:43+00:00</time>
      </trkpt>
      <trkpt lat="44.15172" lon="3.2556">
        <ele>869</ele>
        <time>2026-08-21T16:54:46+00:00</time>
      </trkpt>
      <trkpt lat="44.15179" lon="3.25576">
        <ele>868</ele>
        <time>2026-08-21T16:54:49+00:00</time>
      </trkpt>
      <trkpt lat="44.15184" lon="3.25593">
        <ele>868</ele>
        <time>2026-08-21T16:54:52+00:00</time>
      </trkpt>
      <trkpt lat="44.15185" lon="3.256">
        <ele>868</ele>
        <time>2026-08-21T16:54:55+00:00</time>
      </trkpt>
      <trkpt lat="44.15185" lon="3.25619">
        <ele>866</ele>
        <time>2026-08-21T16:54:58+00:00</time>
      </trkpt>
      <trkpt lat="44.15183" lon="3.25632">
        <ele>866</ele>
        <time>2026-08-21T16:55:01+00:00</time>
      </trkpt>
      <trkpt lat="44.15176" lon="3.25664">
        <ele>865</ele>
        <time>2026-08-21T16:55:04+00:00</time>
      </trkpt>
      <trkpt lat="44.15175" lon="3.25676">
        <ele>865</ele>
        <time>2026-08-21T16:55:07+00:00</time>
      </trkpt>
      <trkpt lat="44.15175" lon="3.25681">
        <ele>865</ele>
        <time>2026-08-21T16:55:10+00:00</time>
      </trkpt>
      <trkpt lat="44.15176" lon="3.25687">
        <ele>865</ele>
        <time>2026-08-21T16:55:13+00:00</time>
      </trkpt>
      <trkpt lat="44.15178" lon="3.25692">
        <ele>865</ele>
        <time>2026-08-21T16:55:16+00:00</time>
      </trkpt>
      <trkpt lat="44.15179" lon="3.25697">
        <ele>865</ele>
        <time>2026-08-21T16:55:19+00:00</time>
      </trkpt>
      <trkpt lat="44.15185" lon="3.25704">
        <ele>866</ele>
        <time>2026-08-21T16:55:22+00:00</time>
      </trkpt>
      <trkpt lat="44.15188" lon="3.25708">
        <ele>866</ele>
        <time>2026-08-21T16:55:25+00:00</time>
      </trkpt>
      <trkpt lat="44.15198" lon="3.25713">
        <ele>866</ele>
        <time>2026-08-21T16:55:28+00:00</time>
      </trkpt>
      <trkpt lat="44.15216" lon="3.2572">
        <ele>868</ele>
        <time>2026-08-21T16:55:31+00:00</time>
      </trkpt>
      <trkpt lat="44.15239" lon="3.25722">
        <ele>869</ele>
        <time>2026-08-21T16:55:34+00:00</time>
      </trkpt>
      <trkpt lat="44.15245" lon="3.25725">
        <ele>869</ele>
        <time>2026-08-21T16:55:37+00:00</time>
      </trkpt>
      <trkpt lat="44.15252" lon="3.25726">
        <ele>870</ele>
        <time>2026-08-21T16:55:40+00:00</time>
      </trkpt>
      <trkpt lat="44.15269" lon="3.25733">
        <ele>872</ele>
        <time>2026-08-21T16:55:43+00:00</time>
      </trkpt>
      <trkpt lat="44.15281" lon="3.25739">
        <ele>873</ele>
        <time>2026-08-21T16:55:46+00:00</time>
      </trkpt>
      <trkpt lat="44.15283" lon="3.25741">
        <ele>873</ele>
        <time>2026-08-21T16:55:49+00:00</time>
      </trkpt>
      <trkpt lat="44.15285" lon="3.25751">
        <ele>873</ele>
        <time>2026-08-21T16:55:52+00:00</time>
      </trkpt>
      <trkpt lat="44.15284" lon="3.25756">
        <ele>873</ele>
        <time>2026-08-21T16:55:55+00:00</time>
      </trkpt>
      <trkpt lat="44.15283" lon="3.25762">
        <ele>873</ele>
        <time>2026-08-21T16:55:58+00:00</time>
      </trkpt>
      <trkpt lat="44.15283" lon="3.25776">
        <ele>873</ele>
        <time>2026-08-21T16:56:01+00:00</time>
      </trkpt>
      <trkpt lat="44.15283" lon="3.25784">
        <ele>873</ele>
        <time>2026-08-21T16:56:04+00:00</time>
      </trkpt>
      <trkpt lat="44.15288" lon="3.2581">
        <ele>873</ele>
        <time>2026-08-21T16:56:07+00:00</time>
      </trkpt>
      <trkpt lat="44.15292" lon="3.25833">
        <ele>872</ele>
        <time>2026-08-21T16:56:10+00:00</time>
      </trkpt>
      <trkpt lat="44.15293" lon="3.25845">
        <ele>871</ele>
        <time>2026-08-21T16:56:13+00:00</time>
      </trkpt>
      <trkpt lat="44.15293" lon="3.25863">
        <ele>871</ele>
        <time>2026-08-21T16:56:16+00:00</time>
      </trkpt>
      <trkpt lat="44.15287" lon="3.25877">
        <ele>870</ele>
        <time>2026-08-21T16:56:19+00:00</time>
      </trkpt>
      <trkpt lat="44.15283" lon="3.25889">
        <ele>870</ele>
        <time>2026-08-21T16:56:22+00:00</time>
      </trkpt>
      <trkpt lat="44.1528" lon="3.25894">
        <ele>870</ele>
        <time>2026-08-21T16:56:25+00:00</time>
      </trkpt>
      <trkpt lat="44.15278" lon="3.259">
        <ele>868</ele>
        <time>2026-08-21T16:56:28+00:00</time>
      </trkpt>
      <trkpt lat="44.15272" lon="3.25917">
        <ele>868</ele>
        <time>2026-08-21T16:56:31+00:00</time>
      </trkpt>
      <trkpt lat="44.15269" lon="3.2592">
        <ele>868</ele>
        <time>2026-08-21T16:56:34+00:00</time>
      </trkpt>
      <trkpt lat="44.15266" lon="3.2592">
        <ele>868</ele>
        <time>2026-08-21T16:56:37+00:00</time>
      </trkpt>
      <trkpt lat="44.15263" lon="3.25918">
        <ele>868</ele>
        <time>2026-08-21T16:56:40+00:00</time>
      </trkpt>
      <trkpt lat="44.15262" lon="3.25915">
        <ele>868</ele>
        <time>2026-08-21T16:56:43+00:00</time>
      </trkpt>
      <trkpt lat="44.15263" lon="3.2591">
        <ele>868</ele>
        <time>2026-08-21T16:56:46+00:00</time>
      </trkpt>
      <trkpt lat="44.15265" lon="3.25904">
        <ele>868</ele>
        <time>2026-08-21T16:56:49+00:00</time>
      </trkpt>
      <trkpt lat="44.15265" lon="3.25899">
        <ele>869</ele>
        <time>2026-08-21T16:56:52+00:00</time>
      </trkpt>
      <trkpt lat="44.15265" lon="3.25893">
        <ele>869</ele>
        <time>2026-08-21T16:56:55+00:00</time>
      </trkpt>
      <trkpt lat="44.15264" lon="3.25889">
        <ele>870</ele>
        <time>2026-08-21T16:56:58+00:00</time>
      </trkpt>
      <trkpt lat="44.15257" lon="3.25883">
        <ele>869</ele>
        <time>2026-08-21T16:57:01+00:00</time>
      </trkpt>
      <trkpt lat="44.15241" lon="3.25877">
        <ele>869</ele>
        <time>2026-08-21T16:57:04+00:00</time>
      </trkpt>
      <trkpt lat="44.15233" lon="3.25872">
        <ele>869</ele>
        <time>2026-08-21T16:57:07+00:00</time>
      </trkpt>
      <trkpt lat="44.15222" lon="3.25864">
        <ele>869</ele>
        <time>2026-08-21T16:57:10+00:00</time>
      </trkpt>
      <trkpt lat="44.15212" lon="3.25854">
        <ele>869</ele>
        <time>2026-08-21T16:57:13+00:00</time>
      </trkpt>
      <trkpt lat="44.15202" lon="3.25843">
        <ele>868</ele>
        <time>2026-08-21T16:57:16+00:00</time>
      </trkpt>
      <trkpt lat="44.1519" lon="3.25827">
        <ele>867</ele>
        <time>2026-08-21T16:57:19+00:00</time>
      </trkpt>
      <trkpt lat="44.15183" lon="3.25814">
        <ele>866</ele>
        <time>2026-08-21T16:57:22+00:00</time>
      </trkpt>
      <trkpt lat="44.15174" lon="3.25795">
        <ele>866</ele>
        <time>2026-08-21T16:57:25+00:00</time>
      </trkpt>
      <trkpt lat="44.15171" lon="3.25791">
        <ele>866</ele>
        <time>2026-08-21T16:57:28+00:00</time>
      </trkpt>
      <trkpt lat="44.15165" lon="3.25787">
        <ele>865</ele>
        <time>2026-08-21T16:57:31+00:00</time>
      </trkpt>
      <trkpt lat="44.15148" lon="3.25782">
        <ele>864</ele>
        <time>2026-08-21T16:57:34+00:00</time>
      </trkpt>
      <trkpt lat="44.15145" lon="3.2578">
        <ele>864</ele>
        <time>2026-08-21T16:57:37+00:00</time>
      </trkpt>
      <trkpt lat="44.15142" lon="3.25777">
        <ele>863</ele>
        <time>2026-08-21T16:57:40+00:00</time>
      </trkpt>
      <trkpt lat="44.15141" lon="3.25772">
        <ele>863</ele>
        <time>2026-08-21T16:57:43+00:00</time>
      </trkpt>
      <trkpt lat="44.15141" lon="3.25767">
        <ele>863</ele>
        <time>2026-08-21T16:57:46+00:00</time>
      </trkpt>
      <trkpt lat="44.15142" lon="3.25762">
        <ele>863</ele>
        <time>2026-08-21T16:57:49+00:00</time>
      </trkpt>
      <trkpt lat="44.15142" lon="3.25756">
        <ele>863</ele>
        <time>2026-08-21T16:57:52+00:00</time>
      </trkpt>
      <trkpt lat="44.1514" lon="3.25739">
        <ele>863</ele>
        <time>2026-08-21T16:57:55+00:00</time>
      </trkpt>
      <trkpt lat="44.15138" lon="3.25728">
        <ele>862</ele>
        <time>2026-08-21T16:57:58+00:00</time>
      </trkpt>
      <trkpt lat="44.15126" lon="3.25697">
        <ele>861</ele>
        <time>2026-08-21T16:58:01+00:00</time>
      </trkpt>
      <trkpt lat="44.15125" lon="3.25692">
        <ele>861</ele>
        <time>2026-08-21T16:58:04+00:00</time>
      </trkpt>
      <trkpt lat="44.15125" lon="3.25675">
        <ele>860</ele>
        <time>2026-08-21T16:58:07+00:00</time>
      </trkpt>
      <trkpt lat="44.15123" lon="3.25669">
        <ele>861</ele>
        <time>2026-08-21T16:58:10+00:00</time>
      </trkpt>
      <trkpt lat="44.15121" lon="3.25665">
        <ele>861</ele>
        <time>2026-08-21T16:58:13+00:00</time>
      </trkpt>
      <trkpt lat="44.15118" lon="3.25662">
        <ele>860</ele>
        <time>2026-08-21T16:58:16+00:00</time>
      </trkpt>
      <trkpt lat="44.15114" lon="3.2566">
        <ele>860</ele>
        <time>2026-08-21T16:58:19+00:00</time>
      </trkpt>
      <trkpt lat="44.15098" lon="3.25654">
        <ele>860</ele>
        <time>2026-08-21T16:58:22+00:00</time>
      </trkpt>
      <trkpt lat="44.15063" lon="3.25649">
        <ele>859</ele>
        <time>2026-08-21T16:58:25+00:00</time>
      </trkpt>
      <trkpt lat="44.15042" lon="3.25643">
        <ele>857</ele>
        <time>2026-08-21T16:58:28+00:00</time>
      </trkpt>
      <trkpt lat="44.15029" lon="3.25638">
        <ele>856</ele>
        <time>2026-08-21T16:58:31+00:00</time>
      </trkpt>
      <trkpt lat="44.1502" lon="3.25633">
        <ele>856</ele>
        <time>2026-08-21T16:58:34+00:00</time>
      </trkpt>
      <trkpt lat="44.15003" lon="3.25621">
        <ele>854</ele>
        <time>2026-08-21T16:58:37+00:00</time>
      </trkpt>
      <trkpt lat="44.14992" lon="3.25614">
        <ele>854</ele>
        <time>2026-08-21T16:58:40+00:00</time>
      </trkpt>
      <trkpt lat="44.14969" lon="3.25601">
        <ele>853</ele>
        <time>2026-08-21T16:58:43+00:00</time>
      </trkpt>
      <trkpt lat="44.14954" lon="3.25588">
        <ele>852</ele>
        <time>2026-08-21T16:58:46+00:00</time>
      </trkpt>
      <trkpt lat="44.14947" lon="3.25581">
        <ele>852</ele>
        <time>2026-08-21T16:58:49+00:00</time>
      </trkpt>
      <trkpt lat="44.14942" lon="3.25573">
        <ele>852</ele>
        <time>2026-08-21T16:58:52+00:00</time>
      </trkpt>
      <trkpt lat="44.14922" lon="3.25553">
        <ele>852</ele>
        <time>2026-08-21T16:58:55+00:00</time>
      </trkpt>
      <trkpt lat="44.14914" lon="3.25541">
        <ele>852</ele>
        <time>2026-08-21T16:58:58+00:00</time>
      </trkpt>
      <trkpt lat="44.14901" lon="3.25517">
        <ele>852</ele>
        <time>2026-08-21T16:59:01+00:00</time>
      </trkpt>
      <trkpt lat="44.14899" lon="3.25512">
        <ele>851</ele>
        <time>2026-08-21T16:59:04+00:00</time>
      </trkpt>
      <trkpt lat="44.14894" lon="3.25502">
        <ele>851</ele>
        <time>2026-08-21T16:59:07+00:00</time>
      </trkpt>
      <trkpt lat="44.14884" lon="3.25483">
        <ele>851</ele>
        <time>2026-08-21T16:59:10+00:00</time>
      </trkpt>
      <trkpt lat="44.14878" lon="3.25475">
        <ele>850</ele>
        <time>2026-08-21T16:59:13+00:00</time>
      </trkpt>
      <trkpt lat="44.14875" lon="3.25472">
        <ele>850</ele>
        <time>2026-08-21T16:59:16+00:00</time>
      </trkpt>
      <trkpt lat="44.14871" lon="3.25469">
        <ele>851</ele>
        <time>2026-08-21T16:59:19+00:00</time>
      </trkpt>
      <trkpt lat="44.14867" lon="3.25468">
        <ele>851</ele>
        <time>2026-08-21T16:59:22+00:00</time>
      </trkpt>
      <trkpt lat="44.1486" lon="3.2547">
        <ele>850</ele>
        <time>2026-08-21T16:59:25+00:00</time>
      </trkpt>
      <trkpt lat="44.14852" lon="3.25474">
        <ele>850</ele>
        <time>2026-08-21T16:59:28+00:00</time>
      </trkpt>
      <trkpt lat="44.14831" lon="3.25486">
        <ele>847</ele>
        <time>2026-08-21T16:59:31+00:00</time>
      </trkpt>
      <trkpt lat="44.14824" lon="3.25491">
        <ele>845</ele>
        <time>2026-08-21T16:59:34+00:00</time>
      </trkpt>
      <trkpt lat="44.14815" lon="3.25495">
        <ele>844</ele>
        <time>2026-08-21T16:59:37+00:00</time>
      </trkpt>
      <trkpt lat="44.14811" lon="3.25495">
        <ele>844</ele>
        <time>2026-08-21T16:59:40+00:00</time>
      </trkpt>
      <trkpt lat="44.14806" lon="3.25494">
        <ele>843</ele>
        <time>2026-08-21T16:59:43+00:00</time>
      </trkpt>
      <trkpt lat="44.14802" lon="3.25492">
        <ele>843</ele>
        <time>2026-08-21T16:59:46+00:00</time>
      </trkpt>
      <trkpt lat="44.14774" lon="3.25464">
        <ele>842</ele>
        <time>2026-08-21T16:59:49+00:00</time>
      </trkpt>
      <trkpt lat="44.14767" lon="3.25458">
        <ele>841</ele>
        <time>2026-08-21T16:59:52+00:00</time>
      </trkpt>
      <trkpt lat="44.14763" lon="3.25456">
        <ele>841</ele>
        <time>2026-08-21T16:59:55+00:00</time>
      </trkpt>
      <trkpt lat="44.14755" lon="3.25453">
        <ele>841</ele>
        <time>2026-08-21T16:59:58+00:00</time>
      </trkpt>
      <trkpt lat="44.14743" lon="3.25452">
        <ele>840</ele>
        <time>2026-08-21T17:00:01+00:00</time>
      </trkpt>
      <trkpt lat="44.14722" lon="3.25454">
        <ele>840</ele>
        <time>2026-08-21T17:00:04+00:00</time>
      </trkpt>
      <trkpt lat="44.14709" lon="3.25457">
        <ele>839</ele>
        <time>2026-08-21T17:00:07+00:00</time>
      </trkpt>
      <trkpt lat="44.14685" lon="3.25465">
        <ele>836</ele>
        <time>2026-08-21T17:00:10+00:00</time>
      </trkpt>
      <trkpt lat="44.14676" lon="3.25464">
        <ele>835</ele>
        <time>2026-08-21T17:00:13+00:00</time>
      </trkpt>
      <trkpt lat="44.14664" lon="3.25462">
        <ele>834</ele>
        <time>2026-08-21T17:00:16+00:00</time>
      </trkpt>
      <trkpt lat="44.14647" lon="3.25456">
        <ele>833</ele>
        <time>2026-08-21T17:00:19+00:00</time>
      </trkpt>
      <trkpt lat="44.14638" lon="3.25454">
        <ele>833</ele>
        <time>2026-08-21T17:00:22+00:00</time>
      </trkpt>
      <trkpt lat="44.14626" lon="3.25454">
        <ele>833</ele>
        <time>2026-08-21T17:00:25+00:00</time>
      </trkpt>
      <trkpt lat="44.14609" lon="3.25456">
        <ele>832</ele>
        <time>2026-08-21T17:00:28+00:00</time>
      </trkpt>
      <trkpt lat="44.14602" lon="3.25456">
        <ele>832</ele>
        <time>2026-08-21T17:00:31+00:00</time>
      </trkpt>
      <trkpt lat="44.14596" lon="3.25455">
        <ele>831</ele>
        <time>2026-08-21T17:00:34+00:00</time>
      </trkpt>
      <trkpt lat="44.14578" lon="3.25449">
        <ele>830</ele>
        <time>2026-08-21T17:00:37+00:00</time>
      </trkpt>
      <trkpt lat="44.1456" lon="3.25444">
        <ele>829</ele>
        <time>2026-08-21T17:00:40+00:00</time>
      </trkpt>
      <trkpt lat="44.14556" lon="3.25443">
        <ele>829</ele>
        <time>2026-08-21T17:00:43+00:00</time>
      </trkpt>
      <trkpt lat="44.14548" lon="3.25444">
        <ele>829</ele>
        <time>2026-08-21T17:00:46+00:00</time>
      </trkpt>
      <trkpt lat="44.1454" lon="3.25445">
        <ele>829</ele>
        <time>2026-08-21T17:00:49+00:00</time>
      </trkpt>
      <trkpt lat="44.14532" lon="3.25445">
        <ele>828</ele>
        <time>2026-08-21T17:00:52+00:00</time>
      </trkpt>
      <trkpt lat="44.14524" lon="3.25442">
        <ele>826</ele>
        <time>2026-08-21T17:00:55+00:00</time>
      </trkpt>
      <trkpt lat="44.14507" lon="3.25433">
        <ele>825</ele>
        <time>2026-08-21T17:00:58+00:00</time>
      </trkpt>
      <trkpt lat="44.145" lon="3.25427">
        <ele>826</ele>
        <time>2026-08-21T17:01:01+00:00</time>
      </trkpt>
      <trkpt lat="44.14493" lon="3.2542">
        <ele>824</ele>
        <time>2026-08-21T17:01:04+00:00</time>
      </trkpt>
      <trkpt lat="44.1449" lon="3.25417">
        <ele>825</ele>
        <time>2026-08-21T17:01:07+00:00</time>
      </trkpt>
      <trkpt lat="44.14483" lon="3.25409">
        <ele>824</ele>
        <time>2026-08-21T17:01:10+00:00</time>
      </trkpt>
      <trkpt lat="44.14475" lon="3.25404">
        <ele>823</ele>
        <time>2026-08-21T17:01:13+00:00</time>
      </trkpt>
      <trkpt lat="44.14471" lon="3.25402">
        <ele>824</ele>
        <time>2026-08-21T17:01:16+00:00</time>
      </trkpt>
      <trkpt lat="44.14448" lon="3.254">
        <ele>824</ele>
        <time>2026-08-21T17:01:19+00:00</time>
      </trkpt>
      <trkpt lat="44.14441" lon="3.254">
        <ele>824</ele>
        <time>2026-08-21T17:01:22+00:00</time>
      </trkpt>
      <trkpt lat="44.14429" lon="3.25398">
        <ele>824</ele>
        <time>2026-08-21T17:01:25+00:00</time>
      </trkpt>
      <trkpt lat="44.14406" lon="3.25399">
        <ele>825</ele>
        <time>2026-08-21T17:01:28+00:00</time>
      </trkpt>
      <trkpt lat="44.14378" lon="3.25397">
        <ele>825</ele>
        <time>2026-08-21T17:01:31+00:00</time>
      </trkpt>
      <trkpt lat="44.14371" lon="3.25398">
        <ele>825</ele>
        <time>2026-08-21T17:01:34+00:00</time>
      </trkpt>
      <trkpt lat="44.14363" lon="3.25397">
        <ele>825</ele>
        <time>2026-08-21T17:01:37+00:00</time>
      </trkpt>
      <trkpt lat="44.1436" lon="3.25395">
        <ele>825</ele>
        <time>2026-08-21T17:01:40+00:00</time>
      </trkpt>
      <trkpt lat="44.14353" lon="3.25391">
        <ele>825</ele>
        <time>2026-08-21T17:01:43+00:00</time>
      </trkpt>
      <trkpt lat="44.14337" lon="3.25377">
        <ele>822</ele>
        <time>2026-08-21T17:01:46+00:00</time>
      </trkpt>
      <trkpt lat="44.14327" lon="3.2537">
        <ele>821</ele>
        <time>2026-08-21T17:01:49+00:00</time>
      </trkpt>
      <trkpt lat="44.14317" lon="3.25365">
        <ele>821</ele>
        <time>2026-08-21T17:01:52+00:00</time>
      </trkpt>
      <trkpt lat="44.14302" lon="3.25363">
        <ele>821</ele>
        <time>2026-08-21T17:01:55+00:00</time>
      </trkpt>
      <trkpt lat="44.14268" lon="3.25364">
        <ele>817</ele>
        <time>2026-08-21T17:01:58+00:00</time>
      </trkpt>
      <trkpt lat="44.1426" lon="3.25363">
        <ele>817</ele>
        <time>2026-08-21T17:02:01+00:00</time>
      </trkpt>
      <trkpt lat="44.14256" lon="3.25362">
        <ele>815</ele>
        <time>2026-08-21T17:02:04+00:00</time>
      </trkpt>
      <trkpt lat="44.1425" lon="3.2536">
        <ele>815</ele>
        <time>2026-08-21T17:02:07+00:00</time>
      </trkpt>
      <trkpt lat="44.14241" lon="3.25355">
        <ele>814</ele>
        <time>2026-08-21T17:02:10+00:00</time>
      </trkpt>
      <trkpt lat="44.14233" lon="3.25352">
        <ele>813</ele>
        <time>2026-08-21T17:02:13+00:00</time>
      </trkpt>
      <trkpt lat="44.14221" lon="3.25349">
        <ele>813</ele>
        <time>2026-08-21T17:02:16+00:00</time>
      </trkpt>
      <trkpt lat="44.14209" lon="3.25344">
        <ele>811</ele>
        <time>2026-08-21T17:02:19+00:00</time>
      </trkpt>
      <trkpt lat="44.1419" lon="3.25334">
        <ele>810</ele>
        <time>2026-08-21T17:02:22+00:00</time>
      </trkpt>
      <trkpt lat="44.14175" lon="3.25325">
        <ele>809</ele>
        <time>2026-08-21T17:02:25+00:00</time>
      </trkpt>
      <trkpt lat="44.14155" lon="3.25314">
        <ele>806</ele>
        <time>2026-08-21T17:02:28+00:00</time>
      </trkpt>
      <trkpt lat="44.14143" lon="3.25309">
        <ele>807</ele>
        <time>2026-08-21T17:02:31+00:00</time>
      </trkpt>
      <trkpt lat="44.14131" lon="3.25305">
        <ele>806</ele>
        <time>2026-08-21T17:02:34+00:00</time>
      </trkpt>
      <trkpt lat="44.14089" lon="3.25301">
        <ele>801</ele>
        <time>2026-08-21T17:02:37+00:00</time>
      </trkpt>
      <trkpt lat="44.1406" lon="3.25295">
        <ele>801</ele>
        <time>2026-08-21T17:02:40+00:00</time>
      </trkpt>
      <trkpt lat="44.14056" lon="3.25294">
        <ele>801</ele>
        <time>2026-08-21T17:02:43+00:00</time>
      </trkpt>
      <trkpt lat="44.14049" lon="3.25291">
        <ele>800</ele>
        <time>2026-08-21T17:02:46+00:00</time>
      </trkpt>
      <trkpt lat="44.1403" lon="3.25285">
        <ele>801</ele>
        <time>2026-08-21T17:02:49+00:00</time>
      </trkpt>
      <trkpt lat="44.14022" lon="3.25284">
        <ele>802</ele>
        <time>2026-08-21T17:02:52+00:00</time>
      </trkpt>
      <trkpt lat="44.14006" lon="3.25284">
        <ele>801</ele>
        <time>2026-08-21T17:02:55+00:00</time>
      </trkpt>
      <trkpt lat="44.13991" lon="3.25284">
        <ele>800</ele>
        <time>2026-08-21T17:02:58+00:00</time>
      </trkpt>
      <trkpt lat="44.13979" lon="3.25286">
        <ele>799</ele>
        <time>2026-08-21T17:03:01+00:00</time>
      </trkpt>
      <trkpt lat="44.13975" lon="3.25288">
        <ele>799</ele>
        <time>2026-08-21T17:03:04+00:00</time>
      </trkpt>
      <trkpt lat="44.13951" lon="3.25289">
        <ele>798</ele>
        <time>2026-08-21T17:03:07+00:00</time>
      </trkpt>
      <trkpt lat="44.13944" lon="3.25291">
        <ele>797</ele>
        <time>2026-08-21T17:03:10+00:00</time>
      </trkpt>
      <trkpt lat="44.13928" lon="3.25294">
        <ele>796</ele>
        <time>2026-08-21T17:03:13+00:00</time>
      </trkpt>
      <trkpt lat="44.13912" lon="3.25298">
        <ele>796</ele>
        <time>2026-08-21T17:03:16+00:00</time>
      </trkpt>
      <trkpt lat="44.13905" lon="3.25301">
        <ele>795</ele>
        <time>2026-08-21T17:03:19+00:00</time>
      </trkpt>
      <trkpt lat="44.13889" lon="3.25304">
        <ele>794</ele>
        <time>2026-08-21T17:03:22+00:00</time>
      </trkpt>
      <trkpt lat="44.13861" lon="3.25313">
        <ele>792</ele>
        <time>2026-08-21T17:03:25+00:00</time>
      </trkpt>
      <trkpt lat="44.13851" lon="3.25319">
        <ele>792</ele>
        <time>2026-08-21T17:03:28+00:00</time>
      </trkpt>
      <trkpt lat="44.13826" lon="3.25326">
        <ele>789</ele>
        <time>2026-08-21T17:03:31+00:00</time>
      </trkpt>
      <trkpt lat="44.13803" lon="3.25331">
        <ele>787</ele>
        <time>2026-08-21T17:03:34+00:00</time>
      </trkpt>
      <trkpt lat="44.138" lon="3.25332">
        <ele>786</ele>
        <time>2026-08-21T17:03:37+00:00</time>
      </trkpt>
      <trkpt lat="44.13796" lon="3.25333">
        <ele>786</ele>
        <time>2026-08-21T17:03:40+00:00</time>
      </trkpt>
      <trkpt lat="44.13789" lon="3.25332">
        <ele>785</ele>
        <time>2026-08-21T17:03:43+00:00</time>
      </trkpt>
      <trkpt lat="44.13782" lon="3.25334">
        <ele>785</ele>
        <time>2026-08-21T17:03:46+00:00</time>
      </trkpt>
      <trkpt lat="44.13774" lon="3.25335">
        <ele>784</ele>
        <time>2026-08-21T17:03:49+00:00</time>
      </trkpt>
      <trkpt lat="44.13759" lon="3.25338">
        <ele>783</ele>
        <time>2026-08-21T17:03:52+00:00</time>
      </trkpt>
      <trkpt lat="44.13743" lon="3.25338">
        <ele>781</ele>
        <time>2026-08-21T17:03:55+00:00</time>
      </trkpt>
      <trkpt lat="44.13732" lon="3.25341">
        <ele>781</ele>
        <time>2026-08-21T17:03:58+00:00</time>
      </trkpt>
      <trkpt lat="44.1372" lon="3.25342">
        <ele>781</ele>
        <time>2026-08-21T17:04:01+00:00</time>
      </trkpt>
      <trkpt lat="44.13716" lon="3.25342">
        <ele>780</ele>
        <time>2026-08-21T17:04:04+00:00</time>
      </trkpt>
      <trkpt lat="44.13706" lon="3.25338">
        <ele>778</ele>
        <time>2026-08-21T17:04:07+00:00</time>
      </trkpt>
      <trkpt lat="44.1369" lon="3.25338">
        <ele>775</ele>
        <time>2026-08-21T17:04:10+00:00</time>
      </trkpt>
      <trkpt lat="44.13682" lon="3.25336">
        <ele>775</ele>
        <time>2026-08-21T17:04:13+00:00</time>
      </trkpt>
      <trkpt lat="44.13678" lon="3.25336">
        <ele>774</ele>
        <time>2026-08-21T17:04:16+00:00</time>
      </trkpt>
      <trkpt lat="44.1367" lon="3.25339">
        <ele>774</ele>
        <time>2026-08-21T17:04:19+00:00</time>
      </trkpt>
      <trkpt lat="44.13666" lon="3.2534">
        <ele>773</ele>
        <time>2026-08-21T17:04:22+00:00</time>
      </trkpt>
      <trkpt lat="44.13659" lon="3.25343">
        <ele>773</ele>
        <time>2026-08-21T17:04:25+00:00</time>
      </trkpt>
      <trkpt lat="44.13653" lon="3.25344">
        <ele>773</ele>
        <time>2026-08-21T17:04:28+00:00</time>
      </trkpt>
      <trkpt lat="44.13643" lon="3.25347">
        <ele>772</ele>
        <time>2026-08-21T17:04:31+00:00</time>
      </trkpt>
      <trkpt lat="44.13631" lon="3.25352">
        <ele>772</ele>
        <time>2026-08-21T17:04:34+00:00</time>
      </trkpt>
      <trkpt lat="44.13618" lon="3.25355">
        <ele>771</ele>
        <time>2026-08-21T17:04:37+00:00</time>
      </trkpt>
      <trkpt lat="44.1361" lon="3.25356">
        <ele>772</ele>
        <time>2026-08-21T17:04:40+00:00</time>
      </trkpt>
      <trkpt lat="44.13591" lon="3.25355">
        <ele>772</ele>
        <time>2026-08-21T17:04:43+00:00</time>
      </trkpt>
      <trkpt lat="44.13583" lon="3.25354">
        <ele>772</ele>
        <time>2026-08-21T17:04:46+00:00</time>
      </trkpt>
      <trkpt lat="44.13579" lon="3.25352">
        <ele>773</ele>
        <time>2026-08-21T17:04:49+00:00</time>
      </trkpt>
      <trkpt lat="44.1357" lon="3.25343">
        <ele>773</ele>
        <time>2026-08-21T17:04:52+00:00</time>
      </trkpt>
      <trkpt lat="44.13564" lon="3.25336">
        <ele>772</ele>
        <time>2026-08-21T17:04:55+00:00</time>
      </trkpt>
      <trkpt lat="44.13549" lon="3.25316">
        <ele>772</ele>
        <time>2026-08-21T17:04:58+00:00</time>
      </trkpt>
      <trkpt lat="44.13539" lon="3.25305">
        <ele>771</ele>
        <time>2026-08-21T17:05:01+00:00</time>
      </trkpt>
      <trkpt lat="44.13525" lon="3.25287">
        <ele>769</ele>
        <time>2026-08-21T17:05:04+00:00</time>
      </trkpt>
      <trkpt lat="44.1351" lon="3.25266">
        <ele>768</ele>
        <time>2026-08-21T17:05:07+00:00</time>
      </trkpt>
      <trkpt lat="44.13492" lon="3.25244">
        <ele>768</ele>
        <time>2026-08-21T17:05:10+00:00</time>
      </trkpt>
      <trkpt lat="44.13481" lon="3.25229">
        <ele>765</ele>
        <time>2026-08-21T17:05:13+00:00</time>
      </trkpt>
      <trkpt lat="44.1348" lon="3.25225">
        <ele>766</ele>
        <time>2026-08-21T17:05:16+00:00</time>
      </trkpt>
      <trkpt lat="44.13481" lon="3.2522">
        <ele>765</ele>
        <time>2026-08-21T17:05:19+00:00</time>
      </trkpt>
      <trkpt lat="44.13486" lon="3.2521">
        <ele>765</ele>
        <time>2026-08-21T17:05:22+00:00</time>
      </trkpt>
      <trkpt lat="44.13489" lon="3.252">
        <ele>764</ele>
        <time>2026-08-21T17:05:25+00:00</time>
      </trkpt>
      <trkpt lat="44.13489" lon="3.25194">
        <ele>765</ele>
        <time>2026-08-21T17:05:28+00:00</time>
      </trkpt>
      <trkpt lat="44.13485" lon="3.25183">
        <ele>764</ele>
        <time>2026-08-21T17:05:31+00:00</time>
      </trkpt>
      <trkpt lat="44.13477" lon="3.25174">
        <ele>764</ele>
        <time>2026-08-21T17:05:34+00:00</time>
      </trkpt>
      <trkpt lat="44.13469" lon="3.25164">
        <ele>765</ele>
        <time>2026-08-21T17:05:37+00:00</time>
      </trkpt>
      <trkpt lat="44.13462" lon="3.25159">
        <ele>767</ele>
        <time>2026-08-21T17:05:40+00:00</time>
      </trkpt>
      <trkpt lat="44.13457" lon="3.25152">
        <ele>765</ele>
        <time>2026-08-21T17:05:43+00:00</time>
      </trkpt>
      <trkpt lat="44.13448" lon="3.25142">
        <ele>765</ele>
        <time>2026-08-21T17:05:46+00:00</time>
      </trkpt>
      <trkpt lat="44.1344" lon="3.25131">
        <ele>766</ele>
        <time>2026-08-21T17:05:49+00:00</time>
      </trkpt>
      <trkpt lat="44.1343" lon="3.2511">
        <ele>764</ele>
        <time>2026-08-21T17:05:52+00:00</time>
      </trkpt>
      <trkpt lat="44.13422" lon="3.25091">
        <ele>765</ele>
        <time>2026-08-21T17:05:55+00:00</time>
      </trkpt>
      <trkpt lat="44.13419" lon="3.25087">
        <ele>763</ele>
        <time>2026-08-21T17:05:58+00:00</time>
      </trkpt>
      <trkpt lat="44.13415" lon="3.25077">
        <ele>763</ele>
        <time>2026-08-21T17:06:01+00:00</time>
      </trkpt>
      <trkpt lat="44.13414" lon="3.25071">
        <ele>763</ele>
        <time>2026-08-21T17:06:04+00:00</time>
      </trkpt>
      <trkpt lat="44.13407" lon="3.2505">
        <ele>761</ele>
        <time>2026-08-21T17:06:07+00:00</time>
      </trkpt>
      <trkpt lat="44.13406" lon="3.25044">
        <ele>761</ele>
        <time>2026-08-21T17:06:10+00:00</time>
      </trkpt>
      <trkpt lat="44.13402" lon="3.25034">
        <ele>762</ele>
        <time>2026-08-21T17:06:13+00:00</time>
      </trkpt>
      <trkpt lat="44.13396" lon="3.25025">
        <ele>761</ele>
        <time>2026-08-21T17:06:16+00:00</time>
      </trkpt>
      <trkpt lat="44.1339" lon="3.25017">
        <ele>761</ele>
        <time>2026-08-21T17:06:19+00:00</time>
      </trkpt>
      <trkpt lat="44.1338" lon="3.25007">
        <ele>761</ele>
        <time>2026-08-21T17:06:22+00:00</time>
      </trkpt>
      <trkpt lat="44.13367" lon="3.24995">
        <ele>759</ele>
        <time>2026-08-21T17:06:25+00:00</time>
      </trkpt>
      <trkpt lat="44.13349" lon="3.24975">
        <ele>759</ele>
        <time>2026-08-21T17:06:28+00:00</time>
      </trkpt>
      <trkpt lat="44.13341" lon="3.24962">
        <ele>760</ele>
        <time>2026-08-21T17:06:31+00:00</time>
      </trkpt>
      <trkpt lat="44.13335" lon="3.24947">
        <ele>759</ele>
        <time>2026-08-21T17:06:34+00:00</time>
      </trkpt>
      <trkpt lat="44.13327" lon="3.24927">
        <ele>758</ele>
        <time>2026-08-21T17:06:37+00:00</time>
      </trkpt>
      <trkpt lat="44.13323" lon="3.24917">
        <ele>756</ele>
        <time>2026-08-21T17:06:40+00:00</time>
      </trkpt>
      <trkpt lat="44.1332" lon="3.24913">
        <ele>754</ele>
        <time>2026-08-21T17:06:43+00:00</time>
      </trkpt>
      <trkpt lat="44.13315" lon="3.24907">
        <ele>757</ele>
        <time>2026-08-21T17:06:46+00:00</time>
      </trkpt>
      <trkpt lat="44.13311" lon="3.24906">
        <ele>757</ele>
        <time>2026-08-21T17:06:49+00:00</time>
      </trkpt>
      <trkpt lat="44.13305" lon="3.24901">
        <ele>753</ele>
        <time>2026-08-21T17:06:52+00:00</time>
      </trkpt>
      <trkpt lat="44.13299" lon="3.24894">
        <ele>752</ele>
        <time>2026-08-21T17:06:55+00:00</time>
      </trkpt>
      <trkpt lat="44.13292" lon="3.24889">
        <ele>755</ele>
        <time>2026-08-21T17:06:58+00:00</time>
      </trkpt>
      <trkpt lat="44.13289" lon="3.24885">
        <ele>751</ele>
        <time>2026-08-21T17:07:01+00:00</time>
      </trkpt>
      <trkpt lat="44.13277" lon="3.24873">
        <ele>750</ele>
        <time>2026-08-21T17:07:04+00:00</time>
      </trkpt>
      <trkpt lat="44.13269" lon="3.24862">
        <ele>751</ele>
        <time>2026-08-21T17:07:07+00:00</time>
      </trkpt>
      <trkpt lat="44.1325" lon="3.24841">
        <ele>747</ele>
        <time>2026-08-21T17:07:10+00:00</time>
      </trkpt>
      <trkpt lat="44.13228" lon="3.24807">
        <ele>744</ele>
        <time>2026-08-21T17:07:13+00:00</time>
      </trkpt>
      <trkpt lat="44.13218" lon="3.24786">
        <ele>744</ele>
        <time>2026-08-21T17:07:16+00:00</time>
      </trkpt>
      <trkpt lat="44.13215" lon="3.24782">
        <ele>744</ele>
        <time>2026-08-21T17:07:19+00:00</time>
      </trkpt>
      <trkpt lat="44.13212" lon="3.24778">
        <ele>746</ele>
        <time>2026-08-21T17:07:22+00:00</time>
      </trkpt>
      <trkpt lat="44.13203" lon="3.24766">
        <ele>744</ele>
        <time>2026-08-21T17:07:25+00:00</time>
      </trkpt>
      <trkpt lat="44.13196" lon="3.24758">
        <ele>744</ele>
        <time>2026-08-21T17:07:28+00:00</time>
      </trkpt>
      <trkpt lat="44.13192" lon="3.2475">
        <ele>745</ele>
        <time>2026-08-21T17:07:31+00:00</time>
      </trkpt>
      <trkpt lat="44.13186" lon="3.24742">
        <ele>742</ele>
        <time>2026-08-21T17:07:34+00:00</time>
      </trkpt>
      <trkpt lat="44.13181" lon="3.24735">
        <ele>743</ele>
        <time>2026-08-21T17:07:37+00:00</time>
      </trkpt>
      <trkpt lat="44.13175" lon="3.24729">
        <ele>744</ele>
        <time>2026-08-21T17:07:40+00:00</time>
      </trkpt>
      <trkpt lat="44.13165" lon="3.24717">
        <ele>743</ele>
        <time>2026-08-21T17:07:43+00:00</time>
      </trkpt>
      <trkpt lat="44.1316" lon="3.24707">
        <ele>742</ele>
        <time>2026-08-21T17:07:46+00:00</time>
      </trkpt>
      <trkpt lat="44.13154" lon="3.24701">
        <ele>742</ele>
        <time>2026-08-21T17:07:49+00:00</time>
      </trkpt>
      <trkpt lat="44.13149" lon="3.24694">
        <ele>741</ele>
        <time>2026-08-21T17:07:52+00:00</time>
      </trkpt>
      <trkpt lat="44.13147" lon="3.24689">
        <ele>745</ele>
        <time>2026-08-21T17:07:55+00:00</time>
      </trkpt>
      <trkpt lat="44.13139" lon="3.24679">
        <ele>739</ele>
        <time>2026-08-21T17:07:58+00:00</time>
      </trkpt>
      <trkpt lat="44.13132" lon="3.24667">
        <ele>741</ele>
        <time>2026-08-21T17:08:01+00:00</time>
      </trkpt>
      <trkpt lat="44.13123" lon="3.24654">
        <ele>738</ele>
        <time>2026-08-21T17:08:04+00:00</time>
      </trkpt>
      <trkpt lat="44.13116" lon="3.24647">
        <ele>737</ele>
        <time>2026-08-21T17:08:07+00:00</time>
      </trkpt>
      <trkpt lat="44.13111" lon="3.24642">
        <ele>737</ele>
        <time>2026-08-21T17:08:10+00:00</time>
      </trkpt>
      <trkpt lat="44.13094" lon="3.24631">
        <ele>735</ele>
        <time>2026-08-21T17:08:13+00:00</time>
      </trkpt>
      <trkpt lat="44.13079" lon="3.24627">
        <ele>735</ele>
        <time>2026-08-21T17:08:16+00:00</time>
      </trkpt>
      <trkpt lat="44.13063" lon="3.24625">
        <ele>733</ele>
        <time>2026-08-21T17:08:19+00:00</time>
      </trkpt>
      <trkpt lat="44.13051" lon="3.2462">
        <ele>731</ele>
        <time>2026-08-21T17:08:22+00:00</time>
      </trkpt>
      <trkpt lat="44.13031" lon="3.24612">
        <ele>731</ele>
        <time>2026-08-21T17:08:25+00:00</time>
      </trkpt>
      <trkpt lat="44.13024" lon="3.24607">
        <ele>731</ele>
        <time>2026-08-21T17:08:28+00:00</time>
      </trkpt>
      <trkpt lat="44.13017" lon="3.24601">
        <ele>728</ele>
        <time>2026-08-21T17:08:31+00:00</time>
      </trkpt>
      <trkpt lat="44.13009" lon="3.24588">
        <ele>726</ele>
        <time>2026-08-21T17:08:34+00:00</time>
      </trkpt>
      <trkpt lat="44.13" lon="3.2458">
        <ele>724</ele>
        <time>2026-08-21T17:08:37+00:00</time>
      </trkpt>
      <trkpt lat="44.12995" lon="3.24572">
        <ele>724</ele>
        <time>2026-08-21T17:08:40+00:00</time>
      </trkpt>
      <trkpt lat="44.12993" lon="3.24568">
        <ele>722</ele>
        <time>2026-08-21T17:08:43+00:00</time>
      </trkpt>
      <trkpt lat="44.12992" lon="3.24563">
        <ele>722</ele>
        <time>2026-08-21T17:08:46+00:00</time>
      </trkpt>
      <trkpt lat="44.12994" lon="3.24558">
        <ele>719</ele>
        <time>2026-08-21T17:08:49+00:00</time>
      </trkpt>
      <trkpt lat="44.12996" lon="3.24554">
        <ele>719</ele>
        <time>2026-08-21T17:08:52+00:00</time>
      </trkpt>
      <trkpt lat="44.13008" lon="3.2454">
        <ele>715</ele>
        <time>2026-08-21T17:08:55+00:00</time>
      </trkpt>
      <trkpt lat="44.13013" lon="3.24531">
        <ele>717</ele>
        <time>2026-08-21T17:08:58+00:00</time>
      </trkpt>
      <trkpt lat="44.13026" lon="3.24517">
        <ele>715</ele>
        <time>2026-08-21T17:09:01+00:00</time>
      </trkpt>
      <trkpt lat="44.13034" lon="3.24503">
        <ele>711</ele>
        <time>2026-08-21T17:09:04+00:00</time>
      </trkpt>
      <trkpt lat="44.13048" lon="3.24483">
        <ele>708</ele>
        <time>2026-08-21T17:09:07+00:00</time>
      </trkpt>
      <trkpt lat="44.13061" lon="3.24469">
        <ele>708</ele>
        <time>2026-08-21T17:09:10+00:00</time>
      </trkpt>
      <trkpt lat="44.13067" lon="3.24462">
        <ele>708</ele>
        <time>2026-08-21T17:09:13+00:00</time>
      </trkpt>
      <trkpt lat="44.13075" lon="3.24449">
        <ele>701</ele>
        <time>2026-08-21T17:09:16+00:00</time>
      </trkpt>
      <trkpt lat="44.13076" lon="3.24445">
        <ele>701</ele>
        <time>2026-08-21T17:09:19+00:00</time>
      </trkpt>
      <trkpt lat="44.13083" lon="3.24438">
        <ele>708</ele>
        <time>2026-08-21T17:09:22+00:00</time>
      </trkpt>
      <trkpt lat="44.1308" lon="3.24437">
        <ele>697</ele>
        <time>2026-08-21T17:09:25+00:00</time>
      </trkpt>
      <trkpt lat="44.13063" lon="3.24456">
        <ele>705</ele>
        <time>2026-08-21T17:09:28+00:00</time>
      </trkpt>
      <trkpt lat="44.13051" lon="3.24462">
        <ele>705</ele>
        <time>2026-08-21T17:09:31+00:00</time>
      </trkpt>
      <trkpt lat="44.13031" lon="3.24479">
        <ele>700</ele>
        <time>2026-08-21T17:09:34+00:00</time>
      </trkpt>
      <trkpt lat="44.13027" lon="3.24483">
        <ele>699</ele>
        <time>2026-08-21T17:09:37+00:00</time>
      </trkpt>
      <trkpt lat="44.13021" lon="3.24485">
        <ele>699</ele>
        <time>2026-08-21T17:09:40+00:00</time>
      </trkpt>
      <trkpt lat="44.13009" lon="3.24492">
        <ele>691</ele>
        <time>2026-08-21T17:09:43+00:00</time>
      </trkpt>
      <trkpt lat="44.12993" lon="3.24498">
        <ele>688</ele>
        <time>2026-08-21T17:09:46+00:00</time>
      </trkpt>
      <trkpt lat="44.1299" lon="3.24497">
        <ele>688</ele>
        <time>2026-08-21T17:09:49+00:00</time>
      </trkpt>
      <trkpt lat="44.12977" lon="3.24498">
        <ele>682</ele>
        <time>2026-08-21T17:09:52+00:00</time>
      </trkpt>
      <trkpt lat="44.1297" lon="3.24497">
        <ele>683</ele>
        <time>2026-08-21T17:09:55+00:00</time>
      </trkpt>
      <trkpt lat="44.12963" lon="3.24501">
        <ele>682</ele>
        <time>2026-08-21T17:09:58+00:00</time>
      </trkpt>
      <trkpt lat="44.12947" lon="3.24514">
        <ele>678</ele>
        <time>2026-08-21T17:10:01+00:00</time>
      </trkpt>
      <trkpt lat="44.12938" lon="3.24519">
        <ele>679</ele>
        <time>2026-08-21T17:10:04+00:00</time>
      </trkpt>
      <trkpt lat="44.12934" lon="3.24517">
        <ele>679</ele>
        <time>2026-08-21T17:10:07+00:00</time>
      </trkpt>
      <trkpt lat="44.12931" lon="3.24513">
        <ele>679</ele>
        <time>2026-08-21T17:10:10+00:00</time>
      </trkpt>
      <trkpt lat="44.12929" lon="3.24508">
        <ele>674</ele>
        <time>2026-08-21T17:10:13+00:00</time>
      </trkpt>
      <trkpt lat="44.12928" lon="3.24504">
        <ele>674</ele>
        <time>2026-08-21T17:10:16+00:00</time>
      </trkpt>
      <trkpt lat="44.12928" lon="3.245">
        <ele>669</ele>
        <time>2026-08-21T17:10:19+00:00</time>
      </trkpt>
      <trkpt lat="44.12932" lon="3.24492">
        <ele>669</ele>
        <time>2026-08-21T17:10:22+00:00</time>
      </trkpt>
      <trkpt lat="44.12931" lon="3.24489">
        <ele>662</ele>
        <time>2026-08-21T17:10:25+00:00</time>
      </trkpt>
      <trkpt lat="44.12932" lon="3.24488">
        <ele>662</ele>
        <time>2026-08-21T17:10:28+00:00</time>
      </trkpt>
      <trkpt lat="44.12937" lon="3.24487">
        <ele>662</ele>
        <time>2026-08-21T17:10:31+00:00</time>
      </trkpt>
      <trkpt lat="44.12944" lon="3.24484">
        <ele>664</ele>
        <time>2026-08-21T17:10:34+00:00</time>
      </trkpt>
      <trkpt lat="44.12952" lon="3.24482">
        <ele>665</ele>
        <time>2026-08-21T17:10:37+00:00</time>
      </trkpt>
      <trkpt lat="44.12956" lon="3.2448">
        <ele>661</ele>
        <time>2026-08-21T17:10:40+00:00</time>
      </trkpt>
      <trkpt lat="44.12957" lon="3.24477">
        <ele>661</ele>
        <time>2026-08-21T17:10:43+00:00</time>
      </trkpt>
      <trkpt lat="44.12955" lon="3.24476">
        <ele>661</ele>
        <time>2026-08-21T17:10:46+00:00</time>
      </trkpt>
      <trkpt lat="44.1295" lon="3.24477">
        <ele>660</ele>
        <time>2026-08-21T17:10:49+00:00</time>
      </trkpt>
      <trkpt lat="44.12946" lon="3.24474">
        <ele>660</ele>
        <time>2026-08-21T17:10:52+00:00</time>
      </trkpt>
      <trkpt lat="44.12943" lon="3.24473">
        <ele>660</ele>
        <time>2026-08-21T17:10:55+00:00</time>
      </trkpt>
      <trkpt lat="44.12937" lon="3.24469">
        <ele>655</ele>
        <time>2026-08-21T17:10:58+00:00</time>
      </trkpt>
      <trkpt lat="44.12934" lon="3.24467">
        <ele>655</ele>
        <time>2026-08-21T17:11:01+00:00</time>
      </trkpt>
      <trkpt lat="44.12922" lon="3.24468">
        <ele>654</ele>
        <time>2026-08-21T17:11:04+00:00</time>
      </trkpt>
      <trkpt lat="44.12924" lon="3.24464">
        <ele>654</ele>
        <time>2026-08-21T17:11:07+00:00</time>
      </trkpt>
      <trkpt lat="44.12928" lon="3.24462">
        <ele>654</ele>
        <time>2026-08-21T17:11:10+00:00</time>
      </trkpt>
      <trkpt lat="44.12938" lon="3.24458">
        <ele>651</ele>
        <time>2026-08-21T17:11:13+00:00</time>
      </trkpt>
      <trkpt lat="44.12948" lon="3.24453">
        <ele>652</ele>
        <time>2026-08-21T17:11:16+00:00</time>
      </trkpt>
      <trkpt lat="44.1296" lon="3.24443">
        <ele>646</ele>
        <time>2026-08-21T17:11:19+00:00</time>
      </trkpt>
      <trkpt lat="44.12966" lon="3.24435">
        <ele>647</ele>
        <time>2026-08-21T17:11:22+00:00</time>
      </trkpt>
      <trkpt lat="44.12977" lon="3.24425">
        <ele>646</ele>
        <time>2026-08-21T17:11:25+00:00</time>
      </trkpt>
      <trkpt lat="44.12984" lon="3.24417">
        <ele>646</ele>
        <time>2026-08-21T17:11:28+00:00</time>
      </trkpt>
      <trkpt lat="44.12993" lon="3.24406">
        <ele>647</ele>
        <time>2026-08-21T17:11:31+00:00</time>
      </trkpt>
      <trkpt lat="44.13008" lon="3.24387">
        <ele>651</ele>
        <time>2026-08-21T17:11:34+00:00</time>
      </trkpt>
      <trkpt lat="44.13011" lon="3.24378">
        <ele>656</ele>
        <time>2026-08-21T17:11:37+00:00</time>
      </trkpt>
      <trkpt lat="44.13011" lon="3.24374">
        <ele>656</ele>
        <time>2026-08-21T17:11:40+00:00</time>
      </trkpt>
      <trkpt lat="44.13007" lon="3.24371">
        <ele>652</ele>
        <time>2026-08-21T17:11:43+00:00</time>
      </trkpt>
      <trkpt lat="44.12996" lon="3.24368">
        <ele>651</ele>
        <time>2026-08-21T17:11:46+00:00</time>
      </trkpt>
      <trkpt lat="44.12987" lon="3.24368">
        <ele>655</ele>
        <time>2026-08-21T17:11:49+00:00</time>
      </trkpt>
      <trkpt lat="44.12974" lon="3.24366">
        <ele>651</ele>
        <time>2026-08-21T17:11:52+00:00</time>
      </trkpt>
      <trkpt lat="44.1297" lon="3.24365">
        <ele>651</ele>
        <time>2026-08-21T17:11:55+00:00</time>
      </trkpt>
      <trkpt lat="44.12963" lon="3.24359">
        <ele>649</ele>
        <time>2026-08-21T17:11:58+00:00</time>
      </trkpt>
      <trkpt lat="44.12948" lon="3.2434">
        <ele>647</ele>
        <time>2026-08-21T17:12:01+00:00</time>
      </trkpt>
      <trkpt lat="44.1293" lon="3.24316">
        <ele>643</ele>
        <time>2026-08-21T17:12:04+00:00</time>
      </trkpt>
      <trkpt lat="44.12928" lon="3.24312">
        <ele>638</ele>
        <time>2026-08-21T17:12:07+00:00</time>
      </trkpt>
      <trkpt lat="44.12914" lon="3.24293">
        <ele>638</ele>
        <time>2026-08-21T17:12:10+00:00</time>
      </trkpt>
      <trkpt lat="44.12912" lon="3.24288">
        <ele>639</ele>
        <time>2026-08-21T17:12:13+00:00</time>
      </trkpt>
      <trkpt lat="44.12908" lon="3.24267">
        <ele>637</ele>
        <time>2026-08-21T17:12:16+00:00</time>
      </trkpt>
      <trkpt lat="44.12908" lon="3.24262">
        <ele>634</ele>
        <time>2026-08-21T17:12:19+00:00</time>
      </trkpt>
      <trkpt lat="44.12908" lon="3.24251">
        <ele>634</ele>
        <time>2026-08-21T17:12:22+00:00</time>
      </trkpt>
      <trkpt lat="44.12913" lon="3.24226">
        <ele>637</ele>
        <time>2026-08-21T17:12:25+00:00</time>
      </trkpt>
      <trkpt lat="44.12919" lon="3.24184">
        <ele>636</ele>
        <time>2026-08-21T17:12:28+00:00</time>
      </trkpt>
      <trkpt lat="44.12924" lon="3.24158">
        <ele>636</ele>
        <time>2026-08-21T17:12:31+00:00</time>
      </trkpt>
      <trkpt lat="44.12924" lon="3.24148">
        <ele>635</ele>
        <time>2026-08-21T17:12:34+00:00</time>
      </trkpt>
      <trkpt lat="44.12927" lon="3.24132">
        <ele>633</ele>
        <time>2026-08-21T17:12:37+00:00</time>
      </trkpt>
      <trkpt lat="44.12931" lon="3.24118">
        <ele>636</ele>
        <time>2026-08-21T17:12:40+00:00</time>
      </trkpt>
      <trkpt lat="44.12934" lon="3.24115">
        <ele>634</ele>
        <time>2026-08-21T17:12:43+00:00</time>
      </trkpt>
      <trkpt lat="44.12943" lon="3.24107">
        <ele>635</ele>
        <time>2026-08-21T17:12:46+00:00</time>
      </trkpt>
      <trkpt lat="44.12945" lon="3.24103">
        <ele>635</ele>
        <time>2026-08-21T17:12:49+00:00</time>
      </trkpt>
      <trkpt lat="44.12946" lon="3.24099">
        <ele>637</ele>
        <time>2026-08-21T17:12:52+00:00</time>
      </trkpt>
      <trkpt lat="44.12944" lon="3.24096">
        <ele>637</ele>
        <time>2026-08-21T17:12:55+00:00</time>
      </trkpt>
      <trkpt lat="44.12938" lon="3.24089">
        <ele>639</ele>
        <time>2026-08-21T17:12:58+00:00</time>
      </trkpt>
      <trkpt lat="44.12932" lon="3.24087">
        <ele>639</ele>
        <time>2026-08-21T17:13:01+00:00</time>
      </trkpt>
      <trkpt lat="44.1292" lon="3.24076">
        <ele>636</ele>
        <time>2026-08-21T17:13:04+00:00</time>
      </trkpt>
      <trkpt lat="44.1291" lon="3.24062">
        <ele>637</ele>
        <time>2026-08-21T17:13:07+00:00</time>
      </trkpt>
      <trkpt lat="44.12907" lon="3.24061">
        <ele>636</ele>
        <time>2026-08-21T17:13:10+00:00</time>
      </trkpt>
      <trkpt lat="44.12904" lon="3.24062">
        <ele>636</ele>
        <time>2026-08-21T17:13:13+00:00</time>
      </trkpt>
      <trkpt lat="44.12896" lon="3.24067">
        <ele>649</ele>
        <time>2026-08-21T17:13:16+00:00</time>
      </trkpt>
      <trkpt lat="44.12887" lon="3.24076">
        <ele>635</ele>
        <time>2026-08-21T17:13:19+00:00</time>
      </trkpt>
      <trkpt lat="44.1288" lon="3.24082">
        <ele>637</ele>
        <time>2026-08-21T17:13:22+00:00</time>
      </trkpt>
      <trkpt lat="44.12867" lon="3.24094">
        <ele>635</ele>
        <time>2026-08-21T17:13:25+00:00</time>
      </trkpt>
      <trkpt lat="44.12856" lon="3.24099">
        <ele>637</ele>
        <time>2026-08-21T17:13:28+00:00</time>
      </trkpt>
      <trkpt lat="44.12838" lon="3.24104">
        <ele>635</ele>
        <time>2026-08-21T17:13:31+00:00</time>
      </trkpt>
      <trkpt lat="44.12824" lon="3.24111">
        <ele>633</ele>
        <time>2026-08-21T17:13:34+00:00</time>
      </trkpt>
      <trkpt lat="44.12811" lon="3.24118">
        <ele>635</ele>
        <time>2026-08-21T17:13:37+00:00</time>
      </trkpt>
      <trkpt lat="44.128" lon="3.24123">
        <ele>634</ele>
        <time>2026-08-21T17:13:40+00:00</time>
      </trkpt>
      <trkpt lat="44.1279" lon="3.24122">
        <ele>641</ele>
        <time>2026-08-21T17:13:43+00:00</time>
      </trkpt>
      <trkpt lat="44.12787" lon="3.24123">
        <ele>638</ele>
        <time>2026-08-21T17:13:46+00:00</time>
      </trkpt>
      <trkpt lat="44.12774" lon="3.24133">
        <ele>642</ele>
        <time>2026-08-21T17:13:49+00:00</time>
      </trkpt>
      <trkpt lat="44.12763" lon="3.24138">
        <ele>647</ele>
        <time>2026-08-21T17:13:52+00:00</time>
      </trkpt>
      <trkpt lat="44.12757" lon="3.2414">
        <ele>655</ele>
        <time>2026-08-21T17:13:55+00:00</time>
      </trkpt>
      <trkpt lat="44.12743" lon="3.24137">
        <ele>654</ele>
        <time>2026-08-21T17:13:58+00:00</time>
      </trkpt>
      <trkpt lat="44.12741" lon="3.24136">
        <ele>654</ele>
        <time>2026-08-21T17:14:01+00:00</time>
      </trkpt>
      <trkpt lat="44.1274" lon="3.24134">
        <ele>654</ele>
        <time>2026-08-21T17:14:04+00:00</time>
      </trkpt>
      <trkpt lat="44.12735" lon="3.24134">
        <ele>651</ele>
        <time>2026-08-21T17:14:07+00:00</time>
      </trkpt>
      <trkpt lat="44.12733" lon="3.24133">
        <ele>651</ele>
        <time>2026-08-21T17:14:10+00:00</time>
      </trkpt>
      <trkpt lat="44.12729" lon="3.24129">
        <ele>652</ele>
        <time>2026-08-21T17:14:13+00:00</time>
      </trkpt>
      <trkpt lat="44.12722" lon="3.24119">
        <ele>653</ele>
        <time>2026-08-21T17:14:16+00:00</time>
      </trkpt>
      <trkpt lat="44.12717" lon="3.24116">
        <ele>651</ele>
        <time>2026-08-21T17:14:19+00:00</time>
      </trkpt>
      <trkpt lat="44.12714" lon="3.24111">
        <ele>651</ele>
        <time>2026-08-21T17:14:22+00:00</time>
      </trkpt>
      <trkpt lat="44.12712" lon="3.24107">
        <ele>652</ele>
        <time>2026-08-21T17:14:25+00:00</time>
      </trkpt>
      <trkpt lat="44.12711" lon="3.24103">
        <ele>652</ele>
        <time>2026-08-21T17:14:28+00:00</time>
      </trkpt>
      <trkpt lat="44.12712" lon="3.24093">
        <ele>652</ele>
        <time>2026-08-21T17:14:31+00:00</time>
      </trkpt>
      <trkpt lat="44.12714" lon="3.24086">
        <ele>652</ele>
        <time>2026-08-21T17:14:34+00:00</time>
      </trkpt>
      <trkpt lat="44.12713" lon="3.2408">
        <ele>652</ele>
        <time>2026-08-21T17:14:37+00:00</time>
      </trkpt>
      <trkpt lat="44.12714" lon="3.24075">
        <ele>652</ele>
        <time>2026-08-21T17:14:40+00:00</time>
      </trkpt>
      <trkpt lat="44.12715" lon="3.24072">
        <ele>652</ele>
        <time>2026-08-21T17:14:43+00:00</time>
      </trkpt>
      <trkpt lat="44.12716" lon="3.24062">
        <ele>652</ele>
        <time>2026-08-21T17:14:46+00:00</time>
      </trkpt>
      <trkpt lat="44.12718" lon="3.24022">
        <ele>653</ele>
        <time>2026-08-21T17:14:49+00:00</time>
      </trkpt>
      <trkpt lat="44.12718" lon="3.24019">
        <ele>658</ele>
        <time>2026-08-21T17:14:52+00:00</time>
      </trkpt>
      <trkpt lat="44.12719" lon="3.24016">
        <ele>658</ele>
        <time>2026-08-21T17:14:55+00:00</time>
      </trkpt>
      <trkpt lat="44.1272" lon="3.24009">
        <ele>661</ele>
        <time>2026-08-21T17:14:58+00:00</time>
      </trkpt>
      <trkpt lat="44.1272" lon="3.23999">
        <ele>664</ele>
        <time>2026-08-21T17:15:01+00:00</time>
      </trkpt>
      <trkpt lat="44.12709" lon="3.23989">
        <ele>667</ele>
        <time>2026-08-21T17:15:04+00:00</time>
      </trkpt>
      <trkpt lat="44.12704" lon="3.23982">
        <ele>667</ele>
        <time>2026-08-21T17:15:07+00:00</time>
      </trkpt>
      <trkpt lat="44.12696" lon="3.23974">
        <ele>671</ele>
        <time>2026-08-21T17:15:10+00:00</time>
      </trkpt>
      <trkpt lat="44.1269" lon="3.23973">
        <ele>672</ele>
        <time>2026-08-21T17:15:13+00:00</time>
      </trkpt>
      <trkpt lat="44.12684" lon="3.2397">
        <ele>672</ele>
        <time>2026-08-21T17:15:16+00:00</time>
      </trkpt>
      <trkpt lat="44.1268" lon="3.23967">
        <ele>676</ele>
        <time>2026-08-21T17:15:19+00:00</time>
      </trkpt>
      <trkpt lat="44.12672" lon="3.23964">
        <ele>676</ele>
        <time>2026-08-21T17:15:22+00:00</time>
      </trkpt>
      <trkpt lat="44.12661" lon="3.23957">
        <ele>686</ele>
        <time>2026-08-21T17:15:25+00:00</time>
      </trkpt>
      <trkpt lat="44.12651" lon="3.23953">
        <ele>687</ele>
        <time>2026-08-21T17:15:28+00:00</time>
      </trkpt>
      <trkpt lat="44.12645" lon="3.23949">
        <ele>692</ele>
        <time>2026-08-21T17:15:31+00:00</time>
      </trkpt>
      <trkpt lat="44.1264" lon="3.23947">
        <ele>692</ele>
        <time>2026-08-21T17:15:34+00:00</time>
      </trkpt>
      <trkpt lat="44.12637" lon="3.23947">
        <ele>692</ele>
        <time>2026-08-21T17:15:37+00:00</time>
      </trkpt>
      <trkpt lat="44.12624" lon="3.23949">
        <ele>693</ele>
        <time>2026-08-21T17:15:40+00:00</time>
      </trkpt>
      <trkpt lat="44.12616" lon="3.23946">
        <ele>692</ele>
        <time>2026-08-21T17:15:43+00:00</time>
      </trkpt>
      <trkpt lat="44.12609" lon="3.23946">
        <ele>692</ele>
        <time>2026-08-21T17:15:46+00:00</time>
      </trkpt>
      <trkpt lat="44.12599" lon="3.23943">
        <ele>691</ele>
        <time>2026-08-21T17:15:49+00:00</time>
      </trkpt>
      <trkpt lat="44.12595" lon="3.23941">
        <ele>693</ele>
        <time>2026-08-21T17:15:52+00:00</time>
      </trkpt>
      <trkpt lat="44.12591" lon="3.23938">
        <ele>695</ele>
        <time>2026-08-21T17:15:55+00:00</time>
      </trkpt>
      <trkpt lat="44.12584" lon="3.23935">
        <ele>695</ele>
        <time>2026-08-21T17:15:58+00:00</time>
      </trkpt>
      <trkpt lat="44.12573" lon="3.23932">
        <ele>694</ele>
        <time>2026-08-21T17:16:01+00:00</time>
      </trkpt>
      <trkpt lat="44.12563" lon="3.23928">
        <ele>698</ele>
        <time>2026-08-21T17:16:04+00:00</time>
      </trkpt>
      <trkpt lat="44.1256" lon="3.23928">
        <ele>698</ele>
        <time>2026-08-21T17:16:07+00:00</time>
      </trkpt>
      <trkpt lat="44.12551" lon="3.2393">
        <ele>694</ele>
        <time>2026-08-21T17:16:10+00:00</time>
      </trkpt>
      <trkpt lat="44.12542" lon="3.23935">
        <ele>694</ele>
        <time>2026-08-21T17:16:13+00:00</time>
      </trkpt>
      <trkpt lat="44.12528" lon="3.23938">
        <ele>697</ele>
        <time>2026-08-21T17:16:16+00:00</time>
      </trkpt>
      <trkpt lat="44.12524" lon="3.23939">
        <ele>697</ele>
        <time>2026-08-21T17:16:19+00:00</time>
      </trkpt>
      <trkpt lat="44.12518" lon="3.2394">
        <ele>696</ele>
        <time>2026-08-21T17:16:22+00:00</time>
      </trkpt>
      <trkpt lat="44.12516" lon="3.23939">
        <ele>696</ele>
        <time>2026-08-21T17:16:25+00:00</time>
      </trkpt>
      <trkpt lat="44.1251" lon="3.23935">
        <ele>695</ele>
        <time>2026-08-21T17:16:28+00:00</time>
      </trkpt>
      <trkpt lat="44.12503" lon="3.23929">
        <ele>697</ele>
        <time>2026-08-21T17:16:31+00:00</time>
      </trkpt>
      <trkpt lat="44.125" lon="3.23925">
        <ele>692</ele>
        <time>2026-08-21T17:16:34+00:00</time>
      </trkpt>
      <trkpt lat="44.12498" lon="3.23913">
        <ele>694</ele>
        <time>2026-08-21T17:16:37+00:00</time>
      </trkpt>
      <trkpt lat="44.12498" lon="3.23909">
        <ele>694</ele>
        <time>2026-08-21T17:16:40+00:00</time>
      </trkpt>
      <trkpt lat="44.12499" lon="3.23903">
        <ele>698</ele>
        <time>2026-08-21T17:16:43+00:00</time>
      </trkpt>
      <trkpt lat="44.12505" lon="3.2388">
        <ele>698</ele>
        <time>2026-08-21T17:16:46+00:00</time>
      </trkpt>
      <trkpt lat="44.12506" lon="3.23878">
        <ele>696</ele>
        <time>2026-08-21T17:16:49+00:00</time>
      </trkpt>
      <trkpt lat="44.12514" lon="3.23867">
        <ele>699</ele>
        <time>2026-08-21T17:16:52+00:00</time>
      </trkpt>
      <trkpt lat="44.12517" lon="3.23861">
        <ele>699</ele>
        <time>2026-08-21T17:16:55+00:00</time>
      </trkpt>
      <trkpt lat="44.12522" lon="3.23844">
        <ele>704</ele>
        <time>2026-08-21T17:16:58+00:00</time>
      </trkpt>
      <trkpt lat="44.12523" lon="3.23838">
        <ele>699</ele>
        <time>2026-08-21T17:17:01+00:00</time>
      </trkpt>
      <trkpt lat="44.12529" lon="3.2383">
        <ele>699</ele>
        <time>2026-08-21T17:17:04+00:00</time>
      </trkpt>
      <trkpt lat="44.1253" lon="3.23826">
        <ele>708</ele>
        <time>2026-08-21T17:17:07+00:00</time>
      </trkpt>
      <trkpt lat="44.12536" lon="3.23818">
        <ele>707</ele>
        <time>2026-08-21T17:17:10+00:00</time>
      </trkpt>
      <trkpt lat="44.12539" lon="3.23814">
        <ele>707</ele>
        <time>2026-08-21T17:17:13+00:00</time>
      </trkpt>
      <trkpt lat="44.12544" lon="3.23804">
        <ele>711</ele>
        <time>2026-08-21T17:17:16+00:00</time>
      </trkpt>
      <trkpt lat="44.12547" lon="3.238">
        <ele>711</ele>
        <time>2026-08-21T17:17:19+00:00</time>
      </trkpt>
      <trkpt lat="44.12548" lon="3.23798">
        <ele>711</ele>
        <time>2026-08-21T17:17:22+00:00</time>
      </trkpt>
      <trkpt lat="44.12551" lon="3.23796">
        <ele>717</ele>
        <time>2026-08-21T17:17:25+00:00</time>
      </trkpt>
      <trkpt lat="44.12553" lon="3.23794">
        <ele>711</ele>
        <time>2026-08-21T17:17:28+00:00</time>
      </trkpt>
      <trkpt lat="44.12552" lon="3.23787">
        <ele>717</ele>
        <time>2026-08-21T17:17:31+00:00</time>
      </trkpt>
      <trkpt lat="44.12553" lon="3.23781">
        <ele>717</ele>
        <time>2026-08-21T17:17:34+00:00</time>
      </trkpt>
      <trkpt lat="44.12557" lon="3.23772">
        <ele>716</ele>
        <time>2026-08-21T17:17:37+00:00</time>
      </trkpt>
      <trkpt lat="44.1256" lon="3.23768">
        <ele>716</ele>
        <time>2026-08-21T17:17:40+00:00</time>
      </trkpt>
      <trkpt lat="44.12561" lon="3.23761">
        <ele>721</ele>
        <time>2026-08-21T17:17:43+00:00</time>
      </trkpt>
      <trkpt lat="44.12561" lon="3.23754">
        <ele>721</ele>
        <time>2026-08-21T17:17:46+00:00</time>
      </trkpt>
      <trkpt lat="44.12563" lon="3.23748">
        <ele>720</ele>
        <time>2026-08-21T17:17:49+00:00</time>
      </trkpt>
      <trkpt lat="44.12566" lon="3.23741">
        <ele>720</ele>
        <time>2026-08-21T17:17:52+00:00</time>
      </trkpt>
      <trkpt lat="44.12566" lon="3.23738">
        <ele>718</ele>
        <time>2026-08-21T17:17:55+00:00</time>
      </trkpt>
      <trkpt lat="44.12569" lon="3.23734">
        <ele>718</ele>
        <time>2026-08-21T17:17:58+00:00</time>
      </trkpt>
      <trkpt lat="44.12572" lon="3.23731">
        <ele>725</ele>
        <time>2026-08-21T17:18:01+00:00</time>
      </trkpt>
      <trkpt lat="44.12572" lon="3.23729">
        <ele>725</ele>
        <time>2026-08-21T17:18:04+00:00</time>
      </trkpt>
      <trkpt lat="44.12573" lon="3.23722">
        <ele>725</ele>
        <time>2026-08-21T17:18:07+00:00</time>
      </trkpt>
      <trkpt lat="44.12578" lon="3.23714">
        <ele>724</ele>
        <time>2026-08-21T17:18:10+00:00</time>
      </trkpt>
      <trkpt lat="44.12579" lon="3.2371">
        <ele>724</ele>
        <time>2026-08-21T17:18:13+00:00</time>
      </trkpt>
      <trkpt lat="44.12582" lon="3.23707">
        <ele>730</ele>
        <time>2026-08-21T17:18:16+00:00</time>
      </trkpt>
      <trkpt lat="44.12584" lon="3.23703">
        <ele>730</ele>
        <time>2026-08-21T17:18:19+00:00</time>
      </trkpt>
      <trkpt lat="44.12584" lon="3.23701">
        <ele>730</ele>
        <time>2026-08-21T17:18:22+00:00</time>
      </trkpt>
      <trkpt lat="44.12586" lon="3.23696">
        <ele>731</ele>
        <time>2026-08-21T17:18:25+00:00</time>
      </trkpt>
      <trkpt lat="44.12587" lon="3.23689">
        <ele>731</ele>
        <time>2026-08-21T17:18:28+00:00</time>
      </trkpt>
      <trkpt lat="44.12591" lon="3.23683">
        <ele>735</ele>
        <time>2026-08-21T17:18:31+00:00</time>
      </trkpt>
      <trkpt lat="44.12595" lon="3.23681">
        <ele>735</ele>
        <time>2026-08-21T17:18:34+00:00</time>
      </trkpt>
      <trkpt lat="44.126" lon="3.23675">
        <ele>740</ele>
        <time>2026-08-21T17:18:37+00:00</time>
      </trkpt>
      <trkpt lat="44.12604" lon="3.23675">
        <ele>740</ele>
        <time>2026-08-21T17:18:40+00:00</time>
      </trkpt>
      <trkpt lat="44.12606" lon="3.23673">
        <ele>740</ele>
        <time>2026-08-21T17:18:43+00:00</time>
      </trkpt>
      <trkpt lat="44.12608" lon="3.23673">
        <ele>740</ele>
        <time>2026-08-21T17:18:46+00:00</time>
      </trkpt>
      <trkpt lat="44.1261" lon="3.23672">
        <ele>740</ele>
        <time>2026-08-21T17:18:49+00:00</time>
      </trkpt>
      <trkpt lat="44.12614" lon="3.23673">
        <ele>743</ele>
        <time>2026-08-21T17:18:52+00:00</time>
      </trkpt>
      <trkpt lat="44.12621" lon="3.2367">
        <ele>746</ele>
        <time>2026-08-21T17:18:55+00:00</time>
      </trkpt>
      <trkpt lat="44.12623" lon="3.23672">
        <ele>746</ele>
        <time>2026-08-21T17:18:58+00:00</time>
      </trkpt>
      <trkpt lat="44.12622" lon="3.23682">
        <ele>749</ele>
        <time>2026-08-21T17:19:01+00:00</time>
      </trkpt>
      <trkpt lat="44.1262" lon="3.23683">
        <ele>749</ele>
        <time>2026-08-21T17:19:04+00:00</time>
      </trkpt>
      <trkpt lat="44.1262" lon="3.23687">
        <ele>745</ele>
        <time>2026-08-21T17:19:07+00:00</time>
      </trkpt>
      <trkpt lat="44.1262" lon="3.23691">
        <ele>747</ele>
        <time>2026-08-21T17:19:10+00:00</time>
      </trkpt>
      <trkpt lat="44.12622" lon="3.23692">
        <ele>751</ele>
        <time>2026-08-21T17:19:13+00:00</time>
      </trkpt>
      <trkpt lat="44.12627" lon="3.23688">
        <ele>749</ele>
        <time>2026-08-21T17:19:16+00:00</time>
      </trkpt>
      <trkpt lat="44.12634" lon="3.23685">
        <ele>753</ele>
        <time>2026-08-21T17:19:19+00:00</time>
      </trkpt>
      <trkpt lat="44.12639" lon="3.2368">
        <ele>753</ele>
        <time>2026-08-21T17:19:22+00:00</time>
      </trkpt>
      <trkpt lat="44.12641" lon="3.23679">
        <ele>754</ele>
        <time>2026-08-21T17:19:25+00:00</time>
      </trkpt>
      <trkpt lat="44.12644" lon="3.2368">
        <ele>754</ele>
        <time>2026-08-21T17:19:28+00:00</time>
      </trkpt>
      <trkpt lat="44.12649" lon="3.23677">
        <ele>754</ele>
        <time>2026-08-21T17:19:31+00:00</time>
      </trkpt>
      <trkpt lat="44.12657" lon="3.2367">
        <ele>757</ele>
        <time>2026-08-21T17:19:34+00:00</time>
      </trkpt>
      <trkpt lat="44.1266" lon="3.23668">
        <ele>757</ele>
        <time>2026-08-21T17:19:37+00:00</time>
      </trkpt>
      <trkpt lat="44.12666" lon="3.23662">
        <ele>757</ele>
        <time>2026-08-21T17:19:40+00:00</time>
      </trkpt>
      <trkpt lat="44.12667" lon="3.23659">
        <ele>759</ele>
        <time>2026-08-21T17:19:43+00:00</time>
      </trkpt>
      <trkpt lat="44.1267" lon="3.23658">
        <ele>759</ele>
        <time>2026-08-21T17:19:46+00:00</time>
      </trkpt>
      <trkpt lat="44.12674" lon="3.23656">
        <ele>761</ele>
        <time>2026-08-21T17:19:49+00:00</time>
      </trkpt>
      <trkpt lat="44.12678" lon="3.23656">
        <ele>761</ele>
        <time>2026-08-21T17:19:52+00:00</time>
      </trkpt>
      <trkpt lat="44.12681" lon="3.23655">
        <ele>761</ele>
        <time>2026-08-21T17:19:55+00:00</time>
      </trkpt>
      <trkpt lat="44.12688" lon="3.23652">
        <ele>761</ele>
        <time>2026-08-21T17:19:58+00:00</time>
      </trkpt>
      <trkpt lat="44.12696" lon="3.23647">
        <ele>760</ele>
        <time>2026-08-21T17:20:01+00:00</time>
      </trkpt>
      <trkpt lat="44.12701" lon="3.23646">
        <ele>762</ele>
        <time>2026-08-21T17:20:04+00:00</time>
      </trkpt>
      <trkpt lat="44.1271" lon="3.23639">
        <ele>763</ele>
        <time>2026-08-21T17:20:07+00:00</time>
      </trkpt>
      <trkpt lat="44.12717" lon="3.23631">
        <ele>763</ele>
        <time>2026-08-21T17:20:10+00:00</time>
      </trkpt>
      <trkpt lat="44.12719" lon="3.23631">
        <ele>763</ele>
        <time>2026-08-21T17:20:13+00:00</time>
      </trkpt>
      <trkpt lat="44.12722" lon="3.23632">
        <ele>768</ele>
        <time>2026-08-21T17:20:16+00:00</time>
      </trkpt>
      <trkpt lat="44.12726" lon="3.23631">
        <ele>768</ele>
        <time>2026-08-21T17:20:19+00:00</time>
      </trkpt>
      <trkpt lat="44.12733" lon="3.23625">
        <ele>770</ele>
        <time>2026-08-21T17:20:22+00:00</time>
      </trkpt>
      <trkpt lat="44.12736" lon="3.23625">
        <ele>770</ele>
        <time>2026-08-21T17:20:25+00:00</time>
      </trkpt>
      <trkpt lat="44.12743" lon="3.2363">
        <ele>776</ele>
        <time>2026-08-21T17:20:28+00:00</time>
      </trkpt>
      <trkpt lat="44.12745" lon="3.2363">
        <ele>774</ele>
        <time>2026-08-21T17:20:31+00:00</time>
      </trkpt>
      <trkpt lat="44.12746" lon="3.23627">
        <ele>774</ele>
        <time>2026-08-21T17:20:34+00:00</time>
      </trkpt>
      <trkpt lat="44.12751" lon="3.23624">
        <ele>779</ele>
        <time>2026-08-21T17:20:37+00:00</time>
      </trkpt>
      <trkpt lat="44.12752" lon="3.23621">
        <ele>779</ele>
        <time>2026-08-21T17:20:40+00:00</time>
      </trkpt>
      <trkpt lat="44.12754" lon="3.23618">
        <ele>778</ele>
        <time>2026-08-21T17:20:43+00:00</time>
      </trkpt>
      <trkpt lat="44.12757" lon="3.23616">
        <ele>778</ele>
        <time>2026-08-21T17:20:46+00:00</time>
      </trkpt>
      <trkpt lat="44.12759" lon="3.23611">
        <ele>778</ele>
        <time>2026-08-21T17:20:49+00:00</time>
      </trkpt>
      <trkpt lat="44.12759" lon="3.23608">
        <ele>777</ele>
        <time>2026-08-21T17:20:52+00:00</time>
      </trkpt>
      <trkpt lat="44.1276" lon="3.23606">
        <ele>783</ele>
        <time>2026-08-21T17:20:55+00:00</time>
      </trkpt>
      <trkpt lat="44.12764" lon="3.23606">
        <ele>783</ele>
        <time>2026-08-21T17:20:58+00:00</time>
      </trkpt>
      <trkpt lat="44.12771" lon="3.23597">
        <ele>785</ele>
        <time>2026-08-21T17:21:01+00:00</time>
      </trkpt>
      <trkpt lat="44.12776" lon="3.23596">
        <ele>785</ele>
        <time>2026-08-21T17:21:04+00:00</time>
      </trkpt>
      <trkpt lat="44.12777" lon="3.23595">
        <ele>785</ele>
        <time>2026-08-21T17:21:07+00:00</time>
      </trkpt>
      <trkpt lat="44.12784" lon="3.23593">
        <ele>792</ele>
        <time>2026-08-21T17:21:10+00:00</time>
      </trkpt>
      <trkpt lat="44.12787" lon="3.23591">
        <ele>792</ele>
        <time>2026-08-21T17:21:13+00:00</time>
      </trkpt>
      <trkpt lat="44.12793" lon="3.23587">
        <ele>794</ele>
        <time>2026-08-21T17:21:16+00:00</time>
      </trkpt>
      <trkpt lat="44.12798" lon="3.23584">
        <ele>794</ele>
        <time>2026-08-21T17:21:19+00:00</time>
      </trkpt>
      <trkpt lat="44.12806" lon="3.23576">
        <ele>795</ele>
        <time>2026-08-21T17:21:22+00:00</time>
      </trkpt>
      <trkpt lat="44.12813" lon="3.23571">
        <ele>799</ele>
        <time>2026-08-21T17:21:25+00:00</time>
      </trkpt>
      <trkpt lat="44.12825" lon="3.23554">
        <ele>798</ele>
        <time>2026-08-21T17:21:28+00:00</time>
      </trkpt>
      <trkpt lat="44.12832" lon="3.23549">
        <ele>799</ele>
        <time>2026-08-21T17:21:31+00:00</time>
      </trkpt>
      <trkpt lat="44.12846" lon="3.23538">
        <ele>802</ele>
        <time>2026-08-21T17:21:34+00:00</time>
      </trkpt>
      <trkpt lat="44.1286" lon="3.23524">
        <ele>805</ele>
        <time>2026-08-21T17:21:37+00:00</time>
      </trkpt>
      <trkpt lat="44.12865" lon="3.23522">
        <ele>805</ele>
        <time>2026-08-21T17:21:40+00:00</time>
      </trkpt>
      <trkpt lat="44.12876" lon="3.23519">
        <ele>805</ele>
        <time>2026-08-21T17:21:43+00:00</time>
      </trkpt>
      <trkpt lat="44.12887" lon="3.2352">
        <ele>806</ele>
        <time>2026-08-21T17:21:46+00:00</time>
      </trkpt>
      <trkpt lat="44.1289" lon="3.23519">
        <ele>806</ele>
        <time>2026-08-21T17:21:49+00:00</time>
      </trkpt>
      <trkpt lat="44.129" lon="3.23513">
        <ele>809</ele>
        <time>2026-08-21T17:21:52+00:00</time>
      </trkpt>
      <trkpt lat="44.12912" lon="3.2351">
        <ele>809</ele>
        <time>2026-08-21T17:21:55+00:00</time>
      </trkpt>
      <trkpt lat="44.12918" lon="3.23508">
        <ele>808</ele>
        <time>2026-08-21T17:21:58+00:00</time>
      </trkpt>
      <trkpt lat="44.12921" lon="3.23505">
        <ele>810</ele>
        <time>2026-08-21T17:22:01+00:00</time>
      </trkpt>
      <trkpt lat="44.12928" lon="3.23497">
        <ele>809</ele>
        <time>2026-08-21T17:22:04+00:00</time>
      </trkpt>
      <trkpt lat="44.12936" lon="3.23485">
        <ele>810</ele>
        <time>2026-08-21T17:22:07+00:00</time>
      </trkpt>
      <trkpt lat="44.12941" lon="3.23482">
        <ele>811</ele>
        <time>2026-08-21T17:22:10+00:00</time>
      </trkpt>
      <trkpt lat="44.12949" lon="3.23472">
        <ele>810</ele>
        <time>2026-08-21T17:22:13+00:00</time>
      </trkpt>
      <trkpt lat="44.12962" lon="3.23459">
        <ele>814</ele>
        <time>2026-08-21T17:22:16+00:00</time>
      </trkpt>
      <trkpt lat="44.12974" lon="3.23446">
        <ele>815</ele>
        <time>2026-08-21T17:22:19+00:00</time>
      </trkpt>
      <trkpt lat="44.12978" lon="3.2344">
        <ele>815</ele>
        <time>2026-08-21T17:22:22+00:00</time>
      </trkpt>
      <trkpt lat="44.12981" lon="3.23437">
        <ele>815</ele>
        <time>2026-08-21T17:22:25+00:00</time>
      </trkpt>
      <trkpt lat="44.12986" lon="3.23426">
        <ele>815</ele>
        <time>2026-08-21T17:22:28+00:00</time>
      </trkpt>
      <trkpt lat="44.12992" lon="3.23417">
        <ele>815</ele>
        <time>2026-08-21T17:22:31+00:00</time>
      </trkpt>
      <trkpt lat="44.12997" lon="3.23411">
        <ele>815</ele>
        <time>2026-08-21T17:22:34+00:00</time>
      </trkpt>
      <trkpt lat="44.13" lon="3.23408">
        <ele>814</ele>
        <time>2026-08-21T17:22:37+00:00</time>
      </trkpt>
      <trkpt lat="44.1301" lon="3.23402">
        <ele>816</ele>
        <time>2026-08-21T17:22:40+00:00</time>
      </trkpt>
      <trkpt lat="44.13019" lon="3.234">
        <ele>815</ele>
        <time>2026-08-21T17:22:43+00:00</time>
      </trkpt>
      <trkpt lat="44.13025" lon="3.23396">
        <ele>816</ele>
        <time>2026-08-21T17:22:46+00:00</time>
      </trkpt>
      <trkpt lat="44.13033" lon="3.23394">
        <ele>817</ele>
        <time>2026-08-21T17:22:49+00:00</time>
      </trkpt>
      <trkpt lat="44.13046" lon="3.23397">
        <ele>818</ele>
        <time>2026-08-21T17:22:52+00:00</time>
      </trkpt>
      <trkpt lat="44.13049" lon="3.23396">
        <ele>818</ele>
        <time>2026-08-21T17:22:55+00:00</time>
      </trkpt>
      <trkpt lat="44.13055" lon="3.23393">
        <ele>817</ele>
        <time>2026-08-21T17:22:58+00:00</time>
      </trkpt>
      <trkpt lat="44.13065" lon="3.23391">
        <ele>817</ele>
        <time>2026-08-21T17:23:01+00:00</time>
      </trkpt>
      <trkpt lat="44.13074" lon="3.23388">
        <ele>817</ele>
        <time>2026-08-21T17:23:04+00:00</time>
      </trkpt>
      <trkpt lat="44.13088" lon="3.23377">
        <ele>819</ele>
        <time>2026-08-21T17:23:07+00:00</time>
      </trkpt>
      <trkpt lat="44.13091" lon="3.23369">
        <ele>817</ele>
        <time>2026-08-21T17:23:10+00:00</time>
      </trkpt>
      <trkpt lat="44.13093" lon="3.23361">
        <ele>819</ele>
        <time>2026-08-21T17:23:13+00:00</time>
      </trkpt>
      <trkpt lat="44.13097" lon="3.23343">
        <ele>817</ele>
        <time>2026-08-21T17:23:16+00:00</time>
      </trkpt>
      <trkpt lat="44.13101" lon="3.23334">
        <ele>818</ele>
        <time>2026-08-21T17:23:19+00:00</time>
      </trkpt>
      <trkpt lat="44.13105" lon="3.23327">
        <ele>817</ele>
        <time>2026-08-21T17:23:22+00:00</time>
      </trkpt>
      <trkpt lat="44.13108" lon="3.23319">
        <ele>818</ele>
        <time>2026-08-21T17:23:25+00:00</time>
      </trkpt>
      <trkpt lat="44.13111" lon="3.23316">
        <ele>818</ele>
        <time>2026-08-21T17:23:28+00:00</time>
      </trkpt>
      <trkpt lat="44.13116" lon="3.23305">
        <ele>817</ele>
        <time>2026-08-21T17:23:31+00:00</time>
      </trkpt>
      <trkpt lat="44.13119" lon="3.23297">
        <ele>815</ele>
        <time>2026-08-21T17:23:34+00:00</time>
      </trkpt>
      <trkpt lat="44.13131" lon="3.23278">
        <ele>819</ele>
        <time>2026-08-21T17:23:37+00:00</time>
      </trkpt>
      <trkpt lat="44.13135" lon="3.23274">
        <ele>819</ele>
        <time>2026-08-21T17:23:40+00:00</time>
      </trkpt>
      <trkpt lat="44.13138" lon="3.23269">
        <ele>820</ele>
        <time>2026-08-21T17:23:43+00:00</time>
      </trkpt>
      <trkpt lat="44.13137" lon="3.23263">
        <ele>820</ele>
        <time>2026-08-21T17:23:46+00:00</time>
      </trkpt>
      <trkpt lat="44.13139" lon="3.23255">
        <ele>819</ele>
        <time>2026-08-21T17:23:49+00:00</time>
      </trkpt>
      <trkpt lat="44.13142" lon="3.23253">
        <ele>824</ele>
        <time>2026-08-21T17:23:52+00:00</time>
      </trkpt>
      <trkpt lat="44.13143" lon="3.2325">
        <ele>824</ele>
        <time>2026-08-21T17:23:55+00:00</time>
      </trkpt>
      <trkpt lat="44.13145" lon="3.23238">
        <ele>824</ele>
        <time>2026-08-21T17:23:58+00:00</time>
      </trkpt>
      <trkpt lat="44.13148" lon="3.23225">
        <ele>823</ele>
        <time>2026-08-21T17:24:01+00:00</time>
      </trkpt>
      <trkpt lat="44.13153" lon="3.23213">
        <ele>826</ele>
        <time>2026-08-21T17:24:04+00:00</time>
      </trkpt>
      <trkpt lat="44.13158" lon="3.23206">
        <ele>825</ele>
        <time>2026-08-21T17:24:07+00:00</time>
      </trkpt>
      <trkpt lat="44.13159" lon="3.23203">
        <ele>825</ele>
        <time>2026-08-21T17:24:10+00:00</time>
      </trkpt>
      <trkpt lat="44.13161" lon="3.232">
        <ele>825</ele>
        <time>2026-08-21T17:24:13+00:00</time>
      </trkpt>
      <trkpt lat="44.13172" lon="3.23193">
        <ele>828</ele>
        <time>2026-08-21T17:24:16+00:00</time>
      </trkpt>
      <trkpt lat="44.13178" lon="3.23189">
        <ele>825</ele>
        <time>2026-08-21T17:24:19+00:00</time>
      </trkpt>
      <trkpt lat="44.13179" lon="3.23187">
        <ele>825</ele>
        <time>2026-08-21T17:24:22+00:00</time>
      </trkpt>
      <trkpt lat="44.13184" lon="3.23183">
        <ele>829</ele>
        <time>2026-08-21T17:24:25+00:00</time>
      </trkpt>
      <trkpt lat="44.13195" lon="3.23167">
        <ele>826</ele>
        <time>2026-08-21T17:24:28+00:00</time>
      </trkpt>
      <trkpt lat="44.13198" lon="3.23161">
        <ele>826</ele>
        <time>2026-08-21T17:24:31+00:00</time>
      </trkpt>
      <trkpt lat="44.13199" lon="3.23158">
        <ele>822</ele>
        <time>2026-08-21T17:24:34+00:00</time>
      </trkpt>
      <trkpt lat="44.13202" lon="3.23152">
        <ele>835</ele>
        <time>2026-08-21T17:24:37+00:00</time>
      </trkpt>
      <trkpt lat="44.13203" lon="3.23149">
        <ele>835</ele>
        <time>2026-08-21T17:24:40+00:00</time>
      </trkpt>
      <trkpt lat="44.13204" lon="3.23141">
        <ele>829</ele>
        <time>2026-08-21T17:24:43+00:00</time>
      </trkpt>
      <trkpt lat="44.13206" lon="3.23128">
        <ele>834</ele>
        <time>2026-08-21T17:24:46+00:00</time>
      </trkpt>
      <trkpt lat="44.13207" lon="3.23124">
        <ele>834</ele>
        <time>2026-08-21T17:24:49+00:00</time>
      </trkpt>
      <trkpt lat="44.13209" lon="3.23121">
        <ele>834</ele>
        <time>2026-08-21T17:24:52+00:00</time>
      </trkpt>
      <trkpt lat="44.13216" lon="3.23106">
        <ele>830</ele>
        <time>2026-08-21T17:24:55+00:00</time>
      </trkpt>
      <trkpt lat="44.13217" lon="3.23099">
        <ele>833</ele>
        <time>2026-08-21T17:24:58+00:00</time>
      </trkpt>
      <trkpt lat="44.13218" lon="3.23096">
        <ele>833</ele>
        <time>2026-08-21T17:25:01+00:00</time>
      </trkpt>
      <trkpt lat="44.13218" lon="3.23091">
        <ele>833</ele>
        <time>2026-08-21T17:25:04+00:00</time>
      </trkpt>
      <trkpt lat="44.13216" lon="3.23087">
        <ele>834</ele>
        <time>2026-08-21T17:25:07+00:00</time>
      </trkpt>
      <trkpt lat="44.13214" lon="3.23083">
        <ele>834</ele>
        <time>2026-08-21T17:25:10+00:00</time>
      </trkpt>
      <trkpt lat="44.13208" lon="3.23076">
        <ele>832</ele>
        <time>2026-08-21T17:25:13+00:00</time>
      </trkpt>
      <trkpt lat="44.13205" lon="3.23067">
        <ele>833</ele>
        <time>2026-08-21T17:25:16+00:00</time>
      </trkpt>
      <trkpt lat="44.13204" lon="3.23059">
        <ele>833</ele>
        <time>2026-08-21T17:25:19+00:00</time>
      </trkpt>
      <trkpt lat="44.13206" lon="3.23049">
        <ele>832</ele>
        <time>2026-08-21T17:25:22+00:00</time>
      </trkpt>
      <trkpt lat="44.13209" lon="3.23041">
        <ele>832</ele>
        <time>2026-08-21T17:25:25+00:00</time>
      </trkpt>
      <trkpt lat="44.13211" lon="3.23037">
        <ele>835</ele>
        <time>2026-08-21T17:25:28+00:00</time>
      </trkpt>
      <trkpt lat="44.13215" lon="3.23031">
        <ele>835</ele>
        <time>2026-08-21T17:25:31+00:00</time>
      </trkpt>
      <trkpt lat="44.1322" lon="3.23022">
        <ele>835</ele>
        <time>2026-08-21T17:25:34+00:00</time>
      </trkpt>
      <trkpt lat="44.13224" lon="3.23017">
        <ele>835</ele>
        <time>2026-08-21T17:25:37+00:00</time>
      </trkpt>
      <trkpt lat="44.13233" lon="3.23008">
        <ele>835</ele>
        <time>2026-08-21T17:25:40+00:00</time>
      </trkpt>
      <trkpt lat="44.13237" lon="3.23003">
        <ele>835</ele>
        <time>2026-08-21T17:25:43+00:00</time>
      </trkpt>
      <trkpt lat="44.1324" lon="3.23002">
        <ele>838</ele>
        <time>2026-08-21T17:25:46+00:00</time>
      </trkpt>
      <trkpt lat="44.13247" lon="3.22996">
        <ele>836</ele>
        <time>2026-08-21T17:25:49+00:00</time>
      </trkpt>
      <trkpt lat="44.13256" lon="3.22987">
        <ele>837</ele>
        <time>2026-08-21T17:25:52+00:00</time>
      </trkpt>
      <trkpt lat="44.1326" lon="3.22983">
        <ele>837</ele>
        <time>2026-08-21T17:25:55+00:00</time>
      </trkpt>
      <trkpt lat="44.13264" lon="3.2298">
        <ele>840</ele>
        <time>2026-08-21T17:25:58+00:00</time>
      </trkpt>
      <trkpt lat="44.13268" lon="3.22976">
        <ele>839</ele>
        <time>2026-08-21T17:26:01+00:00</time>
      </trkpt>
      <trkpt lat="44.13272" lon="3.22967">
        <ele>841</ele>
        <time>2026-08-21T17:26:04+00:00</time>
      </trkpt>
      <trkpt lat="44.13282" lon="3.22954">
        <ele>843</ele>
        <time>2026-08-21T17:26:07+00:00</time>
      </trkpt>
      <trkpt lat="44.13283" lon="3.22948">
        <ele>842</ele>
        <time>2026-08-21T17:26:10+00:00</time>
      </trkpt>
      <trkpt lat="44.13283" lon="3.22944">
        <ele>840</ele>
        <time>2026-08-21T17:26:13+00:00</time>
      </trkpt>
      <trkpt lat="44.13286" lon="3.22935">
        <ele>840</ele>
        <time>2026-08-21T17:26:16+00:00</time>
      </trkpt>
      <trkpt lat="44.13292" lon="3.22923">
        <ele>839</ele>
        <time>2026-08-21T17:26:19+00:00</time>
      </trkpt>
      <trkpt lat="44.13293" lon="3.22919">
        <ele>840</ele>
        <time>2026-08-21T17:26:22+00:00</time>
      </trkpt>
      <trkpt lat="44.13295" lon="3.22909">
        <ele>841</ele>
        <time>2026-08-21T17:26:25+00:00</time>
      </trkpt>
      <trkpt lat="44.13295" lon="3.22904">
        <ele>841</ele>
        <time>2026-08-21T17:26:28+00:00</time>
      </trkpt>
      <trkpt lat="44.13292" lon="3.22901">
        <ele>841</ele>
        <time>2026-08-21T17:26:31+00:00</time>
      </trkpt>
      <trkpt lat="44.1329" lon="3.22899">
        <ele>841</ele>
        <time>2026-08-21T17:26:34+00:00</time>
      </trkpt>
      <trkpt lat="44.13287" lon="3.22898">
        <ele>841</ele>
        <time>2026-08-21T17:26:37+00:00</time>
      </trkpt>
      <trkpt lat="44.13284" lon="3.22895">
        <ele>841</ele>
        <time>2026-08-21T17:26:40+00:00</time>
      </trkpt>
      <trkpt lat="44.13282" lon="3.22892">
        <ele>841</ele>
        <time>2026-08-21T17:26:43+00:00</time>
      </trkpt>
      <trkpt lat="44.13281" lon="3.22872">
        <ele>841</ele>
        <time>2026-08-21T17:26:46+00:00</time>
      </trkpt>
      <trkpt lat="44.13281" lon="3.22862">
        <ele>841</ele>
        <time>2026-08-21T17:26:49+00:00</time>
      </trkpt>
      <trkpt lat="44.13281" lon="3.22842">
        <ele>839</ele>
        <time>2026-08-21T17:26:52+00:00</time>
      </trkpt>
      <trkpt lat="44.13282" lon="3.2283">
        <ele>842</ele>
        <time>2026-08-21T17:26:55+00:00</time>
      </trkpt>
      <trkpt lat="44.13281" lon="3.22825">
        <ele>842</ele>
        <time>2026-08-21T17:26:58+00:00</time>
      </trkpt>
      <trkpt lat="44.1328" lon="3.22822">
        <ele>839</ele>
        <time>2026-08-21T17:27:01+00:00</time>
      </trkpt>
      <trkpt lat="44.13277" lon="3.22812">
        <ele>838</ele>
        <time>2026-08-21T17:27:04+00:00</time>
      </trkpt>
      <trkpt lat="44.13275" lon="3.22809">
        <ele>837</ele>
        <time>2026-08-21T17:27:07+00:00</time>
      </trkpt>
      <trkpt lat="44.13274" lon="3.22808">
        <ele>837</ele>
        <time>2026-08-21T17:27:10+00:00</time>
      </trkpt>
      <trkpt lat="44.13268" lon="3.22809">
        <ele>833</ele>
        <time>2026-08-21T17:27:13+00:00</time>
      </trkpt>
      <trkpt lat="44.13264" lon="3.22802">
        <ele>833</ele>
        <time>2026-08-21T17:27:16+00:00</time>
      </trkpt>
      <trkpt lat="44.13262" lon="3.22807">
        <ele>833</ele>
        <time>2026-08-21T17:27:19+00:00</time>
      </trkpt>
      <trkpt lat="44.13258" lon="3.22812">
        <ele>825</ele>
        <time>2026-08-21T17:27:22+00:00</time>
      </trkpt>
      <trkpt lat="44.13255" lon="3.22812">
        <ele>825</ele>
        <time>2026-08-21T17:27:25+00:00</time>
      </trkpt>
      <trkpt lat="44.13254" lon="3.22809">
        <ele>827</ele>
        <time>2026-08-21T17:27:28+00:00</time>
      </trkpt>
      <trkpt lat="44.13253" lon="3.22801">
        <ele>827</ele>
        <time>2026-08-21T17:27:31+00:00</time>
      </trkpt>
      <trkpt lat="44.13248" lon="3.22791">
        <ele>829</ele>
        <time>2026-08-21T17:27:34+00:00</time>
      </trkpt>
      <trkpt lat="44.13247" lon="3.22784">
        <ele>821</ele>
        <time>2026-08-21T17:27:37+00:00</time>
      </trkpt>
      <trkpt lat="44.13248" lon="3.22775">
        <ele>821</ele>
        <time>2026-08-21T17:27:40+00:00</time>
      </trkpt>
      <trkpt lat="44.13249" lon="3.22771">
        <ele>821</ele>
        <time>2026-08-21T17:27:43+00:00</time>
      </trkpt>
      <trkpt lat="44.13249" lon="3.22767">
        <ele>823</ele>
        <time>2026-08-21T17:27:46+00:00</time>
      </trkpt>
      <trkpt lat="44.13246" lon="3.22755">
        <ele>825</ele>
        <time>2026-08-21T17:27:49+00:00</time>
      </trkpt>
      <trkpt lat="44.13245" lon="3.22751">
        <ele>825</ele>
        <time>2026-08-21T17:27:52+00:00</time>
      </trkpt>
      <trkpt lat="44.13245" lon="3.22748">
        <ele>826</ele>
        <time>2026-08-21T17:27:55+00:00</time>
      </trkpt>
      <trkpt lat="44.13244" lon="3.22744">
        <ele>826</ele>
        <time>2026-08-21T17:27:58+00:00</time>
      </trkpt>
      <trkpt lat="44.13241" lon="3.2274">
        <ele>826</ele>
        <time>2026-08-21T17:28:01+00:00</time>
      </trkpt>
      <trkpt lat="44.13242" lon="3.22737">
        <ele>824</ele>
        <time>2026-08-21T17:28:04+00:00</time>
      </trkpt>
      <trkpt lat="44.13243" lon="3.22736">
        <ele>824</ele>
        <time>2026-08-21T17:28:07+00:00</time>
      </trkpt>
      <trkpt lat="44.13247" lon="3.22733">
        <ele>827</ele>
        <time>2026-08-21T17:28:10+00:00</time>
      </trkpt>
      <trkpt lat="44.13254" lon="3.22731">
        <ele>827</ele>
        <time>2026-08-21T17:28:13+00:00</time>
      </trkpt>
      <trkpt lat="44.13257" lon="3.22728">
        <ele>825</ele>
        <time>2026-08-21T17:28:16+00:00</time>
      </trkpt>
      <trkpt lat="44.1326" lon="3.22725">
        <ele>830</ele>
        <time>2026-08-21T17:28:19+00:00</time>
      </trkpt>
      <trkpt lat="44.13262" lon="3.22722">
        <ele>830</ele>
        <time>2026-08-21T17:28:22+00:00</time>
      </trkpt>
      <trkpt lat="44.13262" lon="3.22714">
        <ele>829</ele>
        <time>2026-08-21T17:28:25+00:00</time>
      </trkpt>
      <trkpt lat="44.13263" lon="3.22709">
        <ele>829</ele>
        <time>2026-08-21T17:28:28+00:00</time>
      </trkpt>
      <trkpt lat="44.13263" lon="3.22702">
        <ele>829</ele>
        <time>2026-08-21T17:28:31+00:00</time>
      </trkpt>
      <trkpt lat="44.13262" lon="3.22699">
        <ele>832</ele>
        <time>2026-08-21T17:28:34+00:00</time>
      </trkpt>
      <trkpt lat="44.13259" lon="3.22697">
        <ele>829</ele>
        <time>2026-08-21T17:28:37+00:00</time>
      </trkpt>
      <trkpt lat="44.13253" lon="3.22696">
        <ele>829</ele>
        <time>2026-08-21T17:28:40+00:00</time>
      </trkpt>
      <trkpt lat="44.1324" lon="3.22694">
        <ele>828</ele>
        <time>2026-08-21T17:28:43+00:00</time>
      </trkpt>
      <trkpt lat="44.13244" lon="3.22681">
        <ele>828</ele>
        <time>2026-08-21T17:28:46+00:00</time>
      </trkpt>
      <trkpt lat="44.13249" lon="3.22671">
        <ele>827</ele>
        <time>2026-08-21T17:28:49+00:00</time>
      </trkpt>
      <trkpt lat="44.13251" lon="3.2267">
        <ele>829</ele>
        <time>2026-08-21T17:28:52+00:00</time>
      </trkpt>
      <trkpt lat="44.13252" lon="3.22663">
        <ele>829</ele>
        <time>2026-08-21T17:28:55+00:00</time>
      </trkpt>
      <trkpt lat="44.13251" lon="3.22654">
        <ele>828</ele>
        <time>2026-08-21T17:28:58+00:00</time>
      </trkpt>
      <trkpt lat="44.13248" lon="3.22648">
        <ele>817</ele>
        <time>2026-08-21T17:29:01+00:00</time>
      </trkpt>
      <trkpt lat="44.13246" lon="3.22639">
        <ele>811</ele>
        <time>2026-08-21T17:29:04+00:00</time>
      </trkpt>
      <trkpt lat="44.13246" lon="3.22628">
        <ele>807</ele>
        <time>2026-08-21T17:29:07+00:00</time>
      </trkpt>
      <trkpt lat="44.13252" lon="3.22619">
        <ele>782</ele>
        <time>2026-08-21T17:29:10+00:00</time>
      </trkpt>
      <trkpt lat="44.13256" lon="3.22614">
        <ele>782</ele>
        <time>2026-08-21T17:29:13+00:00</time>
      </trkpt>
      <trkpt lat="44.13258" lon="3.22613">
        <ele>782</ele>
        <time>2026-08-21T17:29:16+00:00</time>
      </trkpt>
      <trkpt lat="44.13263" lon="3.22614">
        <ele>814</ele>
        <time>2026-08-21T17:29:19+00:00</time>
      </trkpt>
      <trkpt lat="44.13271" lon="3.22617">
        <ele>795</ele>
        <time>2026-08-21T17:29:22+00:00</time>
      </trkpt>
      <trkpt lat="44.13276" lon="3.22617">
        <ele>795</ele>
        <time>2026-08-21T17:29:25+00:00</time>
      </trkpt>
      <trkpt lat="44.13278" lon="3.22619">
        <ele>795</ele>
        <time>2026-08-21T17:29:28+00:00</time>
      </trkpt>
      <trkpt lat="44.13282" lon="3.22626">
        <ele>822</ele>
        <time>2026-08-21T17:29:31+00:00</time>
      </trkpt>
      <trkpt lat="44.13287" lon="3.22628">
        <ele>822</ele>
        <time>2026-08-21T17:29:34+00:00</time>
      </trkpt>
      <trkpt lat="44.13293" lon="3.22625">
        <ele>825</ele>
        <time>2026-08-21T17:29:37+00:00</time>
      </trkpt>
      <trkpt lat="44.13295" lon="3.22626">
        <ele>825</ele>
        <time>2026-08-21T17:29:40+00:00</time>
      </trkpt>
      <trkpt lat="44.13298" lon="3.22626">
        <ele>825</ele>
        <time>2026-08-21T17:29:43+00:00</time>
      </trkpt>
      <trkpt lat="44.13299" lon="3.22627">
        <ele>825</ele>
        <time>2026-08-21T17:29:46+00:00</time>
      </trkpt>
      <trkpt lat="44.13301" lon="3.22629">
        <ele>835</ele>
        <time>2026-08-21T17:29:49+00:00</time>
      </trkpt>
      <trkpt lat="44.13302" lon="3.22633">
        <ele>834</ele>
        <time>2026-08-21T17:29:52+00:00</time>
      </trkpt>
      <trkpt lat="44.13303" lon="3.22635">
        <ele>834</ele>
        <time>2026-08-21T17:29:55+00:00</time>
      </trkpt>
      <trkpt lat="44.13304" lon="3.22638">
        <ele>834</ele>
        <time>2026-08-21T17:29:58+00:00</time>
      </trkpt>
      <trkpt lat="44.13304" lon="3.22641">
        <ele>836</ele>
        <time>2026-08-21T17:30:01+00:00</time>
      </trkpt>
      <trkpt lat="44.13303" lon="3.22644">
        <ele>836</ele>
        <time>2026-08-21T17:30:04+00:00</time>
      </trkpt>
      <trkpt lat="44.133" lon="3.2265">
        <ele>839</ele>
        <time>2026-08-21T17:30:07+00:00</time>
      </trkpt>
      <trkpt lat="44.13299" lon="3.22655">
        <ele>839</ele>
        <time>2026-08-21T17:30:10+00:00</time>
      </trkpt>
      <trkpt lat="44.13299" lon="3.22657">
        <ele>839</ele>
        <time>2026-08-21T17:30:13+00:00</time>
      </trkpt>
      <trkpt lat="44.1331" lon="3.22659">
        <ele>841</ele>
        <time>2026-08-21T17:30:16+00:00</time>
      </trkpt>
      <trkpt lat="44.13313" lon="3.22658">
        <ele>841</ele>
        <time>2026-08-21T17:30:19+00:00</time>
      </trkpt>
      <trkpt lat="44.13317" lon="3.22659">
        <ele>841</ele>
        <time>2026-08-21T17:30:22+00:00</time>
      </trkpt>
      <trkpt lat="44.1332" lon="3.22659">
        <ele>841</ele>
        <time>2026-08-21T17:30:25+00:00</time>
      </trkpt>
      <trkpt lat="44.13326" lon="3.22657">
        <ele>844</ele>
        <time>2026-08-21T17:30:28+00:00</time>
      </trkpt>
      <trkpt lat="44.13329" lon="3.22657">
        <ele>844</ele>
        <time>2026-08-21T17:30:31+00:00</time>
      </trkpt>
      <trkpt lat="44.13332" lon="3.22661">
        <ele>844</ele>
        <time>2026-08-21T17:30:34+00:00</time>
      </trkpt>
      <trkpt lat="44.13333" lon="3.22669">
        <ele>842</ele>
        <time>2026-08-21T17:30:37+00:00</time>
      </trkpt>
      <trkpt lat="44.13336" lon="3.22676">
        <ele>844</ele>
        <time>2026-08-21T17:30:40+00:00</time>
      </trkpt>
      <trkpt lat="44.13337" lon="3.2268">
        <ele>843</ele>
        <time>2026-08-21T17:30:43+00:00</time>
      </trkpt>
      <trkpt lat="44.13339" lon="3.22685">
        <ele>843</ele>
        <time>2026-08-21T17:30:46+00:00</time>
      </trkpt>
      <trkpt lat="44.13339" lon="3.22689">
        <ele>843</ele>
        <time>2026-08-21T17:30:49+00:00</time>
      </trkpt>
      <trkpt lat="44.13342" lon="3.22691">
        <ele>843</ele>
        <time>2026-08-21T17:30:52+00:00</time>
      </trkpt>
      <trkpt lat="44.13349" lon="3.22691">
        <ele>843</ele>
        <time>2026-08-21T17:30:55+00:00</time>
      </trkpt>
      <trkpt lat="44.13355" lon="3.2269">
        <ele>845</ele>
        <time>2026-08-21T17:30:58+00:00</time>
      </trkpt>
      <trkpt lat="44.13368" lon="3.22691">
        <ele>846</ele>
        <time>2026-08-21T17:31:01+00:00</time>
      </trkpt>
      <trkpt lat="44.13377" lon="3.22696">
        <ele>848</ele>
        <time>2026-08-21T17:31:04+00:00</time>
      </trkpt>
      <trkpt lat="44.13384" lon="3.22698">
        <ele>850</ele>
        <time>2026-08-21T17:31:07+00:00</time>
      </trkpt>
      <trkpt lat="44.13387" lon="3.22697">
        <ele>850</ele>
        <time>2026-08-21T17:31:10+00:00</time>
      </trkpt>
      <trkpt lat="44.13394" lon="3.22694">
        <ele>851</ele>
        <time>2026-08-21T17:31:13+00:00</time>
      </trkpt>
      <trkpt lat="44.13402" lon="3.22688">
        <ele>849</ele>
        <time>2026-08-21T17:31:16+00:00</time>
      </trkpt>
      <trkpt lat="44.13403" lon="3.22686">
        <ele>851</ele>
        <time>2026-08-21T17:31:19+00:00</time>
      </trkpt>
      <trkpt lat="44.13406" lon="3.22684">
        <ele>851</ele>
        <time>2026-08-21T17:31:22+00:00</time>
      </trkpt>
      <trkpt lat="44.13414" lon="3.2268">
        <ele>850</ele>
        <time>2026-08-21T17:31:25+00:00</time>
      </trkpt>
      <trkpt lat="44.1342" lon="3.22678">
        <ele>850</ele>
        <time>2026-08-21T17:31:28+00:00</time>
      </trkpt>
      <trkpt lat="44.13426" lon="3.22678">
        <ele>850</ele>
        <time>2026-08-21T17:31:31+00:00</time>
      </trkpt>
      <trkpt lat="44.13438" lon="3.22682">
        <ele>851</ele>
        <time>2026-08-21T17:31:34+00:00</time>
      </trkpt>
      <trkpt lat="44.13446" lon="3.22687">
        <ele>851</ele>
        <time>2026-08-21T17:31:37+00:00</time>
      </trkpt>
      <trkpt lat="44.13449" lon="3.22687">
        <ele>851</ele>
        <time>2026-08-21T17:31:40+00:00</time>
      </trkpt>
      <trkpt lat="44.13454" lon="3.22686">
        <ele>852</ele>
        <time>2026-08-21T17:31:43+00:00</time>
      </trkpt>
      <trkpt lat="44.13463" lon="3.22688">
        <ele>852</ele>
        <time>2026-08-21T17:31:46+00:00</time>
      </trkpt>
      <trkpt lat="44.13475" lon="3.22697">
        <ele>854</ele>
        <time>2026-08-21T17:31:49+00:00</time>
      </trkpt>
      <trkpt lat="44.13481" lon="3.22706">
        <ele>855</ele>
        <time>2026-08-21T17:31:52+00:00</time>
      </trkpt>
      <trkpt lat="44.13485" lon="3.22712">
        <ele>855</ele>
        <time>2026-08-21T17:31:55+00:00</time>
      </trkpt>
      <trkpt lat="44.13486" lon="3.22716">
        <ele>855</ele>
        <time>2026-08-21T17:31:58+00:00</time>
      </trkpt>
      <trkpt lat="44.13486" lon="3.2272">
        <ele>855</ele>
        <time>2026-08-21T17:32:01+00:00</time>
      </trkpt>
      <trkpt lat="44.13484" lon="3.22723">
        <ele>855</ele>
        <time>2026-08-21T17:32:04+00:00</time>
      </trkpt>
      <trkpt lat="44.13484" lon="3.22727">
        <ele>855</ele>
        <time>2026-08-21T17:32:07+00:00</time>
      </trkpt>
      <trkpt lat="44.13485" lon="3.22752">
        <ele>855</ele>
        <time>2026-08-21T17:32:10+00:00</time>
      </trkpt>
      <trkpt lat="44.13486" lon="3.22757">
        <ele>855</ele>
        <time>2026-08-21T17:32:13+00:00</time>
      </trkpt>
      <trkpt lat="44.13491" lon="3.22766">
        <ele>855</ele>
        <time>2026-08-21T17:32:16+00:00</time>
      </trkpt>
      <trkpt lat="44.13495" lon="3.22772">
        <ele>854</ele>
        <time>2026-08-21T17:32:19+00:00</time>
      </trkpt>
      <trkpt lat="44.13498" lon="3.22774">
        <ele>854</ele>
        <time>2026-08-21T17:32:22+00:00</time>
      </trkpt>
      <trkpt lat="44.13506" lon="3.22776">
        <ele>852</ele>
        <time>2026-08-21T17:32:25+00:00</time>
      </trkpt>
      <trkpt lat="44.13508" lon="3.22775">
        <ele>852</ele>
        <time>2026-08-21T17:32:28+00:00</time>
      </trkpt>
      <trkpt lat="44.13514" lon="3.22771">
        <ele>849</ele>
        <time>2026-08-21T17:32:31+00:00</time>
      </trkpt>
      <trkpt lat="44.13517" lon="3.22769">
        <ele>850</ele>
        <time>2026-08-21T17:32:34+00:00</time>
      </trkpt>
      <trkpt lat="44.1352" lon="3.2277">
        <ele>850</ele>
        <time>2026-08-21T17:32:37+00:00</time>
      </trkpt>
      <trkpt lat="44.13522" lon="3.22771">
        <ele>848</ele>
        <time>2026-08-21T17:32:40+00:00</time>
      </trkpt>
      <trkpt lat="44.13524" lon="3.22774">
        <ele>848</ele>
        <time>2026-08-21T17:32:43+00:00</time>
      </trkpt>
      <trkpt lat="44.13526" lon="3.22777">
        <ele>848</ele>
        <time>2026-08-21T17:32:46+00:00</time>
      </trkpt>
      <trkpt lat="44.13528" lon="3.22782">
        <ele>847</ele>
        <time>2026-08-21T17:32:49+00:00</time>
      </trkpt>
      <trkpt lat="44.13531" lon="3.22787">
        <ele>845</ele>
        <time>2026-08-21T17:32:52+00:00</time>
      </trkpt>
      <trkpt lat="44.13537" lon="3.22792">
        <ele>843</ele>
        <time>2026-08-21T17:32:55+00:00</time>
      </trkpt>
      <trkpt lat="44.1354" lon="3.22793">
        <ele>842</ele>
        <time>2026-08-21T17:32:58+00:00</time>
      </trkpt>
      <trkpt lat="44.13543" lon="3.22793">
        <ele>842</ele>
        <time>2026-08-21T17:33:01+00:00</time>
      </trkpt>
      <trkpt lat="44.13548" lon="3.22797">
        <ele>842</ele>
        <time>2026-08-21T17:33:04+00:00</time>
      </trkpt>
      <trkpt lat="44.13551" lon="3.22802">
        <ele>844</ele>
        <time>2026-08-21T17:33:07+00:00</time>
      </trkpt>
      <trkpt lat="44.13552" lon="3.22806">
        <ele>841</ele>
        <time>2026-08-21T17:33:10+00:00</time>
      </trkpt>
      <trkpt lat="44.13553" lon="3.22814">
        <ele>842</ele>
        <time>2026-08-21T17:33:13+00:00</time>
      </trkpt>
      <trkpt lat="44.13553" lon="3.22819">
        <ele>842</ele>
        <time>2026-08-21T17:33:16+00:00</time>
      </trkpt>
      <trkpt lat="44.13551" lon="3.22824">
        <ele>843</ele>
        <time>2026-08-21T17:33:19+00:00</time>
      </trkpt>
      <trkpt lat="44.13551" lon="3.22832">
        <ele>844</ele>
        <time>2026-08-21T17:33:22+00:00</time>
      </trkpt>
      <trkpt lat="44.13552" lon="3.22837">
        <ele>844</ele>
        <time>2026-08-21T17:33:25+00:00</time>
      </trkpt>
      <trkpt lat="44.13557" lon="3.22846">
        <ele>844</ele>
        <time>2026-08-21T17:33:28+00:00</time>
      </trkpt>
      <trkpt lat="44.13563" lon="3.22857">
        <ele>845</ele>
        <time>2026-08-21T17:33:31+00:00</time>
      </trkpt>
      <trkpt lat="44.13567" lon="3.22869">
        <ele>846</ele>
        <time>2026-08-21T17:33:34+00:00</time>
      </trkpt>
      <trkpt lat="44.13567" lon="3.22872">
        <ele>846</ele>
        <time>2026-08-21T17:33:37+00:00</time>
      </trkpt>
      <trkpt lat="44.13567" lon="3.22876">
        <ele>846</ele>
        <time>2026-08-21T17:33:40+00:00</time>
      </trkpt>
      <trkpt lat="44.13566" lon="3.22882">
        <ele>846</ele>
        <time>2026-08-21T17:33:43+00:00</time>
      </trkpt>
      <trkpt lat="44.13565" lon="3.2289">
        <ele>844</ele>
        <time>2026-08-21T17:33:46+00:00</time>
      </trkpt>
      <trkpt lat="44.13567" lon="3.22898">
        <ele>846</ele>
        <time>2026-08-21T17:33:49+00:00</time>
      </trkpt>
      <trkpt lat="44.13567" lon="3.22907">
        <ele>845</ele>
        <time>2026-08-21T17:33:52+00:00</time>
      </trkpt>
      <trkpt lat="44.13562" lon="3.22917">
        <ele>844</ele>
        <time>2026-08-21T17:33:55+00:00</time>
      </trkpt>
      <trkpt lat="44.13557" lon="3.22931">
        <ele>840</ele>
        <time>2026-08-21T17:33:58+00:00</time>
      </trkpt>
      <trkpt lat="44.13551" lon="3.22937">
        <ele>840</ele>
        <time>2026-08-21T17:34:01+00:00</time>
      </trkpt>
      <trkpt lat="44.13544" lon="3.22943">
        <ele>838</ele>
        <time>2026-08-21T17:34:04+00:00</time>
      </trkpt>
      <trkpt lat="44.13542" lon="3.22948">
        <ele>838</ele>
        <time>2026-08-21T17:34:07+00:00</time>
      </trkpt>
      <trkpt lat="44.13541" lon="3.22952">
        <ele>838</ele>
        <time>2026-08-21T17:34:10+00:00</time>
      </trkpt>
      <trkpt lat="44.13541" lon="3.22957">
        <ele>838</ele>
        <time>2026-08-21T17:34:13+00:00</time>
      </trkpt>
      <trkpt lat="44.13544" lon="3.22973">
        <ele>836</ele>
        <time>2026-08-21T17:34:16+00:00</time>
      </trkpt>
      <trkpt lat="44.13545" lon="3.22978">
        <ele>836</ele>
        <time>2026-08-21T17:34:19+00:00</time>
      </trkpt>
      <trkpt lat="44.13547" lon="3.22984">
        <ele>836</ele>
        <time>2026-08-21T17:34:22+00:00</time>
      </trkpt>
      <trkpt lat="44.13549" lon="3.22994">
        <ele>835</ele>
        <time>2026-08-21T17:34:25+00:00</time>
      </trkpt>
      <trkpt lat="44.13549" lon="3.23008">
        <ele>836</ele>
        <time>2026-08-21T17:34:28+00:00</time>
      </trkpt>
      <trkpt lat="44.13551" lon="3.23012">
        <ele>838</ele>
        <time>2026-08-21T17:34:31+00:00</time>
      </trkpt>
      <trkpt lat="44.13553" lon="3.23014">
        <ele>838</ele>
        <time>2026-08-21T17:34:34+00:00</time>
      </trkpt>
      <trkpt lat="44.13558" lon="3.23016">
        <ele>838</ele>
        <time>2026-08-21T17:34:37+00:00</time>
      </trkpt>
      <trkpt lat="44.13565" lon="3.23017">
        <ele>839</ele>
        <time>2026-08-21T17:34:40+00:00</time>
      </trkpt>
      <trkpt lat="44.13568" lon="3.23017">
        <ele>835</ele>
        <time>2026-08-21T17:34:43+00:00</time>
      </trkpt>
      <trkpt lat="44.13575" lon="3.23012">
        <ele>838</ele>
        <time>2026-08-21T17:34:46+00:00</time>
      </trkpt>
      <trkpt lat="44.13583" lon="3.23006">
        <ele>837</ele>
        <time>2026-08-21T17:34:49+00:00</time>
      </trkpt>
      <trkpt lat="44.13594" lon="3.22981">
        <ele>835</ele>
        <time>2026-08-21T17:34:52+00:00</time>
      </trkpt>
      <trkpt lat="44.13601" lon="3.22961">
        <ele>833</ele>
        <time>2026-08-21T17:34:55+00:00</time>
      </trkpt>
      <trkpt lat="44.13602" lon="3.22957">
        <ele>833</ele>
        <time>2026-08-21T17:34:58+00:00</time>
      </trkpt>
      <trkpt lat="44.13603" lon="3.22953">
        <ele>833</ele>
        <time>2026-08-21T17:35:01+00:00</time>
      </trkpt>
      <trkpt lat="44.13607" lon="3.22944">
        <ele>833</ele>
        <time>2026-08-21T17:35:04+00:00</time>
      </trkpt>
      <trkpt lat="44.1361" lon="3.22942">
        <ele>833</ele>
        <time>2026-08-21T17:35:07+00:00</time>
      </trkpt>
      <trkpt lat="44.13617" lon="3.22938">
        <ele>831</ele>
        <time>2026-08-21T17:35:10+00:00</time>
      </trkpt>
      <trkpt lat="44.13628" lon="3.2293">
        <ele>831</ele>
        <time>2026-08-21T17:35:13+00:00</time>
      </trkpt>
      <trkpt lat="44.13635" lon="3.22927">
        <ele>830</ele>
        <time>2026-08-21T17:35:16+00:00</time>
      </trkpt>
      <trkpt lat="44.1364" lon="3.22927">
        <ele>830</ele>
        <time>2026-08-21T17:35:19+00:00</time>
      </trkpt>
      <trkpt lat="44.13649" lon="3.22929">
        <ele>830</ele>
        <time>2026-08-21T17:35:22+00:00</time>
      </trkpt>
      <trkpt lat="44.1366" lon="3.22935">
        <ele>829</ele>
        <time>2026-08-21T17:35:25+00:00</time>
      </trkpt>
      <trkpt lat="44.13671" lon="3.22938">
        <ele>830</ele>
        <time>2026-08-21T17:35:28+00:00</time>
      </trkpt>
      <trkpt lat="44.13675" lon="3.2294">
        <ele>829</ele>
        <time>2026-08-21T17:35:31+00:00</time>
      </trkpt>
      <trkpt lat="44.13681" lon="3.22947">
        <ele>829</ele>
        <time>2026-08-21T17:35:34+00:00</time>
      </trkpt>
      <trkpt lat="44.13694" lon="3.22963">
        <ele>830</ele>
        <time>2026-08-21T17:35:37+00:00</time>
      </trkpt>
      <trkpt lat="44.13702" lon="3.22971">
        <ele>830</ele>
        <time>2026-08-21T17:35:40+00:00</time>
      </trkpt>
      <trkpt lat="44.13707" lon="3.22978">
        <ele>830</ele>
        <time>2026-08-21T17:35:43+00:00</time>
      </trkpt>
      <trkpt lat="44.13716" lon="3.22987">
        <ele>830</ele>
        <time>2026-08-21T17:35:46+00:00</time>
      </trkpt>
      <trkpt lat="44.13721" lon="3.22995">
        <ele>829</ele>
        <time>2026-08-21T17:35:49+00:00</time>
      </trkpt>
      <trkpt lat="44.13727" lon="3.23003">
        <ele>829</ele>
        <time>2026-08-21T17:35:52+00:00</time>
      </trkpt>
      <trkpt lat="44.13733" lon="3.23007">
        <ele>830</ele>
        <time>2026-08-21T17:35:55+00:00</time>
      </trkpt>
      <trkpt lat="44.13741" lon="3.2301">
        <ele>830</ele>
        <time>2026-08-21T17:35:58+00:00</time>
      </trkpt>
      <trkpt lat="44.1376" lon="3.23012">
        <ele>833</ele>
        <time>2026-08-21T17:36:01+00:00</time>
      </trkpt>
      <trkpt lat="44.13769" lon="3.23015">
        <ele>833</ele>
        <time>2026-08-21T17:36:04+00:00</time>
      </trkpt>
      <trkpt lat="44.13777" lon="3.23015">
        <ele>835</ele>
        <time>2026-08-21T17:36:07+00:00</time>
      </trkpt>
      <trkpt lat="44.1378" lon="3.23014">
        <ele>835</ele>
        <time>2026-08-21T17:36:10+00:00</time>
      </trkpt>
      <trkpt lat="44.13782" lon="3.23012">
        <ele>836</ele>
        <time>2026-08-21T17:36:13+00:00</time>
      </trkpt>
      <trkpt lat="44.13784" lon="3.2301">
        <ele>837</ele>
        <time>2026-08-21T17:36:16+00:00</time>
      </trkpt>
      <trkpt lat="44.13791" lon="3.23004">
        <ele>837</ele>
        <time>2026-08-21T17:36:19+00:00</time>
      </trkpt>
      <trkpt lat="44.13796" lon="3.23003">
        <ele>837</ele>
        <time>2026-08-21T17:36:22+00:00</time>
      </trkpt>
      <trkpt lat="44.13803" lon="3.23003">
        <ele>838</ele>
        <time>2026-08-21T17:36:25+00:00</time>
      </trkpt>
      <trkpt lat="44.13811" lon="3.23006">
        <ele>839</ele>
        <time>2026-08-21T17:36:28+00:00</time>
      </trkpt>
      <trkpt lat="44.13816" lon="3.23005">
        <ele>839</ele>
        <time>2026-08-21T17:36:31+00:00</time>
      </trkpt>
      <trkpt lat="44.13819" lon="3.23003">
        <ele>839</ele>
        <time>2026-08-21T17:36:34+00:00</time>
      </trkpt>
      <trkpt lat="44.13826" lon="3.22988">
        <ele>839</ele>
        <time>2026-08-21T17:36:37+00:00</time>
      </trkpt>
      <trkpt lat="44.13829" lon="3.22985">
        <ele>841</ele>
        <time>2026-08-21T17:36:40+00:00</time>
      </trkpt>
      <trkpt lat="44.13835" lon="3.2298">
        <ele>841</ele>
        <time>2026-08-21T17:36:43+00:00</time>
      </trkpt>
      <trkpt lat="44.13848" lon="3.22972">
        <ele>840</ele>
        <time>2026-08-21T17:36:46+00:00</time>
      </trkpt>
      <trkpt lat="44.13862" lon="3.22969">
        <ele>840</ele>
        <time>2026-08-21T17:36:49+00:00</time>
      </trkpt>
      <trkpt lat="44.13868" lon="3.22964">
        <ele>840</ele>
        <time>2026-08-21T17:36:52+00:00</time>
      </trkpt>
      <trkpt lat="44.13875" lon="3.22949">
        <ele>839</ele>
        <time>2026-08-21T17:36:55+00:00</time>
      </trkpt>
      <trkpt lat="44.13876" lon="3.22944">
        <ele>839</ele>
        <time>2026-08-21T17:36:58+00:00</time>
      </trkpt>
      <trkpt lat="44.13879" lon="3.22936">
        <ele>840</ele>
        <time>2026-08-21T17:37:01+00:00</time>
      </trkpt>
      <trkpt lat="44.13883" lon="3.22922">
        <ele>839</ele>
        <time>2026-08-21T17:37:04+00:00</time>
      </trkpt>
      <trkpt lat="44.13887" lon="3.22913">
        <ele>840</ele>
        <time>2026-08-21T17:37:07+00:00</time>
      </trkpt>
      <trkpt lat="44.13892" lon="3.22906">
        <ele>840</ele>
        <time>2026-08-21T17:37:10+00:00</time>
      </trkpt>
      <trkpt lat="44.13895" lon="3.22903">
        <ele>840</ele>
        <time>2026-08-21T17:37:13+00:00</time>
      </trkpt>
      <trkpt lat="44.13901" lon="3.22899">
        <ele>840</ele>
        <time>2026-08-21T17:37:16+00:00</time>
      </trkpt>
      <trkpt lat="44.13908" lon="3.22897">
        <ele>840</ele>
        <time>2026-08-21T17:37:19+00:00</time>
      </trkpt>
      <trkpt lat="44.13911" lon="3.22895">
        <ele>839</ele>
        <time>2026-08-21T17:37:22+00:00</time>
      </trkpt>
      <trkpt lat="44.13913" lon="3.22891">
        <ele>839</ele>
        <time>2026-08-21T17:37:25+00:00</time>
      </trkpt>
      <trkpt lat="44.13916" lon="3.22883">
        <ele>840</ele>
        <time>2026-08-21T17:37:28+00:00</time>
      </trkpt>
      <trkpt lat="44.13918" lon="3.2288">
        <ele>841</ele>
        <time>2026-08-21T17:37:31+00:00</time>
      </trkpt>
      <trkpt lat="44.13925" lon="3.2287">
        <ele>839</ele>
        <time>2026-08-21T17:37:34+00:00</time>
      </trkpt>
      <trkpt lat="44.1393" lon="3.22864">
        <ele>836</ele>
        <time>2026-08-21T17:37:37+00:00</time>
      </trkpt>
      <trkpt lat="44.13933" lon="3.22856">
        <ele>834</ele>
        <time>2026-08-21T17:37:40+00:00</time>
      </trkpt>
      <trkpt lat="44.13931" lon="3.2285">
        <ele>834</ele>
        <time>2026-08-21T17:37:43+00:00</time>
      </trkpt>
      <trkpt lat="44.13929" lon="3.22846">
        <ele>836</ele>
        <time>2026-08-21T17:37:46+00:00</time>
      </trkpt>
      <trkpt lat="44.13925" lon="3.22842">
        <ele>836</ele>
        <time>2026-08-21T17:37:49+00:00</time>
      </trkpt>
      <trkpt lat="44.13916" lon="3.22831">
        <ele>836</ele>
        <time>2026-08-21T17:37:52+00:00</time>
      </trkpt>
      <trkpt lat="44.13899" lon="3.22817">
        <ele>836</ele>
        <time>2026-08-21T17:37:55+00:00</time>
      </trkpt>
      <trkpt lat="44.13893" lon="3.22813">
        <ele>836</ele>
        <time>2026-08-21T17:37:58+00:00</time>
      </trkpt>
      <trkpt lat="44.13883" lon="3.22809">
        <ele>834</ele>
        <time>2026-08-21T17:38:01+00:00</time>
      </trkpt>
      <trkpt lat="44.1388" lon="3.22809">
        <ele>833</ele>
        <time>2026-08-21T17:38:04+00:00</time>
      </trkpt>
      <trkpt lat="44.1387" lon="3.22813">
        <ele>835</ele>
        <time>2026-08-21T17:38:07+00:00</time>
      </trkpt>
      <trkpt lat="44.13868" lon="3.22812">
        <ele>834</ele>
        <time>2026-08-21T17:38:10+00:00</time>
      </trkpt>
      <trkpt lat="44.13865" lon="3.2281">
        <ele>830</ele>
        <time>2026-08-21T17:38:13+00:00</time>
      </trkpt>
      <trkpt lat="44.13859" lon="3.22807">
        <ele>828</ele>
        <time>2026-08-21T17:38:16+00:00</time>
      </trkpt>
      <trkpt lat="44.13855" lon="3.22807">
        <ele>828</ele>
        <time>2026-08-21T17:38:19+00:00</time>
      </trkpt>
      <trkpt lat="44.13848" lon="3.2281">
        <ele>831</ele>
        <time>2026-08-21T17:38:22+00:00</time>
      </trkpt>
      <trkpt lat="44.13845" lon="3.22812">
        <ele>831</ele>
        <time>2026-08-21T17:38:25+00:00</time>
      </trkpt>
      <trkpt lat="44.13843" lon="3.22815">
        <ele>831</ele>
        <time>2026-08-21T17:38:28+00:00</time>
      </trkpt>
      <trkpt lat="44.13838" lon="3.22819">
        <ele>828</ele>
        <time>2026-08-21T17:38:31+00:00</time>
      </trkpt>
      <trkpt lat="44.13832" lon="3.22828">
        <ele>831</ele>
        <time>2026-08-21T17:38:34+00:00</time>
      </trkpt>
      <trkpt lat="44.13828" lon="3.22833">
        <ele>829</ele>
        <time>2026-08-21T17:38:37+00:00</time>
      </trkpt>
      <trkpt lat="44.13822" lon="3.2285">
        <ele>828</ele>
        <time>2026-08-21T17:38:40+00:00</time>
      </trkpt>
      <trkpt lat="44.13815" lon="3.22863">
        <ele>830</ele>
        <time>2026-08-21T17:38:43+00:00</time>
      </trkpt>
      <trkpt lat="44.13809" lon="3.22867">
        <ele>829</ele>
        <time>2026-08-21T17:38:46+00:00</time>
      </trkpt>
      <trkpt lat="44.13802" lon="3.22869">
        <ele>829</ele>
        <time>2026-08-21T17:38:49+00:00</time>
      </trkpt>
      <trkpt lat="44.13799" lon="3.22872">
        <ele>831</ele>
        <time>2026-08-21T17:38:52+00:00</time>
      </trkpt>
      <trkpt lat="44.1379" lon="3.22875">
        <ele>831</ele>
        <time>2026-08-21T17:38:55+00:00</time>
      </trkpt>
      <trkpt lat="44.13787" lon="3.22876">
        <ele>830</ele>
        <time>2026-08-21T17:38:58+00:00</time>
      </trkpt>
      <trkpt lat="44.13772" lon="3.22874">
        <ele>829</ele>
        <time>2026-08-21T17:39:01+00:00</time>
      </trkpt>
      <trkpt lat="44.13768" lon="3.22875">
        <ele>830</ele>
        <time>2026-08-21T17:39:04+00:00</time>
      </trkpt>
      <trkpt lat="44.13759" lon="3.22882">
        <ele>829</ele>
        <time>2026-08-21T17:39:07+00:00</time>
      </trkpt>
      <trkpt lat="44.13755" lon="3.22882">
        <ele>829</ele>
        <time>2026-08-21T17:39:10+00:00</time>
      </trkpt>
      <trkpt lat="44.13753" lon="3.22882">
        <ele>829</ele>
        <time>2026-08-21T17:39:13+00:00</time>
      </trkpt>
      <trkpt lat="44.1375" lon="3.22879">
        <ele>829</ele>
        <time>2026-08-21T17:39:16+00:00</time>
      </trkpt>
      <trkpt lat="44.13749" lon="3.22871">
        <ele>825</ele>
        <time>2026-08-21T17:39:19+00:00</time>
      </trkpt>
      <trkpt lat="44.13748" lon="3.22866">
        <ele>825</ele>
        <time>2026-08-21T17:39:22+00:00</time>
      </trkpt>
      <trkpt lat="44.13748" lon="3.22859">
        <ele>824</ele>
        <time>2026-08-21T17:39:25+00:00</time>
      </trkpt>
      <trkpt lat="44.13747" lon="3.22851">
        <ele>824</ele>
        <time>2026-08-21T17:39:28+00:00</time>
      </trkpt>
      <trkpt lat="44.13744" lon="3.22846">
        <ele>820</ele>
        <time>2026-08-21T17:39:31+00:00</time>
      </trkpt>
      <trkpt lat="44.1374" lon="3.22843">
        <ele>818</ele>
        <time>2026-08-21T17:39:34+00:00</time>
      </trkpt>
      <trkpt lat="44.13737" lon="3.22838">
        <ele>817</ele>
        <time>2026-08-21T17:39:37+00:00</time>
      </trkpt>
      <trkpt lat="44.13734" lon="3.22835">
        <ele>817</ele>
        <time>2026-08-21T17:39:40+00:00</time>
      </trkpt>
      <trkpt lat="44.13729" lon="3.22834">
        <ele>816</ele>
        <time>2026-08-21T17:39:43+00:00</time>
      </trkpt>
      <trkpt lat="44.13723" lon="3.22834">
        <ele>816</ele>
        <time>2026-08-21T17:39:46+00:00</time>
      </trkpt>
      <trkpt lat="44.13719" lon="3.22834">
        <ele>816</ele>
        <time>2026-08-21T17:39:49+00:00</time>
      </trkpt>
      <trkpt lat="44.13715" lon="3.22832">
        <ele>816</ele>
        <time>2026-08-21T17:39:52+00:00</time>
      </trkpt>
      <trkpt lat="44.13712" lon="3.2283">
        <ele>814</ele>
        <time>2026-08-21T17:39:55+00:00</time>
      </trkpt>
      <trkpt lat="44.1371" lon="3.22825">
        <ele>815</ele>
        <time>2026-08-21T17:39:58+00:00</time>
      </trkpt>
      <trkpt lat="44.13703" lon="3.22804">
        <ele>811</ele>
        <time>2026-08-21T17:40:01+00:00</time>
      </trkpt>
      <trkpt lat="44.13702" lon="3.22799">
        <ele>809</ele>
        <time>2026-08-21T17:40:04+00:00</time>
      </trkpt>
      <trkpt lat="44.13702" lon="3.22795">
        <ele>809</ele>
        <time>2026-08-21T17:40:07+00:00</time>
      </trkpt>
      <trkpt lat="44.13704" lon="3.2279">
        <ele>809</ele>
        <time>2026-08-21T17:40:10+00:00</time>
      </trkpt>
      <trkpt lat="44.13707" lon="3.22784">
        <ele>808</ele>
        <time>2026-08-21T17:40:13+00:00</time>
      </trkpt>
      <trkpt lat="44.13726" lon="3.22773">
        <ele>802</ele>
        <time>2026-08-21T17:40:16+00:00</time>
      </trkpt>
      <trkpt lat="44.13737" lon="3.22765">
        <ele>800</ele>
        <time>2026-08-21T17:40:19+00:00</time>
      </trkpt>
      <trkpt lat="44.1374" lon="3.22761">
        <ele>800</ele>
        <time>2026-08-21T17:40:22+00:00</time>
      </trkpt>
      <trkpt lat="44.13744" lon="3.22754">
        <ele>798</ele>
        <time>2026-08-21T17:40:25+00:00</time>
      </trkpt>
      <trkpt lat="44.13747" lon="3.22746">
        <ele>794</ele>
        <time>2026-08-21T17:40:28+00:00</time>
      </trkpt>
      <trkpt lat="44.13747" lon="3.22742">
        <ele>794</ele>
        <time>2026-08-21T17:40:31+00:00</time>
      </trkpt>
      <trkpt lat="44.13748" lon="3.22736">
        <ele>793</ele>
        <time>2026-08-21T17:40:34+00:00</time>
      </trkpt>
      <trkpt lat="44.13755" lon="3.22726">
        <ele>789</ele>
        <time>2026-08-21T17:40:37+00:00</time>
      </trkpt>
      <trkpt lat="44.13759" lon="3.22717">
        <ele>788</ele>
        <time>2026-08-21T17:40:40+00:00</time>
      </trkpt>
      <trkpt lat="44.1376" lon="3.22713">
        <ele>789</ele>
        <time>2026-08-21T17:40:43+00:00</time>
      </trkpt>
      <trkpt lat="44.13764" lon="3.22706">
        <ele>787</ele>
        <time>2026-08-21T17:40:46+00:00</time>
      </trkpt>
      <trkpt lat="44.13766" lon="3.22699">
        <ele>785</ele>
        <time>2026-08-21T17:40:49+00:00</time>
      </trkpt>
      <trkpt lat="44.13771" lon="3.2269">
        <ele>783</ele>
        <time>2026-08-21T17:40:52+00:00</time>
      </trkpt>
      <trkpt lat="44.13774" lon="3.22681">
        <ele>783</ele>
        <time>2026-08-21T17:40:55+00:00</time>
      </trkpt>
      <trkpt lat="44.1378" lon="3.22665">
        <ele>782</ele>
        <time>2026-08-21T17:40:58+00:00</time>
      </trkpt>
      <trkpt lat="44.13784" lon="3.22656">
        <ele>779</ele>
        <time>2026-08-21T17:41:01+00:00</time>
      </trkpt>
      <trkpt lat="44.1379" lon="3.2265">
        <ele>782</ele>
        <time>2026-08-21T17:41:04+00:00</time>
      </trkpt>
      <trkpt lat="44.13796" lon="3.22645">
        <ele>783</ele>
        <time>2026-08-21T17:41:07+00:00</time>
      </trkpt>
      <trkpt lat="44.13803" lon="3.22642">
        <ele>782</ele>
        <time>2026-08-21T17:41:10+00:00</time>
      </trkpt>
      <trkpt lat="44.13816" lon="3.22634">
        <ele>781</ele>
        <time>2026-08-21T17:41:13+00:00</time>
      </trkpt>
      <trkpt lat="44.1382" lon="3.22631">
        <ele>786</ele>
        <time>2026-08-21T17:41:16+00:00</time>
      </trkpt>
      <trkpt lat="44.1383" lon="3.22621">
        <ele>783</ele>
        <time>2026-08-21T17:41:19+00:00</time>
      </trkpt>
      <trkpt lat="44.1384" lon="3.22614">
        <ele>781</ele>
        <time>2026-08-21T17:41:22+00:00</time>
      </trkpt>
      <trkpt lat="44.13845" lon="3.22612">
        <ele>782</ele>
        <time>2026-08-21T17:41:25+00:00</time>
      </trkpt>
      <trkpt lat="44.13855" lon="3.22605">
        <ele>782</ele>
        <time>2026-08-21T17:41:28+00:00</time>
      </trkpt>
      <trkpt lat="44.13857" lon="3.22602">
        <ele>781</ele>
        <time>2026-08-21T17:41:31+00:00</time>
      </trkpt>
      <trkpt lat="44.13864" lon="3.2259">
        <ele>779</ele>
        <time>2026-08-21T17:41:34+00:00</time>
      </trkpt>
      <trkpt lat="44.13875" lon="3.22573">
        <ele>781</ele>
        <time>2026-08-21T17:41:37+00:00</time>
      </trkpt>
      <trkpt lat="44.13879" lon="3.22564">
        <ele>776</ele>
        <time>2026-08-21T17:41:40+00:00</time>
      </trkpt>
      <trkpt lat="44.1389" lon="3.22542">
        <ele>773</ele>
        <time>2026-08-21T17:41:43+00:00</time>
      </trkpt>
      <trkpt lat="44.13895" lon="3.22534">
        <ele>773</ele>
        <time>2026-08-21T17:41:46+00:00</time>
      </trkpt>
      <trkpt lat="44.13899" lon="3.22526">
        <ele>770</ele>
        <time>2026-08-21T17:41:49+00:00</time>
      </trkpt>
      <trkpt lat="44.13905" lon="3.22517">
        <ele>770</ele>
        <time>2026-08-21T17:41:52+00:00</time>
      </trkpt>
      <trkpt lat="44.13905" lon="3.22513">
        <ele>770</ele>
        <time>2026-08-21T17:41:55+00:00</time>
      </trkpt>
      <trkpt lat="44.13899" lon="3.22515">
        <ele>767</ele>
        <time>2026-08-21T17:41:58+00:00</time>
      </trkpt>
      <trkpt lat="44.13892" lon="3.22522">
        <ele>770</ele>
        <time>2026-08-21T17:42:01+00:00</time>
      </trkpt>
      <trkpt lat="44.13877" lon="3.22532">
        <ele>767</ele>
        <time>2026-08-21T17:42:04+00:00</time>
      </trkpt>
      <trkpt lat="44.13862" lon="3.2254">
        <ele>760</ele>
        <time>2026-08-21T17:42:07+00:00</time>
      </trkpt>
      <trkpt lat="44.13839" lon="3.22549">
        <ele>762</ele>
        <time>2026-08-21T17:42:10+00:00</time>
      </trkpt>
      <trkpt lat="44.13805" lon="3.22571">
        <ele>761</ele>
        <time>2026-08-21T17:42:13+00:00</time>
      </trkpt>
      <trkpt lat="44.13802" lon="3.22572">
        <ele>758</ele>
        <time>2026-08-21T17:42:16+00:00</time>
      </trkpt>
      <trkpt lat="44.13794" lon="3.22573">
        <ele>757</ele>
        <time>2026-08-21T17:42:19+00:00</time>
      </trkpt>
      <trkpt lat="44.13791" lon="3.22573">
        <ele>757</ele>
        <time>2026-08-21T17:42:22+00:00</time>
      </trkpt>
      <trkpt lat="44.13788" lon="3.22571">
        <ele>759</ele>
        <time>2026-08-21T17:42:25+00:00</time>
      </trkpt>
      <trkpt lat="44.13787" lon="3.22568">
        <ele>760</ele>
        <time>2026-08-21T17:42:28+00:00</time>
      </trkpt>
      <trkpt lat="44.13787" lon="3.22564">
        <ele>760</ele>
        <time>2026-08-21T17:42:31+00:00</time>
      </trkpt>
      <trkpt lat="44.13789" lon="3.22561">
        <ele>760</ele>
        <time>2026-08-21T17:42:34+00:00</time>
      </trkpt>
      <trkpt lat="44.13797" lon="3.22552">
        <ele>755</ele>
        <time>2026-08-21T17:42:37+00:00</time>
      </trkpt>
      <trkpt lat="44.138" lon="3.22546">
        <ele>750</ele>
        <time>2026-08-21T17:42:40+00:00</time>
      </trkpt>
      <trkpt lat="44.13803" lon="3.22542">
        <ele>750</ele>
        <time>2026-08-21T17:42:43+00:00</time>
      </trkpt>
      <trkpt lat="44.13811" lon="3.22531">
        <ele>746</ele>
        <time>2026-08-21T17:42:46+00:00</time>
      </trkpt>
      <trkpt lat="44.13816" lon="3.22528">
        <ele>747</ele>
        <time>2026-08-21T17:42:49+00:00</time>
      </trkpt>
      <trkpt lat="44.13831" lon="3.22511">
        <ele>745</ele>
        <time>2026-08-21T17:42:52+00:00</time>
      </trkpt>
      <trkpt lat="44.13834" lon="3.22507">
        <ele>739</ele>
        <time>2026-08-21T17:42:55+00:00</time>
      </trkpt>
      <trkpt lat="44.1384" lon="3.22495">
        <ele>737</ele>
        <time>2026-08-21T17:42:58+00:00</time>
      </trkpt>
      <trkpt lat="44.13845" lon="3.22482">
        <ele>737</ele>
        <time>2026-08-21T17:43:01+00:00</time>
      </trkpt>
      <trkpt lat="44.13847" lon="3.22479">
        <ele>734</ele>
        <time>2026-08-21T17:43:04+00:00</time>
      </trkpt>
      <trkpt lat="44.13851" lon="3.22468">
        <ele>734</ele>
        <time>2026-08-21T17:43:07+00:00</time>
      </trkpt>
      <trkpt lat="44.13861" lon="3.22447">
        <ele>729</ele>
        <time>2026-08-21T17:43:10+00:00</time>
      </trkpt>
      <trkpt lat="44.13869" lon="3.22434">
        <ele>726</ele>
        <time>2026-08-21T17:43:13+00:00</time>
      </trkpt>
      <trkpt lat="44.13871" lon="3.2243">
        <ele>731</ele>
        <time>2026-08-21T17:43:16+00:00</time>
      </trkpt>
      <trkpt lat="44.13876" lon="3.22421">
        <ele>728</ele>
        <time>2026-08-21T17:43:19+00:00</time>
      </trkpt>
      <trkpt lat="44.13875" lon="3.22418">
        <ele>725</ele>
        <time>2026-08-21T17:43:22+00:00</time>
      </trkpt>
      <trkpt lat="44.13872" lon="3.22417">
        <ele>725</ele>
        <time>2026-08-21T17:43:25+00:00</time>
      </trkpt>
      <trkpt lat="44.13869" lon="3.22418">
        <ele>720</ele>
        <time>2026-08-21T17:43:28+00:00</time>
      </trkpt>
      <trkpt lat="44.13864" lon="3.22421">
        <ele>723</ele>
        <time>2026-08-21T17:43:31+00:00</time>
      </trkpt>
      <trkpt lat="44.13855" lon="3.22428">
        <ele>727</ele>
        <time>2026-08-21T17:43:34+00:00</time>
      </trkpt>
      <trkpt lat="44.13846" lon="3.22434">
        <ele>723</ele>
        <time>2026-08-21T17:43:37+00:00</time>
      </trkpt>
      <trkpt lat="44.13843" lon="3.22435">
        <ele>723</ele>
        <time>2026-08-21T17:43:40+00:00</time>
      </trkpt>
      <trkpt lat="44.1384" lon="3.22436">
        <ele>726</ele>
        <time>2026-08-21T17:43:43+00:00</time>
      </trkpt>
      <trkpt lat="44.13837" lon="3.22434">
        <ele>726</ele>
        <time>2026-08-21T17:43:46+00:00</time>
      </trkpt>
      <trkpt lat="44.13834" lon="3.2243">
        <ele>726</ele>
        <time>2026-08-21T17:43:49+00:00</time>
      </trkpt>
      <trkpt lat="44.13834" lon="3.22426">
        <ele>725</ele>
        <time>2026-08-21T17:43:52+00:00</time>
      </trkpt>
      <trkpt lat="44.13834" lon="3.22421">
        <ele>725</ele>
        <time>2026-08-21T17:43:55+00:00</time>
      </trkpt>
      <trkpt lat="44.13835" lon="3.22415">
        <ele>724</ele>
        <time>2026-08-21T17:43:58+00:00</time>
      </trkpt>
      <trkpt lat="44.13846" lon="3.22392">
        <ele>721</ele>
        <time>2026-08-21T17:44:01+00:00</time>
      </trkpt>
      <trkpt lat="44.13854" lon="3.22379">
        <ele>717</ele>
        <time>2026-08-21T17:44:04+00:00</time>
      </trkpt>
      <trkpt lat="44.13856" lon="3.22374">
        <ele>717</ele>
        <time>2026-08-21T17:44:07+00:00</time>
      </trkpt>
      <trkpt lat="44.13867" lon="3.22352">
        <ele>712</ele>
        <time>2026-08-21T17:44:10+00:00</time>
      </trkpt>
      <trkpt lat="44.13871" lon="3.22344">
        <ele>704</ele>
        <time>2026-08-21T17:44:13+00:00</time>
      </trkpt>
      <trkpt lat="44.13878" lon="3.22333">
        <ele>704</ele>
        <time>2026-08-21T17:44:16+00:00</time>
      </trkpt>
      <trkpt lat="44.13883" lon="3.22329">
        <ele>701</ele>
        <time>2026-08-21T17:44:19+00:00</time>
      </trkpt>
      <trkpt lat="44.13892" lon="3.22329">
        <ele>699</ele>
        <time>2026-08-21T17:44:22+00:00</time>
      </trkpt>
      <trkpt lat="44.13895" lon="3.22327">
        <ele>699</ele>
        <time>2026-08-21T17:44:25+00:00</time>
      </trkpt>
      <trkpt lat="44.13903" lon="3.22319">
        <ele>695</ele>
        <time>2026-08-21T17:44:28+00:00</time>
      </trkpt>
      <trkpt lat="44.13917" lon="3.22299">
        <ele>692</ele>
        <time>2026-08-21T17:44:31+00:00</time>
      </trkpt>
      <trkpt lat="44.13923" lon="3.22294">
        <ele>689</ele>
        <time>2026-08-21T17:44:34+00:00</time>
      </trkpt>
      <trkpt lat="44.13928" lon="3.22287">
        <ele>689</ele>
        <time>2026-08-21T17:44:37+00:00</time>
      </trkpt>
      <trkpt lat="44.13929" lon="3.22283">
        <ele>689</ele>
        <time>2026-08-21T17:44:40+00:00</time>
      </trkpt>
      <trkpt lat="44.13936" lon="3.22271">
        <ele>685</ele>
        <time>2026-08-21T17:44:43+00:00</time>
      </trkpt>
      <trkpt lat="44.13947" lon="3.22257">
        <ele>680</ele>
        <time>2026-08-21T17:44:46+00:00</time>
      </trkpt>
      <trkpt lat="44.13948" lon="3.22253">
        <ele>680</ele>
        <time>2026-08-21T17:44:49+00:00</time>
      </trkpt>
      <trkpt lat="44.13948" lon="3.22249">
        <ele>679</ele>
        <time>2026-08-21T17:44:52+00:00</time>
      </trkpt>
      <trkpt lat="44.1394" lon="3.22226">
        <ele>677</ele>
        <time>2026-08-21T17:44:55+00:00</time>
      </trkpt>
      <trkpt lat="44.13938" lon="3.22216">
        <ele>679</ele>
        <time>2026-08-21T17:44:58+00:00</time>
      </trkpt>
      <trkpt lat="44.13935" lon="3.22206">
        <ele>678</ele>
        <time>2026-08-21T17:45:01+00:00</time>
      </trkpt>
      <trkpt lat="44.13929" lon="3.22186">
        <ele>675</ele>
        <time>2026-08-21T17:45:04+00:00</time>
      </trkpt>
      <trkpt lat="44.13925" lon="3.22168">
        <ele>676</ele>
        <time>2026-08-21T17:45:07+00:00</time>
      </trkpt>
      <trkpt lat="44.13923" lon="3.22147">
        <ele>672</ele>
        <time>2026-08-21T17:45:10+00:00</time>
      </trkpt>
      <trkpt lat="44.13919" lon="3.22138">
        <ele>671</ele>
        <time>2026-08-21T17:45:13+00:00</time>
      </trkpt>
      <trkpt lat="44.13913" lon="3.22124">
        <ele>669</ele>
        <time>2026-08-21T17:45:16+00:00</time>
      </trkpt>
      <trkpt lat="44.13911" lon="3.2212">
        <ele>667</ele>
        <time>2026-08-21T17:45:19+00:00</time>
      </trkpt>
      <trkpt lat="44.1391" lon="3.22115">
        <ele>667</ele>
        <time>2026-08-21T17:45:22+00:00</time>
      </trkpt>
      <trkpt lat="44.139" lon="3.2208">
        <ele>666</ele>
        <time>2026-08-21T17:45:25+00:00</time>
      </trkpt>
      <trkpt lat="44.13896" lon="3.22062">
        <ele>659</ele>
        <time>2026-08-21T17:45:28+00:00</time>
      </trkpt>
      <trkpt lat="44.13893" lon="3.22052">
        <ele>657</ele>
        <time>2026-08-21T17:45:31+00:00</time>
      </trkpt>
      <trkpt lat="44.13893" lon="3.22047">
        <ele>655</ele>
        <time>2026-08-21T17:45:34+00:00</time>
      </trkpt>
      <trkpt lat="44.13891" lon="3.22039">
        <ele>652</ele>
        <time>2026-08-21T17:45:37+00:00</time>
      </trkpt>
      <trkpt lat="44.13888" lon="3.22031">
        <ele>655</ele>
        <time>2026-08-21T17:45:40+00:00</time>
      </trkpt>
      <trkpt lat="44.1388" lon="3.22013">
        <ele>649</ele>
        <time>2026-08-21T17:45:43+00:00</time>
      </trkpt>
      <trkpt lat="44.13879" lon="3.22009">
        <ele>646</ele>
        <time>2026-08-21T17:45:46+00:00</time>
      </trkpt>
      <trkpt lat="44.13874" lon="3.21999">
        <ele>642</ele>
        <time>2026-08-21T17:45:49+00:00</time>
      </trkpt>
      <trkpt lat="44.13869" lon="3.21996">
        <ele>647</ele>
        <time>2026-08-21T17:45:52+00:00</time>
      </trkpt>
      <trkpt lat="44.13867" lon="3.21992">
        <ele>647</ele>
        <time>2026-08-21T17:45:55+00:00</time>
      </trkpt>
      <trkpt lat="44.13863" lon="3.21989">
        <ele>643</ele>
        <time>2026-08-21T17:45:58+00:00</time>
      </trkpt>
      <trkpt lat="44.13853" lon="3.21982">
        <ele>644</ele>
        <time>2026-08-21T17:46:01+00:00</time>
      </trkpt>
      <trkpt lat="44.13845" lon="3.21975">
        <ele>642</ele>
        <time>2026-08-21T17:46:04+00:00</time>
      </trkpt>
      <trkpt lat="44.1383" lon="3.21962">
        <ele>640</ele>
        <time>2026-08-21T17:46:07+00:00</time>
      </trkpt>
      <trkpt lat="44.13827" lon="3.21959">
        <ele>634</ele>
        <time>2026-08-21T17:46:10+00:00</time>
      </trkpt>
      <trkpt lat="44.13823" lon="3.21956">
        <ele>634</ele>
        <time>2026-08-21T17:46:13+00:00</time>
      </trkpt>
      <trkpt lat="44.13807" lon="3.21948">
        <ele>627</ele>
        <time>2026-08-21T17:46:16+00:00</time>
      </trkpt>
      <trkpt lat="44.13803" lon="3.21948">
        <ele>627</ele>
        <time>2026-08-21T17:46:19+00:00</time>
      </trkpt>
      <trkpt lat="44.13791" lon="3.21951">
        <ele>627</ele>
        <time>2026-08-21T17:46:22+00:00</time>
      </trkpt>
      <trkpt lat="44.13779" lon="3.21958">
        <ele>618</ele>
        <time>2026-08-21T17:46:25+00:00</time>
      </trkpt>
      <trkpt lat="44.13769" lon="3.21959">
        <ele>615</ele>
        <time>2026-08-21T17:46:28+00:00</time>
      </trkpt>
      <trkpt lat="44.13762" lon="3.2196">
        <ele>615</ele>
        <time>2026-08-21T17:46:31+00:00</time>
      </trkpt>
      <trkpt lat="44.1376" lon="3.21958">
        <ele>614</ele>
        <time>2026-08-21T17:46:34+00:00</time>
      </trkpt>
      <trkpt lat="44.13761" lon="3.21953">
        <ele>615</ele>
        <time>2026-08-21T17:46:37+00:00</time>
      </trkpt>
      <trkpt lat="44.13763" lon="3.2195">
        <ele>612</ele>
        <time>2026-08-21T17:46:40+00:00</time>
      </trkpt>
      <trkpt lat="44.13766" lon="3.21941">
        <ele>612</ele>
        <time>2026-08-21T17:46:43+00:00</time>
      </trkpt>
      <trkpt lat="44.13768" lon="3.21923">
        <ele>607</ele>
        <time>2026-08-21T17:46:46+00:00</time>
      </trkpt>
      <trkpt lat="44.13767" lon="3.21917">
        <ele>605</ele>
        <time>2026-08-21T17:46:49+00:00</time>
      </trkpt>
      <trkpt lat="44.13766" lon="3.21914">
        <ele>605</ele>
        <time>2026-08-21T17:46:52+00:00</time>
      </trkpt>
      <trkpt lat="44.13761" lon="3.2191">
        <ele>605</ele>
        <time>2026-08-21T17:46:55+00:00</time>
      </trkpt>
      <trkpt lat="44.13758" lon="3.21909">
        <ele>600</ele>
        <time>2026-08-21T17:46:58+00:00</time>
      </trkpt>
      <trkpt lat="44.13745" lon="3.21906">
        <ele>598</ele>
        <time>2026-08-21T17:47:01+00:00</time>
      </trkpt>
      <trkpt lat="44.1374" lon="3.21902">
        <ele>598</ele>
        <time>2026-08-21T17:47:04+00:00</time>
      </trkpt>
      <trkpt lat="44.1374" lon="3.21899">
        <ele>591</ele>
        <time>2026-08-21T17:47:07+00:00</time>
      </trkpt>
      <trkpt lat="44.13742" lon="3.21895">
        <ele>592</ele>
        <time>2026-08-21T17:47:10+00:00</time>
      </trkpt>
      <trkpt lat="44.13744" lon="3.21891">
        <ele>592</ele>
        <time>2026-08-21T17:47:13+00:00</time>
      </trkpt>
      <trkpt lat="44.13751" lon="3.21885">
        <ele>593</ele>
        <time>2026-08-21T17:47:16+00:00</time>
      </trkpt>
      <trkpt lat="44.13754" lon="3.21882">
        <ele>593</ele>
        <time>2026-08-21T17:47:19+00:00</time>
      </trkpt>
      <trkpt lat="44.13757" lon="3.21873">
        <ele>590</ele>
        <time>2026-08-21T17:47:22+00:00</time>
      </trkpt>
      <trkpt lat="44.1376" lon="3.2187">
        <ele>587</ele>
        <time>2026-08-21T17:47:25+00:00</time>
      </trkpt>
      <trkpt lat="44.13766" lon="3.21859">
        <ele>585</ele>
        <time>2026-08-21T17:47:28+00:00</time>
      </trkpt>
      <trkpt lat="44.13768" lon="3.21854">
        <ele>585</ele>
        <time>2026-08-21T17:47:31+00:00</time>
      </trkpt>
      <trkpt lat="44.13774" lon="3.21841">
        <ele>585</ele>
        <time>2026-08-21T17:47:34+00:00</time>
      </trkpt>
      <trkpt lat="44.1378" lon="3.21828">
        <ele>578</ele>
        <time>2026-08-21T17:47:37+00:00</time>
      </trkpt>
      <trkpt lat="44.13782" lon="3.21818">
        <ele>582</ele>
        <time>2026-08-21T17:47:40+00:00</time>
      </trkpt>
      <trkpt lat="44.13783" lon="3.21814">
        <ele>582</ele>
        <time>2026-08-21T17:47:43+00:00</time>
      </trkpt>
      <trkpt lat="44.13781" lon="3.21814">
        <ele>582</ele>
        <time>2026-08-21T17:47:46+00:00</time>
      </trkpt>
      <trkpt lat="44.13777" lon="3.21821">
        <ele>578</ele>
        <time>2026-08-21T17:47:49+00:00</time>
      </trkpt>
      <trkpt lat="44.13772" lon="3.21826">
        <ele>578</ele>
        <time>2026-08-21T17:47:52+00:00</time>
      </trkpt>
      <trkpt lat="44.1377" lon="3.21828">
        <ele>573</ele>
        <time>2026-08-21T17:47:55+00:00</time>
      </trkpt>
      <trkpt lat="44.13768" lon="3.21827">
        <ele>573</ele>
        <time>2026-08-21T17:47:58+00:00</time>
      </trkpt>
      <trkpt lat="44.13768" lon="3.21823">
        <ele>573</ele>
        <time>2026-08-21T17:48:01+00:00</time>
      </trkpt>
      <trkpt lat="44.13768" lon="3.21809">
        <ele>570</ele>
        <time>2026-08-21T17:48:04+00:00</time>
      </trkpt>
      <trkpt lat="44.13764" lon="3.21808">
        <ele>570</ele>
        <time>2026-08-21T17:48:07+00:00</time>
      </trkpt>
      <trkpt lat="44.13762" lon="3.21809">
        <ele>570</ele>
        <time>2026-08-21T17:48:10+00:00</time>
      </trkpt>
      <trkpt lat="44.13759" lon="3.21813">
        <ele>568</ele>
        <time>2026-08-21T17:48:13+00:00</time>
      </trkpt>
      <trkpt lat="44.13756" lon="3.21817">
        <ele>568</ele>
        <time>2026-08-21T17:48:16+00:00</time>
      </trkpt>
      <trkpt lat="44.13753" lon="3.21821">
        <ele>570</ele>
        <time>2026-08-21T17:48:19+00:00</time>
      </trkpt>
      <trkpt lat="44.13741" lon="3.21828">
        <ele>564</ele>
        <time>2026-08-21T17:48:22+00:00</time>
      </trkpt>
      <trkpt lat="44.1373" lon="3.21833">
        <ele>561</ele>
        <time>2026-08-21T17:48:25+00:00</time>
      </trkpt>
      <trkpt lat="44.13727" lon="3.21833">
        <ele>561</ele>
        <time>2026-08-21T17:48:28+00:00</time>
      </trkpt>
      <trkpt lat="44.13724" lon="3.21831">
        <ele>561</ele>
        <time>2026-08-21T17:48:31+00:00</time>
      </trkpt>
      <trkpt lat="44.13723" lon="3.21824">
        <ele>559</ele>
        <time>2026-08-21T17:48:34+00:00</time>
      </trkpt>
      <trkpt lat="44.1372" lon="3.2182">
        <ele>559</ele>
        <time>2026-08-21T17:48:37+00:00</time>
      </trkpt>
      <trkpt lat="44.13715" lon="3.21821">
        <ele>557</ele>
        <time>2026-08-21T17:48:40+00:00</time>
      </trkpt>
      <trkpt lat="44.13708" lon="3.21823">
        <ele>559</ele>
        <time>2026-08-21T17:48:43+00:00</time>
      </trkpt>
      <trkpt lat="44.13699" lon="3.21829">
        <ele>559</ele>
        <time>2026-08-21T17:48:46+00:00</time>
      </trkpt>
      <trkpt lat="44.13698" lon="3.21829">
        <ele>559</ele>
        <time>2026-08-21T17:48:49+00:00</time>
      </trkpt>
      <trkpt lat="44.13695" lon="3.21828">
        <ele>559</ele>
        <time>2026-08-21T17:48:52+00:00</time>
      </trkpt>
      <trkpt lat="44.13692" lon="3.21826">
        <ele>559</ele>
        <time>2026-08-21T17:48:55+00:00</time>
      </trkpt>
      <trkpt lat="44.13688" lon="3.21824">
        <ele>556</ele>
        <time>2026-08-21T17:48:58+00:00</time>
      </trkpt>
      <trkpt lat="44.13675" lon="3.21814">
        <ele>556</ele>
        <time>2026-08-21T17:49:01+00:00</time>
      </trkpt>
      <trkpt lat="44.13672" lon="3.21812">
        <ele>556</ele>
        <time>2026-08-21T17:49:04+00:00</time>
      </trkpt>
      <trkpt lat="44.13663" lon="3.21811">
        <ele>554</ele>
        <time>2026-08-21T17:49:07+00:00</time>
      </trkpt>
      <trkpt lat="44.13651" lon="3.21814">
        <ele>553</ele>
        <time>2026-08-21T17:49:10+00:00</time>
      </trkpt>
      <trkpt lat="44.13648" lon="3.21814">
        <ele>551</ele>
        <time>2026-08-21T17:49:13+00:00</time>
      </trkpt>
      <trkpt lat="44.13645" lon="3.21812">
        <ele>551</ele>
        <time>2026-08-21T17:49:16+00:00</time>
      </trkpt>
      <trkpt lat="44.13641" lon="3.21803">
        <ele>553</ele>
        <time>2026-08-21T17:49:19+00:00</time>
      </trkpt>
      <trkpt lat="44.1364" lon="3.21801">
        <ele>551</ele>
        <time>2026-08-21T17:49:22+00:00</time>
      </trkpt>
      <trkpt lat="44.13636" lon="3.21802">
        <ele>551</ele>
        <time>2026-08-21T17:49:25+00:00</time>
      </trkpt>
      <trkpt lat="44.13631" lon="3.21804">
        <ele>551</ele>
        <time>2026-08-21T17:49:28+00:00</time>
      </trkpt>
      <trkpt lat="44.13625" lon="3.21806">
        <ele>548</ele>
        <time>2026-08-21T17:49:31+00:00</time>
      </trkpt>
      <trkpt lat="44.13624" lon="3.21807">
        <ele>548</ele>
        <time>2026-08-21T17:49:34+00:00</time>
      </trkpt>
      <trkpt lat="44.13621" lon="3.21808">
        <ele>548</ele>
        <time>2026-08-21T17:49:37+00:00</time>
      </trkpt>
      <trkpt lat="44.13611" lon="3.21809">
        <ele>548</ele>
        <time>2026-08-21T17:49:40+00:00</time>
      </trkpt>
      <trkpt lat="44.13608" lon="3.2181">
        <ele>544</ele>
        <time>2026-08-21T17:49:43+00:00</time>
      </trkpt>
      <trkpt lat="44.13604" lon="3.21814">
        <ele>544</ele>
        <time>2026-08-21T17:49:46+00:00</time>
      </trkpt>
      <trkpt lat="44.13599" lon="3.21815">
        <ele>545</ele>
        <time>2026-08-21T17:49:49+00:00</time>
      </trkpt>
      <trkpt lat="44.13593" lon="3.21812">
        <ele>545</ele>
        <time>2026-08-21T17:49:52+00:00</time>
      </trkpt>
      <trkpt lat="44.13579" lon="3.21801">
        <ele>546</ele>
        <time>2026-08-21T17:49:55+00:00</time>
      </trkpt>
      <trkpt lat="44.13567" lon="3.21796">
        <ele>544</ele>
        <time>2026-08-21T17:49:58+00:00</time>
      </trkpt>
      <trkpt lat="44.13552" lon="3.21783">
        <ele>545</ele>
        <time>2026-08-21T17:50:01+00:00</time>
      </trkpt>
      <trkpt lat="44.1355" lon="3.21782">
        <ele>544</ele>
        <time>2026-08-21T17:50:04+00:00</time>
      </trkpt>
      <trkpt lat="44.13547" lon="3.21782">
        <ele>544</ele>
        <time>2026-08-21T17:50:07+00:00</time>
      </trkpt>
      <trkpt lat="44.13544" lon="3.21784">
        <ele>544</ele>
        <time>2026-08-21T17:50:10+00:00</time>
      </trkpt>
      <trkpt lat="44.13535" lon="3.21792">
        <ele>543</ele>
        <time>2026-08-21T17:50:13+00:00</time>
      </trkpt>
      <trkpt lat="44.13528" lon="3.21802">
        <ele>543</ele>
        <time>2026-08-21T17:50:16+00:00</time>
      </trkpt>
      <trkpt lat="44.13524" lon="3.21804">
        <ele>543</ele>
        <time>2026-08-21T17:50:19+00:00</time>
      </trkpt>
      <trkpt lat="44.13515" lon="3.21806">
        <ele>541</ele>
        <time>2026-08-21T17:50:22+00:00</time>
      </trkpt>
      <trkpt lat="44.13508" lon="3.21806">
        <ele>539</ele>
        <time>2026-08-21T17:50:25+00:00</time>
      </trkpt>
      <trkpt lat="44.13499" lon="3.21803">
        <ele>535</ele>
        <time>2026-08-21T17:50:28+00:00</time>
      </trkpt>
      <trkpt lat="44.13488" lon="3.21801">
        <ele>534</ele>
        <time>2026-08-21T17:50:31+00:00</time>
      </trkpt>
      <trkpt lat="44.13474" lon="3.21802">
        <ele>533</ele>
        <time>2026-08-21T17:50:34+00:00</time>
      </trkpt>
      <trkpt lat="44.13469" lon="3.21804">
        <ele>531</ele>
        <time>2026-08-21T17:50:37+00:00</time>
      </trkpt>
      <trkpt lat="44.13461" lon="3.21808">
        <ele>531</ele>
        <time>2026-08-21T17:50:40+00:00</time>
      </trkpt>
      <trkpt lat="44.13446" lon="3.21824">
        <ele>529</ele>
        <time>2026-08-21T17:50:43+00:00</time>
      </trkpt>
      <trkpt lat="44.13444" lon="3.21824">
        <ele>529</ele>
        <time>2026-08-21T17:50:46+00:00</time>
      </trkpt>
      <trkpt lat="44.13442" lon="3.21822">
        <ele>529</ele>
        <time>2026-08-21T17:50:49+00:00</time>
      </trkpt>
      <trkpt lat="44.13442" lon="3.21815">
        <ele>526</ele>
        <time>2026-08-21T17:50:52+00:00</time>
      </trkpt>
      <trkpt lat="44.1344" lon="3.21813">
        <ele>518</ele>
        <time>2026-08-21T17:50:55+00:00</time>
      </trkpt>
      <trkpt lat="44.13435" lon="3.21814">
        <ele>518</ele>
        <time>2026-08-21T17:50:58+00:00</time>
      </trkpt>
      <trkpt lat="44.13428" lon="3.21819">
        <ele>524</ele>
        <time>2026-08-21T17:51:01+00:00</time>
      </trkpt>
      <trkpt lat="44.13426" lon="3.21822">
        <ele>521</ele>
        <time>2026-08-21T17:51:04+00:00</time>
      </trkpt>
      <trkpt lat="44.13416" lon="3.21831">
        <ele>522</ele>
        <time>2026-08-21T17:51:07+00:00</time>
      </trkpt>
      <trkpt lat="44.13412" lon="3.21833">
        <ele>522</ele>
        <time>2026-08-21T17:51:10+00:00</time>
      </trkpt>
      <trkpt lat="44.13405" lon="3.21837">
        <ele>519</ele>
        <time>2026-08-21T17:51:13+00:00</time>
      </trkpt>
      <trkpt lat="44.13403" lon="3.21838">
        <ele>519</ele>
        <time>2026-08-21T17:51:16+00:00</time>
      </trkpt>
      <trkpt lat="44.13401" lon="3.21839">
        <ele>519</ele>
        <time>2026-08-21T17:51:19+00:00</time>
      </trkpt>
      <trkpt lat="44.13394" lon="3.21837">
        <ele>515</ele>
        <time>2026-08-21T17:51:22+00:00</time>
      </trkpt>
      <trkpt lat="44.13386" lon="3.21836">
        <ele>511</ele>
        <time>2026-08-21T17:51:25+00:00</time>
      </trkpt>
      <trkpt lat="44.13382" lon="3.21838">
        <ele>511</ele>
        <time>2026-08-21T17:51:28+00:00</time>
      </trkpt>
      <trkpt lat="44.13377" lon="3.21843">
        <ele>511</ele>
        <time>2026-08-21T17:51:31+00:00</time>
      </trkpt>
      <trkpt lat="44.13372" lon="3.21844">
        <ele>511</ele>
        <time>2026-08-21T17:51:34+00:00</time>
      </trkpt>
      <trkpt lat="44.13371" lon="3.21845">
        <ele>511</ele>
        <time>2026-08-21T17:51:37+00:00</time>
      </trkpt>
      <trkpt lat="44.13367" lon="3.21848">
        <ele>507</ele>
        <time>2026-08-21T17:51:40+00:00</time>
      </trkpt>
      <trkpt lat="44.13361" lon="3.21857">
        <ele>507</ele>
        <time>2026-08-21T17:51:43+00:00</time>
      </trkpt>
      <trkpt lat="44.13359" lon="3.21858">
        <ele>506</ele>
        <time>2026-08-21T17:51:46+00:00</time>
      </trkpt>
      <trkpt lat="44.13353" lon="3.21859">
        <ele>506</ele>
        <time>2026-08-21T17:51:49+00:00</time>
      </trkpt>
      <trkpt lat="44.1335" lon="3.21858">
        <ele>506</ele>
        <time>2026-08-21T17:51:52+00:00</time>
      </trkpt>
      <trkpt lat="44.13347" lon="3.21859">
        <ele>511</ele>
        <time>2026-08-21T17:51:55+00:00</time>
      </trkpt>
      <trkpt lat="44.13343" lon="3.21866">
        <ele>508</ele>
        <time>2026-08-21T17:51:58+00:00</time>
      </trkpt>
      <trkpt lat="44.13342" lon="3.2187">
        <ele>505</ele>
        <time>2026-08-21T17:52:01+00:00</time>
      </trkpt>
      <trkpt lat="44.13343" lon="3.21882">
        <ele>504</ele>
        <time>2026-08-21T17:52:04+00:00</time>
      </trkpt>
      <trkpt lat="44.13342" lon="3.21886">
        <ele>504</ele>
        <time>2026-08-21T17:52:07+00:00</time>
      </trkpt>
      <trkpt lat="44.13341" lon="3.21889">
        <ele>504</ele>
        <time>2026-08-21T17:52:10+00:00</time>
      </trkpt>
      <trkpt lat="44.13339" lon="3.21891">
        <ele>505</ele>
        <time>2026-08-21T17:52:13+00:00</time>
      </trkpt>
      <trkpt lat="44.13331" lon="3.21896">
        <ele>505</ele>
        <time>2026-08-21T17:52:16+00:00</time>
      </trkpt>
      <trkpt lat="44.13327" lon="3.21904">
        <ele>505</ele>
        <time>2026-08-21T17:52:19+00:00</time>
      </trkpt>
      <trkpt lat="44.13323" lon="3.2191">
        <ele>501</ele>
        <time>2026-08-21T17:52:22+00:00</time>
      </trkpt>
      <trkpt lat="44.13315" lon="3.21915">
        <ele>505</ele>
        <time>2026-08-21T17:52:25+00:00</time>
      </trkpt>
      <trkpt lat="44.1331" lon="3.21918">
        <ele>502</ele>
        <time>2026-08-21T17:52:28+00:00</time>
      </trkpt>
      <trkpt lat="44.13303" lon="3.21925">
        <ele>502</ele>
        <time>2026-08-21T17:52:31+00:00</time>
      </trkpt>
      <trkpt lat="44.13294" lon="3.21928">
        <ele>501</ele>
        <time>2026-08-21T17:52:34+00:00</time>
      </trkpt>
      <trkpt lat="44.13281" lon="3.21928">
        <ele>499</ele>
        <time>2026-08-21T17:52:37+00:00</time>
      </trkpt>
      <trkpt lat="44.1327" lon="3.21924">
        <ele>494</ele>
        <time>2026-08-21T17:52:40+00:00</time>
      </trkpt>
      <trkpt lat="44.13264" lon="3.21921">
        <ele>494</ele>
        <time>2026-08-21T17:52:43+00:00</time>
      </trkpt>
      <trkpt lat="44.13261" lon="3.21922">
        <ele>494</ele>
        <time>2026-08-21T17:52:46+00:00</time>
      </trkpt>
      <trkpt lat="44.13254" lon="3.21921">
        <ele>492</ele>
        <time>2026-08-21T17:52:49+00:00</time>
      </trkpt>
      <trkpt lat="44.13246" lon="3.2192">
        <ele>491</ele>
        <time>2026-08-21T17:52:52+00:00</time>
      </trkpt>
      <trkpt lat="44.13238" lon="3.21923">
        <ele>491</ele>
        <time>2026-08-21T17:52:55+00:00</time>
      </trkpt>
      <trkpt lat="44.13232" lon="3.21926">
        <ele>491</ele>
        <time>2026-08-21T17:52:58+00:00</time>
      </trkpt>
      <trkpt lat="44.13221" lon="3.21926">
        <ele>491</ele>
        <time>2026-08-21T17:53:01+00:00</time>
      </trkpt>
      <trkpt lat="44.13216" lon="3.21925">
        <ele>490</ele>
        <time>2026-08-21T17:53:04+00:00</time>
      </trkpt>
      <trkpt lat="44.1321" lon="3.21926">
        <ele>489</ele>
        <time>2026-08-21T17:53:07+00:00</time>
      </trkpt>
      <trkpt lat="44.13201" lon="3.21933">
        <ele>487</ele>
        <time>2026-08-21T17:53:10+00:00</time>
      </trkpt>
      <trkpt lat="44.13195" lon="3.21936">
        <ele>490</ele>
        <time>2026-08-21T17:53:13+00:00</time>
      </trkpt>
      <trkpt lat="44.13189" lon="3.21939">
        <ele>494</ele>
        <time>2026-08-21T17:53:16+00:00</time>
      </trkpt>
      <trkpt lat="44.13188" lon="3.21937">
        <ele>494</ele>
        <time>2026-08-21T17:53:19+00:00</time>
      </trkpt>
      <trkpt lat="44.13186" lon="3.21937">
        <ele>494</ele>
        <time>2026-08-21T17:53:22+00:00</time>
      </trkpt>
      <trkpt lat="44.13184" lon="3.21944">
        <ele>488</ele>
        <time>2026-08-21T17:53:25+00:00</time>
      </trkpt>
      <trkpt lat="44.13181" lon="3.21947">
        <ele>488</ele>
        <time>2026-08-21T17:53:28+00:00</time>
      </trkpt>
      <trkpt lat="44.13175" lon="3.21952">
        <ele>489</ele>
        <time>2026-08-21T17:53:31+00:00</time>
      </trkpt>
      <trkpt lat="44.13168" lon="3.2196">
        <ele>484</ele>
        <time>2026-08-21T17:53:34+00:00</time>
      </trkpt>
      <trkpt lat="44.13162" lon="3.21968">
        <ele>484</ele>
        <time>2026-08-21T17:53:37+00:00</time>
      </trkpt>
      <trkpt lat="44.13162" lon="3.21971">
        <ele>483</ele>
        <time>2026-08-21T17:53:40+00:00</time>
      </trkpt>
      <trkpt lat="44.13159" lon="3.21979">
        <ele>484</ele>
        <time>2026-08-21T17:53:43+00:00</time>
      </trkpt>
      <trkpt lat="44.13158" lon="3.21984">
        <ele>482</ele>
        <time>2026-08-21T17:53:46+00:00</time>
      </trkpt>
      <trkpt lat="44.13155" lon="3.21991">
        <ele>482</ele>
        <time>2026-08-21T17:53:49+00:00</time>
      </trkpt>
      <trkpt lat="44.13149" lon="3.21994">
        <ele>481</ele>
        <time>2026-08-21T17:53:52+00:00</time>
      </trkpt>
      <trkpt lat="44.13143" lon="3.21995">
        <ele>483</ele>
        <time>2026-08-21T17:53:55+00:00</time>
      </trkpt>
      <trkpt lat="44.13129" lon="3.22002">
        <ele>483</ele>
        <time>2026-08-21T17:53:58+00:00</time>
      </trkpt>
      <trkpt lat="44.13123" lon="3.22006">
        <ele>483</ele>
        <time>2026-08-21T17:54:01+00:00</time>
      </trkpt>
      <trkpt lat="44.13117" lon="3.22007">
        <ele>484</ele>
        <time>2026-08-21T17:54:04+00:00</time>
      </trkpt>
      <trkpt lat="44.13109" lon="3.22011">
        <ele>479</ele>
        <time>2026-08-21T17:54:07+00:00</time>
      </trkpt>
      <trkpt lat="44.13101" lon="3.22018">
        <ele>479</ele>
        <time>2026-08-21T17:54:10+00:00</time>
      </trkpt>
      <trkpt lat="44.13094" lon="3.22026">
        <ele>474</ele>
        <time>2026-08-21T17:54:13+00:00</time>
      </trkpt>
      <trkpt lat="44.13091" lon="3.22031">
        <ele>475</ele>
        <time>2026-08-21T17:54:16+00:00</time>
      </trkpt>
      <trkpt lat="44.13089" lon="3.22033">
        <ele>474</ele>
        <time>2026-08-21T17:54:19+00:00</time>
      </trkpt>
      <trkpt lat="44.13084" lon="3.22032">
        <ele>474</ele>
        <time>2026-08-21T17:54:22+00:00</time>
      </trkpt>
      <trkpt lat="44.13079" lon="3.22029">
        <ele>474</ele>
        <time>2026-08-21T17:54:25+00:00</time>
      </trkpt>
      <trkpt lat="44.13077" lon="3.22029">
        <ele>474</ele>
        <time>2026-08-21T17:54:28+00:00</time>
      </trkpt>
      <trkpt lat="44.13075" lon="3.22031">
        <ele>471</ele>
        <time>2026-08-21T17:54:31+00:00</time>
      </trkpt>
      <trkpt lat="44.13072" lon="3.22032">
        <ele>471</ele>
        <time>2026-08-21T17:54:34+00:00</time>
      </trkpt>
      <trkpt lat="44.13067" lon="3.22033">
        <ele>473</ele>
        <time>2026-08-21T17:54:37+00:00</time>
      </trkpt>
      <trkpt lat="44.13064" lon="3.22035">
        <ele>473</ele>
        <time>2026-08-21T17:54:40+00:00</time>
      </trkpt>
      <trkpt lat="44.13062" lon="3.22037">
        <ele>473</ele>
        <time>2026-08-21T17:54:43+00:00</time>
      </trkpt>
      <trkpt lat="44.13059" lon="3.22039">
        <ele>475</ele>
        <time>2026-08-21T17:54:46+00:00</time>
      </trkpt>
      <trkpt lat="44.13052" lon="3.2205">
        <ele>471</ele>
        <time>2026-08-21T17:54:49+00:00</time>
      </trkpt>
      <trkpt lat="44.13041" lon="3.22058">
        <ele>470</ele>
        <time>2026-08-21T17:54:52+00:00</time>
      </trkpt>
      <trkpt lat="44.13036" lon="3.22059">
        <ele>472</ele>
        <time>2026-08-21T17:54:55+00:00</time>
      </trkpt>
      <trkpt lat="44.13034" lon="3.2206">
        <ele>469</ele>
        <time>2026-08-21T17:54:58+00:00</time>
      </trkpt>
      <trkpt lat="44.1303" lon="3.22066">
        <ele>471</ele>
        <time>2026-08-21T17:55:01+00:00</time>
      </trkpt>
      <trkpt lat="44.13025" lon="3.2207">
        <ele>471</ele>
        <time>2026-08-21T17:55:04+00:00</time>
      </trkpt>
      <trkpt lat="44.13024" lon="3.22072">
        <ele>469</ele>
        <time>2026-08-21T17:55:07+00:00</time>
      </trkpt>
      <trkpt lat="44.13011" lon="3.2208">
        <ele>468</ele>
        <time>2026-08-21T17:55:10+00:00</time>
      </trkpt>
      <trkpt lat="44.1301" lon="3.22083">
        <ele>473</ele>
        <time>2026-08-21T17:55:13+00:00</time>
      </trkpt>
      <trkpt lat="44.13009" lon="3.22086">
        <ele>473</ele>
        <time>2026-08-21T17:55:16+00:00</time>
      </trkpt>
      <trkpt lat="44.13009" lon="3.22091">
        <ele>469</ele>
        <time>2026-08-21T17:55:19+00:00</time>
      </trkpt>
      <trkpt lat="44.13011" lon="3.22099">
        <ele>467</ele>
        <time>2026-08-21T17:55:22+00:00</time>
      </trkpt>
      <trkpt lat="44.13011" lon="3.22102">
        <ele>467</ele>
        <time>2026-08-21T17:55:25+00:00</time>
      </trkpt>
      <trkpt lat="44.1301" lon="3.22104">
        <ele>468</ele>
        <time>2026-08-21T17:55:28+00:00</time>
      </trkpt>
      <trkpt lat="44.13006" lon="3.22115">
        <ele>467</ele>
        <time>2026-08-21T17:55:31+00:00</time>
      </trkpt>
      <trkpt lat="44.13006" lon="3.22128">
        <ele>466</ele>
        <time>2026-08-21T17:55:34+00:00</time>
      </trkpt>
      <trkpt lat="44.13005" lon="3.22133">
        <ele>465</ele>
        <time>2026-08-21T17:55:37+00:00</time>
      </trkpt>
      <trkpt lat="44.13003" lon="3.22138">
        <ele>465</ele>
        <time>2026-08-21T17:55:40+00:00</time>
      </trkpt>
      <trkpt lat="44.13001" lon="3.22146">
        <ele>464</ele>
        <time>2026-08-21T17:55:43+00:00</time>
      </trkpt>
      <trkpt lat="44.12999" lon="3.22147">
        <ele>465</ele>
        <time>2026-08-21T17:55:46+00:00</time>
      </trkpt>
      <trkpt lat="44.12992" lon="3.22145">
        <ele>465</ele>
        <time>2026-08-21T17:55:49+00:00</time>
      </trkpt>
      <trkpt lat="44.1299" lon="3.22145">
        <ele>465</ele>
        <time>2026-08-21T17:55:52+00:00</time>
      </trkpt>
      <trkpt lat="44.12988" lon="3.22151">
        <ele>464</ele>
        <time>2026-08-21T17:55:55+00:00</time>
      </trkpt>
      <trkpt lat="44.12987" lon="3.22154">
        <ele>464</ele>
        <time>2026-08-21T17:55:58+00:00</time>
      </trkpt>
      <trkpt lat="44.12984" lon="3.22159">
        <ele>464</ele>
        <time>2026-08-21T17:56:01+00:00</time>
      </trkpt>
      <trkpt lat="44.12982" lon="3.22159">
        <ele>464</ele>
        <time>2026-08-21T17:56:04+00:00</time>
      </trkpt>
      <trkpt lat="44.12975" lon="3.22154">
        <ele>466</ele>
        <time>2026-08-21T17:56:07+00:00</time>
      </trkpt>
      <trkpt lat="44.12972" lon="3.22145">
        <ele>463</ele>
        <time>2026-08-21T17:56:10+00:00</time>
      </trkpt>
      <trkpt lat="44.1297" lon="3.22141">
        <ele>461</ele>
        <time>2026-08-21T17:56:13+00:00</time>
      </trkpt>
      <trkpt lat="44.12967" lon="3.22138">
        <ele>467</ele>
        <time>2026-08-21T17:56:16+00:00</time>
      </trkpt>
      <trkpt lat="44.12964" lon="3.22136">
        <ele>467</ele>
        <time>2026-08-21T17:56:19+00:00</time>
      </trkpt>
      <trkpt lat="44.12961" lon="3.22136">
        <ele>461</ele>
        <time>2026-08-21T17:56:22+00:00</time>
      </trkpt>
      <trkpt lat="44.12956" lon="3.22137">
        <ele>467</ele>
        <time>2026-08-21T17:56:25+00:00</time>
      </trkpt>
      <trkpt lat="44.12949" lon="3.2214">
        <ele>458</ele>
        <time>2026-08-21T17:56:28+00:00</time>
      </trkpt>
      <trkpt lat="44.12944" lon="3.22145">
        <ele>458</ele>
        <time>2026-08-21T17:56:31+00:00</time>
      </trkpt>
      <trkpt lat="44.12936" lon="3.22147">
        <ele>456</ele>
        <time>2026-08-21T17:56:34+00:00</time>
      </trkpt>
      <trkpt lat="44.12933" lon="3.22147">
        <ele>456</ele>
        <time>2026-08-21T17:56:37+00:00</time>
      </trkpt>
      <trkpt lat="44.12921" lon="3.22142">
        <ele>454</ele>
        <time>2026-08-21T17:56:40+00:00</time>
      </trkpt>
      <trkpt lat="44.12916" lon="3.22137">
        <ele>456</ele>
        <time>2026-08-21T17:56:43+00:00</time>
      </trkpt>
      <trkpt lat="44.12909" lon="3.22134">
        <ele>453</ele>
        <time>2026-08-21T17:56:46+00:00</time>
      </trkpt>
      <trkpt lat="44.12902" lon="3.22128">
        <ele>455</ele>
        <time>2026-08-21T17:56:49+00:00</time>
      </trkpt>
      <trkpt lat="44.12898" lon="3.22127">
        <ele>453</ele>
        <time>2026-08-21T17:56:52+00:00</time>
      </trkpt>
      <trkpt lat="44.12895" lon="3.22126">
        <ele>453</ele>
        <time>2026-08-21T17:56:55+00:00</time>
      </trkpt>
      <trkpt lat="44.12892" lon="3.22127">
        <ele>453</ele>
        <time>2026-08-21T17:56:58+00:00</time>
      </trkpt>
      <trkpt lat="44.1289" lon="3.22127">
        <ele>451</ele>
        <time>2026-08-21T17:57:01+00:00</time>
      </trkpt>
      <trkpt lat="44.12884" lon="3.22125">
        <ele>451</ele>
        <time>2026-08-21T17:57:04+00:00</time>
      </trkpt>
      <trkpt lat="44.12876" lon="3.22126">
        <ele>450</ele>
        <time>2026-08-21T17:57:07+00:00</time>
      </trkpt>
      <trkpt lat="44.12868" lon="3.22126">
        <ele>447</ele>
        <time>2026-08-21T17:57:10+00:00</time>
      </trkpt>
      <trkpt lat="44.12865" lon="3.22126">
        <ele>447</ele>
        <time>2026-08-21T17:57:13+00:00</time>
      </trkpt>
      <trkpt lat="44.12861" lon="3.22124">
        <ele>447</ele>
        <time>2026-08-21T17:57:16+00:00</time>
      </trkpt>
      <trkpt lat="44.12858" lon="3.22122">
        <ele>444</ele>
        <time>2026-08-21T17:57:19+00:00</time>
      </trkpt>
      <trkpt lat="44.1285" lon="3.22105">
        <ele>446</ele>
        <time>2026-08-21T17:57:22+00:00</time>
      </trkpt>
      <trkpt lat="44.12847" lon="3.22101">
        <ele>442</ele>
        <time>2026-08-21T17:57:25+00:00</time>
      </trkpt>
      <trkpt lat="44.12844" lon="3.221">
        <ele>442</ele>
        <time>2026-08-21T17:57:28+00:00</time>
      </trkpt>
      <trkpt lat="44.12836" lon="3.22088">
        <ele>441</ele>
        <time>2026-08-21T17:57:31+00:00</time>
      </trkpt>
      <trkpt lat="44.12834" lon="3.22086">
        <ele>441</ele>
        <time>2026-08-21T17:57:34+00:00</time>
      </trkpt>
      <trkpt lat="44.12826" lon="3.22081">
        <ele>441</ele>
        <time>2026-08-21T17:57:37+00:00</time>
      </trkpt>
      <trkpt lat="44.12815" lon="3.22076">
        <ele>441</ele>
        <time>2026-08-21T17:57:40+00:00</time>
      </trkpt>
      <trkpt lat="44.1281" lon="3.22076">
        <ele>441</ele>
        <time>2026-08-21T17:57:43+00:00</time>
      </trkpt>
      <trkpt lat="44.12808" lon="3.22077">
        <ele>442</ele>
        <time>2026-08-21T17:57:46+00:00</time>
      </trkpt>
      <trkpt lat="44.12802" lon="3.2209">
        <ele>438</ele>
        <time>2026-08-21T17:57:49+00:00</time>
      </trkpt>
      <trkpt lat="44.12793" lon="3.22104">
        <ele>437</ele>
        <time>2026-08-21T17:57:52+00:00</time>
      </trkpt>
      <trkpt lat="44.12786" lon="3.22108">
        <ele>436</ele>
        <time>2026-08-21T17:57:55+00:00</time>
      </trkpt>
      <trkpt lat="44.12783" lon="3.22108">
        <ele>436</ele>
        <time>2026-08-21T17:57:58+00:00</time>
      </trkpt>
      <trkpt lat="44.12779" lon="3.2211">
        <ele>435</ele>
        <time>2026-08-21T17:58:01+00:00</time>
      </trkpt>
      <trkpt lat="44.12769" lon="3.22115">
        <ele>437</ele>
        <time>2026-08-21T17:58:04+00:00</time>
      </trkpt>
      <trkpt lat="44.12762" lon="3.22124">
        <ele>434</ele>
        <time>2026-08-21T17:58:07+00:00</time>
      </trkpt>
      <trkpt lat="44.12757" lon="3.22132">
        <ele>433</ele>
        <time>2026-08-21T17:58:10+00:00</time>
      </trkpt>
      <trkpt lat="44.12749" lon="3.22141">
        <ele>430</ele>
        <time>2026-08-21T17:58:13+00:00</time>
      </trkpt>
      <trkpt lat="44.12741" lon="3.22145">
        <ele>430</ele>
        <time>2026-08-21T17:58:16+00:00</time>
      </trkpt>
      <trkpt lat="44.12737" lon="3.22147">
        <ele>430</ele>
        <time>2026-08-21T17:58:19+00:00</time>
      </trkpt>
      <trkpt lat="44.12731" lon="3.22152">
        <ele>429</ele>
        <time>2026-08-21T17:58:22+00:00</time>
      </trkpt>
      <trkpt lat="44.12723" lon="3.22155">
        <ele>428</ele>
        <time>2026-08-21T17:58:25+00:00</time>
      </trkpt>
      <trkpt lat="44.1272" lon="3.22157">
        <ele>430</ele>
        <time>2026-08-21T17:58:28+00:00</time>
      </trkpt>
      <trkpt lat="44.12706" lon="3.2217">
        <ele>429</ele>
        <time>2026-08-21T17:58:31+00:00</time>
      </trkpt>
      <trkpt lat="44.12698" lon="3.2218">
        <ele>432</ele>
        <time>2026-08-21T17:58:34+00:00</time>
      </trkpt>
      <trkpt lat="44.12696" lon="3.22184">
        <ele>429</ele>
        <time>2026-08-21T17:58:37+00:00</time>
      </trkpt>
      <trkpt lat="44.12694" lon="3.22188">
        <ele>429</ele>
        <time>2026-08-21T17:58:40+00:00</time>
      </trkpt>
      <trkpt lat="44.12693" lon="3.22193">
        <ele>427</ele>
        <time>2026-08-21T17:58:43+00:00</time>
      </trkpt>
      <trkpt lat="44.12693" lon="3.22198">
        <ele>427</ele>
        <time>2026-08-21T17:58:46+00:00</time>
      </trkpt>
      <trkpt lat="44.1269" lon="3.22206">
        <ele>426</ele>
        <time>2026-08-21T17:58:49+00:00</time>
      </trkpt>
      <trkpt lat="44.12688" lon="3.22221">
        <ele>424</ele>
        <time>2026-08-21T17:58:52+00:00</time>
      </trkpt>
      <trkpt lat="44.12687" lon="3.22225">
        <ele>424</ele>
        <time>2026-08-21T17:58:55+00:00</time>
      </trkpt>
      <trkpt lat="44.12685" lon="3.22232">
        <ele>423</ele>
        <time>2026-08-21T17:58:58+00:00</time>
      </trkpt>
      <trkpt lat="44.12683" lon="3.22239">
        <ele>423</ele>
        <time>2026-08-21T17:59:01+00:00</time>
      </trkpt>
      <trkpt lat="44.12682" lon="3.22245">
        <ele>422</ele>
        <time>2026-08-21T17:59:04+00:00</time>
      </trkpt>
      <trkpt lat="44.12678" lon="3.22253">
        <ele>422</ele>
        <time>2026-08-21T17:59:07+00:00</time>
      </trkpt>
      <trkpt lat="44.1267" lon="3.22264">
        <ele>419</ele>
        <time>2026-08-21T17:59:10+00:00</time>
      </trkpt>
      <trkpt lat="44.12667" lon="3.22266">
        <ele>419</ele>
        <time>2026-08-21T17:59:13+00:00</time>
      </trkpt>
      <trkpt lat="44.12663" lon="3.22266">
        <ele>419</ele>
        <time>2026-08-21T17:59:16+00:00</time>
      </trkpt>
      <trkpt lat="44.12659" lon="3.22265">
        <ele>419</ele>
        <time>2026-08-21T17:59:19+00:00</time>
      </trkpt>
      <trkpt lat="44.12649" lon="3.2226">
        <ele>418</ele>
        <time>2026-08-21T17:59:22+00:00</time>
      </trkpt>
      <trkpt lat="44.12646" lon="3.2226">
        <ele>421</ele>
        <time>2026-08-21T17:59:25+00:00</time>
      </trkpt>
      <trkpt lat="44.12643" lon="3.22261">
        <ele>418</ele>
        <time>2026-08-21T17:59:28+00:00</time>
      </trkpt>
      <trkpt lat="44.12642" lon="3.22263">
        <ele>418</ele>
        <time>2026-08-21T17:59:31+00:00</time>
      </trkpt>
      <trkpt lat="44.12644" lon="3.22268">
        <ele>420</ele>
        <time>2026-08-21T17:59:34+00:00</time>
      </trkpt>
      <trkpt lat="44.12643" lon="3.22272">
        <ele>421</ele>
        <time>2026-08-21T17:59:37+00:00</time>
      </trkpt>
      <trkpt lat="44.12637" lon="3.22278">
        <ele>421</ele>
        <time>2026-08-21T17:59:40+00:00</time>
      </trkpt>
      <trkpt lat="44.12635" lon="3.22281">
        <ele>421</ele>
        <time>2026-08-21T17:59:43+00:00</time>
      </trkpt>
      <trkpt lat="44.12631" lon="3.22293">
        <ele>421</ele>
        <time>2026-08-21T17:59:46+00:00</time>
      </trkpt>
      <trkpt lat="44.12626" lon="3.22299">
        <ele>421</ele>
        <time>2026-08-21T17:59:49+00:00</time>
      </trkpt>
      <trkpt lat="44.12618" lon="3.22306">
        <ele>421</ele>
        <time>2026-08-21T17:59:52+00:00</time>
      </trkpt>
      <trkpt lat="44.12606" lon="3.22314">
        <ele>422</ele>
        <time>2026-08-21T17:59:55+00:00</time>
      </trkpt>
      <trkpt lat="44.1259" lon="3.22329">
        <ele>422</ele>
        <time>2026-08-21T17:59:58+00:00</time>
      </trkpt>
      <trkpt lat="44.12588" lon="3.22332">
        <ele>423</ele>
        <time>2026-08-21T18:00:01+00:00</time>
      </trkpt>
      <trkpt lat="44.1258" lon="3.22337">
        <ele>425</ele>
        <time>2026-08-21T18:00:04+00:00</time>
      </trkpt>
      <trkpt lat="44.12578" lon="3.22338">
        <ele>424</ele>
        <time>2026-08-21T18:00:07+00:00</time>
      </trkpt>
      <trkpt lat="44.12573" lon="3.22339">
        <ele>424</ele>
        <time>2026-08-21T18:00:10+00:00</time>
      </trkpt>
      <trkpt lat="44.12562" lon="3.22339">
        <ele>424</ele>
        <time>2026-08-21T18:00:13+00:00</time>
      </trkpt>
      <trkpt lat="44.12555" lon="3.22339">
        <ele>426</ele>
        <time>2026-08-21T18:00:16+00:00</time>
      </trkpt>
      <trkpt lat="44.1255" lon="3.22341">
        <ele>429</ele>
        <time>2026-08-21T18:00:19+00:00</time>
      </trkpt>
      <trkpt lat="44.12548" lon="3.22343">
        <ele>430</ele>
        <time>2026-08-21T18:00:22+00:00</time>
      </trkpt>
      <trkpt lat="44.12543" lon="3.22351">
        <ele>426</ele>
        <time>2026-08-21T18:00:25+00:00</time>
      </trkpt>
      <trkpt lat="44.12541" lon="3.2236">
        <ele>430</ele>
        <time>2026-08-21T18:00:28+00:00</time>
      </trkpt>
      <trkpt lat="44.12541" lon="3.22367">
        <ele>430</ele>
        <time>2026-08-21T18:00:31+00:00</time>
      </trkpt>
      <trkpt lat="44.12539" lon="3.22368">
        <ele>426</ele>
        <time>2026-08-21T18:00:34+00:00</time>
      </trkpt>
      <trkpt lat="44.12536" lon="3.22364">
        <ele>426</ele>
        <time>2026-08-21T18:00:37+00:00</time>
      </trkpt>
      <trkpt lat="44.12532" lon="3.22355">
        <ele>422</ele>
        <time>2026-08-21T18:00:40+00:00</time>
      </trkpt>
      <trkpt lat="44.12527" lon="3.22345">
        <ele>419</ele>
        <time>2026-08-21T18:00:43+00:00</time>
      </trkpt>
      <trkpt lat="44.12518" lon="3.22332">
        <ele>418</ele>
        <time>2026-08-21T18:00:46+00:00</time>
      </trkpt>
      <trkpt lat="44.12515" lon="3.22328">
        <ele>420</ele>
        <time>2026-08-21T18:00:49+00:00</time>
      </trkpt>
      <trkpt lat="44.12505" lon="3.22321">
        <ele>416</ele>
        <time>2026-08-21T18:00:52+00:00</time>
      </trkpt>
      <trkpt lat="44.12495" lon="3.22313">
        <ele>418</ele>
        <time>2026-08-21T18:00:55+00:00</time>
      </trkpt>
      <trkpt lat="44.12485" lon="3.22306">
        <ele>417</ele>
        <time>2026-08-21T18:00:58+00:00</time>
      </trkpt>
      <trkpt lat="44.12477" lon="3.22298">
        <ele>414</ele>
        <time>2026-08-21T18:01:01+00:00</time>
      </trkpt>
      <trkpt lat="44.12466" lon="3.22282">
        <ele>407</ele>
        <time>2026-08-21T18:01:04+00:00</time>
      </trkpt>
      <trkpt lat="44.12464" lon="3.22279">
        <ele>407</ele>
        <time>2026-08-21T18:01:07+00:00</time>
      </trkpt>
      <trkpt lat="44.12459" lon="3.22273">
        <ele>405</ele>
        <time>2026-08-21T18:01:10+00:00</time>
      </trkpt>
      <trkpt lat="44.12446" lon="3.22265">
        <ele>404</ele>
        <time>2026-08-21T18:01:13+00:00</time>
      </trkpt>
      <trkpt lat="44.12439" lon="3.22263">
        <ele>404</ele>
        <time>2026-08-21T18:01:16+00:00</time>
      </trkpt>
      <trkpt lat="44.12437" lon="3.22261">
        <ele>404</ele>
        <time>2026-08-21T18:01:19+00:00</time>
      </trkpt>
      <trkpt lat="44.12436" lon="3.22258">
        <ele>404</ele>
        <time>2026-08-21T18:01:22+00:00</time>
      </trkpt>
      <trkpt lat="44.12438" lon="3.22245">
        <ele>404</ele>
        <time>2026-08-21T18:01:25+00:00</time>
      </trkpt>
      <trkpt lat="44.12441" lon="3.22241">
        <ele>404</ele>
        <time>2026-08-21T18:01:28+00:00</time>
      </trkpt>
      <trkpt lat="44.12452" lon="3.2222">
        <ele>404</ele>
        <time>2026-08-21T18:01:31+00:00</time>
      </trkpt>
      <trkpt lat="44.12455" lon="3.22218">
        <ele>404</ele>
        <time>2026-08-21T18:01:34+00:00</time>
      </trkpt>
      <trkpt lat="44.12455" lon="3.22215">
        <ele>404</ele>
        <time>2026-08-21T18:01:37+00:00</time>
      </trkpt>
      <trkpt lat="44.12451" lon="3.22209">
        <ele>404</ele>
        <time>2026-08-21T18:01:40+00:00</time>
      </trkpt>
      <trkpt lat="44.12448" lon="3.22207">
        <ele>405</ele>
        <time>2026-08-21T18:01:43+00:00</time>
      </trkpt>
      <trkpt lat="44.12444" lon="3.22207">
        <ele>405</ele>
        <time>2026-08-21T18:01:46+00:00</time>
      </trkpt>
      <trkpt lat="44.12441" lon="3.22209">
        <ele>403</ele>
        <time>2026-08-21T18:01:49+00:00</time>
      </trkpt>
      <trkpt lat="44.12437" lon="3.22213">
        <ele>404</ele>
        <time>2026-08-21T18:01:52+00:00</time>
      </trkpt>
      <trkpt lat="44.1243" lon="3.22224">
        <ele>403</ele>
        <time>2026-08-21T18:01:55+00:00</time>
      </trkpt>
      <trkpt lat="44.12421" lon="3.22241">
        <ele>403</ele>
        <time>2026-08-21T18:01:58+00:00</time>
      </trkpt>
      <trkpt lat="44.12418" lon="3.22251">
        <ele>403</ele>
        <time>2026-08-21T18:02:01+00:00</time>
      </trkpt>
      <trkpt lat="44.12417" lon="3.22284">
        <ele>401</ele>
        <time>2026-08-21T18:02:04+00:00</time>
      </trkpt>
      <trkpt lat="44.12416" lon="3.22287">
        <ele>401</ele>
        <time>2026-08-21T18:02:07+00:00</time>
      </trkpt>
      <trkpt lat="44.12411" lon="3.22292">
        <ele>400</ele>
        <time>2026-08-21T18:02:10+00:00</time>
      </trkpt>
      <trkpt lat="44.12408" lon="3.22294">
        <ele>401</ele>
        <time>2026-08-21T18:02:13+00:00</time>
      </trkpt>
      <trkpt lat="44.12399" lon="3.22297">
        <ele>401</ele>
        <time>2026-08-21T18:02:16+00:00</time>
      </trkpt>
      <trkpt lat="44.12395" lon="3.22297">
        <ele>401</ele>
        <time>2026-08-21T18:02:19+00:00</time>
      </trkpt>
      <trkpt lat="44.12392" lon="3.22296">
        <ele>401</ele>
        <time>2026-08-21T18:02:22+00:00</time>
      </trkpt>
      <trkpt lat="44.12388" lon="3.22293">
        <ele>400</ele>
        <time>2026-08-21T18:02:25+00:00</time>
      </trkpt>
      <trkpt lat="44.12382" lon="3.22288">
        <ele>401</ele>
        <time>2026-08-21T18:02:28+00:00</time>
      </trkpt>
      <trkpt lat="44.12372" lon="3.22276">
        <ele>401</ele>
        <time>2026-08-21T18:02:31+00:00</time>
      </trkpt>
      <trkpt lat="44.12345" lon="3.22241">
        <ele>400</ele>
        <time>2026-08-21T18:02:34+00:00</time>
      </trkpt>
      <trkpt lat="44.12337" lon="3.22233">
        <ele>399</ele>
        <time>2026-08-21T18:02:37+00:00</time>
      </trkpt>
      <trkpt lat="44.12331" lon="3.22224">
        <ele>400</ele>
        <time>2026-08-21T18:02:40+00:00</time>
      </trkpt>
      <trkpt lat="44.12327" lon="3.22217">
        <ele>400</ele>
        <time>2026-08-21T18:02:43+00:00</time>
      </trkpt>
      <trkpt lat="44.12332" lon="3.22216">
        <ele>400</ele>
        <time>2026-08-21T18:02:46+00:00</time>
      </trkpt>
      <trkpt lat="44.12334" lon="3.22212">
        <ele>400</ele>
        <time>2026-08-21T18:02:49+00:00</time>
      </trkpt>
      <trkpt lat="44.12334" lon="3.22207">
        <ele>400</ele>
        <time>2026-08-21T18:02:52+00:00</time>
      </trkpt>
      <trkpt lat="44.12332" lon="3.22203">
        <ele>400</ele>
        <time>2026-08-21T18:02:55+00:00</time>
      </trkpt>
      <trkpt lat="44.12331" lon="3.22192">
        <ele>400</ele>
        <time>2026-08-21T18:02:58+00:00</time>
      </trkpt>
      <trkpt lat="44.12329" lon="3.2218">
        <ele>400</ele>
        <time>2026-08-21T18:03:01+00:00</time>
      </trkpt>
      <trkpt lat="44.12328" lon="3.22178">
        <ele>401</ele>
        <time>2026-08-21T18:03:04+00:00</time>
      </trkpt>
      <trkpt lat="44.12332" lon="3.22208">
        <ele>400</ele>
        <time>2026-08-21T18:03:07+00:00</time>
      </trkpt>
      <trkpt lat="44.12332" lon="3.22212">
        <ele>400</ele>
        <time>2026-08-21T18:03:10+00:00</time>
      </trkpt>
      <trkpt lat="44.12332" lon="3.22208">
        <ele>400</ele>
        <time>2026-08-21T18:03:13+00:00</time>
      </trkpt>
      <trkpt lat="44.12332" lon="3.22198">
        <ele>401</ele>
        <time>2026-08-21T18:03:16+00:00</time>
      </trkpt>
      <trkpt lat="44.12329" lon="3.22184">
        <ele>400</ele>
        <time>2026-08-21T18:03:19+00:00</time>
      </trkpt>
      <trkpt lat="44.12327" lon="3.22177">
        <ele>401</ele>
        <time>2026-08-21T18:03:22+00:00</time>
      </trkpt>
      <trkpt lat="44.12324" lon="3.22174">
        <ele>401</ele>
        <time>2026-08-21T18:03:25+00:00</time>
      </trkpt>
      <trkpt lat="44.12317" lon="3.22172">
        <ele>400</ele>
        <time>2026-08-21T18:03:28+00:00</time>
      </trkpt>
      <trkpt lat="44.12288" lon="3.22168">
        <ele>397</ele>
        <time>2026-08-21T18:03:31+00:00</time>
      </trkpt>
      <trkpt lat="44.12274" lon="3.22169">
        <ele>393</ele>
        <time>2026-08-21T18:03:34+00:00</time>
      </trkpt>
      <trkpt lat="44.12263" lon="3.22168">
        <ele>400</ele>
        <time>2026-08-21T18:03:37+00:00</time>
      </trkpt>
      <trkpt lat="44.12255" lon="3.22166">
        <ele>399</ele>
        <time>2026-08-21T18:03:40+00:00</time>
      </trkpt>
      <trkpt lat="44.12251" lon="3.22163">
        <ele>399</ele>
        <time>2026-08-21T18:03:43+00:00</time>
      </trkpt>
      <trkpt lat="44.12247" lon="3.22157">
        <ele>405</ele>
        <time>2026-08-21T18:03:46+00:00</time>
      </trkpt>
      <trkpt lat="44.12244" lon="3.2215">
        <ele>403</ele>
        <time>2026-08-21T18:03:49+00:00</time>
      </trkpt>
      <trkpt lat="44.12242" lon="3.22145">
        <ele>403</ele>
        <time>2026-08-21T18:03:52+00:00</time>
      </trkpt>
      <trkpt lat="44.12237" lon="3.22119">
        <ele>403</ele>
        <time>2026-08-21T18:03:55+00:00</time>
      </trkpt>
      <trkpt lat="44.12234" lon="3.22098">
        <ele>404</ele>
        <time>2026-08-21T18:03:58+00:00</time>
      </trkpt>
      <trkpt lat="44.12233" lon="3.22082">
        <ele>403</ele>
        <time>2026-08-21T18:04:01+00:00</time>
      </trkpt>
      <trkpt lat="44.12232" lon="3.22069">
        <ele>400</ele>
        <time>2026-08-21T18:04:04+00:00</time>
      </trkpt>
      <trkpt lat="44.12229" lon="3.22057">
        <ele>421</ele>
        <time>2026-08-21T18:04:07+00:00</time>
      </trkpt>
      <trkpt lat="44.12229" lon="3.22052">
        <ele>410</ele>
        <time>2026-08-21T18:04:10+00:00</time>
      </trkpt>
      <trkpt lat="44.12229" lon="3.22041">
        <ele>421</ele>
        <time>2026-08-21T18:04:13+00:00</time>
      </trkpt>
      <trkpt lat="44.12228" lon="3.22037">
        <ele>419</ele>
        <time>2026-08-21T18:04:16+00:00</time>
      </trkpt>
      <trkpt lat="44.12227" lon="3.22032">
        <ele>419</ele>
        <time>2026-08-21T18:04:19+00:00</time>
      </trkpt>
      <trkpt lat="44.12227" lon="3.22027">
        <ele>417</ele>
        <time>2026-08-21T18:04:22+00:00</time>
      </trkpt>
      <trkpt lat="44.12226" lon="3.22021">
        <ele>408</ele>
        <time>2026-08-21T18:04:25+00:00</time>
      </trkpt>
      <trkpt lat="44.12225" lon="3.22012">
        <ele>414</ele>
        <time>2026-08-21T18:04:28+00:00</time>
      </trkpt>
      <trkpt lat="44.12225" lon="3.21986">
        <ele>406</ele>
        <time>2026-08-21T18:04:31+00:00</time>
      </trkpt>
      <trkpt lat="44.12223" lon="3.21979">
        <ele>404</ele>
        <time>2026-08-21T18:04:34+00:00</time>
      </trkpt>
      <trkpt lat="44.12222" lon="3.21976">
        <ele>404</ele>
        <time>2026-08-21T18:04:37+00:00</time>
      </trkpt>
      <trkpt lat="44.12212" lon="3.21969">
        <ele>406</ele>
        <time>2026-08-21T18:04:40+00:00</time>
      </trkpt>
      <trkpt lat="44.12208" lon="3.21965">
        <ele>413</ele>
        <time>2026-08-21T18:04:43+00:00</time>
      </trkpt>
      <trkpt lat="44.12192" lon="3.2194">
        <ele>407</ele>
        <time>2026-08-21T18:04:46+00:00</time>
      </trkpt>
      <trkpt lat="44.1218" lon="3.21919">
        <ele>408</ele>
        <time>2026-08-21T18:04:49+00:00</time>
      </trkpt>
      <trkpt lat="44.12179" lon="3.21917">
        <ele>411</ele>
        <time>2026-08-21T18:04:52+00:00</time>
      </trkpt>
      <trkpt lat="44.12175" lon="3.21914">
        <ele>411</ele>
        <time>2026-08-21T18:04:55+00:00</time>
      </trkpt>
      <trkpt lat="44.12171" lon="3.2191">
        <ele>409</ele>
        <time>2026-08-21T18:04:58+00:00</time>
      </trkpt>
      <trkpt lat="44.12169" lon="3.21904">
        <ele>420</ele>
        <time>2026-08-21T18:05:01+00:00</time>
      </trkpt>
      <trkpt lat="44.12163" lon="3.21896">
        <ele>416</ele>
        <time>2026-08-21T18:05:04+00:00</time>
      </trkpt>
      <trkpt lat="44.1216" lon="3.21889">
        <ele>418</ele>
        <time>2026-08-21T18:05:07+00:00</time>
      </trkpt>
      <trkpt lat="44.12155" lon="3.21883">
        <ele>418</ele>
        <time>2026-08-21T18:05:10+00:00</time>
      </trkpt>
      <trkpt lat="44.12151" lon="3.21881">
        <ele>418</ele>
        <time>2026-08-21T18:05:13+00:00</time>
      </trkpt>
      <trkpt lat="44.12148" lon="3.21877">
        <ele>420</ele>
        <time>2026-08-21T18:05:16+00:00</time>
      </trkpt>
      <trkpt lat="44.12146" lon="3.21876">
        <ele>420</ele>
        <time>2026-08-21T18:05:19+00:00</time>
      </trkpt>
      <trkpt lat="44.12141" lon="3.2187">
        <ele>417</ele>
        <time>2026-08-21T18:05:22+00:00</time>
      </trkpt>
      <trkpt lat="44.12136" lon="3.21865">
        <ele>421</ele>
        <time>2026-08-21T18:05:25+00:00</time>
      </trkpt>
      <trkpt lat="44.12134" lon="3.21861">
        <ele>421</ele>
        <time>2026-08-21T18:05:28+00:00</time>
      </trkpt>
      <trkpt lat="44.12129" lon="3.21857">
        <ele>422</ele>
        <time>2026-08-21T18:05:31+00:00</time>
      </trkpt>
      <trkpt lat="44.12126" lon="3.21856">
        <ele>422</ele>
        <time>2026-08-21T18:05:34+00:00</time>
      </trkpt>
      <trkpt lat="44.12118" lon="3.21855">
        <ele>425</ele>
        <time>2026-08-21T18:05:37+00:00</time>
      </trkpt>
      <trkpt lat="44.1211" lon="3.21853">
        <ele>425</ele>
        <time>2026-08-21T18:05:40+00:00</time>
      </trkpt>
      <trkpt lat="44.12108" lon="3.21851">
        <ele>432</ele>
        <time>2026-08-21T18:05:43+00:00</time>
      </trkpt>
      <trkpt lat="44.12106" lon="3.21851">
        <ele>432</ele>
        <time>2026-08-21T18:05:46+00:00</time>
      </trkpt>
      <trkpt lat="44.12102" lon="3.21847">
        <ele>429</ele>
        <time>2026-08-21T18:05:49+00:00</time>
      </trkpt>
      <trkpt lat="44.12093" lon="3.21843">
        <ele>433</ele>
        <time>2026-08-21T18:05:52+00:00</time>
      </trkpt>
      <trkpt lat="44.1209" lon="3.21841">
        <ele>436</ele>
        <time>2026-08-21T18:05:55+00:00</time>
      </trkpt>
      <trkpt lat="44.12087" lon="3.2184">
        <ele>431</ele>
        <time>2026-08-21T18:05:58+00:00</time>
      </trkpt>
      <trkpt lat="44.12077" lon="3.21838">
        <ele>433</ele>
        <time>2026-08-21T18:06:01+00:00</time>
      </trkpt>
      <trkpt lat="44.12075" lon="3.21837">
        <ele>433</ele>
        <time>2026-08-21T18:06:04+00:00</time>
      </trkpt>
      <trkpt lat="44.12062" lon="3.21833">
        <ele>436</ele>
        <time>2026-08-21T18:06:07+00:00</time>
      </trkpt>
      <trkpt lat="44.1205" lon="3.21827">
        <ele>436</ele>
        <time>2026-08-21T18:06:10+00:00</time>
      </trkpt>
      <trkpt lat="44.12043" lon="3.21823">
        <ele>436</ele>
        <time>2026-08-21T18:06:13+00:00</time>
      </trkpt>
      <trkpt lat="44.12031" lon="3.21818">
        <ele>437</ele>
        <time>2026-08-21T18:06:16+00:00</time>
      </trkpt>
      <trkpt lat="44.12023" lon="3.21818">
        <ele>436</ele>
        <time>2026-08-21T18:06:19+00:00</time>
      </trkpt>
      <trkpt lat="44.12017" lon="3.21816">
        <ele>437</ele>
        <time>2026-08-21T18:06:22+00:00</time>
      </trkpt>
      <trkpt lat="44.12007" lon="3.21816">
        <ele>436</ele>
        <time>2026-08-21T18:06:25+00:00</time>
      </trkpt>
      <trkpt lat="44.12" lon="3.21818">
        <ele>436</ele>
        <time>2026-08-21T18:06:28+00:00</time>
      </trkpt>
      <trkpt lat="44.11992" lon="3.21823">
        <ele>440</ele>
        <time>2026-08-21T18:06:31+00:00</time>
      </trkpt>
      <trkpt lat="44.11986" lon="3.21824">
        <ele>438</ele>
        <time>2026-08-21T18:06:34+00:00</time>
      </trkpt>
      <trkpt lat="44.1198" lon="3.21827">
        <ele>438</ele>
        <time>2026-08-21T18:06:37+00:00</time>
      </trkpt>
      <trkpt lat="44.11971" lon="3.21834">
        <ele>441</ele>
        <time>2026-08-21T18:06:40+00:00</time>
      </trkpt>
      <trkpt lat="44.11962" lon="3.2184">
        <ele>440</ele>
        <time>2026-08-21T18:06:43+00:00</time>
      </trkpt>
      <trkpt lat="44.1196" lon="3.21841">
        <ele>449</ele>
        <time>2026-08-21T18:06:46+00:00</time>
      </trkpt>
      <trkpt lat="44.11955" lon="3.21843">
        <ele>448</ele>
        <time>2026-08-21T18:06:49+00:00</time>
      </trkpt>
      <trkpt lat="44.11939" lon="3.21846">
        <ele>446</ele>
        <time>2026-08-21T18:06:52+00:00</time>
      </trkpt>
      <trkpt lat="44.11924" lon="3.21853">
        <ele>449</ele>
        <time>2026-08-21T18:06:55+00:00</time>
      </trkpt>
      <trkpt lat="44.11919" lon="3.21857">
        <ele>447</ele>
        <time>2026-08-21T18:06:58+00:00</time>
      </trkpt>
      <trkpt lat="44.11907" lon="3.2187">
        <ele>450</ele>
        <time>2026-08-21T18:07:01+00:00</time>
      </trkpt>
      <trkpt lat="44.119" lon="3.2188">
        <ele>455</ele>
        <time>2026-08-21T18:07:04+00:00</time>
      </trkpt>
      <trkpt lat="44.11891" lon="3.21891">
        <ele>458</ele>
        <time>2026-08-21T18:07:07+00:00</time>
      </trkpt>
      <trkpt lat="44.11873" lon="3.2192">
        <ele>464</ele>
        <time>2026-08-21T18:07:10+00:00</time>
      </trkpt>
      <trkpt lat="44.11867" lon="3.21923">
        <ele>467</ele>
        <time>2026-08-21T18:07:13+00:00</time>
      </trkpt>
      <trkpt lat="44.11856" lon="3.21928">
        <ele>469</ele>
        <time>2026-08-21T18:07:16+00:00</time>
      </trkpt>
      <trkpt lat="44.11847" lon="3.21935">
        <ele>472</ele>
        <time>2026-08-21T18:07:19+00:00</time>
      </trkpt>
      <trkpt lat="44.11841" lon="3.21936">
        <ele>472</ele>
        <time>2026-08-21T18:07:22+00:00</time>
      </trkpt>
      <trkpt lat="44.11831" lon="3.21948">
        <ele>475</ele>
        <time>2026-08-21T18:07:25+00:00</time>
      </trkpt>
      <trkpt lat="44.11825" lon="3.21955">
        <ele>477</ele>
        <time>2026-08-21T18:07:28+00:00</time>
      </trkpt>
      <trkpt lat="44.11819" lon="3.21957">
        <ele>480</ele>
        <time>2026-08-21T18:07:31+00:00</time>
      </trkpt>
      <trkpt lat="44.11817" lon="3.21959">
        <ele>480</ele>
        <time>2026-08-21T18:07:34+00:00</time>
      </trkpt>
      <trkpt lat="44.11814" lon="3.21964">
        <ele>481</ele>
        <time>2026-08-21T18:07:37+00:00</time>
      </trkpt>
      <trkpt lat="44.11814" lon="3.21969">
        <ele>481</ele>
        <time>2026-08-21T18:07:40+00:00</time>
      </trkpt>
      <trkpt lat="44.11811" lon="3.21976">
        <ele>483</ele>
        <time>2026-08-21T18:07:43+00:00</time>
      </trkpt>
      <trkpt lat="44.11811" lon="3.21978">
        <ele>483</ele>
        <time>2026-08-21T18:07:46+00:00</time>
      </trkpt>
      <trkpt lat="44.11813" lon="3.21983">
        <ele>486</ele>
        <time>2026-08-21T18:07:49+00:00</time>
      </trkpt>
      <trkpt lat="44.1181" lon="3.21984">
        <ele>486</ele>
        <time>2026-08-21T18:07:52+00:00</time>
      </trkpt>
      <trkpt lat="44.11809" lon="3.21987">
        <ele>492</ele>
        <time>2026-08-21T18:07:55+00:00</time>
      </trkpt>
      <trkpt lat="44.1181" lon="3.22">
        <ele>494</ele>
        <time>2026-08-21T18:07:58+00:00</time>
      </trkpt>
      <trkpt lat="44.11808" lon="3.22004">
        <ele>494</ele>
        <time>2026-08-21T18:08:01+00:00</time>
      </trkpt>
      <trkpt lat="44.11804" lon="3.22005">
        <ele>494</ele>
        <time>2026-08-21T18:08:04+00:00</time>
      </trkpt>
      <trkpt lat="44.118" lon="3.22003">
        <ele>498</ele>
        <time>2026-08-21T18:08:07+00:00</time>
      </trkpt>
      <trkpt lat="44.11798" lon="3.22002">
        <ele>498</ele>
        <time>2026-08-21T18:08:10+00:00</time>
      </trkpt>
      <trkpt lat="44.11796" lon="3.21995">
        <ele>498</ele>
        <time>2026-08-21T18:08:13+00:00</time>
      </trkpt>
      <trkpt lat="44.11792" lon="3.21986">
        <ele>498</ele>
        <time>2026-08-21T18:08:16+00:00</time>
      </trkpt>
      <trkpt lat="44.11791" lon="3.21982">
        <ele>498</ele>
        <time>2026-08-21T18:08:19+00:00</time>
      </trkpt>
      <trkpt lat="44.1179" lon="3.2198">
        <ele>498</ele>
        <time>2026-08-21T18:08:22+00:00</time>
      </trkpt>
      <trkpt lat="44.11789" lon="3.21977">
        <ele>502</ele>
        <time>2026-08-21T18:08:25+00:00</time>
      </trkpt>
      <trkpt lat="44.11782" lon="3.21965">
        <ele>501</ele>
        <time>2026-08-21T18:08:28+00:00</time>
      </trkpt>
      <trkpt lat="44.11781" lon="3.21961">
        <ele>501</ele>
        <time>2026-08-21T18:08:31+00:00</time>
      </trkpt>
      <trkpt lat="44.11779" lon="3.21957">
        <ele>502</ele>
        <time>2026-08-21T18:08:34+00:00</time>
      </trkpt>
      <trkpt lat="44.11771" lon="3.21947">
        <ele>503</ele>
        <time>2026-08-21T18:08:37+00:00</time>
      </trkpt>
      <trkpt lat="44.11769" lon="3.21941">
        <ele>507</ele>
        <time>2026-08-21T18:08:40+00:00</time>
      </trkpt>
      <trkpt lat="44.11769" lon="3.21936">
        <ele>509</ele>
        <time>2026-08-21T18:08:43+00:00</time>
      </trkpt>
      <trkpt lat="44.11774" lon="3.21924">
        <ele>509</ele>
        <time>2026-08-21T18:08:46+00:00</time>
      </trkpt>
      <trkpt lat="44.11783" lon="3.21909">
        <ele>513</ele>
        <time>2026-08-21T18:08:49+00:00</time>
      </trkpt>
      <trkpt lat="44.11788" lon="3.21903">
        <ele>513</ele>
        <time>2026-08-21T18:08:52+00:00</time>
      </trkpt>
      <trkpt lat="44.11793" lon="3.21891">
        <ele>515</ele>
        <time>2026-08-21T18:08:55+00:00</time>
      </trkpt>
      <trkpt lat="44.11795" lon="3.21882">
        <ele>517</ele>
        <time>2026-08-21T18:08:58+00:00</time>
      </trkpt>
      <trkpt lat="44.11794" lon="3.21877">
        <ele>519</ele>
        <time>2026-08-21T18:09:01+00:00</time>
      </trkpt>
      <trkpt lat="44.11795" lon="3.21873">
        <ele>519</ele>
        <time>2026-08-21T18:09:04+00:00</time>
      </trkpt>
      <trkpt lat="44.11795" lon="3.2187">
        <ele>519</ele>
        <time>2026-08-21T18:09:07+00:00</time>
      </trkpt>
      <trkpt lat="44.11794" lon="3.21867">
        <ele>520</ele>
        <time>2026-08-21T18:09:10+00:00</time>
      </trkpt>
      <trkpt lat="44.11795" lon="3.21858">
        <ele>521</ele>
        <time>2026-08-21T18:09:13+00:00</time>
      </trkpt>
      <trkpt lat="44.11795" lon="3.21851">
        <ele>521</ele>
        <time>2026-08-21T18:09:16+00:00</time>
      </trkpt>
      <trkpt lat="44.11794" lon="3.21844">
        <ele>522</ele>
        <time>2026-08-21T18:09:19+00:00</time>
      </trkpt>
      <trkpt lat="44.11791" lon="3.21822">
        <ele>523</ele>
        <time>2026-08-21T18:09:22+00:00</time>
      </trkpt>
      <trkpt lat="44.11788" lon="3.21814">
        <ele>527</ele>
        <time>2026-08-21T18:09:25+00:00</time>
      </trkpt>
      <trkpt lat="44.11786" lon="3.21808">
        <ele>525</ele>
        <time>2026-08-21T18:09:28+00:00</time>
      </trkpt>
      <trkpt lat="44.11778" lon="3.218">
        <ele>527</ele>
        <time>2026-08-21T18:09:31+00:00</time>
      </trkpt>
      <trkpt lat="44.11776" lon="3.21799">
        <ele>527</ele>
        <time>2026-08-21T18:09:34+00:00</time>
      </trkpt>
      <trkpt lat="44.11774" lon="3.21798">
        <ele>527</ele>
        <time>2026-08-21T18:09:37+00:00</time>
      </trkpt>
      <trkpt lat="44.11767" lon="3.21793">
        <ele>531</ele>
        <time>2026-08-21T18:09:40+00:00</time>
      </trkpt>
      <trkpt lat="44.11765" lon="3.21789">
        <ele>529</ele>
        <time>2026-08-21T18:09:43+00:00</time>
      </trkpt>
      <trkpt lat="44.1176" lon="3.21783">
        <ele>529</ele>
        <time>2026-08-21T18:09:46+00:00</time>
      </trkpt>
      <trkpt lat="44.11756" lon="3.21777">
        <ele>530</ele>
        <time>2026-08-21T18:09:49+00:00</time>
      </trkpt>
      <trkpt lat="44.11752" lon="3.21773">
        <ele>530</ele>
        <time>2026-08-21T18:09:52+00:00</time>
      </trkpt>
      <trkpt lat="44.11748" lon="3.21767">
        <ele>541</ele>
        <time>2026-08-21T18:09:55+00:00</time>
      </trkpt>
      <trkpt lat="44.11747" lon="3.21762">
        <ele>541</ele>
        <time>2026-08-21T18:09:58+00:00</time>
      </trkpt>
      <trkpt lat="44.11746" lon="3.21754">
        <ele>542</ele>
        <time>2026-08-21T18:10:01+00:00</time>
      </trkpt>
      <trkpt lat="44.11748" lon="3.21733">
        <ele>546</ele>
        <time>2026-08-21T18:10:04+00:00</time>
      </trkpt>
      <trkpt lat="44.11749" lon="3.2173">
        <ele>546</ele>
        <time>2026-08-21T18:10:07+00:00</time>
      </trkpt>
      <trkpt lat="44.1175" lon="3.21728">
        <ele>538</ele>
        <time>2026-08-21T18:10:10+00:00</time>
      </trkpt>
      <trkpt lat="44.11751" lon="3.21719">
        <ele>539</ele>
        <time>2026-08-21T18:10:13+00:00</time>
      </trkpt>
      <trkpt lat="44.1175" lon="3.21712">
        <ele>539</ele>
        <time>2026-08-21T18:10:16+00:00</time>
      </trkpt>
      <trkpt lat="44.11747" lon="3.21706">
        <ele>547</ele>
        <time>2026-08-21T18:10:19+00:00</time>
      </trkpt>
      <trkpt lat="44.11742" lon="3.21703">
        <ele>547</ele>
        <time>2026-08-21T18:10:22+00:00</time>
      </trkpt>
      <trkpt lat="44.11741" lon="3.217">
        <ele>547</ele>
        <time>2026-08-21T18:10:25+00:00</time>
      </trkpt>
      <trkpt lat="44.11739" lon="3.21691">
        <ele>552</ele>
        <time>2026-08-21T18:10:28+00:00</time>
      </trkpt>
      <trkpt lat="44.11734" lon="3.21684">
        <ele>551</ele>
        <time>2026-08-21T18:10:31+00:00</time>
      </trkpt>
      <trkpt lat="44.11729" lon="3.21677">
        <ele>554</ele>
        <time>2026-08-21T18:10:34+00:00</time>
      </trkpt>
      <trkpt lat="44.11727" lon="3.21674">
        <ele>554</ele>
        <time>2026-08-21T18:10:37+00:00</time>
      </trkpt>
      <trkpt lat="44.11722" lon="3.21669">
        <ele>553</ele>
        <time>2026-08-21T18:10:40+00:00</time>
      </trkpt>
      <trkpt lat="44.11719" lon="3.21664">
        <ele>559</ele>
        <time>2026-08-21T18:10:43+00:00</time>
      </trkpt>
      <trkpt lat="44.11718" lon="3.21657">
        <ele>557</ele>
        <time>2026-08-21T18:10:46+00:00</time>
      </trkpt>
      <trkpt lat="44.11709" lon="3.21642">
        <ele>561</ele>
        <time>2026-08-21T18:10:49+00:00</time>
      </trkpt>
      <trkpt lat="44.11705" lon="3.21631">
        <ele>560</ele>
        <time>2026-08-21T18:10:52+00:00</time>
      </trkpt>
      <trkpt lat="44.11704" lon="3.21627">
        <ele>559</ele>
        <time>2026-08-21T18:10:55+00:00</time>
      </trkpt>
      <trkpt lat="44.11692" lon="3.21605">
        <ele>563</ele>
        <time>2026-08-21T18:10:58+00:00</time>
      </trkpt>
      <trkpt lat="44.11691" lon="3.21602">
        <ele>563</ele>
        <time>2026-08-21T18:11:01+00:00</time>
      </trkpt>
      <trkpt lat="44.11689" lon="3.21595">
        <ele>573</ele>
        <time>2026-08-21T18:11:04+00:00</time>
      </trkpt>
      <trkpt lat="44.11681" lon="3.2158">
        <ele>571</ele>
        <time>2026-08-21T18:11:07+00:00</time>
      </trkpt>
      <trkpt lat="44.11675" lon="3.21567">
        <ele>577</ele>
        <time>2026-08-21T18:11:10+00:00</time>
      </trkpt>
      <trkpt lat="44.11673" lon="3.21565">
        <ele>577</ele>
        <time>2026-08-21T18:11:13+00:00</time>
      </trkpt>
      <trkpt lat="44.11667" lon="3.21549">
        <ele>580</ele>
        <time>2026-08-21T18:11:16+00:00</time>
      </trkpt>
      <trkpt lat="44.11664" lon="3.21542">
        <ele>580</ele>
        <time>2026-08-21T18:11:19+00:00</time>
      </trkpt>
      <trkpt lat="44.11657" lon="3.21525">
        <ele>581</ele>
        <time>2026-08-21T18:11:22+00:00</time>
      </trkpt>
      <trkpt lat="44.11657" lon="3.2152">
        <ele>584</ele>
        <time>2026-08-21T18:11:25+00:00</time>
      </trkpt>
      <trkpt lat="44.11656" lon="3.21512">
        <ele>583</ele>
        <time>2026-08-21T18:11:28+00:00</time>
      </trkpt>
      <trkpt lat="44.11654" lon="3.21508">
        <ele>583</ele>
        <time>2026-08-21T18:11:31+00:00</time>
      </trkpt>
      <trkpt lat="44.11651" lon="3.21497">
        <ele>582</ele>
        <time>2026-08-21T18:11:34+00:00</time>
      </trkpt>
      <trkpt lat="44.11649" lon="3.21495">
        <ele>589</ele>
        <time>2026-08-21T18:11:37+00:00</time>
      </trkpt>
      <trkpt lat="44.11648" lon="3.21491">
        <ele>589</ele>
        <time>2026-08-21T18:11:40+00:00</time>
      </trkpt>
      <trkpt lat="44.11647" lon="3.21487">
        <ele>588</ele>
        <time>2026-08-21T18:11:43+00:00</time>
      </trkpt>
      <trkpt lat="44.11642" lon="3.21476">
        <ele>586</ele>
        <time>2026-08-21T18:11:46+00:00</time>
      </trkpt>
      <trkpt lat="44.11641" lon="3.21473">
        <ele>586</ele>
        <time>2026-08-21T18:11:49+00:00</time>
      </trkpt>
      <trkpt lat="44.11639" lon="3.21469">
        <ele>590</ele>
        <time>2026-08-21T18:11:52+00:00</time>
      </trkpt>
      <trkpt lat="44.11636" lon="3.21462">
        <ele>590</ele>
        <time>2026-08-21T18:11:55+00:00</time>
      </trkpt>
      <trkpt lat="44.11632" lon="3.21455">
        <ele>587</ele>
        <time>2026-08-21T18:11:58+00:00</time>
      </trkpt>
      <trkpt lat="44.11631" lon="3.21451">
        <ele>587</ele>
        <time>2026-08-21T18:12:01+00:00</time>
      </trkpt>
      <trkpt lat="44.11628" lon="3.21447">
        <ele>597</ele>
        <time>2026-08-21T18:12:04+00:00</time>
      </trkpt>
      <trkpt lat="44.11627" lon="3.21445">
        <ele>597</ele>
        <time>2026-08-21T18:12:07+00:00</time>
      </trkpt>
      <trkpt lat="44.11621" lon="3.21433">
        <ele>595</ele>
        <time>2026-08-21T18:12:10+00:00</time>
      </trkpt>
      <trkpt lat="44.11613" lon="3.21426">
        <ele>597</ele>
        <time>2026-08-21T18:12:13+00:00</time>
      </trkpt>
      <trkpt lat="44.11611" lon="3.21428">
        <ele>597</ele>
        <time>2026-08-21T18:12:16+00:00</time>
      </trkpt>
      <trkpt lat="44.11613" lon="3.21434">
        <ele>600</ele>
        <time>2026-08-21T18:12:19+00:00</time>
      </trkpt>
      <trkpt lat="44.11612" lon="3.21436">
        <ele>600</ele>
        <time>2026-08-21T18:12:22+00:00</time>
      </trkpt>
      <trkpt lat="44.1161" lon="3.21436">
        <ele>605</ele>
        <time>2026-08-21T18:12:25+00:00</time>
      </trkpt>
      <trkpt lat="44.11607" lon="3.2143">
        <ele>605</ele>
        <time>2026-08-21T18:12:28+00:00</time>
      </trkpt>
      <trkpt lat="44.11603" lon="3.21427">
        <ele>603</ele>
        <time>2026-08-21T18:12:31+00:00</time>
      </trkpt>
      <trkpt lat="44.11597" lon="3.21422">
        <ele>607</ele>
        <time>2026-08-21T18:12:34+00:00</time>
      </trkpt>
      <trkpt lat="44.11595" lon="3.21422">
        <ele>607</ele>
        <time>2026-08-21T18:12:37+00:00</time>
      </trkpt>
      <trkpt lat="44.11589" lon="3.21414">
        <ele>608</ele>
        <time>2026-08-21T18:12:40+00:00</time>
      </trkpt>
      <trkpt lat="44.11584" lon="3.21413">
        <ele>608</ele>
        <time>2026-08-21T18:12:43+00:00</time>
      </trkpt>
      <trkpt lat="44.11581" lon="3.21408">
        <ele>607</ele>
        <time>2026-08-21T18:12:46+00:00</time>
      </trkpt>
      <trkpt lat="44.11579" lon="3.21399">
        <ele>612</ele>
        <time>2026-08-21T18:12:49+00:00</time>
      </trkpt>
      <trkpt lat="44.11576" lon="3.21393">
        <ele>612</ele>
        <time>2026-08-21T18:12:52+00:00</time>
      </trkpt>
      <trkpt lat="44.11576" lon="3.21389">
        <ele>613</ele>
        <time>2026-08-21T18:12:55+00:00</time>
      </trkpt>
      <trkpt lat="44.11575" lon="3.21385">
        <ele>613</ele>
        <time>2026-08-21T18:12:58+00:00</time>
      </trkpt>
      <trkpt lat="44.11576" lon="3.21381">
        <ele>613</ele>
        <time>2026-08-21T18:13:01+00:00</time>
      </trkpt>
      <trkpt lat="44.11574" lon="3.21375">
        <ele>614</ele>
        <time>2026-08-21T18:13:04+00:00</time>
      </trkpt>
      <trkpt lat="44.11572" lon="3.21372">
        <ele>614</ele>
        <time>2026-08-21T18:13:07+00:00</time>
      </trkpt>
      <trkpt lat="44.11571" lon="3.21366">
        <ele>616</ele>
        <time>2026-08-21T18:13:10+00:00</time>
      </trkpt>
      <trkpt lat="44.11574" lon="3.2135">
        <ele>618</ele>
        <time>2026-08-21T18:13:13+00:00</time>
      </trkpt>
      <trkpt lat="44.11574" lon="3.21343">
        <ele>620</ele>
        <time>2026-08-21T18:13:16+00:00</time>
      </trkpt>
      <trkpt lat="44.11575" lon="3.2134">
        <ele>621</ele>
        <time>2026-08-21T18:13:19+00:00</time>
      </trkpt>
      <trkpt lat="44.11575" lon="3.21337">
        <ele>621</ele>
        <time>2026-08-21T18:13:22+00:00</time>
      </trkpt>
      <trkpt lat="44.11575" lon="3.21334">
        <ele>621</ele>
        <time>2026-08-21T18:13:25+00:00</time>
      </trkpt>
      <trkpt lat="44.11575" lon="3.21324">
        <ele>623</ele>
        <time>2026-08-21T18:13:28+00:00</time>
      </trkpt>
      <trkpt lat="44.11581" lon="3.213">
        <ele>629</ele>
        <time>2026-08-21T18:13:31+00:00</time>
      </trkpt>
      <trkpt lat="44.11581" lon="3.21296">
        <ele>629</ele>
        <time>2026-08-21T18:13:34+00:00</time>
      </trkpt>
      <trkpt lat="44.11585" lon="3.2129">
        <ele>631</ele>
        <time>2026-08-21T18:13:37+00:00</time>
      </trkpt>
      <trkpt lat="44.11589" lon="3.21277">
        <ele>632</ele>
        <time>2026-08-21T18:13:40+00:00</time>
      </trkpt>
      <trkpt lat="44.11589" lon="3.21273">
        <ele>632</ele>
        <time>2026-08-21T18:13:43+00:00</time>
      </trkpt>
      <trkpt lat="44.1159" lon="3.21268">
        <ele>631</ele>
        <time>2026-08-21T18:13:46+00:00</time>
      </trkpt>
      <trkpt lat="44.11591" lon="3.21266">
        <ele>631</ele>
        <time>2026-08-21T18:13:49+00:00</time>
      </trkpt>
      <trkpt lat="44.11592" lon="3.21262">
        <ele>631</ele>
        <time>2026-08-21T18:13:52+00:00</time>
      </trkpt>
      <trkpt lat="44.11591" lon="3.21259">
        <ele>632</ele>
        <time>2026-08-21T18:13:55+00:00</time>
      </trkpt>
      <trkpt lat="44.11588" lon="3.21259">
        <ele>635</ele>
        <time>2026-08-21T18:13:58+00:00</time>
      </trkpt>
      <trkpt lat="44.11586" lon="3.21261">
        <ele>634</ele>
        <time>2026-08-21T18:14:01+00:00</time>
      </trkpt>
      <trkpt lat="44.11586" lon="3.21264">
        <ele>634</ele>
        <time>2026-08-21T18:14:04+00:00</time>
      </trkpt>
      <trkpt lat="44.11579" lon="3.21268">
        <ele>636</ele>
        <time>2026-08-21T18:14:07+00:00</time>
      </trkpt>
      <trkpt lat="44.11573" lon="3.21277">
        <ele>635</ele>
        <time>2026-08-21T18:14:10+00:00</time>
      </trkpt>
      <trkpt lat="44.11567" lon="3.21281">
        <ele>638</ele>
        <time>2026-08-21T18:14:13+00:00</time>
      </trkpt>
      <trkpt lat="44.11565" lon="3.21281">
        <ele>638</ele>
        <time>2026-08-21T18:14:16+00:00</time>
      </trkpt>
      <trkpt lat="44.11563" lon="3.21283">
        <ele>638</ele>
        <time>2026-08-21T18:14:19+00:00</time>
      </trkpt>
      <trkpt lat="44.11558" lon="3.21285">
        <ele>639</ele>
        <time>2026-08-21T18:14:22+00:00</time>
      </trkpt>
      <trkpt lat="44.1155" lon="3.21283">
        <ele>639</ele>
        <time>2026-08-21T18:14:25+00:00</time>
      </trkpt>
      <trkpt lat="44.11544" lon="3.21283">
        <ele>639</ele>
        <time>2026-08-21T18:14:28+00:00</time>
      </trkpt>
      <trkpt lat="44.11512" lon="3.21277">
        <ele>639</ele>
        <time>2026-08-21T18:14:31+00:00</time>
      </trkpt>
      <trkpt lat="44.11502" lon="3.2128">
        <ele>643</ele>
        <time>2026-08-21T18:14:34+00:00</time>
      </trkpt>
      <trkpt lat="44.11497" lon="3.21283">
        <ele>642</ele>
        <time>2026-08-21T18:14:37+00:00</time>
      </trkpt>
      <trkpt lat="44.11479" lon="3.21299">
        <ele>639</ele>
        <time>2026-08-21T18:14:40+00:00</time>
      </trkpt>
      <trkpt lat="44.11463" lon="3.21311">
        <ele>647</ele>
        <time>2026-08-21T18:14:43+00:00</time>
      </trkpt>
      <trkpt lat="44.11453" lon="3.21317">
        <ele>641</ele>
        <time>2026-08-21T18:14:46+00:00</time>
      </trkpt>
      <trkpt lat="44.11429" lon="3.21329">
        <ele>644</ele>
        <time>2026-08-21T18:14:49+00:00</time>
      </trkpt>
      <trkpt lat="44.1141" lon="3.21341">
        <ele>649</ele>
        <time>2026-08-21T18:14:52+00:00</time>
      </trkpt>
      <trkpt lat="44.11398" lon="3.21346">
        <ele>645</ele>
        <time>2026-08-21T18:14:55+00:00</time>
      </trkpt>
      <trkpt lat="44.11382" lon="3.2135">
        <ele>650</ele>
        <time>2026-08-21T18:14:58+00:00</time>
      </trkpt>
      <trkpt lat="44.11357" lon="3.21352">
        <ele>650</ele>
        <time>2026-08-21T18:15:01+00:00</time>
      </trkpt>
      <trkpt lat="44.11341" lon="3.21355">
        <ele>650</ele>
        <time>2026-08-21T18:15:04+00:00</time>
      </trkpt>
      <trkpt lat="44.11339" lon="3.21357">
        <ele>650</ele>
        <time>2026-08-21T18:15:07+00:00</time>
      </trkpt>
      <trkpt lat="44.11332" lon="3.21358">
        <ele>650</ele>
        <time>2026-08-21T18:15:10+00:00</time>
      </trkpt>
      <trkpt lat="44.11311" lon="3.21366">
        <ele>653</ele>
        <time>2026-08-21T18:15:13+00:00</time>
      </trkpt>
      <trkpt lat="44.11298" lon="3.21368">
        <ele>653</ele>
        <time>2026-08-21T18:15:16+00:00</time>
      </trkpt>
      <trkpt lat="44.11283" lon="3.21372">
        <ele>655</ele>
        <time>2026-08-21T18:15:19+00:00</time>
      </trkpt>
      <trkpt lat="44.11258" lon="3.21374">
        <ele>655</ele>
        <time>2026-08-21T18:15:22+00:00</time>
      </trkpt>
      <trkpt lat="44.11238" lon="3.2138">
        <ele>655</ele>
        <time>2026-08-21T18:15:25+00:00</time>
      </trkpt>
      <trkpt lat="44.11222" lon="3.21383">
        <ele>658</ele>
        <time>2026-08-21T18:15:28+00:00</time>
      </trkpt>
      <trkpt lat="44.11212" lon="3.21387">
        <ele>657</ele>
        <time>2026-08-21T18:15:31+00:00</time>
      </trkpt>
      <trkpt lat="44.112" lon="3.21394">
        <ele>657</ele>
        <time>2026-08-21T18:15:34+00:00</time>
      </trkpt>
      <trkpt lat="44.1117" lon="3.21402">
        <ele>657</ele>
        <time>2026-08-21T18:15:37+00:00</time>
      </trkpt>
      <trkpt lat="44.11151" lon="3.21406">
        <ele>658</ele>
        <time>2026-08-21T18:15:40+00:00</time>
      </trkpt>
      <trkpt lat="44.11135" lon="3.21413">
        <ele>658</ele>
        <time>2026-08-21T18:15:43+00:00</time>
      </trkpt>
      <trkpt lat="44.11125" lon="3.21415">
        <ele>658</ele>
        <time>2026-08-21T18:15:46+00:00</time>
      </trkpt>
      <trkpt lat="44.11123" lon="3.21416">
        <ele>659</ele>
        <time>2026-08-21T18:15:49+00:00</time>
      </trkpt>
      <trkpt lat="44.11116" lon="3.21416">
        <ele>658</ele>
        <time>2026-08-21T18:15:52+00:00</time>
      </trkpt>
      <trkpt lat="44.11108" lon="3.21415">
        <ele>658</ele>
        <time>2026-08-21T18:15:55+00:00</time>
      </trkpt>
      <trkpt lat="44.11104" lon="3.21413">
        <ele>658</ele>
        <time>2026-08-21T18:15:58+00:00</time>
      </trkpt>
      <trkpt lat="44.11097" lon="3.21411">
        <ele>660</ele>
        <time>2026-08-21T18:16:01+00:00</time>
      </trkpt>
      <trkpt lat="44.11091" lon="3.2141">
        <ele>658</ele>
        <time>2026-08-21T18:16:04+00:00</time>
      </trkpt>
      <trkpt lat="44.11086" lon="3.2141">
        <ele>660</ele>
        <time>2026-08-21T18:16:07+00:00</time>
      </trkpt>
      <trkpt lat="44.11073" lon="3.21413">
        <ele>658</ele>
        <time>2026-08-21T18:16:10+00:00</time>
      </trkpt>
      <trkpt lat="44.11064" lon="3.21417">
        <ele>659</ele>
        <time>2026-08-21T18:16:13+00:00</time>
      </trkpt>
      <trkpt lat="44.11064" lon="3.21414">
        <ele>659</ele>
        <time>2026-08-21T18:16:16+00:00</time>
      </trkpt>
      <trkpt lat="44.11064" lon="3.21412">
        <ele>659</ele>
        <time>2026-08-21T18:16:19+00:00</time>
      </trkpt>
      <trkpt lat="44.11059" lon="3.21413">
        <ele>659</ele>
        <time>2026-08-21T18:16:22+00:00</time>
      </trkpt>
      <trkpt lat="44.1105" lon="3.21416">
        <ele>658</ele>
        <time>2026-08-21T18:16:25+00:00</time>
      </trkpt>
      <trkpt lat="44.11037" lon="3.21419">
        <ele>657</ele>
        <time>2026-08-21T18:16:28+00:00</time>
      </trkpt>
      <trkpt lat="44.11026" lon="3.21421">
        <ele>657</ele>
        <time>2026-08-21T18:16:31+00:00</time>
      </trkpt>
      <trkpt lat="44.11011" lon="3.21424">
        <ele>656</ele>
        <time>2026-08-21T18:16:34+00:00</time>
      </trkpt>
      <trkpt lat="44.11005" lon="3.21425">
        <ele>658</ele>
        <time>2026-08-21T18:16:37+00:00</time>
      </trkpt>
      <trkpt lat="44.10999" lon="3.21426">
        <ele>656</ele>
        <time>2026-08-21T18:16:40+00:00</time>
      </trkpt>
      <trkpt lat="44.10995" lon="3.21427">
        <ele>656</ele>
        <time>2026-08-21T18:16:43+00:00</time>
      </trkpt>
      <trkpt lat="44.10992" lon="3.21425">
        <ele>656</ele>
        <time>2026-08-21T18:16:46+00:00</time>
      </trkpt>
      <trkpt lat="44.10973" lon="3.21419">
        <ele>660</ele>
        <time>2026-08-21T18:16:49+00:00</time>
      </trkpt>
      <trkpt lat="44.10965" lon="3.21419">
        <ele>661</ele>
        <time>2026-08-21T18:16:52+00:00</time>
      </trkpt>
      <trkpt lat="44.10953" lon="3.21418">
        <ele>665</ele>
        <time>2026-08-21T18:16:55+00:00</time>
      </trkpt>
      <trkpt lat="44.10946" lon="3.21419">
        <ele>667</ele>
        <time>2026-08-21T18:16:58+00:00</time>
      </trkpt>
      <trkpt lat="44.10938" lon="3.2142">
        <ele>666</ele>
        <time>2026-08-21T18:17:01+00:00</time>
      </trkpt>
      <trkpt lat="44.10924" lon="3.21424">
        <ele>668</ele>
        <time>2026-08-21T18:17:04+00:00</time>
      </trkpt>
      <trkpt lat="44.10907" lon="3.21431">
        <ele>670</ele>
        <time>2026-08-21T18:17:07+00:00</time>
      </trkpt>
      <trkpt lat="44.10889" lon="3.21441">
        <ele>673</ele>
        <time>2026-08-21T18:17:10+00:00</time>
      </trkpt>
      <trkpt lat="44.10863" lon="3.21457">
        <ele>675</ele>
        <time>2026-08-21T18:17:13+00:00</time>
      </trkpt>
      <trkpt lat="44.10848" lon="3.21465">
        <ele>678</ele>
        <time>2026-08-21T18:17:16+00:00</time>
      </trkpt>
      <trkpt lat="44.10834" lon="3.21474">
        <ele>680</ele>
        <time>2026-08-21T18:17:19+00:00</time>
      </trkpt>
      <trkpt lat="44.10825" lon="3.21479">
        <ele>681</ele>
        <time>2026-08-21T18:17:22+00:00</time>
      </trkpt>
      <trkpt lat="44.10817" lon="3.21482">
        <ele>680</ele>
        <time>2026-08-21T18:17:25+00:00</time>
      </trkpt>
      <trkpt lat="44.10814" lon="3.21482">
        <ele>680</ele>
        <time>2026-08-21T18:17:28+00:00</time>
      </trkpt>
      <trkpt lat="44.1081" lon="3.21482">
        <ele>680</ele>
        <time>2026-08-21T18:17:31+00:00</time>
      </trkpt>
      <trkpt lat="44.10814" lon="3.21478">
        <ele>682</ele>
        <time>2026-08-21T18:17:34+00:00</time>
      </trkpt>
      <trkpt lat="44.10816" lon="3.21476">
        <ele>682</ele>
        <time>2026-08-21T18:17:37+00:00</time>
      </trkpt>
      <trkpt lat="44.10817" lon="3.21473">
        <ele>682</ele>
        <time>2026-08-21T18:17:40+00:00</time>
      </trkpt>
      <trkpt lat="44.10819" lon="3.21476">
        <ele>682</ele>
        <time>2026-08-21T18:17:43+00:00</time>
      </trkpt>
      <trkpt lat="44.10836" lon="3.21451">
        <ele>680</ele>
        <time>2026-08-21T18:17:46+00:00</time>
      </trkpt>
      <trkpt lat="44.10852" lon="3.21432">
        <ele>680</ele>
        <time>2026-08-21T18:17:49+00:00</time>
      </trkpt>
      <trkpt lat="44.10865" lon="3.21415">
        <ele>682</ele>
        <time>2026-08-21T18:17:52+00:00</time>
      </trkpt>
      <trkpt lat="44.10871" lon="3.21408">
        <ele>682</ele>
        <time>2026-08-21T18:17:55+00:00</time>
      </trkpt>
      <trkpt lat="44.10874" lon="3.21405">
        <ele>682</ele>
        <time>2026-08-21T18:17:58+00:00</time>
      </trkpt>
      <trkpt lat="44.10885" lon="3.21391">
        <ele>681</ele>
        <time>2026-08-21T18:18:01+00:00</time>
      </trkpt>
      <trkpt lat="44.10888" lon="3.21386">
        <ele>682</ele>
        <time>2026-08-21T18:18:04+00:00</time>
      </trkpt>
      <trkpt lat="44.10892" lon="3.2138">
        <ele>682</ele>
        <time>2026-08-21T18:18:07+00:00</time>
      </trkpt>
      <trkpt lat="44.10901" lon="3.21363">
        <ele>681</ele>
        <time>2026-08-21T18:18:10+00:00</time>
      </trkpt>
      <trkpt lat="44.1091" lon="3.21347">
        <ele>679</ele>
        <time>2026-08-21T18:18:13+00:00</time>
      </trkpt>
      <trkpt lat="44.10914" lon="3.21337">
        <ele>680</ele>
        <time>2026-08-21T18:18:16+00:00</time>
      </trkpt>
      <trkpt lat="44.10916" lon="3.21322">
        <ele>680</ele>
        <time>2026-08-21T18:18:19+00:00</time>
      </trkpt>
      <trkpt lat="44.10916" lon="3.21317">
        <ele>680</ele>
        <time>2026-08-21T18:18:22+00:00</time>
      </trkpt>
      <trkpt lat="44.10916" lon="3.21307">
        <ele>679</ele>
        <time>2026-08-21T18:18:25+00:00</time>
      </trkpt>
      <trkpt lat="44.10915" lon="3.21293">
        <ele>678</ele>
        <time>2026-08-21T18:18:28+00:00</time>
      </trkpt>
      <trkpt lat="44.10914" lon="3.21278">
        <ele>677</ele>
        <time>2026-08-21T18:18:31+00:00</time>
      </trkpt>
      <trkpt lat="44.10911" lon="3.21264">
        <ele>676</ele>
        <time>2026-08-21T18:18:34+00:00</time>
      </trkpt>
      <trkpt lat="44.1091" lon="3.21251">
        <ele>676</ele>
        <time>2026-08-21T18:18:37+00:00</time>
      </trkpt>
      <trkpt lat="44.10907" lon="3.21238">
        <ele>674</ele>
        <time>2026-08-21T18:18:40+00:00</time>
      </trkpt>
      <trkpt lat="44.10906" lon="3.21233">
        <ele>674</ele>
        <time>2026-08-21T18:18:43+00:00</time>
      </trkpt>
      <trkpt lat="44.10904" lon="3.21223">
        <ele>673</ele>
        <time>2026-08-21T18:18:46+00:00</time>
      </trkpt>
      <trkpt lat="44.10904" lon="3.21204">
        <ele>672</ele>
        <time>2026-08-21T18:18:49+00:00</time>
      </trkpt>
      <trkpt lat="44.10905" lon="3.2119">
        <ele>672</ele>
        <time>2026-08-21T18:18:52+00:00</time>
      </trkpt>
      <trkpt lat="44.10904" lon="3.21176">
        <ele>671</ele>
        <time>2026-08-21T18:18:55+00:00</time>
      </trkpt>
      <trkpt lat="44.109" lon="3.21152">
        <ele>672</ele>
        <time>2026-08-21T18:18:58+00:00</time>
      </trkpt>
      <trkpt lat="44.10899" lon="3.21147">
        <ele>672</ele>
        <time>2026-08-21T18:19:01+00:00</time>
      </trkpt>
      <trkpt lat="44.10899" lon="3.21136">
        <ele>672</ele>
        <time>2026-08-21T18:19:04+00:00</time>
      </trkpt>
      <trkpt lat="44.10899" lon="3.21121">
        <ele>672</ele>
        <time>2026-08-21T18:19:07+00:00</time>
      </trkpt>
      <trkpt lat="44.109" lon="3.21116">
        <ele>669</ele>
        <time>2026-08-21T18:19:10+00:00</time>
      </trkpt>
      <trkpt lat="44.10901" lon="3.21105">
        <ele>669</ele>
        <time>2026-08-21T18:19:13+00:00</time>
      </trkpt>
      <trkpt lat="44.10903" lon="3.21101">
        <ele>669</ele>
        <time>2026-08-21T18:19:16+00:00</time>
      </trkpt>
      <trkpt lat="44.10906" lon="3.21098">
        <ele>669</ele>
        <time>2026-08-21T18:19:19+00:00</time>
      </trkpt>
      <trkpt lat="44.10912" lon="3.21074">
        <ele>666</ele>
        <time>2026-08-21T18:19:22+00:00</time>
      </trkpt>
      <trkpt lat="44.10912" lon="3.21068">
        <ele>666</ele>
        <time>2026-08-21T18:19:25+00:00</time>
      </trkpt>
      <trkpt lat="44.10912" lon="3.21058">
        <ele>665</ele>
        <time>2026-08-21T18:19:28+00:00</time>
      </trkpt>
      <trkpt lat="44.10912" lon="3.21053">
        <ele>665</ele>
        <time>2026-08-21T18:19:31+00:00</time>
      </trkpt>
      <trkpt lat="44.10911" lon="3.21049">
        <ele>664</ele>
        <time>2026-08-21T18:19:34+00:00</time>
      </trkpt>
      <trkpt lat="44.1091" lon="3.21044">
        <ele>664</ele>
        <time>2026-08-21T18:19:37+00:00</time>
      </trkpt>
      <trkpt lat="44.10902" lon="3.2102">
        <ele>662</ele>
        <time>2026-08-21T18:19:40+00:00</time>
      </trkpt>
      <trkpt lat="44.10894" lon="3.21">
        <ele>663</ele>
        <time>2026-08-21T18:19:43+00:00</time>
      </trkpt>
      <trkpt lat="44.1089" lon="3.20992">
        <ele>663</ele>
        <time>2026-08-21T18:19:46+00:00</time>
      </trkpt>
      <trkpt lat="44.10888" lon="3.20987">
        <ele>661</ele>
        <time>2026-08-21T18:19:49+00:00</time>
      </trkpt>
      <trkpt lat="44.10885" lon="3.20972">
        <ele>660</ele>
        <time>2026-08-21T18:19:52+00:00</time>
      </trkpt>
      <trkpt lat="44.10884" lon="3.20962">
        <ele>659</ele>
        <time>2026-08-21T18:19:55+00:00</time>
      </trkpt>
      <trkpt lat="44.10883" lon="3.20957">
        <ele>658</ele>
        <time>2026-08-21T18:19:58+00:00</time>
      </trkpt>
      <trkpt lat="44.10881" lon="3.20947">
        <ele>657</ele>
        <time>2026-08-21T18:20:01+00:00</time>
      </trkpt>
      <trkpt lat="44.10878" lon="3.20932">
        <ele>657</ele>
        <time>2026-08-21T18:20:04+00:00</time>
      </trkpt>
      <trkpt lat="44.10876" lon="3.20927">
        <ele>655</ele>
        <time>2026-08-21T18:20:07+00:00</time>
      </trkpt>
      <trkpt lat="44.1087" lon="3.20913">
        <ele>654</ele>
        <time>2026-08-21T18:20:10+00:00</time>
      </trkpt>
      <trkpt lat="44.10866" lon="3.20906">
        <ele>653</ele>
        <time>2026-08-21T18:20:13+00:00</time>
      </trkpt>
      <trkpt lat="44.10859" lon="3.20895">
        <ele>652</ele>
        <time>2026-08-21T18:20:16+00:00</time>
      </trkpt>
      <trkpt lat="44.10852" lon="3.20889">
        <ele>650</ele>
        <time>2026-08-21T18:20:19+00:00</time>
      </trkpt>
      <trkpt lat="44.10845" lon="3.20883">
        <ele>649</ele>
        <time>2026-08-21T18:20:22+00:00</time>
      </trkpt>
      <trkpt lat="44.10835" lon="3.20874">
        <ele>648</ele>
        <time>2026-08-21T18:20:25+00:00</time>
      </trkpt>
      <trkpt lat="44.10825" lon="3.20868">
        <ele>649</ele>
        <time>2026-08-21T18:20:28+00:00</time>
      </trkpt>
      <trkpt lat="44.10822" lon="3.20867">
        <ele>649</ele>
        <time>2026-08-21T18:20:31+00:00</time>
      </trkpt>
      <trkpt lat="44.10805" lon="3.20864">
        <ele>653</ele>
        <time>2026-08-21T18:20:34+00:00</time>
      </trkpt>
      <trkpt lat="44.10799" lon="3.20864">
        <ele>654</ele>
        <time>2026-08-21T18:20:37+00:00</time>
      </trkpt>
      <trkpt lat="44.10794" lon="3.20863">
        <ele>654</ele>
        <time>2026-08-21T18:20:40+00:00</time>
      </trkpt>
      <trkpt lat="44.10786" lon="3.2086">
        <ele>654</ele>
        <time>2026-08-21T18:20:43+00:00</time>
      </trkpt>
      <trkpt lat="44.10777" lon="3.20859">
        <ele>655</ele>
        <time>2026-08-21T18:20:46+00:00</time>
      </trkpt>
      <trkpt lat="44.1077" lon="3.20857">
        <ele>655</ele>
        <time>2026-08-21T18:20:49+00:00</time>
      </trkpt>
      <trkpt lat="44.10761" lon="3.20856">
        <ele>655</ele>
        <time>2026-08-21T18:20:52+00:00</time>
      </trkpt>
      <trkpt lat="44.10733" lon="3.20849">
        <ele>656</ele>
        <time>2026-08-21T18:20:55+00:00</time>
      </trkpt>
      <trkpt lat="44.10728" lon="3.20846">
        <ele>657</ele>
        <time>2026-08-21T18:20:58+00:00</time>
      </trkpt>
      <trkpt lat="44.10723" lon="3.20846">
        <ele>657</ele>
        <time>2026-08-21T18:21:01+00:00</time>
      </trkpt>
      <trkpt lat="44.10712" lon="3.20841">
        <ele>657</ele>
        <time>2026-08-21T18:21:04+00:00</time>
      </trkpt>
      <trkpt lat="44.10703" lon="3.2084">
        <ele>657</ele>
        <time>2026-08-21T18:21:07+00:00</time>
      </trkpt>
      <trkpt lat="44.10698" lon="3.20838">
        <ele>657</ele>
        <time>2026-08-21T18:21:10+00:00</time>
      </trkpt>
      <trkpt lat="44.10696" lon="3.20837">
        <ele>657</ele>
        <time>2026-08-21T18:21:13+00:00</time>
      </trkpt>
      <trkpt lat="44.1069" lon="3.20833">
        <ele>657</ele>
        <time>2026-08-21T18:21:16+00:00</time>
      </trkpt>
      <trkpt lat="44.10676" lon="3.20827">
        <ele>657</ele>
        <time>2026-08-21T18:21:19+00:00</time>
      </trkpt>
      <trkpt lat="44.10661" lon="3.20828">
        <ele>657</ele>
        <time>2026-08-21T18:21:22+00:00</time>
      </trkpt>
      <trkpt lat="44.10657" lon="3.20829">
        <ele>657</ele>
        <time>2026-08-21T18:21:25+00:00</time>
      </trkpt>
      <trkpt lat="44.10651" lon="3.20832">
        <ele>658</ele>
        <time>2026-08-21T18:21:28+00:00</time>
      </trkpt>
      <trkpt lat="44.10648" lon="3.20833">
        <ele>658</ele>
        <time>2026-08-21T18:21:31+00:00</time>
      </trkpt>
      <trkpt lat="44.10631" lon="3.20836">
        <ele>658</ele>
        <time>2026-08-21T18:21:34+00:00</time>
      </trkpt>
      <trkpt lat="44.10621" lon="3.20835">
        <ele>658</ele>
        <time>2026-08-21T18:21:37+00:00</time>
      </trkpt>
      <trkpt lat="44.10613" lon="3.20834">
        <ele>659</ele>
        <time>2026-08-21T18:21:40+00:00</time>
      </trkpt>
      <trkpt lat="44.1061" lon="3.20834">
        <ele>659</ele>
        <time>2026-08-21T18:21:43+00:00</time>
      </trkpt>
      <trkpt lat="44.10604" lon="3.20833">
        <ele>659</ele>
        <time>2026-08-21T18:21:46+00:00</time>
      </trkpt>
      <trkpt lat="44.106" lon="3.20833">
        <ele>659</ele>
        <time>2026-08-21T18:21:49+00:00</time>
      </trkpt>
      <trkpt lat="44.10597" lon="3.20833">
        <ele>661</ele>
        <time>2026-08-21T18:21:52+00:00</time>
      </trkpt>
      <trkpt lat="44.10588" lon="3.20835">
        <ele>662</ele>
        <time>2026-08-21T18:21:55+00:00</time>
      </trkpt>
      <trkpt lat="44.10583" lon="3.20841">
        <ele>664</ele>
        <time>2026-08-21T18:21:58+00:00</time>
      </trkpt>
      <trkpt lat="44.10581" lon="3.20853">
        <ele>665</ele>
        <time>2026-08-21T18:22:01+00:00</time>
      </trkpt>
      <trkpt lat="44.1058" lon="3.20855">
        <ele>666</ele>
        <time>2026-08-21T18:22:04+00:00</time>
      </trkpt>
      <trkpt lat="44.10571" lon="3.2086">
        <ele>668</ele>
        <time>2026-08-21T18:22:07+00:00</time>
      </trkpt>
      <trkpt lat="44.10557" lon="3.20865">
        <ele>670</ele>
        <time>2026-08-21T18:22:10+00:00</time>
      </trkpt>
      <trkpt lat="44.10547" lon="3.20873">
        <ele>674</ele>
        <time>2026-08-21T18:22:13+00:00</time>
      </trkpt>
      <trkpt lat="44.10541" lon="3.20876">
        <ele>674</ele>
        <time>2026-08-21T18:22:16+00:00</time>
      </trkpt>
      <trkpt lat="44.10535" lon="3.20883">
        <ele>677</ele>
        <time>2026-08-21T18:22:19+00:00</time>
      </trkpt>
      <trkpt lat="44.10527" lon="3.20887">
        <ele>677</ele>
        <time>2026-08-21T18:22:22+00:00</time>
      </trkpt>
      <trkpt lat="44.10521" lon="3.20891">
        <ele>678</ele>
        <time>2026-08-21T18:22:25+00:00</time>
      </trkpt>
      <trkpt lat="44.10519" lon="3.20894">
        <ele>678</ele>
        <time>2026-08-21T18:22:28+00:00</time>
      </trkpt>
      <trkpt lat="44.10517" lon="3.20897">
        <ele>678</ele>
        <time>2026-08-21T18:22:31+00:00</time>
      </trkpt>
      <trkpt lat="44.10513" lon="3.20902">
        <ele>679</ele>
        <time>2026-08-21T18:22:34+00:00</time>
      </trkpt>
      <trkpt lat="44.10504" lon="3.20909">
        <ele>676</ele>
        <time>2026-08-21T18:22:37+00:00</time>
      </trkpt>
      <trkpt lat="44.10501" lon="3.20912">
        <ele>679</ele>
        <time>2026-08-21T18:22:40+00:00</time>
      </trkpt>
      <trkpt lat="44.10498" lon="3.20912">
        <ele>679</ele>
        <time>2026-08-21T18:22:43+00:00</time>
      </trkpt>
      <trkpt lat="44.10495" lon="3.20911">
        <ele>679</ele>
        <time>2026-08-21T18:22:46+00:00</time>
      </trkpt>
      <trkpt lat="44.10493" lon="3.20909">
        <ele>678</ele>
        <time>2026-08-21T18:22:49+00:00</time>
      </trkpt>
      <trkpt lat="44.10491" lon="3.20903">
        <ele>678</ele>
        <time>2026-08-21T18:22:52+00:00</time>
      </trkpt>
      <trkpt lat="44.10488" lon="3.20899">
        <ele>676</ele>
        <time>2026-08-21T18:22:55+00:00</time>
      </trkpt>
      <trkpt lat="44.10486" lon="3.2089">
        <ele>675</ele>
        <time>2026-08-21T18:22:58+00:00</time>
      </trkpt>
      <trkpt lat="44.10485" lon="3.20876">
        <ele>674</ele>
        <time>2026-08-21T18:23:01+00:00</time>
      </trkpt>
      <trkpt lat="44.10484" lon="3.20868">
        <ele>672</ele>
        <time>2026-08-21T18:23:04+00:00</time>
      </trkpt>
      <trkpt lat="44.10483" lon="3.20855">
        <ele>671</ele>
        <time>2026-08-21T18:23:07+00:00</time>
      </trkpt>
      <trkpt lat="44.10479" lon="3.2084">
        <ele>668</ele>
        <time>2026-08-21T18:23:10+00:00</time>
      </trkpt>
      <trkpt lat="44.10479" lon="3.20827">
        <ele>667</ele>
        <time>2026-08-21T18:23:13+00:00</time>
      </trkpt>
      <trkpt lat="44.10475" lon="3.20819">
        <ele>665</ele>
        <time>2026-08-21T18:23:16+00:00</time>
      </trkpt>
      <trkpt lat="44.10473" lon="3.20813">
        <ele>665</ele>
        <time>2026-08-21T18:23:19+00:00</time>
      </trkpt>
      <trkpt lat="44.10467" lon="3.20809">
        <ele>662</ele>
        <time>2026-08-21T18:23:22+00:00</time>
      </trkpt>
      <trkpt lat="44.10463" lon="3.20805">
        <ele>662</ele>
        <time>2026-08-21T18:23:25+00:00</time>
      </trkpt>
      <trkpt lat="44.10461" lon="3.20802">
        <ele>662</ele>
        <time>2026-08-21T18:23:28+00:00</time>
      </trkpt>
      <trkpt lat="44.10458" lon="3.20799">
        <ele>661</ele>
        <time>2026-08-21T18:23:31+00:00</time>
      </trkpt>
      <trkpt lat="44.1045" lon="3.2079">
        <ele>664</ele>
        <time>2026-08-21T18:23:34+00:00</time>
      </trkpt>
      <trkpt lat="44.10449" lon="3.20786">
        <ele>661</ele>
        <time>2026-08-21T18:23:37+00:00</time>
      </trkpt>
      <trkpt lat="44.10442" lon="3.20772">
        <ele>662</ele>
        <time>2026-08-21T18:23:40+00:00</time>
      </trkpt>
      <trkpt lat="44.10439" lon="3.20762">
        <ele>664</ele>
        <time>2026-08-21T18:23:43+00:00</time>
      </trkpt>
      <trkpt lat="44.10437" lon="3.20757">
        <ele>665</ele>
        <time>2026-08-21T18:23:46+00:00</time>
      </trkpt>
      <trkpt lat="44.10433" lon="3.20752">
        <ele>665</ele>
        <time>2026-08-21T18:23:49+00:00</time>
      </trkpt>
      <trkpt lat="44.10428" lon="3.20743">
        <ele>667</ele>
        <time>2026-08-21T18:23:52+00:00</time>
      </trkpt>
      <trkpt lat="44.10428" lon="3.20741">
        <ele>667</ele>
        <time>2026-08-21T18:23:55+00:00</time>
      </trkpt>
      <trkpt lat="44.10427" lon="3.20731">
        <ele>667</ele>
        <time>2026-08-21T18:23:58+00:00</time>
      </trkpt>
      <trkpt lat="44.10428" lon="3.20725">
        <ele>668</ele>
        <time>2026-08-21T18:24:01+00:00</time>
      </trkpt>
      <trkpt lat="44.10429" lon="3.20722">
        <ele>668</ele>
        <time>2026-08-21T18:24:04+00:00</time>
      </trkpt>
      <trkpt lat="44.1043" lon="3.20716">
        <ele>668</ele>
        <time>2026-08-21T18:24:07+00:00</time>
      </trkpt>
      <trkpt lat="44.1043" lon="3.20703">
        <ele>669</ele>
        <time>2026-08-21T18:24:10+00:00</time>
      </trkpt>
      <trkpt lat="44.10427" lon="3.20692">
        <ele>671</ele>
        <time>2026-08-21T18:24:13+00:00</time>
      </trkpt>
      <trkpt lat="44.10419" lon="3.20681">
        <ele>674</ele>
        <time>2026-08-21T18:24:16+00:00</time>
      </trkpt>
      <trkpt lat="44.10418" lon="3.20677">
        <ele>675</ele>
        <time>2026-08-21T18:24:19+00:00</time>
      </trkpt>
      <trkpt lat="44.10415" lon="3.20669">
        <ele>676</ele>
        <time>2026-08-21T18:24:22+00:00</time>
      </trkpt>
      <trkpt lat="44.10414" lon="3.2066">
        <ele>678</ele>
        <time>2026-08-21T18:24:25+00:00</time>
      </trkpt>
      <trkpt lat="44.10412" lon="3.20655">
        <ele>678</ele>
        <time>2026-08-21T18:24:28+00:00</time>
      </trkpt>
      <trkpt lat="44.1041" lon="3.2065">
        <ele>679</ele>
        <time>2026-08-21T18:24:31+00:00</time>
      </trkpt>
      <trkpt lat="44.10407" lon="3.20643">
        <ele>678</ele>
        <time>2026-08-21T18:24:34+00:00</time>
      </trkpt>
      <trkpt lat="44.10405" lon="3.20632">
        <ele>680</ele>
        <time>2026-08-21T18:24:37+00:00</time>
      </trkpt>
      <trkpt lat="44.10405" lon="3.20622">
        <ele>683</ele>
        <time>2026-08-21T18:24:40+00:00</time>
      </trkpt>
      <trkpt lat="44.10403" lon="3.20615">
        <ele>684</ele>
        <time>2026-08-21T18:24:43+00:00</time>
      </trkpt>
      <trkpt lat="44.10404" lon="3.20612">
        <ele>684</ele>
        <time>2026-08-21T18:24:46+00:00</time>
      </trkpt>
      <trkpt lat="44.10405" lon="3.20609">
        <ele>686</ele>
        <time>2026-08-21T18:24:49+00:00</time>
      </trkpt>
      <trkpt lat="44.10405" lon="3.20606">
        <ele>686</ele>
        <time>2026-08-21T18:24:52+00:00</time>
      </trkpt>
      <trkpt lat="44.10404" lon="3.20603">
        <ele>686</ele>
        <time>2026-08-21T18:24:55+00:00</time>
      </trkpt>
      <trkpt lat="44.10404" lon="3.20599">
        <ele>687</ele>
        <time>2026-08-21T18:24:58+00:00</time>
      </trkpt>
      <trkpt lat="44.10404" lon="3.2059">
        <ele>687</ele>
        <time>2026-08-21T18:25:01+00:00</time>
      </trkpt>
      <trkpt lat="44.104" lon="3.20573">
        <ele>690</ele>
        <time>2026-08-21T18:25:04+00:00</time>
      </trkpt>
      <trkpt lat="44.104" lon="3.20558">
        <ele>694</ele>
        <time>2026-08-21T18:25:07+00:00</time>
      </trkpt>
      <trkpt lat="44.10403" lon="3.2055">
        <ele>694</ele>
        <time>2026-08-21T18:25:10+00:00</time>
      </trkpt>
      <trkpt lat="44.10407" lon="3.20545">
        <ele>696</ele>
        <time>2026-08-21T18:25:13+00:00</time>
      </trkpt>
      <trkpt lat="44.1041" lon="3.20544">
        <ele>696</ele>
        <time>2026-08-21T18:25:16+00:00</time>
      </trkpt>
      <trkpt lat="44.10411" lon="3.20541">
        <ele>698</ele>
        <time>2026-08-21T18:25:19+00:00</time>
      </trkpt>
      <trkpt lat="44.10414" lon="3.20535">
        <ele>699</ele>
        <time>2026-08-21T18:25:22+00:00</time>
      </trkpt>
      <trkpt lat="44.10418" lon="3.20532">
        <ele>699</ele>
        <time>2026-08-21T18:25:25+00:00</time>
      </trkpt>
      <trkpt lat="44.1042" lon="3.20531">
        <ele>700</ele>
        <time>2026-08-21T18:25:28+00:00</time>
      </trkpt>
      <trkpt lat="44.10423" lon="3.2053">
        <ele>701</ele>
        <time>2026-08-21T18:25:31+00:00</time>
      </trkpt>
      <trkpt lat="44.10427" lon="3.20523">
        <ele>701</ele>
        <time>2026-08-21T18:25:34+00:00</time>
      </trkpt>
      <trkpt lat="44.10433" lon="3.20515">
        <ele>703</ele>
        <time>2026-08-21T18:25:37+00:00</time>
      </trkpt>
      <trkpt lat="44.10442" lon="3.20509">
        <ele>706</ele>
        <time>2026-08-21T18:25:40+00:00</time>
      </trkpt>
      <trkpt lat="44.10445" lon="3.20504">
        <ele>706</ele>
        <time>2026-08-21T18:25:43+00:00</time>
      </trkpt>
      <trkpt lat="44.1045" lon="3.205">
        <ele>707</ele>
        <time>2026-08-21T18:25:46+00:00</time>
      </trkpt>
      <trkpt lat="44.10453" lon="3.20495">
        <ele>708</ele>
        <time>2026-08-21T18:25:49+00:00</time>
      </trkpt>
      <trkpt lat="44.10457" lon="3.20492">
        <ele>708</ele>
        <time>2026-08-21T18:25:52+00:00</time>
      </trkpt>
      <trkpt lat="44.1046" lon="3.20486">
        <ele>709</ele>
        <time>2026-08-21T18:25:55+00:00</time>
      </trkpt>
      <trkpt lat="44.10461" lon="3.20481">
        <ele>710</ele>
        <time>2026-08-21T18:25:58+00:00</time>
      </trkpt>
      <trkpt lat="44.10462" lon="3.20479">
        <ele>711</ele>
        <time>2026-08-21T18:26:01+00:00</time>
      </trkpt>
      <trkpt lat="44.10464" lon="3.2047">
        <ele>711</ele>
        <time>2026-08-21T18:26:04+00:00</time>
      </trkpt>
      <trkpt lat="44.10466" lon="3.20465">
        <ele>712</ele>
        <time>2026-08-21T18:26:07+00:00</time>
      </trkpt>
      <trkpt lat="44.10469" lon="3.20461">
        <ele>712</ele>
        <time>2026-08-21T18:26:10+00:00</time>
      </trkpt>
      <trkpt lat="44.10473" lon="3.20451">
        <ele>714</ele>
        <time>2026-08-21T18:26:13+00:00</time>
      </trkpt>
      <trkpt lat="44.10475" lon="3.20446">
        <ele>716</ele>
        <time>2026-08-21T18:26:16+00:00</time>
      </trkpt>
      <trkpt lat="44.10475" lon="3.20423">
        <ele>718</ele>
        <time>2026-08-21T18:26:19+00:00</time>
      </trkpt>
      <trkpt lat="44.10476" lon="3.20416">
        <ele>719</ele>
        <time>2026-08-21T18:26:22+00:00</time>
      </trkpt>
      <trkpt lat="44.10475" lon="3.20405">
        <ele>720</ele>
        <time>2026-08-21T18:26:25+00:00</time>
      </trkpt>
      <trkpt lat="44.10476" lon="3.20401">
        <ele>720</ele>
        <time>2026-08-21T18:26:28+00:00</time>
      </trkpt>
      <trkpt lat="44.10477" lon="3.20397">
        <ele>721</ele>
        <time>2026-08-21T18:26:31+00:00</time>
      </trkpt>
      <trkpt lat="44.10478" lon="3.2038">
        <ele>722</ele>
        <time>2026-08-21T18:26:34+00:00</time>
      </trkpt>
      <trkpt lat="44.10479" lon="3.20373">
        <ele>723</ele>
        <time>2026-08-21T18:26:37+00:00</time>
      </trkpt>
      <trkpt lat="44.10481" lon="3.20368">
        <ele>725</ele>
        <time>2026-08-21T18:26:40+00:00</time>
      </trkpt>
      <trkpt lat="44.10482" lon="3.20363">
        <ele>725</ele>
        <time>2026-08-21T18:26:43+00:00</time>
      </trkpt>
      <trkpt lat="44.10483" lon="3.2036">
        <ele>726</ele>
        <time>2026-08-21T18:26:46+00:00</time>
      </trkpt>
      <trkpt lat="44.10484" lon="3.20353">
        <ele>726</ele>
        <time>2026-08-21T18:26:49+00:00</time>
      </trkpt>
      <trkpt lat="44.1049" lon="3.20341">
        <ele>726</ele>
        <time>2026-08-21T18:26:52+00:00</time>
      </trkpt>
      <trkpt lat="44.10495" lon="3.20336">
        <ele>727</ele>
        <time>2026-08-21T18:26:55+00:00</time>
      </trkpt>
      <trkpt lat="44.10495" lon="3.20333">
        <ele>727</ele>
        <time>2026-08-21T18:26:58+00:00</time>
      </trkpt>
      <trkpt lat="44.10498" lon="3.20331">
        <ele>727</ele>
        <time>2026-08-21T18:27:01+00:00</time>
      </trkpt>
      <trkpt lat="44.10502" lon="3.20321">
        <ele>728</ele>
        <time>2026-08-21T18:27:04+00:00</time>
      </trkpt>
      <trkpt lat="44.10504" lon="3.20308">
        <ele>729</ele>
        <time>2026-08-21T18:27:07+00:00</time>
      </trkpt>
      <trkpt lat="44.10503" lon="3.20301">
        <ele>729</ele>
        <time>2026-08-21T18:27:10+00:00</time>
      </trkpt>
      <trkpt lat="44.10504" lon="3.20291">
        <ele>729</ele>
        <time>2026-08-21T18:27:13+00:00</time>
      </trkpt>
      <trkpt lat="44.10506" lon="3.20284">
        <ele>729</ele>
        <time>2026-08-21T18:27:16+00:00</time>
      </trkpt>
      <trkpt lat="44.10511" lon="3.20271">
        <ele>730</ele>
        <time>2026-08-21T18:27:19+00:00</time>
      </trkpt>
      <trkpt lat="44.10512" lon="3.20268">
        <ele>731</ele>
        <time>2026-08-21T18:27:22+00:00</time>
      </trkpt>
      <trkpt lat="44.10514" lon="3.20261">
        <ele>731</ele>
        <time>2026-08-21T18:27:25+00:00</time>
      </trkpt>
      <trkpt lat="44.10516" lon="3.20254">
        <ele>731</ele>
        <time>2026-08-21T18:27:28+00:00</time>
      </trkpt>
      <trkpt lat="44.10519" lon="3.20242">
        <ele>732</ele>
        <time>2026-08-21T18:27:31+00:00</time>
      </trkpt>
      <trkpt lat="44.1052" lon="3.20238">
        <ele>733</ele>
        <time>2026-08-21T18:27:34+00:00</time>
      </trkpt>
      <trkpt lat="44.10521" lon="3.20231">
        <ele>733</ele>
        <time>2026-08-21T18:27:37+00:00</time>
      </trkpt>
      <trkpt lat="44.10523" lon="3.20228">
        <ele>733</ele>
        <time>2026-08-21T18:27:40+00:00</time>
      </trkpt>
      <trkpt lat="44.10523" lon="3.20224">
        <ele>733</ele>
        <time>2026-08-21T18:27:43+00:00</time>
      </trkpt>
      <trkpt lat="44.10526" lon="3.20217">
        <ele>734</ele>
        <time>2026-08-21T18:27:46+00:00</time>
      </trkpt>
      <trkpt lat="44.10529" lon="3.202">
        <ele>736</ele>
        <time>2026-08-21T18:27:49+00:00</time>
      </trkpt>
      <trkpt lat="44.10531" lon="3.20191">
        <ele>736</ele>
        <time>2026-08-21T18:27:52+00:00</time>
      </trkpt>
      <trkpt lat="44.10533" lon="3.20187">
        <ele>737</ele>
        <time>2026-08-21T18:27:55+00:00</time>
      </trkpt>
      <trkpt lat="44.10533" lon="3.20183">
        <ele>737</ele>
        <time>2026-08-21T18:27:58+00:00</time>
      </trkpt>
      <trkpt lat="44.10537" lon="3.20175">
        <ele>737</ele>
        <time>2026-08-21T18:28:01+00:00</time>
      </trkpt>
      <trkpt lat="44.10539" lon="3.20169">
        <ele>738</ele>
        <time>2026-08-21T18:28:04+00:00</time>
      </trkpt>
      <trkpt lat="44.1054" lon="3.20162">
        <ele>739</ele>
        <time>2026-08-21T18:28:07+00:00</time>
      </trkpt>
      <trkpt lat="44.10541" lon="3.20154">
        <ele>739</ele>
        <time>2026-08-21T18:28:10+00:00</time>
      </trkpt>
      <trkpt lat="44.10543" lon="3.20151">
        <ele>739</ele>
        <time>2026-08-21T18:28:13+00:00</time>
      </trkpt>
      <trkpt lat="44.10547" lon="3.20123">
        <ele>743</ele>
        <time>2026-08-21T18:28:16+00:00</time>
      </trkpt>
      <trkpt lat="44.1055" lon="3.20115">
        <ele>744</ele>
        <time>2026-08-21T18:28:19+00:00</time>
      </trkpt>
      <trkpt lat="44.10551" lon="3.20108">
        <ele>745</ele>
        <time>2026-08-21T18:28:22+00:00</time>
      </trkpt>
      <trkpt lat="44.10553" lon="3.20099">
        <ele>745</ele>
        <time>2026-08-21T18:28:25+00:00</time>
      </trkpt>
      <trkpt lat="44.1056" lon="3.20083">
        <ele>746</ele>
        <time>2026-08-21T18:28:28+00:00</time>
      </trkpt>
      <trkpt lat="44.1056" lon="3.2008">
        <ele>746</ele>
        <time>2026-08-21T18:28:31+00:00</time>
      </trkpt>
      <trkpt lat="44.10565" lon="3.20066">
        <ele>748</ele>
        <time>2026-08-21T18:28:34+00:00</time>
      </trkpt>
      <trkpt lat="44.10565" lon="3.20054">
        <ele>749</ele>
        <time>2026-08-21T18:28:37+00:00</time>
      </trkpt>
      <trkpt lat="44.10563" lon="3.20045">
        <ele>749</ele>
        <time>2026-08-21T18:28:40+00:00</time>
      </trkpt>
      <trkpt lat="44.10563" lon="3.20033">
        <ele>750</ele>
        <time>2026-08-21T18:28:43+00:00</time>
      </trkpt>
      <trkpt lat="44.10563" lon="3.20031">
        <ele>750</ele>
        <time>2026-08-21T18:28:46+00:00</time>
      </trkpt>
      <trkpt lat="44.10568" lon="3.20023">
        <ele>751</ele>
        <time>2026-08-21T18:28:49+00:00</time>
      </trkpt>
      <trkpt lat="44.10573" lon="3.20013">
        <ele>752</ele>
        <time>2026-08-21T18:28:52+00:00</time>
      </trkpt>
      <trkpt lat="44.10574" lon="3.20006">
        <ele>754</ele>
        <time>2026-08-21T18:28:55+00:00</time>
      </trkpt>
      <trkpt lat="44.10575" lon="3.19985">
        <ele>757</ele>
        <time>2026-08-21T18:28:58+00:00</time>
      </trkpt>
      <trkpt lat="44.10574" lon="3.19983">
        <ele>757</ele>
        <time>2026-08-21T18:29:01+00:00</time>
      </trkpt>
      <trkpt lat="44.10573" lon="3.19979">
        <ele>758</ele>
        <time>2026-08-21T18:29:04+00:00</time>
      </trkpt>
      <trkpt lat="44.1057" lon="3.19978">
        <ele>758</ele>
        <time>2026-08-21T18:29:07+00:00</time>
      </trkpt>
      <trkpt lat="44.10563" lon="3.19978">
        <ele>760</ele>
        <time>2026-08-21T18:29:10+00:00</time>
      </trkpt>
      <trkpt lat="44.10557" lon="3.19977">
        <ele>762</ele>
        <time>2026-08-21T18:29:13+00:00</time>
      </trkpt>
      <trkpt lat="44.10555" lon="3.19976">
        <ele>762</ele>
        <time>2026-08-21T18:29:16+00:00</time>
      </trkpt>
      <trkpt lat="44.10551" lon="3.19973">
        <ele>762</ele>
        <time>2026-08-21T18:29:19+00:00</time>
      </trkpt>
      <trkpt lat="44.1055" lon="3.19967">
        <ele>763</ele>
        <time>2026-08-21T18:29:22+00:00</time>
      </trkpt>
      <trkpt lat="44.10551" lon="3.19959">
        <ele>766</ele>
        <time>2026-08-21T18:29:25+00:00</time>
      </trkpt>
      <trkpt lat="44.10559" lon="3.19943">
        <ele>768</ele>
        <time>2026-08-21T18:29:28+00:00</time>
      </trkpt>
      <trkpt lat="44.10561" lon="3.19935">
        <ele>768</ele>
        <time>2026-08-21T18:29:31+00:00</time>
      </trkpt>
      <trkpt lat="44.10563" lon="3.19931">
        <ele>768</ele>
        <time>2026-08-21T18:29:34+00:00</time>
      </trkpt>
      <trkpt lat="44.1057" lon="3.19919">
        <ele>770</ele>
        <time>2026-08-21T18:29:37+00:00</time>
      </trkpt>
      <trkpt lat="44.10574" lon="3.19908">
        <ele>771</ele>
        <time>2026-08-21T18:29:40+00:00</time>
      </trkpt>
      <trkpt lat="44.10575" lon="3.19901">
        <ele>771</ele>
        <time>2026-08-21T18:29:43+00:00</time>
      </trkpt>
      <trkpt lat="44.1058" lon="3.19886">
        <ele>775</ele>
        <time>2026-08-21T18:29:46+00:00</time>
      </trkpt>
      <trkpt lat="44.10584" lon="3.1988">
        <ele>777</ele>
        <time>2026-08-21T18:29:49+00:00</time>
      </trkpt>
      <trkpt lat="44.10587" lon="3.19871">
        <ele>777</ele>
        <time>2026-08-21T18:29:52+00:00</time>
      </trkpt>
      <trkpt lat="44.10594" lon="3.19861">
        <ele>777</ele>
        <time>2026-08-21T18:29:55+00:00</time>
      </trkpt>
      <trkpt lat="44.10598" lon="3.19857">
        <ele>779</ele>
        <time>2026-08-21T18:29:58+00:00</time>
      </trkpt>
      <trkpt lat="44.10602" lon="3.19848">
        <ele>777</ele>
        <time>2026-08-21T18:30:01+00:00</time>
      </trkpt>
      <trkpt lat="44.10611" lon="3.19833">
        <ele>780</ele>
        <time>2026-08-21T18:30:04+00:00</time>
      </trkpt>
      <trkpt lat="44.10613" lon="3.19827">
        <ele>782</ele>
        <time>2026-08-21T18:30:07+00:00</time>
      </trkpt>
      <trkpt lat="44.10618" lon="3.19818">
        <ele>784</ele>
        <time>2026-08-21T18:30:10+00:00</time>
      </trkpt>
      <trkpt lat="44.1062" lon="3.19811">
        <ele>783</ele>
        <time>2026-08-21T18:30:13+00:00</time>
      </trkpt>
      <trkpt lat="44.10622" lon="3.19809">
        <ele>786</ele>
        <time>2026-08-21T18:30:16+00:00</time>
      </trkpt>
      <trkpt lat="44.10624" lon="3.19801">
        <ele>786</ele>
        <time>2026-08-21T18:30:19+00:00</time>
      </trkpt>
      <trkpt lat="44.10626" lon="3.198">
        <ele>788</ele>
        <time>2026-08-21T18:30:22+00:00</time>
      </trkpt>
      <trkpt lat="44.1063" lon="3.19792">
        <ele>788</ele>
        <time>2026-08-21T18:30:25+00:00</time>
      </trkpt>
      <trkpt lat="44.10644" lon="3.1978">
        <ele>789</ele>
        <time>2026-08-21T18:30:28+00:00</time>
      </trkpt>
      <trkpt lat="44.10655" lon="3.19768">
        <ele>794</ele>
        <time>2026-08-21T18:30:31+00:00</time>
      </trkpt>
      <trkpt lat="44.10663" lon="3.19762">
        <ele>792</ele>
        <time>2026-08-21T18:30:34+00:00</time>
      </trkpt>
      <trkpt lat="44.10669" lon="3.19755">
        <ele>794</ele>
        <time>2026-08-21T18:30:37+00:00</time>
      </trkpt>
      <trkpt lat="44.10673" lon="3.19752">
        <ele>793</ele>
        <time>2026-08-21T18:30:40+00:00</time>
      </trkpt>
      <trkpt lat="44.10679" lon="3.1974">
        <ele>795</ele>
        <time>2026-08-21T18:30:43+00:00</time>
      </trkpt>
      <trkpt lat="44.10693" lon="3.19725">
        <ele>795</ele>
        <time>2026-08-21T18:30:46+00:00</time>
      </trkpt>
      <trkpt lat="44.10696" lon="3.19721">
        <ele>795</ele>
        <time>2026-08-21T18:30:49+00:00</time>
      </trkpt>
      <trkpt lat="44.10706" lon="3.19703">
        <ele>799</ele>
        <time>2026-08-21T18:30:52+00:00</time>
      </trkpt>
      <trkpt lat="44.10712" lon="3.19694">
        <ele>798</ele>
        <time>2026-08-21T18:30:55+00:00</time>
      </trkpt>
      <trkpt lat="44.10715" lon="3.19685">
        <ele>800</ele>
        <time>2026-08-21T18:30:58+00:00</time>
      </trkpt>
      <trkpt lat="44.10726" lon="3.19654">
        <ele>801</ele>
        <time>2026-08-21T18:31:01+00:00</time>
      </trkpt>
      <trkpt lat="44.10737" lon="3.19632">
        <ele>802</ele>
        <time>2026-08-21T18:31:04+00:00</time>
      </trkpt>
      <trkpt lat="44.10739" lon="3.19629">
        <ele>803</ele>
        <time>2026-08-21T18:31:07+00:00</time>
      </trkpt>
      <trkpt lat="44.10744" lon="3.19619">
        <ele>803</ele>
        <time>2026-08-21T18:31:10+00:00</time>
      </trkpt>
      <trkpt lat="44.10752" lon="3.19608">
        <ele>803</ele>
        <time>2026-08-21T18:31:13+00:00</time>
      </trkpt>
      <trkpt lat="44.10769" lon="3.19579">
        <ele>804</ele>
        <time>2026-08-21T18:31:16+00:00</time>
      </trkpt>
      <trkpt lat="44.10776" lon="3.19565">
        <ele>806</ele>
        <time>2026-08-21T18:31:19+00:00</time>
      </trkpt>
      <trkpt lat="44.1078" lon="3.19559">
        <ele>805</ele>
        <time>2026-08-21T18:31:22+00:00</time>
      </trkpt>
      <trkpt lat="44.10786" lon="3.1955">
        <ele>805</ele>
        <time>2026-08-21T18:31:25+00:00</time>
      </trkpt>
      <trkpt lat="44.10797" lon="3.19536">
        <ele>808</ele>
        <time>2026-08-21T18:31:28+00:00</time>
      </trkpt>
      <trkpt lat="44.10803" lon="3.1953">
        <ele>806</ele>
        <time>2026-08-21T18:31:31+00:00</time>
      </trkpt>
      <trkpt lat="44.10812" lon="3.19523">
        <ele>807</ele>
        <time>2026-08-21T18:31:34+00:00</time>
      </trkpt>
      <trkpt lat="44.1082" lon="3.19515">
        <ele>808</ele>
        <time>2026-08-21T18:31:37+00:00</time>
      </trkpt>
      <trkpt lat="44.10822" lon="3.19512">
        <ele>808</ele>
        <time>2026-08-21T18:31:40+00:00</time>
      </trkpt>
      <trkpt lat="44.10845" lon="3.19487">
        <ele>809</ele>
        <time>2026-08-21T18:31:43+00:00</time>
      </trkpt>
      <trkpt lat="44.10851" lon="3.19482">
        <ele>809</ele>
        <time>2026-08-21T18:31:46+00:00</time>
      </trkpt>
      <trkpt lat="44.10857" lon="3.19478">
        <ele>811</ele>
        <time>2026-08-21T18:31:49+00:00</time>
      </trkpt>
      <trkpt lat="44.10862" lon="3.19473">
        <ele>810</ele>
        <time>2026-08-21T18:31:52+00:00</time>
      </trkpt>
      <trkpt lat="44.10868" lon="3.19469">
        <ele>812</ele>
        <time>2026-08-21T18:31:55+00:00</time>
      </trkpt>
      <trkpt lat="44.10876" lon="3.19463">
        <ele>811</ele>
        <time>2026-08-21T18:31:58+00:00</time>
      </trkpt>
      <trkpt lat="44.10886" lon="3.19452">
        <ele>811</ele>
        <time>2026-08-21T18:32:01+00:00</time>
      </trkpt>
      <trkpt lat="44.10895" lon="3.19439">
        <ele>812</ele>
        <time>2026-08-21T18:32:04+00:00</time>
      </trkpt>
      <trkpt lat="44.10906" lon="3.19428">
        <ele>811</ele>
        <time>2026-08-21T18:32:07+00:00</time>
      </trkpt>
      <trkpt lat="44.10911" lon="3.19422">
        <ele>810</ele>
        <time>2026-08-21T18:32:10+00:00</time>
      </trkpt>
      <trkpt lat="44.10917" lon="3.19417">
        <ele>811</ele>
        <time>2026-08-21T18:32:13+00:00</time>
      </trkpt>
      <trkpt lat="44.10925" lon="3.19408">
        <ele>811</ele>
        <time>2026-08-21T18:32:16+00:00</time>
      </trkpt>
      <trkpt lat="44.10935" lon="3.19395">
        <ele>811</ele>
        <time>2026-08-21T18:32:19+00:00</time>
      </trkpt>
      <trkpt lat="44.1094" lon="3.19383">
        <ele>812</ele>
        <time>2026-08-21T18:32:22+00:00</time>
      </trkpt>
      <trkpt lat="44.10944" lon="3.19371">
        <ele>811</ele>
        <time>2026-08-21T18:32:25+00:00</time>
      </trkpt>
      <trkpt lat="44.10949" lon="3.1934">
        <ele>813</ele>
        <time>2026-08-21T18:32:28+00:00</time>
      </trkpt>
      <trkpt lat="44.10949" lon="3.19335">
        <ele>813</ele>
        <time>2026-08-21T18:32:31+00:00</time>
      </trkpt>
      <trkpt lat="44.1095" lon="3.19328">
        <ele>812</ele>
        <time>2026-08-21T18:32:34+00:00</time>
      </trkpt>
      <trkpt lat="44.10949" lon="3.19311">
        <ele>814</ele>
        <time>2026-08-21T18:32:37+00:00</time>
      </trkpt>
      <trkpt lat="44.10949" lon="3.19307">
        <ele>815</ele>
        <time>2026-08-21T18:32:40+00:00</time>
      </trkpt>
      <trkpt lat="44.10949" lon="3.19303">
        <ele>815</ele>
        <time>2026-08-21T18:32:43+00:00</time>
      </trkpt>
      <trkpt lat="44.1095" lon="3.19292">
        <ele>815</ele>
        <time>2026-08-21T18:32:46+00:00</time>
      </trkpt>
      <trkpt lat="44.10951" lon="3.1927">
        <ele>815</ele>
        <time>2026-08-21T18:32:49+00:00</time>
      </trkpt>
      <trkpt lat="44.10951" lon="3.19244">
        <ele>816</ele>
        <time>2026-08-21T18:32:52+00:00</time>
      </trkpt>
      <trkpt lat="44.10952" lon="3.19232">
        <ele>817</ele>
        <time>2026-08-21T18:32:55+00:00</time>
      </trkpt>
      <trkpt lat="44.10953" lon="3.19229">
        <ele>817</ele>
        <time>2026-08-21T18:32:58+00:00</time>
      </trkpt>
      <trkpt lat="44.10953" lon="3.19222">
        <ele>817</ele>
        <time>2026-08-21T18:33:01+00:00</time>
      </trkpt>
      <trkpt lat="44.10953" lon="3.19218">
        <ele>817</ele>
        <time>2026-08-21T18:33:04+00:00</time>
      </trkpt>
      <trkpt lat="44.10952" lon="3.19207">
        <ele>818</ele>
        <time>2026-08-21T18:33:07+00:00</time>
      </trkpt>
      <trkpt lat="44.10953" lon="3.19199">
        <ele>818</ele>
        <time>2026-08-21T18:33:10+00:00</time>
      </trkpt>
      <trkpt lat="44.10954" lon="3.19188">
        <ele>818</ele>
        <time>2026-08-21T18:33:13+00:00</time>
      </trkpt>
      <trkpt lat="44.10955" lon="3.19175">
        <ele>819</ele>
        <time>2026-08-21T18:33:16+00:00</time>
      </trkpt>
      <trkpt lat="44.10955" lon="3.19157">
        <ele>819</ele>
        <time>2026-08-21T18:33:19+00:00</time>
      </trkpt>
      <trkpt lat="44.10953" lon="3.19142">
        <ele>819</ele>
        <time>2026-08-21T18:33:22+00:00</time>
      </trkpt>
      <trkpt lat="44.10952" lon="3.1914">
        <ele>819</ele>
        <time>2026-08-21T18:33:25+00:00</time>
      </trkpt>
      <trkpt lat="44.10949" lon="3.1914">
        <ele>819</ele>
        <time>2026-08-21T18:33:28+00:00</time>
      </trkpt>
      <trkpt lat="44.10944" lon="3.19145">
        <ele>819</ele>
        <time>2026-08-21T18:33:31+00:00</time>
      </trkpt>
      <trkpt lat="44.10938" lon="3.19151">
        <ele>819</ele>
        <time>2026-08-21T18:33:34+00:00</time>
      </trkpt>
      <trkpt lat="44.10931" lon="3.19163">
        <ele>819</ele>
        <time>2026-08-21T18:33:37+00:00</time>
      </trkpt>
      <trkpt lat="44.10926" lon="3.1918">
        <ele>820</ele>
        <time>2026-08-21T18:33:40+00:00</time>
      </trkpt>
      <trkpt lat="44.1091" lon="3.19209">
        <ele>820</ele>
        <time>2026-08-21T18:33:43+00:00</time>
      </trkpt>
      <trkpt lat="44.10904" lon="3.19216">
        <ele>820</ele>
        <time>2026-08-21T18:33:46+00:00</time>
      </trkpt>
      <trkpt lat="44.10893" lon="3.19226">
        <ele>822</ele>
        <time>2026-08-21T18:33:49+00:00</time>
      </trkpt>
      <trkpt lat="44.10883" lon="3.19233">
        <ele>822</ele>
        <time>2026-08-21T18:33:52+00:00</time>
      </trkpt>
      <trkpt lat="44.10865" lon="3.19241">
        <ele>824</ele>
        <time>2026-08-21T18:33:55+00:00</time>
      </trkpt>
      <trkpt lat="44.10861" lon="3.19245">
        <ele>824</ele>
        <time>2026-08-21T18:33:58+00:00</time>
      </trkpt>
      <trkpt lat="44.10848" lon="3.19261">
        <ele>825</ele>
        <time>2026-08-21T18:34:01+00:00</time>
      </trkpt>
      <trkpt lat="44.10843" lon="3.19265">
        <ele>825</ele>
        <time>2026-08-21T18:34:04+00:00</time>
      </trkpt>
      <trkpt lat="44.10841" lon="3.19266">
        <ele>825</ele>
        <time>2026-08-21T18:34:07+00:00</time>
      </trkpt>
      <trkpt lat="44.10835" lon="3.19266">
        <ele>827</ele>
        <time>2026-08-21T18:34:10+00:00</time>
      </trkpt>
      <trkpt lat="44.10829" lon="3.19264">
        <ele>827</ele>
        <time>2026-08-21T18:34:13+00:00</time>
      </trkpt>
      <trkpt lat="44.10823" lon="3.19261">
        <ele>827</ele>
        <time>2026-08-21T18:34:16+00:00</time>
      </trkpt>
      <trkpt lat="44.10815" lon="3.19257">
        <ele>827</ele>
        <time>2026-08-21T18:34:19+00:00</time>
      </trkpt>
      <trkpt lat="44.10809" lon="3.19256">
        <ele>828</ele>
        <time>2026-08-21T18:34:22+00:00</time>
      </trkpt>
      <trkpt lat="44.10805" lon="3.19257">
        <ele>828</ele>
        <time>2026-08-21T18:34:25+00:00</time>
      </trkpt>
      <trkpt lat="44.10803" lon="3.19258">
        <ele>828</ele>
        <time>2026-08-21T18:34:28+00:00</time>
      </trkpt>
      <trkpt lat="44.10797" lon="3.19263">
        <ele>828</ele>
        <time>2026-08-21T18:34:31+00:00</time>
      </trkpt>
      <trkpt lat="44.1079" lon="3.19269">
        <ele>828</ele>
        <time>2026-08-21T18:34:34+00:00</time>
      </trkpt>
      <trkpt lat="44.10772" lon="3.19294">
        <ele>830</ele>
        <time>2026-08-21T18:34:37+00:00</time>
      </trkpt>
      <trkpt lat="44.10761" lon="3.1931">
        <ele>830</ele>
        <time>2026-08-21T18:34:40+00:00</time>
      </trkpt>
      <trkpt lat="44.10741" lon="3.19333">
        <ele>831</ele>
        <time>2026-08-21T18:34:43+00:00</time>
      </trkpt>
      <trkpt lat="44.10739" lon="3.19337">
        <ele>831</ele>
        <time>2026-08-21T18:34:46+00:00</time>
      </trkpt>
      <trkpt lat="44.10727" lon="3.19352">
        <ele>831</ele>
        <time>2026-08-21T18:34:49+00:00</time>
      </trkpt>
      <trkpt lat="44.10712" lon="3.19367">
        <ele>832</ele>
        <time>2026-08-21T18:34:52+00:00</time>
      </trkpt>
      <trkpt lat="44.10703" lon="3.1938">
        <ele>832</ele>
        <time>2026-08-21T18:34:55+00:00</time>
      </trkpt>
      <trkpt lat="44.10695" lon="3.19387">
        <ele>832</ele>
        <time>2026-08-21T18:34:58+00:00</time>
      </trkpt>
      <trkpt lat="44.10687" lon="3.19391">
        <ele>833</ele>
        <time>2026-08-21T18:35:01+00:00</time>
      </trkpt>
      <trkpt lat="44.10682" lon="3.19394">
        <ele>833</ele>
        <time>2026-08-21T18:35:04+00:00</time>
      </trkpt>
      <trkpt lat="44.10671" lon="3.19396">
        <ele>833</ele>
        <time>2026-08-21T18:35:07+00:00</time>
      </trkpt>
      <trkpt lat="44.1066" lon="3.19403">
        <ele>834</ele>
        <time>2026-08-21T18:35:10+00:00</time>
      </trkpt>
      <trkpt lat="44.10656" lon="3.19407">
        <ele>836</ele>
        <time>2026-08-21T18:35:13+00:00</time>
      </trkpt>
      <trkpt lat="44.1064" lon="3.19417">
        <ele>838</ele>
        <time>2026-08-21T18:35:16+00:00</time>
      </trkpt>
      <trkpt lat="44.10629" lon="3.1942">
        <ele>839</ele>
        <time>2026-08-21T18:35:19+00:00</time>
      </trkpt>
      <trkpt lat="44.10615" lon="3.19426">
        <ele>839</ele>
        <time>2026-08-21T18:35:22+00:00</time>
      </trkpt>
      <trkpt lat="44.10607" lon="3.19432">
        <ele>839</ele>
        <time>2026-08-21T18:35:25+00:00</time>
      </trkpt>
      <trkpt lat="44.10601" lon="3.19437">
        <ele>839</ele>
        <time>2026-08-21T18:35:28+00:00</time>
      </trkpt>
      <trkpt lat="44.10595" lon="3.19442">
        <ele>839</ele>
        <time>2026-08-21T18:35:31+00:00</time>
      </trkpt>
      <trkpt lat="44.10585" lon="3.19447">
        <ele>839</ele>
        <time>2026-08-21T18:35:34+00:00</time>
      </trkpt>
      <trkpt lat="44.10582" lon="3.19448">
        <ele>839</ele>
        <time>2026-08-21T18:35:37+00:00</time>
      </trkpt>
      <trkpt lat="44.10563" lon="3.19451">
        <ele>839</ele>
        <time>2026-08-21T18:35:40+00:00</time>
      </trkpt>
      <trkpt lat="44.10557" lon="3.19452">
        <ele>840</ele>
        <time>2026-08-21T18:35:43+00:00</time>
      </trkpt>
      <trkpt lat="44.10538" lon="3.19451">
        <ele>839</ele>
        <time>2026-08-21T18:35:46+00:00</time>
      </trkpt>
      <trkpt lat="44.1053" lon="3.19452">
        <ele>840</ele>
        <time>2026-08-21T18:35:49+00:00</time>
      </trkpt>
      <trkpt lat="44.10523" lon="3.19454">
        <ele>839</ele>
        <time>2026-08-21T18:35:52+00:00</time>
      </trkpt>
      <trkpt lat="44.10508" lon="3.19456">
        <ele>839</ele>
        <time>2026-08-21T18:35:55+00:00</time>
      </trkpt>
      <trkpt lat="44.10497" lon="3.1946">
        <ele>838</ele>
        <time>2026-08-21T18:35:58+00:00</time>
      </trkpt>
      <trkpt lat="44.10494" lon="3.19463">
        <ele>838</ele>
        <time>2026-08-21T18:36:01+00:00</time>
      </trkpt>
      <trkpt lat="44.10485" lon="3.19472">
        <ele>838</ele>
        <time>2026-08-21T18:36:04+00:00</time>
      </trkpt>
      <trkpt lat="44.10478" lon="3.19476">
        <ele>836</ele>
        <time>2026-08-21T18:36:07+00:00</time>
      </trkpt>
      <trkpt lat="44.10474" lon="3.19476">
        <ele>836</ele>
        <time>2026-08-21T18:36:10+00:00</time>
      </trkpt>
      <trkpt lat="44.10466" lon="3.19475">
        <ele>836</ele>
        <time>2026-08-21T18:36:13+00:00</time>
      </trkpt>
      <trkpt lat="44.10462" lon="3.19476">
        <ele>836</ele>
        <time>2026-08-21T18:36:16+00:00</time>
      </trkpt>
      <trkpt lat="44.10441" lon="3.19475">
        <ele>834</ele>
        <time>2026-08-21T18:36:19+00:00</time>
      </trkpt>
      <trkpt lat="44.1042" lon="3.19479">
        <ele>832</ele>
        <time>2026-08-21T18:36:22+00:00</time>
      </trkpt>
      <trkpt lat="44.10404" lon="3.19479">
        <ele>829</ele>
        <time>2026-08-21T18:36:25+00:00</time>
      </trkpt>
      <trkpt lat="44.10392" lon="3.19481">
        <ele>828</ele>
        <time>2026-08-21T18:36:28+00:00</time>
      </trkpt>
      <trkpt lat="44.10385" lon="3.19481">
        <ele>827</ele>
        <time>2026-08-21T18:36:31+00:00</time>
      </trkpt>
      <trkpt lat="44.10364" lon="3.19478">
        <ele>825</ele>
        <time>2026-08-21T18:36:34+00:00</time>
      </trkpt>
      <trkpt lat="44.10361" lon="3.19478">
        <ele>825</ele>
        <time>2026-08-21T18:36:37+00:00</time>
      </trkpt>
      <trkpt lat="44.10345" lon="3.19483">
        <ele>821</ele>
        <time>2026-08-21T18:36:40+00:00</time>
      </trkpt>
      <trkpt lat="44.1033" lon="3.19488">
        <ele>819</ele>
        <time>2026-08-21T18:36:43+00:00</time>
      </trkpt>
      <trkpt lat="44.10317" lon="3.19491">
        <ele>817</ele>
        <time>2026-08-21T18:36:46+00:00</time>
      </trkpt>
      <trkpt lat="44.10303" lon="3.19493">
        <ele>816</ele>
        <time>2026-08-21T18:36:49+00:00</time>
      </trkpt>
      <trkpt lat="44.10296" lon="3.19496">
        <ele>815</ele>
        <time>2026-08-21T18:36:52+00:00</time>
      </trkpt>
      <trkpt lat="44.10285" lon="3.19501">
        <ele>813</ele>
        <time>2026-08-21T18:36:55+00:00</time>
      </trkpt>
      <trkpt lat="44.10277" lon="3.19503">
        <ele>811</ele>
        <time>2026-08-21T18:36:58+00:00</time>
      </trkpt>
      <trkpt lat="44.10268" lon="3.19502">
        <ele>810</ele>
        <time>2026-08-21T18:37:01+00:00</time>
      </trkpt>
      <trkpt lat="44.10264" lon="3.195">
        <ele>810</ele>
        <time>2026-08-21T18:37:04+00:00</time>
      </trkpt>
      <trkpt lat="44.10257" lon="3.19494">
        <ele>809</ele>
        <time>2026-08-21T18:37:07+00:00</time>
      </trkpt>
      <trkpt lat="44.10251" lon="3.19487">
        <ele>809</ele>
        <time>2026-08-21T18:37:10+00:00</time>
      </trkpt>
      <trkpt lat="44.10247" lon="3.19483">
        <ele>808</ele>
        <time>2026-08-21T18:37:13+00:00</time>
      </trkpt>
      <trkpt lat="44.1024" lon="3.19479">
        <ele>808</ele>
        <time>2026-08-21T18:37:16+00:00</time>
      </trkpt>
      <trkpt lat="44.10232" lon="3.19476">
        <ele>807</ele>
        <time>2026-08-21T18:37:19+00:00</time>
      </trkpt>
      <trkpt lat="44.10224" lon="3.19476">
        <ele>805</ele>
        <time>2026-08-21T18:37:22+00:00</time>
      </trkpt>
      <trkpt lat="44.10209" lon="3.1948">
        <ele>804</ele>
        <time>2026-08-21T18:37:25+00:00</time>
      </trkpt>
      <trkpt lat="44.1019" lon="3.19474">
        <ele>802</ele>
        <time>2026-08-21T18:37:28+00:00</time>
      </trkpt>
      <trkpt lat="44.10184" lon="3.19474">
        <ele>802</ele>
        <time>2026-08-21T18:37:31+00:00</time>
      </trkpt>
      <trkpt lat="44.10175" lon="3.19476">
        <ele>802</ele>
        <time>2026-08-21T18:37:34+00:00</time>
      </trkpt>
      <trkpt lat="44.10168" lon="3.19475">
        <ele>801</ele>
        <time>2026-08-21T18:37:37+00:00</time>
      </trkpt>
      <trkpt lat="44.10156" lon="3.19472">
        <ele>800</ele>
        <time>2026-08-21T18:37:40+00:00</time>
      </trkpt>
      <trkpt lat="44.10144" lon="3.19474">
        <ele>799</ele>
        <time>2026-08-21T18:37:43+00:00</time>
      </trkpt>
      <trkpt lat="44.10128" lon="3.19473">
        <ele>797</ele>
        <time>2026-08-21T18:37:46+00:00</time>
      </trkpt>
      <trkpt lat="44.10116" lon="3.19476">
        <ele>797</ele>
        <time>2026-08-21T18:37:49+00:00</time>
      </trkpt>
      <trkpt lat="44.10112" lon="3.19478">
        <ele>797</ele>
        <time>2026-08-21T18:37:52+00:00</time>
      </trkpt>
      <trkpt lat="44.10104" lon="3.1948">
        <ele>795</ele>
        <time>2026-08-21T18:37:55+00:00</time>
      </trkpt>
      <trkpt lat="44.10096" lon="3.19481">
        <ele>794</ele>
        <time>2026-08-21T18:37:58+00:00</time>
      </trkpt>
      <trkpt lat="44.10088" lon="3.19484">
        <ele>793</ele>
        <time>2026-08-21T18:38:01+00:00</time>
      </trkpt>
      <trkpt lat="44.10076" lon="3.1949">
        <ele>792</ele>
        <time>2026-08-21T18:38:04+00:00</time>
      </trkpt>
      <trkpt lat="44.10064" lon="3.19493">
        <ele>791</ele>
        <time>2026-08-21T18:38:07+00:00</time>
      </trkpt>
      <trkpt lat="44.10052" lon="3.19496">
        <ele>790</ele>
        <time>2026-08-21T18:38:10+00:00</time>
      </trkpt>
      <trkpt lat="44.10048" lon="3.19497">
        <ele>787</ele>
        <time>2026-08-21T18:38:13+00:00</time>
      </trkpt>
      <trkpt lat="44.10033" lon="3.19502">
        <ele>786</ele>
        <time>2026-08-21T18:38:16+00:00</time>
      </trkpt>
      <trkpt lat="44.10024" lon="3.19503">
        <ele>785</ele>
        <time>2026-08-21T18:38:19+00:00</time>
      </trkpt>
      <trkpt lat="44.1002" lon="3.19503">
        <ele>784</ele>
        <time>2026-08-21T18:38:22+00:00</time>
      </trkpt>
      <trkpt lat="44.10003" lon="3.19498">
        <ele>783</ele>
        <time>2026-08-21T18:38:25+00:00</time>
      </trkpt>
      <trkpt lat="44.0999" lon="3.19496">
        <ele>783</ele>
        <time>2026-08-21T18:38:28+00:00</time>
      </trkpt>
      <trkpt lat="44.09973" lon="3.19493">
        <ele>780</ele>
        <time>2026-08-21T18:38:31+00:00</time>
      </trkpt>
      <trkpt lat="44.09961" lon="3.19491">
        <ele>780</ele>
        <time>2026-08-21T18:38:34+00:00</time>
      </trkpt>
      <trkpt lat="44.09949" lon="3.19487">
        <ele>778</ele>
        <time>2026-08-21T18:38:37+00:00</time>
      </trkpt>
      <trkpt lat="44.09939" lon="3.19479">
        <ele>777</ele>
        <time>2026-08-21T18:38:40+00:00</time>
      </trkpt>
      <trkpt lat="44.09935" lon="3.19477">
        <ele>777</ele>
        <time>2026-08-21T18:38:43+00:00</time>
      </trkpt>
      <trkpt lat="44.09927" lon="3.19475">
        <ele>776</ele>
        <time>2026-08-21T18:38:46+00:00</time>
      </trkpt>
      <trkpt lat="44.09914" lon="3.19473">
        <ele>775</ele>
        <time>2026-08-21T18:38:49+00:00</time>
      </trkpt>
      <trkpt lat="44.09907" lon="3.1947">
        <ele>774</ele>
        <time>2026-08-21T18:38:52+00:00</time>
      </trkpt>
      <trkpt lat="44.09892" lon="3.19462">
        <ele>773</ele>
        <time>2026-08-21T18:38:55+00:00</time>
      </trkpt>
      <trkpt lat="44.09884" lon="3.1946">
        <ele>772</ele>
        <time>2026-08-21T18:38:58+00:00</time>
      </trkpt>
      <trkpt lat="44.09871" lon="3.19461">
        <ele>772</ele>
        <time>2026-08-21T18:39:01+00:00</time>
      </trkpt>
      <trkpt lat="44.09867" lon="3.19461">
        <ele>771</ele>
        <time>2026-08-21T18:39:04+00:00</time>
      </trkpt>
      <trkpt lat="44.09856" lon="3.19456">
        <ele>770</ele>
        <time>2026-08-21T18:39:07+00:00</time>
      </trkpt>
      <trkpt lat="44.09848" lon="3.1945">
        <ele>769</ele>
        <time>2026-08-21T18:39:10+00:00</time>
      </trkpt>
      <trkpt lat="44.0984" lon="3.19446">
        <ele>769</ele>
        <time>2026-08-21T18:39:13+00:00</time>
      </trkpt>
      <trkpt lat="44.09817" lon="3.19439">
        <ele>766</ele>
        <time>2026-08-21T18:39:16+00:00</time>
      </trkpt>
      <trkpt lat="44.09813" lon="3.19438">
        <ele>766</ele>
        <time>2026-08-21T18:39:19+00:00</time>
      </trkpt>
      <trkpt lat="44.09805" lon="3.1944">
        <ele>765</ele>
        <time>2026-08-21T18:39:22+00:00</time>
      </trkpt>
      <trkpt lat="44.09797" lon="3.19443">
        <ele>764</ele>
        <time>2026-08-21T18:39:25+00:00</time>
      </trkpt>
      <trkpt lat="44.09793" lon="3.19443">
        <ele>764</ele>
        <time>2026-08-21T18:39:28+00:00</time>
      </trkpt>
      <trkpt lat="44.09789" lon="3.19443">
        <ele>763</ele>
        <time>2026-08-21T18:39:31+00:00</time>
      </trkpt>
      <trkpt lat="44.09785" lon="3.19441">
        <ele>763</ele>
        <time>2026-08-21T18:39:34+00:00</time>
      </trkpt>
      <trkpt lat="44.09778" lon="3.19437">
        <ele>762</ele>
        <time>2026-08-21T18:39:37+00:00</time>
      </trkpt>
      <trkpt lat="44.09774" lon="3.19436">
        <ele>762</ele>
        <time>2026-08-21T18:39:40+00:00</time>
      </trkpt>
      <trkpt lat="44.09769" lon="3.19436">
        <ele>762</ele>
        <time>2026-08-21T18:39:43+00:00</time>
      </trkpt>
      <trkpt lat="44.09765" lon="3.19437">
        <ele>762</ele>
        <time>2026-08-21T18:39:46+00:00</time>
      </trkpt>
      <trkpt lat="44.09743" lon="3.19448">
        <ele>759</ele>
        <time>2026-08-21T18:39:49+00:00</time>
      </trkpt>
      <trkpt lat="44.09735" lon="3.1945">
        <ele>758</ele>
        <time>2026-08-21T18:39:52+00:00</time>
      </trkpt>
      <trkpt lat="44.09727" lon="3.1945">
        <ele>758</ele>
        <time>2026-08-21T18:39:55+00:00</time>
      </trkpt>
      <trkpt lat="44.09715" lon="3.19452">
        <ele>757</ele>
        <time>2026-08-21T18:39:58+00:00</time>
      </trkpt>
      <trkpt lat="44.09711" lon="3.19452">
        <ele>757</ele>
        <time>2026-08-21T18:40:01+00:00</time>
      </trkpt>
      <trkpt lat="44.09707" lon="3.19451">
        <ele>756</ele>
        <time>2026-08-21T18:40:04+00:00</time>
      </trkpt>
      <trkpt lat="44.09677" lon="3.19433">
        <ele>752</ele>
        <time>2026-08-21T18:40:07+00:00</time>
      </trkpt>
      <trkpt lat="44.09657" lon="3.19424">
        <ele>750</ele>
        <time>2026-08-21T18:40:10+00:00</time>
      </trkpt>
      <trkpt lat="44.09651" lon="3.19423">
        <ele>750</ele>
        <time>2026-08-21T18:40:13+00:00</time>
      </trkpt>
      <trkpt lat="44.09645" lon="3.19424">
        <ele>749</ele>
        <time>2026-08-21T18:40:16+00:00</time>
      </trkpt>
      <trkpt lat="44.09638" lon="3.19427">
        <ele>748</ele>
        <time>2026-08-21T18:40:19+00:00</time>
      </trkpt>
      <trkpt lat="44.09621" lon="3.19429">
        <ele>745</ele>
        <time>2026-08-21T18:40:22+00:00</time>
      </trkpt>
      <trkpt lat="44.09617" lon="3.19428">
        <ele>744</ele>
        <time>2026-08-21T18:40:25+00:00</time>
      </trkpt>
      <trkpt lat="44.09609" lon="3.19425">
        <ele>743</ele>
        <time>2026-08-21T18:40:28+00:00</time>
      </trkpt>
      <trkpt lat="44.09593" lon="3.19414">
        <ele>742</ele>
        <time>2026-08-21T18:40:31+00:00</time>
      </trkpt>
      <trkpt lat="44.09574" lon="3.19403">
        <ele>739</ele>
        <time>2026-08-21T18:40:34+00:00</time>
      </trkpt>
      <trkpt lat="44.09571" lon="3.19404">
        <ele>739</ele>
        <time>2026-08-21T18:40:37+00:00</time>
      </trkpt>
      <trkpt lat="44.09564" lon="3.19408">
        <ele>737</ele>
        <time>2026-08-21T18:40:40+00:00</time>
      </trkpt>
      <trkpt lat="44.0956" lon="3.19411">
        <ele>737</ele>
        <time>2026-08-21T18:40:43+00:00</time>
      </trkpt>
      <trkpt lat="44.09554" lon="3.19416">
        <ele>736</ele>
        <time>2026-08-21T18:40:46+00:00</time>
      </trkpt>
      <trkpt lat="44.0955" lon="3.19415">
        <ele>736</ele>
        <time>2026-08-21T18:40:49+00:00</time>
      </trkpt>
      <trkpt lat="44.09548" lon="3.19412">
        <ele>735</ele>
        <time>2026-08-21T18:40:52+00:00</time>
      </trkpt>
      <trkpt lat="44.09544" lon="3.19403">
        <ele>735</ele>
        <time>2026-08-21T18:40:55+00:00</time>
      </trkpt>
      <trkpt lat="44.0954" lon="3.19393">
        <ele>735</ele>
        <time>2026-08-21T18:40:58+00:00</time>
      </trkpt>
      <trkpt lat="44.09539" lon="3.19387">
        <ele>734</ele>
        <time>2026-08-21T18:41:01+00:00</time>
      </trkpt>
      <trkpt lat="44.09537" lon="3.19383">
        <ele>734</ele>
        <time>2026-08-21T18:41:04+00:00</time>
      </trkpt>
      <trkpt lat="44.09533" lon="3.19372">
        <ele>733</ele>
        <time>2026-08-21T18:41:07+00:00</time>
      </trkpt>
      <trkpt lat="44.09532" lon="3.19361">
        <ele>733</ele>
        <time>2026-08-21T18:41:10+00:00</time>
      </trkpt>
      <trkpt lat="44.09536" lon="3.19352">
        <ele>733</ele>
        <time>2026-08-21T18:41:13+00:00</time>
      </trkpt>
      <trkpt lat="44.09544" lon="3.1934">
        <ele>733</ele>
        <time>2026-08-21T18:41:16+00:00</time>
      </trkpt>
      <trkpt lat="44.0955" lon="3.19334">
        <ele>733</ele>
        <time>2026-08-21T18:41:19+00:00</time>
      </trkpt>
      <trkpt lat="44.09559" lon="3.19327">
        <ele>733</ele>
        <time>2026-08-21T18:41:22+00:00</time>
      </trkpt>
      <trkpt lat="44.09562" lon="3.19325">
        <ele>733</ele>
        <time>2026-08-21T18:41:25+00:00</time>
      </trkpt>
      <trkpt lat="44.09564" lon="3.19322">
        <ele>733</ele>
        <time>2026-08-21T18:41:28+00:00</time>
      </trkpt>
      <trkpt lat="44.09565" lon="3.19318">
        <ele>733</ele>
        <time>2026-08-21T18:41:31+00:00</time>
      </trkpt>
      <trkpt lat="44.09566" lon="3.19312">
        <ele>733</ele>
        <time>2026-08-21T18:41:34+00:00</time>
      </trkpt>
      <trkpt lat="44.09566" lon="3.19302">
        <ele>733</ele>
        <time>2026-08-21T18:41:37+00:00</time>
      </trkpt>
      <trkpt lat="44.09569" lon="3.19292">
        <ele>733</ele>
        <time>2026-08-21T18:41:40+00:00</time>
      </trkpt>
      <trkpt lat="44.09572" lon="3.19288">
        <ele>733</ele>
        <time>2026-08-21T18:41:43+00:00</time>
      </trkpt>
      <trkpt lat="44.09578" lon="3.19284">
        <ele>733</ele>
        <time>2026-08-21T18:41:46+00:00</time>
      </trkpt>
      <trkpt lat="44.09587" lon="3.1928">
        <ele>733</ele>
        <time>2026-08-21T18:41:49+00:00</time>
      </trkpt>
      <trkpt lat="44.0959" lon="3.19278">
        <ele>732</ele>
        <time>2026-08-21T18:41:52+00:00</time>
      </trkpt>
      <trkpt lat="44.09592" lon="3.19272">
        <ele>732</ele>
        <time>2026-08-21T18:41:55+00:00</time>
      </trkpt>
      <trkpt lat="44.09594" lon="3.19265">
        <ele>732</ele>
        <time>2026-08-21T18:41:58+00:00</time>
      </trkpt>
      <trkpt lat="44.09597" lon="3.19262">
        <ele>732</ele>
        <time>2026-08-21T18:42:01+00:00</time>
      </trkpt>
      <trkpt lat="44.09603" lon="3.19256">
        <ele>732</ele>
        <time>2026-08-21T18:42:04+00:00</time>
      </trkpt>
      <trkpt lat="44.09625" lon="3.19247">
        <ele>731</ele>
        <time>2026-08-21T18:42:07+00:00</time>
      </trkpt>
      <trkpt lat="44.09637" lon="3.19236">
        <ele>731</ele>
        <time>2026-08-21T18:42:10+00:00</time>
      </trkpt>
      <trkpt lat="44.09642" lon="3.19229">
        <ele>731</ele>
        <time>2026-08-21T18:42:13+00:00</time>
      </trkpt>
      <trkpt lat="44.09648" lon="3.19219">
        <ele>731</ele>
        <time>2026-08-21T18:42:16+00:00</time>
      </trkpt>
      <trkpt lat="44.09655" lon="3.19204">
        <ele>731</ele>
        <time>2026-08-21T18:42:19+00:00</time>
      </trkpt>
      <trkpt lat="44.09656" lon="3.19199">
        <ele>731</ele>
        <time>2026-08-21T18:42:22+00:00</time>
      </trkpt>
      <trkpt lat="44.09658" lon="3.19194">
        <ele>731</ele>
        <time>2026-08-21T18:42:25+00:00</time>
      </trkpt>
      <trkpt lat="44.0966" lon="3.1919">
        <ele>731</ele>
        <time>2026-08-21T18:42:28+00:00</time>
      </trkpt>
      <trkpt lat="44.09662" lon="3.19186">
        <ele>731</ele>
        <time>2026-08-21T18:42:31+00:00</time>
      </trkpt>
      <trkpt lat="44.09667" lon="3.19178">
        <ele>731</ele>
        <time>2026-08-21T18:42:34+00:00</time>
      </trkpt>
      <trkpt lat="44.09676" lon="3.19166">
        <ele>731</ele>
        <time>2026-08-21T18:42:37+00:00</time>
      </trkpt>
      <trkpt lat="44.0969" lon="3.19154">
        <ele>730</ele>
        <time>2026-08-21T18:42:40+00:00</time>
      </trkpt>
      <trkpt lat="44.097" lon="3.19145">
        <ele>729</ele>
        <time>2026-08-21T18:42:43+00:00</time>
      </trkpt>
      <trkpt lat="44.09719" lon="3.19123">
        <ele>728</ele>
        <time>2026-08-21T18:42:46+00:00</time>
      </trkpt>
      <trkpt lat="44.09731" lon="3.19107">
        <ele>725</ele>
        <time>2026-08-21T18:42:49+00:00</time>
      </trkpt>
      <trkpt lat="44.09733" lon="3.19102">
        <ele>725</ele>
        <time>2026-08-21T18:42:52+00:00</time>
      </trkpt>
      <trkpt lat="44.09734" lon="3.19097">
        <ele>725</ele>
        <time>2026-08-21T18:42:55+00:00</time>
      </trkpt>
      <trkpt lat="44.09733" lon="3.19092">
        <ele>725</ele>
        <time>2026-08-21T18:42:58+00:00</time>
      </trkpt>
      <trkpt lat="44.09731" lon="3.19087">
        <ele>724</ele>
        <time>2026-08-21T18:43:01+00:00</time>
      </trkpt>
      <trkpt lat="44.09718" lon="3.19072">
        <ele>725</ele>
        <time>2026-08-21T18:43:04+00:00</time>
      </trkpt>
      <trkpt lat="44.09705" lon="3.19058">
        <ele>725</ele>
        <time>2026-08-21T18:43:07+00:00</time>
      </trkpt>
      <trkpt lat="44.09689" lon="3.19039">
        <ele>725</ele>
        <time>2026-08-21T18:43:10+00:00</time>
      </trkpt>
      <trkpt lat="44.09679" lon="3.19021">
        <ele>725</ele>
        <time>2026-08-21T18:43:13+00:00</time>
      </trkpt>
      <trkpt lat="44.09669" lon="3.19">
        <ele>725</ele>
        <time>2026-08-21T18:43:16+00:00</time>
      </trkpt>
      <trkpt lat="44.09667" lon="3.18991">
        <ele>725</ele>
        <time>2026-08-21T18:43:19+00:00</time>
      </trkpt>
      <trkpt lat="44.09655" lon="3.18968">
        <ele>727</ele>
        <time>2026-08-21T18:43:22+00:00</time>
      </trkpt>
      <trkpt lat="44.09645" lon="3.18952">
        <ele>728</ele>
        <time>2026-08-21T18:43:25+00:00</time>
      </trkpt>
      <trkpt lat="44.09636" lon="3.18942">
        <ele>729</ele>
        <time>2026-08-21T18:43:28+00:00</time>
      </trkpt>
      <trkpt lat="44.0963" lon="3.18936">
        <ele>731</ele>
        <time>2026-08-21T18:43:31+00:00</time>
      </trkpt>
      <trkpt lat="44.09624" lon="3.18934">
        <ele>731</ele>
        <time>2026-08-21T18:43:34+00:00</time>
      </trkpt>
      <trkpt lat="44.09605" lon="3.18935">
        <ele>732</ele>
        <time>2026-08-21T18:43:37+00:00</time>
      </trkpt>
      <trkpt lat="44.09589" lon="3.18937">
        <ele>732</ele>
        <time>2026-08-21T18:43:40+00:00</time>
      </trkpt>
      <trkpt lat="44.0958" lon="3.18937">
        <ele>732</ele>
        <time>2026-08-21T18:43:43+00:00</time>
      </trkpt>
      <trkpt lat="44.09569" lon="3.18942">
        <ele>732</ele>
        <time>2026-08-21T18:43:46+00:00</time>
      </trkpt>
      <trkpt lat="44.09566" lon="3.18944">
        <ele>732</ele>
        <time>2026-08-21T18:43:49+00:00</time>
      </trkpt>
      <trkpt lat="44.09563" lon="3.18951">
        <ele>732</ele>
        <time>2026-08-21T18:43:52+00:00</time>
      </trkpt>
      <trkpt lat="44.0956" lon="3.18959">
        <ele>732</ele>
        <time>2026-08-21T18:43:55+00:00</time>
      </trkpt>
      <trkpt lat="44.09558" lon="3.18969">
        <ele>731</ele>
        <time>2026-08-21T18:43:58+00:00</time>
      </trkpt>
      <trkpt lat="44.09556" lon="3.18974">
        <ele>731</ele>
        <time>2026-08-21T18:44:01+00:00</time>
      </trkpt>
      <trkpt lat="44.09554" lon="3.18978">
        <ele>731</ele>
        <time>2026-08-21T18:44:04+00:00</time>
      </trkpt>
      <trkpt lat="44.09551" lon="3.18981">
        <ele>731</ele>
        <time>2026-08-21T18:44:07+00:00</time>
      </trkpt>
      <trkpt lat="44.09547" lon="3.18984">
        <ele>731</ele>
        <time>2026-08-21T18:44:10+00:00</time>
      </trkpt>
      <trkpt lat="44.09543" lon="3.18984">
        <ele>731</ele>
        <time>2026-08-21T18:44:13+00:00</time>
      </trkpt>
      <trkpt lat="44.09536" lon="3.18985">
        <ele>731</ele>
        <time>2026-08-21T18:44:16+00:00</time>
      </trkpt>
      <trkpt lat="44.09532" lon="3.18984">
        <ele>731</ele>
        <time>2026-08-21T18:44:19+00:00</time>
      </trkpt>
      <trkpt lat="44.09529" lon="3.18983">
        <ele>731</ele>
        <time>2026-08-21T18:44:22+00:00</time>
      </trkpt>
      <trkpt lat="44.09526" lon="3.18981">
        <ele>731</ele>
        <time>2026-08-21T18:44:25+00:00</time>
      </trkpt>
      <trkpt lat="44.09521" lon="3.18968">
        <ele>732</ele>
        <time>2026-08-21T18:44:28+00:00</time>
      </trkpt>
      <trkpt lat="44.09516" lon="3.18959">
        <ele>732</ele>
        <time>2026-08-21T18:44:31+00:00</time>
      </trkpt>
      <trkpt lat="44.09515" lon="3.18951">
        <ele>732</ele>
        <time>2026-08-21T18:44:34+00:00</time>
      </trkpt>
      <trkpt lat="44.09515" lon="3.18947">
        <ele>732</ele>
        <time>2026-08-21T18:44:37+00:00</time>
      </trkpt>
      <trkpt lat="44.09516" lon="3.18938">
        <ele>732</ele>
        <time>2026-08-21T18:44:40+00:00</time>
      </trkpt>
      <trkpt lat="44.09517" lon="3.18935">
        <ele>733</ele>
        <time>2026-08-21T18:44:43+00:00</time>
      </trkpt>
      <trkpt lat="44.09518" lon="3.18933">
        <ele>733</ele>
        <time>2026-08-21T18:44:46+00:00</time>
      </trkpt>
      <trkpt lat="44.09524" lon="3.18932">
        <ele>732</ele>
        <time>2026-08-21T18:44:49+00:00</time>
      </trkpt>
      <trkpt lat="44.09532" lon="3.18936">
        <ele>732</ele>
        <time>2026-08-21T18:44:52+00:00</time>
      </trkpt>
      <trkpt lat="44.0954" lon="3.18938">
        <ele>732</ele>
        <time>2026-08-21T18:44:55+00:00</time>
      </trkpt>
      <trkpt lat="44.09546" lon="3.18936">
        <ele>732</ele>
        <time>2026-08-21T18:44:58+00:00</time>
      </trkpt>
      <trkpt lat="44.09554" lon="3.1893">
        <ele>732</ele>
        <time>2026-08-21T18:45:01+00:00</time>
      </trkpt>
      <trkpt lat="44.09558" lon="3.18929">
        <ele>733</ele>
        <time>2026-08-21T18:45:04+00:00</time>
      </trkpt>
      <trkpt lat="44.09562" lon="3.18927">
        <ele>733</ele>
        <time>2026-08-21T18:45:07+00:00</time>
      </trkpt>
      <trkpt lat="44.09574" lon="3.18927">
        <ele>733</ele>
        <time>2026-08-21T18:45:10+00:00</time>
      </trkpt>
      <trkpt lat="44.09578" lon="3.18925">
        <ele>733</ele>
        <time>2026-08-21T18:45:13+00:00</time>
      </trkpt>
      <trkpt lat="44.09581" lon="3.18923">
        <ele>733</ele>
        <time>2026-08-21T18:45:16+00:00</time>
      </trkpt>
      <trkpt lat="44.09584" lon="3.18919">
        <ele>733</ele>
        <time>2026-08-21T18:45:19+00:00</time>
      </trkpt>
      <trkpt lat="44.09592" lon="3.18906">
        <ele>733</ele>
        <time>2026-08-21T18:45:22+00:00</time>
      </trkpt>
      <trkpt lat="44.09597" lon="3.18899">
        <ele>733</ele>
        <time>2026-08-21T18:45:25+00:00</time>
      </trkpt>
      <trkpt lat="44.09607" lon="3.18888">
        <ele>733</ele>
        <time>2026-08-21T18:45:28+00:00</time>
      </trkpt>
      <trkpt lat="44.09612" lon="3.18884">
        <ele>732</ele>
        <time>2026-08-21T18:45:31+00:00</time>
      </trkpt>
      <trkpt lat="44.09615" lon="3.18882">
        <ele>732</ele>
        <time>2026-08-21T18:45:34+00:00</time>
      </trkpt>
      <trkpt lat="44.09619" lon="3.18881">
        <ele>732</ele>
        <time>2026-08-21T18:45:37+00:00</time>
      </trkpt>
      <trkpt lat="44.09622" lon="3.18882">
        <ele>732</ele>
        <time>2026-08-21T18:45:40+00:00</time>
      </trkpt>
      <trkpt lat="44.09633" lon="3.18888">
        <ele>730</ele>
        <time>2026-08-21T18:45:43+00:00</time>
      </trkpt>
      <trkpt lat="44.09635" lon="3.18889">
        <ele>730</ele>
        <time>2026-08-21T18:45:46+00:00</time>
      </trkpt>
      <trkpt lat="44.09639" lon="3.18889">
        <ele>730</ele>
        <time>2026-08-21T18:45:49+00:00</time>
      </trkpt>
      <trkpt lat="44.09643" lon="3.18891">
        <ele>729</ele>
        <time>2026-08-21T18:45:52+00:00</time>
      </trkpt>
      <trkpt lat="44.09647" lon="3.18893">
        <ele>729</ele>
        <time>2026-08-21T18:45:55+00:00</time>
      </trkpt>
      <trkpt lat="44.09649" lon="3.18896">
        <ele>729</ele>
        <time>2026-08-21T18:45:58+00:00</time>
      </trkpt>
      <trkpt lat="44.09653" lon="3.18903">
        <ele>728</ele>
        <time>2026-08-21T18:46:01+00:00</time>
      </trkpt>
      <trkpt lat="44.09661" lon="3.18914">
        <ele>727</ele>
        <time>2026-08-21T18:46:04+00:00</time>
      </trkpt>
      <trkpt lat="44.09665" lon="3.18928">
        <ele>727</ele>
        <time>2026-08-21T18:46:07+00:00</time>
      </trkpt>
      <trkpt lat="44.09667" lon="3.18944">
        <ele>726</ele>
        <time>2026-08-21T18:46:10+00:00</time>
      </trkpt>
      <trkpt lat="44.09673" lon="3.18955">
        <ele>725</ele>
        <time>2026-08-21T18:46:13+00:00</time>
      </trkpt>
      <trkpt lat="44.09679" lon="3.18961">
        <ele>725</ele>
        <time>2026-08-21T18:46:16+00:00</time>
      </trkpt>
      <trkpt lat="44.0968" lon="3.18965">
        <ele>724</ele>
        <time>2026-08-21T18:46:19+00:00</time>
      </trkpt>
      <trkpt lat="44.09681" lon="3.18968">
        <ele>724</ele>
        <time>2026-08-21T18:46:22+00:00</time>
      </trkpt>
      <trkpt lat="44.0968" lon="3.18972">
        <ele>724</ele>
        <time>2026-08-21T18:46:25+00:00</time>
      </trkpt>
      <trkpt lat="44.09679" lon="3.18974">
        <ele>725</ele>
        <time>2026-08-21T18:46:28+00:00</time>
      </trkpt>
      <trkpt lat="44.09676" lon="3.18975">
        <ele>725</ele>
        <time>2026-08-21T18:46:31+00:00</time>
      </trkpt>
      <trkpt lat="44.09674" lon="3.18982">
        <ele>725</ele>
        <time>2026-08-21T18:46:34+00:00</time>
      </trkpt>
      <trkpt lat="44.09674" lon="3.18985">
        <ele>725</ele>
        <time>2026-08-21T18:46:37+00:00</time>
      </trkpt>
      <trkpt lat="44.09676" lon="3.18991">
        <ele>725</ele>
        <time>2026-08-21T18:46:40+00:00</time>
      </trkpt>
      <trkpt lat="44.0968" lon="3.18999">
        <ele>724</ele>
        <time>2026-08-21T18:46:43+00:00</time>
      </trkpt>
      <trkpt lat="44.09686" lon="3.19005">
        <ele>724</ele>
        <time>2026-08-21T18:46:46+00:00</time>
      </trkpt>
      <trkpt lat="44.09692" lon="3.19007">
        <ele>723</ele>
        <time>2026-08-21T18:46:49+00:00</time>
      </trkpt>
      <trkpt lat="44.09701" lon="3.19005">
        <ele>722</ele>
        <time>2026-08-21T18:46:52+00:00</time>
      </trkpt>
      <trkpt lat="44.09707" lon="3.19003">
        <ele>722</ele>
        <time>2026-08-21T18:46:55+00:00</time>
      </trkpt>
      <trkpt lat="44.09718" lon="3.19002">
        <ele>721</ele>
        <time>2026-08-21T18:46:58+00:00</time>
      </trkpt>
      <trkpt lat="44.09725" lon="3.19002">
        <ele>721</ele>
        <time>2026-08-21T18:47:01+00:00</time>
      </trkpt>
      <trkpt lat="44.09728" lon="3.19002">
        <ele>721</ele>
        <time>2026-08-21T18:47:04+00:00</time>
      </trkpt>
      <trkpt lat="44.09748" lon="3.19005">
        <ele>720</ele>
        <time>2026-08-21T18:47:07+00:00</time>
      </trkpt>
      <trkpt lat="44.09754" lon="3.19005">
        <ele>719</ele>
        <time>2026-08-21T18:47:10+00:00</time>
      </trkpt>
      <trkpt lat="44.09761" lon="3.19001">
        <ele>719</ele>
        <time>2026-08-21T18:47:13+00:00</time>
      </trkpt>
      <trkpt lat="44.09764" lon="3.18998">
        <ele>718</ele>
        <time>2026-08-21T18:47:16+00:00</time>
      </trkpt>
      <trkpt lat="44.09768" lon="3.18991">
        <ele>718</ele>
        <time>2026-08-21T18:47:19+00:00</time>
      </trkpt>
      <trkpt lat="44.09773" lon="3.18985">
        <ele>718</ele>
        <time>2026-08-21T18:47:22+00:00</time>
      </trkpt>
      <trkpt lat="44.09776" lon="3.18982">
        <ele>718</ele>
        <time>2026-08-21T18:47:25+00:00</time>
      </trkpt>
      <trkpt lat="44.09782" lon="3.18977">
        <ele>717</ele>
        <time>2026-08-21T18:47:28+00:00</time>
      </trkpt>
      <trkpt lat="44.09799" lon="3.18959">
        <ele>716</ele>
        <time>2026-08-21T18:47:31+00:00</time>
      </trkpt>
      <trkpt lat="44.09806" lon="3.18953">
        <ele>716</ele>
        <time>2026-08-21T18:47:34+00:00</time>
      </trkpt>
      <trkpt lat="44.09816" lon="3.18943">
        <ele>715</ele>
        <time>2026-08-21T18:47:37+00:00</time>
      </trkpt>
      <trkpt lat="44.09823" lon="3.18937">
        <ele>714</ele>
        <time>2026-08-21T18:47:40+00:00</time>
      </trkpt>
      <trkpt lat="44.09835" lon="3.18928">
        <ele>712</ele>
        <time>2026-08-21T18:47:43+00:00</time>
      </trkpt>
      <trkpt lat="44.09849" lon="3.18916">
        <ele>711</ele>
        <time>2026-08-21T18:47:46+00:00</time>
      </trkpt>
      <trkpt lat="44.09852" lon="3.18912">
        <ele>710</ele>
        <time>2026-08-21T18:47:49+00:00</time>
      </trkpt>
      <trkpt lat="44.09855" lon="3.18907">
        <ele>709</ele>
        <time>2026-08-21T18:47:52+00:00</time>
      </trkpt>
      <trkpt lat="44.09858" lon="3.18903">
        <ele>709</ele>
        <time>2026-08-21T18:47:55+00:00</time>
      </trkpt>
      <trkpt lat="44.09861" lon="3.189">
        <ele>708</ele>
        <time>2026-08-21T18:47:58+00:00</time>
      </trkpt>
      <trkpt lat="44.09864" lon="3.18896">
        <ele>708</ele>
        <time>2026-08-21T18:48:01+00:00</time>
      </trkpt>
      <trkpt lat="44.09873" lon="3.18884">
        <ele>706</ele>
        <time>2026-08-21T18:48:04+00:00</time>
      </trkpt>
      <trkpt lat="44.09878" lon="3.18878">
        <ele>705</ele>
        <time>2026-08-21T18:48:07+00:00</time>
      </trkpt>
      <trkpt lat="44.09888" lon="3.18865">
        <ele>702</ele>
        <time>2026-08-21T18:48:10+00:00</time>
      </trkpt>
      <trkpt lat="44.09893" lon="3.18857">
        <ele>701</ele>
        <time>2026-08-21T18:48:13+00:00</time>
      </trkpt>
      <trkpt lat="44.09897" lon="3.18848">
        <ele>700</ele>
        <time>2026-08-21T18:48:16+00:00</time>
      </trkpt>
      <trkpt lat="44.09901" lon="3.18834">
        <ele>698</ele>
        <time>2026-08-21T18:48:19+00:00</time>
      </trkpt>
      <trkpt lat="44.09903" lon="3.18823">
        <ele>697</ele>
        <time>2026-08-21T18:48:22+00:00</time>
      </trkpt>
      <trkpt lat="44.09901" lon="3.18812">
        <ele>696</ele>
        <time>2026-08-21T18:48:25+00:00</time>
      </trkpt>
      <trkpt lat="44.099" lon="3.18807">
        <ele>694</ele>
        <time>2026-08-21T18:48:28+00:00</time>
      </trkpt>
      <trkpt lat="44.09898" lon="3.18803">
        <ele>694</ele>
        <time>2026-08-21T18:48:31+00:00</time>
      </trkpt>
      <trkpt lat="44.09886" lon="3.18786">
        <ele>693</ele>
        <time>2026-08-21T18:48:34+00:00</time>
      </trkpt>
      <trkpt lat="44.09883" lon="3.18776">
        <ele>692</ele>
        <time>2026-08-21T18:48:37+00:00</time>
      </trkpt>
      <trkpt lat="44.09882" lon="3.18759">
        <ele>690</ele>
        <time>2026-08-21T18:48:40+00:00</time>
      </trkpt>
      <trkpt lat="44.0988" lon="3.18754">
        <ele>690</ele>
        <time>2026-08-21T18:48:43+00:00</time>
      </trkpt>
      <trkpt lat="44.09878" lon="3.18742">
        <ele>689</ele>
        <time>2026-08-21T18:48:46+00:00</time>
      </trkpt>
      <trkpt lat="44.09877" lon="3.18732">
        <ele>688</ele>
        <time>2026-08-21T18:48:49+00:00</time>
      </trkpt>
      <trkpt lat="44.09878" lon="3.18727">
        <ele>687</ele>
        <time>2026-08-21T18:48:52+00:00</time>
      </trkpt>
      <trkpt lat="44.09879" lon="3.18721">
        <ele>687</ele>
        <time>2026-08-21T18:48:55+00:00</time>
      </trkpt>
      <trkpt lat="44.09887" lon="3.18696">
        <ele>684</ele>
        <time>2026-08-21T18:48:58+00:00</time>
      </trkpt>
      <trkpt lat="44.09889" lon="3.18683">
        <ele>682</ele>
        <time>2026-08-21T18:49:01+00:00</time>
      </trkpt>
      <trkpt lat="44.09889" lon="3.18671">
        <ele>682</ele>
        <time>2026-08-21T18:49:04+00:00</time>
      </trkpt>
      <trkpt lat="44.0989" lon="3.1866">
        <ele>681</ele>
        <time>2026-08-21T18:49:07+00:00</time>
      </trkpt>
      <trkpt lat="44.09892" lon="3.18647">
        <ele>680</ele>
        <time>2026-08-21T18:49:10+00:00</time>
      </trkpt>
      <trkpt lat="44.09896" lon="3.18636">
        <ele>679</ele>
        <time>2026-08-21T18:49:13+00:00</time>
      </trkpt>
      <trkpt lat="44.09897" lon="3.1863">
        <ele>679</ele>
        <time>2026-08-21T18:49:16+00:00</time>
      </trkpt>
      <trkpt lat="44.09897" lon="3.18601">
        <ele>678</ele>
        <time>2026-08-21T18:49:19+00:00</time>
      </trkpt>
      <trkpt lat="44.09893" lon="3.18571">
        <ele>677</ele>
        <time>2026-08-21T18:49:22+00:00</time>
      </trkpt>
      <trkpt lat="44.09891" lon="3.18554">
        <ele>675</ele>
        <time>2026-08-21T18:49:25+00:00</time>
      </trkpt>
      <trkpt lat="44.0989" lon="3.18548">
        <ele>674</ele>
        <time>2026-08-21T18:49:28+00:00</time>
      </trkpt>
      <trkpt lat="44.0989" lon="3.18532">
        <ele>675</ele>
        <time>2026-08-21T18:49:31+00:00</time>
      </trkpt>
      <trkpt lat="44.0989" lon="3.1852">
        <ele>673</ele>
        <time>2026-08-21T18:49:34+00:00</time>
      </trkpt>
      <trkpt lat="44.09892" lon="3.18508">
        <ele>672</ele>
        <time>2026-08-21T18:49:37+00:00</time>
      </trkpt>
      <trkpt lat="44.09893" lon="3.1849">
        <ele>672</ele>
        <time>2026-08-21T18:49:40+00:00</time>
      </trkpt>
      <trkpt lat="44.09897" lon="3.18468">
        <ele>672</ele>
        <time>2026-08-21T18:49:43+00:00</time>
      </trkpt>
      <trkpt lat="44.09897" lon="3.18463">
        <ele>672</ele>
        <time>2026-08-21T18:49:46+00:00</time>
      </trkpt>
      <trkpt lat="44.09894" lon="3.18446">
        <ele>672</ele>
        <time>2026-08-21T18:49:49+00:00</time>
      </trkpt>
      <trkpt lat="44.09894" lon="3.1844">
        <ele>672</ele>
        <time>2026-08-21T18:49:52+00:00</time>
      </trkpt>
      <trkpt lat="44.09895" lon="3.1843">
        <ele>672</ele>
        <time>2026-08-21T18:49:55+00:00</time>
      </trkpt>
      <trkpt lat="44.09896" lon="3.18408">
        <ele>671</ele>
        <time>2026-08-21T18:49:58+00:00</time>
      </trkpt>
      <trkpt lat="44.09895" lon="3.18397">
        <ele>671</ele>
        <time>2026-08-21T18:50:01+00:00</time>
      </trkpt>
      <trkpt lat="44.09896" lon="3.18387">
        <ele>670</ele>
        <time>2026-08-21T18:50:04+00:00</time>
      </trkpt>
      <trkpt lat="44.09895" lon="3.18359">
        <ele>668</ele>
        <time>2026-08-21T18:50:07+00:00</time>
      </trkpt>
      <trkpt lat="44.09899" lon="3.18333">
        <ele>667</ele>
        <time>2026-08-21T18:50:10+00:00</time>
      </trkpt>
      <trkpt lat="44.09901" lon="3.18316">
        <ele>662</ele>
        <time>2026-08-21T18:50:13+00:00</time>
      </trkpt>
      <trkpt lat="44.09901" lon="3.18285">
        <ele>658</ele>
        <time>2026-08-21T18:50:16+00:00</time>
      </trkpt>
      <trkpt lat="44.09901" lon="3.18281">
        <ele>658</ele>
        <time>2026-08-21T18:50:19+00:00</time>
      </trkpt>
      <trkpt lat="44.09899" lon="3.18276">
        <ele>658</ele>
        <time>2026-08-21T18:50:22+00:00</time>
      </trkpt>
      <trkpt lat="44.09899" lon="3.18272">
        <ele>658</ele>
        <time>2026-08-21T18:50:25+00:00</time>
      </trkpt>
      <trkpt lat="44.09898" lon="3.18268">
        <ele>655</ele>
        <time>2026-08-21T18:50:28+00:00</time>
      </trkpt>
      <trkpt lat="44.09897" lon="3.18254">
        <ele>653</ele>
        <time>2026-08-21T18:50:31+00:00</time>
      </trkpt>
      <trkpt lat="44.09897" lon="3.18249">
        <ele>652</ele>
        <time>2026-08-21T18:50:34+00:00</time>
      </trkpt>
      <trkpt lat="44.09899" lon="3.18237">
        <ele>652</ele>
        <time>2026-08-21T18:50:37+00:00</time>
      </trkpt>
      <trkpt lat="44.09901" lon="3.18229">
        <ele>650</ele>
        <time>2026-08-21T18:50:40+00:00</time>
      </trkpt>
      <trkpt lat="44.09902" lon="3.18226">
        <ele>650</ele>
        <time>2026-08-21T18:50:43+00:00</time>
      </trkpt>
      <trkpt lat="44.09906" lon="3.18223">
        <ele>650</ele>
        <time>2026-08-21T18:50:46+00:00</time>
      </trkpt>
      <trkpt lat="44.0993" lon="3.18209">
        <ele>650</ele>
        <time>2026-08-21T18:50:49+00:00</time>
      </trkpt>
      <trkpt lat="44.09942" lon="3.18207">
        <ele>645</ele>
        <time>2026-08-21T18:50:52+00:00</time>
      </trkpt>
      <trkpt lat="44.0996" lon="3.182">
        <ele>643</ele>
        <time>2026-08-21T18:50:55+00:00</time>
      </trkpt>
      <trkpt lat="44.09967" lon="3.18199">
        <ele>643</ele>
        <time>2026-08-21T18:50:58+00:00</time>
      </trkpt>
      <trkpt lat="44.09991" lon="3.18191">
        <ele>641</ele>
        <time>2026-08-21T18:51:01+00:00</time>
      </trkpt>
      <trkpt lat="44.10025" lon="3.1818">
        <ele>641</ele>
        <time>2026-08-21T18:51:04+00:00</time>
      </trkpt>
      <trkpt lat="44.10028" lon="3.18178">
        <ele>641</ele>
        <time>2026-08-21T18:51:07+00:00</time>
      </trkpt>
      <trkpt lat="44.10052" lon="3.18169">
        <ele>638</ele>
        <time>2026-08-21T18:51:10+00:00</time>
      </trkpt>
      <trkpt lat="44.10075" lon="3.18167">
        <ele>636</ele>
        <time>2026-08-21T18:51:13+00:00</time>
      </trkpt>
      <trkpt lat="44.10082" lon="3.18165">
        <ele>636</ele>
        <time>2026-08-21T18:51:16+00:00</time>
      </trkpt>
      <trkpt lat="44.10094" lon="3.18161">
        <ele>635</ele>
        <time>2026-08-21T18:51:19+00:00</time>
      </trkpt>
      <trkpt lat="44.10104" lon="3.18156">
        <ele>634</ele>
        <time>2026-08-21T18:51:22+00:00</time>
      </trkpt>
      <trkpt lat="44.1011" lon="3.18153">
        <ele>633</ele>
        <time>2026-08-21T18:51:25+00:00</time>
      </trkpt>
      <trkpt lat="44.10115" lon="3.18148">
        <ele>633</ele>
        <time>2026-08-21T18:51:28+00:00</time>
      </trkpt>
      <trkpt lat="44.10118" lon="3.18145">
        <ele>633</ele>
        <time>2026-08-21T18:51:31+00:00</time>
      </trkpt>
      <trkpt lat="44.10128" lon="3.18138">
        <ele>633</ele>
        <time>2026-08-21T18:51:34+00:00</time>
      </trkpt>
      <trkpt lat="44.10146" lon="3.1812">
        <ele>631</ele>
        <time>2026-08-21T18:51:37+00:00</time>
      </trkpt>
      <trkpt lat="44.1015" lon="3.18114">
        <ele>631</ele>
        <time>2026-08-21T18:51:40+00:00</time>
      </trkpt>
      <trkpt lat="44.10156" lon="3.18101">
        <ele>630</ele>
        <time>2026-08-21T18:51:43+00:00</time>
      </trkpt>
      <trkpt lat="44.10171" lon="3.18083">
        <ele>626</ele>
        <time>2026-08-21T18:51:46+00:00</time>
      </trkpt>
      <trkpt lat="44.10187" lon="3.1806">
        <ele>624</ele>
        <time>2026-08-21T18:51:49+00:00</time>
      </trkpt>
      <trkpt lat="44.10195" lon="3.18056">
        <ele>623</ele>
        <time>2026-08-21T18:51:52+00:00</time>
      </trkpt>
      <trkpt lat="44.10199" lon="3.18056">
        <ele>623</ele>
        <time>2026-08-21T18:51:55+00:00</time>
      </trkpt>
      <trkpt lat="44.10205" lon="3.1806">
        <ele>622</ele>
        <time>2026-08-21T18:51:58+00:00</time>
      </trkpt>
      <trkpt lat="44.10212" lon="3.18062">
        <ele>620</ele>
        <time>2026-08-21T18:52:01+00:00</time>
      </trkpt>
      <trkpt lat="44.1022" lon="3.1806">
        <ele>620</ele>
        <time>2026-08-21T18:52:04+00:00</time>
      </trkpt>
      <trkpt lat="44.10227" lon="3.18058">
        <ele>620</ele>
        <time>2026-08-21T18:52:07+00:00</time>
      </trkpt>
      <trkpt lat="44.10231" lon="3.18057">
        <ele>618</ele>
        <time>2026-08-21T18:52:10+00:00</time>
      </trkpt>
      <trkpt lat="44.10235" lon="3.18057">
        <ele>618</ele>
        <time>2026-08-21T18:52:13+00:00</time>
      </trkpt>
      <trkpt lat="44.10245" lon="3.18059">
        <ele>618</ele>
        <time>2026-08-21T18:52:16+00:00</time>
      </trkpt>
      <trkpt lat="44.10253" lon="3.18057">
        <ele>618</ele>
        <time>2026-08-21T18:52:19+00:00</time>
      </trkpt>
      <trkpt lat="44.10263" lon="3.18052">
        <ele>618</ele>
        <time>2026-08-21T18:52:22+00:00</time>
      </trkpt>
      <trkpt lat="44.10271" lon="3.18048">
        <ele>617</ele>
        <time>2026-08-21T18:52:25+00:00</time>
      </trkpt>
      <trkpt lat="44.10283" lon="3.18036">
        <ele>616</ele>
        <time>2026-08-21T18:52:28+00:00</time>
      </trkpt>
      <trkpt lat="44.10286" lon="3.18032">
        <ele>616</ele>
        <time>2026-08-21T18:52:31+00:00</time>
      </trkpt>
      <trkpt lat="44.10287" lon="3.18027">
        <ele>615</ele>
        <time>2026-08-21T18:52:34+00:00</time>
      </trkpt>
      <trkpt lat="44.10293" lon="3.18015">
        <ele>612</ele>
        <time>2026-08-21T18:52:37+00:00</time>
      </trkpt>
      <trkpt lat="44.10297" lon="3.18009">
        <ele>611</ele>
        <time>2026-08-21T18:52:40+00:00</time>
      </trkpt>
      <trkpt lat="44.10301" lon="3.18003">
        <ele>610</ele>
        <time>2026-08-21T18:52:43+00:00</time>
      </trkpt>
      <trkpt lat="44.10304" lon="3.18001">
        <ele>610</ele>
        <time>2026-08-21T18:52:46+00:00</time>
      </trkpt>
      <trkpt lat="44.10313" lon="3.17991">
        <ele>608</ele>
        <time>2026-08-21T18:52:49+00:00</time>
      </trkpt>
      <trkpt lat="44.10327" lon="3.17982">
        <ele>606</ele>
        <time>2026-08-21T18:52:52+00:00</time>
      </trkpt>
      <trkpt lat="44.10347" lon="3.17975">
        <ele>608</ele>
        <time>2026-08-21T18:52:55+00:00</time>
      </trkpt>
      <trkpt lat="44.1035" lon="3.17973">
        <ele>615</ele>
        <time>2026-08-21T18:52:58+00:00</time>
      </trkpt>
      <trkpt lat="44.10352" lon="3.17971">
        <ele>615</ele>
        <time>2026-08-21T18:53:01+00:00</time>
      </trkpt>
      <trkpt lat="44.10354" lon="3.17968">
        <ele>613</ele>
        <time>2026-08-21T18:53:04+00:00</time>
      </trkpt>
      <trkpt lat="44.10354" lon="3.17958">
        <ele>609</ele>
        <time>2026-08-21T18:53:07+00:00</time>
      </trkpt>
      <trkpt lat="44.1035" lon="3.17949">
        <ele>607</ele>
        <time>2026-08-21T18:53:10+00:00</time>
      </trkpt>
      <trkpt lat="44.10349" lon="3.17944">
        <ele>602</ele>
        <time>2026-08-21T18:53:13+00:00</time>
      </trkpt>
      <trkpt lat="44.10348" lon="3.17933">
        <ele>601</ele>
        <time>2026-08-21T18:53:16+00:00</time>
      </trkpt>
      <trkpt lat="44.10348" lon="3.17922">
        <ele>600</ele>
        <time>2026-08-21T18:53:19+00:00</time>
      </trkpt>
      <trkpt lat="44.1035" lon="3.17914">
        <ele>603</ele>
        <time>2026-08-21T18:53:22+00:00</time>
      </trkpt>
      <trkpt lat="44.10353" lon="3.17904">
        <ele>601</ele>
        <time>2026-08-21T18:53:25+00:00</time>
      </trkpt>
      <trkpt lat="44.10355" lon="3.17899">
        <ele>600</ele>
        <time>2026-08-21T18:53:28+00:00</time>
      </trkpt>
      <trkpt lat="44.10358" lon="3.17895">
        <ele>600</ele>
        <time>2026-08-21T18:53:31+00:00</time>
      </trkpt>
      <trkpt lat="44.10366" lon="3.17885">
        <ele>600</ele>
        <time>2026-08-21T18:53:34+00:00</time>
      </trkpt>
      <trkpt lat="44.10374" lon="3.17872">
        <ele>600</ele>
        <time>2026-08-21T18:53:37+00:00</time>
      </trkpt>
      <trkpt lat="44.1038" lon="3.17864">
        <ele>599</ele>
        <time>2026-08-21T18:53:40+00:00</time>
      </trkpt>
      <trkpt lat="44.10389" lon="3.17849">
        <ele>598</ele>
        <time>2026-08-21T18:53:43+00:00</time>
      </trkpt>
      <trkpt lat="44.10394" lon="3.17839">
        <ele>596</ele>
        <time>2026-08-21T18:53:46+00:00</time>
      </trkpt>
      <trkpt lat="44.10406" lon="3.1782">
        <ele>593</ele>
        <time>2026-08-21T18:53:49+00:00</time>
      </trkpt>
      <trkpt lat="44.10411" lon="3.17806">
        <ele>593</ele>
        <time>2026-08-21T18:53:52+00:00</time>
      </trkpt>
      <trkpt lat="44.10416" lon="3.17791">
        <ele>592</ele>
        <time>2026-08-21T18:53:55+00:00</time>
      </trkpt>
      <trkpt lat="44.1042" lon="3.17759">
        <ele>590</ele>
        <time>2026-08-21T18:53:58+00:00</time>
      </trkpt>
      <trkpt lat="44.10422" lon="3.17751">
        <ele>590</ele>
        <time>2026-08-21T18:54:01+00:00</time>
      </trkpt>
      <trkpt lat="44.10427" lon="3.17739">
        <ele>587</ele>
        <time>2026-08-21T18:54:04+00:00</time>
      </trkpt>
      <trkpt lat="44.10431" lon="3.17725">
        <ele>589</ele>
        <time>2026-08-21T18:54:07+00:00</time>
      </trkpt>
      <trkpt lat="44.10432" lon="3.1772">
        <ele>586</ele>
        <time>2026-08-21T18:54:10+00:00</time>
      </trkpt>
      <trkpt lat="44.10432" lon="3.17698">
        <ele>583</ele>
        <time>2026-08-21T18:54:13+00:00</time>
      </trkpt>
      <trkpt lat="44.10433" lon="3.17692">
        <ele>583</ele>
        <time>2026-08-21T18:54:16+00:00</time>
      </trkpt>
      <trkpt lat="44.10433" lon="3.17686">
        <ele>581</ele>
        <time>2026-08-21T18:54:19+00:00</time>
      </trkpt>
      <trkpt lat="44.10436" lon="3.17666">
        <ele>579</ele>
        <time>2026-08-21T18:54:22+00:00</time>
      </trkpt>
      <trkpt lat="44.10439" lon="3.17656">
        <ele>577</ele>
        <time>2026-08-21T18:54:25+00:00</time>
      </trkpt>
      <trkpt lat="44.10441" lon="3.17647">
        <ele>578</ele>
        <time>2026-08-21T18:54:28+00:00</time>
      </trkpt>
      <trkpt lat="44.10442" lon="3.17644">
        <ele>578</ele>
        <time>2026-08-21T18:54:31+00:00</time>
      </trkpt>
      <trkpt lat="44.10441" lon="3.17624">
        <ele>577</ele>
        <time>2026-08-21T18:54:34+00:00</time>
      </trkpt>
      <trkpt lat="44.10438" lon="3.17613">
        <ele>576</ele>
        <time>2026-08-21T18:54:37+00:00</time>
      </trkpt>
      <trkpt lat="44.10435" lon="3.17608">
        <ele>576</ele>
        <time>2026-08-21T18:54:40+00:00</time>
      </trkpt>
      <trkpt lat="44.10432" lon="3.17599">
        <ele>577</ele>
        <time>2026-08-21T18:54:43+00:00</time>
      </trkpt>
      <trkpt lat="44.10427" lon="3.1759">
        <ele>576</ele>
        <time>2026-08-21T18:54:46+00:00</time>
      </trkpt>
      <trkpt lat="44.10407" lon="3.17562">
        <ele>575</ele>
        <time>2026-08-21T18:54:49+00:00</time>
      </trkpt>
      <trkpt lat="44.104" lon="3.1755">
        <ele>575</ele>
        <time>2026-08-21T18:54:52+00:00</time>
      </trkpt>
      <trkpt lat="44.10397" lon="3.17546">
        <ele>574</ele>
        <time>2026-08-21T18:54:55+00:00</time>
      </trkpt>
      <trkpt lat="44.1039" lon="3.17534">
        <ele>573</ele>
        <time>2026-08-21T18:54:58+00:00</time>
      </trkpt>
      <trkpt lat="44.10384" lon="3.1752">
        <ele>572</ele>
        <time>2026-08-21T18:55:01+00:00</time>
      </trkpt>
      <trkpt lat="44.1038" lon="3.17506">
        <ele>569</ele>
        <time>2026-08-21T18:55:04+00:00</time>
      </trkpt>
      <trkpt lat="44.10378" lon="3.17502">
        <ele>571</ele>
        <time>2026-08-21T18:55:07+00:00</time>
      </trkpt>
      <trkpt lat="44.10376" lon="3.17492">
        <ele>570</ele>
        <time>2026-08-21T18:55:10+00:00</time>
      </trkpt>
      <trkpt lat="44.10376" lon="3.17482">
        <ele>569</ele>
        <time>2026-08-21T18:55:13+00:00</time>
      </trkpt>
      <trkpt lat="44.10378" lon="3.17469">
        <ele>567</ele>
        <time>2026-08-21T18:55:16+00:00</time>
      </trkpt>
      <trkpt lat="44.1038" lon="3.17462">
        <ele>567</ele>
        <time>2026-08-21T18:55:19+00:00</time>
      </trkpt>
      <trkpt lat="44.10386" lon="3.17447">
        <ele>562</ele>
        <time>2026-08-21T18:55:22+00:00</time>
      </trkpt>
      <trkpt lat="44.10387" lon="3.17439">
        <ele>567</ele>
        <time>2026-08-21T18:55:25+00:00</time>
      </trkpt>
      <trkpt lat="44.10387" lon="3.1743">
        <ele>563</ele>
        <time>2026-08-21T18:55:28+00:00</time>
      </trkpt>
      <trkpt lat="44.10387" lon="3.1742">
        <ele>567</ele>
        <time>2026-08-21T18:55:31+00:00</time>
      </trkpt>
      <trkpt lat="44.10388" lon="3.17415">
        <ele>567</ele>
        <time>2026-08-21T18:55:34+00:00</time>
      </trkpt>
      <trkpt lat="44.10393" lon="3.17401">
        <ele>568</ele>
        <time>2026-08-21T18:55:37+00:00</time>
      </trkpt>
      <trkpt lat="44.10395" lon="3.17393">
        <ele>570</ele>
        <time>2026-08-21T18:55:40+00:00</time>
      </trkpt>
      <trkpt lat="44.10395" lon="3.17384">
        <ele>572</ele>
        <time>2026-08-21T18:55:43+00:00</time>
      </trkpt>
      <trkpt lat="44.10396" lon="3.17375">
        <ele>573</ele>
        <time>2026-08-21T18:55:46+00:00</time>
      </trkpt>
      <trkpt lat="44.104" lon="3.17366">
        <ele>563</ele>
        <time>2026-08-21T18:55:49+00:00</time>
      </trkpt>
      <trkpt lat="44.10402" lon="3.17362">
        <ele>569</ele>
        <time>2026-08-21T18:55:52+00:00</time>
      </trkpt>
      <trkpt lat="44.10405" lon="3.17359">
        <ele>575</ele>
        <time>2026-08-21T18:55:55+00:00</time>
      </trkpt>
      <trkpt lat="44.10408" lon="3.17356">
        <ele>575</ele>
        <time>2026-08-21T18:55:58+00:00</time>
      </trkpt>
      <trkpt lat="44.1041" lon="3.17352">
        <ele>575</ele>
        <time>2026-08-21T18:56:01+00:00</time>
      </trkpt>
      <trkpt lat="44.10411" lon="3.17343">
        <ele>558</ele>
        <time>2026-08-21T18:56:04+00:00</time>
      </trkpt>
      <trkpt lat="44.1041" lon="3.17325">
        <ele>576</ele>
        <time>2026-08-21T18:56:07+00:00</time>
      </trkpt>
      <trkpt lat="44.1041" lon="3.1732">
        <ele>556</ele>
        <time>2026-08-21T18:56:10+00:00</time>
      </trkpt>
      <trkpt lat="44.10412" lon="3.1731">
        <ele>555</ele>
        <time>2026-08-21T18:56:13+00:00</time>
      </trkpt>
      <trkpt lat="44.10414" lon="3.17301">
        <ele>555</ele>
        <time>2026-08-21T18:56:16+00:00</time>
      </trkpt>
      <trkpt lat="44.10416" lon="3.17292">
        <ele>554</ele>
        <time>2026-08-21T18:56:19+00:00</time>
      </trkpt>
      <trkpt lat="44.10412" lon="3.17281">
        <ele>559</ele>
        <time>2026-08-21T18:56:22+00:00</time>
      </trkpt>
      <trkpt lat="44.1041" lon="3.17277">
        <ele>548</ele>
        <time>2026-08-21T18:56:25+00:00</time>
      </trkpt>
      <trkpt lat="44.10407" lon="3.17274">
        <ele>558</ele>
        <time>2026-08-21T18:56:28+00:00</time>
      </trkpt>
      <trkpt lat="44.10402" lon="3.17266">
        <ele>556</ele>
        <time>2026-08-21T18:56:31+00:00</time>
      </trkpt>
      <trkpt lat="44.10397" lon="3.17257">
        <ele>563</ele>
        <time>2026-08-21T18:56:34+00:00</time>
      </trkpt>
      <trkpt lat="44.10395" lon="3.17248">
        <ele>567</ele>
        <time>2026-08-21T18:56:37+00:00</time>
      </trkpt>
      <trkpt lat="44.10396" lon="3.17243">
        <ele>567</ele>
        <time>2026-08-21T18:56:40+00:00</time>
      </trkpt>
      <trkpt lat="44.10398" lon="3.17239">
        <ele>572</ele>
        <time>2026-08-21T18:56:43+00:00</time>
      </trkpt>
      <trkpt lat="44.104" lon="3.17234">
        <ele>565</ele>
        <time>2026-08-21T18:56:46+00:00</time>
      </trkpt>
      <trkpt lat="44.10403" lon="3.17231">
        <ele>560</ele>
        <time>2026-08-21T18:56:49+00:00</time>
      </trkpt>
      <trkpt lat="44.10407" lon="3.17222">
        <ele>566</ele>
        <time>2026-08-21T18:56:52+00:00</time>
      </trkpt>
      <trkpt lat="44.1041" lon="3.17213">
        <ele>565</ele>
        <time>2026-08-21T18:56:55+00:00</time>
      </trkpt>
      <trkpt lat="44.1041" lon="3.17208">
        <ele>559</ele>
        <time>2026-08-21T18:56:58+00:00</time>
      </trkpt>
      <trkpt lat="44.10405" lon="3.17192">
        <ele>558</ele>
        <time>2026-08-21T18:57:01+00:00</time>
      </trkpt>
      <trkpt lat="44.10404" lon="3.17187">
        <ele>559</ele>
        <time>2026-08-21T18:57:04+00:00</time>
      </trkpt>
      <trkpt lat="44.10404" lon="3.17183">
        <ele>559</ele>
        <time>2026-08-21T18:57:07+00:00</time>
      </trkpt>
      <trkpt lat="44.10406" lon="3.17174">
        <ele>566</ele>
        <time>2026-08-21T18:57:10+00:00</time>
      </trkpt>
      <trkpt lat="44.10412" lon="3.1716">
        <ele>556</ele>
        <time>2026-08-21T18:57:13+00:00</time>
      </trkpt>
      <trkpt lat="44.10417" lon="3.17148">
        <ele>558</ele>
        <time>2026-08-21T18:57:16+00:00</time>
      </trkpt>
      <trkpt lat="44.10419" lon="3.17144">
        <ele>558</ele>
        <time>2026-08-21T18:57:19+00:00</time>
      </trkpt>
      <trkpt lat="44.1042" lon="3.17139">
        <ele>555</ele>
        <time>2026-08-21T18:57:22+00:00</time>
      </trkpt>
      <trkpt lat="44.10425" lon="3.17131">
        <ele>557</ele>
        <time>2026-08-21T18:57:25+00:00</time>
      </trkpt>
      <trkpt lat="44.10431" lon="3.17119">
        <ele>554</ele>
        <time>2026-08-21T18:57:28+00:00</time>
      </trkpt>
      <trkpt lat="44.10432" lon="3.17114">
        <ele>554</ele>
        <time>2026-08-21T18:57:31+00:00</time>
      </trkpt>
      <trkpt lat="44.10439" lon="3.17095">
        <ele>552</ele>
        <time>2026-08-21T18:57:34+00:00</time>
      </trkpt>
      <trkpt lat="44.10441" lon="3.17093">
        <ele>552</ele>
        <time>2026-08-21T18:57:37+00:00</time>
      </trkpt>
      <trkpt lat="44.10446" lon="3.17093">
        <ele>552</ele>
        <time>2026-08-21T18:57:40+00:00</time>
      </trkpt>
      <trkpt lat="44.10448" lon="3.17097">
        <ele>552</ele>
        <time>2026-08-21T18:57:43+00:00</time>
      </trkpt>
      <trkpt lat="44.10447" lon="3.17101">
        <ele>550</ele>
        <time>2026-08-21T18:57:46+00:00</time>
      </trkpt>
      <trkpt lat="44.10443" lon="3.17111">
        <ele>548</ele>
        <time>2026-08-21T18:57:49+00:00</time>
      </trkpt>
      <trkpt lat="44.10443" lon="3.17117">
        <ele>548</ele>
        <time>2026-08-21T18:57:52+00:00</time>
      </trkpt>
      <trkpt lat="44.10437" lon="3.17145">
        <ele>544</ele>
        <time>2026-08-21T18:57:55+00:00</time>
      </trkpt>
      <trkpt lat="44.10434" lon="3.17156">
        <ele>542</ele>
        <time>2026-08-21T18:57:58+00:00</time>
      </trkpt>
      <trkpt lat="44.10431" lon="3.17162">
        <ele>540</ele>
        <time>2026-08-21T18:58:01+00:00</time>
      </trkpt>
      <trkpt lat="44.10428" lon="3.17173">
        <ele>544</ele>
        <time>2026-08-21T18:58:04+00:00</time>
      </trkpt>
      <trkpt lat="44.10424" lon="3.17195">
        <ele>538</ele>
        <time>2026-08-21T18:58:07+00:00</time>
      </trkpt>
      <trkpt lat="44.10424" lon="3.172">
        <ele>538</ele>
        <time>2026-08-21T18:58:10+00:00</time>
      </trkpt>
      <trkpt lat="44.10425" lon="3.17205">
        <ele>537</ele>
        <time>2026-08-21T18:58:13+00:00</time>
      </trkpt>
      <trkpt lat="44.10426" lon="3.17211">
        <ele>538</ele>
        <time>2026-08-21T18:58:16+00:00</time>
      </trkpt>
      <trkpt lat="44.10432" lon="3.17231">
        <ele>534</ele>
        <time>2026-08-21T18:58:19+00:00</time>
      </trkpt>
      <trkpt lat="44.10432" lon="3.17246">
        <ele>532</ele>
        <time>2026-08-21T18:58:22+00:00</time>
      </trkpt>
      <trkpt lat="44.10434" lon="3.17258">
        <ele>533</ele>
        <time>2026-08-21T18:58:25+00:00</time>
      </trkpt>
      <trkpt lat="44.1044" lon="3.17273">
        <ele>537</ele>
        <time>2026-08-21T18:58:28+00:00</time>
      </trkpt>
      <trkpt lat="44.10442" lon="3.17288">
        <ele>533</ele>
        <time>2026-08-21T18:58:31+00:00</time>
      </trkpt>
      <trkpt lat="44.10442" lon="3.17299">
        <ele>533</ele>
        <time>2026-08-21T18:58:34+00:00</time>
      </trkpt>
      <trkpt lat="44.10445" lon="3.17324">
        <ele>533</ele>
        <time>2026-08-21T18:58:37+00:00</time>
      </trkpt>
      <trkpt lat="44.10446" lon="3.17346">
        <ele>535</ele>
        <time>2026-08-21T18:58:40+00:00</time>
      </trkpt>
      <trkpt lat="44.10438" lon="3.17377">
        <ele>533</ele>
        <time>2026-08-21T18:58:43+00:00</time>
      </trkpt>
      <trkpt lat="44.10438" lon="3.17384">
        <ele>531</ele>
        <time>2026-08-21T18:58:46+00:00</time>
      </trkpt>
      <trkpt lat="44.10437" lon="3.174">
        <ele>530</ele>
        <time>2026-08-21T18:58:49+00:00</time>
      </trkpt>
      <trkpt lat="44.10438" lon="3.17403">
        <ele>529</ele>
        <time>2026-08-21T18:58:52+00:00</time>
      </trkpt>
      <trkpt lat="44.10439" lon="3.17405">
        <ele>529</ele>
        <time>2026-08-21T18:58:55+00:00</time>
      </trkpt>
      <trkpt lat="44.10442" lon="3.17405">
        <ele>525</ele>
        <time>2026-08-21T18:58:58+00:00</time>
      </trkpt>
      <trkpt lat="44.10445" lon="3.17402">
        <ele>525</ele>
        <time>2026-08-21T18:59:01+00:00</time>
      </trkpt>
      <trkpt lat="44.10448" lon="3.17392">
        <ele>525</ele>
        <time>2026-08-21T18:59:04+00:00</time>
      </trkpt>
      <trkpt lat="44.1045" lon="3.17385">
        <ele>525</ele>
        <time>2026-08-21T18:59:07+00:00</time>
      </trkpt>
      <trkpt lat="44.10453" lon="3.17375">
        <ele>522</ele>
        <time>2026-08-21T18:59:10+00:00</time>
      </trkpt>
      <trkpt lat="44.10466" lon="3.17353">
        <ele>521</ele>
        <time>2026-08-21T18:59:13+00:00</time>
      </trkpt>
      <trkpt lat="44.10473" lon="3.17341">
        <ele>516</ele>
        <time>2026-08-21T18:59:16+00:00</time>
      </trkpt>
      <trkpt lat="44.10475" lon="3.17335">
        <ele>517</ele>
        <time>2026-08-21T18:59:19+00:00</time>
      </trkpt>
      <trkpt lat="44.10476" lon="3.1733">
        <ele>517</ele>
        <time>2026-08-21T18:59:22+00:00</time>
      </trkpt>
      <trkpt lat="44.10476" lon="3.17309">
        <ele>515</ele>
        <time>2026-08-21T18:59:25+00:00</time>
      </trkpt>
      <trkpt lat="44.10475" lon="3.17289">
        <ele>512</ele>
        <time>2026-08-21T18:59:28+00:00</time>
      </trkpt>
      <trkpt lat="44.10474" lon="3.17284">
        <ele>512</ele>
        <time>2026-08-21T18:59:31+00:00</time>
      </trkpt>
      <trkpt lat="44.10473" lon="3.17275">
        <ele>511</ele>
        <time>2026-08-21T18:59:34+00:00</time>
      </trkpt>
      <trkpt lat="44.10474" lon="3.17257">
        <ele>509</ele>
        <time>2026-08-21T18:59:37+00:00</time>
      </trkpt>
      <trkpt lat="44.10477" lon="3.17247">
        <ele>508</ele>
        <time>2026-08-21T18:59:40+00:00</time>
      </trkpt>
      <trkpt lat="44.10488" lon="3.17219">
        <ele>495</ele>
        <time>2026-08-21T18:59:43+00:00</time>
      </trkpt>
      <trkpt lat="44.1049" lon="3.17208">
        <ele>493</ele>
        <time>2026-08-21T18:59:46+00:00</time>
      </trkpt>
      <trkpt lat="44.10492" lon="3.17199">
        <ele>494</ele>
        <time>2026-08-21T18:59:49+00:00</time>
      </trkpt>
      <trkpt lat="44.10498" lon="3.17184">
        <ele>491</ele>
        <time>2026-08-21T18:59:52+00:00</time>
      </trkpt>
      <trkpt lat="44.10503" lon="3.17173">
        <ele>489</ele>
        <time>2026-08-21T18:59:55+00:00</time>
      </trkpt>
      <trkpt lat="44.10507" lon="3.17167">
        <ele>487</ele>
        <time>2026-08-21T18:59:58+00:00</time>
      </trkpt>
      <trkpt lat="44.10514" lon="3.1716">
        <ele>485</ele>
        <time>2026-08-21T19:00:01+00:00</time>
      </trkpt>
      <trkpt lat="44.10524" lon="3.17152">
        <ele>486</ele>
        <time>2026-08-21T19:00:04+00:00</time>
      </trkpt>
      <trkpt lat="44.10536" lon="3.17142">
        <ele>484</ele>
        <time>2026-08-21T19:00:07+00:00</time>
      </trkpt>
      <trkpt lat="44.1054" lon="3.17139">
        <ele>483</ele>
        <time>2026-08-21T19:00:10+00:00</time>
      </trkpt>
      <trkpt lat="44.10543" lon="3.17137">
        <ele>483</ele>
        <time>2026-08-21T19:00:13+00:00</time>
      </trkpt>
      <trkpt lat="44.10548" lon="3.1713">
        <ele>481</ele>
        <time>2026-08-21T19:00:16+00:00</time>
      </trkpt>
      <trkpt lat="44.10552" lon="3.17123">
        <ele>482</ele>
        <time>2026-08-21T19:00:19+00:00</time>
      </trkpt>
      <trkpt lat="44.10557" lon="3.17117">
        <ele>478</ele>
        <time>2026-08-21T19:00:22+00:00</time>
      </trkpt>
      <trkpt lat="44.10567" lon="3.1711">
        <ele>477</ele>
        <time>2026-08-21T19:00:25+00:00</time>
      </trkpt>
      <trkpt lat="44.10569" lon="3.17107">
        <ele>477</ele>
        <time>2026-08-21T19:00:28+00:00</time>
      </trkpt>
      <trkpt lat="44.10578" lon="3.17098">
        <ele>476</ele>
        <time>2026-08-21T19:00:31+00:00</time>
      </trkpt>
      <trkpt lat="44.10586" lon="3.17087">
        <ele>474</ele>
        <time>2026-08-21T19:00:34+00:00</time>
      </trkpt>
      <trkpt lat="44.10589" lon="3.17078">
        <ele>474</ele>
        <time>2026-08-21T19:00:37+00:00</time>
      </trkpt>
      <trkpt lat="44.10593" lon="3.1707">
        <ele>472</ele>
        <time>2026-08-21T19:00:40+00:00</time>
      </trkpt>
      <trkpt lat="44.10601" lon="3.17051">
        <ele>472</ele>
        <time>2026-08-21T19:00:43+00:00</time>
      </trkpt>
      <trkpt lat="44.10604" lon="3.17041">
        <ele>469</ele>
        <time>2026-08-21T19:00:46+00:00</time>
      </trkpt>
      <trkpt lat="44.10605" lon="3.17036">
        <ele>468</ele>
        <time>2026-08-21T19:00:49+00:00</time>
      </trkpt>
      <trkpt lat="44.1061" lon="3.17018">
        <ele>467</ele>
        <time>2026-08-21T19:00:52+00:00</time>
      </trkpt>
      <trkpt lat="44.10614" lon="3.17007">
        <ele>467</ele>
        <time>2026-08-21T19:00:55+00:00</time>
      </trkpt>
      <trkpt lat="44.10612" lon="3.17006">
        <ele>467</ele>
        <time>2026-08-21T19:00:58+00:00</time>
      </trkpt>
      <trkpt lat="44.10612" lon="3.17004">
        <ele>467</ele>
        <time>2026-08-21T19:01:01+00:00</time>
      </trkpt>
      <trkpt lat="44.10613" lon="3.16993">
        <ele>467</ele>
        <time>2026-08-21T19:01:04+00:00</time>
      </trkpt>
      <trkpt lat="44.10614" lon="3.16989">
        <ele>470</ele>
        <time>2026-08-21T19:01:07+00:00</time>
      </trkpt>
      <trkpt lat="44.10621" lon="3.16976">
        <ele>471</ele>
        <time>2026-08-21T19:01:10+00:00</time>
      </trkpt>
      <trkpt lat="44.10625" lon="3.16971">
        <ele>471</ele>
        <time>2026-08-21T19:01:13+00:00</time>
      </trkpt>
      <trkpt lat="44.10633" lon="3.16965">
        <ele>474</ele>
        <time>2026-08-21T19:01:16+00:00</time>
      </trkpt>
      <trkpt lat="44.10638" lon="3.16963">
        <ele>474</ele>
        <time>2026-08-21T19:01:19+00:00</time>
      </trkpt>
      <trkpt lat="44.10642" lon="3.16958">
        <ele>475</ele>
        <time>2026-08-21T19:01:22+00:00</time>
      </trkpt>
      <trkpt lat="44.10646" lon="3.16956">
        <ele>475</ele>
        <time>2026-08-21T19:01:25+00:00</time>
      </trkpt>
      <trkpt lat="44.1065" lon="3.16952">
        <ele>475</ele>
        <time>2026-08-21T19:01:28+00:00</time>
      </trkpt>
      <trkpt lat="44.10654" lon="3.16944">
        <ele>477</ele>
        <time>2026-08-21T19:01:31+00:00</time>
      </trkpt>
      <trkpt lat="44.10655" lon="3.16938">
        <ele>480</ele>
        <time>2026-08-21T19:01:34+00:00</time>
      </trkpt>
      <trkpt lat="44.10655" lon="3.1693">
        <ele>480</ele>
        <time>2026-08-21T19:01:37+00:00</time>
      </trkpt>
      <trkpt lat="44.1066" lon="3.16922">
        <ele>485</ele>
        <time>2026-08-21T19:01:40+00:00</time>
      </trkpt>
      <trkpt lat="44.10661" lon="3.16919">
        <ele>486</ele>
        <time>2026-08-21T19:01:43+00:00</time>
      </trkpt>
      <trkpt lat="44.10661" lon="3.16915">
        <ele>486</ele>
        <time>2026-08-21T19:01:46+00:00</time>
      </trkpt>
      <trkpt lat="44.1066" lon="3.16909">
        <ele>492</ele>
        <time>2026-08-21T19:01:49+00:00</time>
      </trkpt>
      <trkpt lat="44.10659" lon="3.169">
        <ele>492</ele>
        <time>2026-08-21T19:01:52+00:00</time>
      </trkpt>
      <trkpt lat="44.10659" lon="3.16897">
        <ele>497</ele>
        <time>2026-08-21T19:01:55+00:00</time>
      </trkpt>
      <trkpt lat="44.10661" lon="3.16892">
        <ele>491</ele>
        <time>2026-08-21T19:01:58+00:00</time>
      </trkpt>
      <trkpt lat="44.10663" lon="3.16889">
        <ele>494</ele>
        <time>2026-08-21T19:02:01+00:00</time>
      </trkpt>
      <trkpt lat="44.10665" lon="3.16886">
        <ele>494</ele>
        <time>2026-08-21T19:02:04+00:00</time>
      </trkpt>
      <trkpt lat="44.10667" lon="3.16883">
        <ele>494</ele>
        <time>2026-08-21T19:02:07+00:00</time>
      </trkpt>
      <trkpt lat="44.10668" lon="3.1688">
        <ele>497</ele>
        <time>2026-08-21T19:02:10+00:00</time>
      </trkpt>
      <trkpt lat="44.10668" lon="3.16877">
        <ele>497</ele>
        <time>2026-08-21T19:02:13+00:00</time>
      </trkpt>
      <trkpt lat="44.1067" lon="3.16874">
        <ele>495</ele>
        <time>2026-08-21T19:02:16+00:00</time>
      </trkpt>
      <trkpt lat="44.10675" lon="3.1687">
        <ele>495</ele>
        <time>2026-08-21T19:02:19+00:00</time>
      </trkpt>
      <trkpt lat="44.10681" lon="3.16861">
        <ele>498</ele>
        <time>2026-08-21T19:02:22+00:00</time>
      </trkpt>
      <trkpt lat="44.10681" lon="3.16854">
        <ele>501</ele>
        <time>2026-08-21T19:02:25+00:00</time>
      </trkpt>
      <trkpt lat="44.10687" lon="3.1684">
        <ele>508</ele>
        <time>2026-08-21T19:02:28+00:00</time>
      </trkpt>
      <trkpt lat="44.10688" lon="3.16833">
        <ele>508</ele>
        <time>2026-08-21T19:02:31+00:00</time>
      </trkpt>
      <trkpt lat="44.10693" lon="3.16826">
        <ele>508</ele>
        <time>2026-08-21T19:02:34+00:00</time>
      </trkpt>
      <trkpt lat="44.10695" lon="3.16821">
        <ele>508</ele>
        <time>2026-08-21T19:02:37+00:00</time>
      </trkpt>
      <trkpt lat="44.10696" lon="3.16818">
        <ele>511</ele>
        <time>2026-08-21T19:02:40+00:00</time>
      </trkpt>
      <trkpt lat="44.10696" lon="3.16812">
        <ele>511</ele>
        <time>2026-08-21T19:02:43+00:00</time>
      </trkpt>
      <trkpt lat="44.10694" lon="3.1681">
        <ele>511</ele>
        <time>2026-08-21T19:02:46+00:00</time>
      </trkpt>
      <trkpt lat="44.10692" lon="3.16811">
        <ele>511</ele>
        <time>2026-08-21T19:02:49+00:00</time>
      </trkpt>
      <trkpt lat="44.10688" lon="3.16811">
        <ele>516</ele>
        <time>2026-08-21T19:02:52+00:00</time>
      </trkpt>
      <trkpt lat="44.10687" lon="3.16813">
        <ele>516</ele>
        <time>2026-08-21T19:02:55+00:00</time>
      </trkpt>
      <trkpt lat="44.10685" lon="3.16814">
        <ele>516</ele>
        <time>2026-08-21T19:02:58+00:00</time>
      </trkpt>
      <trkpt lat="44.10681" lon="3.16813">
        <ele>516</ele>
        <time>2026-08-21T19:03:01+00:00</time>
      </trkpt>
      <trkpt lat="44.10678" lon="3.16811">
        <ele>520</ele>
        <time>2026-08-21T19:03:04+00:00</time>
      </trkpt>
      <trkpt lat="44.10673" lon="3.16815">
        <ele>520</ele>
        <time>2026-08-21T19:03:07+00:00</time>
      </trkpt>
      <trkpt lat="44.10671" lon="3.16815">
        <ele>520</ele>
        <time>2026-08-21T19:03:10+00:00</time>
      </trkpt>
      <trkpt lat="44.10669" lon="3.16816">
        <ele>524</ele>
        <time>2026-08-21T19:03:13+00:00</time>
      </trkpt>
      <trkpt lat="44.10652" lon="3.16835">
        <ele>526</ele>
        <time>2026-08-21T19:03:16+00:00</time>
      </trkpt>
      <trkpt lat="44.1065" lon="3.16836">
        <ele>530</ele>
        <time>2026-08-21T19:03:19+00:00</time>
      </trkpt>
      <trkpt lat="44.10644" lon="3.16839">
        <ele>530</ele>
        <time>2026-08-21T19:03:22+00:00</time>
      </trkpt>
      <trkpt lat="44.10636" lon="3.1684">
        <ele>530</ele>
        <time>2026-08-21T19:03:25+00:00</time>
      </trkpt>
      <trkpt lat="44.1063" lon="3.16845">
        <ele>533</ele>
        <time>2026-08-21T19:03:28+00:00</time>
      </trkpt>
      <trkpt lat="44.10624" lon="3.16847">
        <ele>533</ele>
        <time>2026-08-21T19:03:31+00:00</time>
      </trkpt>
      <trkpt lat="44.1062" lon="3.1685">
        <ele>530</ele>
        <time>2026-08-21T19:03:34+00:00</time>
      </trkpt>
      <trkpt lat="44.10603" lon="3.16857">
        <ele>535</ele>
        <time>2026-08-21T19:03:37+00:00</time>
      </trkpt>
      <trkpt lat="44.10591" lon="3.1686">
        <ele>541</ele>
        <time>2026-08-21T19:03:40+00:00</time>
      </trkpt>
      <trkpt lat="44.10586" lon="3.16859">
        <ele>544</ele>
        <time>2026-08-21T19:03:43+00:00</time>
      </trkpt>
      <trkpt lat="44.10583" lon="3.1686">
        <ele>544</ele>
        <time>2026-08-21T19:03:46+00:00</time>
      </trkpt>
      <trkpt lat="44.10573" lon="3.16862">
        <ele>542</ele>
        <time>2026-08-21T19:03:49+00:00</time>
      </trkpt>
      <trkpt lat="44.10571" lon="3.16863">
        <ele>542</ele>
        <time>2026-08-21T19:03:52+00:00</time>
      </trkpt>
      <trkpt lat="44.10569" lon="3.16863">
        <ele>544</ele>
        <time>2026-08-21T19:03:55+00:00</time>
      </trkpt>
      <trkpt lat="44.10567" lon="3.16859">
        <ele>550</ele>
        <time>2026-08-21T19:03:58+00:00</time>
      </trkpt>
      <trkpt lat="44.10565" lon="3.16858">
        <ele>550</ele>
        <time>2026-08-21T19:04:01+00:00</time>
      </trkpt>
      <trkpt lat="44.10558" lon="3.16859">
        <ele>552</ele>
        <time>2026-08-21T19:04:04+00:00</time>
      </trkpt>
      <trkpt lat="44.10556" lon="3.1686">
        <ele>552</ele>
        <time>2026-08-21T19:04:07+00:00</time>
      </trkpt>
      <trkpt lat="44.10555" lon="3.16858">
        <ele>552</ele>
        <time>2026-08-21T19:04:10+00:00</time>
      </trkpt>
      <trkpt lat="44.10553" lon="3.16858">
        <ele>552</ele>
        <time>2026-08-21T19:04:13+00:00</time>
      </trkpt>
      <trkpt lat="44.10551" lon="3.16856">
        <ele>552</ele>
        <time>2026-08-21T19:04:16+00:00</time>
      </trkpt>
      <trkpt lat="44.10543" lon="3.16856">
        <ele>556</ele>
        <time>2026-08-21T19:04:19+00:00</time>
      </trkpt>
      <trkpt lat="44.10542" lon="3.16857">
        <ele>556</ele>
        <time>2026-08-21T19:04:22+00:00</time>
      </trkpt>
      <trkpt lat="44.10539" lon="3.16856">
        <ele>565</ele>
        <time>2026-08-21T19:04:25+00:00</time>
      </trkpt>
      <trkpt lat="44.1054" lon="3.16853">
        <ele>556</ele>
        <time>2026-08-21T19:04:28+00:00</time>
      </trkpt>
      <trkpt lat="44.10539" lon="3.1685">
        <ele>565</ele>
        <time>2026-08-21T19:04:31+00:00</time>
      </trkpt>
      <trkpt lat="44.10533" lon="3.16854">
        <ele>565</ele>
        <time>2026-08-21T19:04:34+00:00</time>
      </trkpt>
      <trkpt lat="44.10524" lon="3.16856">
        <ele>569</ele>
        <time>2026-08-21T19:04:37+00:00</time>
      </trkpt>
      <trkpt lat="44.10517" lon="3.16857">
        <ele>573</ele>
        <time>2026-08-21T19:04:40+00:00</time>
      </trkpt>
      <trkpt lat="44.10504" lon="3.16861">
        <ele>572</ele>
        <time>2026-08-21T19:04:43+00:00</time>
      </trkpt>
      <trkpt lat="44.10499" lon="3.1686">
        <ele>571</ele>
        <time>2026-08-21T19:04:46+00:00</time>
      </trkpt>
      <trkpt lat="44.10495" lon="3.16858">
        <ele>575</ele>
        <time>2026-08-21T19:04:49+00:00</time>
      </trkpt>
      <trkpt lat="44.10491" lon="3.16853">
        <ele>575</ele>
        <time>2026-08-21T19:04:52+00:00</time>
      </trkpt>
      <trkpt lat="44.10489" lon="3.16851">
        <ele>572</ele>
        <time>2026-08-21T19:04:55+00:00</time>
      </trkpt>
      <trkpt lat="44.10474" lon="3.16837">
        <ele>576</ele>
        <time>2026-08-21T19:04:58+00:00</time>
      </trkpt>
      <trkpt lat="44.10458" lon="3.16823">
        <ele>580</ele>
        <time>2026-08-21T19:05:01+00:00</time>
      </trkpt>
      <trkpt lat="44.10451" lon="3.1682">
        <ele>585</ele>
        <time>2026-08-21T19:05:04+00:00</time>
      </trkpt>
      <trkpt lat="44.10449" lon="3.16818">
        <ele>586</ele>
        <time>2026-08-21T19:05:07+00:00</time>
      </trkpt>
      <trkpt lat="44.10447" lon="3.16818">
        <ele>586</ele>
        <time>2026-08-21T19:05:10+00:00</time>
      </trkpt>
      <trkpt lat="44.10445" lon="3.16819">
        <ele>586</ele>
        <time>2026-08-21T19:05:13+00:00</time>
      </trkpt>
      <trkpt lat="44.10442" lon="3.16817">
        <ele>586</ele>
        <time>2026-08-21T19:05:16+00:00</time>
      </trkpt>
      <trkpt lat="44.10436" lon="3.16816">
        <ele>586</ele>
        <time>2026-08-21T19:05:19+00:00</time>
      </trkpt>
      <trkpt lat="44.10426" lon="3.16808">
        <ele>593</ele>
        <time>2026-08-21T19:05:22+00:00</time>
      </trkpt>
      <trkpt lat="44.10424" lon="3.16806">
        <ele>593</ele>
        <time>2026-08-21T19:05:25+00:00</time>
      </trkpt>
      <trkpt lat="44.1042" lon="3.16803">
        <ele>593</ele>
        <time>2026-08-21T19:05:28+00:00</time>
      </trkpt>
      <trkpt lat="44.10419" lon="3.16801">
        <ele>593</ele>
        <time>2026-08-21T19:05:31+00:00</time>
      </trkpt>
      <trkpt lat="44.10418" lon="3.16798">
        <ele>600</ele>
        <time>2026-08-21T19:05:34+00:00</time>
      </trkpt>
      <trkpt lat="44.10417" lon="3.16796">
        <ele>600</ele>
        <time>2026-08-21T19:05:37+00:00</time>
      </trkpt>
      <trkpt lat="44.10418" lon="3.16793">
        <ele>600</ele>
        <time>2026-08-21T19:05:40+00:00</time>
      </trkpt>
      <trkpt lat="44.1042" lon="3.16791">
        <ele>600</ele>
        <time>2026-08-21T19:05:43+00:00</time>
      </trkpt>
      <trkpt lat="44.10427" lon="3.16792">
        <ele>601</ele>
        <time>2026-08-21T19:05:46+00:00</time>
      </trkpt>
      <trkpt lat="44.10432" lon="3.16788">
        <ele>611</ele>
        <time>2026-08-21T19:05:49+00:00</time>
      </trkpt>
      <trkpt lat="44.10435" lon="3.16784">
        <ele>611</ele>
        <time>2026-08-21T19:05:52+00:00</time>
      </trkpt>
      <trkpt lat="44.10439" lon="3.16782">
        <ele>611</ele>
        <time>2026-08-21T19:05:55+00:00</time>
      </trkpt>
      <trkpt lat="44.10441" lon="3.1678">
        <ele>606</ele>
        <time>2026-08-21T19:05:58+00:00</time>
      </trkpt>
      <trkpt lat="44.10444" lon="3.16781">
        <ele>606</ele>
        <time>2026-08-21T19:06:01+00:00</time>
      </trkpt>
      <trkpt lat="44.10447" lon="3.16779">
        <ele>612</ele>
        <time>2026-08-21T19:06:04+00:00</time>
      </trkpt>
      <trkpt lat="44.1045" lon="3.16775">
        <ele>612</ele>
        <time>2026-08-21T19:06:07+00:00</time>
      </trkpt>
      <trkpt lat="44.10455" lon="3.16772">
        <ele>608</ele>
        <time>2026-08-21T19:06:10+00:00</time>
      </trkpt>
      <trkpt lat="44.10462" lon="3.16769">
        <ele>612</ele>
        <time>2026-08-21T19:06:13+00:00</time>
      </trkpt>
      <trkpt lat="44.10466" lon="3.16768">
        <ele>612</ele>
        <time>2026-08-21T19:06:16+00:00</time>
      </trkpt>
      <trkpt lat="44.10469" lon="3.16766">
        <ele>612</ele>
        <time>2026-08-21T19:06:19+00:00</time>
      </trkpt>
      <trkpt lat="44.10474" lon="3.16768">
        <ele>612</ele>
        <time>2026-08-21T19:06:22+00:00</time>
      </trkpt>
      <trkpt lat="44.10482" lon="3.16769">
        <ele>614</ele>
        <time>2026-08-21T19:06:25+00:00</time>
      </trkpt>
      <trkpt lat="44.10487" lon="3.16766">
        <ele>614</ele>
        <time>2026-08-21T19:06:28+00:00</time>
      </trkpt>
      <trkpt lat="44.10489" lon="3.16764">
        <ele>612</ele>
        <time>2026-08-21T19:06:31+00:00</time>
      </trkpt>
      <trkpt lat="44.10492" lon="3.16761">
        <ele>612</ele>
        <time>2026-08-21T19:06:34+00:00</time>
      </trkpt>
      <trkpt lat="44.10501" lon="3.16756">
        <ele>614</ele>
        <time>2026-08-21T19:06:37+00:00</time>
      </trkpt>
      <trkpt lat="44.10505" lon="3.16755">
        <ele>614</ele>
        <time>2026-08-21T19:06:40+00:00</time>
      </trkpt>
      <trkpt lat="44.1051" lon="3.16752">
        <ele>613</ele>
        <time>2026-08-21T19:06:43+00:00</time>
      </trkpt>
      <trkpt lat="44.10516" lon="3.16745">
        <ele>621</ele>
        <time>2026-08-21T19:06:46+00:00</time>
      </trkpt>
      <trkpt lat="44.10517" lon="3.16741">
        <ele>621</ele>
        <time>2026-08-21T19:06:49+00:00</time>
      </trkpt>
      <trkpt lat="44.1052" lon="3.16736">
        <ele>620</ele>
        <time>2026-08-21T19:06:52+00:00</time>
      </trkpt>
      <trkpt lat="44.10521" lon="3.16732">
        <ele>620</ele>
        <time>2026-08-21T19:06:55+00:00</time>
      </trkpt>
      <trkpt lat="44.10524" lon="3.16728">
        <ele>624</ele>
        <time>2026-08-21T19:06:58+00:00</time>
      </trkpt>
      <trkpt lat="44.10528" lon="3.1672">
        <ele>630</ele>
        <time>2026-08-21T19:07:01+00:00</time>
      </trkpt>
      <trkpt lat="44.10529" lon="3.16717">
        <ele>630</ele>
        <time>2026-08-21T19:07:04+00:00</time>
      </trkpt>
      <trkpt lat="44.10536" lon="3.16711">
        <ele>625</ele>
        <time>2026-08-21T19:07:07+00:00</time>
      </trkpt>
      <trkpt lat="44.10537" lon="3.16708">
        <ele>626</ele>
        <time>2026-08-21T19:07:10+00:00</time>
      </trkpt>
      <trkpt lat="44.10538" lon="3.16705">
        <ele>624</ele>
        <time>2026-08-21T19:07:13+00:00</time>
      </trkpt>
      <trkpt lat="44.10536" lon="3.16701">
        <ele>626</ele>
        <time>2026-08-21T19:07:16+00:00</time>
      </trkpt>
      <trkpt lat="44.10533" lon="3.16696">
        <ele>625</ele>
        <time>2026-08-21T19:07:19+00:00</time>
      </trkpt>
      <trkpt lat="44.10525" lon="3.16677">
        <ele>624</ele>
        <time>2026-08-21T19:07:22+00:00</time>
      </trkpt>
      <trkpt lat="44.10523" lon="3.16669">
        <ele>622</ele>
        <time>2026-08-21T19:07:25+00:00</time>
      </trkpt>
      <trkpt lat="44.10522" lon="3.16655">
        <ele>621</ele>
        <time>2026-08-21T19:07:28+00:00</time>
      </trkpt>
      <trkpt lat="44.10519" lon="3.16645">
        <ele>622</ele>
        <time>2026-08-21T19:07:31+00:00</time>
      </trkpt>
      <trkpt lat="44.10513" lon="3.1663">
        <ele>620</ele>
        <time>2026-08-21T19:07:34+00:00</time>
      </trkpt>
      <trkpt lat="44.10513" lon="3.16626">
        <ele>620</ele>
        <time>2026-08-21T19:07:37+00:00</time>
      </trkpt>
      <trkpt lat="44.10513" lon="3.16612">
        <ele>626</ele>
        <time>2026-08-21T19:07:40+00:00</time>
      </trkpt>
      <trkpt lat="44.10512" lon="3.16605">
        <ele>620</ele>
        <time>2026-08-21T19:07:43+00:00</time>
      </trkpt>
      <trkpt lat="44.10512" lon="3.16598">
        <ele>620</ele>
        <time>2026-08-21T19:07:46+00:00</time>
      </trkpt>
      <trkpt lat="44.10512" lon="3.16594">
        <ele>620</ele>
        <time>2026-08-21T19:07:49+00:00</time>
      </trkpt>
      <trkpt lat="44.10512" lon="3.1659">
        <ele>620</ele>
        <time>2026-08-21T19:07:52+00:00</time>
      </trkpt>
      <trkpt lat="44.10507" lon="3.16584">
        <ele>630</ele>
        <time>2026-08-21T19:07:55+00:00</time>
      </trkpt>
      <trkpt lat="44.10507" lon="3.16581">
        <ele>630</ele>
        <time>2026-08-21T19:07:58+00:00</time>
      </trkpt>
      <trkpt lat="44.10506" lon="3.16579">
        <ele>627</ele>
        <time>2026-08-21T19:08:01+00:00</time>
      </trkpt>
      <trkpt lat="44.10504" lon="3.16577">
        <ele>627</ele>
        <time>2026-08-21T19:08:04+00:00</time>
      </trkpt>
      <trkpt lat="44.10501" lon="3.16571">
        <ele>627</ele>
        <time>2026-08-21T19:08:07+00:00</time>
      </trkpt>
      <trkpt lat="44.10499" lon="3.1657">
        <ele>637</ele>
        <time>2026-08-21T19:08:10+00:00</time>
      </trkpt>
      <trkpt lat="44.10499" lon="3.16562">
        <ele>637</ele>
        <time>2026-08-21T19:08:13+00:00</time>
      </trkpt>
      <trkpt lat="44.10499" lon="3.1656">
        <ele>631</ele>
        <time>2026-08-21T19:08:16+00:00</time>
      </trkpt>
      <trkpt lat="44.105" lon="3.16558">
        <ele>631</ele>
        <time>2026-08-21T19:08:19+00:00</time>
      </trkpt>
      <trkpt lat="44.10507" lon="3.16544">
        <ele>634</ele>
        <time>2026-08-21T19:08:22+00:00</time>
      </trkpt>
      <trkpt lat="44.10519" lon="3.16533">
        <ele>632</ele>
        <time>2026-08-21T19:08:25+00:00</time>
      </trkpt>
      <trkpt lat="44.10523" lon="3.16524">
        <ele>632</ele>
        <time>2026-08-21T19:08:28+00:00</time>
      </trkpt>
      <trkpt lat="44.10524" lon="3.1652">
        <ele>632</ele>
        <time>2026-08-21T19:08:31+00:00</time>
      </trkpt>
      <trkpt lat="44.10527" lon="3.16515">
        <ele>635</ele>
        <time>2026-08-21T19:08:34+00:00</time>
      </trkpt>
      <trkpt lat="44.10529" lon="3.16512">
        <ele>635</ele>
        <time>2026-08-21T19:08:37+00:00</time>
      </trkpt>
      <trkpt lat="44.10531" lon="3.16506">
        <ele>638</ele>
        <time>2026-08-21T19:08:40+00:00</time>
      </trkpt>
      <trkpt lat="44.10534" lon="3.16501">
        <ele>638</ele>
        <time>2026-08-21T19:08:43+00:00</time>
      </trkpt>
      <trkpt lat="44.10538" lon="3.16498">
        <ele>652</ele>
        <time>2026-08-21T19:08:46+00:00</time>
      </trkpt>
      <trkpt lat="44.10539" lon="3.16494">
        <ele>652</ele>
        <time>2026-08-21T19:08:49+00:00</time>
      </trkpt>
      <trkpt lat="44.10544" lon="3.16491">
        <ele>635</ele>
        <time>2026-08-21T19:08:52+00:00</time>
      </trkpt>
      <trkpt lat="44.10549" lon="3.16484">
        <ele>638</ele>
        <time>2026-08-21T19:08:55+00:00</time>
      </trkpt>
      <trkpt lat="44.10562" lon="3.16477">
        <ele>641</ele>
        <time>2026-08-21T19:08:58+00:00</time>
      </trkpt>
      <trkpt lat="44.10566" lon="3.16476">
        <ele>641</ele>
        <time>2026-08-21T19:09:01+00:00</time>
      </trkpt>
      <trkpt lat="44.10571" lon="3.16472">
        <ele>638</ele>
        <time>2026-08-21T19:09:04+00:00</time>
      </trkpt>
      <trkpt lat="44.10572" lon="3.16469">
        <ele>641</ele>
        <time>2026-08-21T19:09:07+00:00</time>
      </trkpt>
      <trkpt lat="44.10576" lon="3.1646">
        <ele>641</ele>
        <time>2026-08-21T19:09:10+00:00</time>
      </trkpt>
      <trkpt lat="44.10578" lon="3.16452">
        <ele>641</ele>
        <time>2026-08-21T19:09:13+00:00</time>
      </trkpt>
      <trkpt lat="44.10579" lon="3.16449">
        <ele>640</ele>
        <time>2026-08-21T19:09:16+00:00</time>
      </trkpt>
      <trkpt lat="44.10577" lon="3.16436">
        <ele>638</ele>
        <time>2026-08-21T19:09:19+00:00</time>
      </trkpt>
      <trkpt lat="44.1057" lon="3.16423">
        <ele>636</ele>
        <time>2026-08-21T19:09:22+00:00</time>
      </trkpt>
      <trkpt lat="44.10567" lon="3.16418">
        <ele>638</ele>
        <time>2026-08-21T19:09:25+00:00</time>
      </trkpt>
      <trkpt lat="44.10563" lon="3.16404">
        <ele>635</ele>
        <time>2026-08-21T19:09:28+00:00</time>
      </trkpt>
      <trkpt lat="44.10562" lon="3.164">
        <ele>632</ele>
        <time>2026-08-21T19:09:31+00:00</time>
      </trkpt>
      <trkpt lat="44.10553" lon="3.16392">
        <ele>634</ele>
        <time>2026-08-21T19:09:34+00:00</time>
      </trkpt>
      <trkpt lat="44.10552" lon="3.1639">
        <ele>634</ele>
        <time>2026-08-21T19:09:37+00:00</time>
      </trkpt>
      <trkpt lat="44.1055" lon="3.16385">
        <ele>626</ele>
        <time>2026-08-21T19:09:40+00:00</time>
      </trkpt>
      <trkpt lat="44.10548" lon="3.16383">
        <ele>632</ele>
        <time>2026-08-21T19:09:43+00:00</time>
      </trkpt>
      <trkpt lat="44.10544" lon="3.16379">
        <ele>624</ele>
        <time>2026-08-21T19:09:46+00:00</time>
      </trkpt>
      <trkpt lat="44.10534" lon="3.16368">
        <ele>630</ele>
        <time>2026-08-21T19:09:49+00:00</time>
      </trkpt>
      <trkpt lat="44.10532" lon="3.16364">
        <ele>630</ele>
        <time>2026-08-21T19:09:52+00:00</time>
      </trkpt>
      <trkpt lat="44.10529" lon="3.16354">
        <ele>629</ele>
        <time>2026-08-21T19:09:55+00:00</time>
      </trkpt>
      <trkpt lat="44.10527" lon="3.16351">
        <ele>629</ele>
        <time>2026-08-21T19:09:58+00:00</time>
      </trkpt>
      <trkpt lat="44.10524" lon="3.16349">
        <ele>625</ele>
        <time>2026-08-21T19:10:01+00:00</time>
      </trkpt>
      <trkpt lat="44.10521" lon="3.1635">
        <ele>625</ele>
        <time>2026-08-21T19:10:04+00:00</time>
      </trkpt>
      <trkpt lat="44.10517" lon="3.16354">
        <ele>631</ele>
        <time>2026-08-21T19:10:07+00:00</time>
      </trkpt>
      <trkpt lat="44.10516" lon="3.16357">
        <ele>629</ele>
        <time>2026-08-21T19:10:10+00:00</time>
      </trkpt>
      <trkpt lat="44.10515" lon="3.16359">
        <ele>629</ele>
        <time>2026-08-21T19:10:13+00:00</time>
      </trkpt>
      <trkpt lat="44.10503" lon="3.16363">
        <ele>632</ele>
        <time>2026-08-21T19:10:16+00:00</time>
      </trkpt>
      <trkpt lat="44.10491" lon="3.16363">
        <ele>632</ele>
        <time>2026-08-21T19:10:19+00:00</time>
      </trkpt>
      <trkpt lat="44.10479" lon="3.16365">
        <ele>628</ele>
        <time>2026-08-21T19:10:22+00:00</time>
      </trkpt>
      <trkpt lat="44.10476" lon="3.16366">
        <ele>628</ele>
        <time>2026-08-21T19:10:25+00:00</time>
      </trkpt>
      <trkpt lat="44.10474" lon="3.1637">
        <ele>634</ele>
        <time>2026-08-21T19:10:28+00:00</time>
      </trkpt>
      <trkpt lat="44.10467" lon="3.16371">
        <ele>632</ele>
        <time>2026-08-21T19:10:31+00:00</time>
      </trkpt>
      <trkpt lat="44.10464" lon="3.16372">
        <ele>632</ele>
        <time>2026-08-21T19:10:34+00:00</time>
      </trkpt>
      <trkpt lat="44.10459" lon="3.16376">
        <ele>631</ele>
        <time>2026-08-21T19:10:37+00:00</time>
      </trkpt>
      <trkpt lat="44.10443" lon="3.1638">
        <ele>631</ele>
        <time>2026-08-21T19:10:40+00:00</time>
      </trkpt>
      <trkpt lat="44.10437" lon="3.16383">
        <ele>631</ele>
        <time>2026-08-21T19:10:43+00:00</time>
      </trkpt>
      <trkpt lat="44.10434" lon="3.16386">
        <ele>631</ele>
        <time>2026-08-21T19:10:46+00:00</time>
      </trkpt>
      <trkpt lat="44.10431" lon="3.16386">
        <ele>631</ele>
        <time>2026-08-21T19:10:49+00:00</time>
      </trkpt>
      <trkpt lat="44.10425" lon="3.16384">
        <ele>630</ele>
        <time>2026-08-21T19:10:52+00:00</time>
      </trkpt>
      <trkpt lat="44.10423" lon="3.16382">
        <ele>632</ele>
        <time>2026-08-21T19:10:55+00:00</time>
      </trkpt>
      <trkpt lat="44.10418" lon="3.16378">
        <ele>627</ele>
        <time>2026-08-21T19:10:58+00:00</time>
      </trkpt>
      <trkpt lat="44.1041" lon="3.16378">
        <ele>633</ele>
        <time>2026-08-21T19:11:01+00:00</time>
      </trkpt>
      <trkpt lat="44.10403" lon="3.16375">
        <ele>633</ele>
        <time>2026-08-21T19:11:04+00:00</time>
      </trkpt>
      <trkpt lat="44.10392" lon="3.16365">
        <ele>634</ele>
        <time>2026-08-21T19:11:07+00:00</time>
      </trkpt>
      <trkpt lat="44.10386" lon="3.16362">
        <ele>634</ele>
        <time>2026-08-21T19:11:10+00:00</time>
      </trkpt>
      <trkpt lat="44.10382" lon="3.16358">
        <ele>635</ele>
        <time>2026-08-21T19:11:13+00:00</time>
      </trkpt>
      <trkpt lat="44.10369" lon="3.16351">
        <ele>661</ele>
        <time>2026-08-21T19:11:16+00:00</time>
      </trkpt>
      <trkpt lat="44.10363" lon="3.16347">
        <ele>636</ele>
        <time>2026-08-21T19:11:19+00:00</time>
      </trkpt>
      <trkpt lat="44.10358" lon="3.16345">
        <ele>649</ele>
        <time>2026-08-21T19:11:22+00:00</time>
      </trkpt>
      <trkpt lat="44.10337" lon="3.16342">
        <ele>649</ele>
        <time>2026-08-21T19:11:25+00:00</time>
      </trkpt>
      <trkpt lat="44.10325" lon="3.16341">
        <ele>669</ele>
        <time>2026-08-21T19:11:28+00:00</time>
      </trkpt>
      <trkpt lat="44.10322" lon="3.16341">
        <ele>669</ele>
        <time>2026-08-21T19:11:31+00:00</time>
      </trkpt>
      <trkpt lat="44.10317" lon="3.16344">
        <ele>640</ele>
        <time>2026-08-21T19:11:34+00:00</time>
      </trkpt>
      <trkpt lat="44.10313" lon="3.16346">
        <ele>662</ele>
        <time>2026-08-21T19:11:37+00:00</time>
      </trkpt>
      <trkpt lat="44.10302" lon="3.16355">
        <ele>659</ele>
        <time>2026-08-21T19:11:40+00:00</time>
      </trkpt>
      <trkpt lat="44.10299" lon="3.16357">
        <ele>631</ele>
        <time>2026-08-21T19:11:43+00:00</time>
      </trkpt>
      <trkpt lat="44.10295" lon="3.16357">
        <ele>631</ele>
        <time>2026-08-21T19:11:46+00:00</time>
      </trkpt>
      <trkpt lat="44.1029" lon="3.16359">
        <ele>631</ele>
        <time>2026-08-21T19:11:49+00:00</time>
      </trkpt>
      <trkpt lat="44.10278" lon="3.16367">
        <ele>627</ele>
        <time>2026-08-21T19:11:52+00:00</time>
      </trkpt>
      <trkpt lat="44.10272" lon="3.16367">
        <ele>627</ele>
        <time>2026-08-21T19:11:55+00:00</time>
      </trkpt>
      <trkpt lat="44.1027" lon="3.16365">
        <ele>627</ele>
        <time>2026-08-21T19:11:58+00:00</time>
      </trkpt>
      <trkpt lat="44.10264" lon="3.16362">
        <ele>625</ele>
        <time>2026-08-21T19:12:01+00:00</time>
      </trkpt>
      <trkpt lat="44.10264" lon="3.1636">
        <ele>621</ele>
        <time>2026-08-21T19:12:04+00:00</time>
      </trkpt>
      <trkpt lat="44.10253" lon="3.16361">
        <ele>624</ele>
        <time>2026-08-21T19:12:07+00:00</time>
      </trkpt>
      <trkpt lat="44.10247" lon="3.16357">
        <ele>622</ele>
        <time>2026-08-21T19:12:10+00:00</time>
      </trkpt>
      <trkpt lat="44.1024" lon="3.16354">
        <ele>626</ele>
        <time>2026-08-21T19:12:13+00:00</time>
      </trkpt>
      <trkpt lat="44.10232" lon="3.16349">
        <ele>621</ele>
        <time>2026-08-21T19:12:16+00:00</time>
      </trkpt>
      <trkpt lat="44.10224" lon="3.16341">
        <ele>628</ele>
        <time>2026-08-21T19:12:19+00:00</time>
      </trkpt>
      <trkpt lat="44.10218" lon="3.16338">
        <ele>625</ele>
        <time>2026-08-21T19:12:22+00:00</time>
      </trkpt>
      <trkpt lat="44.10215" lon="3.16335">
        <ele>625</ele>
        <time>2026-08-21T19:12:25+00:00</time>
      </trkpt>
      <trkpt lat="44.10207" lon="3.16329">
        <ele>623</ele>
        <time>2026-08-21T19:12:28+00:00</time>
      </trkpt>
      <trkpt lat="44.10201" lon="3.16327">
        <ele>619</ele>
        <time>2026-08-21T19:12:31+00:00</time>
      </trkpt>
      <trkpt lat="44.10193" lon="3.16325">
        <ele>622</ele>
        <time>2026-08-21T19:12:34+00:00</time>
      </trkpt>
      <trkpt lat="44.1019" lon="3.16323">
        <ele>626</ele>
        <time>2026-08-21T19:12:37+00:00</time>
      </trkpt>
      <trkpt lat="44.10187" lon="3.16323">
        <ele>624</ele>
        <time>2026-08-21T19:12:40+00:00</time>
      </trkpt>
      <trkpt lat="44.10184" lon="3.16322">
        <ele>626</ele>
        <time>2026-08-21T19:12:43+00:00</time>
      </trkpt>
      <trkpt lat="44.10181" lon="3.16319">
        <ele>623</ele>
        <time>2026-08-21T19:12:46+00:00</time>
      </trkpt>
      <trkpt lat="44.10178" lon="3.16311">
        <ele>627</ele>
        <time>2026-08-21T19:12:49+00:00</time>
      </trkpt>
      <trkpt lat="44.10171" lon="3.16302">
        <ele>625</ele>
        <time>2026-08-21T19:12:52+00:00</time>
      </trkpt>
      <trkpt lat="44.10167" lon="3.16298">
        <ele>630</ele>
        <time>2026-08-21T19:12:55+00:00</time>
      </trkpt>
      <trkpt lat="44.10165" lon="3.16297">
        <ele>630</ele>
        <time>2026-08-21T19:12:58+00:00</time>
      </trkpt>
      <trkpt lat="44.10164" lon="3.16295">
        <ele>630</ele>
        <time>2026-08-21T19:13:01+00:00</time>
      </trkpt>
      <trkpt lat="44.10161" lon="3.16293">
        <ele>630</ele>
        <time>2026-08-21T19:13:04+00:00</time>
      </trkpt>
      <trkpt lat="44.10156" lon="3.16291">
        <ele>637</ele>
        <time>2026-08-21T19:13:07+00:00</time>
      </trkpt>
      <trkpt lat="44.1015" lon="3.16286">
        <ele>624</ele>
        <time>2026-08-21T19:13:10+00:00</time>
      </trkpt>
      <trkpt lat="44.10148" lon="3.16281">
        <ele>635</ele>
        <time>2026-08-21T19:13:13+00:00</time>
      </trkpt>
      <trkpt lat="44.10144" lon="3.16276">
        <ele>629</ele>
        <time>2026-08-21T19:13:16+00:00</time>
      </trkpt>
      <trkpt lat="44.1014" lon="3.16273">
        <ele>629</ele>
        <time>2026-08-21T19:13:19+00:00</time>
      </trkpt>
      <trkpt lat="44.10139" lon="3.16269">
        <ele>624</ele>
        <time>2026-08-21T19:13:22+00:00</time>
      </trkpt>
      <trkpt lat="44.10138" lon="3.16266">
        <ele>624</ele>
        <time>2026-08-21T19:13:25+00:00</time>
      </trkpt>
      <trkpt lat="44.10133" lon="3.1626">
        <ele>624</ele>
        <time>2026-08-21T19:13:28+00:00</time>
      </trkpt>
      <trkpt lat="44.10126" lon="3.16257">
        <ele>622</ele>
        <time>2026-08-21T19:13:31+00:00</time>
      </trkpt>
      <trkpt lat="44.10118" lon="3.16256">
        <ele>623</ele>
        <time>2026-08-21T19:13:34+00:00</time>
      </trkpt>
      <trkpt lat="44.10112" lon="3.16253">
        <ele>623</ele>
        <time>2026-08-21T19:13:37+00:00</time>
      </trkpt>
      <trkpt lat="44.1011" lon="3.16252">
        <ele>623</ele>
        <time>2026-08-21T19:13:40+00:00</time>
      </trkpt>
      <trkpt lat="44.10108" lon="3.16249">
        <ele>620</ele>
        <time>2026-08-21T19:13:43+00:00</time>
      </trkpt>
      <trkpt lat="44.10103" lon="3.16245">
        <ele>620</ele>
        <time>2026-08-21T19:13:46+00:00</time>
      </trkpt>
      <trkpt lat="44.10093" lon="3.1624">
        <ele>615</ele>
        <time>2026-08-21T19:13:49+00:00</time>
      </trkpt>
      <trkpt lat="44.1009" lon="3.1624">
        <ele>615</ele>
        <time>2026-08-21T19:13:52+00:00</time>
      </trkpt>
      <trkpt lat="44.10085" lon="3.16241">
        <ele>617</ele>
        <time>2026-08-21T19:13:55+00:00</time>
      </trkpt>
      <trkpt lat="44.10077" lon="3.16239">
        <ele>608</ele>
        <time>2026-08-21T19:13:58+00:00</time>
      </trkpt>
      <trkpt lat="44.10072" lon="3.1624">
        <ele>614</ele>
        <time>2026-08-21T19:14:01+00:00</time>
      </trkpt>
      <trkpt lat="44.10069" lon="3.16244">
        <ele>609</ele>
        <time>2026-08-21T19:14:04+00:00</time>
      </trkpt>
      <trkpt lat="44.10065" lon="3.1625">
        <ele>609</ele>
        <time>2026-08-21T19:14:07+00:00</time>
      </trkpt>
      <trkpt lat="44.1006" lon="3.16255">
        <ele>614</ele>
        <time>2026-08-21T19:14:10+00:00</time>
      </trkpt>
      <trkpt lat="44.10056" lon="3.16256">
        <ele>614</ele>
        <time>2026-08-21T19:14:13+00:00</time>
      </trkpt>
      <trkpt lat="44.10051" lon="3.16257">
        <ele>613</ele>
        <time>2026-08-21T19:14:16+00:00</time>
      </trkpt>
      <trkpt lat="44.10047" lon="3.16259">
        <ele>613</ele>
        <time>2026-08-21T19:14:19+00:00</time>
      </trkpt>
      <trkpt lat="44.10043" lon="3.16261">
        <ele>617</ele>
        <time>2026-08-21T19:14:22+00:00</time>
      </trkpt>
      <trkpt lat="44.10035" lon="3.16258">
        <ele>615</ele>
        <time>2026-08-21T19:14:25+00:00</time>
      </trkpt>
      <trkpt lat="44.1002" lon="3.16254">
        <ele>619</ele>
        <time>2026-08-21T19:14:28+00:00</time>
      </trkpt>
      <trkpt lat="44.10012" lon="3.16248">
        <ele>616</ele>
        <time>2026-08-21T19:14:31+00:00</time>
      </trkpt>
      <trkpt lat="44.10006" lon="3.16245">
        <ele>617</ele>
        <time>2026-08-21T19:14:34+00:00</time>
      </trkpt>
      <trkpt lat="44.10003" lon="3.16245">
        <ele>617</ele>
        <time>2026-08-21T19:14:37+00:00</time>
      </trkpt>
      <trkpt lat="44.10001" lon="3.16246">
        <ele>617</ele>
        <time>2026-08-21T19:14:40+00:00</time>
      </trkpt>
      <trkpt lat="44.09996" lon="3.16246">
        <ele>617</ele>
        <time>2026-08-21T19:14:43+00:00</time>
      </trkpt>
      <trkpt lat="44.09988" lon="3.16245">
        <ele>616</ele>
        <time>2026-08-21T19:14:46+00:00</time>
      </trkpt>
      <trkpt lat="44.09982" lon="3.16246">
        <ele>618</ele>
        <time>2026-08-21T19:14:49+00:00</time>
      </trkpt>
      <trkpt lat="44.09976" lon="3.16245">
        <ele>618</ele>
        <time>2026-08-21T19:14:52+00:00</time>
      </trkpt>
      <trkpt lat="44.09957" lon="3.16248">
        <ele>616</ele>
        <time>2026-08-21T19:14:55+00:00</time>
      </trkpt>
      <trkpt lat="44.09944" lon="3.16247">
        <ele>613</ele>
        <time>2026-08-21T19:14:58+00:00</time>
      </trkpt>
      <trkpt lat="44.0994" lon="3.16247">
        <ele>613</ele>
        <time>2026-08-21T19:15:01+00:00</time>
      </trkpt>
      <trkpt lat="44.09933" lon="3.16253">
        <ele>615</ele>
        <time>2026-08-21T19:15:04+00:00</time>
      </trkpt>
      <trkpt lat="44.09912" lon="3.16261">
        <ele>613</ele>
        <time>2026-08-21T19:15:07+00:00</time>
      </trkpt>
      <trkpt lat="44.09906" lon="3.16264">
        <ele>610</ele>
        <time>2026-08-21T19:15:10+00:00</time>
      </trkpt>
      <trkpt lat="44.09904" lon="3.16267">
        <ele>610</ele>
        <time>2026-08-21T19:15:13+00:00</time>
      </trkpt>
      <trkpt lat="44.09895" lon="3.16279">
        <ele>612</ele>
        <time>2026-08-21T19:15:16+00:00</time>
      </trkpt>
      <trkpt lat="44.09892" lon="3.16286">
        <ele>614</ele>
        <time>2026-08-21T19:15:19+00:00</time>
      </trkpt>
      <trkpt lat="44.09888" lon="3.16301">
        <ele>612</ele>
        <time>2026-08-21T19:15:22+00:00</time>
      </trkpt>
      <trkpt lat="44.09887" lon="3.16304">
        <ele>612</ele>
        <time>2026-08-21T19:15:25+00:00</time>
      </trkpt>
      <trkpt lat="44.09886" lon="3.1631">
        <ele>612</ele>
        <time>2026-08-21T19:15:28+00:00</time>
      </trkpt>
      <trkpt lat="44.09883" lon="3.16311">
        <ele>614</ele>
        <time>2026-08-21T19:15:31+00:00</time>
      </trkpt>
      <trkpt lat="44.09873" lon="3.16325">
        <ele>610</ele>
        <time>2026-08-21T19:15:34+00:00</time>
      </trkpt>
      <trkpt lat="44.09871" lon="3.16329">
        <ele>610</ele>
        <time>2026-08-21T19:15:37+00:00</time>
      </trkpt>
      <trkpt lat="44.09866" lon="3.1634">
        <ele>610</ele>
        <time>2026-08-21T19:15:40+00:00</time>
      </trkpt>
      <trkpt lat="44.09862" lon="3.16347">
        <ele>610</ele>
        <time>2026-08-21T19:15:43+00:00</time>
      </trkpt>
      <trkpt lat="44.0986" lon="3.16349">
        <ele>610</ele>
        <time>2026-08-21T19:15:46+00:00</time>
      </trkpt>
      <trkpt lat="44.09852" lon="3.16352">
        <ele>615</ele>
        <time>2026-08-21T19:15:49+00:00</time>
      </trkpt>
      <trkpt lat="44.09845" lon="3.16351">
        <ele>615</ele>
        <time>2026-08-21T19:15:52+00:00</time>
      </trkpt>
      <trkpt lat="44.0984" lon="3.16352">
        <ele>611</ele>
        <time>2026-08-21T19:15:55+00:00</time>
      </trkpt>
      <trkpt lat="44.09825" lon="3.16348">
        <ele>612</ele>
        <time>2026-08-21T19:15:58+00:00</time>
      </trkpt>
      <trkpt lat="44.09808" lon="3.16347">
        <ele>613</ele>
        <time>2026-08-21T19:16:01+00:00</time>
      </trkpt>
      <trkpt lat="44.09803" lon="3.16345">
        <ele>613</ele>
        <time>2026-08-21T19:16:04+00:00</time>
      </trkpt>
      <trkpt lat="44.09797" lon="3.16342">
        <ele>615</ele>
        <time>2026-08-21T19:16:07+00:00</time>
      </trkpt>
      <trkpt lat="44.09788" lon="3.16336">
        <ele>613</ele>
        <time>2026-08-21T19:16:10+00:00</time>
      </trkpt>
      <trkpt lat="44.0978" lon="3.16328">
        <ele>606</ele>
        <time>2026-08-21T19:16:13+00:00</time>
      </trkpt>
      <trkpt lat="44.09777" lon="3.16327">
        <ele>606</ele>
        <time>2026-08-21T19:16:16+00:00</time>
      </trkpt>
      <trkpt lat="44.09758" lon="3.16324">
        <ele>610</ele>
        <time>2026-08-21T19:16:19+00:00</time>
      </trkpt>
      <trkpt lat="44.09737" lon="3.16321">
        <ele>608</ele>
        <time>2026-08-21T19:16:22+00:00</time>
      </trkpt>
      <trkpt lat="44.09733" lon="3.16321">
        <ele>608</ele>
        <time>2026-08-21T19:16:25+00:00</time>
      </trkpt>
      <trkpt lat="44.09724" lon="3.16323">
        <ele>608</ele>
        <time>2026-08-21T19:16:28+00:00</time>
      </trkpt>
      <trkpt lat="44.09715" lon="3.16324">
        <ele>607</ele>
        <time>2026-08-21T19:16:31+00:00</time>
      </trkpt>
      <trkpt lat="44.09707" lon="3.16323">
        <ele>605</ele>
        <time>2026-08-21T19:16:34+00:00</time>
      </trkpt>
      <trkpt lat="44.097" lon="3.16325">
        <ele>605</ele>
        <time>2026-08-21T19:16:37+00:00</time>
      </trkpt>
      <trkpt lat="44.09697" lon="3.16326">
        <ele>602</ele>
        <time>2026-08-21T19:16:40+00:00</time>
      </trkpt>
      <trkpt lat="44.09692" lon="3.16331">
        <ele>604</ele>
        <time>2026-08-21T19:16:43+00:00</time>
      </trkpt>
      <trkpt lat="44.09685" lon="3.16343">
        <ele>598</ele>
        <time>2026-08-21T19:16:46+00:00</time>
      </trkpt>
      <trkpt lat="44.09683" lon="3.16349">
        <ele>598</ele>
        <time>2026-08-21T19:16:49+00:00</time>
      </trkpt>
      <trkpt lat="44.09674" lon="3.16361">
        <ele>597</ele>
        <time>2026-08-21T19:16:52+00:00</time>
      </trkpt>
      <trkpt lat="44.09671" lon="3.16367">
        <ele>597</ele>
        <time>2026-08-21T19:16:55+00:00</time>
      </trkpt>
      <trkpt lat="44.09666" lon="3.1638">
        <ele>593</ele>
        <time>2026-08-21T19:16:58+00:00</time>
      </trkpt>
      <trkpt lat="44.09665" lon="3.16387">
        <ele>593</ele>
        <time>2026-08-21T19:17:01+00:00</time>
      </trkpt>
      <trkpt lat="44.09665" lon="3.16397">
        <ele>593</ele>
        <time>2026-08-21T19:17:04+00:00</time>
      </trkpt>
      <trkpt lat="44.09663" lon="3.16402">
        <ele>593</ele>
        <time>2026-08-21T19:17:07+00:00</time>
      </trkpt>
      <trkpt lat="44.09659" lon="3.16409">
        <ele>585</ele>
        <time>2026-08-21T19:17:10+00:00</time>
      </trkpt>
      <trkpt lat="44.09651" lon="3.16415">
        <ele>586</ele>
        <time>2026-08-21T19:17:13+00:00</time>
      </trkpt>
      <trkpt lat="44.09646" lon="3.16418">
        <ele>582</ele>
        <time>2026-08-21T19:17:16+00:00</time>
      </trkpt>
      <trkpt lat="44.09639" lon="3.16417">
        <ele>579</ele>
        <time>2026-08-21T19:17:19+00:00</time>
      </trkpt>
      <trkpt lat="44.09634" lon="3.16418">
        <ele>579</ele>
        <time>2026-08-21T19:17:22+00:00</time>
      </trkpt>
      <trkpt lat="44.09634" lon="3.16415">
        <ele>579</ele>
        <time>2026-08-21T19:17:25+00:00</time>
      </trkpt>
      <trkpt lat="44.09638" lon="3.16409">
        <ele>575</ele>
        <time>2026-08-21T19:17:28+00:00</time>
      </trkpt>
      <trkpt lat="44.09641" lon="3.16405">
        <ele>579</ele>
        <time>2026-08-21T19:17:31+00:00</time>
      </trkpt>
      <trkpt lat="44.09644" lon="3.16398">
        <ele>578</ele>
        <time>2026-08-21T19:17:34+00:00</time>
      </trkpt>
      <trkpt lat="44.09645" lon="3.16396">
        <ele>578</ele>
        <time>2026-08-21T19:17:37+00:00</time>
      </trkpt>
      <trkpt lat="44.09645" lon="3.16392">
        <ele>578</ele>
        <time>2026-08-21T19:17:40+00:00</time>
      </trkpt>
      <trkpt lat="44.09645" lon="3.16387">
        <ele>575</ele>
        <time>2026-08-21T19:17:43+00:00</time>
      </trkpt>
      <trkpt lat="44.09645" lon="3.16384">
        <ele>575</ele>
        <time>2026-08-21T19:17:46+00:00</time>
      </trkpt>
      <trkpt lat="44.09644" lon="3.16378">
        <ele>574</ele>
        <time>2026-08-21T19:17:49+00:00</time>
      </trkpt>
      <trkpt lat="44.09642" lon="3.16377">
        <ele>574</ele>
        <time>2026-08-21T19:17:52+00:00</time>
      </trkpt>
      <trkpt lat="44.0964" lon="3.16378">
        <ele>568</ele>
        <time>2026-08-21T19:17:55+00:00</time>
      </trkpt>
      <trkpt lat="44.09638" lon="3.1638">
        <ele>568</ele>
        <time>2026-08-21T19:17:58+00:00</time>
      </trkpt>
      <trkpt lat="44.09636" lon="3.1638">
        <ele>570</ele>
        <time>2026-08-21T19:18:01+00:00</time>
      </trkpt>
      <trkpt lat="44.09632" lon="3.16379">
        <ele>568</ele>
        <time>2026-08-21T19:18:04+00:00</time>
      </trkpt>
      <trkpt lat="44.09627" lon="3.16374">
        <ele>564</ele>
        <time>2026-08-21T19:18:07+00:00</time>
      </trkpt>
      <trkpt lat="44.09627" lon="3.16366">
        <ele>562</ele>
        <time>2026-08-21T19:18:10+00:00</time>
      </trkpt>
      <trkpt lat="44.09627" lon="3.16361">
        <ele>562</ele>
        <time>2026-08-21T19:18:13+00:00</time>
      </trkpt>
      <trkpt lat="44.09627" lon="3.16351">
        <ele>558</ele>
        <time>2026-08-21T19:18:16+00:00</time>
      </trkpt>
      <trkpt lat="44.09626" lon="3.16349">
        <ele>555</ele>
        <time>2026-08-21T19:18:19+00:00</time>
      </trkpt>
      <trkpt lat="44.09624" lon="3.16343">
        <ele>555</ele>
        <time>2026-08-21T19:18:22+00:00</time>
      </trkpt>
      <trkpt lat="44.09625" lon="3.1634">
        <ele>555</ele>
        <time>2026-08-21T19:18:25+00:00</time>
      </trkpt>
      <trkpt lat="44.09625" lon="3.16335">
        <ele>553</ele>
        <time>2026-08-21T19:18:28+00:00</time>
      </trkpt>
      <trkpt lat="44.09624" lon="3.16331">
        <ele>553</ele>
        <time>2026-08-21T19:18:31+00:00</time>
      </trkpt>
      <trkpt lat="44.0962" lon="3.16328">
        <ele>548</ele>
        <time>2026-08-21T19:18:34+00:00</time>
      </trkpt>
      <trkpt lat="44.09619" lon="3.16322">
        <ele>548</ele>
        <time>2026-08-21T19:18:37+00:00</time>
      </trkpt>
      <trkpt lat="44.09615" lon="3.16319">
        <ele>546</ele>
        <time>2026-08-21T19:18:40+00:00</time>
      </trkpt>
      <trkpt lat="44.09612" lon="3.16312">
        <ele>546</ele>
        <time>2026-08-21T19:18:43+00:00</time>
      </trkpt>
      <trkpt lat="44.0961" lon="3.16311">
        <ele>545</ele>
        <time>2026-08-21T19:18:46+00:00</time>
      </trkpt>
      <trkpt lat="44.09608" lon="3.16305">
        <ele>543</ele>
        <time>2026-08-21T19:18:49+00:00</time>
      </trkpt>
      <trkpt lat="44.09606" lon="3.16304">
        <ele>543</ele>
        <time>2026-08-21T19:18:52+00:00</time>
      </trkpt>
      <trkpt lat="44.09603" lon="3.16303">
        <ele>543</ele>
        <time>2026-08-21T19:18:55+00:00</time>
      </trkpt>
      <trkpt lat="44.09601" lon="3.16302">
        <ele>543</ele>
        <time>2026-08-21T19:18:58+00:00</time>
      </trkpt>
      <trkpt lat="44.096" lon="3.163">
        <ele>538</ele>
        <time>2026-08-21T19:19:01+00:00</time>
      </trkpt>
      <trkpt lat="44.09595" lon="3.16284">
        <ele>538</ele>
        <time>2026-08-21T19:19:04+00:00</time>
      </trkpt>
      <trkpt lat="44.09591" lon="3.16276">
        <ele>536</ele>
        <time>2026-08-21T19:19:07+00:00</time>
      </trkpt>
      <trkpt lat="44.09589" lon="3.1627">
        <ele>533</ele>
        <time>2026-08-21T19:19:10+00:00</time>
      </trkpt>
      <trkpt lat="44.09589" lon="3.16256">
        <ele>532</ele>
        <time>2026-08-21T19:19:13+00:00</time>
      </trkpt>
      <trkpt lat="44.0959" lon="3.16252">
        <ele>533</ele>
        <time>2026-08-21T19:19:16+00:00</time>
      </trkpt>
      <trkpt lat="44.0959" lon="3.16245">
        <ele>532</ele>
        <time>2026-08-21T19:19:19+00:00</time>
      </trkpt>
      <trkpt lat="44.09591" lon="3.16237">
        <ele>531</ele>
        <time>2026-08-21T19:19:22+00:00</time>
      </trkpt>
      <trkpt lat="44.09591" lon="3.16233">
        <ele>531</ele>
        <time>2026-08-21T19:19:25+00:00</time>
      </trkpt>
      <trkpt lat="44.0959" lon="3.16229">
        <ele>530</ele>
        <time>2026-08-21T19:19:28+00:00</time>
      </trkpt>
      <trkpt lat="44.09586" lon="3.16223">
        <ele>530</ele>
        <time>2026-08-21T19:19:31+00:00</time>
      </trkpt>
      <trkpt lat="44.09585" lon="3.16219">
        <ele>530</ele>
        <time>2026-08-21T19:19:34+00:00</time>
      </trkpt>
      <trkpt lat="44.09585" lon="3.16215">
        <ele>530</ele>
        <time>2026-08-21T19:19:37+00:00</time>
      </trkpt>
      <trkpt lat="44.09586" lon="3.1621">
        <ele>530</ele>
        <time>2026-08-21T19:19:40+00:00</time>
      </trkpt>
      <trkpt lat="44.09591" lon="3.16192">
        <ele>528</ele>
        <time>2026-08-21T19:19:43+00:00</time>
      </trkpt>
      <trkpt lat="44.09593" lon="3.16179">
        <ele>528</ele>
        <time>2026-08-21T19:19:46+00:00</time>
      </trkpt>
      <trkpt lat="44.09594" lon="3.16172">
        <ele>528</ele>
        <time>2026-08-21T19:19:49+00:00</time>
      </trkpt>
      <trkpt lat="44.09603" lon="3.1615">
        <ele>528</ele>
        <time>2026-08-21T19:19:52+00:00</time>
      </trkpt>
      <trkpt lat="44.09605" lon="3.16143">
        <ele>528</ele>
        <time>2026-08-21T19:19:55+00:00</time>
      </trkpt>
      <trkpt lat="44.09611" lon="3.16128">
        <ele>528</ele>
        <time>2026-08-21T19:19:58+00:00</time>
      </trkpt>
      <trkpt lat="44.0961" lon="3.16121">
        <ele>528</ele>
        <time>2026-08-21T19:20:01+00:00</time>
      </trkpt>
      <trkpt lat="44.09608" lon="3.16116">
        <ele>529</ele>
        <time>2026-08-21T19:20:04+00:00</time>
      </trkpt>
      <trkpt lat="44.09607" lon="3.16113">
        <ele>529</ele>
        <time>2026-08-21T19:20:07+00:00</time>
      </trkpt>
      <trkpt lat="44.09607" lon="3.16104">
        <ele>529</ele>
        <time>2026-08-21T19:20:10+00:00</time>
      </trkpt>
      <trkpt lat="44.09604" lon="3.16086">
        <ele>530</ele>
        <time>2026-08-21T19:20:13+00:00</time>
      </trkpt>
      <trkpt lat="44.09605" lon="3.16079">
        <ele>531</ele>
        <time>2026-08-21T19:20:16+00:00</time>
      </trkpt>
      <trkpt lat="44.09606" lon="3.16076">
        <ele>531</ele>
        <time>2026-08-21T19:20:19+00:00</time>
      </trkpt>
      <trkpt lat="44.09606" lon="3.16059">
        <ele>533</ele>
        <time>2026-08-21T19:20:22+00:00</time>
      </trkpt>
      <trkpt lat="44.09607" lon="3.16042">
        <ele>534</ele>
        <time>2026-08-21T19:20:25+00:00</time>
      </trkpt>
      <trkpt lat="44.09606" lon="3.16033">
        <ele>535</ele>
        <time>2026-08-21T19:20:28+00:00</time>
      </trkpt>
      <trkpt lat="44.09603" lon="3.16025">
        <ele>536</ele>
        <time>2026-08-21T19:20:31+00:00</time>
      </trkpt>
      <trkpt lat="44.09598" lon="3.16013">
        <ele>539</ele>
        <time>2026-08-21T19:20:34+00:00</time>
      </trkpt>
      <trkpt lat="44.09596" lon="3.16007">
        <ele>538</ele>
        <time>2026-08-21T19:20:37+00:00</time>
      </trkpt>
      <trkpt lat="44.09594" lon="3.16003">
        <ele>538</ele>
        <time>2026-08-21T19:20:40+00:00</time>
      </trkpt>
      <trkpt lat="44.09586" lon="3.15996">
        <ele>537</ele>
        <time>2026-08-21T19:20:43+00:00</time>
      </trkpt>
      <trkpt lat="44.09573" lon="3.1599">
        <ele>538</ele>
        <time>2026-08-21T19:20:46+00:00</time>
      </trkpt>
      <trkpt lat="44.09572" lon="3.15988">
        <ele>541</ele>
        <time>2026-08-21T19:20:49+00:00</time>
      </trkpt>
      <trkpt lat="44.0957" lon="3.15987">
        <ele>542</ele>
        <time>2026-08-21T19:20:52+00:00</time>
      </trkpt>
      <trkpt lat="44.09563" lon="3.15985">
        <ele>542</ele>
        <time>2026-08-21T19:20:55+00:00</time>
      </trkpt>
      <trkpt lat="44.0956" lon="3.15986">
        <ele>543</ele>
        <time>2026-08-21T19:20:58+00:00</time>
      </trkpt>
      <trkpt lat="44.09554" lon="3.15985">
        <ele>543</ele>
        <time>2026-08-21T19:21:01+00:00</time>
      </trkpt>
      <trkpt lat="44.09544" lon="3.15986">
        <ele>544</ele>
        <time>2026-08-21T19:21:04+00:00</time>
      </trkpt>
      <trkpt lat="44.09536" lon="3.15984">
        <ele>547</ele>
        <time>2026-08-21T19:21:07+00:00</time>
      </trkpt>
      <trkpt lat="44.09529" lon="3.15986">
        <ele>550</ele>
        <time>2026-08-21T19:21:10+00:00</time>
      </trkpt>
      <trkpt lat="44.0952" lon="3.1599">
        <ele>552</ele>
        <time>2026-08-21T19:21:13+00:00</time>
      </trkpt>
      <trkpt lat="44.09512" lon="3.1599">
        <ele>547</ele>
        <time>2026-08-21T19:21:16+00:00</time>
      </trkpt>
      <trkpt lat="44.09503" lon="3.15994">
        <ele>548</ele>
        <time>2026-08-21T19:21:19+00:00</time>
      </trkpt>
      <trkpt lat="44.09498" lon="3.15992">
        <ele>547</ele>
        <time>2026-08-21T19:21:22+00:00</time>
      </trkpt>
      <trkpt lat="44.09494" lon="3.15989">
        <ele>547</ele>
        <time>2026-08-21T19:21:25+00:00</time>
      </trkpt>
      <trkpt lat="44.09487" lon="3.15973">
        <ele>554</ele>
        <time>2026-08-21T19:21:28+00:00</time>
      </trkpt>
      <trkpt lat="44.09487" lon="3.1597">
        <ele>554</ele>
        <time>2026-08-21T19:21:31+00:00</time>
      </trkpt>
      <trkpt lat="44.09488" lon="3.15968">
        <ele>555</ele>
        <time>2026-08-21T19:21:34+00:00</time>
      </trkpt>
      <trkpt lat="44.09491" lon="3.15961">
        <ele>549</ele>
        <time>2026-08-21T19:21:37+00:00</time>
      </trkpt>
      <trkpt lat="44.09494" lon="3.15957">
        <ele>553</ele>
        <time>2026-08-21T19:21:40+00:00</time>
      </trkpt>
      <trkpt lat="44.09494" lon="3.15953">
        <ele>553</ele>
        <time>2026-08-21T19:21:43+00:00</time>
      </trkpt>
      <trkpt lat="44.09496" lon="3.15949">
        <ele>556</ele>
        <time>2026-08-21T19:21:46+00:00</time>
      </trkpt>
      <trkpt lat="44.095" lon="3.15943">
        <ele>553</ele>
        <time>2026-08-21T19:21:49+00:00</time>
      </trkpt>
      <trkpt lat="44.09502" lon="3.15938">
        <ele>554</ele>
        <time>2026-08-21T19:21:52+00:00</time>
      </trkpt>
      <trkpt lat="44.09502" lon="3.15925">
        <ele>554</ele>
        <time>2026-08-21T19:21:55+00:00</time>
      </trkpt>
      <trkpt lat="44.095" lon="3.15921">
        <ele>554</ele>
        <time>2026-08-21T19:21:58+00:00</time>
      </trkpt>
      <trkpt lat="44.09497" lon="3.15916">
        <ele>556</ele>
        <time>2026-08-21T19:22:01+00:00</time>
      </trkpt>
      <trkpt lat="44.09495" lon="3.15916">
        <ele>556</ele>
        <time>2026-08-21T19:22:04+00:00</time>
      </trkpt>
      <trkpt lat="44.09489" lon="3.15916">
        <ele>557</ele>
        <time>2026-08-21T19:22:07+00:00</time>
      </trkpt>
      <trkpt lat="44.09483" lon="3.15915">
        <ele>557</ele>
        <time>2026-08-21T19:22:10+00:00</time>
      </trkpt>
      <trkpt lat="44.09471" lon="3.15909">
        <ele>559</ele>
        <time>2026-08-21T19:22:13+00:00</time>
      </trkpt>
      <trkpt lat="44.09465" lon="3.15904">
        <ele>560</ele>
        <time>2026-08-21T19:22:16+00:00</time>
      </trkpt>
      <trkpt lat="44.09462" lon="3.15901">
        <ele>560</ele>
        <time>2026-08-21T19:22:19+00:00</time>
      </trkpt>
      <trkpt lat="44.09462" lon="3.15899">
        <ele>564</ele>
        <time>2026-08-21T19:22:22+00:00</time>
      </trkpt>
      <trkpt lat="44.09463" lon="3.15897">
        <ele>564</ele>
        <time>2026-08-21T19:22:25+00:00</time>
      </trkpt>
      <trkpt lat="44.09475" lon="3.15889">
        <ele>569</ele>
        <time>2026-08-21T19:22:28+00:00</time>
      </trkpt>
      <trkpt lat="44.09477" lon="3.15888">
        <ele>569</ele>
        <time>2026-08-21T19:22:31+00:00</time>
      </trkpt>
      <trkpt lat="44.09475" lon="3.15885">
        <ele>569</ele>
        <time>2026-08-21T19:22:34+00:00</time>
      </trkpt>
      <trkpt lat="44.09473" lon="3.15883">
        <ele>569</ele>
        <time>2026-08-21T19:22:37+00:00</time>
      </trkpt>
      <trkpt lat="44.09466" lon="3.15882">
        <ele>569</ele>
        <time>2026-08-21T19:22:40+00:00</time>
      </trkpt>
      <trkpt lat="44.09455" lon="3.15878">
        <ele>572</ele>
        <time>2026-08-21T19:22:43+00:00</time>
      </trkpt>
      <trkpt lat="44.09453" lon="3.15876">
        <ele>572</ele>
        <time>2026-08-21T19:22:46+00:00</time>
      </trkpt>
      <trkpt lat="44.09453" lon="3.15873">
        <ele>572</ele>
        <time>2026-08-21T19:22:49+00:00</time>
      </trkpt>
      <trkpt lat="44.09455" lon="3.1587">
        <ele>577</ele>
        <time>2026-08-21T19:22:52+00:00</time>
      </trkpt>
      <trkpt lat="44.09463" lon="3.15867">
        <ele>578</ele>
        <time>2026-08-21T19:22:55+00:00</time>
      </trkpt>
      <trkpt lat="44.0947" lon="3.15867">
        <ele>578</ele>
        <time>2026-08-21T19:22:58+00:00</time>
      </trkpt>
      <trkpt lat="44.09479" lon="3.15865">
        <ele>579</ele>
        <time>2026-08-21T19:23:01+00:00</time>
      </trkpt>
      <trkpt lat="44.0949" lon="3.15866">
        <ele>581</ele>
        <time>2026-08-21T19:23:04+00:00</time>
      </trkpt>
      <trkpt lat="44.09498" lon="3.15864">
        <ele>581</ele>
        <time>2026-08-21T19:23:07+00:00</time>
      </trkpt>
      <trkpt lat="44.09506" lon="3.15865">
        <ele>583</ele>
        <time>2026-08-21T19:23:10+00:00</time>
      </trkpt>
      <trkpt lat="44.09511" lon="3.15869">
        <ele>582</ele>
        <time>2026-08-21T19:23:13+00:00</time>
      </trkpt>
      <trkpt lat="44.09516" lon="3.15872">
        <ele>580</ele>
        <time>2026-08-21T19:23:16+00:00</time>
      </trkpt>
      <trkpt lat="44.09518" lon="3.15874">
        <ele>580</ele>
        <time>2026-08-21T19:23:19+00:00</time>
      </trkpt>
      <trkpt lat="44.09523" lon="3.15878">
        <ele>583</ele>
        <time>2026-08-21T19:23:22+00:00</time>
      </trkpt>
      <trkpt lat="44.09526" lon="3.15877">
        <ele>583</ele>
        <time>2026-08-21T19:23:25+00:00</time>
      </trkpt>
      <trkpt lat="44.09525" lon="3.15874">
        <ele>583</ele>
        <time>2026-08-21T19:23:28+00:00</time>
      </trkpt>
      <trkpt lat="44.09522" lon="3.15871">
        <ele>583</ele>
        <time>2026-08-21T19:23:31+00:00</time>
      </trkpt>
      <trkpt lat="44.09515" lon="3.15863">
        <ele>586</ele>
        <time>2026-08-21T19:23:34+00:00</time>
      </trkpt>
      <trkpt lat="44.09502" lon="3.15847">
        <ele>591</ele>
        <time>2026-08-21T19:23:37+00:00</time>
      </trkpt>
      <trkpt lat="44.09492" lon="3.15838">
        <ele>595</ele>
        <time>2026-08-21T19:23:40+00:00</time>
      </trkpt>
      <trkpt lat="44.09484" lon="3.15834">
        <ele>594</ele>
        <time>2026-08-21T19:23:43+00:00</time>
      </trkpt>
      <trkpt lat="44.09463" lon="3.15822">
        <ele>594</ele>
        <time>2026-08-21T19:23:46+00:00</time>
      </trkpt>
      <trkpt lat="44.0946" lon="3.15819">
        <ele>597</ele>
        <time>2026-08-21T19:23:49+00:00</time>
      </trkpt>
      <trkpt lat="44.09455" lon="3.15809">
        <ele>597</ele>
        <time>2026-08-21T19:23:52+00:00</time>
      </trkpt>
      <trkpt lat="44.09454" lon="3.15805">
        <ele>597</ele>
        <time>2026-08-21T19:23:55+00:00</time>
      </trkpt>
      <trkpt lat="44.09454" lon="3.158">
        <ele>597</ele>
        <time>2026-08-21T19:23:58+00:00</time>
      </trkpt>
      <trkpt lat="44.09453" lon="3.15793">
        <ele>599</ele>
        <time>2026-08-21T19:24:01+00:00</time>
      </trkpt>
      <trkpt lat="44.09451" lon="3.1579">
        <ele>599</ele>
        <time>2026-08-21T19:24:04+00:00</time>
      </trkpt>
      <trkpt lat="44.0945" lon="3.15781">
        <ele>601</ele>
        <time>2026-08-21T19:24:07+00:00</time>
      </trkpt>
      <trkpt lat="44.09449" lon="3.15778">
        <ele>597</ele>
        <time>2026-08-21T19:24:10+00:00</time>
      </trkpt>
      <trkpt lat="44.09446" lon="3.15761">
        <ele>599</ele>
        <time>2026-08-21T19:24:13+00:00</time>
      </trkpt>
      <trkpt lat="44.09444" lon="3.15756">
        <ele>600</ele>
        <time>2026-08-21T19:24:16+00:00</time>
      </trkpt>
      <trkpt lat="44.09444" lon="3.15747">
        <ele>602</ele>
        <time>2026-08-21T19:24:19+00:00</time>
      </trkpt>
      <trkpt lat="44.09444" lon="3.15743">
        <ele>602</ele>
        <time>2026-08-21T19:24:22+00:00</time>
      </trkpt>
      <trkpt lat="44.09444" lon="3.1574">
        <ele>602</ele>
        <time>2026-08-21T19:24:25+00:00</time>
      </trkpt>
      <trkpt lat="44.09445" lon="3.15732">
        <ele>603</ele>
        <time>2026-08-21T19:24:28+00:00</time>
      </trkpt>
      <trkpt lat="44.09444" lon="3.15726">
        <ele>604</ele>
        <time>2026-08-21T19:24:31+00:00</time>
      </trkpt>
      <trkpt lat="44.09443" lon="3.15724">
        <ele>604</ele>
        <time>2026-08-21T19:24:34+00:00</time>
      </trkpt>
      <trkpt lat="44.09442" lon="3.15716">
        <ele>605</ele>
        <time>2026-08-21T19:24:37+00:00</time>
      </trkpt>
      <trkpt lat="44.09443" lon="3.15714">
        <ele>605</ele>
        <time>2026-08-21T19:24:40+00:00</time>
      </trkpt>
      <trkpt lat="44.09442" lon="3.15705">
        <ele>605</ele>
        <time>2026-08-21T19:24:43+00:00</time>
      </trkpt>
      <trkpt lat="44.09436" lon="3.15671">
        <ele>605</ele>
        <time>2026-08-21T19:24:46+00:00</time>
      </trkpt>
      <trkpt lat="44.09435" lon="3.15664">
        <ele>606</ele>
        <time>2026-08-21T19:24:49+00:00</time>
      </trkpt>
      <trkpt lat="44.09431" lon="3.15653">
        <ele>608</ele>
        <time>2026-08-21T19:24:52+00:00</time>
      </trkpt>
      <trkpt lat="44.0943" lon="3.15649">
        <ele>609</ele>
        <time>2026-08-21T19:24:55+00:00</time>
      </trkpt>
      <trkpt lat="44.0943" lon="3.15626">
        <ele>605</ele>
        <time>2026-08-21T19:24:58+00:00</time>
      </trkpt>
      <trkpt lat="44.09429" lon="3.15622">
        <ele>606</ele>
        <time>2026-08-21T19:25:01+00:00</time>
      </trkpt>
      <trkpt lat="44.09429" lon="3.15618">
        <ele>605</ele>
        <time>2026-08-21T19:25:04+00:00</time>
      </trkpt>
      <trkpt lat="44.0943" lon="3.15613">
        <ele>609</ele>
        <time>2026-08-21T19:25:07+00:00</time>
      </trkpt>
      <trkpt lat="44.09431" lon="3.15607">
        <ele>608</ele>
        <time>2026-08-21T19:25:10+00:00</time>
      </trkpt>
      <trkpt lat="44.09431" lon="3.15589">
        <ele>605</ele>
        <time>2026-08-21T19:25:13+00:00</time>
      </trkpt>
      <trkpt lat="44.0943" lon="3.15573">
        <ele>606</ele>
        <time>2026-08-21T19:25:16+00:00</time>
      </trkpt>
      <trkpt lat="44.0943" lon="3.15562">
        <ele>605</ele>
        <time>2026-08-21T19:25:19+00:00</time>
      </trkpt>
      <trkpt lat="44.09429" lon="3.15553">
        <ele>602</ele>
        <time>2026-08-21T19:25:22+00:00</time>
      </trkpt>
      <trkpt lat="44.09427" lon="3.15544">
        <ele>602</ele>
        <time>2026-08-21T19:25:25+00:00</time>
      </trkpt>
      <trkpt lat="44.09427" lon="3.15538">
        <ele>603</ele>
        <time>2026-08-21T19:25:28+00:00</time>
      </trkpt>
      <trkpt lat="44.09425" lon="3.15521">
        <ele>605</ele>
        <time>2026-08-21T19:25:31+00:00</time>
      </trkpt>
      <trkpt lat="44.09423" lon="3.15508">
        <ele>605</ele>
        <time>2026-08-21T19:25:34+00:00</time>
      </trkpt>
      <trkpt lat="44.09422" lon="3.15497">
        <ele>607</ele>
        <time>2026-08-21T19:25:37+00:00</time>
      </trkpt>
      <trkpt lat="44.09419" lon="3.15487">
        <ele>606</ele>
        <time>2026-08-21T19:25:40+00:00</time>
      </trkpt>
      <trkpt lat="44.09411" lon="3.1547">
        <ele>609</ele>
        <time>2026-08-21T19:25:43+00:00</time>
      </trkpt>
      <trkpt lat="44.09407" lon="3.15452">
        <ele>608</ele>
        <time>2026-08-21T19:25:46+00:00</time>
      </trkpt>
      <trkpt lat="44.09404" lon="3.15444">
        <ele>611</ele>
        <time>2026-08-21T19:25:49+00:00</time>
      </trkpt>
      <trkpt lat="44.09401" lon="3.15423">
        <ele>613</ele>
        <time>2026-08-21T19:25:52+00:00</time>
      </trkpt>
      <trkpt lat="44.09401" lon="3.15416">
        <ele>614</ele>
        <time>2026-08-21T19:25:55+00:00</time>
      </trkpt>
      <trkpt lat="44.094" lon="3.15406">
        <ele>613</ele>
        <time>2026-08-21T19:25:58+00:00</time>
      </trkpt>
      <trkpt lat="44.09397" lon="3.15392">
        <ele>614</ele>
        <time>2026-08-21T19:26:01+00:00</time>
      </trkpt>
      <trkpt lat="44.09395" lon="3.15389">
        <ele>615</ele>
        <time>2026-08-21T19:26:04+00:00</time>
      </trkpt>
      <trkpt lat="44.09393" lon="3.15387">
        <ele>615</ele>
        <time>2026-08-21T19:26:07+00:00</time>
      </trkpt>
      <trkpt lat="44.09389" lon="3.15385">
        <ele>617</ele>
        <time>2026-08-21T19:26:10+00:00</time>
      </trkpt>
      <trkpt lat="44.09385" lon="3.15385">
        <ele>617</ele>
        <time>2026-08-21T19:26:13+00:00</time>
      </trkpt>
      <trkpt lat="44.09379" lon="3.15388">
        <ele>620</ele>
        <time>2026-08-21T19:26:16+00:00</time>
      </trkpt>
      <trkpt lat="44.09375" lon="3.15388">
        <ele>620</ele>
        <time>2026-08-21T19:26:19+00:00</time>
      </trkpt>
      <trkpt lat="44.0937" lon="3.15385">
        <ele>619</ele>
        <time>2026-08-21T19:26:22+00:00</time>
      </trkpt>
      <trkpt lat="44.09368" lon="3.15381">
        <ele>619</ele>
        <time>2026-08-21T19:26:25+00:00</time>
      </trkpt>
      <trkpt lat="44.09367" lon="3.15376">
        <ele>620</ele>
        <time>2026-08-21T19:26:28+00:00</time>
      </trkpt>
      <trkpt lat="44.09365" lon="3.1537">
        <ele>621</ele>
        <time>2026-08-21T19:26:31+00:00</time>
      </trkpt>
      <trkpt lat="44.09355" lon="3.15349">
        <ele>622</ele>
        <time>2026-08-21T19:26:34+00:00</time>
      </trkpt>
      <trkpt lat="44.0935" lon="3.15341">
        <ele>622</ele>
        <time>2026-08-21T19:26:37+00:00</time>
      </trkpt>
      <trkpt lat="44.09345" lon="3.15335">
        <ele>622</ele>
        <time>2026-08-21T19:26:40+00:00</time>
      </trkpt>
      <trkpt lat="44.09342" lon="3.15334">
        <ele>622</ele>
        <time>2026-08-21T19:26:43+00:00</time>
      </trkpt>
      <trkpt lat="44.09331" lon="3.15328">
        <ele>626</ele>
        <time>2026-08-21T19:26:46+00:00</time>
      </trkpt>
      <trkpt lat="44.09326" lon="3.15326">
        <ele>626</ele>
        <time>2026-08-21T19:26:49+00:00</time>
      </trkpt>
      <trkpt lat="44.09306" lon="3.15324">
        <ele>626</ele>
        <time>2026-08-21T19:26:52+00:00</time>
      </trkpt>
      <trkpt lat="44.09294" lon="3.15324">
        <ele>627</ele>
        <time>2026-08-21T19:26:55+00:00</time>
      </trkpt>
      <trkpt lat="44.09288" lon="3.15326">
        <ele>628</ele>
        <time>2026-08-21T19:26:58+00:00</time>
      </trkpt>
      <trkpt lat="44.09284" lon="3.15326">
        <ele>628</ele>
        <time>2026-08-21T19:27:01+00:00</time>
      </trkpt>
      <trkpt lat="44.09278" lon="3.15326">
        <ele>629</ele>
        <time>2026-08-21T19:27:04+00:00</time>
      </trkpt>
      <trkpt lat="44.09275" lon="3.15327">
        <ele>629</ele>
        <time>2026-08-21T19:27:07+00:00</time>
      </trkpt>
      <trkpt lat="44.09252" lon="3.1533">
        <ele>629</ele>
        <time>2026-08-21T19:27:10+00:00</time>
      </trkpt>
      <trkpt lat="44.09247" lon="3.15331">
        <ele>629</ele>
        <time>2026-08-21T19:27:13+00:00</time>
      </trkpt>
      <trkpt lat="44.09237" lon="3.15329">
        <ele>635</ele>
        <time>2026-08-21T19:27:16+00:00</time>
      </trkpt>
      <trkpt lat="44.09213" lon="3.15332">
        <ele>631</ele>
        <time>2026-08-21T19:27:19+00:00</time>
      </trkpt>
      <trkpt lat="44.09204" lon="3.1533">
        <ele>637</ele>
        <time>2026-08-21T19:27:22+00:00</time>
      </trkpt>
      <trkpt lat="44.092" lon="3.1533">
        <ele>633</ele>
        <time>2026-08-21T19:27:25+00:00</time>
      </trkpt>
      <trkpt lat="44.09193" lon="3.15328">
        <ele>637</ele>
        <time>2026-08-21T19:27:28+00:00</time>
      </trkpt>
      <trkpt lat="44.0917" lon="3.1533">
        <ele>636</ele>
        <time>2026-08-21T19:27:31+00:00</time>
      </trkpt>
      <trkpt lat="44.09165" lon="3.15328">
        <ele>636</ele>
        <time>2026-08-21T19:27:34+00:00</time>
      </trkpt>
      <trkpt lat="44.09161" lon="3.15327">
        <ele>636</ele>
        <time>2026-08-21T19:27:37+00:00</time>
      </trkpt>
      <trkpt lat="44.09156" lon="3.15322">
        <ele>636</ele>
        <time>2026-08-21T19:27:40+00:00</time>
      </trkpt>
      <trkpt lat="44.09152" lon="3.15311">
        <ele>636</ele>
        <time>2026-08-21T19:27:43+00:00</time>
      </trkpt>
      <trkpt lat="44.09149" lon="3.15305">
        <ele>636</ele>
        <time>2026-08-21T19:27:46+00:00</time>
      </trkpt>
      <trkpt lat="44.09145" lon="3.15299">
        <ele>639</ele>
        <time>2026-08-21T19:27:49+00:00</time>
      </trkpt>
      <trkpt lat="44.09141" lon="3.15295">
        <ele>639</ele>
        <time>2026-08-21T19:27:52+00:00</time>
      </trkpt>
      <trkpt lat="44.09136" lon="3.15293">
        <ele>638</ele>
        <time>2026-08-21T19:27:55+00:00</time>
      </trkpt>
      <trkpt lat="44.0912" lon="3.15289">
        <ele>641</ele>
        <time>2026-08-21T19:27:58+00:00</time>
      </trkpt>
      <trkpt lat="44.09116" lon="3.15286">
        <ele>641</ele>
        <time>2026-08-21T19:28:01+00:00</time>
      </trkpt>
      <trkpt lat="44.09111" lon="3.15284">
        <ele>641</ele>
        <time>2026-08-21T19:28:04+00:00</time>
      </trkpt>
      <trkpt lat="44.09108" lon="3.1528">
        <ele>640</ele>
        <time>2026-08-21T19:28:07+00:00</time>
      </trkpt>
      <trkpt lat="44.09105" lon="3.15272">
        <ele>641</ele>
        <time>2026-08-21T19:28:10+00:00</time>
      </trkpt>
      <trkpt lat="44.09099" lon="3.15253">
        <ele>642</ele>
        <time>2026-08-21T19:28:13+00:00</time>
      </trkpt>
      <trkpt lat="44.09095" lon="3.15244">
        <ele>643</ele>
        <time>2026-08-21T19:28:16+00:00</time>
      </trkpt>
      <trkpt lat="44.09092" lon="3.15239">
        <ele>645</ele>
        <time>2026-08-21T19:28:19+00:00</time>
      </trkpt>
      <trkpt lat="44.09084" lon="3.1522">
        <ele>645</ele>
        <time>2026-08-21T19:28:22+00:00</time>
      </trkpt>
      <trkpt lat="44.09078" lon="3.15207">
        <ele>645</ele>
        <time>2026-08-21T19:28:25+00:00</time>
      </trkpt>
      <trkpt lat="44.09077" lon="3.15198">
        <ele>646</ele>
        <time>2026-08-21T19:28:28+00:00</time>
      </trkpt>
      <trkpt lat="44.09075" lon="3.15193">
        <ele>646</ele>
        <time>2026-08-21T19:28:31+00:00</time>
      </trkpt>
      <trkpt lat="44.09075" lon="3.15189">
        <ele>647</ele>
        <time>2026-08-21T19:28:34+00:00</time>
      </trkpt>
      <trkpt lat="44.09073" lon="3.15184">
        <ele>647</ele>
        <time>2026-08-21T19:28:37+00:00</time>
      </trkpt>
      <trkpt lat="44.09073" lon="3.15178">
        <ele>650</ele>
        <time>2026-08-21T19:28:40+00:00</time>
      </trkpt>
      <trkpt lat="44.09071" lon="3.15172">
        <ele>650</ele>
        <time>2026-08-21T19:28:43+00:00</time>
      </trkpt>
      <trkpt lat="44.0907" lon="3.15169">
        <ele>651</ele>
        <time>2026-08-21T19:28:46+00:00</time>
      </trkpt>
      <trkpt lat="44.09065" lon="3.15163">
        <ele>651</ele>
        <time>2026-08-21T19:28:49+00:00</time>
      </trkpt>
      <trkpt lat="44.09059" lon="3.15158">
        <ele>652</ele>
        <time>2026-08-21T19:28:52+00:00</time>
      </trkpt>
      <trkpt lat="44.09029" lon="3.15142">
        <ele>653</ele>
        <time>2026-08-21T19:28:55+00:00</time>
      </trkpt>
      <trkpt lat="44.09019" lon="3.15133">
        <ele>655</ele>
        <time>2026-08-21T19:28:58+00:00</time>
      </trkpt>
      <trkpt lat="44.08997" lon="3.15119">
        <ele>655</ele>
        <time>2026-08-21T19:29:01+00:00</time>
      </trkpt>
      <trkpt lat="44.08992" lon="3.15114">
        <ele>659</ele>
        <time>2026-08-21T19:29:04+00:00</time>
      </trkpt>
      <trkpt lat="44.08987" lon="3.1511">
        <ele>656</ele>
        <time>2026-08-21T19:29:07+00:00</time>
      </trkpt>
      <trkpt lat="44.08978" lon="3.15102">
        <ele>657</ele>
        <time>2026-08-21T19:29:10+00:00</time>
      </trkpt>
      <trkpt lat="44.08969" lon="3.15095">
        <ele>660</ele>
        <time>2026-08-21T19:29:13+00:00</time>
      </trkpt>
      <trkpt lat="44.08952" lon="3.15087">
        <ele>664</ele>
        <time>2026-08-21T19:29:16+00:00</time>
      </trkpt>
      <trkpt lat="44.08944" lon="3.15084">
        <ele>665</ele>
        <time>2026-08-21T19:29:19+00:00</time>
      </trkpt>
      <trkpt lat="44.08942" lon="3.15084">
        <ele>665</ele>
        <time>2026-08-21T19:29:22+00:00</time>
      </trkpt>
      <trkpt lat="44.08938" lon="3.15081">
        <ele>669</ele>
        <time>2026-08-21T19:29:25+00:00</time>
      </trkpt>
      <trkpt lat="44.08931" lon="3.15079">
        <ele>671</ele>
        <time>2026-08-21T19:29:28+00:00</time>
      </trkpt>
      <trkpt lat="44.08926" lon="3.15076">
        <ele>675</ele>
        <time>2026-08-21T19:29:31+00:00</time>
      </trkpt>
      <trkpt lat="44.0892" lon="3.15073">
        <ele>675</ele>
        <time>2026-08-21T19:29:34+00:00</time>
      </trkpt>
      <trkpt lat="44.08904" lon="3.15073">
        <ele>675</ele>
        <time>2026-08-21T19:29:37+00:00</time>
      </trkpt>
      <trkpt lat="44.08885" lon="3.15078">
        <ele>675</ele>
        <time>2026-08-21T19:29:40+00:00</time>
      </trkpt>
      <trkpt lat="44.08881" lon="3.15077">
        <ele>675</ele>
        <time>2026-08-21T19:29:43+00:00</time>
      </trkpt>
      <trkpt lat="44.08878" lon="3.15078">
        <ele>676</ele>
        <time>2026-08-21T19:29:46+00:00</time>
      </trkpt>
      <trkpt lat="44.08875" lon="3.15077">
        <ele>676</ele>
        <time>2026-08-21T19:29:49+00:00</time>
      </trkpt>
      <trkpt lat="44.0887" lon="3.15079">
        <ele>676</ele>
        <time>2026-08-21T19:29:52+00:00</time>
      </trkpt>
      <trkpt lat="44.08864" lon="3.15081">
        <ele>676</ele>
        <time>2026-08-21T19:29:55+00:00</time>
      </trkpt>
      <trkpt lat="44.08859" lon="3.15085">
        <ele>677</ele>
        <time>2026-08-21T19:29:58+00:00</time>
      </trkpt>
      <trkpt lat="44.08855" lon="3.15087">
        <ele>677</ele>
        <time>2026-08-21T19:30:01+00:00</time>
      </trkpt>
      <trkpt lat="44.08845" lon="3.15089">
        <ele>678</ele>
        <time>2026-08-21T19:30:04+00:00</time>
      </trkpt>
      <trkpt lat="44.08841" lon="3.15091">
        <ele>675</ele>
        <time>2026-08-21T19:30:07+00:00</time>
      </trkpt>
      <trkpt lat="44.08838" lon="3.15092">
        <ele>677</ele>
        <time>2026-08-21T19:30:10+00:00</time>
      </trkpt>
      <trkpt lat="44.08833" lon="3.15093">
        <ele>677</ele>
        <time>2026-08-21T19:30:13+00:00</time>
      </trkpt>
      <trkpt lat="44.08823" lon="3.15097">
        <ele>678</ele>
        <time>2026-08-21T19:30:16+00:00</time>
      </trkpt>
      <trkpt lat="44.08818" lon="3.15098">
        <ele>679</ele>
        <time>2026-08-21T19:30:19+00:00</time>
      </trkpt>
      <trkpt lat="44.08804" lon="3.15106">
        <ele>679</ele>
        <time>2026-08-21T19:30:22+00:00</time>
      </trkpt>
      <trkpt lat="44.08799" lon="3.15111">
        <ele>679</ele>
        <time>2026-08-21T19:30:25+00:00</time>
      </trkpt>
      <trkpt lat="44.08797" lon="3.15112">
        <ele>679</ele>
        <time>2026-08-21T19:30:28+00:00</time>
      </trkpt>
      <trkpt lat="44.08785" lon="3.1512">
        <ele>679</ele>
        <time>2026-08-21T19:30:31+00:00</time>
      </trkpt>
      <trkpt lat="44.08772" lon="3.15127">
        <ele>681</ele>
        <time>2026-08-21T19:30:34+00:00</time>
      </trkpt>
      <trkpt lat="44.08758" lon="3.15135">
        <ele>682</ele>
        <time>2026-08-21T19:30:37+00:00</time>
      </trkpt>
      <trkpt lat="44.08745" lon="3.15141">
        <ele>682</ele>
        <time>2026-08-21T19:30:40+00:00</time>
      </trkpt>
      <trkpt lat="44.08742" lon="3.15144">
        <ele>682</ele>
        <time>2026-08-21T19:30:43+00:00</time>
      </trkpt>
      <trkpt lat="44.08738" lon="3.15146">
        <ele>683</ele>
        <time>2026-08-21T19:30:46+00:00</time>
      </trkpt>
      <trkpt lat="44.08728" lon="3.15153">
        <ele>682</ele>
        <time>2026-08-21T19:30:49+00:00</time>
      </trkpt>
      <trkpt lat="44.08715" lon="3.15159">
        <ele>684</ele>
        <time>2026-08-21T19:30:52+00:00</time>
      </trkpt>
      <trkpt lat="44.08706" lon="3.1516">
        <ele>684</ele>
        <time>2026-08-21T19:30:55+00:00</time>
      </trkpt>
      <trkpt lat="44.08699" lon="3.15163">
        <ele>685</ele>
        <time>2026-08-21T19:30:58+00:00</time>
      </trkpt>
      <trkpt lat="44.0869" lon="3.15163">
        <ele>687</ele>
        <time>2026-08-21T19:31:01+00:00</time>
      </trkpt>
      <trkpt lat="44.08686" lon="3.15163">
        <ele>687</ele>
        <time>2026-08-21T19:31:04+00:00</time>
      </trkpt>
      <trkpt lat="44.08676" lon="3.15162">
        <ele>689</ele>
        <time>2026-08-21T19:31:07+00:00</time>
      </trkpt>
      <trkpt lat="44.08672" lon="3.15162">
        <ele>689</ele>
        <time>2026-08-21T19:31:10+00:00</time>
      </trkpt>
      <trkpt lat="44.08642" lon="3.1516">
        <ele>696</ele>
        <time>2026-08-21T19:31:13+00:00</time>
      </trkpt>
      <trkpt lat="44.08631" lon="3.1516">
        <ele>696</ele>
        <time>2026-08-21T19:31:16+00:00</time>
      </trkpt>
      <trkpt lat="44.08613" lon="3.15167">
        <ele>701</ele>
        <time>2026-08-21T19:31:19+00:00</time>
      </trkpt>
      <trkpt lat="44.08607" lon="3.15171">
        <ele>701</ele>
        <time>2026-08-21T19:31:22+00:00</time>
      </trkpt>
      <trkpt lat="44.08601" lon="3.15174">
        <ele>701</ele>
        <time>2026-08-21T19:31:25+00:00</time>
      </trkpt>
      <trkpt lat="44.08587" lon="3.15175">
        <ele>706</ele>
        <time>2026-08-21T19:31:28+00:00</time>
      </trkpt>
      <trkpt lat="44.08576" lon="3.15177">
        <ele>707</ele>
        <time>2026-08-21T19:31:31+00:00</time>
      </trkpt>
      <trkpt lat="44.08574" lon="3.15178">
        <ele>707</ele>
        <time>2026-08-21T19:31:34+00:00</time>
      </trkpt>
      <trkpt lat="44.0857" lon="3.15181">
        <ele>708</ele>
        <time>2026-08-21T19:31:37+00:00</time>
      </trkpt>
      <trkpt lat="44.0856" lon="3.1519">
        <ele>709</ele>
        <time>2026-08-21T19:31:40+00:00</time>
      </trkpt>
      <trkpt lat="44.08555" lon="3.15193">
        <ele>709</ele>
        <time>2026-08-21T19:31:43+00:00</time>
      </trkpt>
      <trkpt lat="44.08553" lon="3.15196">
        <ele>709</ele>
        <time>2026-08-21T19:31:46+00:00</time>
      </trkpt>
      <trkpt lat="44.08547" lon="3.152">
        <ele>709</ele>
        <time>2026-08-21T19:31:49+00:00</time>
      </trkpt>
      <trkpt lat="44.08541" lon="3.15206">
        <ele>709</ele>
        <time>2026-08-21T19:31:52+00:00</time>
      </trkpt>
      <trkpt lat="44.0853" lon="3.15223">
        <ele>712</ele>
        <time>2026-08-21T19:31:55+00:00</time>
      </trkpt>
      <trkpt lat="44.08526" lon="3.15226">
        <ele>712</ele>
        <time>2026-08-21T19:31:58+00:00</time>
      </trkpt>
      <trkpt lat="44.08513" lon="3.15241">
        <ele>713</ele>
        <time>2026-08-21T19:32:01+00:00</time>
      </trkpt>
      <trkpt lat="44.08502" lon="3.15251">
        <ele>715</ele>
        <time>2026-08-21T19:32:04+00:00</time>
      </trkpt>
      <trkpt lat="44.08498" lon="3.15255">
        <ele>716</ele>
        <time>2026-08-21T19:32:07+00:00</time>
      </trkpt>
      <trkpt lat="44.08494" lon="3.15259">
        <ele>716</ele>
        <time>2026-08-21T19:32:10+00:00</time>
      </trkpt>
      <trkpt lat="44.08491" lon="3.15263">
        <ele>716</ele>
        <time>2026-08-21T19:32:13+00:00</time>
      </trkpt>
      <trkpt lat="44.08479" lon="3.15275">
        <ele>717</ele>
        <time>2026-08-21T19:32:16+00:00</time>
      </trkpt>
      <trkpt lat="44.08472" lon="3.15285">
        <ele>717</ele>
        <time>2026-08-21T19:32:19+00:00</time>
      </trkpt>
      <trkpt lat="44.0846" lon="3.15296">
        <ele>717</ele>
        <time>2026-08-21T19:32:22+00:00</time>
      </trkpt>
      <trkpt lat="44.08459" lon="3.15299">
        <ele>717</ele>
        <time>2026-08-21T19:32:25+00:00</time>
      </trkpt>
      <trkpt lat="44.08457" lon="3.153">
        <ele>717</ele>
        <time>2026-08-21T19:32:28+00:00</time>
      </trkpt>
      <trkpt lat="44.08453" lon="3.15301">
        <ele>717</ele>
        <time>2026-08-21T19:32:31+00:00</time>
      </trkpt>
      <trkpt lat="44.08452" lon="3.15298">
        <ele>717</ele>
        <time>2026-08-21T19:32:34+00:00</time>
      </trkpt>
      <trkpt lat="44.08452" lon="3.15295">
        <ele>717</ele>
        <time>2026-08-21T19:32:37+00:00</time>
      </trkpt>
      <trkpt lat="44.08454" lon="3.15289">
        <ele>718</ele>
        <time>2026-08-21T19:32:40+00:00</time>
      </trkpt>
      <trkpt lat="44.08462" lon="3.15278">
        <ele>718</ele>
        <time>2026-08-21T19:32:43+00:00</time>
      </trkpt>
      <trkpt lat="44.08464" lon="3.15274">
        <ele>718</ele>
        <time>2026-08-21T19:32:46+00:00</time>
      </trkpt>
      <trkpt lat="44.08467" lon="3.15268">
        <ele>719</ele>
        <time>2026-08-21T19:32:49+00:00</time>
      </trkpt>
      <trkpt lat="44.08474" lon="3.15256">
        <ele>719</ele>
        <time>2026-08-21T19:32:52+00:00</time>
      </trkpt>
      <trkpt lat="44.08478" lon="3.15244">
        <ele>719</ele>
        <time>2026-08-21T19:32:55+00:00</time>
      </trkpt>
      <trkpt lat="44.08481" lon="3.15239">
        <ele>718</ele>
        <time>2026-08-21T19:32:58+00:00</time>
      </trkpt>
      <trkpt lat="44.08482" lon="3.15235">
        <ele>718</ele>
        <time>2026-08-21T19:33:01+00:00</time>
      </trkpt>
      <trkpt lat="44.08488" lon="3.15219">
        <ele>719</ele>
        <time>2026-08-21T19:33:04+00:00</time>
      </trkpt>
      <trkpt lat="44.08492" lon="3.15213">
        <ele>718</ele>
        <time>2026-08-21T19:33:07+00:00</time>
      </trkpt>
      <trkpt lat="44.08507" lon="3.15191">
        <ele>719</ele>
        <time>2026-08-21T19:33:10+00:00</time>
      </trkpt>
      <trkpt lat="44.08509" lon="3.15188">
        <ele>721</ele>
        <time>2026-08-21T19:33:13+00:00</time>
      </trkpt>
      <trkpt lat="44.08518" lon="3.1518">
        <ele>717</ele>
        <time>2026-08-21T19:33:16+00:00</time>
      </trkpt>
      <trkpt lat="44.08526" lon="3.1517">
        <ele>720</ele>
        <time>2026-08-21T19:33:19+00:00</time>
      </trkpt>
      <trkpt lat="44.0853" lon="3.15163">
        <ele>719</ele>
        <time>2026-08-21T19:33:22+00:00</time>
      </trkpt>
      <trkpt lat="44.08535" lon="3.15154">
        <ele>719</ele>
        <time>2026-08-21T19:33:25+00:00</time>
      </trkpt>
      <trkpt lat="44.08544" lon="3.15138">
        <ele>721</ele>
        <time>2026-08-21T19:33:28+00:00</time>
      </trkpt>
      <trkpt lat="44.08549" lon="3.15131">
        <ele>721</ele>
        <time>2026-08-21T19:33:31+00:00</time>
      </trkpt>
      <trkpt lat="44.08553" lon="3.15126">
        <ele>722</ele>
        <time>2026-08-21T19:33:34+00:00</time>
      </trkpt>
      <trkpt lat="44.08557" lon="3.1512">
        <ele>722</ele>
        <time>2026-08-21T19:33:37+00:00</time>
      </trkpt>
      <trkpt lat="44.08576" lon="3.15104">
        <ele>723</ele>
        <time>2026-08-21T19:33:40+00:00</time>
      </trkpt>
      <trkpt lat="44.08582" lon="3.15098">
        <ele>724</ele>
        <time>2026-08-21T19:33:43+00:00</time>
      </trkpt>
      <trkpt lat="44.08583" lon="3.15095">
        <ele>724</ele>
        <time>2026-08-21T19:33:46+00:00</time>
      </trkpt>
      <trkpt lat="44.0859" lon="3.1509">
        <ele>723</ele>
        <time>2026-08-21T19:33:49+00:00</time>
      </trkpt>
      <trkpt lat="44.08601" lon="3.15084">
        <ele>725</ele>
        <time>2026-08-21T19:33:52+00:00</time>
      </trkpt>
      <trkpt lat="44.08607" lon="3.15079">
        <ele>727</ele>
        <time>2026-08-21T19:33:55+00:00</time>
      </trkpt>
      <trkpt lat="44.08611" lon="3.15076">
        <ele>726</ele>
        <time>2026-08-21T19:33:58+00:00</time>
      </trkpt>
      <trkpt lat="44.0862" lon="3.15069">
        <ele>727</ele>
        <time>2026-08-21T19:34:01+00:00</time>
      </trkpt>
      <trkpt lat="44.08625" lon="3.15066">
        <ele>727</ele>
        <time>2026-08-21T19:34:04+00:00</time>
      </trkpt>
      <trkpt lat="44.08631" lon="3.15061">
        <ele>724</ele>
        <time>2026-08-21T19:34:07+00:00</time>
      </trkpt>
      <trkpt lat="44.08637" lon="3.15055">
        <ele>726</ele>
        <time>2026-08-21T19:34:10+00:00</time>
      </trkpt>
      <trkpt lat="44.08652" lon="3.15046">
        <ele>728</ele>
        <time>2026-08-21T19:34:13+00:00</time>
      </trkpt>
      <trkpt lat="44.08665" lon="3.1504">
        <ele>726</ele>
        <time>2026-08-21T19:34:16+00:00</time>
      </trkpt>
      <trkpt lat="44.08674" lon="3.15034">
        <ele>727</ele>
        <time>2026-08-21T19:34:19+00:00</time>
      </trkpt>
      <trkpt lat="44.08678" lon="3.1503">
        <ele>732</ele>
        <time>2026-08-21T19:34:22+00:00</time>
      </trkpt>
      <trkpt lat="44.0869" lon="3.1502">
        <ele>728</ele>
        <time>2026-08-21T19:34:25+00:00</time>
      </trkpt>
      <trkpt lat="44.08693" lon="3.15016">
        <ele>730</ele>
        <time>2026-08-21T19:34:28+00:00</time>
      </trkpt>
      <trkpt lat="44.08697" lon="3.15011">
        <ele>730</ele>
        <time>2026-08-21T19:34:31+00:00</time>
      </trkpt>
      <trkpt lat="44.08705" lon="3.15003">
        <ele>731</ele>
        <time>2026-08-21T19:34:34+00:00</time>
      </trkpt>
      <trkpt lat="44.08708" lon="3.14999">
        <ele>735</ele>
        <time>2026-08-21T19:34:37+00:00</time>
      </trkpt>
      <trkpt lat="44.08713" lon="3.14994">
        <ele>732</ele>
        <time>2026-08-21T19:34:40+00:00</time>
      </trkpt>
      <trkpt lat="44.08714" lon="3.14992">
        <ele>732</ele>
        <time>2026-08-21T19:34:43+00:00</time>
      </trkpt>
      <trkpt lat="44.08716" lon="3.14989">
        <ele>735</ele>
        <time>2026-08-21T19:34:46+00:00</time>
      </trkpt>
      <trkpt lat="44.08722" lon="3.14983">
        <ele>732</ele>
        <time>2026-08-21T19:34:49+00:00</time>
      </trkpt>
      <trkpt lat="44.08728" lon="3.14976">
        <ele>734</ele>
        <time>2026-08-21T19:34:52+00:00</time>
      </trkpt>
      <trkpt lat="44.08749" lon="3.1496">
        <ele>732</ele>
        <time>2026-08-21T19:34:55+00:00</time>
      </trkpt>
      <trkpt lat="44.08755" lon="3.14957">
        <ele>734</ele>
        <time>2026-08-21T19:34:58+00:00</time>
      </trkpt>
      <trkpt lat="44.08762" lon="3.14951">
        <ele>732</ele>
        <time>2026-08-21T19:35:01+00:00</time>
      </trkpt>
      <trkpt lat="44.08777" lon="3.14941">
        <ele>733</ele>
        <time>2026-08-21T19:35:04+00:00</time>
      </trkpt>
      <trkpt lat="44.08782" lon="3.14935">
        <ele>733</ele>
        <time>2026-08-21T19:35:07+00:00</time>
      </trkpt>
      <trkpt lat="44.08785" lon="3.14933">
        <ele>733</ele>
        <time>2026-08-21T19:35:10+00:00</time>
      </trkpt>
      <trkpt lat="44.08799" lon="3.14918">
        <ele>736</ele>
        <time>2026-08-21T19:35:13+00:00</time>
      </trkpt>
      <trkpt lat="44.08803" lon="3.14917">
        <ele>736</ele>
        <time>2026-08-21T19:35:16+00:00</time>
      </trkpt>
      <trkpt lat="44.0881" lon="3.14911">
        <ele>736</ele>
        <time>2026-08-21T19:35:19+00:00</time>
      </trkpt>
      <trkpt lat="44.08814" lon="3.14903">
        <ele>736</ele>
        <time>2026-08-21T19:35:22+00:00</time>
      </trkpt>
      <trkpt lat="44.08811" lon="3.14893">
        <ele>738</ele>
        <time>2026-08-21T19:35:25+00:00</time>
      </trkpt>
      <trkpt lat="44.08813" lon="3.14884">
        <ele>739</ele>
        <time>2026-08-21T19:35:28+00:00</time>
      </trkpt>
      <trkpt lat="44.08814" lon="3.14878">
        <ele>739</ele>
        <time>2026-08-21T19:35:31+00:00</time>
      </trkpt>
      <trkpt lat="44.08813" lon="3.14866">
        <ele>740</ele>
        <time>2026-08-21T19:35:34+00:00</time>
      </trkpt>
      <trkpt lat="44.08808" lon="3.14855">
        <ele>741</ele>
        <time>2026-08-21T19:35:37+00:00</time>
      </trkpt>
      <trkpt lat="44.08807" lon="3.14848">
        <ele>741</ele>
        <time>2026-08-21T19:35:40+00:00</time>
      </trkpt>
      <trkpt lat="44.08807" lon="3.14841">
        <ele>741</ele>
        <time>2026-08-21T19:35:43+00:00</time>
      </trkpt>
      <trkpt lat="44.08805" lon="3.14837">
        <ele>740</ele>
        <time>2026-08-21T19:35:46+00:00</time>
      </trkpt>
      <trkpt lat="44.08803" lon="3.14824">
        <ele>740</ele>
        <time>2026-08-21T19:35:49+00:00</time>
      </trkpt>
      <trkpt lat="44.08799" lon="3.14813">
        <ele>740</ele>
        <time>2026-08-21T19:35:52+00:00</time>
      </trkpt>
      <trkpt lat="44.08798" lon="3.14808">
        <ele>739</ele>
        <time>2026-08-21T19:35:55+00:00</time>
      </trkpt>
      <trkpt lat="44.08797" lon="3.148">
        <ele>739</ele>
        <time>2026-08-21T19:35:58+00:00</time>
      </trkpt>
      <trkpt lat="44.08789" lon="3.14777">
        <ele>739</ele>
        <time>2026-08-21T19:36:01+00:00</time>
      </trkpt>
      <trkpt lat="44.08788" lon="3.14769">
        <ele>739</ele>
        <time>2026-08-21T19:36:04+00:00</time>
      </trkpt>
      <trkpt lat="44.08788" lon="3.14755">
        <ele>739</ele>
        <time>2026-08-21T19:36:07+00:00</time>
      </trkpt>
      <trkpt lat="44.08788" lon="3.14748">
        <ele>740</ele>
        <time>2026-08-21T19:36:10+00:00</time>
      </trkpt>
      <trkpt lat="44.08787" lon="3.14739">
        <ele>740</ele>
        <time>2026-08-21T19:36:13+00:00</time>
      </trkpt>
      <trkpt lat="44.08785" lon="3.14728">
        <ele>740</ele>
        <time>2026-08-21T19:36:16+00:00</time>
      </trkpt>
      <trkpt lat="44.08785" lon="3.14718">
        <ele>740</ele>
        <time>2026-08-21T19:36:19+00:00</time>
      </trkpt>
      <trkpt lat="44.08784" lon="3.14714">
        <ele>740</ele>
        <time>2026-08-21T19:36:22+00:00</time>
      </trkpt>
      <trkpt lat="44.08783" lon="3.14711">
        <ele>740</ele>
        <time>2026-08-21T19:36:25+00:00</time>
      </trkpt>
      <trkpt lat="44.08776" lon="3.14697">
        <ele>742</ele>
        <time>2026-08-21T19:36:28+00:00</time>
      </trkpt>
      <trkpt lat="44.08772" lon="3.14687">
        <ele>741</ele>
        <time>2026-08-21T19:36:31+00:00</time>
      </trkpt>
      <trkpt lat="44.08768" lon="3.1468">
        <ele>742</ele>
        <time>2026-08-21T19:36:34+00:00</time>
      </trkpt>
      <trkpt lat="44.08767" lon="3.14673">
        <ele>742</ele>
        <time>2026-08-21T19:36:37+00:00</time>
      </trkpt>
      <trkpt lat="44.08764" lon="3.14665">
        <ele>742</ele>
        <time>2026-08-21T19:36:40+00:00</time>
      </trkpt>
      <trkpt lat="44.08766" lon="3.1465">
        <ele>742</ele>
        <time>2026-08-21T19:36:43+00:00</time>
      </trkpt>
      <trkpt lat="44.08766" lon="3.14643">
        <ele>742</ele>
        <time>2026-08-21T19:36:46+00:00</time>
      </trkpt>
      <trkpt lat="44.08763" lon="3.14636">
        <ele>742</ele>
        <time>2026-08-21T19:36:49+00:00</time>
      </trkpt>
      <trkpt lat="44.08761" lon="3.14631">
        <ele>742</ele>
        <time>2026-08-21T19:36:52+00:00</time>
      </trkpt>
      <trkpt lat="44.08759" lon="3.14628">
        <ele>743</ele>
        <time>2026-08-21T19:36:55+00:00</time>
      </trkpt>
      <trkpt lat="44.08754" lon="3.14616">
        <ele>743</ele>
        <time>2026-08-21T19:36:58+00:00</time>
      </trkpt>
      <trkpt lat="44.08752" lon="3.14609">
        <ele>743</ele>
        <time>2026-08-21T19:37:01+00:00</time>
      </trkpt>
      <trkpt lat="44.08749" lon="3.14604">
        <ele>744</ele>
        <time>2026-08-21T19:37:04+00:00</time>
      </trkpt>
      <trkpt lat="44.0874" lon="3.14597">
        <ele>743</ele>
        <time>2026-08-21T19:37:07+00:00</time>
      </trkpt>
      <trkpt lat="44.08736" lon="3.14591">
        <ele>744</ele>
        <time>2026-08-21T19:37:10+00:00</time>
      </trkpt>
      <trkpt lat="44.08729" lon="3.1459">
        <ele>745</ele>
        <time>2026-08-21T19:37:13+00:00</time>
      </trkpt>
      <trkpt lat="44.08718" lon="3.14593">
        <ele>746</ele>
        <time>2026-08-21T19:37:16+00:00</time>
      </trkpt>
      <trkpt lat="44.08704" lon="3.146">
        <ele>746</ele>
        <time>2026-08-21T19:37:19+00:00</time>
      </trkpt>
      <trkpt lat="44.08697" lon="3.14606">
        <ele>746</ele>
        <time>2026-08-21T19:37:22+00:00</time>
      </trkpt>
      <trkpt lat="44.0869" lon="3.14611">
        <ele>747</ele>
        <time>2026-08-21T19:37:25+00:00</time>
      </trkpt>
      <trkpt lat="44.08688" lon="3.14615">
        <ele>747</ele>
        <time>2026-08-21T19:37:28+00:00</time>
      </trkpt>
      <trkpt lat="44.08674" lon="3.14625">
        <ele>748</ele>
        <time>2026-08-21T19:37:31+00:00</time>
      </trkpt>
      <trkpt lat="44.0867" lon="3.14629">
        <ele>749</ele>
        <time>2026-08-21T19:37:34+00:00</time>
      </trkpt>
      <trkpt lat="44.08656" lon="3.14639">
        <ele>750</ele>
        <time>2026-08-21T19:37:37+00:00</time>
      </trkpt>
      <trkpt lat="44.08654" lon="3.14639">
        <ele>750</ele>
        <time>2026-08-21T19:37:40+00:00</time>
      </trkpt>
      <trkpt lat="44.08652" lon="3.14637">
        <ele>750</ele>
        <time>2026-08-21T19:37:43+00:00</time>
      </trkpt>
      <trkpt lat="44.0865" lon="3.14635">
        <ele>750</ele>
        <time>2026-08-21T19:37:46+00:00</time>
      </trkpt>
      <trkpt lat="44.08641" lon="3.14617">
        <ele>750</ele>
        <time>2026-08-21T19:37:49+00:00</time>
      </trkpt>
      <trkpt lat="44.08633" lon="3.14606">
        <ele>750</ele>
        <time>2026-08-21T19:37:52+00:00</time>
      </trkpt>
      <trkpt lat="44.08605" lon="3.14574">
        <ele>750</ele>
        <time>2026-08-21T19:37:55+00:00</time>
      </trkpt>
      <trkpt lat="44.08587" lon="3.14553">
        <ele>750</ele>
        <time>2026-08-21T19:37:58+00:00</time>
      </trkpt>
      <trkpt lat="44.08583" lon="3.14546">
        <ele>750</ele>
        <time>2026-08-21T19:38:01+00:00</time>
      </trkpt>
      <trkpt lat="44.08581" lon="3.14542">
        <ele>750</ele>
        <time>2026-08-21T19:38:04+00:00</time>
      </trkpt>
      <trkpt lat="44.08579" lon="3.14533">
        <ele>750</ele>
        <time>2026-08-21T19:38:07+00:00</time>
      </trkpt>
      <trkpt lat="44.08579" lon="3.14524">
        <ele>750</ele>
        <time>2026-08-21T19:38:10+00:00</time>
      </trkpt>
      <trkpt lat="44.08582" lon="3.14515">
        <ele>749</ele>
        <time>2026-08-21T19:38:13+00:00</time>
      </trkpt>
      <trkpt lat="44.08588" lon="3.14504">
        <ele>750</ele>
        <time>2026-08-21T19:38:16+00:00</time>
      </trkpt>
      <trkpt lat="44.08591" lon="3.14502">
        <ele>750</ele>
        <time>2026-08-21T19:38:19+00:00</time>
      </trkpt>
      <trkpt lat="44.086" lon="3.14497">
        <ele>750</ele>
        <time>2026-08-21T19:38:22+00:00</time>
      </trkpt>
      <trkpt lat="44.08607" lon="3.1449">
        <ele>751</ele>
        <time>2026-08-21T19:38:25+00:00</time>
      </trkpt>
      <trkpt lat="44.08611" lon="3.14484">
        <ele>751</ele>
        <time>2026-08-21T19:38:28+00:00</time>
      </trkpt>
      <trkpt lat="44.08617" lon="3.14472">
        <ele>752</ele>
        <time>2026-08-21T19:38:31+00:00</time>
      </trkpt>
      <trkpt lat="44.08621" lon="3.14467">
        <ele>752</ele>
        <time>2026-08-21T19:38:34+00:00</time>
      </trkpt>
      <trkpt lat="44.08626" lon="3.14457">
        <ele>752</ele>
        <time>2026-08-21T19:38:37+00:00</time>
      </trkpt>
      <trkpt lat="44.0863" lon="3.14447">
        <ele>753</ele>
        <time>2026-08-21T19:38:40+00:00</time>
      </trkpt>
      <trkpt lat="44.08631" lon="3.14439">
        <ele>753</ele>
        <time>2026-08-21T19:38:43+00:00</time>
      </trkpt>
      <trkpt lat="44.0863" lon="3.14432">
        <ele>753</ele>
        <time>2026-08-21T19:38:46+00:00</time>
      </trkpt>
      <trkpt lat="44.08629" lon="3.14425">
        <ele>754</ele>
        <time>2026-08-21T19:38:49+00:00</time>
      </trkpt>
      <trkpt lat="44.08625" lon="3.14415">
        <ele>754</ele>
        <time>2026-08-21T19:38:52+00:00</time>
      </trkpt>
      <trkpt lat="44.0862" lon="3.14402">
        <ele>755</ele>
        <time>2026-08-21T19:38:55+00:00</time>
      </trkpt>
      <trkpt lat="44.08618" lon="3.14399">
        <ele>755</ele>
        <time>2026-08-21T19:38:58+00:00</time>
      </trkpt>
      <trkpt lat="44.08609" lon="3.14392">
        <ele>755</ele>
        <time>2026-08-21T19:39:01+00:00</time>
      </trkpt>
      <trkpt lat="44.08605" lon="3.14389">
        <ele>756</ele>
        <time>2026-08-21T19:39:04+00:00</time>
      </trkpt>
      <trkpt lat="44.08601" lon="3.14384">
        <ele>756</ele>
        <time>2026-08-21T19:39:07+00:00</time>
      </trkpt>
      <trkpt lat="44.08588" lon="3.14375">
        <ele>757</ele>
        <time>2026-08-21T19:39:10+00:00</time>
      </trkpt>
      <trkpt lat="44.08581" lon="3.14369">
        <ele>757</ele>
        <time>2026-08-21T19:39:13+00:00</time>
      </trkpt>
      <trkpt lat="44.08577" lon="3.14364">
        <ele>757</ele>
        <time>2026-08-21T19:39:16+00:00</time>
      </trkpt>
      <trkpt lat="44.08571" lon="3.14355">
        <ele>758</ele>
        <time>2026-08-21T19:39:19+00:00</time>
      </trkpt>
      <trkpt lat="44.08567" lon="3.14345">
        <ele>759</ele>
        <time>2026-08-21T19:39:22+00:00</time>
      </trkpt>
      <trkpt lat="44.08559" lon="3.14326">
        <ele>759</ele>
        <time>2026-08-21T19:39:25+00:00</time>
      </trkpt>
      <trkpt lat="44.08558" lon="3.1432">
        <ele>759</ele>
        <time>2026-08-21T19:39:28+00:00</time>
      </trkpt>
      <trkpt lat="44.08557" lon="3.14313">
        <ele>759</ele>
        <time>2026-08-21T19:39:31+00:00</time>
      </trkpt>
      <trkpt lat="44.08556" lon="3.14309">
        <ele>759</ele>
        <time>2026-08-21T19:39:34+00:00</time>
      </trkpt>
      <trkpt lat="44.08555" lon="3.14306">
        <ele>759</ele>
        <time>2026-08-21T19:39:37+00:00</time>
      </trkpt>
      <trkpt lat="44.08554" lon="3.14298">
        <ele>760</ele>
        <time>2026-08-21T19:39:40+00:00</time>
      </trkpt>
      <trkpt lat="44.08553" lon="3.14285">
        <ele>760</ele>
        <time>2026-08-21T19:39:43+00:00</time>
      </trkpt>
      <trkpt lat="44.08554" lon="3.14277">
        <ele>760</ele>
        <time>2026-08-21T19:39:46+00:00</time>
      </trkpt>
      <trkpt lat="44.08562" lon="3.14251">
        <ele>760</ele>
        <time>2026-08-21T19:39:49+00:00</time>
      </trkpt>
      <trkpt lat="44.08565" lon="3.14235">
        <ele>761</ele>
        <time>2026-08-21T19:39:52+00:00</time>
      </trkpt>
      <trkpt lat="44.08567" lon="3.14231">
        <ele>761</ele>
        <time>2026-08-21T19:39:55+00:00</time>
      </trkpt>
      <trkpt lat="44.08569" lon="3.14214">
        <ele>761</ele>
        <time>2026-08-21T19:39:58+00:00</time>
      </trkpt>
      <trkpt lat="44.08577" lon="3.14194">
        <ele>761</ele>
        <time>2026-08-21T19:40:01+00:00</time>
      </trkpt>
      <trkpt lat="44.08581" lon="3.14183">
        <ele>761</ele>
        <time>2026-08-21T19:40:04+00:00</time>
      </trkpt>
      <trkpt lat="44.08584" lon="3.14162">
        <ele>762</ele>
        <time>2026-08-21T19:40:07+00:00</time>
      </trkpt>
      <trkpt lat="44.08585" lon="3.14154">
        <ele>763</ele>
        <time>2026-08-21T19:40:10+00:00</time>
      </trkpt>
      <trkpt lat="44.08587" lon="3.1415">
        <ele>763</ele>
        <time>2026-08-21T19:40:13+00:00</time>
      </trkpt>
      <trkpt lat="44.08588" lon="3.14147">
        <ele>763</ele>
        <time>2026-08-21T19:40:16+00:00</time>
      </trkpt>
      <trkpt lat="44.08589" lon="3.14143">
        <ele>763</ele>
        <time>2026-08-21T19:40:19+00:00</time>
      </trkpt>
      <trkpt lat="44.08594" lon="3.14127">
        <ele>763</ele>
        <time>2026-08-21T19:40:22+00:00</time>
      </trkpt>
      <trkpt lat="44.08595" lon="3.14104">
        <ele>763</ele>
        <time>2026-08-21T19:40:25+00:00</time>
      </trkpt>
      <trkpt lat="44.08597" lon="3.14096">
        <ele>763</ele>
        <time>2026-08-21T19:40:28+00:00</time>
      </trkpt>
      <trkpt lat="44.08603" lon="3.14083">
        <ele>763</ele>
        <time>2026-08-21T19:40:31+00:00</time>
      </trkpt>
      <trkpt lat="44.0861" lon="3.14061">
        <ele>763</ele>
        <time>2026-08-21T19:40:34+00:00</time>
      </trkpt>
      <trkpt lat="44.0862" lon="3.14031">
        <ele>763</ele>
        <time>2026-08-21T19:40:37+00:00</time>
      </trkpt>
      <trkpt lat="44.08624" lon="3.14013">
        <ele>763</ele>
        <time>2026-08-21T19:40:40+00:00</time>
      </trkpt>
      <trkpt lat="44.08631" lon="3.1399">
        <ele>762</ele>
        <time>2026-08-21T19:40:43+00:00</time>
      </trkpt>
      <trkpt lat="44.08635" lon="3.13977">
        <ele>762</ele>
        <time>2026-08-21T19:40:46+00:00</time>
      </trkpt>
      <trkpt lat="44.08639" lon="3.13968">
        <ele>762</ele>
        <time>2026-08-21T19:40:49+00:00</time>
      </trkpt>
      <trkpt lat="44.08642" lon="3.13959">
        <ele>761</ele>
        <time>2026-08-21T19:40:52+00:00</time>
      </trkpt>
      <trkpt lat="44.08644" lon="3.13949">
        <ele>761</ele>
        <time>2026-08-21T19:40:55+00:00</time>
      </trkpt>
      <trkpt lat="44.08646" lon="3.13929">
        <ele>761</ele>
        <time>2026-08-21T19:40:58+00:00</time>
      </trkpt>
      <trkpt lat="44.08649" lon="3.1392">
        <ele>760</ele>
        <time>2026-08-21T19:41:01+00:00</time>
      </trkpt>
      <trkpt lat="44.08655" lon="3.13907">
        <ele>759</ele>
        <time>2026-08-21T19:41:04+00:00</time>
      </trkpt>
      <trkpt lat="44.08671" lon="3.13883">
        <ele>757</ele>
        <time>2026-08-21T19:41:07+00:00</time>
      </trkpt>
      <trkpt lat="44.08675" lon="3.13874">
        <ele>757</ele>
        <time>2026-08-21T19:41:10+00:00</time>
      </trkpt>
      <trkpt lat="44.0868" lon="3.13859">
        <ele>755</ele>
        <time>2026-08-21T19:41:13+00:00</time>
      </trkpt>
      <trkpt lat="44.08682" lon="3.13843">
        <ele>755</ele>
        <time>2026-08-21T19:41:16+00:00</time>
      </trkpt>
      <trkpt lat="44.08682" lon="3.13823">
        <ele>754</ele>
        <time>2026-08-21T19:41:19+00:00</time>
      </trkpt>
      <trkpt lat="44.08682" lon="3.13818">
        <ele>753</ele>
        <time>2026-08-21T19:41:22+00:00</time>
      </trkpt>
      <trkpt lat="44.08683" lon="3.13813">
        <ele>753</ele>
        <time>2026-08-21T19:41:25+00:00</time>
      </trkpt>
      <trkpt lat="44.08688" lon="3.13804">
        <ele>752</ele>
        <time>2026-08-21T19:41:28+00:00</time>
      </trkpt>
      <trkpt lat="44.08692" lon="3.13799">
        <ele>751</ele>
        <time>2026-08-21T19:41:31+00:00</time>
      </trkpt>
      <trkpt lat="44.08701" lon="3.13793">
        <ele>751</ele>
        <time>2026-08-21T19:41:34+00:00</time>
      </trkpt>
      <trkpt lat="44.0872" lon="3.13785">
        <ele>750</ele>
        <time>2026-08-21T19:41:37+00:00</time>
      </trkpt>
      <trkpt lat="44.08723" lon="3.13782">
        <ele>749</ele>
        <time>2026-08-21T19:41:40+00:00</time>
      </trkpt>
      <trkpt lat="44.0873" lon="3.13779">
        <ele>748</ele>
        <time>2026-08-21T19:41:43+00:00</time>
      </trkpt>
      <trkpt lat="44.08745" lon="3.13776">
        <ele>748</ele>
        <time>2026-08-21T19:41:46+00:00</time>
      </trkpt>
      <trkpt lat="44.08752" lon="3.13773">
        <ele>747</ele>
        <time>2026-08-21T19:41:49+00:00</time>
      </trkpt>
      <trkpt lat="44.08755" lon="3.13771">
        <ele>747</ele>
        <time>2026-08-21T19:41:52+00:00</time>
      </trkpt>
      <trkpt lat="44.08762" lon="3.13765">
        <ele>746</ele>
        <time>2026-08-21T19:41:55+00:00</time>
      </trkpt>
      <trkpt lat="44.08775" lon="3.13753">
        <ele>746</ele>
        <time>2026-08-21T19:41:58+00:00</time>
      </trkpt>
      <trkpt lat="44.0879" lon="3.13739">
        <ele>743</ele>
        <time>2026-08-21T19:42:01+00:00</time>
      </trkpt>
      <trkpt lat="44.08797" lon="3.13735">
        <ele>743</ele>
        <time>2026-08-21T19:42:04+00:00</time>
      </trkpt>
      <trkpt lat="44.08812" lon="3.13728">
        <ele>741</ele>
        <time>2026-08-21T19:42:07+00:00</time>
      </trkpt>
      <trkpt lat="44.08823" lon="3.13721">
        <ele>740</ele>
        <time>2026-08-21T19:42:10+00:00</time>
      </trkpt>
      <trkpt lat="44.08836" lon="3.13715">
        <ele>739</ele>
        <time>2026-08-21T19:42:13+00:00</time>
      </trkpt>
      <trkpt lat="44.0885" lon="3.13706">
        <ele>737</ele>
        <time>2026-08-21T19:42:16+00:00</time>
      </trkpt>
      <trkpt lat="44.08857" lon="3.13703">
        <ele>736</ele>
        <time>2026-08-21T19:42:19+00:00</time>
      </trkpt>
      <trkpt lat="44.08866" lon="3.13701">
        <ele>735</ele>
        <time>2026-08-21T19:42:22+00:00</time>
      </trkpt>
      <trkpt lat="44.08873" lon="3.13697">
        <ele>733</ele>
        <time>2026-08-21T19:42:25+00:00</time>
      </trkpt>
      <trkpt lat="44.08888" lon="3.1368">
        <ele>731</ele>
        <time>2026-08-21T19:42:28+00:00</time>
      </trkpt>
      <trkpt lat="44.08905" lon="3.13667">
        <ele>729</ele>
        <time>2026-08-21T19:42:31+00:00</time>
      </trkpt>
      <trkpt lat="44.08913" lon="3.13663">
        <ele>728</ele>
        <time>2026-08-21T19:42:34+00:00</time>
      </trkpt>
      <trkpt lat="44.08918" lon="3.13656">
        <ele>727</ele>
        <time>2026-08-21T19:42:37+00:00</time>
      </trkpt>
      <trkpt lat="44.08926" lon="3.13645">
        <ele>726</ele>
        <time>2026-08-21T19:42:40+00:00</time>
      </trkpt>
      <trkpt lat="44.08927" lon="3.13641">
        <ele>726</ele>
        <time>2026-08-21T19:42:43+00:00</time>
      </trkpt>
      <trkpt lat="44.08928" lon="3.13636">
        <ele>725</ele>
        <time>2026-08-21T19:42:46+00:00</time>
      </trkpt>
      <trkpt lat="44.08927" lon="3.13626">
        <ele>725</ele>
        <time>2026-08-21T19:42:49+00:00</time>
      </trkpt>
      <trkpt lat="44.08927" lon="3.13621">
        <ele>725</ele>
        <time>2026-08-21T19:42:52+00:00</time>
      </trkpt>
      <trkpt lat="44.0893" lon="3.13611">
        <ele>724</ele>
        <time>2026-08-21T19:42:55+00:00</time>
      </trkpt>
      <trkpt lat="44.08934" lon="3.136">
        <ele>722</ele>
        <time>2026-08-21T19:42:58+00:00</time>
      </trkpt>
      <trkpt lat="44.08938" lon="3.13586">
        <ele>721</ele>
        <time>2026-08-21T19:43:01+00:00</time>
      </trkpt>
      <trkpt lat="44.08942" lon="3.13578">
        <ele>719</ele>
        <time>2026-08-21T19:43:04+00:00</time>
      </trkpt>
      <trkpt lat="44.08946" lon="3.13565">
        <ele>718</ele>
        <time>2026-08-21T19:43:07+00:00</time>
      </trkpt>
      <trkpt lat="44.08945" lon="3.13558">
        <ele>716</ele>
        <time>2026-08-21T19:43:10+00:00</time>
      </trkpt>
      <trkpt lat="44.08945" lon="3.13555">
        <ele>716</ele>
        <time>2026-08-21T19:43:13+00:00</time>
      </trkpt>
      <trkpt lat="44.08942" lon="3.13552">
        <ele>716</ele>
        <time>2026-08-21T19:43:16+00:00</time>
      </trkpt>
      <trkpt lat="44.08934" lon="3.13547">
        <ele>713</ele>
        <time>2026-08-21T19:43:19+00:00</time>
      </trkpt>
      <trkpt lat="44.08926" lon="3.13543">
        <ele>713</ele>
        <time>2026-08-21T19:43:22+00:00</time>
      </trkpt>
      <trkpt lat="44.08921" lon="3.13542">
        <ele>713</ele>
        <time>2026-08-21T19:43:25+00:00</time>
      </trkpt>
      <trkpt lat="44.08911" lon="3.13538">
        <ele>707</ele>
        <time>2026-08-21T19:43:28+00:00</time>
      </trkpt>
      <trkpt lat="44.08904" lon="3.13534">
        <ele>708</ele>
        <time>2026-08-21T19:43:31+00:00</time>
      </trkpt>
      <trkpt lat="44.08893" lon="3.13525">
        <ele>708</ele>
        <time>2026-08-21T19:43:34+00:00</time>
      </trkpt>
      <trkpt lat="44.0889" lon="3.13522">
        <ele>708</ele>
        <time>2026-08-21T19:43:37+00:00</time>
      </trkpt>
      <trkpt lat="44.08883" lon="3.13515">
        <ele>707</ele>
        <time>2026-08-21T19:43:40+00:00</time>
      </trkpt>
      <trkpt lat="44.08876" lon="3.13503">
        <ele>706</ele>
        <time>2026-08-21T19:43:43+00:00</time>
      </trkpt>
      <trkpt lat="44.08863" lon="3.13486">
        <ele>705</ele>
        <time>2026-08-21T19:43:46+00:00</time>
      </trkpt>
      <trkpt lat="44.08858" lon="3.1348">
        <ele>706</ele>
        <time>2026-08-21T19:43:49+00:00</time>
      </trkpt>
      <trkpt lat="44.08852" lon="3.13476">
        <ele>700</ele>
        <time>2026-08-21T19:43:52+00:00</time>
      </trkpt>
      <trkpt lat="44.08844" lon="3.13475">
        <ele>703</ele>
        <time>2026-08-21T19:43:55+00:00</time>
      </trkpt>
      <trkpt lat="44.08837" lon="3.13475">
        <ele>697</ele>
        <time>2026-08-21T19:43:58+00:00</time>
      </trkpt>
      <trkpt lat="44.0883" lon="3.13477">
        <ele>693</ele>
        <time>2026-08-21T19:44:01+00:00</time>
      </trkpt>
      <trkpt lat="44.08819" lon="3.13481">
        <ele>701</ele>
        <time>2026-08-21T19:44:04+00:00</time>
      </trkpt>
      <trkpt lat="44.08807" lon="3.1348">
        <ele>701</ele>
        <time>2026-08-21T19:44:07+00:00</time>
      </trkpt>
      <trkpt lat="44.088" lon="3.13478">
        <ele>697</ele>
        <time>2026-08-21T19:44:10+00:00</time>
      </trkpt>
      <trkpt lat="44.08796" lon="3.13477">
        <ele>699</ele>
        <time>2026-08-21T19:44:13+00:00</time>
      </trkpt>
      <trkpt lat="44.08786" lon="3.13471">
        <ele>698</ele>
        <time>2026-08-21T19:44:16+00:00</time>
      </trkpt>
      <trkpt lat="44.08781" lon="3.1347">
        <ele>693</ele>
        <time>2026-08-21T19:44:19+00:00</time>
      </trkpt>
      <trkpt lat="44.08775" lon="3.13471">
        <ele>698</ele>
        <time>2026-08-21T19:44:22+00:00</time>
      </trkpt>
      <trkpt lat="44.08772" lon="3.1347">
        <ele>693</ele>
        <time>2026-08-21T19:44:25+00:00</time>
      </trkpt>
      <trkpt lat="44.08758" lon="3.13465">
        <ele>696</ele>
        <time>2026-08-21T19:44:28+00:00</time>
      </trkpt>
      <trkpt lat="44.08744" lon="3.13458">
        <ele>692</ele>
        <time>2026-08-21T19:44:31+00:00</time>
      </trkpt>
      <trkpt lat="44.08734" lon="3.13455">
        <ele>691</ele>
        <time>2026-08-21T19:44:34+00:00</time>
      </trkpt>
      <trkpt lat="44.08698" lon="3.13452">
        <ele>690</ele>
        <time>2026-08-21T19:44:37+00:00</time>
      </trkpt>
      <trkpt lat="44.08681" lon="3.13455">
        <ele>685</ele>
        <time>2026-08-21T19:44:40+00:00</time>
      </trkpt>
      <trkpt lat="44.08669" lon="3.13459">
        <ele>692</ele>
        <time>2026-08-21T19:44:43+00:00</time>
      </trkpt>
      <trkpt lat="44.08666" lon="3.13459">
        <ele>689</ele>
        <time>2026-08-21T19:44:46+00:00</time>
      </trkpt>
      <trkpt lat="44.08661" lon="3.13457">
        <ele>689</ele>
        <time>2026-08-21T19:44:49+00:00</time>
      </trkpt>
      <trkpt lat="44.08659" lon="3.13454">
        <ele>695</ele>
        <time>2026-08-21T19:44:52+00:00</time>
      </trkpt>
      <trkpt lat="44.08655" lon="3.13441">
        <ele>689</ele>
        <time>2026-08-21T19:44:55+00:00</time>
      </trkpt>
      <trkpt lat="44.08659" lon="3.1342">
        <ele>694</ele>
        <time>2026-08-21T19:44:58+00:00</time>
      </trkpt>
      <trkpt lat="44.08659" lon="3.13415">
        <ele>694</ele>
        <time>2026-08-21T19:45:01+00:00</time>
      </trkpt>
      <trkpt lat="44.0866" lon="3.1341">
        <ele>689</ele>
        <time>2026-08-21T19:45:04+00:00</time>
      </trkpt>
      <trkpt lat="44.08663" lon="3.13384">
        <ele>688</ele>
        <time>2026-08-21T19:45:07+00:00</time>
      </trkpt>
      <trkpt lat="44.08664" lon="3.13379">
        <ele>689</ele>
        <time>2026-08-21T19:45:10+00:00</time>
      </trkpt>
      <trkpt lat="44.08665" lon="3.13369">
        <ele>690</ele>
        <time>2026-08-21T19:45:13+00:00</time>
      </trkpt>
      <trkpt lat="44.08667" lon="3.13354">
        <ele>691</ele>
        <time>2026-08-21T19:45:16+00:00</time>
      </trkpt>
      <trkpt lat="44.08669" lon="3.1334">
        <ele>688</ele>
        <time>2026-08-21T19:45:19+00:00</time>
      </trkpt>
      <trkpt lat="44.08669" lon="3.13336">
        <ele>691</ele>
        <time>2026-08-21T19:45:22+00:00</time>
      </trkpt>
      <trkpt lat="44.0867" lon="3.13324">
        <ele>687</ele>
        <time>2026-08-21T19:45:25+00:00</time>
      </trkpt>
      <trkpt lat="44.0867" lon="3.13316">
        <ele>687</ele>
        <time>2026-08-21T19:45:28+00:00</time>
      </trkpt>
      <trkpt lat="44.08672" lon="3.13307">
        <ele>687</ele>
        <time>2026-08-21T19:45:31+00:00</time>
      </trkpt>
      <trkpt lat="44.08672" lon="3.13302">
        <ele>687</ele>
        <time>2026-08-21T19:45:34+00:00</time>
      </trkpt>
      <trkpt lat="44.08672" lon="3.13296">
        <ele>687</ele>
        <time>2026-08-21T19:45:37+00:00</time>
      </trkpt>
      <trkpt lat="44.0867" lon="3.13292">
        <ele>687</ele>
        <time>2026-08-21T19:45:40+00:00</time>
      </trkpt>
      <trkpt lat="44.08667" lon="3.13285">
        <ele>686</ele>
        <time>2026-08-21T19:45:43+00:00</time>
      </trkpt>
      <trkpt lat="44.08664" lon="3.13281">
        <ele>686</ele>
        <time>2026-08-21T19:45:46+00:00</time>
      </trkpt>
      <trkpt lat="44.08656" lon="3.13273">
        <ele>685</ele>
        <time>2026-08-21T19:45:49+00:00</time>
      </trkpt>
      <trkpt lat="44.08648" lon="3.13269">
        <ele>680</ele>
        <time>2026-08-21T19:45:52+00:00</time>
      </trkpt>
      <trkpt lat="44.08645" lon="3.13269">
        <ele>687</ele>
        <time>2026-08-21T19:45:55+00:00</time>
      </trkpt>
      <trkpt lat="44.08632" lon="3.1327">
        <ele>687</ele>
        <time>2026-08-21T19:45:58+00:00</time>
      </trkpt>
      <trkpt lat="44.08611" lon="3.13276">
        <ele>689</ele>
        <time>2026-08-21T19:46:01+00:00</time>
      </trkpt>
      <trkpt lat="44.08602" lon="3.13276">
        <ele>689</ele>
        <time>2026-08-21T19:46:04+00:00</time>
      </trkpt>
      <trkpt lat="44.08595" lon="3.13275">
        <ele>690</ele>
        <time>2026-08-21T19:46:07+00:00</time>
      </trkpt>
      <trkpt lat="44.0858" lon="3.13276">
        <ele>691</ele>
        <time>2026-08-21T19:46:10+00:00</time>
      </trkpt>
      <trkpt lat="44.08559" lon="3.13271">
        <ele>693</ele>
        <time>2026-08-21T19:46:13+00:00</time>
      </trkpt>
      <trkpt lat="44.0854" lon="3.13261">
        <ele>691</ele>
        <time>2026-08-21T19:46:16+00:00</time>
      </trkpt>
      <trkpt lat="44.08533" lon="3.13256">
        <ele>691</ele>
        <time>2026-08-21T19:46:19+00:00</time>
      </trkpt>
      <trkpt lat="44.08523" lon="3.13244">
        <ele>690</ele>
        <time>2026-08-21T19:46:22+00:00</time>
      </trkpt>
      <trkpt lat="44.08519" lon="3.13242">
        <ele>693</ele>
        <time>2026-08-21T19:46:25+00:00</time>
      </trkpt>
      <trkpt lat="44.08513" lon="3.13236">
        <ele>688</ele>
        <time>2026-08-21T19:46:28+00:00</time>
      </trkpt>
      <trkpt lat="44.08499" lon="3.13219">
        <ele>688</ele>
        <time>2026-08-21T19:46:31+00:00</time>
      </trkpt>
      <trkpt lat="44.08496" lon="3.13216">
        <ele>684</ele>
        <time>2026-08-21T19:46:34+00:00</time>
      </trkpt>
      <trkpt lat="44.08493" lon="3.13215">
        <ele>684</ele>
        <time>2026-08-21T19:46:37+00:00</time>
      </trkpt>
      <trkpt lat="44.0849" lon="3.13215">
        <ele>684</ele>
        <time>2026-08-21T19:46:40+00:00</time>
      </trkpt>
      <trkpt lat="44.08475" lon="3.13223">
        <ele>687</ele>
        <time>2026-08-21T19:46:43+00:00</time>
      </trkpt>
      <trkpt lat="44.08462" lon="3.13227">
        <ele>686</ele>
        <time>2026-08-21T19:46:46+00:00</time>
      </trkpt>
      <trkpt lat="44.08456" lon="3.13227">
        <ele>684</ele>
        <time>2026-08-21T19:46:49+00:00</time>
      </trkpt>
      <trkpt lat="44.08447" lon="3.13227">
        <ele>685</ele>
        <time>2026-08-21T19:46:52+00:00</time>
      </trkpt>
      <trkpt lat="44.08435" lon="3.13226">
        <ele>681</ele>
        <time>2026-08-21T19:46:55+00:00</time>
      </trkpt>
      <trkpt lat="44.08419" lon="3.13233">
        <ele>684</ele>
        <time>2026-08-21T19:46:58+00:00</time>
      </trkpt>
      <trkpt lat="44.08415" lon="3.13235">
        <ele>684</ele>
        <time>2026-08-21T19:47:01+00:00</time>
      </trkpt>
      <trkpt lat="44.08401" lon="3.13239">
        <ele>683</ele>
        <time>2026-08-21T19:47:04+00:00</time>
      </trkpt>
      <trkpt lat="44.08394" lon="3.1324">
        <ele>683</ele>
        <time>2026-08-21T19:47:07+00:00</time>
      </trkpt>
      <trkpt lat="44.08387" lon="3.13237">
        <ele>683</ele>
        <time>2026-08-21T19:47:10+00:00</time>
      </trkpt>
      <trkpt lat="44.08373" lon="3.13229">
        <ele>682</ele>
        <time>2026-08-21T19:47:13+00:00</time>
      </trkpt>
      <trkpt lat="44.08347" lon="3.13221">
        <ele>682</ele>
        <time>2026-08-21T19:47:16+00:00</time>
      </trkpt>
      <trkpt lat="44.08335" lon="3.13218">
        <ele>679</ele>
        <time>2026-08-21T19:47:19+00:00</time>
      </trkpt>
      <trkpt lat="44.08322" lon="3.13212">
        <ele>680</ele>
        <time>2026-08-21T19:47:22+00:00</time>
      </trkpt>
      <trkpt lat="44.08316" lon="3.13208">
        <ele>674</ele>
        <time>2026-08-21T19:47:25+00:00</time>
      </trkpt>
      <trkpt lat="44.0831" lon="3.13205">
        <ele>674</ele>
        <time>2026-08-21T19:47:28+00:00</time>
      </trkpt>
      <trkpt lat="44.08303" lon="3.13203">
        <ele>674</ele>
        <time>2026-08-21T19:47:31+00:00</time>
      </trkpt>
      <trkpt lat="44.08299" lon="3.13203">
        <ele>672</ele>
        <time>2026-08-21T19:47:34+00:00</time>
      </trkpt>
      <trkpt lat="44.08288" lon="3.13206">
        <ele>669</ele>
        <time>2026-08-21T19:47:37+00:00</time>
      </trkpt>
      <trkpt lat="44.08284" lon="3.13209">
        <ele>669</ele>
        <time>2026-08-21T19:47:40+00:00</time>
      </trkpt>
      <trkpt lat="44.08277" lon="3.13216">
        <ele>670</ele>
        <time>2026-08-21T19:47:43+00:00</time>
      </trkpt>
      <trkpt lat="44.08275" lon="3.13219">
        <ele>670</ele>
        <time>2026-08-21T19:47:46+00:00</time>
      </trkpt>
      <trkpt lat="44.08266" lon="3.13227">
        <ele>669</ele>
        <time>2026-08-21T19:47:49+00:00</time>
      </trkpt>
      <trkpt lat="44.08259" lon="3.13239">
        <ele>666</ele>
        <time>2026-08-21T19:47:52+00:00</time>
      </trkpt>
      <trkpt lat="44.08253" lon="3.13252">
        <ele>671</ele>
        <time>2026-08-21T19:47:55+00:00</time>
      </trkpt>
      <trkpt lat="44.08252" lon="3.13256">
        <ele>671</ele>
        <time>2026-08-21T19:47:58+00:00</time>
      </trkpt>
      <trkpt lat="44.08249" lon="3.13265">
        <ele>669</ele>
        <time>2026-08-21T19:48:01+00:00</time>
      </trkpt>
      <trkpt lat="44.08245" lon="3.13275">
        <ele>672</ele>
        <time>2026-08-21T19:48:04+00:00</time>
      </trkpt>
      <trkpt lat="44.08243" lon="3.13279">
        <ele>672</ele>
        <time>2026-08-21T19:48:07+00:00</time>
      </trkpt>
      <trkpt lat="44.08243" lon="3.13284">
        <ele>674</ele>
        <time>2026-08-21T19:48:10+00:00</time>
      </trkpt>
      <trkpt lat="44.08241" lon="3.13288">
        <ele>674</ele>
        <time>2026-08-21T19:48:13+00:00</time>
      </trkpt>
      <trkpt lat="44.08235" lon="3.13305">
        <ele>671</ele>
        <time>2026-08-21T19:48:16+00:00</time>
      </trkpt>
      <trkpt lat="44.08232" lon="3.13313">
        <ele>675</ele>
        <time>2026-08-21T19:48:19+00:00</time>
      </trkpt>
      <trkpt lat="44.08225" lon="3.13336">
        <ele>671</ele>
        <time>2026-08-21T19:48:22+00:00</time>
      </trkpt>
      <trkpt lat="44.08213" lon="3.13369">
        <ele>669</ele>
        <time>2026-08-21T19:48:25+00:00</time>
      </trkpt>
      <trkpt lat="44.08203" lon="3.13389">
        <ele>670</ele>
        <time>2026-08-21T19:48:28+00:00</time>
      </trkpt>
      <trkpt lat="44.08195" lon="3.134">
        <ele>667</ele>
        <time>2026-08-21T19:48:31+00:00</time>
      </trkpt>
      <trkpt lat="44.08191" lon="3.13407">
        <ele>667</ele>
        <time>2026-08-21T19:48:34+00:00</time>
      </trkpt>
      <trkpt lat="44.0819" lon="3.13409">
        <ele>662</ele>
        <time>2026-08-21T19:48:37+00:00</time>
      </trkpt>
      <trkpt lat="44.08188" lon="3.13407">
        <ele>662</ele>
        <time>2026-08-21T19:48:40+00:00</time>
      </trkpt>
      <trkpt lat="44.08192" lon="3.13389">
        <ele>665</ele>
        <time>2026-08-21T19:48:43+00:00</time>
      </trkpt>
      <trkpt lat="44.08196" lon="3.13379">
        <ele>661</ele>
        <time>2026-08-21T19:48:46+00:00</time>
      </trkpt>
      <trkpt lat="44.08206" lon="3.13351">
        <ele>664</ele>
        <time>2026-08-21T19:48:49+00:00</time>
      </trkpt>
      <trkpt lat="44.08209" lon="3.13345">
        <ele>663</ele>
        <time>2026-08-21T19:48:52+00:00</time>
      </trkpt>
      <trkpt lat="44.08212" lon="3.13333">
        <ele>666</ele>
        <time>2026-08-21T19:48:55+00:00</time>
      </trkpt>
      <trkpt lat="44.08215" lon="3.13326">
        <ele>664</ele>
        <time>2026-08-21T19:48:58+00:00</time>
      </trkpt>
      <trkpt lat="44.08215" lon="3.13319">
        <ele>662</ele>
        <time>2026-08-21T19:49:01+00:00</time>
      </trkpt>
      <trkpt lat="44.08216" lon="3.13311">
        <ele>662</ele>
        <time>2026-08-21T19:49:04+00:00</time>
      </trkpt>
      <trkpt lat="44.0822" lon="3.13292">
        <ele>663</ele>
        <time>2026-08-21T19:49:07+00:00</time>
      </trkpt>
      <trkpt lat="44.08229" lon="3.13267">
        <ele>656</ele>
        <time>2026-08-21T19:49:10+00:00</time>
      </trkpt>
      <trkpt lat="44.0824" lon="3.13229">
        <ele>657</ele>
        <time>2026-08-21T19:49:13+00:00</time>
      </trkpt>
      <trkpt lat="44.08245" lon="3.13218">
        <ele>657</ele>
        <time>2026-08-21T19:49:16+00:00</time>
      </trkpt>
      <trkpt lat="44.08251" lon="3.13206">
        <ele>658</ele>
        <time>2026-08-21T19:49:19+00:00</time>
      </trkpt>
      <trkpt lat="44.08256" lon="3.132">
        <ele>658</ele>
        <time>2026-08-21T19:49:22+00:00</time>
      </trkpt>
      <trkpt lat="44.08265" lon="3.13192">
        <ele>661</ele>
        <time>2026-08-21T19:49:25+00:00</time>
      </trkpt>
      <trkpt lat="44.08268" lon="3.13185">
        <ele>654</ele>
        <time>2026-08-21T19:49:28+00:00</time>
      </trkpt>
      <trkpt lat="44.08271" lon="3.13178">
        <ele>657</ele>
        <time>2026-08-21T19:49:31+00:00</time>
      </trkpt>
      <trkpt lat="44.08275" lon="3.13162">
        <ele>655</ele>
        <time>2026-08-21T19:49:34+00:00</time>
      </trkpt>
      <trkpt lat="44.0828" lon="3.13149">
        <ele>650</ele>
        <time>2026-08-21T19:49:37+00:00</time>
      </trkpt>
      <trkpt lat="44.08283" lon="3.13145">
        <ele>650</ele>
        <time>2026-08-21T19:49:40+00:00</time>
      </trkpt>
      <trkpt lat="44.08285" lon="3.13142">
        <ele>650</ele>
        <time>2026-08-21T19:49:43+00:00</time>
      </trkpt>
      <trkpt lat="44.08289" lon="3.1314">
        <ele>650</ele>
        <time>2026-08-21T19:49:46+00:00</time>
      </trkpt>
      <trkpt lat="44.08302" lon="3.13145">
        <ele>650</ele>
        <time>2026-08-21T19:49:49+00:00</time>
      </trkpt>
      <trkpt lat="44.08313" lon="3.13147">
        <ele>646</ele>
        <time>2026-08-21T19:49:52+00:00</time>
      </trkpt>
      <trkpt lat="44.08329" lon="3.13156">
        <ele>650</ele>
        <time>2026-08-21T19:49:55+00:00</time>
      </trkpt>
      <trkpt lat="44.0835" lon="3.1316">
        <ele>643</ele>
        <time>2026-08-21T19:49:58+00:00</time>
      </trkpt>
      <trkpt lat="44.08352" lon="3.13158">
        <ele>643</ele>
        <time>2026-08-21T19:50:01+00:00</time>
      </trkpt>
      <trkpt lat="44.0835" lon="3.13156">
        <ele>643</ele>
        <time>2026-08-21T19:50:04+00:00</time>
      </trkpt>
      <trkpt lat="44.08348" lon="3.13154">
        <ele>646</ele>
        <time>2026-08-21T19:50:07+00:00</time>
      </trkpt>
      <trkpt lat="44.08341" lon="3.1315">
        <ele>646</ele>
        <time>2026-08-21T19:50:10+00:00</time>
      </trkpt>
      <trkpt lat="44.08334" lon="3.13144">
        <ele>641</ele>
        <time>2026-08-21T19:50:13+00:00</time>
      </trkpt>
      <trkpt lat="44.08329" lon="3.13142">
        <ele>643</ele>
        <time>2026-08-21T19:50:16+00:00</time>
      </trkpt>
      <trkpt lat="44.08329" lon="3.13139">
        <ele>639</ele>
        <time>2026-08-21T19:50:19+00:00</time>
      </trkpt>
      <trkpt lat="44.08331" lon="3.13137">
        <ele>637</ele>
        <time>2026-08-21T19:50:22+00:00</time>
      </trkpt>
      <trkpt lat="44.08336" lon="3.13137">
        <ele>637</ele>
        <time>2026-08-21T19:50:25+00:00</time>
      </trkpt>
      <trkpt lat="44.08344" lon="3.13137">
        <ele>635</ele>
        <time>2026-08-21T19:50:28+00:00</time>
      </trkpt>
      <trkpt lat="44.08366" lon="3.1313">
        <ele>630</ele>
        <time>2026-08-21T19:50:31+00:00</time>
      </trkpt>
      <trkpt lat="44.08378" lon="3.1313">
        <ele>624</ele>
        <time>2026-08-21T19:50:34+00:00</time>
      </trkpt>
      <trkpt lat="44.08388" lon="3.13128">
        <ele>622</ele>
        <time>2026-08-21T19:50:37+00:00</time>
      </trkpt>
      <trkpt lat="44.08402" lon="3.13129">
        <ele>620</ele>
        <time>2026-08-21T19:50:40+00:00</time>
      </trkpt>
      <trkpt lat="44.08405" lon="3.1313">
        <ele>625</ele>
        <time>2026-08-21T19:50:43+00:00</time>
      </trkpt>
      <trkpt lat="44.08418" lon="3.13129">
        <ele>619</ele>
        <time>2026-08-21T19:50:46+00:00</time>
      </trkpt>
      <trkpt lat="44.08427" lon="3.13131">
        <ele>624</ele>
        <time>2026-08-21T19:50:49+00:00</time>
      </trkpt>
      <trkpt lat="44.08432" lon="3.13131">
        <ele>624</ele>
        <time>2026-08-21T19:50:52+00:00</time>
      </trkpt>
      <trkpt lat="44.08448" lon="3.13129">
        <ele>619</ele>
        <time>2026-08-21T19:50:55+00:00</time>
      </trkpt>
      <trkpt lat="44.08455" lon="3.13127">
        <ele>618</ele>
        <time>2026-08-21T19:50:58+00:00</time>
      </trkpt>
      <trkpt lat="44.08473" lon="3.13118">
        <ele>611</ele>
        <time>2026-08-21T19:51:01+00:00</time>
      </trkpt>
      <trkpt lat="44.08482" lon="3.13112">
        <ele>611</ele>
        <time>2026-08-21T19:51:04+00:00</time>
      </trkpt>
      <trkpt lat="44.08502" lon="3.13103">
        <ele>606</ele>
        <time>2026-08-21T19:51:07+00:00</time>
      </trkpt>
      <trkpt lat="44.08513" lon="3.13101">
        <ele>605</ele>
        <time>2026-08-21T19:51:10+00:00</time>
      </trkpt>
      <trkpt lat="44.08538" lon="3.13095">
        <ele>600</ele>
        <time>2026-08-21T19:51:13+00:00</time>
      </trkpt>
      <trkpt lat="44.08545" lon="3.13094">
        <ele>599</ele>
        <time>2026-08-21T19:51:16+00:00</time>
      </trkpt>
      <trkpt lat="44.08552" lon="3.13095">
        <ele>598</ele>
        <time>2026-08-21T19:51:19+00:00</time>
      </trkpt>
      <trkpt lat="44.08555" lon="3.13094">
        <ele>598</ele>
        <time>2026-08-21T19:51:22+00:00</time>
      </trkpt>
      <trkpt lat="44.08562" lon="3.13093">
        <ele>597</ele>
        <time>2026-08-21T19:51:25+00:00</time>
      </trkpt>
      <trkpt lat="44.08576" lon="3.13088">
        <ele>590</ele>
        <time>2026-08-21T19:51:28+00:00</time>
      </trkpt>
      <trkpt lat="44.08587" lon="3.13086">
        <ele>589</ele>
        <time>2026-08-21T19:51:31+00:00</time>
      </trkpt>
      <trkpt lat="44.08595" lon="3.13083">
        <ele>588</ele>
        <time>2026-08-21T19:51:34+00:00</time>
      </trkpt>
      <trkpt lat="44.08608" lon="3.1308">
        <ele>587</ele>
        <time>2026-08-21T19:51:37+00:00</time>
      </trkpt>
      <trkpt lat="44.08615" lon="3.1308">
        <ele>586</ele>
        <time>2026-08-21T19:51:40+00:00</time>
      </trkpt>
      <trkpt lat="44.08618" lon="3.13079">
        <ele>582</ele>
        <time>2026-08-21T19:51:43+00:00</time>
      </trkpt>
      <trkpt lat="44.08629" lon="3.13079">
        <ele>581</ele>
        <time>2026-08-21T19:51:46+00:00</time>
      </trkpt>
      <trkpt lat="44.08647" lon="3.1308">
        <ele>576</ele>
        <time>2026-08-21T19:51:49+00:00</time>
      </trkpt>
      <trkpt lat="44.08664" lon="3.13085">
        <ele>574</ele>
        <time>2026-08-21T19:51:52+00:00</time>
      </trkpt>
      <trkpt lat="44.08668" lon="3.13086">
        <ele>574</ele>
        <time>2026-08-21T19:51:55+00:00</time>
      </trkpt>
      <trkpt lat="44.08674" lon="3.13085">
        <ele>572</ele>
        <time>2026-08-21T19:51:58+00:00</time>
      </trkpt>
      <trkpt lat="44.08677" lon="3.13083">
        <ele>572</ele>
        <time>2026-08-21T19:52:01+00:00</time>
      </trkpt>
      <trkpt lat="44.0868" lon="3.13081">
        <ele>572</ele>
        <time>2026-08-21T19:52:04+00:00</time>
      </trkpt>
      <trkpt lat="44.08687" lon="3.13078">
        <ele>567</ele>
        <time>2026-08-21T19:52:07+00:00</time>
      </trkpt>
      <trkpt lat="44.08697" lon="3.13077">
        <ele>567</ele>
        <time>2026-08-21T19:52:10+00:00</time>
      </trkpt>
      <trkpt lat="44.08704" lon="3.13074">
        <ele>567</ele>
        <time>2026-08-21T19:52:13+00:00</time>
      </trkpt>
      <trkpt lat="44.08715" lon="3.13074">
        <ele>567</ele>
        <time>2026-08-21T19:52:16+00:00</time>
      </trkpt>
      <trkpt lat="44.08724" lon="3.13071">
        <ele>567</ele>
        <time>2026-08-21T19:52:19+00:00</time>
      </trkpt>
      <trkpt lat="44.08733" lon="3.13068">
        <ele>562</ele>
        <time>2026-08-21T19:52:22+00:00</time>
      </trkpt>
      <trkpt lat="44.08741" lon="3.13064">
        <ele>564</ele>
        <time>2026-08-21T19:52:25+00:00</time>
      </trkpt>
      <trkpt lat="44.08752" lon="3.1306">
        <ele>564</ele>
        <time>2026-08-21T19:52:28+00:00</time>
      </trkpt>
      <trkpt lat="44.08758" lon="3.13056">
        <ele>558</ele>
        <time>2026-08-21T19:52:31+00:00</time>
      </trkpt>
      <trkpt lat="44.08768" lon="3.13051">
        <ele>559</ele>
        <time>2026-08-21T19:52:34+00:00</time>
      </trkpt>
      <trkpt lat="44.08782" lon="3.13048">
        <ele>556</ele>
        <time>2026-08-21T19:52:37+00:00</time>
      </trkpt>
      <trkpt lat="44.08802" lon="3.13052">
        <ele>556</ele>
        <time>2026-08-21T19:52:40+00:00</time>
      </trkpt>
      <trkpt lat="44.08825" lon="3.13051">
        <ele>551</ele>
        <time>2026-08-21T19:52:43+00:00</time>
      </trkpt>
      <trkpt lat="44.08847" lon="3.13053">
        <ele>546</ele>
        <time>2026-08-21T19:52:46+00:00</time>
      </trkpt>
      <trkpt lat="44.08851" lon="3.13054">
        <ele>544</ele>
        <time>2026-08-21T19:52:49+00:00</time>
      </trkpt>
      <trkpt lat="44.08863" lon="3.13058">
        <ele>542</ele>
        <time>2026-08-21T19:52:52+00:00</time>
      </trkpt>
      <trkpt lat="44.08873" lon="3.13061">
        <ele>543</ele>
        <time>2026-08-21T19:52:55+00:00</time>
      </trkpt>
      <trkpt lat="44.08886" lon="3.13064">
        <ele>541</ele>
        <time>2026-08-21T19:52:58+00:00</time>
      </trkpt>
      <trkpt lat="44.08898" lon="3.13064">
        <ele>539</ele>
        <time>2026-08-21T19:53:01+00:00</time>
      </trkpt>
      <trkpt lat="44.08901" lon="3.13066">
        <ele>537</ele>
        <time>2026-08-21T19:53:04+00:00</time>
      </trkpt>
      <trkpt lat="44.08903" lon="3.13069">
        <ele>537</ele>
        <time>2026-08-21T19:53:07+00:00</time>
      </trkpt>
      <trkpt lat="44.08909" lon="3.13089">
        <ele>537</ele>
        <time>2026-08-21T19:53:10+00:00</time>
      </trkpt>
      <trkpt lat="44.08911" lon="3.1309">
        <ele>533</ele>
        <time>2026-08-21T19:53:13+00:00</time>
      </trkpt>
      <trkpt lat="44.08914" lon="3.1309">
        <ele>533</ele>
        <time>2026-08-21T19:53:16+00:00</time>
      </trkpt>
      <trkpt lat="44.0893" lon="3.1308">
        <ele>533</ele>
        <time>2026-08-21T19:53:19+00:00</time>
      </trkpt>
      <trkpt lat="44.08932" lon="3.13078">
        <ele>530</ele>
        <time>2026-08-21T19:53:22+00:00</time>
      </trkpt>
      <trkpt lat="44.08945" lon="3.1306">
        <ele>528</ele>
        <time>2026-08-21T19:53:25+00:00</time>
      </trkpt>
      <trkpt lat="44.08953" lon="3.13052">
        <ele>525</ele>
        <time>2026-08-21T19:53:28+00:00</time>
      </trkpt>
      <trkpt lat="44.08957" lon="3.13044">
        <ele>522</ele>
        <time>2026-08-21T19:53:31+00:00</time>
      </trkpt>
      <trkpt lat="44.08959" lon="3.13041">
        <ele>522</ele>
        <time>2026-08-21T19:53:34+00:00</time>
      </trkpt>
      <trkpt lat="44.08962" lon="3.13038">
        <ele>522</ele>
        <time>2026-08-21T19:53:37+00:00</time>
      </trkpt>
      <trkpt lat="44.08963" lon="3.13035">
        <ele>522</ele>
        <time>2026-08-21T19:53:40+00:00</time>
      </trkpt>
      <trkpt lat="44.08968" lon="3.1303">
        <ele>517</ele>
        <time>2026-08-21T19:53:43+00:00</time>
      </trkpt>
      <trkpt lat="44.08977" lon="3.13024">
        <ele>518</ele>
        <time>2026-08-21T19:53:46+00:00</time>
      </trkpt>
      <trkpt lat="44.08983" lon="3.13019">
        <ele>514</ele>
        <time>2026-08-21T19:53:49+00:00</time>
      </trkpt>
      <trkpt lat="44.09001" lon="3.1301">
        <ele>513</ele>
        <time>2026-08-21T19:53:52+00:00</time>
      </trkpt>
      <trkpt lat="44.09014" lon="3.13">
        <ele>508</ele>
        <time>2026-08-21T19:53:55+00:00</time>
      </trkpt>
      <trkpt lat="44.09017" lon="3.12997">
        <ele>508</ele>
        <time>2026-08-21T19:53:58+00:00</time>
      </trkpt>
      <trkpt lat="44.09024" lon="3.12991">
        <ele>508</ele>
        <time>2026-08-21T19:54:01+00:00</time>
      </trkpt>
      <trkpt lat="44.0903" lon="3.12988">
        <ele>505</ele>
        <time>2026-08-21T19:54:04+00:00</time>
      </trkpt>
      <trkpt lat="44.09039" lon="3.12983">
        <ele>505</ele>
        <time>2026-08-21T19:54:07+00:00</time>
      </trkpt>
      <trkpt lat="44.09053" lon="3.12978">
        <ele>500</ele>
        <time>2026-08-21T19:54:10+00:00</time>
      </trkpt>
      <trkpt lat="44.09059" lon="3.12978">
        <ele>500</ele>
        <time>2026-08-21T19:54:13+00:00</time>
      </trkpt>
      <trkpt lat="44.09065" lon="3.12978">
        <ele>499</ele>
        <time>2026-08-21T19:54:16+00:00</time>
      </trkpt>
      <trkpt lat="44.09073" lon="3.12977">
        <ele>498</ele>
        <time>2026-08-21T19:54:19+00:00</time>
      </trkpt>
      <trkpt lat="44.09082" lon="3.12979">
        <ele>496</ele>
        <time>2026-08-21T19:54:22+00:00</time>
      </trkpt>
      <trkpt lat="44.09084" lon="3.12981">
        <ele>498</ele>
        <time>2026-08-21T19:54:25+00:00</time>
      </trkpt>
      <trkpt lat="44.09087" lon="3.12984">
        <ele>498</ele>
        <time>2026-08-21T19:54:28+00:00</time>
      </trkpt>
      <trkpt lat="44.09091" lon="3.1299">
        <ele>494</ele>
        <time>2026-08-21T19:54:31+00:00</time>
      </trkpt>
      <trkpt lat="44.09093" lon="3.12997">
        <ele>494</ele>
        <time>2026-08-21T19:54:34+00:00</time>
      </trkpt>
      <trkpt lat="44.09099" lon="3.13005">
        <ele>495</ele>
        <time>2026-08-21T19:54:37+00:00</time>
      </trkpt>
      <trkpt lat="44.09105" lon="3.13009">
        <ele>492</ele>
        <time>2026-08-21T19:54:40+00:00</time>
      </trkpt>
      <trkpt lat="44.09114" lon="3.13012">
        <ele>490</ele>
        <time>2026-08-21T19:54:43+00:00</time>
      </trkpt>
      <trkpt lat="44.09124" lon="3.13012">
        <ele>487</ele>
        <time>2026-08-21T19:54:46+00:00</time>
      </trkpt>
      <trkpt lat="44.09127" lon="3.13011">
        <ele>487</ele>
        <time>2026-08-21T19:54:49+00:00</time>
      </trkpt>
      <trkpt lat="44.09136" lon="3.13007">
        <ele>486</ele>
        <time>2026-08-21T19:54:52+00:00</time>
      </trkpt>
      <trkpt lat="44.09141" lon="3.13004">
        <ele>485</ele>
        <time>2026-08-21T19:54:55+00:00</time>
      </trkpt>
      <trkpt lat="44.09144" lon="3.13002">
        <ele>485</ele>
        <time>2026-08-21T19:54:58+00:00</time>
      </trkpt>
      <trkpt lat="44.09157" lon="3.12997">
        <ele>481</ele>
        <time>2026-08-21T19:55:01+00:00</time>
      </trkpt>
      <trkpt lat="44.09163" lon="3.12996">
        <ele>481</ele>
        <time>2026-08-21T19:55:04+00:00</time>
      </trkpt>
      <trkpt lat="44.09186" lon="3.12999">
        <ele>478</ele>
        <time>2026-08-21T19:55:07+00:00</time>
      </trkpt>
      <trkpt lat="44.09198" lon="3.12994">
        <ele>473</ele>
        <time>2026-08-21T19:55:10+00:00</time>
      </trkpt>
      <trkpt lat="44.092" lon="3.12992">
        <ele>477</ele>
        <time>2026-08-21T19:55:13+00:00</time>
      </trkpt>
      <trkpt lat="44.09208" lon="3.12981">
        <ele>473</ele>
        <time>2026-08-21T19:55:16+00:00</time>
      </trkpt>
      <trkpt lat="44.09212" lon="3.12977">
        <ele>472</ele>
        <time>2026-08-21T19:55:19+00:00</time>
      </trkpt>
      <trkpt lat="44.09218" lon="3.12973">
        <ele>472</ele>
        <time>2026-08-21T19:55:22+00:00</time>
      </trkpt>
      <trkpt lat="44.09228" lon="3.12967">
        <ele>466</ele>
        <time>2026-08-21T19:55:25+00:00</time>
      </trkpt>
      <trkpt lat="44.09238" lon="3.12963">
        <ele>469</ele>
        <time>2026-08-21T19:55:28+00:00</time>
      </trkpt>
      <trkpt lat="44.09243" lon="3.12958">
        <ele>466</ele>
        <time>2026-08-21T19:55:31+00:00</time>
      </trkpt>
      <trkpt lat="44.09252" lon="3.12953">
        <ele>466</ele>
        <time>2026-08-21T19:55:34+00:00</time>
      </trkpt>
      <trkpt lat="44.09264" lon="3.12946">
        <ele>464</ele>
        <time>2026-08-21T19:55:37+00:00</time>
      </trkpt>
      <trkpt lat="44.0927" lon="3.12944">
        <ele>465</ele>
        <time>2026-08-21T19:55:40+00:00</time>
      </trkpt>
      <trkpt lat="44.09274" lon="3.12941">
        <ele>464</ele>
        <time>2026-08-21T19:55:43+00:00</time>
      </trkpt>
      <trkpt lat="44.09267" lon="3.12938">
        <ele>461</ele>
        <time>2026-08-21T19:55:46+00:00</time>
      </trkpt>
      <trkpt lat="44.09264" lon="3.12936">
        <ele>461</ele>
        <time>2026-08-21T19:55:49+00:00</time>
      </trkpt>
      <trkpt lat="44.09262" lon="3.12932">
        <ele>461</ele>
        <time>2026-08-21T19:55:52+00:00</time>
      </trkpt>
      <trkpt lat="44.09262" lon="3.12929">
        <ele>465</ele>
        <time>2026-08-21T19:55:55+00:00</time>
      </trkpt>
      <trkpt lat="44.09262" lon="3.12926">
        <ele>465</ele>
        <time>2026-08-21T19:55:58+00:00</time>
      </trkpt>
      <trkpt lat="44.09265" lon="3.12924">
        <ele>465</ele>
        <time>2026-08-21T19:56:01+00:00</time>
      </trkpt>
      <trkpt lat="44.09269" lon="3.12921">
        <ele>465</ele>
        <time>2026-08-21T19:56:04+00:00</time>
      </trkpt>
      <trkpt lat="44.09292" lon="3.12915">
        <ele>459</ele>
        <time>2026-08-21T19:56:07+00:00</time>
      </trkpt>
      <trkpt lat="44.09299" lon="3.12915">
        <ele>459</ele>
        <time>2026-08-21T19:56:10+00:00</time>
      </trkpt>
      <trkpt lat="44.09304" lon="3.12917">
        <ele>457</ele>
        <time>2026-08-21T19:56:13+00:00</time>
      </trkpt>
      <trkpt lat="44.09314" lon="3.12919">
        <ele>455</ele>
        <time>2026-08-21T19:56:16+00:00</time>
      </trkpt>
      <trkpt lat="44.09322" lon="3.1292">
        <ele>456</ele>
        <time>2026-08-21T19:56:19+00:00</time>
      </trkpt>
      <trkpt lat="44.09335" lon="3.12925">
        <ele>455</ele>
        <time>2026-08-21T19:56:22+00:00</time>
      </trkpt>
      <trkpt lat="44.09342" lon="3.12927">
        <ele>454</ele>
        <time>2026-08-21T19:56:25+00:00</time>
      </trkpt>
      <trkpt lat="44.09344" lon="3.12929">
        <ele>454</ele>
        <time>2026-08-21T19:56:28+00:00</time>
      </trkpt>
      <trkpt lat="44.09363" lon="3.12937">
        <ele>450</ele>
        <time>2026-08-21T19:56:31+00:00</time>
      </trkpt>
      <trkpt lat="44.09376" lon="3.12937">
        <ele>448</ele>
        <time>2026-08-21T19:56:34+00:00</time>
      </trkpt>
      <trkpt lat="44.09388" lon="3.12941">
        <ele>445</ele>
        <time>2026-08-21T19:56:37+00:00</time>
      </trkpt>
      <trkpt lat="44.09396" lon="3.12941">
        <ele>444</ele>
        <time>2026-08-21T19:56:40+00:00</time>
      </trkpt>
      <trkpt lat="44.09408" lon="3.12944">
        <ele>444</ele>
        <time>2026-08-21T19:56:43+00:00</time>
      </trkpt>
      <trkpt lat="44.09412" lon="3.12944">
        <ele>444</ele>
        <time>2026-08-21T19:56:46+00:00</time>
      </trkpt>
      <trkpt lat="44.09415" lon="3.12944">
        <ele>444</ele>
        <time>2026-08-21T19:56:49+00:00</time>
      </trkpt>
      <trkpt lat="44.09419" lon="3.12946">
        <ele>444</ele>
        <time>2026-08-21T19:56:52+00:00</time>
      </trkpt>
      <trkpt lat="44.09427" lon="3.12946">
        <ele>444</ele>
        <time>2026-08-21T19:56:55+00:00</time>
      </trkpt>
      <trkpt lat="44.09435" lon="3.1295">
        <ele>440</ele>
        <time>2026-08-21T19:56:58+00:00</time>
      </trkpt>
      <trkpt lat="44.09438" lon="3.12951">
        <ele>440</ele>
        <time>2026-08-21T19:57:01+00:00</time>
      </trkpt>
      <trkpt lat="44.0945" lon="3.12948">
        <ele>436</ele>
        <time>2026-08-21T19:57:04+00:00</time>
      </trkpt>
      <trkpt lat="44.09455" lon="3.12946">
        <ele>436</ele>
        <time>2026-08-21T19:57:07+00:00</time>
      </trkpt>
      <trkpt lat="44.09459" lon="3.12942">
        <ele>436</ele>
        <time>2026-08-21T19:57:10+00:00</time>
      </trkpt>
      <trkpt lat="44.09461" lon="3.12941">
        <ele>437</ele>
        <time>2026-08-21T19:57:13+00:00</time>
      </trkpt>
      <trkpt lat="44.09463" lon="3.12935">
        <ele>434</ele>
        <time>2026-08-21T19:57:16+00:00</time>
      </trkpt>
      <trkpt lat="44.09467" lon="3.12932">
        <ele>434</ele>
        <time>2026-08-21T19:57:19+00:00</time>
      </trkpt>
      <trkpt lat="44.09471" lon="3.12927">
        <ele>433</ele>
        <time>2026-08-21T19:57:22+00:00</time>
      </trkpt>
      <trkpt lat="44.09475" lon="3.12916">
        <ele>433</ele>
        <time>2026-08-21T19:57:25+00:00</time>
      </trkpt>
      <trkpt lat="44.09482" lon="3.12903">
        <ele>431</ele>
        <time>2026-08-21T19:57:28+00:00</time>
      </trkpt>
      <trkpt lat="44.0949" lon="3.12892">
        <ele>429</ele>
        <time>2026-08-21T19:57:31+00:00</time>
      </trkpt>
      <trkpt lat="44.09495" lon="3.12887">
        <ele>429</ele>
        <time>2026-08-21T19:57:34+00:00</time>
      </trkpt>
      <trkpt lat="44.09506" lon="3.1287">
        <ele>431</ele>
        <time>2026-08-21T19:57:37+00:00</time>
      </trkpt>
      <trkpt lat="44.09506" lon="3.12862">
        <ele>427</ele>
        <time>2026-08-21T19:57:40+00:00</time>
      </trkpt>
      <trkpt lat="44.09504" lon="3.12856">
        <ele>429</ele>
        <time>2026-08-21T19:57:43+00:00</time>
      </trkpt>
      <trkpt lat="44.09504" lon="3.12854">
        <ele>429</ele>
        <time>2026-08-21T19:57:46+00:00</time>
      </trkpt>
      <trkpt lat="44.09506" lon="3.12848">
        <ele>431</ele>
        <time>2026-08-21T19:57:49+00:00</time>
      </trkpt>
      <trkpt lat="44.09506" lon="3.12843">
        <ele>431</ele>
        <time>2026-08-21T19:57:52+00:00</time>
      </trkpt>
      <trkpt lat="44.09509" lon="3.12839">
        <ele>435</ele>
        <time>2026-08-21T19:57:55+00:00</time>
      </trkpt>
      <trkpt lat="44.09516" lon="3.1283">
        <ele>428</ele>
        <time>2026-08-21T19:57:58+00:00</time>
      </trkpt>
      <trkpt lat="44.0952" lon="3.12823">
        <ele>431</ele>
        <time>2026-08-21T19:58:01+00:00</time>
      </trkpt>
      <trkpt lat="44.09524" lon="3.12819">
        <ele>433</ele>
        <time>2026-08-21T19:58:04+00:00</time>
      </trkpt>
      <trkpt lat="44.09535" lon="3.12813">
        <ele>431</ele>
        <time>2026-08-21T19:58:07+00:00</time>
      </trkpt>
      <trkpt lat="44.09538" lon="3.12813">
        <ele>431</ele>
        <time>2026-08-21T19:58:10+00:00</time>
      </trkpt>
      <trkpt lat="44.0954" lon="3.12814">
        <ele>429</ele>
        <time>2026-08-21T19:58:13+00:00</time>
      </trkpt>
      <trkpt lat="44.09543" lon="3.12814">
        <ele>429</ele>
        <time>2026-08-21T19:58:16+00:00</time>
      </trkpt>
      <trkpt lat="44.09555" lon="3.12812">
        <ele>429</ele>
        <time>2026-08-21T19:58:19+00:00</time>
      </trkpt>
      <trkpt lat="44.09566" lon="3.12813">
        <ele>431</ele>
        <time>2026-08-21T19:58:22+00:00</time>
      </trkpt>
      <trkpt lat="44.0957" lon="3.12811">
        <ele>429</ele>
        <time>2026-08-21T19:58:25+00:00</time>
      </trkpt>
      <trkpt lat="44.09577" lon="3.12804">
        <ele>431</ele>
        <time>2026-08-21T19:58:28+00:00</time>
      </trkpt>
      <trkpt lat="44.09581" lon="3.12802">
        <ele>431</ele>
        <time>2026-08-21T19:58:31+00:00</time>
      </trkpt>
      <trkpt lat="44.09589" lon="3.128">
        <ele>431</ele>
        <time>2026-08-21T19:58:34+00:00</time>
      </trkpt>
      <trkpt lat="44.09601" lon="3.12795">
        <ele>430</ele>
        <time>2026-08-21T19:58:37+00:00</time>
      </trkpt>
      <trkpt lat="44.09611" lon="3.12793">
        <ele>430</ele>
        <time>2026-08-21T19:58:40+00:00</time>
      </trkpt>
      <trkpt lat="44.09626" lon="3.12787">
        <ele>430</ele>
        <time>2026-08-21T19:58:43+00:00</time>
      </trkpt>
      <trkpt lat="44.09632" lon="3.12784">
        <ele>428</ele>
        <time>2026-08-21T19:58:46+00:00</time>
      </trkpt>
      <trkpt lat="44.09641" lon="3.12778">
        <ele>427</ele>
        <time>2026-08-21T19:58:49+00:00</time>
      </trkpt>
      <trkpt lat="44.09652" lon="3.12776">
        <ele>424</ele>
        <time>2026-08-21T19:58:52+00:00</time>
      </trkpt>
      <trkpt lat="44.09661" lon="3.12768">
        <ele>421</ele>
        <time>2026-08-21T19:58:55+00:00</time>
      </trkpt>
      <trkpt lat="44.09668" lon="3.12768">
        <ele>421</ele>
        <time>2026-08-21T19:58:58+00:00</time>
      </trkpt>
      <trkpt lat="44.09671" lon="3.1277">
        <ele>419</ele>
        <time>2026-08-21T19:59:01+00:00</time>
      </trkpt>
      <trkpt lat="44.09678" lon="3.12772">
        <ele>418</ele>
        <time>2026-08-21T19:59:04+00:00</time>
      </trkpt>
      <trkpt lat="44.09687" lon="3.12779">
        <ele>415</ele>
        <time>2026-08-21T19:59:07+00:00</time>
      </trkpt>
      <trkpt lat="44.09691" lon="3.12783">
        <ele>410</ele>
        <time>2026-08-21T19:59:10+00:00</time>
      </trkpt>
      <trkpt lat="44.09703" lon="3.12789">
        <ele>408</ele>
        <time>2026-08-21T19:59:13+00:00</time>
      </trkpt>
      <trkpt lat="44.09705" lon="3.12792">
        <ele>407</ele>
        <time>2026-08-21T19:59:16+00:00</time>
      </trkpt>
      <trkpt lat="44.09708" lon="3.12798">
        <ele>407</ele>
        <time>2026-08-21T19:59:19+00:00</time>
      </trkpt>
      <trkpt lat="44.09709" lon="3.12801">
        <ele>406</ele>
        <time>2026-08-21T19:59:22+00:00</time>
      </trkpt>
      <trkpt lat="44.0971" lon="3.12812">
        <ele>404</ele>
        <time>2026-08-21T19:59:25+00:00</time>
      </trkpt>
      <trkpt lat="44.09714" lon="3.12822">
        <ele>403</ele>
        <time>2026-08-21T19:59:28+00:00</time>
      </trkpt>
      <trkpt lat="44.09715" lon="3.12824">
        <ele>403</ele>
        <time>2026-08-21T19:59:31+00:00</time>
      </trkpt>
      <trkpt lat="44.09721" lon="3.12827">
        <ele>401</ele>
        <time>2026-08-21T19:59:34+00:00</time>
      </trkpt>
      <trkpt lat="44.09727" lon="3.12833">
        <ele>401</ele>
        <time>2026-08-21T19:59:37+00:00</time>
      </trkpt>
      <trkpt lat="44.09734" lon="3.12834">
        <ele>399</ele>
        <time>2026-08-21T19:59:40+00:00</time>
      </trkpt>
      <trkpt lat="44.0974" lon="3.12837">
        <ele>399</ele>
        <time>2026-08-21T19:59:43+00:00</time>
      </trkpt>
      <trkpt lat="44.09747" lon="3.12843">
        <ele>397</ele>
        <time>2026-08-21T19:59:46+00:00</time>
      </trkpt>
      <trkpt lat="44.09754" lon="3.12853">
        <ele>395</ele>
        <time>2026-08-21T19:59:49+00:00</time>
      </trkpt>
      <trkpt lat="44.0976" lon="3.12856">
        <ele>395</ele>
        <time>2026-08-21T19:59:52+00:00</time>
      </trkpt>
      <trkpt lat="44.09765" lon="3.12855">
        <ele>394</ele>
        <time>2026-08-21T19:59:55+00:00</time>
      </trkpt>
      <trkpt lat="44.09778" lon="3.12854">
        <ele>393</ele>
        <time>2026-08-21T19:59:58+00:00</time>
      </trkpt>
      <trkpt lat="44.09793" lon="3.12848">
        <ele>389</ele>
        <time>2026-08-21T20:00:01+00:00</time>
      </trkpt>
      <trkpt lat="44.098" lon="3.12848">
        <ele>389</ele>
        <time>2026-08-21T20:00:04+00:00</time>
      </trkpt>
      <trkpt lat="44.09804" lon="3.1285">
        <ele>389</ele>
        <time>2026-08-21T20:00:07+00:00</time>
      </trkpt>
      <trkpt lat="44.09813" lon="3.12845">
        <ele>390</ele>
        <time>2026-08-21T20:00:10+00:00</time>
      </trkpt>
      <trkpt lat="44.09826" lon="3.12833">
        <ele>390</ele>
        <time>2026-08-21T20:00:13+00:00</time>
      </trkpt>
      <trkpt lat="44.0983" lon="3.1283">
        <ele>386</ele>
        <time>2026-08-21T20:00:16+00:00</time>
      </trkpt>
      <trkpt lat="44.0984" lon="3.12829">
        <ele>386</ele>
        <time>2026-08-21T20:00:19+00:00</time>
      </trkpt>
      <trkpt lat="44.0985" lon="3.12822">
        <ele>391</ele>
        <time>2026-08-21T20:00:22+00:00</time>
      </trkpt>
      <trkpt lat="44.09858" lon="3.12821">
        <ele>391</ele>
        <time>2026-08-21T20:00:25+00:00</time>
      </trkpt>
      <trkpt lat="44.09868" lon="3.12817">
        <ele>388</ele>
        <time>2026-08-21T20:00:28+00:00</time>
      </trkpt>
      <trkpt lat="44.09874" lon="3.12813">
        <ele>391</ele>
        <time>2026-08-21T20:00:31+00:00</time>
      </trkpt>
      <trkpt lat="44.09884" lon="3.12812">
        <ele>391</ele>
        <time>2026-08-21T20:00:34+00:00</time>
      </trkpt>
      <trkpt lat="44.09893" lon="3.12805">
        <ele>384</ele>
        <time>2026-08-21T20:00:37+00:00</time>
      </trkpt>
      <trkpt lat="44.09897" lon="3.128">
        <ele>384</ele>
        <time>2026-08-21T20:00:40+00:00</time>
      </trkpt>
      <trkpt lat="44.09901" lon="3.12794">
        <ele>382</ele>
        <time>2026-08-21T20:00:43+00:00</time>
      </trkpt>
      <trkpt lat="44.09903" lon="3.12793">
        <ele>382</ele>
        <time>2026-08-21T20:00:46+00:00</time>
      </trkpt>
      <trkpt lat="44.09908" lon="3.12787">
        <ele>380</ele>
        <time>2026-08-21T20:00:49+00:00</time>
      </trkpt>
      <trkpt lat="44.09911" lon="3.12784">
        <ele>379</ele>
        <time>2026-08-21T20:00:52+00:00</time>
      </trkpt>
      <trkpt lat="44.0993" lon="3.12778">
        <ele>378</ele>
        <time>2026-08-21T20:00:55+00:00</time>
      </trkpt>
      <trkpt lat="44.09937" lon="3.12775">
        <ele>377</ele>
        <time>2026-08-21T20:00:58+00:00</time>
      </trkpt>
      <trkpt lat="44.09943" lon="3.12771">
        <ele>377</ele>
        <time>2026-08-21T20:01:01+00:00</time>
      </trkpt>
      <trkpt lat="44.0996" lon="3.12769">
        <ele>375</ele>
        <time>2026-08-21T20:01:04+00:00</time>
      </trkpt>
      <trkpt lat="44.09989" lon="3.1277">
        <ele>377</ele>
        <time>2026-08-21T20:01:07+00:00</time>
      </trkpt>
      <trkpt lat="44.10001" lon="3.1277">
        <ele>374</ele>
        <time>2026-08-21T20:01:10+00:00</time>
      </trkpt>
      <trkpt lat="44.10007" lon="3.12771">
        <ele>379</ele>
        <time>2026-08-21T20:01:13+00:00</time>
      </trkpt>
      <trkpt lat="44.10016" lon="3.12771">
        <ele>377</ele>
        <time>2026-08-21T20:01:16+00:00</time>
      </trkpt>
      <trkpt lat="44.10022" lon="3.12772">
        <ele>379</ele>
        <time>2026-08-21T20:01:19+00:00</time>
      </trkpt>
      <trkpt lat="44.10038" lon="3.12777">
        <ele>378</ele>
        <time>2026-08-21T20:01:22+00:00</time>
      </trkpt>
      <trkpt lat="44.10049" lon="3.12781">
        <ele>382</ele>
        <time>2026-08-21T20:01:25+00:00</time>
      </trkpt>
      <trkpt lat="44.10058" lon="3.12786">
        <ele>379</ele>
        <time>2026-08-21T20:01:28+00:00</time>
      </trkpt>
      <trkpt lat="44.10066" lon="3.1279">
        <ele>381</ele>
        <time>2026-08-21T20:01:31+00:00</time>
      </trkpt>
      <trkpt lat="44.10072" lon="3.12791">
        <ele>384</ele>
        <time>2026-08-21T20:01:34+00:00</time>
      </trkpt>
      <trkpt lat="44.10076" lon="3.12794">
        <ele>384</ele>
        <time>2026-08-21T20:01:37+00:00</time>
      </trkpt>
      <trkpt lat="44.10091" lon="3.12799">
        <ele>380</ele>
        <time>2026-08-21T20:01:40+00:00</time>
      </trkpt>
      <trkpt lat="44.10096" lon="3.12804">
        <ele>384</ele>
        <time>2026-08-21T20:01:43+00:00</time>
      </trkpt>
      <trkpt lat="44.10103" lon="3.12815">
        <ele>386</ele>
        <time>2026-08-21T20:01:46+00:00</time>
      </trkpt>
      <trkpt lat="44.10106" lon="3.12822">
        <ele>383</ele>
        <time>2026-08-21T20:01:49+00:00</time>
      </trkpt>
      <trkpt lat="44.10107" lon="3.1283">
        <ele>391</ele>
        <time>2026-08-21T20:01:52+00:00</time>
      </trkpt>
      <trkpt lat="44.10109" lon="3.12837">
        <ele>394</ele>
        <time>2026-08-21T20:01:55+00:00</time>
      </trkpt>
      <trkpt lat="44.10112" lon="3.12849">
        <ele>387</ele>
        <time>2026-08-21T20:01:58+00:00</time>
      </trkpt>
      <trkpt lat="44.10112" lon="3.12853">
        <ele>388</ele>
        <time>2026-08-21T20:02:01+00:00</time>
      </trkpt>
      <trkpt lat="44.10114" lon="3.1286">
        <ele>390</ele>
        <time>2026-08-21T20:02:04+00:00</time>
      </trkpt>
      <trkpt lat="44.10116" lon="3.12864">
        <ele>390</ele>
        <time>2026-08-21T20:02:07+00:00</time>
      </trkpt>
      <trkpt lat="44.10117" lon="3.12868">
        <ele>390</ele>
        <time>2026-08-21T20:02:10+00:00</time>
      </trkpt>
      <trkpt lat="44.10125" lon="3.12882">
        <ele>391</ele>
        <time>2026-08-21T20:02:13+00:00</time>
      </trkpt>
      <trkpt lat="44.10127" lon="3.1289">
        <ele>397</ele>
        <time>2026-08-21T20:02:16+00:00</time>
      </trkpt>
      <trkpt lat="44.10128" lon="3.12895">
        <ele>397</ele>
        <time>2026-08-21T20:02:19+00:00</time>
      </trkpt>
      <trkpt lat="44.1013" lon="3.12899">
        <ele>397</ele>
        <time>2026-08-21T20:02:22+00:00</time>
      </trkpt>
      <trkpt lat="44.1013" lon="3.12903">
        <ele>389</ele>
        <time>2026-08-21T20:02:25+00:00</time>
      </trkpt>
      <trkpt lat="44.10133" lon="3.12911">
        <ele>391</ele>
        <time>2026-08-21T20:02:28+00:00</time>
      </trkpt>
      <trkpt lat="44.10135" lon="3.12915">
        <ele>391</ele>
        <time>2026-08-21T20:02:31+00:00</time>
      </trkpt>
      <trkpt lat="44.10156" lon="3.12947">
        <ele>386</ele>
        <time>2026-08-21T20:02:34+00:00</time>
      </trkpt>
      <trkpt lat="44.1016" lon="3.12957">
        <ele>391</ele>
        <time>2026-08-21T20:02:37+00:00</time>
      </trkpt>
      <trkpt lat="44.1016" lon="3.12962">
        <ele>394</ele>
        <time>2026-08-21T20:02:40+00:00</time>
      </trkpt>
      <trkpt lat="44.10161" lon="3.12967">
        <ele>383</ele>
        <time>2026-08-21T20:02:43+00:00</time>
      </trkpt>
      <trkpt lat="44.10163" lon="3.12972">
        <ele>383</ele>
        <time>2026-08-21T20:02:46+00:00</time>
      </trkpt>
      <trkpt lat="44.10165" lon="3.12976">
        <ele>383</ele>
        <time>2026-08-21T20:02:49+00:00</time>
      </trkpt>
      <trkpt lat="44.10168" lon="3.12979">
        <ele>383</ele>
        <time>2026-08-21T20:02:52+00:00</time>
      </trkpt>
      <trkpt lat="44.10172" lon="3.12982">
        <ele>378</ele>
        <time>2026-08-21T20:02:55+00:00</time>
      </trkpt>
      <trkpt lat="44.10179" lon="3.12988">
        <ele>378</ele>
        <time>2026-08-21T20:02:58+00:00</time>
      </trkpt>
      <trkpt lat="44.10182" lon="3.12992">
        <ele>376</ele>
        <time>2026-08-21T20:03:01+00:00</time>
      </trkpt>
      <trkpt lat="44.10191" lon="3.13004">
        <ele>376</ele>
        <time>2026-08-21T20:03:04+00:00</time>
      </trkpt>
      <trkpt lat="44.10202" lon="3.1302">
        <ele>375</ele>
        <time>2026-08-21T20:03:07+00:00</time>
      </trkpt>
      <trkpt lat="44.10207" lon="3.13025">
        <ele>375</ele>
        <time>2026-08-21T20:03:10+00:00</time>
      </trkpt>
      <trkpt lat="44.10209" lon="3.13026">
        <ele>375</ele>
        <time>2026-08-21T20:03:13+00:00</time>
      </trkpt>
      <trkpt lat="44.10211" lon="3.13027">
        <ele>373</ele>
        <time>2026-08-21T20:03:16+00:00</time>
      </trkpt>
      <trkpt lat="44.10213" lon="3.13026">
        <ele>373</ele>
        <time>2026-08-21T20:03:19+00:00</time>
      </trkpt>
      <trkpt lat="44.10212" lon="3.13018">
        <ele>367</ele>
        <time>2026-08-21T20:03:22+00:00</time>
      </trkpt>
      <trkpt lat="44.10211" lon="3.13015">
        <ele>367</ele>
        <time>2026-08-21T20:03:25+00:00</time>
      </trkpt>
      <trkpt lat="44.10201" lon="3.12998">
        <ele>361</ele>
        <time>2026-08-21T20:03:28+00:00</time>
      </trkpt>
      <trkpt lat="44.10192" lon="3.12985">
        <ele>367</ele>
        <time>2026-08-21T20:03:31+00:00</time>
      </trkpt>
      <trkpt lat="44.10173" lon="3.12965">
        <ele>364</ele>
        <time>2026-08-21T20:03:34+00:00</time>
      </trkpt>
      <trkpt lat="44.10171" lon="3.12961">
        <ele>368</ele>
        <time>2026-08-21T20:03:37+00:00</time>
      </trkpt>
      <trkpt lat="44.10171" lon="3.12957">
        <ele>364</ele>
        <time>2026-08-21T20:03:40+00:00</time>
      </trkpt>
      <trkpt lat="44.10173" lon="3.12953">
        <ele>364</ele>
        <time>2026-08-21T20:03:43+00:00</time>
      </trkpt>
      <trkpt lat="44.10175" lon="3.1295">
        <ele>362</ele>
        <time>2026-08-21T20:03:46+00:00</time>
      </trkpt>
      <trkpt lat="44.10188" lon="3.12936">
        <ele>365</ele>
        <time>2026-08-21T20:03:49+00:00</time>
      </trkpt>
      <trkpt lat="44.10198" lon="3.12923">
        <ele>363</ele>
        <time>2026-08-21T20:03:52+00:00</time>
      </trkpt>
      <trkpt lat="44.10202" lon="3.1292">
        <ele>367</ele>
        <time>2026-08-21T20:03:55+00:00</time>
      </trkpt>
      <trkpt lat="44.10206" lon="3.12918">
        <ele>365</ele>
        <time>2026-08-21T20:03:58+00:00</time>
      </trkpt>
      <trkpt lat="44.10214" lon="3.12918">
        <ele>366</ele>
        <time>2026-08-21T20:04:01+00:00</time>
      </trkpt>
      <trkpt lat="44.10222" lon="3.12916">
        <ele>366</ele>
        <time>2026-08-21T20:04:04+00:00</time>
      </trkpt>
      <trkpt lat="44.10227" lon="3.12914">
        <ele>366</ele>
        <time>2026-08-21T20:04:07+00:00</time>
      </trkpt>
      <trkpt lat="44.1023" lon="3.12911">
        <ele>367</ele>
        <time>2026-08-21T20:04:10+00:00</time>
      </trkpt>
      <trkpt lat="44.10232" lon="3.12907">
        <ele>368</ele>
        <time>2026-08-21T20:04:13+00:00</time>
      </trkpt>
      <trkpt lat="44.10232" lon="3.12903">
        <ele>368</ele>
        <time>2026-08-21T20:04:16+00:00</time>
      </trkpt>
      <trkpt lat="44.10231" lon="3.12899">
        <ele>368</ele>
        <time>2026-08-21T20:04:19+00:00</time>
      </trkpt>
      <trkpt lat="44.1022" lon="3.12881">
        <ele>367</ele>
        <time>2026-08-21T20:04:22+00:00</time>
      </trkpt>
      <trkpt lat="44.10218" lon="3.12877">
        <ele>367</ele>
        <time>2026-08-21T20:04:25+00:00</time>
      </trkpt>
      <trkpt lat="44.10212" lon="3.12863">
        <ele>367</ele>
        <time>2026-08-21T20:04:28+00:00</time>
      </trkpt>
      <trkpt lat="44.10207" lon="3.12848">
        <ele>367</ele>
        <time>2026-08-21T20:04:31+00:00</time>
      </trkpt>
      <trkpt lat="44.10199" lon="3.12816">
        <ele>366</ele>
        <time>2026-08-21T20:04:34+00:00</time>
      </trkpt>
      <trkpt lat="44.10197" lon="3.12811">
        <ele>365</ele>
        <time>2026-08-21T20:04:37+00:00</time>
      </trkpt>
      <trkpt lat="44.10195" lon="3.12797">
        <ele>366</ele>
        <time>2026-08-21T20:04:40+00:00</time>
      </trkpt>
      <trkpt lat="44.10194" lon="3.12792">
        <ele>366</ele>
        <time>2026-08-21T20:04:43+00:00</time>
      </trkpt>
      <trkpt lat="44.1019" lon="3.12767">
        <ele>366</ele>
        <time>2026-08-21T20:04:46+00:00</time>
      </trkpt>
      <trkpt lat="44.10186" lon="3.12738">
        <ele>366</ele>
        <time>2026-08-21T20:04:49+00:00</time>
      </trkpt>
      <trkpt lat="44.10185" lon="3.12723">
        <ele>366</ele>
        <time>2026-08-21T20:04:52+00:00</time>
      </trkpt>
      <trkpt lat="44.10186" lon="3.12718">
        <ele>366</ele>
        <time>2026-08-21T20:04:55+00:00</time>
      </trkpt>
      <trkpt lat="44.10187" lon="3.12714">
        <ele>366</ele>
        <time>2026-08-21T20:04:58+00:00</time>
      </trkpt>
      <trkpt lat="44.10193" lon="3.12708">
        <ele>366</ele>
        <time>2026-08-21T20:05:01+00:00</time>
      </trkpt>
      <trkpt lat="44.10195" lon="3.12704">
        <ele>365</ele>
        <time>2026-08-21T20:05:04+00:00</time>
      </trkpt>
      <trkpt lat="44.10197" lon="3.127">
        <ele>365</ele>
        <time>2026-08-21T20:05:07+00:00</time>
      </trkpt>
      <trkpt lat="44.10202" lon="3.12686">
        <ele>366</ele>
        <time>2026-08-21T20:05:10+00:00</time>
      </trkpt>
      <trkpt lat="44.10203" lon="3.12683">
        <ele>366</ele>
        <time>2026-08-21T20:05:13+00:00</time>
      </trkpt>
      <trkpt lat="44.10206" lon="3.12682">
        <ele>366</ele>
        <time>2026-08-21T20:05:16+00:00</time>
      </trkpt>
      <trkpt lat="44.10208" lon="3.12681">
        <ele>366</ele>
        <time>2026-08-21T20:05:19+00:00</time>
      </trkpt>
      <trkpt lat="44.10212" lon="3.12683">
        <ele>367</ele>
        <time>2026-08-21T20:05:22+00:00</time>
      </trkpt>
      <trkpt lat="44.10216" lon="3.12687">
        <ele>367</ele>
        <time>2026-08-21T20:05:25+00:00</time>
      </trkpt>
      <trkpt lat="44.10219" lon="3.12689">
        <ele>367</ele>
        <time>2026-08-21T20:05:28+00:00</time>
      </trkpt>
      <trkpt lat="44.10225" lon="3.12691">
        <ele>369</ele>
        <time>2026-08-21T20:05:31+00:00</time>
      </trkpt>
      <trkpt lat="44.10221" lon="3.12705">
        <ele>369</ele>
        <time>2026-08-21T20:05:34+00:00</time>
      </trkpt>
      <trkpt lat="44.10224" lon="3.12712">
        <ele>369</ele>
        <time>2026-08-21T20:05:37+00:00</time>
      </trkpt>
      <trkpt lat="44.10226" lon="3.12713">
        <ele>369</ele>
        <time>2026-08-21T20:05:40+00:00</time>
      </trkpt>
      <trkpt lat="44.10231" lon="3.12715">
        <ele>370</ele>
        <time>2026-08-21T20:05:43+00:00</time>
      </trkpt>
      <trkpt lat="44.10237" lon="3.12719">
        <ele>370</ele>
        <time>2026-08-21T20:05:46+00:00</time>
      </trkpt>
      <trkpt lat="44.1024" lon="3.12719">
        <ele>370</ele>
        <time>2026-08-21T20:05:49+00:00</time>
      </trkpt>
      <trkpt lat="44.10241" lon="3.1272">
        <ele>376</ele>
        <time>2026-08-21T20:05:52+00:00</time>
      </trkpt>
      <trkpt lat="44.10243" lon="3.12725">
        <ele>376</ele>
        <time>2026-08-21T20:05:55+00:00</time>
      </trkpt>
      <trkpt lat="44.10243" lon="3.12732">
        <ele>376</ele>
        <time>2026-08-21T20:05:58+00:00</time>
      </trkpt>
      <trkpt lat="44.10244" lon="3.12734">
        <ele>376</ele>
        <time>2026-08-21T20:06:01+00:00</time>
      </trkpt>
      <trkpt lat="44.10247" lon="3.12734">
        <ele>376</ele>
        <time>2026-08-21T20:06:04+00:00</time>
      </trkpt>
      <trkpt lat="44.1025" lon="3.12734">
        <ele>376</ele>
        <time>2026-08-21T20:06:07+00:00</time>
      </trkpt>
      <trkpt lat="44.10253" lon="3.12732">
        <ele>379</ele>
        <time>2026-08-21T20:06:10+00:00</time>
      </trkpt>
      <trkpt lat="44.10256" lon="3.12727">
        <ele>378</ele>
        <time>2026-08-21T20:06:13+00:00</time>
      </trkpt>
      <trkpt lat="44.1026" lon="3.12721">
        <ele>378</ele>
        <time>2026-08-21T20:06:16+00:00</time>
      </trkpt>
      <trkpt lat="44.10272" lon="3.12699">
        <ele>381</ele>
        <time>2026-08-21T20:06:19+00:00</time>
      </trkpt>
      <trkpt lat="44.10288" lon="3.12687">
        <ele>382</ele>
        <time>2026-08-21T20:06:22+00:00</time>
      </trkpt>
      <trkpt lat="44.10294" lon="3.12685">
        <ele>386</ele>
        <time>2026-08-21T20:06:25+00:00</time>
      </trkpt>
      <trkpt lat="44.10299" lon="3.12685">
        <ele>386</ele>
        <time>2026-08-21T20:06:28+00:00</time>
      </trkpt>
      <trkpt lat="44.10308" lon="3.12672">
        <ele>390</ele>
        <time>2026-08-21T20:06:31+00:00</time>
      </trkpt>
      <trkpt lat="44.10311" lon="3.12673">
        <ele>392</ele>
        <time>2026-08-21T20:06:34+00:00</time>
      </trkpt>
      <trkpt lat="44.10313" lon="3.12676">
        <ele>392</ele>
        <time>2026-08-21T20:06:37+00:00</time>
      </trkpt>
      <trkpt lat="44.10314" lon="3.12678">
        <ele>392</ele>
        <time>2026-08-21T20:06:40+00:00</time>
      </trkpt>
      <trkpt lat="44.10314" lon="3.12686">
        <ele>393</ele>
        <time>2026-08-21T20:06:43+00:00</time>
      </trkpt>
      <trkpt lat="44.10316" lon="3.12699">
        <ele>395</ele>
        <time>2026-08-21T20:06:46+00:00</time>
      </trkpt>
      <trkpt lat="44.10318" lon="3.12697">
        <ele>395</ele>
        <time>2026-08-21T20:06:49+00:00</time>
      </trkpt>
      <trkpt lat="44.10328" lon="3.12682">
        <ele>399</ele>
        <time>2026-08-21T20:06:52+00:00</time>
      </trkpt>
      <trkpt lat="44.10334" lon="3.12675">
        <ele>401</ele>
        <time>2026-08-21T20:06:55+00:00</time>
      </trkpt>
      <trkpt lat="44.10339" lon="3.12665">
        <ele>400</ele>
        <time>2026-08-21T20:06:58+00:00</time>
      </trkpt>
      <trkpt lat="44.10342" lon="3.1266">
        <ele>402</ele>
        <time>2026-08-21T20:07:01+00:00</time>
      </trkpt>
      <trkpt lat="44.10345" lon="3.12658">
        <ele>402</ele>
        <time>2026-08-21T20:07:04+00:00</time>
      </trkpt>
      <trkpt lat="44.10347" lon="3.12659">
        <ele>402</ele>
        <time>2026-08-21T20:07:07+00:00</time>
      </trkpt>
      <trkpt lat="44.10347" lon="3.12663">
        <ele>404</ele>
        <time>2026-08-21T20:07:10+00:00</time>
      </trkpt>
      <trkpt lat="44.10347" lon="3.12668">
        <ele>404</ele>
        <time>2026-08-21T20:07:13+00:00</time>
      </trkpt>
      <trkpt lat="44.10347" lon="3.12675">
        <ele>404</ele>
        <time>2026-08-21T20:07:16+00:00</time>
      </trkpt>
      <trkpt lat="44.10347" lon="3.1268">
        <ele>404</ele>
        <time>2026-08-21T20:07:19+00:00</time>
      </trkpt>
      <trkpt lat="44.10349" lon="3.12681">
        <ele>405</ele>
        <time>2026-08-21T20:07:22+00:00</time>
      </trkpt>
      <trkpt lat="44.10352" lon="3.12679">
        <ele>410</ele>
        <time>2026-08-21T20:07:25+00:00</time>
      </trkpt>
      <trkpt lat="44.10359" lon="3.12657">
        <ele>408</ele>
        <time>2026-08-21T20:07:28+00:00</time>
      </trkpt>
      <trkpt lat="44.1037" lon="3.12635">
        <ele>409</ele>
        <time>2026-08-21T20:07:31+00:00</time>
      </trkpt>
      <trkpt lat="44.10372" lon="3.12634">
        <ele>414</ele>
        <time>2026-08-21T20:07:34+00:00</time>
      </trkpt>
      <trkpt lat="44.10376" lon="3.12634">
        <ele>414</ele>
        <time>2026-08-21T20:07:37+00:00</time>
      </trkpt>
      <trkpt lat="44.10378" lon="3.12634">
        <ele>414</ele>
        <time>2026-08-21T20:07:40+00:00</time>
      </trkpt>
      <trkpt lat="44.10382" lon="3.12637">
        <ele>420</ele>
        <time>2026-08-21T20:07:43+00:00</time>
      </trkpt>
      <trkpt lat="44.10386" lon="3.12644">
        <ele>420</ele>
        <time>2026-08-21T20:07:46+00:00</time>
      </trkpt>
      <trkpt lat="44.10388" lon="3.12645">
        <ele>420</ele>
        <time>2026-08-21T20:07:49+00:00</time>
      </trkpt>
      <trkpt lat="44.10391" lon="3.12651">
        <ele>424</ele>
        <time>2026-08-21T20:07:52+00:00</time>
      </trkpt>
      <trkpt lat="44.10392" lon="3.12654">
        <ele>424</ele>
        <time>2026-08-21T20:07:55+00:00</time>
      </trkpt>
      <trkpt lat="44.10396" lon="3.12659">
        <ele>424</ele>
        <time>2026-08-21T20:07:58+00:00</time>
      </trkpt>
      <trkpt lat="44.10398" lon="3.12661">
        <ele>424</ele>
        <time>2026-08-21T20:08:01+00:00</time>
      </trkpt>
      <trkpt lat="44.104" lon="3.12664">
        <ele>428</ele>
        <time>2026-08-21T20:08:04+00:00</time>
      </trkpt>
      <trkpt lat="44.10402" lon="3.12666">
        <ele>428</ele>
        <time>2026-08-21T20:08:07+00:00</time>
      </trkpt>
      <trkpt lat="44.10405" lon="3.12667">
        <ele>428</ele>
        <time>2026-08-21T20:08:10+00:00</time>
      </trkpt>
      <trkpt lat="44.1041" lon="3.12667">
        <ele>428</ele>
        <time>2026-08-21T20:08:13+00:00</time>
      </trkpt>
      <trkpt lat="44.10411" lon="3.12668">
        <ele>432</ele>
        <time>2026-08-21T20:08:16+00:00</time>
      </trkpt>
      <trkpt lat="44.1042" lon="3.12678">
        <ele>435</ele>
        <time>2026-08-21T20:08:19+00:00</time>
      </trkpt>
      <trkpt lat="44.10425" lon="3.12682">
        <ele>435</ele>
        <time>2026-08-21T20:08:22+00:00</time>
      </trkpt>
      <trkpt lat="44.10429" lon="3.12684">
        <ele>435</ele>
        <time>2026-08-21T20:08:25+00:00</time>
      </trkpt>
      <trkpt lat="44.10434" lon="3.12684">
        <ele>438</ele>
        <time>2026-08-21T20:08:28+00:00</time>
      </trkpt>
      <trkpt lat="44.10442" lon="3.12683">
        <ele>442</ele>
        <time>2026-08-21T20:08:31+00:00</time>
      </trkpt>
      <trkpt lat="44.10444" lon="3.12682">
        <ele>442</ele>
        <time>2026-08-21T20:08:34+00:00</time>
      </trkpt>
      <trkpt lat="44.10447" lon="3.12682">
        <ele>442</ele>
        <time>2026-08-21T20:08:37+00:00</time>
      </trkpt>
      <trkpt lat="44.10455" lon="3.12678">
        <ele>447</ele>
        <time>2026-08-21T20:08:40+00:00</time>
      </trkpt>
      <trkpt lat="44.10456" lon="3.12675">
        <ele>447</ele>
        <time>2026-08-21T20:08:43+00:00</time>
      </trkpt>
      <trkpt lat="44.10456" lon="3.12664">
        <ele>448</ele>
        <time>2026-08-21T20:08:46+00:00</time>
      </trkpt>
      <trkpt lat="44.10457" lon="3.12658">
        <ele>449</ele>
        <time>2026-08-21T20:08:49+00:00</time>
      </trkpt>
      <trkpt lat="44.10457" lon="3.12644">
        <ele>450</ele>
        <time>2026-08-21T20:08:52+00:00</time>
      </trkpt>
      <trkpt lat="44.10458" lon="3.12636">
        <ele>451</ele>
        <time>2026-08-21T20:08:55+00:00</time>
      </trkpt>
      <trkpt lat="44.10459" lon="3.12632">
        <ele>451</ele>
        <time>2026-08-21T20:08:58+00:00</time>
      </trkpt>
      <trkpt lat="44.10461" lon="3.12621">
        <ele>456</ele>
        <time>2026-08-21T20:09:01+00:00</time>
      </trkpt>
      <trkpt lat="44.10463" lon="3.12617">
        <ele>456</ele>
        <time>2026-08-21T20:09:04+00:00</time>
      </trkpt>
      <trkpt lat="44.10466" lon="3.12607">
        <ele>456</ele>
        <time>2026-08-21T20:09:07+00:00</time>
      </trkpt>
      <trkpt lat="44.10469" lon="3.12602">
        <ele>456</ele>
        <time>2026-08-21T20:09:10+00:00</time>
      </trkpt>
      <trkpt lat="44.1047" lon="3.12599">
        <ele>461</ele>
        <time>2026-08-21T20:09:13+00:00</time>
      </trkpt>
      <trkpt lat="44.10472" lon="3.12597">
        <ele>461</ele>
        <time>2026-08-21T20:09:16+00:00</time>
      </trkpt>
      <trkpt lat="44.10474" lon="3.12596">
        <ele>461</ele>
        <time>2026-08-21T20:09:19+00:00</time>
      </trkpt>
      <trkpt lat="44.10479" lon="3.12591">
        <ele>461</ele>
        <time>2026-08-21T20:09:22+00:00</time>
      </trkpt>
      <trkpt lat="44.1048" lon="3.12586">
        <ele>461</ele>
        <time>2026-08-21T20:09:25+00:00</time>
      </trkpt>
      <trkpt lat="44.10485" lon="3.12578">
        <ele>468</ele>
        <time>2026-08-21T20:09:28+00:00</time>
      </trkpt>
      <trkpt lat="44.10489" lon="3.12576">
        <ele>468</ele>
        <time>2026-08-21T20:09:31+00:00</time>
      </trkpt>
      <trkpt lat="44.10491" lon="3.12574">
        <ele>472</ele>
        <time>2026-08-21T20:09:34+00:00</time>
      </trkpt>
      <trkpt lat="44.10491" lon="3.1257">
        <ele>472</ele>
        <time>2026-08-21T20:09:37+00:00</time>
      </trkpt>
      <trkpt lat="44.10497" lon="3.12559">
        <ele>473</ele>
        <time>2026-08-21T20:09:40+00:00</time>
      </trkpt>
      <trkpt lat="44.10497" lon="3.12555">
        <ele>473</ele>
        <time>2026-08-21T20:09:43+00:00</time>
      </trkpt>
      <trkpt lat="44.10498" lon="3.12544">
        <ele>474</ele>
        <time>2026-08-21T20:09:46+00:00</time>
      </trkpt>
      <trkpt lat="44.105" lon="3.12539">
        <ele>480</ele>
        <time>2026-08-21T20:09:49+00:00</time>
      </trkpt>
      <trkpt lat="44.10502" lon="3.12529">
        <ele>480</ele>
        <time>2026-08-21T20:09:52+00:00</time>
      </trkpt>
      <trkpt lat="44.10502" lon="3.12526">
        <ele>480</ele>
        <time>2026-08-21T20:09:55+00:00</time>
      </trkpt>
      <trkpt lat="44.10504" lon="3.12517">
        <ele>481</ele>
        <time>2026-08-21T20:09:58+00:00</time>
      </trkpt>
      <trkpt lat="44.10507" lon="3.12515">
        <ele>481</ele>
        <time>2026-08-21T20:10:01+00:00</time>
      </trkpt>
      <trkpt lat="44.1051" lon="3.12509">
        <ele>489</ele>
        <time>2026-08-21T20:10:04+00:00</time>
      </trkpt>
      <trkpt lat="44.10513" lon="3.12501">
        <ele>489</ele>
        <time>2026-08-21T20:10:07+00:00</time>
      </trkpt>
      <trkpt lat="44.10517" lon="3.12494">
        <ele>489</ele>
        <time>2026-08-21T20:10:10+00:00</time>
      </trkpt>
      <trkpt lat="44.10516" lon="3.12483">
        <ele>490</ele>
        <time>2026-08-21T20:10:13+00:00</time>
      </trkpt>
      <trkpt lat="44.10517" lon="3.12475">
        <ele>491</ele>
        <time>2026-08-21T20:10:16+00:00</time>
      </trkpt>
      <trkpt lat="44.10517" lon="3.1246">
        <ele>491</ele>
        <time>2026-08-21T20:10:19+00:00</time>
      </trkpt>
      <trkpt lat="44.10518" lon="3.12453">
        <ele>491</ele>
        <time>2026-08-21T20:10:22+00:00</time>
      </trkpt>
      <trkpt lat="44.10517" lon="3.12451">
        <ele>491</ele>
        <time>2026-08-21T20:10:25+00:00</time>
      </trkpt>
      <trkpt lat="44.10519" lon="3.12439">
        <ele>491</ele>
        <time>2026-08-21T20:10:28+00:00</time>
      </trkpt>
      <trkpt lat="44.1052" lon="3.12433">
        <ele>493</ele>
        <time>2026-08-21T20:10:31+00:00</time>
      </trkpt>
      <trkpt lat="44.10521" lon="3.12421">
        <ele>497</ele>
        <time>2026-08-21T20:10:34+00:00</time>
      </trkpt>
      <trkpt lat="44.10523" lon="3.12416">
        <ele>497</ele>
        <time>2026-08-21T20:10:37+00:00</time>
      </trkpt>
      <trkpt lat="44.10525" lon="3.12402">
        <ele>495</ele>
        <time>2026-08-21T20:10:40+00:00</time>
      </trkpt>
      <trkpt lat="44.10529" lon="3.12398">
        <ele>494</ele>
        <time>2026-08-21T20:10:43+00:00</time>
      </trkpt>
      <trkpt lat="44.10531" lon="3.12398">
        <ele>500</ele>
        <time>2026-08-21T20:10:46+00:00</time>
      </trkpt>
      <trkpt lat="44.10532" lon="3.124">
        <ele>501</ele>
        <time>2026-08-21T20:10:49+00:00</time>
      </trkpt>
      <trkpt lat="44.10532" lon="3.12403">
        <ele>501</ele>
        <time>2026-08-21T20:10:52+00:00</time>
      </trkpt>
      <trkpt lat="44.10533" lon="3.12411">
        <ele>501</ele>
        <time>2026-08-21T20:10:55+00:00</time>
      </trkpt>
      <trkpt lat="44.10536" lon="3.12416">
        <ele>501</ele>
        <time>2026-08-21T20:10:58+00:00</time>
      </trkpt>
      <trkpt lat="44.10539" lon="3.12416">
        <ele>501</ele>
        <time>2026-08-21T20:11:01+00:00</time>
      </trkpt>
      <trkpt lat="44.10543" lon="3.12413">
        <ele>509</ele>
        <time>2026-08-21T20:11:04+00:00</time>
      </trkpt>
      <trkpt lat="44.10546" lon="3.12414">
        <ele>509</ele>
        <time>2026-08-21T20:11:07+00:00</time>
      </trkpt>
      <trkpt lat="44.10547" lon="3.12416">
        <ele>509</ele>
        <time>2026-08-21T20:11:10+00:00</time>
      </trkpt>
      <trkpt lat="44.10549" lon="3.12417">
        <ele>509</ele>
        <time>2026-08-21T20:11:13+00:00</time>
      </trkpt>
      <trkpt lat="44.10555" lon="3.12424">
        <ele>515</ele>
        <time>2026-08-21T20:11:16+00:00</time>
      </trkpt>
      <trkpt lat="44.10555" lon="3.12427">
        <ele>515</ele>
        <time>2026-08-21T20:11:19+00:00</time>
      </trkpt>
      <trkpt lat="44.10562" lon="3.12434">
        <ele>519</ele>
        <time>2026-08-21T20:11:22+00:00</time>
      </trkpt>
      <trkpt lat="44.10563" lon="3.12437">
        <ele>519</ele>
        <time>2026-08-21T20:11:25+00:00</time>
      </trkpt>
      <trkpt lat="44.10563" lon="3.12439">
        <ele>519</ele>
        <time>2026-08-21T20:11:28+00:00</time>
      </trkpt>
      <trkpt lat="44.10569" lon="3.1245">
        <ele>519</ele>
        <time>2026-08-21T20:11:31+00:00</time>
      </trkpt>
      <trkpt lat="44.1057" lon="3.12452">
        <ele>526</ele>
        <time>2026-08-21T20:11:34+00:00</time>
      </trkpt>
      <trkpt lat="44.10572" lon="3.12453">
        <ele>526</ele>
        <time>2026-08-21T20:11:37+00:00</time>
      </trkpt>
      <trkpt lat="44.10573" lon="3.12455">
        <ele>526</ele>
        <time>2026-08-21T20:11:40+00:00</time>
      </trkpt>
      <trkpt lat="44.10578" lon="3.12461">
        <ele>525</ele>
        <time>2026-08-21T20:11:43+00:00</time>
      </trkpt>
      <trkpt lat="44.10581" lon="3.12462">
        <ele>530</ele>
        <time>2026-08-21T20:11:46+00:00</time>
      </trkpt>
      <trkpt lat="44.10587" lon="3.12468">
        <ele>530</ele>
        <time>2026-08-21T20:11:49+00:00</time>
      </trkpt>
      <trkpt lat="44.10589" lon="3.12469">
        <ele>530</ele>
        <time>2026-08-21T20:11:52+00:00</time>
      </trkpt>
      <trkpt lat="44.10593" lon="3.12476">
        <ele>534</ele>
        <time>2026-08-21T20:11:55+00:00</time>
      </trkpt>
      <trkpt lat="44.10595" lon="3.12482">
        <ele>533</ele>
        <time>2026-08-21T20:11:58+00:00</time>
      </trkpt>
      <trkpt lat="44.10596" lon="3.12485">
        <ele>533</ele>
        <time>2026-08-21T20:12:01+00:00</time>
      </trkpt>
      <trkpt lat="44.106" lon="3.12489">
        <ele>533</ele>
        <time>2026-08-21T20:12:04+00:00</time>
      </trkpt>
      <trkpt lat="44.10604" lon="3.12492">
        <ele>539</ele>
        <time>2026-08-21T20:12:07+00:00</time>
      </trkpt>
      <trkpt lat="44.10609" lon="3.12498">
        <ele>539</ele>
        <time>2026-08-21T20:12:10+00:00</time>
      </trkpt>
      <trkpt lat="44.10616" lon="3.12505">
        <ele>543</ele>
        <time>2026-08-21T20:12:13+00:00</time>
      </trkpt>
      <trkpt lat="44.10617" lon="3.12508">
        <ele>543</ele>
        <time>2026-08-21T20:12:16+00:00</time>
      </trkpt>
      <trkpt lat="44.10619" lon="3.1251">
        <ele>541</ele>
        <time>2026-08-21T20:12:19+00:00</time>
      </trkpt>
      <trkpt lat="44.10623" lon="3.12512">
        <ele>545</ele>
        <time>2026-08-21T20:12:22+00:00</time>
      </trkpt>
      <trkpt lat="44.10626" lon="3.12512">
        <ele>545</ele>
        <time>2026-08-21T20:12:25+00:00</time>
      </trkpt>
      <trkpt lat="44.10627" lon="3.12511">
        <ele>545</ele>
        <time>2026-08-21T20:12:28+00:00</time>
      </trkpt>
      <trkpt lat="44.10631" lon="3.12511">
        <ele>552</ele>
        <time>2026-08-21T20:12:31+00:00</time>
      </trkpt>
      <trkpt lat="44.10633" lon="3.12512">
        <ele>552</ele>
        <time>2026-08-21T20:12:34+00:00</time>
      </trkpt>
      <trkpt lat="44.10635" lon="3.12515">
        <ele>552</ele>
        <time>2026-08-21T20:12:37+00:00</time>
      </trkpt>
      <trkpt lat="44.1064" lon="3.12516">
        <ele>552</ele>
        <time>2026-08-21T20:12:40+00:00</time>
      </trkpt>
      <trkpt lat="44.10641" lon="3.12519">
        <ele>557</ele>
        <time>2026-08-21T20:12:43+00:00</time>
      </trkpt>
      <trkpt lat="44.10643" lon="3.12516">
        <ele>557</ele>
        <time>2026-08-21T20:12:46+00:00</time>
      </trkpt>
      <trkpt lat="44.10644" lon="3.12511">
        <ele>557</ele>
        <time>2026-08-21T20:12:49+00:00</time>
      </trkpt>
      <trkpt lat="44.10646" lon="3.1251">
        <ele>557</ele>
        <time>2026-08-21T20:12:52+00:00</time>
      </trkpt>
      <trkpt lat="44.10648" lon="3.12513">
        <ele>557</ele>
        <time>2026-08-21T20:12:55+00:00</time>
      </trkpt>
      <trkpt lat="44.10649" lon="3.12517">
        <ele>557</ele>
        <time>2026-08-21T20:12:58+00:00</time>
      </trkpt>
      <trkpt lat="44.10652" lon="3.12523">
        <ele>561</ele>
        <time>2026-08-21T20:13:01+00:00</time>
      </trkpt>
      <trkpt lat="44.10657" lon="3.12527">
        <ele>561</ele>
        <time>2026-08-21T20:13:04+00:00</time>
      </trkpt>
      <trkpt lat="44.10661" lon="3.12528">
        <ele>568</ele>
        <time>2026-08-21T20:13:07+00:00</time>
      </trkpt>
      <trkpt lat="44.10663" lon="3.1253">
        <ele>568</ele>
        <time>2026-08-21T20:13:10+00:00</time>
      </trkpt>
      <trkpt lat="44.10666" lon="3.1253">
        <ele>566</ele>
        <time>2026-08-21T20:13:13+00:00</time>
      </trkpt>
      <trkpt lat="44.10669" lon="3.12528">
        <ele>568</ele>
        <time>2026-08-21T20:13:16+00:00</time>
      </trkpt>
      <trkpt lat="44.10674" lon="3.12527">
        <ele>572</ele>
        <time>2026-08-21T20:13:19+00:00</time>
      </trkpt>
      <trkpt lat="44.10678" lon="3.1253">
        <ele>572</ele>
        <time>2026-08-21T20:13:22+00:00</time>
      </trkpt>
      <trkpt lat="44.10683" lon="3.12528">
        <ele>577</ele>
        <time>2026-08-21T20:13:25+00:00</time>
      </trkpt>
      <trkpt lat="44.10688" lon="3.12528">
        <ele>577</ele>
        <time>2026-08-21T20:13:28+00:00</time>
      </trkpt>
      <trkpt lat="44.10693" lon="3.1253">
        <ele>584</ele>
        <time>2026-08-21T20:13:31+00:00</time>
      </trkpt>
      <trkpt lat="44.10696" lon="3.12531">
        <ele>580</ele>
        <time>2026-08-21T20:13:34+00:00</time>
      </trkpt>
      <trkpt lat="44.10699" lon="3.12531">
        <ele>580</ele>
        <time>2026-08-21T20:13:37+00:00</time>
      </trkpt>
      <trkpt lat="44.10701" lon="3.12532">
        <ele>583</ele>
        <time>2026-08-21T20:13:40+00:00</time>
      </trkpt>
      <trkpt lat="44.10704" lon="3.1253">
        <ele>583</ele>
        <time>2026-08-21T20:13:43+00:00</time>
      </trkpt>
      <trkpt lat="44.10706" lon="3.12528">
        <ele>587</ele>
        <time>2026-08-21T20:13:46+00:00</time>
      </trkpt>
      <trkpt lat="44.10706" lon="3.12524">
        <ele>587</ele>
        <time>2026-08-21T20:13:49+00:00</time>
      </trkpt>
      <trkpt lat="44.1071" lon="3.12522">
        <ele>590</ele>
        <time>2026-08-21T20:13:52+00:00</time>
      </trkpt>
      <trkpt lat="44.1071" lon="3.1252">
        <ele>587</ele>
        <time>2026-08-21T20:13:55+00:00</time>
      </trkpt>
      <trkpt lat="44.10706" lon="3.12518">
        <ele>593</ele>
        <time>2026-08-21T20:13:58+00:00</time>
      </trkpt>
      <trkpt lat="44.10706" lon="3.12516">
        <ele>593</ele>
        <time>2026-08-21T20:14:01+00:00</time>
      </trkpt>
      <trkpt lat="44.10711" lon="3.12517">
        <ele>595</ele>
        <time>2026-08-21T20:14:04+00:00</time>
      </trkpt>
      <trkpt lat="44.10719" lon="3.1252">
        <ele>590</ele>
        <time>2026-08-21T20:14:07+00:00</time>
      </trkpt>
      <trkpt lat="44.10729" lon="3.12526">
        <ele>596</ele>
        <time>2026-08-21T20:14:10+00:00</time>
      </trkpt>
      <trkpt lat="44.10733" lon="3.12529">
        <ele>602</ele>
        <time>2026-08-21T20:14:13+00:00</time>
      </trkpt>
      <trkpt lat="44.10738" lon="3.1253">
        <ele>599</ele>
        <time>2026-08-21T20:14:16+00:00</time>
      </trkpt>
      <trkpt lat="44.1074" lon="3.1253">
        <ele>602</ele>
        <time>2026-08-21T20:14:19+00:00</time>
      </trkpt>
      <trkpt lat="44.10742" lon="3.12527">
        <ele>605</ele>
        <time>2026-08-21T20:14:22+00:00</time>
      </trkpt>
      <trkpt lat="44.10743" lon="3.12525">
        <ele>605</ele>
        <time>2026-08-21T20:14:25+00:00</time>
      </trkpt>
      <trkpt lat="44.10742" lon="3.1252">
        <ele>608</ele>
        <time>2026-08-21T20:14:28+00:00</time>
      </trkpt>
      <trkpt lat="44.10739" lon="3.12517">
        <ele>606</ele>
        <time>2026-08-21T20:14:31+00:00</time>
      </trkpt>
      <trkpt lat="44.10734" lon="3.12515">
        <ele>606</ele>
        <time>2026-08-21T20:14:34+00:00</time>
      </trkpt>
      <trkpt lat="44.10733" lon="3.12512">
        <ele>606</ele>
        <time>2026-08-21T20:14:37+00:00</time>
      </trkpt>
      <trkpt lat="44.10733" lon="3.12506">
        <ele>611</ele>
        <time>2026-08-21T20:14:40+00:00</time>
      </trkpt>
      <trkpt lat="44.10731" lon="3.12501">
        <ele>611</ele>
        <time>2026-08-21T20:14:43+00:00</time>
      </trkpt>
      <trkpt lat="44.1073" lon="3.12499">
        <ele>613</ele>
        <time>2026-08-21T20:14:46+00:00</time>
      </trkpt>
      <trkpt lat="44.1073" lon="3.12497">
        <ele>611</ele>
        <time>2026-08-21T20:14:49+00:00</time>
      </trkpt>
      <trkpt lat="44.10734" lon="3.12493">
        <ele>613</ele>
        <time>2026-08-21T20:14:52+00:00</time>
      </trkpt>
      <trkpt lat="44.10739" lon="3.12487">
        <ele>616</ele>
        <time>2026-08-21T20:14:55+00:00</time>
      </trkpt>
      <trkpt lat="44.10739" lon="3.12484">
        <ele>616</ele>
        <time>2026-08-21T20:14:58+00:00</time>
      </trkpt>
      <trkpt lat="44.10737" lon="3.12481">
        <ele>616</ele>
        <time>2026-08-21T20:15:01+00:00</time>
      </trkpt>
      <trkpt lat="44.10738" lon="3.12477">
        <ele>620</ele>
        <time>2026-08-21T20:15:04+00:00</time>
      </trkpt>
      <trkpt lat="44.10743" lon="3.12475">
        <ele>622</ele>
        <time>2026-08-21T20:15:07+00:00</time>
      </trkpt>
      <trkpt lat="44.10745" lon="3.1247">
        <ele>622</ele>
        <time>2026-08-21T20:15:10+00:00</time>
      </trkpt>
      <trkpt lat="44.10746" lon="3.12463">
        <ele>623</ele>
        <time>2026-08-21T20:15:13+00:00</time>
      </trkpt>
      <trkpt lat="44.10746" lon="3.12451">
        <ele>625</ele>
        <time>2026-08-21T20:15:16+00:00</time>
      </trkpt>
      <trkpt lat="44.10746" lon="3.12447">
        <ele>628</ele>
        <time>2026-08-21T20:15:19+00:00</time>
      </trkpt>
      <trkpt lat="44.10747" lon="3.12444">
        <ele>628</ele>
        <time>2026-08-21T20:15:22+00:00</time>
      </trkpt>
      <trkpt lat="44.10747" lon="3.1244">
        <ele>629</ele>
        <time>2026-08-21T20:15:25+00:00</time>
      </trkpt>
      <trkpt lat="44.10743" lon="3.12435">
        <ele>629</ele>
        <time>2026-08-21T20:15:28+00:00</time>
      </trkpt>
      <trkpt lat="44.1074" lon="3.12432">
        <ele>629</ele>
        <time>2026-08-21T20:15:31+00:00</time>
      </trkpt>
      <trkpt lat="44.10738" lon="3.12428">
        <ele>630</ele>
        <time>2026-08-21T20:15:34+00:00</time>
      </trkpt>
      <trkpt lat="44.10729" lon="3.12423">
        <ele>629</ele>
        <time>2026-08-21T20:15:37+00:00</time>
      </trkpt>
      <trkpt lat="44.10721" lon="3.12413">
        <ele>631</ele>
        <time>2026-08-21T20:15:40+00:00</time>
      </trkpt>
      <trkpt lat="44.10712" lon="3.12398">
        <ele>631</ele>
        <time>2026-08-21T20:15:43+00:00</time>
      </trkpt>
      <trkpt lat="44.10709" lon="3.1239">
        <ele>632</ele>
        <time>2026-08-21T20:15:46+00:00</time>
      </trkpt>
      <trkpt lat="44.10705" lon="3.12375">
        <ele>633</ele>
        <time>2026-08-21T20:15:49+00:00</time>
      </trkpt>
      <trkpt lat="44.10702" lon="3.12368">
        <ele>634</ele>
        <time>2026-08-21T20:15:52+00:00</time>
      </trkpt>
      <trkpt lat="44.10701" lon="3.12365">
        <ele>634</ele>
        <time>2026-08-21T20:15:55+00:00</time>
      </trkpt>
      <trkpt lat="44.10699" lon="3.1236">
        <ele>634</ele>
        <time>2026-08-21T20:15:58+00:00</time>
      </trkpt>
      <trkpt lat="44.10697" lon="3.12351">
        <ele>634</ele>
        <time>2026-08-21T20:16:01+00:00</time>
      </trkpt>
      <trkpt lat="44.10694" lon="3.12333">
        <ele>635</ele>
        <time>2026-08-21T20:16:04+00:00</time>
      </trkpt>
      <trkpt lat="44.10694" lon="3.1232">
        <ele>636</ele>
        <time>2026-08-21T20:16:07+00:00</time>
      </trkpt>
      <trkpt lat="44.10695" lon="3.12317">
        <ele>636</ele>
        <time>2026-08-21T20:16:10+00:00</time>
      </trkpt>
      <trkpt lat="44.10695" lon="3.1231">
        <ele>636</ele>
        <time>2026-08-21T20:16:13+00:00</time>
      </trkpt>
      <trkpt lat="44.10696" lon="3.12307">
        <ele>636</ele>
        <time>2026-08-21T20:16:16+00:00</time>
      </trkpt>
      <trkpt lat="44.10696" lon="3.12293">
        <ele>636</ele>
        <time>2026-08-21T20:16:19+00:00</time>
      </trkpt>
      <trkpt lat="44.10695" lon="3.12286">
        <ele>637</ele>
        <time>2026-08-21T20:16:22+00:00</time>
      </trkpt>
      <trkpt lat="44.10694" lon="3.12282">
        <ele>637</ele>
        <time>2026-08-21T20:16:25+00:00</time>
      </trkpt>
      <trkpt lat="44.10693" lon="3.12267">
        <ele>639</ele>
        <time>2026-08-21T20:16:28+00:00</time>
      </trkpt>
      <trkpt lat="44.10692" lon="3.12264">
        <ele>632</ele>
        <time>2026-08-21T20:16:31+00:00</time>
      </trkpt>
      <trkpt lat="44.10692" lon="3.12258">
        <ele>640</ele>
        <time>2026-08-21T20:16:34+00:00</time>
      </trkpt>
      <trkpt lat="44.1069" lon="3.12253">
        <ele>637</ele>
        <time>2026-08-21T20:16:37+00:00</time>
      </trkpt>
      <trkpt lat="44.10685" lon="3.12244">
        <ele>639</ele>
        <time>2026-08-21T20:16:40+00:00</time>
      </trkpt>
      <trkpt lat="44.1068" lon="3.12237">
        <ele>629</ele>
        <time>2026-08-21T20:16:43+00:00</time>
      </trkpt>
      <trkpt lat="44.10679" lon="3.12234">
        <ele>629</ele>
        <time>2026-08-21T20:16:46+00:00</time>
      </trkpt>
      <trkpt lat="44.10678" lon="3.12228">
        <ele>616</ele>
        <time>2026-08-21T20:16:49+00:00</time>
      </trkpt>
      <trkpt lat="44.1068" lon="3.12225">
        <ele>616</ele>
        <time>2026-08-21T20:16:52+00:00</time>
      </trkpt>
      <trkpt lat="44.1068" lon="3.12215">
        <ele>614</ele>
        <time>2026-08-21T20:16:55+00:00</time>
      </trkpt>
      <trkpt lat="44.10684" lon="3.12205">
        <ele>636</ele>
        <time>2026-08-21T20:16:58+00:00</time>
      </trkpt>
      <trkpt lat="44.10692" lon="3.12194">
        <ele>640</ele>
        <time>2026-08-21T20:17:01+00:00</time>
      </trkpt>
      <trkpt lat="44.10702" lon="3.12186">
        <ele>643</ele>
        <time>2026-08-21T20:17:04+00:00</time>
      </trkpt>
      <trkpt lat="44.10704" lon="3.12185">
        <ele>643</ele>
        <time>2026-08-21T20:17:07+00:00</time>
      </trkpt>
      <trkpt lat="44.1071" lon="3.12184">
        <ele>647</ele>
        <time>2026-08-21T20:17:10+00:00</time>
      </trkpt>
      <trkpt lat="44.10712" lon="3.12182">
        <ele>647</ele>
        <time>2026-08-21T20:17:13+00:00</time>
      </trkpt>
      <trkpt lat="44.10714" lon="3.12182">
        <ele>647</ele>
        <time>2026-08-21T20:17:16+00:00</time>
      </trkpt>
      <trkpt lat="44.10717" lon="3.12185">
        <ele>647</ele>
        <time>2026-08-21T20:17:19+00:00</time>
      </trkpt>
      <trkpt lat="44.10723" lon="3.12186">
        <ele>654</ele>
        <time>2026-08-21T20:17:22+00:00</time>
      </trkpt>
      <trkpt lat="44.10729" lon="3.12185">
        <ele>654</ele>
        <time>2026-08-21T20:17:25+00:00</time>
      </trkpt>
      <trkpt lat="44.10731" lon="3.12186">
        <ele>658</ele>
        <time>2026-08-21T20:17:28+00:00</time>
      </trkpt>
      <trkpt lat="44.10741" lon="3.12183">
        <ele>661</ele>
        <time>2026-08-21T20:17:31+00:00</time>
      </trkpt>
      <trkpt lat="44.10747" lon="3.12181">
        <ele>661</ele>
        <time>2026-08-21T20:17:34+00:00</time>
      </trkpt>
      <trkpt lat="44.10749" lon="3.12181">
        <ele>661</ele>
        <time>2026-08-21T20:17:37+00:00</time>
      </trkpt>
      <trkpt lat="44.10751" lon="3.1218">
        <ele>666</ele>
        <time>2026-08-21T20:17:40+00:00</time>
      </trkpt>
      <trkpt lat="44.10753" lon="3.12179">
        <ele>668</ele>
        <time>2026-08-21T20:17:43+00:00</time>
      </trkpt>
      <trkpt lat="44.10752" lon="3.12174">
        <ele>668</ele>
        <time>2026-08-21T20:17:46+00:00</time>
      </trkpt>
      <trkpt lat="44.10755" lon="3.12166">
        <ele>670</ele>
        <time>2026-08-21T20:17:49+00:00</time>
      </trkpt>
      <trkpt lat="44.10756" lon="3.1216">
        <ele>670</ele>
        <time>2026-08-21T20:17:52+00:00</time>
      </trkpt>
      <trkpt lat="44.10758" lon="3.12154">
        <ele>671</ele>
        <time>2026-08-21T20:17:55+00:00</time>
      </trkpt>
      <trkpt lat="44.10759" lon="3.12146">
        <ele>672</ele>
        <time>2026-08-21T20:17:58+00:00</time>
      </trkpt>
      <trkpt lat="44.10761" lon="3.1214">
        <ele>676</ele>
        <time>2026-08-21T20:18:01+00:00</time>
      </trkpt>
      <trkpt lat="44.10761" lon="3.12135">
        <ele>677</ele>
        <time>2026-08-21T20:18:04+00:00</time>
      </trkpt>
      <trkpt lat="44.10763" lon="3.12133">
        <ele>677</ele>
        <time>2026-08-21T20:18:07+00:00</time>
      </trkpt>
      <trkpt lat="44.10766" lon="3.12123">
        <ele>678</ele>
        <time>2026-08-21T20:18:10+00:00</time>
      </trkpt>
      <trkpt lat="44.10766" lon="3.12117">
        <ele>679</ele>
        <time>2026-08-21T20:18:13+00:00</time>
      </trkpt>
      <trkpt lat="44.10767" lon="3.12112">
        <ele>679</ele>
        <time>2026-08-21T20:18:16+00:00</time>
      </trkpt>
      <trkpt lat="44.10768" lon="3.12102">
        <ele>679</ele>
        <time>2026-08-21T20:18:19+00:00</time>
      </trkpt>
      <trkpt lat="44.10769" lon="3.12099">
        <ele>679</ele>
        <time>2026-08-21T20:18:22+00:00</time>
      </trkpt>
      <trkpt lat="44.1077" lon="3.12096">
        <ele>679</ele>
        <time>2026-08-21T20:18:25+00:00</time>
      </trkpt>
      <trkpt lat="44.10772" lon="3.12091">
        <ele>684</ele>
        <time>2026-08-21T20:18:28+00:00</time>
      </trkpt>
      <trkpt lat="44.10777" lon="3.12086">
        <ele>684</ele>
        <time>2026-08-21T20:18:31+00:00</time>
      </trkpt>
      <trkpt lat="44.1078" lon="3.12085">
        <ele>692</ele>
        <time>2026-08-21T20:18:34+00:00</time>
      </trkpt>
      <trkpt lat="44.10782" lon="3.12084">
        <ele>692</ele>
        <time>2026-08-21T20:18:37+00:00</time>
      </trkpt>
      <trkpt lat="44.10783" lon="3.12072">
        <ele>692</ele>
        <time>2026-08-21T20:18:40+00:00</time>
      </trkpt>
      <trkpt lat="44.10787" lon="3.12067">
        <ele>693</ele>
        <time>2026-08-21T20:18:43+00:00</time>
      </trkpt>
      <trkpt lat="44.10788" lon="3.12066">
        <ele>693</ele>
        <time>2026-08-21T20:18:46+00:00</time>
      </trkpt>
      <trkpt lat="44.10791" lon="3.12067">
        <ele>699</ele>
        <time>2026-08-21T20:18:49+00:00</time>
      </trkpt>
      <trkpt lat="44.10794" lon="3.12069">
        <ele>699</ele>
        <time>2026-08-21T20:18:52+00:00</time>
      </trkpt>
      <trkpt lat="44.10795" lon="3.12072">
        <ele>698</ele>
        <time>2026-08-21T20:18:55+00:00</time>
      </trkpt>
      <trkpt lat="44.10795" lon="3.12077">
        <ele>698</ele>
        <time>2026-08-21T20:18:58+00:00</time>
      </trkpt>
      <trkpt lat="44.10797" lon="3.12083">
        <ele>697</ele>
        <time>2026-08-21T20:19:01+00:00</time>
      </trkpt>
      <trkpt lat="44.108" lon="3.12086">
        <ele>702</ele>
        <time>2026-08-21T20:19:04+00:00</time>
      </trkpt>
      <trkpt lat="44.10803" lon="3.12087">
        <ele>702</ele>
        <time>2026-08-21T20:19:07+00:00</time>
      </trkpt>
      <trkpt lat="44.10804" lon="3.12087">
        <ele>702</ele>
        <time>2026-08-21T20:19:10+00:00</time>
      </trkpt>
      <trkpt lat="44.10809" lon="3.12078">
        <ele>704</ele>
        <time>2026-08-21T20:19:13+00:00</time>
      </trkpt>
      <trkpt lat="44.10814" lon="3.12071">
        <ele>709</ele>
        <time>2026-08-21T20:19:16+00:00</time>
      </trkpt>
      <trkpt lat="44.10816" lon="3.1207">
        <ele>709</ele>
        <time>2026-08-21T20:19:19+00:00</time>
      </trkpt>
      <trkpt lat="44.10823" lon="3.12074">
        <ele>712</ele>
        <time>2026-08-21T20:19:22+00:00</time>
      </trkpt>
      <trkpt lat="44.10825" lon="3.12074">
        <ele>712</ele>
        <time>2026-08-21T20:19:25+00:00</time>
      </trkpt>
      <trkpt lat="44.10827" lon="3.12073">
        <ele>712</ele>
        <time>2026-08-21T20:19:28+00:00</time>
      </trkpt>
      <trkpt lat="44.10829" lon="3.1207">
        <ele>712</ele>
        <time>2026-08-21T20:19:31+00:00</time>
      </trkpt>
      <trkpt lat="44.10836" lon="3.12065">
        <ele>716</ele>
        <time>2026-08-21T20:19:34+00:00</time>
      </trkpt>
      <trkpt lat="44.10837" lon="3.12062">
        <ele>716</ele>
        <time>2026-08-21T20:19:37+00:00</time>
      </trkpt>
      <trkpt lat="44.10841" lon="3.1206">
        <ele>723</ele>
        <time>2026-08-21T20:19:40+00:00</time>
      </trkpt>
      <trkpt lat="44.10843" lon="3.1206">
        <ele>723</ele>
        <time>2026-08-21T20:19:43+00:00</time>
      </trkpt>
      <trkpt lat="44.10845" lon="3.12058">
        <ele>723</ele>
        <time>2026-08-21T20:19:46+00:00</time>
      </trkpt>
      <trkpt lat="44.10846" lon="3.12055">
        <ele>723</ele>
        <time>2026-08-21T20:19:49+00:00</time>
      </trkpt>
      <trkpt lat="44.10853" lon="3.12048">
        <ele>727</ele>
        <time>2026-08-21T20:19:52+00:00</time>
      </trkpt>
      <trkpt lat="44.10861" lon="3.12049">
        <ele>729</ele>
        <time>2026-08-21T20:19:55+00:00</time>
      </trkpt>
      <trkpt lat="44.10867" lon="3.12052">
        <ele>727</ele>
        <time>2026-08-21T20:19:58+00:00</time>
      </trkpt>
      <trkpt lat="44.10873" lon="3.12053">
        <ele>729</ele>
        <time>2026-08-21T20:20:01+00:00</time>
      </trkpt>
      <trkpt lat="44.10876" lon="3.1205">
        <ele>729</ele>
        <time>2026-08-21T20:20:04+00:00</time>
      </trkpt>
      <trkpt lat="44.10877" lon="3.12047">
        <ele>732</ele>
        <time>2026-08-21T20:20:07+00:00</time>
      </trkpt>
      <trkpt lat="44.10879" lon="3.12043">
        <ele>732</ele>
        <time>2026-08-21T20:20:10+00:00</time>
      </trkpt>
      <trkpt lat="44.10881" lon="3.12042">
        <ele>733</ele>
        <time>2026-08-21T20:20:13+00:00</time>
      </trkpt>
      <trkpt lat="44.10884" lon="3.12041">
        <ele>733</ele>
        <time>2026-08-21T20:20:16+00:00</time>
      </trkpt>
      <trkpt lat="44.10886" lon="3.12043">
        <ele>733</ele>
        <time>2026-08-21T20:20:19+00:00</time>
      </trkpt>
      <trkpt lat="44.1089" lon="3.12044">
        <ele>735</ele>
        <time>2026-08-21T20:20:22+00:00</time>
      </trkpt>
      <trkpt lat="44.10893" lon="3.12044">
        <ele>735</ele>
        <time>2026-08-21T20:20:25+00:00</time>
      </trkpt>
      <trkpt lat="44.10898" lon="3.1204">
        <ele>735</ele>
        <time>2026-08-21T20:20:28+00:00</time>
      </trkpt>
      <trkpt lat="44.10904" lon="3.12036">
        <ele>740</ele>
        <time>2026-08-21T20:20:31+00:00</time>
      </trkpt>
      <trkpt lat="44.10906" lon="3.12033">
        <ele>740</ele>
        <time>2026-08-21T20:20:34+00:00</time>
      </trkpt>
      <trkpt lat="44.10907" lon="3.12028">
        <ele>743</ele>
        <time>2026-08-21T20:20:37+00:00</time>
      </trkpt>
      <trkpt lat="44.1091" lon="3.12022">
        <ele>743</ele>
        <time>2026-08-21T20:20:40+00:00</time>
      </trkpt>
      <trkpt lat="44.10912" lon="3.12021">
        <ele>744</ele>
        <time>2026-08-21T20:20:43+00:00</time>
      </trkpt>
      <trkpt lat="44.10919" lon="3.1202">
        <ele>744</ele>
        <time>2026-08-21T20:20:46+00:00</time>
      </trkpt>
      <trkpt lat="44.10923" lon="3.12017">
        <ele>748</ele>
        <time>2026-08-21T20:20:49+00:00</time>
      </trkpt>
      <trkpt lat="44.10924" lon="3.12015">
        <ele>748</ele>
        <time>2026-08-21T20:20:52+00:00</time>
      </trkpt>
      <trkpt lat="44.10931" lon="3.12015">
        <ele>751</ele>
        <time>2026-08-21T20:20:55+00:00</time>
      </trkpt>
      <trkpt lat="44.10932" lon="3.12012">
        <ele>751</ele>
        <time>2026-08-21T20:20:58+00:00</time>
      </trkpt>
      <trkpt lat="44.10932" lon="3.1201">
        <ele>753</ele>
        <time>2026-08-21T20:21:01+00:00</time>
      </trkpt>
      <trkpt lat="44.10934" lon="3.12007">
        <ele>753</ele>
        <time>2026-08-21T20:21:04+00:00</time>
      </trkpt>
      <trkpt lat="44.10935" lon="3.12005">
        <ele>753</ele>
        <time>2026-08-21T20:21:07+00:00</time>
      </trkpt>
      <trkpt lat="44.10938" lon="3.12005">
        <ele>753</ele>
        <time>2026-08-21T20:21:10+00:00</time>
      </trkpt>
      <trkpt lat="44.10949" lon="3.12009">
        <ele>755</ele>
        <time>2026-08-21T20:21:13+00:00</time>
      </trkpt>
      <trkpt lat="44.10952" lon="3.12007">
        <ele>756</ele>
        <time>2026-08-21T20:21:16+00:00</time>
      </trkpt>
      <trkpt lat="44.10955" lon="3.11999">
        <ele>759</ele>
        <time>2026-08-21T20:21:19+00:00</time>
      </trkpt>
      <trkpt lat="44.10955" lon="3.11996">
        <ele>759</ele>
        <time>2026-08-21T20:21:22+00:00</time>
      </trkpt>
      <trkpt lat="44.10956" lon="3.11995">
        <ele>759</ele>
        <time>2026-08-21T20:21:25+00:00</time>
      </trkpt>
      <trkpt lat="44.10968" lon="3.11994">
        <ele>761</ele>
        <time>2026-08-21T20:21:28+00:00</time>
      </trkpt>
      <trkpt lat="44.10972" lon="3.11994">
        <ele>762</ele>
        <time>2026-08-21T20:21:31+00:00</time>
      </trkpt>
      <trkpt lat="44.10975" lon="3.11993">
        <ele>762</ele>
        <time>2026-08-21T20:21:34+00:00</time>
      </trkpt>
      <trkpt lat="44.10977" lon="3.11991">
        <ele>762</ele>
        <time>2026-08-21T20:21:37+00:00</time>
      </trkpt>
      <trkpt lat="44.1098" lon="3.11984">
        <ele>765</ele>
        <time>2026-08-21T20:21:40+00:00</time>
      </trkpt>
      <trkpt lat="44.10984" lon="3.1198">
        <ele>765</ele>
        <time>2026-08-21T20:21:43+00:00</time>
      </trkpt>
      <trkpt lat="44.10986" lon="3.11979">
        <ele>767</ele>
        <time>2026-08-21T20:21:46+00:00</time>
      </trkpt>
      <trkpt lat="44.1099" lon="3.11977">
        <ele>769</ele>
        <time>2026-08-21T20:21:49+00:00</time>
      </trkpt>
      <trkpt lat="44.10993" lon="3.11973">
        <ele>769</ele>
        <time>2026-08-21T20:21:52+00:00</time>
      </trkpt>
      <trkpt lat="44.10994" lon="3.11971">
        <ele>769</ele>
        <time>2026-08-21T20:21:55+00:00</time>
      </trkpt>
      <trkpt lat="44.11001" lon="3.11964">
        <ele>773</ele>
        <time>2026-08-21T20:21:58+00:00</time>
      </trkpt>
      <trkpt lat="44.11002" lon="3.11961">
        <ele>773</ele>
        <time>2026-08-21T20:22:01+00:00</time>
      </trkpt>
      <trkpt lat="44.11004" lon="3.1196">
        <ele>774</ele>
        <time>2026-08-21T20:22:04+00:00</time>
      </trkpt>
      <trkpt lat="44.1101" lon="3.1195">
        <ele>774</ele>
        <time>2026-08-21T20:22:07+00:00</time>
      </trkpt>
      <trkpt lat="44.11013" lon="3.11946">
        <ele>777</ele>
        <time>2026-08-21T20:22:10+00:00</time>
      </trkpt>
      <trkpt lat="44.11017" lon="3.1194">
        <ele>780</ele>
        <time>2026-08-21T20:22:13+00:00</time>
      </trkpt>
      <trkpt lat="44.11021" lon="3.11936">
        <ele>776</ele>
        <time>2026-08-21T20:22:16+00:00</time>
      </trkpt>
      <trkpt lat="44.11023" lon="3.11936">
        <ele>781</ele>
        <time>2026-08-21T20:22:19+00:00</time>
      </trkpt>
      <trkpt lat="44.11027" lon="3.1194">
        <ele>781</ele>
        <time>2026-08-21T20:22:22+00:00</time>
      </trkpt>
      <trkpt lat="44.11034" lon="3.11947">
        <ele>780</ele>
        <time>2026-08-21T20:22:25+00:00</time>
      </trkpt>
      <trkpt lat="44.11035" lon="3.1195">
        <ele>779</ele>
        <time>2026-08-21T20:22:28+00:00</time>
      </trkpt>
      <trkpt lat="44.1104" lon="3.11955">
        <ele>777</ele>
        <time>2026-08-21T20:22:31+00:00</time>
      </trkpt>
      <trkpt lat="44.11043" lon="3.11961">
        <ele>779</ele>
        <time>2026-08-21T20:22:34+00:00</time>
      </trkpt>
      <trkpt lat="44.11049" lon="3.11966">
        <ele>779</ele>
        <time>2026-08-21T20:22:37+00:00</time>
      </trkpt>
      <trkpt lat="44.11051" lon="3.11969">
        <ele>780</ele>
        <time>2026-08-21T20:22:40+00:00</time>
      </trkpt>
      <trkpt lat="44.11067" lon="3.11984">
        <ele>776</ele>
        <time>2026-08-21T20:22:43+00:00</time>
      </trkpt>
      <trkpt lat="44.11075" lon="3.11995">
        <ele>777</ele>
        <time>2026-08-21T20:22:46+00:00</time>
      </trkpt>
      <trkpt lat="44.1109" lon="3.12006">
        <ele>776</ele>
        <time>2026-08-21T20:22:49+00:00</time>
      </trkpt>
      <trkpt lat="44.11102" lon="3.12015">
        <ele>775</ele>
        <time>2026-08-21T20:22:52+00:00</time>
      </trkpt>
      <trkpt lat="44.11108" lon="3.1202">
        <ele>775</ele>
        <time>2026-08-21T20:22:55+00:00</time>
      </trkpt>
      <trkpt lat="44.11125" lon="3.12029">
        <ele>777</ele>
        <time>2026-08-21T20:22:58+00:00</time>
      </trkpt>
      <trkpt lat="44.11137" lon="3.12033">
        <ele>775</ele>
        <time>2026-08-21T20:23:01+00:00</time>
      </trkpt>
      <trkpt lat="44.11151" lon="3.12035">
        <ele>775</ele>
        <time>2026-08-21T20:23:04+00:00</time>
      </trkpt>
      <trkpt lat="44.11158" lon="3.12038">
        <ele>775</ele>
        <time>2026-08-21T20:23:07+00:00</time>
      </trkpt>
      <trkpt lat="44.11161" lon="3.12041">
        <ele>773</ele>
        <time>2026-08-21T20:23:10+00:00</time>
      </trkpt>
      <trkpt lat="44.11171" lon="3.12056">
        <ele>776</ele>
        <time>2026-08-21T20:23:13+00:00</time>
      </trkpt>
      <trkpt lat="44.11179" lon="3.12063">
        <ele>774</ele>
        <time>2026-08-21T20:23:16+00:00</time>
      </trkpt>
      <trkpt lat="44.11183" lon="3.12065">
        <ele>774</ele>
        <time>2026-08-21T20:23:19+00:00</time>
      </trkpt>
      <trkpt lat="44.11189" lon="3.12067">
        <ele>774</ele>
        <time>2026-08-21T20:23:22+00:00</time>
      </trkpt>
      <trkpt lat="44.11197" lon="3.12068">
        <ele>775</ele>
        <time>2026-08-21T20:23:25+00:00</time>
      </trkpt>
      <trkpt lat="44.11205" lon="3.12071">
        <ele>774</ele>
        <time>2026-08-21T20:23:28+00:00</time>
      </trkpt>
      <trkpt lat="44.11227" lon="3.12071">
        <ele>774</ele>
        <time>2026-08-21T20:23:31+00:00</time>
      </trkpt>
      <trkpt lat="44.11237" lon="3.12075">
        <ele>775</ele>
        <time>2026-08-21T20:23:34+00:00</time>
      </trkpt>
      <trkpt lat="44.11243" lon="3.12076">
        <ele>778</ele>
        <time>2026-08-21T20:23:37+00:00</time>
      </trkpt>
      <trkpt lat="44.11251" lon="3.12074">
        <ele>779</ele>
        <time>2026-08-21T20:23:40+00:00</time>
      </trkpt>
      <trkpt lat="44.11257" lon="3.12069">
        <ele>784</ele>
        <time>2026-08-21T20:23:43+00:00</time>
      </trkpt>
      <trkpt lat="44.11267" lon="3.1207">
        <ele>786</ele>
        <time>2026-08-21T20:23:46+00:00</time>
      </trkpt>
      <trkpt lat="44.11271" lon="3.12069">
        <ele>789</ele>
        <time>2026-08-21T20:23:49+00:00</time>
      </trkpt>
      <trkpt lat="44.11273" lon="3.12069">
        <ele>789</ele>
        <time>2026-08-21T20:23:52+00:00</time>
      </trkpt>
      <trkpt lat="44.11276" lon="3.12066">
        <ele>789</ele>
        <time>2026-08-21T20:23:55+00:00</time>
      </trkpt>
      <trkpt lat="44.11276" lon="3.12064">
        <ele>789</ele>
        <time>2026-08-21T20:23:58+00:00</time>
      </trkpt>
      <trkpt lat="44.11282" lon="3.12065">
        <ele>790</ele>
        <time>2026-08-21T20:24:01+00:00</time>
      </trkpt>
      <trkpt lat="44.11286" lon="3.12069">
        <ele>790</ele>
        <time>2026-08-21T20:24:04+00:00</time>
      </trkpt>
      <trkpt lat="44.11294" lon="3.1208">
        <ele>790</ele>
        <time>2026-08-21T20:24:07+00:00</time>
      </trkpt>
      <trkpt lat="44.11296" lon="3.12081">
        <ele>789</ele>
        <time>2026-08-21T20:24:10+00:00</time>
      </trkpt>
      <trkpt lat="44.11298" lon="3.12081">
        <ele>789</ele>
        <time>2026-08-21T20:24:13+00:00</time>
      </trkpt>
      <trkpt lat="44.11301" lon="3.12083">
        <ele>793</ele>
        <time>2026-08-21T20:24:16+00:00</time>
      </trkpt>
      <trkpt lat="44.11307" lon="3.12086">
        <ele>793</ele>
        <time>2026-08-21T20:24:19+00:00</time>
      </trkpt>
      <trkpt lat="44.11313" lon="3.1209">
        <ele>794</ele>
        <time>2026-08-21T20:24:22+00:00</time>
      </trkpt>
      <trkpt lat="44.11319" lon="3.12091">
        <ele>794</ele>
        <time>2026-08-21T20:24:25+00:00</time>
      </trkpt>
      <trkpt lat="44.11323" lon="3.12093">
        <ele>798</ele>
        <time>2026-08-21T20:24:28+00:00</time>
      </trkpt>
      <trkpt lat="44.11325" lon="3.12093">
        <ele>798</ele>
        <time>2026-08-21T20:24:31+00:00</time>
      </trkpt>
      <trkpt lat="44.11327" lon="3.12091">
        <ele>798</ele>
        <time>2026-08-21T20:24:34+00:00</time>
      </trkpt>
      <trkpt lat="44.11331" lon="3.12092">
        <ele>800</ele>
        <time>2026-08-21T20:24:37+00:00</time>
      </trkpt>
      <trkpt lat="44.11346" lon="3.12098">
        <ele>801</ele>
        <time>2026-08-21T20:24:40+00:00</time>
      </trkpt>
      <trkpt lat="44.11357" lon="3.12101">
        <ele>801</ele>
        <time>2026-08-21T20:24:43+00:00</time>
      </trkpt>
      <trkpt lat="44.11371" lon="3.12101">
        <ele>803</ele>
        <time>2026-08-21T20:24:46+00:00</time>
      </trkpt>
      <trkpt lat="44.11376" lon="3.121">
        <ele>805</ele>
        <time>2026-08-21T20:24:49+00:00</time>
      </trkpt>
      <trkpt lat="44.11395" lon="3.12102">
        <ele>805</ele>
        <time>2026-08-21T20:24:52+00:00</time>
      </trkpt>
      <trkpt lat="44.11411" lon="3.12099">
        <ele>808</ele>
        <time>2026-08-21T20:24:55+00:00</time>
      </trkpt>
      <trkpt lat="44.11427" lon="3.12098">
        <ele>808</ele>
        <time>2026-08-21T20:24:58+00:00</time>
      </trkpt>
      <trkpt lat="44.11435" lon="3.12093">
        <ele>809</ele>
        <time>2026-08-21T20:25:01+00:00</time>
      </trkpt>
      <trkpt lat="44.1144" lon="3.12093">
        <ele>809</ele>
        <time>2026-08-21T20:25:04+00:00</time>
      </trkpt>
      <trkpt lat="44.11446" lon="3.1209">
        <ele>809</ele>
        <time>2026-08-21T20:25:07+00:00</time>
      </trkpt>
      <trkpt lat="44.11452" lon="3.12086">
        <ele>812</ele>
        <time>2026-08-21T20:25:10+00:00</time>
      </trkpt>
      <trkpt lat="44.11457" lon="3.1208">
        <ele>814</ele>
        <time>2026-08-21T20:25:13+00:00</time>
      </trkpt>
      <trkpt lat="44.11467" lon="3.12071">
        <ele>814</ele>
        <time>2026-08-21T20:25:16+00:00</time>
      </trkpt>
      <trkpt lat="44.11474" lon="3.12068">
        <ele>816</ele>
        <time>2026-08-21T20:25:19+00:00</time>
      </trkpt>
      <trkpt lat="44.1148" lon="3.12064">
        <ele>816</ele>
        <time>2026-08-21T20:25:22+00:00</time>
      </trkpt>
      <trkpt lat="44.11491" lon="3.12062">
        <ele>817</ele>
        <time>2026-08-21T20:25:25+00:00</time>
      </trkpt>
      <trkpt lat="44.11494" lon="3.1206">
        <ele>817</ele>
        <time>2026-08-21T20:25:28+00:00</time>
      </trkpt>
      <trkpt lat="44.11501" lon="3.12052">
        <ele>819</ele>
        <time>2026-08-21T20:25:31+00:00</time>
      </trkpt>
      <trkpt lat="44.11505" lon="3.1205">
        <ele>821</ele>
        <time>2026-08-21T20:25:34+00:00</time>
      </trkpt>
      <trkpt lat="44.11509" lon="3.12047">
        <ele>821</ele>
        <time>2026-08-21T20:25:37+00:00</time>
      </trkpt>
      <trkpt lat="44.11512" lon="3.12045">
        <ele>821</ele>
        <time>2026-08-21T20:25:40+00:00</time>
      </trkpt>
      <trkpt lat="44.11542" lon="3.12028">
        <ele>824</ele>
        <time>2026-08-21T20:25:43+00:00</time>
      </trkpt>
      <trkpt lat="44.11549" lon="3.12022">
        <ele>824</ele>
        <time>2026-08-21T20:25:46+00:00</time>
      </trkpt>
      <trkpt lat="44.11556" lon="3.12017">
        <ele>825</ele>
        <time>2026-08-21T20:25:49+00:00</time>
      </trkpt>
      <trkpt lat="44.11564" lon="3.12011">
        <ele>824</ele>
        <time>2026-08-21T20:25:52+00:00</time>
      </trkpt>
      <trkpt lat="44.11571" lon="3.12006">
        <ele>825</ele>
        <time>2026-08-21T20:25:55+00:00</time>
      </trkpt>
      <trkpt lat="44.11577" lon="3.12003">
        <ele>825</ele>
        <time>2026-08-21T20:25:58+00:00</time>
      </trkpt>
      <trkpt lat="44.11602" lon="3.12007">
        <ele>824</ele>
        <time>2026-08-21T20:26:01+00:00</time>
      </trkpt>
      <trkpt lat="44.1161" lon="3.12009">
        <ele>824</ele>
        <time>2026-08-21T20:26:04+00:00</time>
      </trkpt>
      <trkpt lat="44.11622" lon="3.12012">
        <ele>823</ele>
        <time>2026-08-21T20:26:07+00:00</time>
      </trkpt>
      <trkpt lat="44.11627" lon="3.12015">
        <ele>823</ele>
        <time>2026-08-21T20:26:10+00:00</time>
      </trkpt>
      <trkpt lat="44.11638" lon="3.12017">
        <ele>822</ele>
        <time>2026-08-21T20:26:13+00:00</time>
      </trkpt>
      <trkpt lat="44.11654" lon="3.12024">
        <ele>821</ele>
        <time>2026-08-21T20:26:16+00:00</time>
      </trkpt>
      <trkpt lat="44.11659" lon="3.12024">
        <ele>821</ele>
        <time>2026-08-21T20:26:19+00:00</time>
      </trkpt>
      <trkpt lat="44.11665" lon="3.12021">
        <ele>821</ele>
        <time>2026-08-21T20:26:22+00:00</time>
      </trkpt>
      <trkpt lat="44.1167" lon="3.12021">
        <ele>821</ele>
        <time>2026-08-21T20:26:25+00:00</time>
      </trkpt>
      <trkpt lat="44.11675" lon="3.12024">
        <ele>821</ele>
        <time>2026-08-21T20:26:28+00:00</time>
      </trkpt>
      <trkpt lat="44.11695" lon="3.12045">
        <ele>821</ele>
        <time>2026-08-21T20:26:31+00:00</time>
      </trkpt>
      <trkpt lat="44.11698" lon="3.12046">
        <ele>821</ele>
        <time>2026-08-21T20:26:34+00:00</time>
      </trkpt>
      <trkpt lat="44.11701" lon="3.12049">
        <ele>822</ele>
        <time>2026-08-21T20:26:37+00:00</time>
      </trkpt>
      <trkpt lat="44.1171" lon="3.12054">
        <ele>823</ele>
        <time>2026-08-21T20:26:40+00:00</time>
      </trkpt>
      <trkpt lat="44.11715" lon="3.12056">
        <ele>823</ele>
        <time>2026-08-21T20:26:43+00:00</time>
      </trkpt>
      <trkpt lat="44.11722" lon="3.12056">
        <ele>825</ele>
        <time>2026-08-21T20:26:46+00:00</time>
      </trkpt>
      <trkpt lat="44.11724" lon="3.12054">
        <ele>825</ele>
        <time>2026-08-21T20:26:49+00:00</time>
      </trkpt>
      <trkpt lat="44.11729" lon="3.12053">
        <ele>825</ele>
        <time>2026-08-21T20:26:52+00:00</time>
      </trkpt>
      <trkpt lat="44.11733" lon="3.1205">
        <ele>825</ele>
        <time>2026-08-21T20:26:55+00:00</time>
      </trkpt>
      <trkpt lat="44.1174" lon="3.12048">
        <ele>826</ele>
        <time>2026-08-21T20:26:58+00:00</time>
      </trkpt>
      <trkpt lat="44.11746" lon="3.12048">
        <ele>826</ele>
        <time>2026-08-21T20:27:01+00:00</time>
      </trkpt>
      <trkpt lat="44.11757" lon="3.1205">
        <ele>827</ele>
        <time>2026-08-21T20:27:04+00:00</time>
      </trkpt>
      <trkpt lat="44.11763" lon="3.12052">
        <ele>828</ele>
        <time>2026-08-21T20:27:07+00:00</time>
      </trkpt>
      <trkpt lat="44.11769" lon="3.12055">
        <ele>828</ele>
        <time>2026-08-21T20:27:10+00:00</time>
      </trkpt>
      <trkpt lat="44.11771" lon="3.12054">
        <ele>829</ele>
        <time>2026-08-21T20:27:13+00:00</time>
      </trkpt>
      <trkpt lat="44.11787" lon="3.12045">
        <ele>830</ele>
        <time>2026-08-21T20:27:16+00:00</time>
      </trkpt>
      <trkpt lat="44.11794" lon="3.12039">
        <ele>830</ele>
        <time>2026-08-21T20:27:19+00:00</time>
      </trkpt>
      <trkpt lat="44.11801" lon="3.12034">
        <ele>830</ele>
        <time>2026-08-21T20:27:22+00:00</time>
      </trkpt>
      <trkpt lat="44.11809" lon="3.12024">
        <ele>830</ele>
        <time>2026-08-21T20:27:25+00:00</time>
      </trkpt>
      <trkpt lat="44.11818" lon="3.12014">
        <ele>831</ele>
        <time>2026-08-21T20:27:28+00:00</time>
      </trkpt>
      <trkpt lat="44.11821" lon="3.12013">
        <ele>831</ele>
        <time>2026-08-21T20:27:31+00:00</time>
      </trkpt>
      <trkpt lat="44.11834" lon="3.11999">
        <ele>831</ele>
        <time>2026-08-21T20:27:34+00:00</time>
      </trkpt>
      <trkpt lat="44.11841" lon="3.11991">
        <ele>831</ele>
        <time>2026-08-21T20:27:37+00:00</time>
      </trkpt>
      <trkpt lat="44.11842" lon="3.11988">
        <ele>831</ele>
        <time>2026-08-21T20:27:40+00:00</time>
      </trkpt>
      <trkpt lat="44.11849" lon="3.11983">
        <ele>831</ele>
        <time>2026-08-21T20:27:43+00:00</time>
      </trkpt>
      <trkpt lat="44.11855" lon="3.1198">
        <ele>831</ele>
        <time>2026-08-21T20:27:46+00:00</time>
      </trkpt>
      <trkpt lat="44.11863" lon="3.11977">
        <ele>831</ele>
        <time>2026-08-21T20:27:49+00:00</time>
      </trkpt>
      <trkpt lat="44.11869" lon="3.11974">
        <ele>831</ele>
        <time>2026-08-21T20:27:52+00:00</time>
      </trkpt>
      <trkpt lat="44.11871" lon="3.11971">
        <ele>831</ele>
        <time>2026-08-21T20:27:55+00:00</time>
      </trkpt>
      <trkpt lat="44.11873" lon="3.1197">
        <ele>831</ele>
        <time>2026-08-21T20:27:58+00:00</time>
      </trkpt>
      <trkpt lat="44.11879" lon="3.11966">
        <ele>831</ele>
        <time>2026-08-21T20:28:01+00:00</time>
      </trkpt>
      <trkpt lat="44.11883" lon="3.11966">
        <ele>831</ele>
        <time>2026-08-21T20:28:04+00:00</time>
      </trkpt>
      <trkpt lat="44.11893" lon="3.11966">
        <ele>830</ele>
        <time>2026-08-21T20:28:07+00:00</time>
      </trkpt>
      <trkpt lat="44.11897" lon="3.11967">
        <ele>830</ele>
        <time>2026-08-21T20:28:10+00:00</time>
      </trkpt>
      <trkpt lat="44.11903" lon="3.1197">
        <ele>830</ele>
        <time>2026-08-21T20:28:13+00:00</time>
      </trkpt>
      <trkpt lat="44.11907" lon="3.11974">
        <ele>830</ele>
        <time>2026-08-21T20:28:16+00:00</time>
      </trkpt>
      <trkpt lat="44.11912" lon="3.11977">
        <ele>830</ele>
        <time>2026-08-21T20:28:19+00:00</time>
      </trkpt>
      <trkpt lat="44.11918" lon="3.11978">
        <ele>830</ele>
        <time>2026-08-21T20:28:22+00:00</time>
      </trkpt>
      <trkpt lat="44.11921" lon="3.11977">
        <ele>829</ele>
        <time>2026-08-21T20:28:25+00:00</time>
      </trkpt>
      <trkpt lat="44.11927" lon="3.11974">
        <ele>829</ele>
        <time>2026-08-21T20:28:28+00:00</time>
      </trkpt>
      <trkpt lat="44.11931" lon="3.11971">
        <ele>829</ele>
        <time>2026-08-21T20:28:31+00:00</time>
      </trkpt>
      <trkpt lat="44.11936" lon="3.11965">
        <ele>829</ele>
        <time>2026-08-21T20:28:34+00:00</time>
      </trkpt>
      <trkpt lat="44.11944" lon="3.11942">
        <ele>829</ele>
        <time>2026-08-21T20:28:37+00:00</time>
      </trkpt>
      <trkpt lat="44.11947" lon="3.11936">
        <ele>829</ele>
        <time>2026-08-21T20:28:40+00:00</time>
      </trkpt>
      <trkpt lat="44.1195" lon="3.11934">
        <ele>829</ele>
        <time>2026-08-21T20:28:43+00:00</time>
      </trkpt>
      <trkpt lat="44.11961" lon="3.1193">
        <ele>829</ele>
        <time>2026-08-21T20:28:46+00:00</time>
      </trkpt>
      <trkpt lat="44.11969" lon="3.11928">
        <ele>829</ele>
        <time>2026-08-21T20:28:49+00:00</time>
      </trkpt>
      <trkpt lat="44.11991" lon="3.11919">
        <ele>829</ele>
        <time>2026-08-21T20:28:52+00:00</time>
      </trkpt>
      <trkpt lat="44.12008" lon="3.11914">
        <ele>829</ele>
        <time>2026-08-21T20:28:55+00:00</time>
      </trkpt>
      <trkpt lat="44.12023" lon="3.11908">
        <ele>829</ele>
        <time>2026-08-21T20:28:58+00:00</time>
      </trkpt>
      <trkpt lat="44.12025" lon="3.11907">
        <ele>829</ele>
        <time>2026-08-21T20:29:01+00:00</time>
      </trkpt>
      <trkpt lat="44.12029" lon="3.11906">
        <ele>829</ele>
        <time>2026-08-21T20:29:04+00:00</time>
      </trkpt>
      <trkpt lat="44.12038" lon="3.11902">
        <ele>829</ele>
        <time>2026-08-21T20:29:07+00:00</time>
      </trkpt>
      <trkpt lat="44.1204" lon="3.119">
        <ele>829</ele>
        <time>2026-08-21T20:29:10+00:00</time>
      </trkpt>
      <trkpt lat="44.12046" lon="3.11893">
        <ele>829</ele>
        <time>2026-08-21T20:29:13+00:00</time>
      </trkpt>
      <trkpt lat="44.12048" lon="3.1188">
        <ele>830</ele>
        <time>2026-08-21T20:29:16+00:00</time>
      </trkpt>
      <trkpt lat="44.12051" lon="3.11874">
        <ele>831</ele>
        <time>2026-08-21T20:29:19+00:00</time>
      </trkpt>
      <trkpt lat="44.12052" lon="3.11873">
        <ele>831</ele>
        <time>2026-08-21T20:29:22+00:00</time>
      </trkpt>
      <trkpt lat="44.12054" lon="3.11872">
        <ele>831</ele>
        <time>2026-08-21T20:29:25+00:00</time>
      </trkpt>
      <trkpt lat="44.12061" lon="3.11873">
        <ele>832</ele>
        <time>2026-08-21T20:29:28+00:00</time>
      </trkpt>
      <trkpt lat="44.12065" lon="3.11875">
        <ele>832</ele>
        <time>2026-08-21T20:29:31+00:00</time>
      </trkpt>
      <trkpt lat="44.12068" lon="3.11876">
        <ele>832</ele>
        <time>2026-08-21T20:29:34+00:00</time>
      </trkpt>
      <trkpt lat="44.12076" lon="3.11875">
        <ele>832</ele>
        <time>2026-08-21T20:29:37+00:00</time>
      </trkpt>
      <trkpt lat="44.12085" lon="3.11876">
        <ele>833</ele>
        <time>2026-08-21T20:29:40+00:00</time>
      </trkpt>
      <trkpt lat="44.12094" lon="3.11875">
        <ele>834</ele>
        <time>2026-08-21T20:29:43+00:00</time>
      </trkpt>
      <trkpt lat="44.12099" lon="3.11875">
        <ele>834</ele>
        <time>2026-08-21T20:29:46+00:00</time>
      </trkpt>
      <trkpt lat="44.12104" lon="3.11877">
        <ele>834</ele>
        <time>2026-08-21T20:29:49+00:00</time>
      </trkpt>
      <trkpt lat="44.12107" lon="3.1188">
        <ele>833</ele>
        <time>2026-08-21T20:29:52+00:00</time>
      </trkpt>
      <trkpt lat="44.12109" lon="3.11881">
        <ele>833</ele>
        <time>2026-08-21T20:29:55+00:00</time>
      </trkpt>
      <trkpt lat="44.1211" lon="3.11883">
        <ele>834</ele>
        <time>2026-08-21T20:29:58+00:00</time>
      </trkpt>
      <trkpt lat="44.12108" lon="3.11881">
        <ele>833</ele>
        <time>2026-08-21T20:30:01+00:00</time>
      </trkpt>
      <trkpt lat="44.12107" lon="3.11878">
        <ele>834</ele>
        <time>2026-08-21T20:30:04+00:00</time>
      </trkpt>
      <trkpt lat="44.12106" lon="3.11875">
        <ele>834</ele>
        <time>2026-08-21T20:30:07+00:00</time>
      </trkpt>
      <trkpt lat="44.12104" lon="3.11872">
        <ele>834</ele>
        <time>2026-08-21T20:30:10+00:00</time>
      </trkpt>
      <trkpt lat="44.12092" lon="3.11863">
        <ele>833</ele>
        <time>2026-08-21T20:30:13+00:00</time>
      </trkpt>
      <trkpt lat="44.12085" lon="3.11858">
        <ele>835</ele>
        <time>2026-08-21T20:30:16+00:00</time>
      </trkpt>
      <trkpt lat="44.12079" lon="3.11856">
        <ele>834</ele>
        <time>2026-08-21T20:30:19+00:00</time>
      </trkpt>
      <trkpt lat="44.12068" lon="3.11852">
        <ele>833</ele>
        <time>2026-08-21T20:30:22+00:00</time>
      </trkpt>
      <trkpt lat="44.12063" lon="3.11847">
        <ele>835</ele>
        <time>2026-08-21T20:30:25+00:00</time>
      </trkpt>
      <trkpt lat="44.12059" lon="3.11845">
        <ele>834</ele>
        <time>2026-08-21T20:30:28+00:00</time>
      </trkpt>
      <trkpt lat="44.12052" lon="3.11837">
        <ele>835</ele>
        <time>2026-08-21T20:30:31+00:00</time>
      </trkpt>
      <trkpt lat="44.12048" lon="3.11828">
        <ele>835</ele>
        <time>2026-08-21T20:30:34+00:00</time>
      </trkpt>
      <trkpt lat="44.12039" lon="3.11817">
        <ele>836</ele>
        <time>2026-08-21T20:30:37+00:00</time>
      </trkpt>
      <trkpt lat="44.12038" lon="3.11814">
        <ele>836</ele>
        <time>2026-08-21T20:30:40+00:00</time>
      </trkpt>
      <trkpt lat="44.12034" lon="3.1181">
        <ele>836</ele>
        <time>2026-08-21T20:30:43+00:00</time>
      </trkpt>
      <trkpt lat="44.12031" lon="3.11806">
        <ele>837</ele>
        <time>2026-08-21T20:30:46+00:00</time>
      </trkpt>
      <trkpt lat="44.12026" lon="3.11802">
        <ele>837</ele>
        <time>2026-08-21T20:30:49+00:00</time>
      </trkpt>
      <trkpt lat="44.1202" lon="3.11799">
        <ele>838</ele>
        <time>2026-08-21T20:30:52+00:00</time>
      </trkpt>
      <trkpt lat="44.11991" lon="3.11793">
        <ele>837</ele>
        <time>2026-08-21T20:30:55+00:00</time>
      </trkpt>
      <trkpt lat="44.11985" lon="3.11793">
        <ele>837</ele>
        <time>2026-08-21T20:30:58+00:00</time>
      </trkpt>
      <trkpt lat="44.1197" lon="3.11795">
        <ele>837</ele>
        <time>2026-08-21T20:31:01+00:00</time>
      </trkpt>
      <trkpt lat="44.11965" lon="3.11797">
        <ele>838</ele>
        <time>2026-08-21T20:31:04+00:00</time>
      </trkpt>
      <trkpt lat="44.11952" lon="3.11801">
        <ele>837</ele>
        <time>2026-08-21T20:31:07+00:00</time>
      </trkpt>
      <trkpt lat="44.11928" lon="3.11813">
        <ele>838</ele>
        <time>2026-08-21T20:31:10+00:00</time>
      </trkpt>
      <trkpt lat="44.11925" lon="3.11816">
        <ele>838</ele>
        <time>2026-08-21T20:31:13+00:00</time>
      </trkpt>
      <trkpt lat="44.11919" lon="3.11818">
        <ele>838</ele>
        <time>2026-08-21T20:31:16+00:00</time>
      </trkpt>
      <trkpt lat="44.11897" lon="3.11831">
        <ele>838</ele>
        <time>2026-08-21T20:31:19+00:00</time>
      </trkpt>
      <trkpt lat="44.11885" lon="3.11834">
        <ele>838</ele>
        <time>2026-08-21T20:31:22+00:00</time>
      </trkpt>
      <trkpt lat="44.11882" lon="3.11838">
        <ele>838</ele>
        <time>2026-08-21T20:31:25+00:00</time>
      </trkpt>
      <trkpt lat="44.11876" lon="3.1184">
        <ele>839</ele>
        <time>2026-08-21T20:31:28+00:00</time>
      </trkpt>
      <trkpt lat="44.11873" lon="3.11842">
        <ele>838</ele>
        <time>2026-08-21T20:31:31+00:00</time>
      </trkpt>
      <trkpt lat="44.11861" lon="3.11845">
        <ele>839</ele>
        <time>2026-08-21T20:31:34+00:00</time>
      </trkpt>
      <trkpt lat="44.11857" lon="3.11845">
        <ele>839</ele>
        <time>2026-08-21T20:31:37+00:00</time>
      </trkpt>
      <trkpt lat="44.11854" lon="3.11844">
        <ele>839</ele>
        <time>2026-08-21T20:31:40+00:00</time>
      </trkpt>
      <trkpt lat="44.11846" lon="3.1184">
        <ele>840</ele>
        <time>2026-08-21T20:31:43+00:00</time>
      </trkpt>
      <trkpt lat="44.11842" lon="3.11836">
        <ele>840</ele>
        <time>2026-08-21T20:31:46+00:00</time>
      </trkpt>
      <trkpt lat="44.11834" lon="3.11826">
        <ele>842</ele>
        <time>2026-08-21T20:31:49+00:00</time>
      </trkpt>
      <trkpt lat="44.11832" lon="3.11825">
        <ele>842</ele>
        <time>2026-08-21T20:31:52+00:00</time>
      </trkpt>
      <trkpt lat="44.11831" lon="3.11821">
        <ele>842</ele>
        <time>2026-08-21T20:31:55+00:00</time>
      </trkpt>
      <trkpt lat="44.11828" lon="3.11818">
        <ele>843</ele>
        <time>2026-08-21T20:31:58+00:00</time>
      </trkpt>
      <trkpt lat="44.11827" lon="3.11817">
        <ele>843</ele>
        <time>2026-08-21T20:32:01+00:00</time>
      </trkpt>
      <trkpt lat="44.11824" lon="3.11815">
        <ele>843</ele>
        <time>2026-08-21T20:32:04+00:00</time>
      </trkpt>
      <trkpt lat="44.11822" lon="3.11809">
        <ele>844</ele>
        <time>2026-08-21T20:32:07+00:00</time>
      </trkpt>
      <trkpt lat="44.1182" lon="3.11804">
        <ele>844</ele>
        <time>2026-08-21T20:32:10+00:00</time>
      </trkpt>
      <trkpt lat="44.11815" lon="3.11799">
        <ele>845</ele>
        <time>2026-08-21T20:32:13+00:00</time>
      </trkpt>
      <trkpt lat="44.11808" lon="3.11788">
        <ele>846</ele>
        <time>2026-08-21T20:32:16+00:00</time>
      </trkpt>
      <trkpt lat="44.11802" lon="3.11783">
        <ele>846</ele>
        <time>2026-08-21T20:32:19+00:00</time>
      </trkpt>
      <trkpt lat="44.11792" lon="3.11775">
        <ele>848</ele>
        <time>2026-08-21T20:32:22+00:00</time>
      </trkpt>
      <trkpt lat="44.11783" lon="3.11765">
        <ele>849</ele>
        <time>2026-08-21T20:32:25+00:00</time>
      </trkpt>
      <trkpt lat="44.11776" lon="3.11758">
        <ele>851</ele>
        <time>2026-08-21T20:32:28+00:00</time>
      </trkpt>
      <trkpt lat="44.11773" lon="3.11753">
        <ele>851</ele>
        <time>2026-08-21T20:32:31+00:00</time>
      </trkpt>
      <trkpt lat="44.11771" lon="3.11752">
        <ele>851</ele>
        <time>2026-08-21T20:32:34+00:00</time>
      </trkpt>
      <trkpt lat="44.1176" lon="3.11745">
        <ele>853</ele>
        <time>2026-08-21T20:32:37+00:00</time>
      </trkpt>
      <trkpt lat="44.11754" lon="3.11743">
        <ele>853</ele>
        <time>2026-08-21T20:32:40+00:00</time>
      </trkpt>
      <trkpt lat="44.11747" lon="3.11742">
        <ele>854</ele>
        <time>2026-08-21T20:32:43+00:00</time>
      </trkpt>
      <trkpt lat="44.11745" lon="3.1174">
        <ele>854</ele>
        <time>2026-08-21T20:32:46+00:00</time>
      </trkpt>
      <trkpt lat="44.11738" lon="3.11733">
        <ele>855</ele>
        <time>2026-08-21T20:32:49+00:00</time>
      </trkpt>
      <trkpt lat="44.11729" lon="3.11729">
        <ele>856</ele>
        <time>2026-08-21T20:32:52+00:00</time>
      </trkpt>
      <trkpt lat="44.11722" lon="3.11727">
        <ele>856</ele>
        <time>2026-08-21T20:32:55+00:00</time>
      </trkpt>
      <trkpt lat="44.11715" lon="3.11722">
        <ele>856</ele>
        <time>2026-08-21T20:32:58+00:00</time>
      </trkpt>
      <trkpt lat="44.11709" lon="3.1172">
        <ele>856</ele>
        <time>2026-08-21T20:33:01+00:00</time>
      </trkpt>
      <trkpt lat="44.11701" lon="3.11715">
        <ele>858</ele>
        <time>2026-08-21T20:33:04+00:00</time>
      </trkpt>
      <trkpt lat="44.11692" lon="3.11714">
        <ele>858</ele>
        <time>2026-08-21T20:33:07+00:00</time>
      </trkpt>
      <trkpt lat="44.11688" lon="3.11714">
        <ele>858</ele>
        <time>2026-08-21T20:33:10+00:00</time>
      </trkpt>
      <trkpt lat="44.11659" lon="3.11705">
        <ele>858</ele>
        <time>2026-08-21T20:33:13+00:00</time>
      </trkpt>
      <trkpt lat="44.11649" lon="3.11703">
        <ele>858</ele>
        <time>2026-08-21T20:33:16+00:00</time>
      </trkpt>
      <trkpt lat="44.11641" lon="3.11702">
        <ele>858</ele>
        <time>2026-08-21T20:33:19+00:00</time>
      </trkpt>
      <trkpt lat="44.11624" lon="3.11704">
        <ele>857</ele>
        <time>2026-08-21T20:33:22+00:00</time>
      </trkpt>
      <trkpt lat="44.11618" lon="3.11706">
        <ele>857</ele>
        <time>2026-08-21T20:33:25+00:00</time>
      </trkpt>
      <trkpt lat="44.1161" lon="3.11709">
        <ele>857</ele>
        <time>2026-08-21T20:33:28+00:00</time>
      </trkpt>
      <trkpt lat="44.11586" lon="3.11715">
        <ele>855</ele>
        <time>2026-08-21T20:33:31+00:00</time>
      </trkpt>
      <trkpt lat="44.11567" lon="3.11715">
        <ele>854</ele>
        <time>2026-08-21T20:33:34+00:00</time>
      </trkpt>
      <trkpt lat="44.11557" lon="3.11714">
        <ele>853</ele>
        <time>2026-08-21T20:33:37+00:00</time>
      </trkpt>
      <trkpt lat="44.1154" lon="3.11706">
        <ele>853</ele>
        <time>2026-08-21T20:33:40+00:00</time>
      </trkpt>
      <trkpt lat="44.11529" lon="3.11704">
        <ele>851</ele>
        <time>2026-08-21T20:33:43+00:00</time>
      </trkpt>
      <trkpt lat="44.11517" lon="3.11695">
        <ele>851</ele>
        <time>2026-08-21T20:33:46+00:00</time>
      </trkpt>
      <trkpt lat="44.11514" lon="3.11694">
        <ele>851</ele>
        <time>2026-08-21T20:33:49+00:00</time>
      </trkpt>
      <trkpt lat="44.11511" lon="3.11692">
        <ele>851</ele>
        <time>2026-08-21T20:33:52+00:00</time>
      </trkpt>
      <trkpt lat="44.11498" lon="3.11687">
        <ele>850</ele>
        <time>2026-08-21T20:33:55+00:00</time>
      </trkpt>
      <trkpt lat="44.1149" lon="3.11685">
        <ele>850</ele>
        <time>2026-08-21T20:33:58+00:00</time>
      </trkpt>
      <trkpt lat="44.11474" lon="3.11678">
        <ele>850</ele>
        <time>2026-08-21T20:34:01+00:00</time>
      </trkpt>
      <trkpt lat="44.11451" lon="3.11673">
        <ele>849</ele>
        <time>2026-08-21T20:34:04+00:00</time>
      </trkpt>
      <trkpt lat="44.11438" lon="3.11667">
        <ele>849</ele>
        <time>2026-08-21T20:34:07+00:00</time>
      </trkpt>
      <trkpt lat="44.11431" lon="3.11661">
        <ele>849</ele>
        <time>2026-08-21T20:34:10+00:00</time>
      </trkpt>
      <trkpt lat="44.11428" lon="3.11657">
        <ele>849</ele>
        <time>2026-08-21T20:34:13+00:00</time>
      </trkpt>
      <trkpt lat="44.11417" lon="3.11651">
        <ele>848</ele>
        <time>2026-08-21T20:34:16+00:00</time>
      </trkpt>
      <trkpt lat="44.11411" lon="3.1165">
        <ele>848</ele>
        <time>2026-08-21T20:34:19+00:00</time>
      </trkpt>
      <trkpt lat="44.11397" lon="3.11647">
        <ele>846</ele>
        <time>2026-08-21T20:34:22+00:00</time>
      </trkpt>
      <trkpt lat="44.11383" lon="3.11645">
        <ele>846</ele>
        <time>2026-08-21T20:34:25+00:00</time>
      </trkpt>
      <trkpt lat="44.11363" lon="3.11638">
        <ele>844</ele>
        <time>2026-08-21T20:34:28+00:00</time>
      </trkpt>
      <trkpt lat="44.11355" lon="3.11636">
        <ele>844</ele>
        <time>2026-08-21T20:34:31+00:00</time>
      </trkpt>
      <trkpt lat="44.11325" lon="3.11624">
        <ele>842</ele>
        <time>2026-08-21T20:34:34+00:00</time>
      </trkpt>
      <trkpt lat="44.11317" lon="3.11619">
        <ele>841</ele>
        <time>2026-08-21T20:34:37+00:00</time>
      </trkpt>
      <trkpt lat="44.11309" lon="3.11614">
        <ele>841</ele>
        <time>2026-08-21T20:34:40+00:00</time>
      </trkpt>
      <trkpt lat="44.11299" lon="3.11612">
        <ele>840</ele>
        <time>2026-08-21T20:34:43+00:00</time>
      </trkpt>
      <trkpt lat="44.11292" lon="3.11611">
        <ele>840</ele>
        <time>2026-08-21T20:34:46+00:00</time>
      </trkpt>
      <trkpt lat="44.11282" lon="3.11613">
        <ele>839</ele>
        <time>2026-08-21T20:34:49+00:00</time>
      </trkpt>
      <trkpt lat="44.11268" lon="3.11613">
        <ele>837</ele>
        <time>2026-08-21T20:34:52+00:00</time>
      </trkpt>
      <trkpt lat="44.11249" lon="3.11619">
        <ele>836</ele>
        <time>2026-08-21T20:34:55+00:00</time>
      </trkpt>
      <trkpt lat="44.1123" lon="3.11622">
        <ele>832</ele>
        <time>2026-08-21T20:34:58+00:00</time>
      </trkpt>
      <trkpt lat="44.11214" lon="3.11626">
        <ele>831</ele>
        <time>2026-08-21T20:35:01+00:00</time>
      </trkpt>
      <trkpt lat="44.1121" lon="3.11627">
        <ele>831</ele>
        <time>2026-08-21T20:35:04+00:00</time>
      </trkpt>
      <trkpt lat="44.11207" lon="3.11626">
        <ele>829</ele>
        <time>2026-08-21T20:35:07+00:00</time>
      </trkpt>
      <trkpt lat="44.112" lon="3.11624">
        <ele>827</ele>
        <time>2026-08-21T20:35:10+00:00</time>
      </trkpt>
      <trkpt lat="44.11187" lon="3.11623">
        <ele>826</ele>
        <time>2026-08-21T20:35:13+00:00</time>
      </trkpt>
      <trkpt lat="44.11175" lon="3.1162">
        <ele>824</ele>
        <time>2026-08-21T20:35:16+00:00</time>
      </trkpt>
      <trkpt lat="44.11165" lon="3.11614">
        <ele>822</ele>
        <time>2026-08-21T20:35:19+00:00</time>
      </trkpt>
      <trkpt lat="44.11148" lon="3.11606">
        <ele>819</ele>
        <time>2026-08-21T20:35:22+00:00</time>
      </trkpt>
      <trkpt lat="44.11132" lon="3.11604">
        <ele>818</ele>
        <time>2026-08-21T20:35:25+00:00</time>
      </trkpt>
      <trkpt lat="44.11129" lon="3.11602">
        <ele>817</ele>
        <time>2026-08-21T20:35:28+00:00</time>
      </trkpt>
      <trkpt lat="44.11119" lon="3.116">
        <ele>816</ele>
        <time>2026-08-21T20:35:31+00:00</time>
      </trkpt>
      <trkpt lat="44.11112" lon="3.116">
        <ele>816</ele>
        <time>2026-08-21T20:35:34+00:00</time>
      </trkpt>
      <trkpt lat="44.11103" lon="3.11601">
        <ele>814</ele>
        <time>2026-08-21T20:35:37+00:00</time>
      </trkpt>
      <trkpt lat="44.11097" lon="3.11601">
        <ele>813</ele>
        <time>2026-08-21T20:35:40+00:00</time>
      </trkpt>
      <trkpt lat="44.11093" lon="3.11599">
        <ele>813</ele>
        <time>2026-08-21T20:35:43+00:00</time>
      </trkpt>
      <trkpt lat="44.11091" lon="3.11596">
        <ele>813</ele>
        <time>2026-08-21T20:35:46+00:00</time>
      </trkpt>
      <trkpt lat="44.11089" lon="3.11593">
        <ele>812</ele>
        <time>2026-08-21T20:35:49+00:00</time>
      </trkpt>
      <trkpt lat="44.11089" lon="3.11588">
        <ele>812</ele>
        <time>2026-08-21T20:35:52+00:00</time>
      </trkpt>
      <trkpt lat="44.11091" lon="3.11581">
        <ele>813</ele>
        <time>2026-08-21T20:35:55+00:00</time>
      </trkpt>
      <trkpt lat="44.11093" lon="3.11577">
        <ele>812</ele>
        <time>2026-08-21T20:35:58+00:00</time>
      </trkpt>
      <trkpt lat="44.111" lon="3.11568">
        <ele>813</ele>
        <time>2026-08-21T20:36:01+00:00</time>
      </trkpt>
      <trkpt lat="44.11101" lon="3.11565">
        <ele>813</ele>
        <time>2026-08-21T20:36:04+00:00</time>
      </trkpt>
      <trkpt lat="44.11127" lon="3.11529">
        <ele>814</ele>
        <time>2026-08-21T20:36:07+00:00</time>
      </trkpt>
      <trkpt lat="44.11131" lon="3.1152">
        <ele>815</ele>
        <time>2026-08-21T20:36:10+00:00</time>
      </trkpt>
      <trkpt lat="44.11146" lon="3.115">
        <ele>816</ele>
        <time>2026-08-21T20:36:13+00:00</time>
      </trkpt>
      <trkpt lat="44.11154" lon="3.11488">
        <ele>817</ele>
        <time>2026-08-21T20:36:16+00:00</time>
      </trkpt>
      <trkpt lat="44.11158" lon="3.1148">
        <ele>817</ele>
        <time>2026-08-21T20:36:19+00:00</time>
      </trkpt>
      <trkpt lat="44.11164" lon="3.11474">
        <ele>816</ele>
        <time>2026-08-21T20:36:22+00:00</time>
      </trkpt>
      <trkpt lat="44.11171" lon="3.1147">
        <ele>817</ele>
        <time>2026-08-21T20:36:25+00:00</time>
      </trkpt>
      <trkpt lat="44.11181" lon="3.11465">
        <ele>819</ele>
        <time>2026-08-21T20:36:28+00:00</time>
      </trkpt>
      <trkpt lat="44.11196" lon="3.1146">
        <ele>817</ele>
        <time>2026-08-21T20:36:31+00:00</time>
      </trkpt>
      <trkpt lat="44.11206" lon="3.11455">
        <ele>820</ele>
        <time>2026-08-21T20:36:34+00:00</time>
      </trkpt>
      <trkpt lat="44.11225" lon="3.11448">
        <ele>819</ele>
        <time>2026-08-21T20:36:37+00:00</time>
      </trkpt>
      <trkpt lat="44.11232" lon="3.11448">
        <ele>820</ele>
        <time>2026-08-21T20:36:40+00:00</time>
      </trkpt>
      <trkpt lat="44.11236" lon="3.11447">
        <ele>820</ele>
        <time>2026-08-21T20:36:43+00:00</time>
      </trkpt>
      <trkpt lat="44.11252" lon="3.11445">
        <ele>820</ele>
        <time>2026-08-21T20:36:46+00:00</time>
      </trkpt>
      <trkpt lat="44.11259" lon="3.11446">
        <ele>820</ele>
        <time>2026-08-21T20:36:49+00:00</time>
      </trkpt>
      <trkpt lat="44.11263" lon="3.11445">
        <ele>820</ele>
        <time>2026-08-21T20:36:52+00:00</time>
      </trkpt>
      <trkpt lat="44.11291" lon="3.11447">
        <ele>820</ele>
        <time>2026-08-21T20:36:55+00:00</time>
      </trkpt>
      <trkpt lat="44.11315" lon="3.11446">
        <ele>820</ele>
        <time>2026-08-21T20:36:58+00:00</time>
      </trkpt>
      <trkpt lat="44.11322" lon="3.11445">
        <ele>820</ele>
        <time>2026-08-21T20:37:01+00:00</time>
      </trkpt>
      <trkpt lat="44.11329" lon="3.11443">
        <ele>820</ele>
        <time>2026-08-21T20:37:04+00:00</time>
      </trkpt>
      <trkpt lat="44.11339" lon="3.11438">
        <ele>819</ele>
        <time>2026-08-21T20:37:07+00:00</time>
      </trkpt>
      <trkpt lat="44.11351" lon="3.11425">
        <ele>818</ele>
        <time>2026-08-21T20:37:10+00:00</time>
      </trkpt>
      <trkpt lat="44.11359" lon="3.11416">
        <ele>815</ele>
        <time>2026-08-21T20:37:13+00:00</time>
      </trkpt>
      <trkpt lat="44.11369" lon="3.11407">
        <ele>813</ele>
        <time>2026-08-21T20:37:16+00:00</time>
      </trkpt>
      <trkpt lat="44.11377" lon="3.11396">
        <ele>813</ele>
        <time>2026-08-21T20:37:19+00:00</time>
      </trkpt>
      <trkpt lat="44.11381" lon="3.11389">
        <ele>810</ele>
        <time>2026-08-21T20:37:22+00:00</time>
      </trkpt>
      <trkpt lat="44.11393" lon="3.11377">
        <ele>808</ele>
        <time>2026-08-21T20:37:25+00:00</time>
      </trkpt>
      <trkpt lat="44.11396" lon="3.11375">
        <ele>808</ele>
        <time>2026-08-21T20:37:28+00:00</time>
      </trkpt>
      <trkpt lat="44.11401" lon="3.11368">
        <ele>807</ele>
        <time>2026-08-21T20:37:31+00:00</time>
      </trkpt>
      <trkpt lat="44.11411" lon="3.11359">
        <ele>804</ele>
        <time>2026-08-21T20:37:34+00:00</time>
      </trkpt>
      <trkpt lat="44.11421" lon="3.11353">
        <ele>805</ele>
        <time>2026-08-21T20:37:37+00:00</time>
      </trkpt>
      <trkpt lat="44.11428" lon="3.11351">
        <ele>805</ele>
        <time>2026-08-21T20:37:40+00:00</time>
      </trkpt>
      <trkpt lat="44.11438" lon="3.11346">
        <ele>804</ele>
        <time>2026-08-21T20:37:43+00:00</time>
      </trkpt>
      <trkpt lat="44.11441" lon="3.11344">
        <ele>804</ele>
        <time>2026-08-21T20:37:46+00:00</time>
      </trkpt>
      <trkpt lat="44.1145" lon="3.11341">
        <ele>804</ele>
        <time>2026-08-21T20:37:49+00:00</time>
      </trkpt>
      <trkpt lat="44.11455" lon="3.11338">
        <ele>803</ele>
        <time>2026-08-21T20:37:52+00:00</time>
      </trkpt>
      <trkpt lat="44.11464" lon="3.11332">
        <ele>804</ele>
        <time>2026-08-21T20:37:55+00:00</time>
      </trkpt>
      <trkpt lat="44.11474" lon="3.11329">
        <ele>803</ele>
        <time>2026-08-21T20:37:58+00:00</time>
      </trkpt>
      <trkpt lat="44.11488" lon="3.1132">
        <ele>804</ele>
        <time>2026-08-21T20:38:01+00:00</time>
      </trkpt>
      <trkpt lat="44.1149" lon="3.11318">
        <ele>804</ele>
        <time>2026-08-21T20:38:04+00:00</time>
      </trkpt>
      <trkpt lat="44.11499" lon="3.11308">
        <ele>802</ele>
        <time>2026-08-21T20:38:07+00:00</time>
      </trkpt>
      <trkpt lat="44.11504" lon="3.11301">
        <ele>803</ele>
        <time>2026-08-21T20:38:10+00:00</time>
      </trkpt>
      <trkpt lat="44.11508" lon="3.11294">
        <ele>802</ele>
        <time>2026-08-21T20:38:13+00:00</time>
      </trkpt>
      <trkpt lat="44.11513" lon="3.11281">
        <ele>801</ele>
        <time>2026-08-21T20:38:16+00:00</time>
      </trkpt>
      <trkpt lat="44.11516" lon="3.11274">
        <ele>800</ele>
        <time>2026-08-21T20:38:19+00:00</time>
      </trkpt>
      <trkpt lat="44.11516" lon="3.11271">
        <ele>800</ele>
        <time>2026-08-21T20:38:22+00:00</time>
      </trkpt>
      <trkpt lat="44.11515" lon="3.11268">
        <ele>799</ele>
        <time>2026-08-21T20:38:25+00:00</time>
      </trkpt>
      <trkpt lat="44.11508" lon="3.11259">
        <ele>796</ele>
        <time>2026-08-21T20:38:28+00:00</time>
      </trkpt>
      <trkpt lat="44.11492" lon="3.1124">
        <ele>793</ele>
        <time>2026-08-21T20:38:31+00:00</time>
      </trkpt>
      <trkpt lat="44.11489" lon="3.11238">
        <ele>790</ele>
        <time>2026-08-21T20:38:34+00:00</time>
      </trkpt>
      <trkpt lat="44.11478" lon="3.11231">
        <ele>789</ele>
        <time>2026-08-21T20:38:37+00:00</time>
      </trkpt>
      <trkpt lat="44.11477" lon="3.11228">
        <ele>788</ele>
        <time>2026-08-21T20:38:40+00:00</time>
      </trkpt>
      <trkpt lat="44.11475" lon="3.11226">
        <ele>788</ele>
        <time>2026-08-21T20:38:43+00:00</time>
      </trkpt>
      <trkpt lat="44.11472" lon="3.11219">
        <ele>787</ele>
        <time>2026-08-21T20:38:46+00:00</time>
      </trkpt>
      <trkpt lat="44.11472" lon="3.11207">
        <ele>785</ele>
        <time>2026-08-21T20:38:49+00:00</time>
      </trkpt>
      <trkpt lat="44.11474" lon="3.11203">
        <ele>785</ele>
        <time>2026-08-21T20:38:52+00:00</time>
      </trkpt>
      <trkpt lat="44.11474" lon="3.11198">
        <ele>784</ele>
        <time>2026-08-21T20:38:55+00:00</time>
      </trkpt>
      <trkpt lat="44.11477" lon="3.11191">
        <ele>784</ele>
        <time>2026-08-21T20:38:58+00:00</time>
      </trkpt>
      <trkpt lat="44.11486" lon="3.11179">
        <ele>784</ele>
        <time>2026-08-21T20:39:01+00:00</time>
      </trkpt>
      <trkpt lat="44.11488" lon="3.11176">
        <ele>784</ele>
        <time>2026-08-21T20:39:04+00:00</time>
      </trkpt>
      <trkpt lat="44.11489" lon="3.11172">
        <ele>784</ele>
        <time>2026-08-21T20:39:07+00:00</time>
      </trkpt>
      <trkpt lat="44.11494" lon="3.11163">
        <ele>785</ele>
        <time>2026-08-21T20:39:10+00:00</time>
      </trkpt>
      <trkpt lat="44.11499" lon="3.11145">
        <ele>787</ele>
        <time>2026-08-21T20:39:13+00:00</time>
      </trkpt>
      <trkpt lat="44.115" lon="3.11143">
        <ele>787</ele>
        <time>2026-08-21T20:39:16+00:00</time>
      </trkpt>
      <trkpt lat="44.11502" lon="3.11136">
        <ele>787</ele>
        <time>2026-08-21T20:39:19+00:00</time>
      </trkpt>
      <trkpt lat="44.11504" lon="3.11129">
        <ele>788</ele>
        <time>2026-08-21T20:39:22+00:00</time>
      </trkpt>
      <trkpt lat="44.11503" lon="3.11118">
        <ele>788</ele>
        <time>2026-08-21T20:39:25+00:00</time>
      </trkpt>
      <trkpt lat="44.11501" lon="3.11112">
        <ele>788</ele>
        <time>2026-08-21T20:39:28+00:00</time>
      </trkpt>
      <trkpt lat="44.115" lon="3.11109">
        <ele>789</ele>
        <time>2026-08-21T20:39:31+00:00</time>
      </trkpt>
      <trkpt lat="44.11494" lon="3.11103">
        <ele>789</ele>
        <time>2026-08-21T20:39:34+00:00</time>
      </trkpt>
      <trkpt lat="44.1149" lon="3.111">
        <ele>789</ele>
        <time>2026-08-21T20:39:37+00:00</time>
      </trkpt>
      <trkpt lat="44.11485" lon="3.11098">
        <ele>790</ele>
        <time>2026-08-21T20:39:40+00:00</time>
      </trkpt>
      <trkpt lat="44.11482" lon="3.11098">
        <ele>790</ele>
        <time>2026-08-21T20:39:43+00:00</time>
      </trkpt>
      <trkpt lat="44.11478" lon="3.111">
        <ele>790</ele>
        <time>2026-08-21T20:39:46+00:00</time>
      </trkpt>
      <trkpt lat="44.11475" lon="3.11102">
        <ele>790</ele>
        <time>2026-08-21T20:39:49+00:00</time>
      </trkpt>
      <trkpt lat="44.11468" lon="3.11109">
        <ele>791</ele>
        <time>2026-08-21T20:39:52+00:00</time>
      </trkpt>
      <trkpt lat="44.11466" lon="3.11111">
        <ele>790</ele>
        <time>2026-08-21T20:39:55+00:00</time>
      </trkpt>
      <trkpt lat="44.11454" lon="3.11125">
        <ele>789</ele>
        <time>2026-08-21T20:39:58+00:00</time>
      </trkpt>
      <trkpt lat="44.11446" lon="3.1113">
        <ele>789</ele>
        <time>2026-08-21T20:40:01+00:00</time>
      </trkpt>
      <trkpt lat="44.1144" lon="3.11132">
        <ele>788</ele>
        <time>2026-08-21T20:40:04+00:00</time>
      </trkpt>
      <trkpt lat="44.11424" lon="3.11139">
        <ele>789</ele>
        <time>2026-08-21T20:40:07+00:00</time>
      </trkpt>
      <trkpt lat="44.11419" lon="3.11138">
        <ele>789</ele>
        <time>2026-08-21T20:40:10+00:00</time>
      </trkpt>
      <trkpt lat="44.11413" lon="3.11135">
        <ele>789</ele>
        <time>2026-08-21T20:40:13+00:00</time>
      </trkpt>
      <trkpt lat="44.11403" lon="3.11135">
        <ele>790</ele>
        <time>2026-08-21T20:40:16+00:00</time>
      </trkpt>
      <trkpt lat="44.11391" lon="3.11132">
        <ele>790</ele>
        <time>2026-08-21T20:40:19+00:00</time>
      </trkpt>
      <trkpt lat="44.11375" lon="3.11124">
        <ele>791</ele>
        <time>2026-08-21T20:40:22+00:00</time>
      </trkpt>
      <trkpt lat="44.11371" lon="3.11125">
        <ele>791</ele>
        <time>2026-08-21T20:40:25+00:00</time>
      </trkpt>
      <trkpt lat="44.11366" lon="3.11124">
        <ele>791</ele>
        <time>2026-08-21T20:40:28+00:00</time>
      </trkpt>
      <trkpt lat="44.11361" lon="3.11125">
        <ele>791</ele>
        <time>2026-08-21T20:40:31+00:00</time>
      </trkpt>
      <trkpt lat="44.11355" lon="3.1112">
        <ele>793</ele>
        <time>2026-08-21T20:40:34+00:00</time>
      </trkpt>
      <trkpt lat="44.11345" lon="3.11116">
        <ele>792</ele>
        <time>2026-08-21T20:40:37+00:00</time>
      </trkpt>
      <trkpt lat="44.11338" lon="3.11113">
        <ele>792</ele>
        <time>2026-08-21T20:40:40+00:00</time>
      </trkpt>
      <trkpt lat="44.11317" lon="3.11097">
        <ele>793</ele>
        <time>2026-08-21T20:40:43+00:00</time>
      </trkpt>
      <trkpt lat="44.1131" lon="3.11091">
        <ele>793</ele>
        <time>2026-08-21T20:40:46+00:00</time>
      </trkpt>
      <trkpt lat="44.11305" lon="3.11088">
        <ele>795</ele>
        <time>2026-08-21T20:40:49+00:00</time>
      </trkpt>
      <trkpt lat="44.11298" lon="3.11083">
        <ele>794</ele>
        <time>2026-08-21T20:40:52+00:00</time>
      </trkpt>
      <trkpt lat="44.11284" lon="3.11075">
        <ele>793</ele>
        <time>2026-08-21T20:40:55+00:00</time>
      </trkpt>
      <trkpt lat="44.11266" lon="3.1106">
        <ele>794</ele>
        <time>2026-08-21T20:40:58+00:00</time>
      </trkpt>
      <trkpt lat="44.11259" lon="3.11053">
        <ele>791</ele>
        <time>2026-08-21T20:41:01+00:00</time>
      </trkpt>
      <trkpt lat="44.11257" lon="3.1105">
        <ele>791</ele>
        <time>2026-08-21T20:41:04+00:00</time>
      </trkpt>
      <trkpt lat="44.1125" lon="3.11044">
        <ele>793</ele>
        <time>2026-08-21T20:41:07+00:00</time>
      </trkpt>
      <trkpt lat="44.11244" lon="3.11036">
        <ele>793</ele>
        <time>2026-08-21T20:41:10+00:00</time>
      </trkpt>
      <trkpt lat="44.11239" lon="3.11031">
        <ele>791</ele>
        <time>2026-08-21T20:41:13+00:00</time>
      </trkpt>
      <trkpt lat="44.11215" lon="3.11008">
        <ele>792</ele>
        <time>2026-08-21T20:41:16+00:00</time>
      </trkpt>
      <trkpt lat="44.11213" lon="3.11005">
        <ele>792</ele>
        <time>2026-08-21T20:41:19+00:00</time>
      </trkpt>
      <trkpt lat="44.11209" lon="3.11001">
        <ele>791</ele>
        <time>2026-08-21T20:41:22+00:00</time>
      </trkpt>
      <trkpt lat="44.112" lon="3.10997">
        <ele>793</ele>
        <time>2026-08-21T20:41:25+00:00</time>
      </trkpt>
      <trkpt lat="44.11194" lon="3.1099">
        <ele>793</ele>
        <time>2026-08-21T20:41:28+00:00</time>
      </trkpt>
      <trkpt lat="44.11191" lon="3.10986">
        <ele>793</ele>
        <time>2026-08-21T20:41:31+00:00</time>
      </trkpt>
      <trkpt lat="44.1119" lon="3.10979">
        <ele>795</ele>
        <time>2026-08-21T20:41:34+00:00</time>
      </trkpt>
      <trkpt lat="44.11189" lon="3.10975">
        <ele>794</ele>
        <time>2026-08-21T20:41:37+00:00</time>
      </trkpt>
      <trkpt lat="44.11185" lon="3.1097">
        <ele>797</ele>
        <time>2026-08-21T20:41:40+00:00</time>
      </trkpt>
      <trkpt lat="44.11179" lon="3.10964">
        <ele>793</ele>
        <time>2026-08-21T20:41:43+00:00</time>
      </trkpt>
      <trkpt lat="44.11167" lon="3.10957">
        <ele>795</ele>
        <time>2026-08-21T20:41:46+00:00</time>
      </trkpt>
      <trkpt lat="44.11149" lon="3.10951">
        <ele>794</ele>
        <time>2026-08-21T20:41:49+00:00</time>
      </trkpt>
      <trkpt lat="44.1114" lon="3.10951">
        <ele>794</ele>
        <time>2026-08-21T20:41:52+00:00</time>
      </trkpt>
      <trkpt lat="44.11124" lon="3.10945">
        <ele>795</ele>
        <time>2026-08-21T20:41:55+00:00</time>
      </trkpt>
      <trkpt lat="44.11112" lon="3.1094">
        <ele>797</ele>
        <time>2026-08-21T20:41:58+00:00</time>
      </trkpt>
      <trkpt lat="44.11105" lon="3.10936">
        <ele>796</ele>
        <time>2026-08-21T20:42:01+00:00</time>
      </trkpt>
      <trkpt lat="44.11103" lon="3.10934">
        <ele>796</ele>
        <time>2026-08-21T20:42:04+00:00</time>
      </trkpt>
      <trkpt lat="44.11092" lon="3.10917">
        <ele>799</ele>
        <time>2026-08-21T20:42:07+00:00</time>
      </trkpt>
      <trkpt lat="44.11091" lon="3.10915">
        <ele>799</ele>
        <time>2026-08-21T20:42:10+00:00</time>
      </trkpt>
      <trkpt lat="44.11089" lon="3.10913">
        <ele>797</ele>
        <time>2026-08-21T20:42:13+00:00</time>
      </trkpt>
      <trkpt lat="44.1108" lon="3.1089">
        <ele>800</ele>
        <time>2026-08-21T20:42:16+00:00</time>
      </trkpt>
      <trkpt lat="44.11076" lon="3.10882">
        <ele>798</ele>
        <time>2026-08-21T20:42:19+00:00</time>
      </trkpt>
      <trkpt lat="44.11074" lon="3.10876">
        <ele>799</ele>
        <time>2026-08-21T20:42:22+00:00</time>
      </trkpt>
      <trkpt lat="44.11072" lon="3.10859">
        <ele>800</ele>
        <time>2026-08-21T20:42:25+00:00</time>
      </trkpt>
      <trkpt lat="44.11071" lon="3.10849">
        <ele>801</ele>
        <time>2026-08-21T20:42:28+00:00</time>
      </trkpt>
      <trkpt lat="44.11073" lon="3.10825">
        <ele>802</ele>
        <time>2026-08-21T20:42:31+00:00</time>
      </trkpt>
      <trkpt lat="44.11074" lon="3.10816">
        <ele>802</ele>
        <time>2026-08-21T20:42:34+00:00</time>
      </trkpt>
      <trkpt lat="44.11075" lon="3.10813">
        <ele>802</ele>
        <time>2026-08-21T20:42:37+00:00</time>
      </trkpt>
      <trkpt lat="44.11076" lon="3.10806">
        <ele>802</ele>
        <time>2026-08-21T20:42:40+00:00</time>
      </trkpt>
      <trkpt lat="44.11077" lon="3.10798">
        <ele>803</ele>
        <time>2026-08-21T20:42:43+00:00</time>
      </trkpt>
      <trkpt lat="44.11078" lon="3.10795">
        <ele>803</ele>
        <time>2026-08-21T20:42:46+00:00</time>
      </trkpt>
      <trkpt lat="44.1108" lon="3.1078">
        <ele>806</ele>
        <time>2026-08-21T20:42:49+00:00</time>
      </trkpt>
      <trkpt lat="44.11082" lon="3.10773">
        <ele>806</ele>
        <time>2026-08-21T20:42:52+00:00</time>
      </trkpt>
      <trkpt lat="44.11083" lon="3.10771">
        <ele>806</ele>
        <time>2026-08-21T20:42:55+00:00</time>
      </trkpt>
      <trkpt lat="44.11084" lon="3.10768">
        <ele>808</ele>
        <time>2026-08-21T20:42:58+00:00</time>
      </trkpt>
      <trkpt lat="44.11084" lon="3.10764">
        <ele>808</ele>
        <time>2026-08-21T20:43:01+00:00</time>
      </trkpt>
      <trkpt lat="44.11082" lon="3.1076">
        <ele>810</ele>
        <time>2026-08-21T20:43:04+00:00</time>
      </trkpt>
      <trkpt lat="44.11079" lon="3.10758">
        <ele>810</ele>
        <time>2026-08-21T20:43:07+00:00</time>
      </trkpt>
      <trkpt lat="44.11074" lon="3.10758">
        <ele>810</ele>
        <time>2026-08-21T20:43:10+00:00</time>
      </trkpt>
      <trkpt lat="44.11071" lon="3.10756">
        <ele>810</ele>
        <time>2026-08-21T20:43:13+00:00</time>
      </trkpt>
      <trkpt lat="44.1107" lon="3.10753">
        <ele>810</ele>
        <time>2026-08-21T20:43:16+00:00</time>
      </trkpt>
      <trkpt lat="44.11069" lon="3.10737">
        <ele>813</ele>
        <time>2026-08-21T20:43:19+00:00</time>
      </trkpt>
      <trkpt lat="44.11068" lon="3.10734">
        <ele>813</ele>
        <time>2026-08-21T20:43:22+00:00</time>
      </trkpt>
      <trkpt lat="44.11063" lon="3.10725">
        <ele>815</ele>
        <time>2026-08-21T20:43:25+00:00</time>
      </trkpt>
      <trkpt lat="44.11063" lon="3.10722">
        <ele>815</ele>
        <time>2026-08-21T20:43:28+00:00</time>
      </trkpt>
      <trkpt lat="44.11063" lon="3.10716">
        <ele>817</ele>
        <time>2026-08-21T20:43:31+00:00</time>
      </trkpt>
      <trkpt lat="44.11062" lon="3.10711">
        <ele>817</ele>
        <time>2026-08-21T20:43:34+00:00</time>
      </trkpt>
      <trkpt lat="44.11061" lon="3.10707">
        <ele>818</ele>
        <time>2026-08-21T20:43:37+00:00</time>
      </trkpt>
      <trkpt lat="44.1106" lon="3.10703">
        <ele>818</ele>
        <time>2026-08-21T20:43:40+00:00</time>
      </trkpt>
      <trkpt lat="44.1106" lon="3.10696">
        <ele>819</ele>
        <time>2026-08-21T20:43:43+00:00</time>
      </trkpt>
      <trkpt lat="44.11059" lon="3.10686">
        <ele>822</ele>
        <time>2026-08-21T20:43:46+00:00</time>
      </trkpt>
      <trkpt lat="44.11057" lon="3.10679">
        <ele>823</ele>
        <time>2026-08-21T20:43:49+00:00</time>
      </trkpt>
      <trkpt lat="44.11055" lon="3.10676">
        <ele>823</ele>
        <time>2026-08-21T20:43:52+00:00</time>
      </trkpt>
      <trkpt lat="44.11053" lon="3.10675">
        <ele>823</ele>
        <time>2026-08-21T20:43:55+00:00</time>
      </trkpt>
      <trkpt lat="44.11051" lon="3.10675">
        <ele>823</ele>
        <time>2026-08-21T20:43:58+00:00</time>
      </trkpt>
      <trkpt lat="44.11041" lon="3.10681">
        <ele>822</ele>
        <time>2026-08-21T20:44:01+00:00</time>
      </trkpt>
      <trkpt lat="44.11039" lon="3.10682">
        <ele>822</ele>
        <time>2026-08-21T20:44:04+00:00</time>
      </trkpt>
      <trkpt lat="44.11037" lon="3.10682">
        <ele>822</ele>
        <time>2026-08-21T20:44:07+00:00</time>
      </trkpt>
      <trkpt lat="44.1103" lon="3.1068">
        <ele>823</ele>
        <time>2026-08-21T20:44:10+00:00</time>
      </trkpt>
      <trkpt lat="44.11019" lon="3.10673">
        <ele>823</ele>
        <time>2026-08-21T20:44:13+00:00</time>
      </trkpt>
      <trkpt lat="44.11008" lon="3.1066">
        <ele>821</ele>
        <time>2026-08-21T20:44:16+00:00</time>
      </trkpt>
      <trkpt lat="44.11003" lon="3.10657">
        <ele>826</ele>
        <time>2026-08-21T20:44:19+00:00</time>
      </trkpt>
      <trkpt lat="44.10995" lon="3.10655">
        <ele>824</ele>
        <time>2026-08-21T20:44:22+00:00</time>
      </trkpt>
      <trkpt lat="44.10992" lon="3.10653">
        <ele>824</ele>
        <time>2026-08-21T20:44:25+00:00</time>
      </trkpt>
      <trkpt lat="44.1099" lon="3.1065">
        <ele>824</ele>
        <time>2026-08-21T20:44:28+00:00</time>
      </trkpt>
      <trkpt lat="44.10988" lon="3.10643">
        <ele>822</ele>
        <time>2026-08-21T20:44:31+00:00</time>
      </trkpt>
      <trkpt lat="44.10987" lon="3.10637">
        <ele>821</ele>
        <time>2026-08-21T20:44:34+00:00</time>
      </trkpt>
      <trkpt lat="44.10984" lon="3.10629">
        <ele>822</ele>
        <time>2026-08-21T20:44:37+00:00</time>
      </trkpt>
      <trkpt lat="44.10984" lon="3.10615">
        <ele>823</ele>
        <time>2026-08-21T20:44:40+00:00</time>
      </trkpt>
      <trkpt lat="44.10983" lon="3.10611">
        <ele>823</ele>
        <time>2026-08-21T20:44:43+00:00</time>
      </trkpt>
      <trkpt lat="44.10983" lon="3.10605">
        <ele>824</ele>
        <time>2026-08-21T20:44:46+00:00</time>
      </trkpt>
      <trkpt lat="44.10987" lon="3.10601">
        <ele>824</ele>
        <time>2026-08-21T20:44:49+00:00</time>
      </trkpt>
      <trkpt lat="44.10989" lon="3.10597">
        <ele>826</ele>
        <time>2026-08-21T20:44:52+00:00</time>
      </trkpt>
      <trkpt lat="44.1099" lon="3.10591">
        <ele>832</ele>
        <time>2026-08-21T20:44:55+00:00</time>
      </trkpt>
      <trkpt lat="44.1099" lon="3.10572">
        <ele>829</ele>
        <time>2026-08-21T20:44:58+00:00</time>
      </trkpt>
      <trkpt lat="44.10989" lon="3.10567">
        <ele>830</ele>
        <time>2026-08-21T20:45:01+00:00</time>
      </trkpt>
      <trkpt lat="44.10989" lon="3.10564">
        <ele>830</ele>
        <time>2026-08-21T20:45:04+00:00</time>
      </trkpt>
      <trkpt lat="44.1099" lon="3.10559">
        <ele>836</ele>
        <time>2026-08-21T20:45:07+00:00</time>
      </trkpt>
      <trkpt lat="44.10993" lon="3.10553">
        <ele>836</ele>
        <time>2026-08-21T20:45:10+00:00</time>
      </trkpt>
      <trkpt lat="44.10997" lon="3.1055">
        <ele>837</ele>
        <time>2026-08-21T20:45:13+00:00</time>
      </trkpt>
      <trkpt lat="44.11" lon="3.10547">
        <ele>837</ele>
        <time>2026-08-21T20:45:16+00:00</time>
      </trkpt>
      <trkpt lat="44.11001" lon="3.10541">
        <ele>837</ele>
        <time>2026-08-21T20:45:19+00:00</time>
      </trkpt>
      <trkpt lat="44.11001" lon="3.10536">
        <ele>836</ele>
        <time>2026-08-21T20:45:22+00:00</time>
      </trkpt>
      <trkpt lat="44.10998" lon="3.10517">
        <ele>837</ele>
        <time>2026-08-21T20:45:25+00:00</time>
      </trkpt>
      <trkpt lat="44.10998" lon="3.10494">
        <ele>836</ele>
        <time>2026-08-21T20:45:28+00:00</time>
      </trkpt>
      <trkpt lat="44.10999" lon="3.10486">
        <ele>835</ele>
        <time>2026-08-21T20:45:31+00:00</time>
      </trkpt>
      <trkpt lat="44.11" lon="3.1047">
        <ele>837</ele>
        <time>2026-08-21T20:45:34+00:00</time>
      </trkpt>
      <trkpt lat="44.11001" lon="3.10466">
        <ele>835</ele>
        <time>2026-08-21T20:45:37+00:00</time>
      </trkpt>
      <trkpt lat="44.11002" lon="3.10457">
        <ele>836</ele>
        <time>2026-08-21T20:45:40+00:00</time>
      </trkpt>
      <trkpt lat="44.11007" lon="3.10435">
        <ele>835</ele>
        <time>2026-08-21T20:45:43+00:00</time>
      </trkpt>
      <trkpt lat="44.11011" lon="3.10412">
        <ele>835</ele>
        <time>2026-08-21T20:45:46+00:00</time>
      </trkpt>
      <trkpt lat="44.11014" lon="3.10391">
        <ele>835</ele>
        <time>2026-08-21T20:45:49+00:00</time>
      </trkpt>
      <trkpt lat="44.11014" lon="3.10383">
        <ele>834</ele>
        <time>2026-08-21T20:45:52+00:00</time>
      </trkpt>
      <trkpt lat="44.11019" lon="3.10351">
        <ele>836</ele>
        <time>2026-08-21T20:45:55+00:00</time>
      </trkpt>
      <trkpt lat="44.11019" lon="3.10344">
        <ele>834</ele>
        <time>2026-08-21T20:45:58+00:00</time>
      </trkpt>
      <trkpt lat="44.11019" lon="3.10329">
        <ele>834</ele>
        <time>2026-08-21T20:46:01+00:00</time>
      </trkpt>
      <trkpt lat="44.1102" lon="3.10323">
        <ele>835</ele>
        <time>2026-08-21T20:46:04+00:00</time>
      </trkpt>
      <trkpt lat="44.11019" lon="3.10313">
        <ele>835</ele>
        <time>2026-08-21T20:46:07+00:00</time>
      </trkpt>
      <trkpt lat="44.11019" lon="3.10297">
        <ele>835</ele>
        <time>2026-08-21T20:46:10+00:00</time>
      </trkpt>
      <trkpt lat="44.11019" lon="3.10289">
        <ele>835</ele>
        <time>2026-08-21T20:46:13+00:00</time>
      </trkpt>
      <trkpt lat="44.1102" lon="3.10287">
        <ele>840</ele>
        <time>2026-08-21T20:46:16+00:00</time>
      </trkpt>
      <trkpt lat="44.11019" lon="3.1028">
        <ele>835</ele>
        <time>2026-08-21T20:46:19+00:00</time>
      </trkpt>
      <trkpt lat="44.11019" lon="3.10272">
        <ele>835</ele>
        <time>2026-08-21T20:46:22+00:00</time>
      </trkpt>
      <trkpt lat="44.1102" lon="3.10268">
        <ele>839</ele>
        <time>2026-08-21T20:46:25+00:00</time>
      </trkpt>
      <trkpt lat="44.11022" lon="3.10265">
        <ele>839</ele>
        <time>2026-08-21T20:46:28+00:00</time>
      </trkpt>
      <trkpt lat="44.11024" lon="3.10264">
        <ele>836</ele>
        <time>2026-08-21T20:46:31+00:00</time>
      </trkpt>
      <trkpt lat="44.1103" lon="3.10263">
        <ele>839</ele>
        <time>2026-08-21T20:46:34+00:00</time>
      </trkpt>
      <trkpt lat="44.11049" lon="3.10266">
        <ele>835</ele>
        <time>2026-08-21T20:46:37+00:00</time>
      </trkpt>
      <trkpt lat="44.11058" lon="3.10269">
        <ele>837</ele>
        <time>2026-08-21T20:46:40+00:00</time>
      </trkpt>
      <trkpt lat="44.11067" lon="3.10269">
        <ele>836</ele>
        <time>2026-08-21T20:46:43+00:00</time>
      </trkpt>
      <trkpt lat="44.11073" lon="3.1027">
        <ele>835</ele>
        <time>2026-08-21T20:46:46+00:00</time>
      </trkpt>
      <trkpt lat="44.11076" lon="3.10272">
        <ele>835</ele>
        <time>2026-08-21T20:46:49+00:00</time>
      </trkpt>
      <trkpt lat="44.11079" lon="3.10277">
        <ele>835</ele>
        <time>2026-08-21T20:46:52+00:00</time>
      </trkpt>
      <trkpt lat="44.11085" lon="3.10303">
        <ele>835</ele>
        <time>2026-08-21T20:46:55+00:00</time>
      </trkpt>
      <trkpt lat="44.11085" lon="3.10306">
        <ele>835</ele>
        <time>2026-08-21T20:46:58+00:00</time>
      </trkpt>
      <trkpt lat="44.11087" lon="3.10313">
        <ele>835</ele>
        <time>2026-08-21T20:47:01+00:00</time>
      </trkpt>
      <trkpt lat="44.11092" lon="3.10328">
        <ele>834</ele>
        <time>2026-08-21T20:47:04+00:00</time>
      </trkpt>
      <trkpt lat="44.11093" lon="3.10331">
        <ele>835</ele>
        <time>2026-08-21T20:47:07+00:00</time>
      </trkpt>
      <trkpt lat="44.11101" lon="3.10339">
        <ele>834</ele>
        <time>2026-08-21T20:47:10+00:00</time>
      </trkpt>
      <trkpt lat="44.11105" lon="3.10344">
        <ele>834</ele>
        <time>2026-08-21T20:47:13+00:00</time>
      </trkpt>
      <trkpt lat="44.11106" lon="3.10347">
        <ele>834</ele>
        <time>2026-08-21T20:47:16+00:00</time>
      </trkpt>
      <trkpt lat="44.11108" lon="3.10355">
        <ele>834</ele>
        <time>2026-08-21T20:47:19+00:00</time>
      </trkpt>
      <trkpt lat="44.11109" lon="3.10359">
        <ele>836</ele>
        <time>2026-08-21T20:47:22+00:00</time>
      </trkpt>
      <trkpt lat="44.11118" lon="3.10372">
        <ele>835</ele>
        <time>2026-08-21T20:47:25+00:00</time>
      </trkpt>
      <trkpt lat="44.11122" lon="3.10375">
        <ele>834</ele>
        <time>2026-08-21T20:47:28+00:00</time>
      </trkpt>
      <trkpt lat="44.11126" lon="3.10381">
        <ele>835</ele>
        <time>2026-08-21T20:47:31+00:00</time>
      </trkpt>
      <trkpt lat="44.11128" lon="3.10385">
        <ele>835</ele>
        <time>2026-08-21T20:47:34+00:00</time>
      </trkpt>
      <trkpt lat="44.11129" lon="3.10389">
        <ele>835</ele>
        <time>2026-08-21T20:47:37+00:00</time>
      </trkpt>
      <trkpt lat="44.11131" lon="3.10392">
        <ele>834</ele>
        <time>2026-08-21T20:47:40+00:00</time>
      </trkpt>
      <trkpt lat="44.11135" lon="3.10399">
        <ele>834</ele>
        <time>2026-08-21T20:47:43+00:00</time>
      </trkpt>
      <trkpt lat="44.11145" lon="3.10407">
        <ele>833</ele>
        <time>2026-08-21T20:47:46+00:00</time>
      </trkpt>
      <trkpt lat="44.11147" lon="3.10409">
        <ele>833</ele>
        <time>2026-08-21T20:47:49+00:00</time>
      </trkpt>
      <trkpt lat="44.11155" lon="3.10423">
        <ele>833</ele>
        <time>2026-08-21T20:47:52+00:00</time>
      </trkpt>
      <trkpt lat="44.11159" lon="3.1043">
        <ele>833</ele>
        <time>2026-08-21T20:47:55+00:00</time>
      </trkpt>
      <trkpt lat="44.11168" lon="3.10448">
        <ele>832</ele>
        <time>2026-08-21T20:47:58+00:00</time>
      </trkpt>
      <trkpt lat="44.1117" lon="3.10451">
        <ele>832</ele>
        <time>2026-08-21T20:48:01+00:00</time>
      </trkpt>
      <trkpt lat="44.11172" lon="3.10452">
        <ele>829</ele>
        <time>2026-08-21T20:48:04+00:00</time>
      </trkpt>
      <trkpt lat="44.11176" lon="3.10451">
        <ele>829</ele>
        <time>2026-08-21T20:48:07+00:00</time>
      </trkpt>
      <trkpt lat="44.11186" lon="3.10443">
        <ele>828</ele>
        <time>2026-08-21T20:48:10+00:00</time>
      </trkpt>
      <trkpt lat="44.11193" lon="3.10432">
        <ele>825</ele>
        <time>2026-08-21T20:48:13+00:00</time>
      </trkpt>
      <trkpt lat="44.11198" lon="3.10426">
        <ele>825</ele>
        <time>2026-08-21T20:48:16+00:00</time>
      </trkpt>
      <trkpt lat="44.11202" lon="3.10425">
        <ele>822</ele>
        <time>2026-08-21T20:48:19+00:00</time>
      </trkpt>
      <trkpt lat="44.11204" lon="3.10425">
        <ele>822</ele>
        <time>2026-08-21T20:48:22+00:00</time>
      </trkpt>
      <trkpt lat="44.11213" lon="3.10422">
        <ele>820</ele>
        <time>2026-08-21T20:48:25+00:00</time>
      </trkpt>
      <trkpt lat="44.11216" lon="3.10419">
        <ele>819</ele>
        <time>2026-08-21T20:48:28+00:00</time>
      </trkpt>
      <trkpt lat="44.11222" lon="3.10413">
        <ele>818</ele>
        <time>2026-08-21T20:48:31+00:00</time>
      </trkpt>
      <trkpt lat="44.11228" lon="3.1041">
        <ele>818</ele>
        <time>2026-08-21T20:48:34+00:00</time>
      </trkpt>
      <trkpt lat="44.11235" lon="3.10402">
        <ele>814</ele>
        <time>2026-08-21T20:48:37+00:00</time>
      </trkpt>
      <trkpt lat="44.1124" lon="3.10398">
        <ele>812</ele>
        <time>2026-08-21T20:48:40+00:00</time>
      </trkpt>
      <trkpt lat="44.11248" lon="3.1039">
        <ele>811</ele>
        <time>2026-08-21T20:48:43+00:00</time>
      </trkpt>
      <trkpt lat="44.1125" lon="3.10387">
        <ele>806</ele>
        <time>2026-08-21T20:48:46+00:00</time>
      </trkpt>
      <trkpt lat="44.11251" lon="3.10382">
        <ele>806</ele>
        <time>2026-08-21T20:48:49+00:00</time>
      </trkpt>
      <trkpt lat="44.11252" lon="3.10376">
        <ele>803</ele>
        <time>2026-08-21T20:48:52+00:00</time>
      </trkpt>
      <trkpt lat="44.11252" lon="3.10373">
        <ele>803</ele>
        <time>2026-08-21T20:48:55+00:00</time>
      </trkpt>
      <trkpt lat="44.11253" lon="3.10369">
        <ele>800</ele>
        <time>2026-08-21T20:48:58+00:00</time>
      </trkpt>
      <trkpt lat="44.11254" lon="3.10367">
        <ele>800</ele>
        <time>2026-08-21T20:49:01+00:00</time>
      </trkpt>
      <trkpt lat="44.11257" lon="3.10365">
        <ele>800</ele>
        <time>2026-08-21T20:49:04+00:00</time>
      </trkpt>
      <trkpt lat="44.11258" lon="3.10362">
        <ele>800</ele>
        <time>2026-08-21T20:49:07+00:00</time>
      </trkpt>
      <trkpt lat="44.11262" lon="3.1036">
        <ele>791</ele>
        <time>2026-08-21T20:49:10+00:00</time>
      </trkpt>
      <trkpt lat="44.1126" lon="3.10357">
        <ele>791</ele>
        <time>2026-08-21T20:49:13+00:00</time>
      </trkpt>
      <trkpt lat="44.11258" lon="3.10358">
        <ele>794</ele>
        <time>2026-08-21T20:49:16+00:00</time>
      </trkpt>
      <trkpt lat="44.11256" lon="3.10357">
        <ele>794</ele>
        <time>2026-08-21T20:49:19+00:00</time>
      </trkpt>
      <trkpt lat="44.11257" lon="3.10355">
        <ele>794</ele>
        <time>2026-08-21T20:49:22+00:00</time>
      </trkpt>
      <trkpt lat="44.11266" lon="3.10355">
        <ele>791</ele>
        <time>2026-08-21T20:49:25+00:00</time>
      </trkpt>
      <trkpt lat="44.11272" lon="3.10352">
        <ele>789</ele>
        <time>2026-08-21T20:49:28+00:00</time>
      </trkpt>
      <trkpt lat="44.11274" lon="3.10349">
        <ele>785</ele>
        <time>2026-08-21T20:49:31+00:00</time>
      </trkpt>
      <trkpt lat="44.11276" lon="3.10341">
        <ele>785</ele>
        <time>2026-08-21T20:49:34+00:00</time>
      </trkpt>
      <trkpt lat="44.11278" lon="3.1034">
        <ele>780</ele>
        <time>2026-08-21T20:49:37+00:00</time>
      </trkpt>
      <trkpt lat="44.11288" lon="3.10341">
        <ele>783</ele>
        <time>2026-08-21T20:49:40+00:00</time>
      </trkpt>
      <trkpt lat="44.1129" lon="3.10339">
        <ele>779</ele>
        <time>2026-08-21T20:49:43+00:00</time>
      </trkpt>
      <trkpt lat="44.11284" lon="3.10331">
        <ele>779</ele>
        <time>2026-08-21T20:49:46+00:00</time>
      </trkpt>
      <trkpt lat="44.11282" lon="3.10328">
        <ele>773</ele>
        <time>2026-08-21T20:49:49+00:00</time>
      </trkpt>
      <trkpt lat="44.11269" lon="3.10321">
        <ele>776</ele>
        <time>2026-08-21T20:49:52+00:00</time>
      </trkpt>
      <trkpt lat="44.11263" lon="3.1032">
        <ele>776</ele>
        <time>2026-08-21T20:49:55+00:00</time>
      </trkpt>
      <trkpt lat="44.11261" lon="3.10319">
        <ele>772</ele>
        <time>2026-08-21T20:49:58+00:00</time>
      </trkpt>
      <trkpt lat="44.11263" lon="3.10317">
        <ele>772</ele>
        <time>2026-08-21T20:50:01+00:00</time>
      </trkpt>
      <trkpt lat="44.11267" lon="3.10316">
        <ele>772</ele>
        <time>2026-08-21T20:50:04+00:00</time>
      </trkpt>
      <trkpt lat="44.11273" lon="3.10314">
        <ele>771</ele>
        <time>2026-08-21T20:50:07+00:00</time>
      </trkpt>
      <trkpt lat="44.11275" lon="3.10314">
        <ele>771</ele>
        <time>2026-08-21T20:50:10+00:00</time>
      </trkpt>
      <trkpt lat="44.11278" lon="3.10313">
        <ele>771</ele>
        <time>2026-08-21T20:50:13+00:00</time>
      </trkpt>
      <trkpt lat="44.1128" lon="3.1031">
        <ele>771</ele>
        <time>2026-08-21T20:50:16+00:00</time>
      </trkpt>
      <trkpt lat="44.1128" lon="3.10308">
        <ele>767</ele>
        <time>2026-08-21T20:50:19+00:00</time>
      </trkpt>
      <trkpt lat="44.11278" lon="3.10306">
        <ele>767</ele>
        <time>2026-08-21T20:50:22+00:00</time>
      </trkpt>
      <trkpt lat="44.11275" lon="3.10303">
        <ele>767</ele>
        <time>2026-08-21T20:50:25+00:00</time>
      </trkpt>
      <trkpt lat="44.11274" lon="3.10299">
        <ele>761</ele>
        <time>2026-08-21T20:50:28+00:00</time>
      </trkpt>
      <trkpt lat="44.11278" lon="3.10295">
        <ele>761</ele>
        <time>2026-08-21T20:50:31+00:00</time>
      </trkpt>
      <trkpt lat="44.1128" lon="3.10294">
        <ele>761</ele>
        <time>2026-08-21T20:50:34+00:00</time>
      </trkpt>
      <trkpt lat="44.11288" lon="3.10292">
        <ele>759</ele>
        <time>2026-08-21T20:50:37+00:00</time>
      </trkpt>
      <trkpt lat="44.11293" lon="3.10292">
        <ele>758</ele>
        <time>2026-08-21T20:50:40+00:00</time>
      </trkpt>
      <trkpt lat="44.11297" lon="3.10291">
        <ele>758</ele>
        <time>2026-08-21T20:50:43+00:00</time>
      </trkpt>
      <trkpt lat="44.11283" lon="3.10279">
        <ele>752</ele>
        <time>2026-08-21T20:50:46+00:00</time>
      </trkpt>
      <trkpt lat="44.11276" lon="3.10276">
        <ele>754</ele>
        <time>2026-08-21T20:50:49+00:00</time>
      </trkpt>
      <trkpt lat="44.11268" lon="3.10277">
        <ele>756</ele>
        <time>2026-08-21T20:50:52+00:00</time>
      </trkpt>
      <trkpt lat="44.11265" lon="3.10276">
        <ele>756</ele>
        <time>2026-08-21T20:50:55+00:00</time>
      </trkpt>
      <trkpt lat="44.11262" lon="3.10269">
        <ele>751</ele>
        <time>2026-08-21T20:50:58+00:00</time>
      </trkpt>
      <trkpt lat="44.11263" lon="3.10265">
        <ele>751</ele>
        <time>2026-08-21T20:51:01+00:00</time>
      </trkpt>
      <trkpt lat="44.11264" lon="3.10263">
        <ele>751</ele>
        <time>2026-08-21T20:51:04+00:00</time>
      </trkpt>
      <trkpt lat="44.11268" lon="3.10261">
        <ele>751</ele>
        <time>2026-08-21T20:51:07+00:00</time>
      </trkpt>
      <trkpt lat="44.11275" lon="3.1026">
        <ele>749</ele>
        <time>2026-08-21T20:51:10+00:00</time>
      </trkpt>
      <trkpt lat="44.11279" lon="3.10256">
        <ele>745</ele>
        <time>2026-08-21T20:51:13+00:00</time>
      </trkpt>
      <trkpt lat="44.1128" lon="3.10251">
        <ele>743</ele>
        <time>2026-08-21T20:51:16+00:00</time>
      </trkpt>
      <trkpt lat="44.1128" lon="3.10247">
        <ele>742</ele>
        <time>2026-08-21T20:51:19+00:00</time>
      </trkpt>
      <trkpt lat="44.11278" lon="3.1024">
        <ele>737</ele>
        <time>2026-08-21T20:51:22+00:00</time>
      </trkpt>
      <trkpt lat="44.11277" lon="3.10237">
        <ele>737</ele>
        <time>2026-08-21T20:51:25+00:00</time>
      </trkpt>
      <trkpt lat="44.1128" lon="3.10234">
        <ele>737</ele>
        <time>2026-08-21T20:51:28+00:00</time>
      </trkpt>
      <trkpt lat="44.11283" lon="3.10233">
        <ele>734</ele>
        <time>2026-08-21T20:51:31+00:00</time>
      </trkpt>
      <trkpt lat="44.11288" lon="3.1023">
        <ele>734</ele>
        <time>2026-08-21T20:51:34+00:00</time>
      </trkpt>
      <trkpt lat="44.11289" lon="3.10228">
        <ele>731</ele>
        <time>2026-08-21T20:51:37+00:00</time>
      </trkpt>
      <trkpt lat="44.11287" lon="3.1022">
        <ele>728</ele>
        <time>2026-08-21T20:51:40+00:00</time>
      </trkpt>
      <trkpt lat="44.1129" lon="3.10218">
        <ele>728</ele>
        <time>2026-08-21T20:51:43+00:00</time>
      </trkpt>
      <trkpt lat="44.11295" lon="3.10217">
        <ele>725</ele>
        <time>2026-08-21T20:51:46+00:00</time>
      </trkpt>
      <trkpt lat="44.11298" lon="3.10216">
        <ele>725</ele>
        <time>2026-08-21T20:51:49+00:00</time>
      </trkpt>
      <trkpt lat="44.11304" lon="3.10216">
        <ele>724</ele>
        <time>2026-08-21T20:51:52+00:00</time>
      </trkpt>
      <trkpt lat="44.11307" lon="3.10214">
        <ele>724</ele>
        <time>2026-08-21T20:51:55+00:00</time>
      </trkpt>
      <trkpt lat="44.11306" lon="3.10211">
        <ele>724</ele>
        <time>2026-08-21T20:51:58+00:00</time>
      </trkpt>
      <trkpt lat="44.113" lon="3.102">
        <ele>720</ele>
        <time>2026-08-21T20:52:01+00:00</time>
      </trkpt>
      <trkpt lat="44.11296" lon="3.10195">
        <ele>716</ele>
        <time>2026-08-21T20:52:04+00:00</time>
      </trkpt>
      <trkpt lat="44.11294" lon="3.10193">
        <ele>716</ele>
        <time>2026-08-21T20:52:07+00:00</time>
      </trkpt>
      <trkpt lat="44.1129" lon="3.10187">
        <ele>718</ele>
        <time>2026-08-21T20:52:10+00:00</time>
      </trkpt>
      <trkpt lat="44.11287" lon="3.10181">
        <ele>718</ele>
        <time>2026-08-21T20:52:13+00:00</time>
      </trkpt>
      <trkpt lat="44.11286" lon="3.10175">
        <ele>714</ele>
        <time>2026-08-21T20:52:16+00:00</time>
      </trkpt>
      <trkpt lat="44.11287" lon="3.10173">
        <ele>714</ele>
        <time>2026-08-21T20:52:19+00:00</time>
      </trkpt>
      <trkpt lat="44.11288" lon="3.10169">
        <ele>711</ele>
        <time>2026-08-21T20:52:22+00:00</time>
      </trkpt>
      <trkpt lat="44.11288" lon="3.10167">
        <ele>711</ele>
        <time>2026-08-21T20:52:25+00:00</time>
      </trkpt>
      <trkpt lat="44.11289" lon="3.10164">
        <ele>711</ele>
        <time>2026-08-21T20:52:28+00:00</time>
      </trkpt>
      <trkpt lat="44.11294" lon="3.10165">
        <ele>705</ele>
        <time>2026-08-21T20:52:31+00:00</time>
      </trkpt>
      <trkpt lat="44.11298" lon="3.10167">
        <ele>705</ele>
        <time>2026-08-21T20:52:34+00:00</time>
      </trkpt>
      <trkpt lat="44.11302" lon="3.10167">
        <ele>701</ele>
        <time>2026-08-21T20:52:37+00:00</time>
      </trkpt>
      <trkpt lat="44.11306" lon="3.10165">
        <ele>701</ele>
        <time>2026-08-21T20:52:40+00:00</time>
      </trkpt>
      <trkpt lat="44.11314" lon="3.10159">
        <ele>696</ele>
        <time>2026-08-21T20:52:43+00:00</time>
      </trkpt>
      <trkpt lat="44.11314" lon="3.10156">
        <ele>696</ele>
        <time>2026-08-21T20:52:46+00:00</time>
      </trkpt>
      <trkpt lat="44.11313" lon="3.10154">
        <ele>696</ele>
        <time>2026-08-21T20:52:49+00:00</time>
      </trkpt>
      <trkpt lat="44.11304" lon="3.10152">
        <ele>698</ele>
        <time>2026-08-21T20:52:52+00:00</time>
      </trkpt>
      <trkpt lat="44.11301" lon="3.10148">
        <ele>693</ele>
        <time>2026-08-21T20:52:55+00:00</time>
      </trkpt>
      <trkpt lat="44.113" lon="3.10145">
        <ele>697</ele>
        <time>2026-08-21T20:52:58+00:00</time>
      </trkpt>
      <trkpt lat="44.11298" lon="3.10142">
        <ele>697</ele>
        <time>2026-08-21T20:53:01+00:00</time>
      </trkpt>
      <trkpt lat="44.11298" lon="3.10139">
        <ele>697</ele>
        <time>2026-08-21T20:53:04+00:00</time>
      </trkpt>
      <trkpt lat="44.11299" lon="3.10136">
        <ele>697</ele>
        <time>2026-08-21T20:53:07+00:00</time>
      </trkpt>
      <trkpt lat="44.11303" lon="3.10134">
        <ele>690</ele>
        <time>2026-08-21T20:53:10+00:00</time>
      </trkpt>
      <trkpt lat="44.11303" lon="3.10132">
        <ele>690</ele>
        <time>2026-08-21T20:53:13+00:00</time>
      </trkpt>
      <trkpt lat="44.11305" lon="3.10128">
        <ele>688</ele>
        <time>2026-08-21T20:53:16+00:00</time>
      </trkpt>
      <trkpt lat="44.11308" lon="3.10125">
        <ele>688</ele>
        <time>2026-08-21T20:53:19+00:00</time>
      </trkpt>
      <trkpt lat="44.11312" lon="3.10127">
        <ele>684</ele>
        <time>2026-08-21T20:53:22+00:00</time>
      </trkpt>
      <trkpt lat="44.11317" lon="3.10126">
        <ele>684</ele>
        <time>2026-08-21T20:53:25+00:00</time>
      </trkpt>
      <trkpt lat="44.11317" lon="3.10123">
        <ele>684</ele>
        <time>2026-08-21T20:53:28+00:00</time>
      </trkpt>
      <trkpt lat="44.1132" lon="3.10121">
        <ele>684</ele>
        <time>2026-08-21T20:53:31+00:00</time>
      </trkpt>
      <trkpt lat="44.11329" lon="3.10118">
        <ele>674</ele>
        <time>2026-08-21T20:53:34+00:00</time>
      </trkpt>
      <trkpt lat="44.11333" lon="3.10114">
        <ele>670</ele>
        <time>2026-08-21T20:53:37+00:00</time>
      </trkpt>
      <trkpt lat="44.11336" lon="3.1011">
        <ele>670</ele>
        <time>2026-08-21T20:53:40+00:00</time>
      </trkpt>
      <trkpt lat="44.11338" lon="3.10109">
        <ele>667</ele>
        <time>2026-08-21T20:53:43+00:00</time>
      </trkpt>
      <trkpt lat="44.1134" lon="3.10109">
        <ele>665</ele>
        <time>2026-08-21T20:53:46+00:00</time>
      </trkpt>
      <trkpt lat="44.11345" lon="3.10114">
        <ele>668</ele>
        <time>2026-08-21T20:53:49+00:00</time>
      </trkpt>
      <trkpt lat="44.11347" lon="3.10115">
        <ele>668</ele>
        <time>2026-08-21T20:53:52+00:00</time>
      </trkpt>
      <trkpt lat="44.11352" lon="3.10113">
        <ele>667</ele>
        <time>2026-08-21T20:53:55+00:00</time>
      </trkpt>
      <trkpt lat="44.11358" lon="3.10115">
        <ele>667</ele>
        <time>2026-08-21T20:53:58+00:00</time>
      </trkpt>
      <trkpt lat="44.11361" lon="3.10116">
        <ele>667</ele>
        <time>2026-08-21T20:54:01+00:00</time>
      </trkpt>
      <trkpt lat="44.11362" lon="3.10119">
        <ele>667</ele>
        <time>2026-08-21T20:54:04+00:00</time>
      </trkpt>
      <trkpt lat="44.11361" lon="3.10122">
        <ele>673</ele>
        <time>2026-08-21T20:54:07+00:00</time>
      </trkpt>
      <trkpt lat="44.11363" lon="3.10125">
        <ele>673</ele>
        <time>2026-08-21T20:54:10+00:00</time>
      </trkpt>
      <trkpt lat="44.11363" lon="3.10127">
        <ele>673</ele>
        <time>2026-08-21T20:54:13+00:00</time>
      </trkpt>
      <trkpt lat="44.11365" lon="3.10129">
        <ele>673</ele>
        <time>2026-08-21T20:54:16+00:00</time>
      </trkpt>
      <trkpt lat="44.11368" lon="3.10131">
        <ele>678</ele>
        <time>2026-08-21T20:54:19+00:00</time>
      </trkpt>
      <trkpt lat="44.11371" lon="3.10136">
        <ele>677</ele>
        <time>2026-08-21T20:54:22+00:00</time>
      </trkpt>
      <trkpt lat="44.11369" lon="3.10142">
        <ele>683</ele>
        <time>2026-08-21T20:54:25+00:00</time>
      </trkpt>
      <trkpt lat="44.1137" lon="3.10148">
        <ele>681</ele>
        <time>2026-08-21T20:54:28+00:00</time>
      </trkpt>
      <trkpt lat="44.11372" lon="3.1015">
        <ele>687</ele>
        <time>2026-08-21T20:54:31+00:00</time>
      </trkpt>
      <trkpt lat="44.11377" lon="3.10156">
        <ele>687</ele>
        <time>2026-08-21T20:54:34+00:00</time>
      </trkpt>
      <trkpt lat="44.11387" lon="3.10162">
        <ele>682</ele>
        <time>2026-08-21T20:54:37+00:00</time>
      </trkpt>
      <trkpt lat="44.11395" lon="3.10167">
        <ele>684</ele>
        <time>2026-08-21T20:54:40+00:00</time>
      </trkpt>
      <trkpt lat="44.11401" lon="3.10173">
        <ele>688</ele>
        <time>2026-08-21T20:54:43+00:00</time>
      </trkpt>
      <trkpt lat="44.11409" lon="3.10177">
        <ele>688</ele>
        <time>2026-08-21T20:54:46+00:00</time>
      </trkpt>
      <trkpt lat="44.11415" lon="3.10181">
        <ele>690</ele>
        <time>2026-08-21T20:54:49+00:00</time>
      </trkpt>
      <trkpt lat="44.1142" lon="3.10186">
        <ele>684</ele>
        <time>2026-08-21T20:54:52+00:00</time>
      </trkpt>
      <trkpt lat="44.11424" lon="3.10191">
        <ele>701</ele>
        <time>2026-08-21T20:54:55+00:00</time>
      </trkpt>
      <trkpt lat="44.11428" lon="3.10194">
        <ele>701</ele>
        <time>2026-08-21T20:54:58+00:00</time>
      </trkpt>
      <trkpt lat="44.11434" lon="3.10198">
        <ele>683</ele>
        <time>2026-08-21T20:55:01+00:00</time>
      </trkpt>
      <trkpt lat="44.11438" lon="3.10204">
        <ele>692</ele>
        <time>2026-08-21T20:55:04+00:00</time>
      </trkpt>
      <trkpt lat="44.11439" lon="3.10206">
        <ele>692</ele>
        <time>2026-08-21T20:55:07+00:00</time>
      </trkpt>
      <trkpt lat="44.11437" lon="3.10207">
        <ele>692</ele>
        <time>2026-08-21T20:55:10+00:00</time>
      </trkpt>
      <trkpt lat="44.11439" lon="3.10215">
        <ele>690</ele>
        <time>2026-08-21T20:55:13+00:00</time>
      </trkpt>
      <trkpt lat="44.11442" lon="3.10215">
        <ele>688</ele>
        <time>2026-08-21T20:55:16+00:00</time>
      </trkpt>
      <trkpt lat="44.11451" lon="3.10219">
        <ele>683</ele>
        <time>2026-08-21T20:55:19+00:00</time>
      </trkpt>
      <trkpt lat="44.11464" lon="3.1022">
        <ele>679</ele>
        <time>2026-08-21T20:55:22+00:00</time>
      </trkpt>
      <trkpt lat="44.11467" lon="3.10221">
        <ele>682</ele>
        <time>2026-08-21T20:55:25+00:00</time>
      </trkpt>
      <trkpt lat="44.11468" lon="3.10219">
        <ele>679</ele>
        <time>2026-08-21T20:55:28+00:00</time>
      </trkpt>
      <trkpt lat="44.1147" lon="3.10219">
        <ele>673</ele>
        <time>2026-08-21T20:55:31+00:00</time>
      </trkpt>
      <trkpt lat="44.11474" lon="3.10219">
        <ele>673</ele>
        <time>2026-08-21T20:55:34+00:00</time>
      </trkpt>
      <trkpt lat="44.11476" lon="3.10219">
        <ele>673</ele>
        <time>2026-08-21T20:55:37+00:00</time>
      </trkpt>
      <trkpt lat="44.11483" lon="3.1022">
        <ele>673</ele>
        <time>2026-08-21T20:55:40+00:00</time>
      </trkpt>
      <trkpt lat="44.1149" lon="3.10225">
        <ele>673</ele>
        <time>2026-08-21T20:55:43+00:00</time>
      </trkpt>
      <trkpt lat="44.11497" lon="3.10226">
        <ele>669</ele>
        <time>2026-08-21T20:55:46+00:00</time>
      </trkpt>
      <trkpt lat="44.115" lon="3.10228">
        <ele>663</ele>
        <time>2026-08-21T20:55:49+00:00</time>
      </trkpt>
      <trkpt lat="44.11506" lon="3.10229">
        <ele>663</ele>
        <time>2026-08-21T20:55:52+00:00</time>
      </trkpt>
      <trkpt lat="44.11507" lon="3.10229">
        <ele>663</ele>
        <time>2026-08-21T20:55:55+00:00</time>
      </trkpt>
      <trkpt lat="44.11514" lon="3.10231">
        <ele>661</ele>
        <time>2026-08-21T20:55:58+00:00</time>
      </trkpt>
      <trkpt lat="44.11518" lon="3.10231">
        <ele>661</ele>
        <time>2026-08-21T20:56:01+00:00</time>
      </trkpt>
      <trkpt lat="44.11525" lon="3.10232">
        <ele>657</ele>
        <time>2026-08-21T20:56:04+00:00</time>
      </trkpt>
      <trkpt lat="44.11526" lon="3.1023">
        <ele>657</ele>
        <time>2026-08-21T20:56:07+00:00</time>
      </trkpt>
      <trkpt lat="44.11532" lon="3.10227">
        <ele>650</ele>
        <time>2026-08-21T20:56:10+00:00</time>
      </trkpt>
      <trkpt lat="44.11537" lon="3.10229">
        <ele>650</ele>
        <time>2026-08-21T20:56:13+00:00</time>
      </trkpt>
      <trkpt lat="44.11542" lon="3.10228">
        <ele>644</ele>
        <time>2026-08-21T20:56:16+00:00</time>
      </trkpt>
      <trkpt lat="44.11544" lon="3.10229">
        <ele>644</ele>
        <time>2026-08-21T20:56:19+00:00</time>
      </trkpt>
      <trkpt lat="44.11546" lon="3.10227">
        <ele>644</ele>
        <time>2026-08-21T20:56:22+00:00</time>
      </trkpt>
      <trkpt lat="44.11546" lon="3.10221">
        <ele>644</ele>
        <time>2026-08-21T20:56:25+00:00</time>
      </trkpt>
      <trkpt lat="44.11545" lon="3.10213">
        <ele>642</ele>
        <time>2026-08-21T20:56:28+00:00</time>
      </trkpt>
      <trkpt lat="44.11544" lon="3.10207">
        <ele>638</ele>
        <time>2026-08-21T20:56:31+00:00</time>
      </trkpt>
      <trkpt lat="44.11544" lon="3.10204">
        <ele>638</ele>
        <time>2026-08-21T20:56:34+00:00</time>
      </trkpt>
      <trkpt lat="44.11546" lon="3.10203">
        <ele>638</ele>
        <time>2026-08-21T20:56:37+00:00</time>
      </trkpt>
      <trkpt lat="44.11552" lon="3.102">
        <ele>631</ele>
        <time>2026-08-21T20:56:40+00:00</time>
      </trkpt>
      <trkpt lat="44.11549" lon="3.10192">
        <ele>635</ele>
        <time>2026-08-21T20:56:43+00:00</time>
      </trkpt>
      <trkpt lat="44.11548" lon="3.10189">
        <ele>632</ele>
        <time>2026-08-21T20:56:46+00:00</time>
      </trkpt>
      <trkpt lat="44.11546" lon="3.10183">
        <ele>632</ele>
        <time>2026-08-21T20:56:49+00:00</time>
      </trkpt>
      <trkpt lat="44.11542" lon="3.10176">
        <ele>628</ele>
        <time>2026-08-21T20:56:52+00:00</time>
      </trkpt>
      <trkpt lat="44.11539" lon="3.1017">
        <ele>630</ele>
        <time>2026-08-21T20:56:55+00:00</time>
      </trkpt>
      <trkpt lat="44.1154" lon="3.10166">
        <ele>630</ele>
        <time>2026-08-21T20:56:58+00:00</time>
      </trkpt>
      <trkpt lat="44.11541" lon="3.10163">
        <ele>625</ele>
        <time>2026-08-21T20:57:01+00:00</time>
      </trkpt>
      <trkpt lat="44.11543" lon="3.10161">
        <ele>625</ele>
        <time>2026-08-21T20:57:04+00:00</time>
      </trkpt>
      <trkpt lat="44.11548" lon="3.10162">
        <ele>625</ele>
        <time>2026-08-21T20:57:07+00:00</time>
      </trkpt>
      <trkpt lat="44.11551" lon="3.10159">
        <ele>618</ele>
        <time>2026-08-21T20:57:10+00:00</time>
      </trkpt>
      <trkpt lat="44.11552" lon="3.10151">
        <ele>618</ele>
        <time>2026-08-21T20:57:13+00:00</time>
      </trkpt>
      <trkpt lat="44.11553" lon="3.10141">
        <ele>614</ele>
        <time>2026-08-21T20:57:16+00:00</time>
      </trkpt>
      <trkpt lat="44.11552" lon="3.10138">
        <ele>611</ele>
        <time>2026-08-21T20:57:19+00:00</time>
      </trkpt>
      <trkpt lat="44.11553" lon="3.10131">
        <ele>611</ele>
        <time>2026-08-21T20:57:22+00:00</time>
      </trkpt>
      <trkpt lat="44.11551" lon="3.10124">
        <ele>608</ele>
        <time>2026-08-21T20:57:25+00:00</time>
      </trkpt>
      <trkpt lat="44.11548" lon="3.10118">
        <ele>607</ele>
        <time>2026-08-21T20:57:28+00:00</time>
      </trkpt>
      <trkpt lat="44.11549" lon="3.10115">
        <ele>607</ele>
        <time>2026-08-21T20:57:31+00:00</time>
      </trkpt>
      <trkpt lat="44.11551" lon="3.10111">
        <ele>604</ele>
        <time>2026-08-21T20:57:34+00:00</time>
      </trkpt>
      <trkpt lat="44.11552" lon="3.10109">
        <ele>601</ele>
        <time>2026-08-21T20:57:37+00:00</time>
      </trkpt>
      <trkpt lat="44.11552" lon="3.10107">
        <ele>601</ele>
        <time>2026-08-21T20:57:40+00:00</time>
      </trkpt>
      <trkpt lat="44.11548" lon="3.10102">
        <ele>604</ele>
        <time>2026-08-21T20:57:43+00:00</time>
      </trkpt>
      <trkpt lat="44.11547" lon="3.10095">
        <ele>601</ele>
        <time>2026-08-21T20:57:46+00:00</time>
      </trkpt>
      <trkpt lat="44.11545" lon="3.10093">
        <ele>601</ele>
        <time>2026-08-21T20:57:49+00:00</time>
      </trkpt>
      <trkpt lat="44.11543" lon="3.1009">
        <ele>601</ele>
        <time>2026-08-21T20:57:52+00:00</time>
      </trkpt>
      <trkpt lat="44.11539" lon="3.10088">
        <ele>605</ele>
        <time>2026-08-21T20:57:55+00:00</time>
      </trkpt>
      <trkpt lat="44.11526" lon="3.10084">
        <ele>605</ele>
        <time>2026-08-21T20:57:58+00:00</time>
      </trkpt>
      <trkpt lat="44.11515" lon="3.10073">
        <ele>606</ele>
        <time>2026-08-21T20:58:01+00:00</time>
      </trkpt>
      <trkpt lat="44.11506" lon="3.10068">
        <ele>606</ele>
        <time>2026-08-21T20:58:04+00:00</time>
      </trkpt>
      <trkpt lat="44.11497" lon="3.10055">
        <ele>606</ele>
        <time>2026-08-21T20:58:07+00:00</time>
      </trkpt>
      <trkpt lat="44.11489" lon="3.10036">
        <ele>603</ele>
        <time>2026-08-21T20:58:10+00:00</time>
      </trkpt>
      <trkpt lat="44.11485" lon="3.1003">
        <ele>603</ele>
        <time>2026-08-21T20:58:13+00:00</time>
      </trkpt>
      <trkpt lat="44.1148" lon="3.10025">
        <ele>598</ele>
        <time>2026-08-21T20:58:16+00:00</time>
      </trkpt>
      <trkpt lat="44.11475" lon="3.1002">
        <ele>599</ele>
        <time>2026-08-21T20:58:19+00:00</time>
      </trkpt>
      <trkpt lat="44.11473" lon="3.10017">
        <ele>599</ele>
        <time>2026-08-21T20:58:22+00:00</time>
      </trkpt>
      <trkpt lat="44.11471" lon="3.10011">
        <ele>599</ele>
        <time>2026-08-21T20:58:25+00:00</time>
      </trkpt>
      <trkpt lat="44.11468" lon="3.10006">
        <ele>602</ele>
        <time>2026-08-21T20:58:28+00:00</time>
      </trkpt>
      <trkpt lat="44.11464" lon="3.09991">
        <ele>597</ele>
        <time>2026-08-21T20:58:31+00:00</time>
      </trkpt>
      <trkpt lat="44.11462" lon="3.09986">
        <ele>595</ele>
        <time>2026-08-21T20:58:34+00:00</time>
      </trkpt>
      <trkpt lat="44.11456" lon="3.09977">
        <ele>595</ele>
        <time>2026-08-21T20:58:37+00:00</time>
      </trkpt>
      <trkpt lat="44.11451" lon="3.09962">
        <ele>591</ele>
        <time>2026-08-21T20:58:40+00:00</time>
      </trkpt>
      <trkpt lat="44.11447" lon="3.09954">
        <ele>591</ele>
        <time>2026-08-21T20:58:43+00:00</time>
      </trkpt>
      <trkpt lat="44.11446" lon="3.09951">
        <ele>591</ele>
        <time>2026-08-21T20:58:46+00:00</time>
      </trkpt>
      <trkpt lat="44.11441" lon="3.09942">
        <ele>588</ele>
        <time>2026-08-21T20:58:49+00:00</time>
      </trkpt>
      <trkpt lat="44.1144" lon="3.09936">
        <ele>589</ele>
        <time>2026-08-21T20:58:52+00:00</time>
      </trkpt>
      <trkpt lat="44.11441" lon="3.09927">
        <ele>583</ele>
        <time>2026-08-21T20:58:55+00:00</time>
      </trkpt>
      <trkpt lat="44.11442" lon="3.09925">
        <ele>583</ele>
        <time>2026-08-21T20:58:58+00:00</time>
      </trkpt>
      <trkpt lat="44.11444" lon="3.09924">
        <ele>583</ele>
        <time>2026-08-21T20:59:01+00:00</time>
      </trkpt>
      <trkpt lat="44.11452" lon="3.09929">
        <ele>578</ele>
        <time>2026-08-21T20:59:04+00:00</time>
      </trkpt>
      <trkpt lat="44.11454" lon="3.09929">
        <ele>578</ele>
        <time>2026-08-21T20:59:07+00:00</time>
      </trkpt>
      <trkpt lat="44.11457" lon="3.09928">
        <ele>578</ele>
        <time>2026-08-21T20:59:10+00:00</time>
      </trkpt>
      <trkpt lat="44.11458" lon="3.09926">
        <ele>578</ele>
        <time>2026-08-21T20:59:13+00:00</time>
      </trkpt>
      <trkpt lat="44.11459" lon="3.09921">
        <ele>578</ele>
        <time>2026-08-21T20:59:16+00:00</time>
      </trkpt>
      <trkpt lat="44.11461" lon="3.09921">
        <ele>576</ele>
        <time>2026-08-21T20:59:19+00:00</time>
      </trkpt>
      <trkpt lat="44.11475" lon="3.09924">
        <ele>569</ele>
        <time>2026-08-21T20:59:22+00:00</time>
      </trkpt>
      <trkpt lat="44.11479" lon="3.09921">
        <ele>569</ele>
        <time>2026-08-21T20:59:25+00:00</time>
      </trkpt>
      <trkpt lat="44.11482" lon="3.09895">
        <ele>562</ele>
        <time>2026-08-21T20:59:28+00:00</time>
      </trkpt>
      <trkpt lat="44.11483" lon="3.09891">
        <ele>562</ele>
        <time>2026-08-21T20:59:31+00:00</time>
      </trkpt>
      <trkpt lat="44.11485" lon="3.09881">
        <ele>561</ele>
        <time>2026-08-21T20:59:34+00:00</time>
      </trkpt>
      <trkpt lat="44.11488" lon="3.09867">
        <ele>558</ele>
        <time>2026-08-21T20:59:37+00:00</time>
      </trkpt>
      <trkpt lat="44.11492" lon="3.09861">
        <ele>557</ele>
        <time>2026-08-21T20:59:40+00:00</time>
      </trkpt>
      <trkpt lat="44.11494" lon="3.09858">
        <ele>555</ele>
        <time>2026-08-21T20:59:43+00:00</time>
      </trkpt>
      <trkpt lat="44.11495" lon="3.09856">
        <ele>555</ele>
        <time>2026-08-21T20:59:46+00:00</time>
      </trkpt>
      <trkpt lat="44.11495" lon="3.09849">
        <ele>553</ele>
        <time>2026-08-21T20:59:49+00:00</time>
      </trkpt>
      <trkpt lat="44.11497" lon="3.09843">
        <ele>553</ele>
        <time>2026-08-21T20:59:52+00:00</time>
      </trkpt>
      <trkpt lat="44.115" lon="3.09838">
        <ele>550</ele>
        <time>2026-08-21T20:59:55+00:00</time>
      </trkpt>
      <trkpt lat="44.11502" lon="3.09834">
        <ele>550</ele>
        <time>2026-08-21T20:59:58+00:00</time>
      </trkpt>
      <trkpt lat="44.11505" lon="3.09826">
        <ele>549</ele>
        <time>2026-08-21T21:00:01+00:00</time>
      </trkpt>
      <trkpt lat="44.11511" lon="3.09816">
        <ele>545</ele>
        <time>2026-08-21T21:00:04+00:00</time>
      </trkpt>
      <trkpt lat="44.11514" lon="3.09812">
        <ele>545</ele>
        <time>2026-08-21T21:00:07+00:00</time>
      </trkpt>
      <trkpt lat="44.11514" lon="3.09798">
        <ele>542</ele>
        <time>2026-08-21T21:00:10+00:00</time>
      </trkpt>
      <trkpt lat="44.11514" lon="3.09794">
        <ele>542</ele>
        <time>2026-08-21T21:00:13+00:00</time>
      </trkpt>
      <trkpt lat="44.11515" lon="3.09784">
        <ele>540</ele>
        <time>2026-08-21T21:00:16+00:00</time>
      </trkpt>
      <trkpt lat="44.11514" lon="3.09763">
        <ele>537</ele>
        <time>2026-08-21T21:00:19+00:00</time>
      </trkpt>
      <trkpt lat="44.11515" lon="3.09735">
        <ele>531</ele>
        <time>2026-08-21T21:00:22+00:00</time>
      </trkpt>
      <trkpt lat="44.11514" lon="3.0973">
        <ele>531</ele>
        <time>2026-08-21T21:00:25+00:00</time>
      </trkpt>
      <trkpt lat="44.11515" lon="3.09721">
        <ele>529</ele>
        <time>2026-08-21T21:00:28+00:00</time>
      </trkpt>
      <trkpt lat="44.11514" lon="3.09713">
        <ele>527</ele>
        <time>2026-08-21T21:00:31+00:00</time>
      </trkpt>
      <trkpt lat="44.11516" lon="3.09705">
        <ele>526</ele>
        <time>2026-08-21T21:00:34+00:00</time>
      </trkpt>
      <trkpt lat="44.11518" lon="3.09691">
        <ele>525</ele>
        <time>2026-08-21T21:00:37+00:00</time>
      </trkpt>
      <trkpt lat="44.11514" lon="3.09665">
        <ele>521</ele>
        <time>2026-08-21T21:00:40+00:00</time>
      </trkpt>
      <trkpt lat="44.11509" lon="3.09646">
        <ele>518</ele>
        <time>2026-08-21T21:00:43+00:00</time>
      </trkpt>
      <trkpt lat="44.11508" lon="3.09636">
        <ele>518</ele>
        <time>2026-08-21T21:00:46+00:00</time>
      </trkpt>
      <trkpt lat="44.11506" lon="3.09627">
        <ele>517</ele>
        <time>2026-08-21T21:00:49+00:00</time>
      </trkpt>
      <trkpt lat="44.11505" lon="3.09618">
        <ele>516</ele>
        <time>2026-08-21T21:00:52+00:00</time>
      </trkpt>
      <trkpt lat="44.11503" lon="3.09614">
        <ele>516</ele>
        <time>2026-08-21T21:00:55+00:00</time>
      </trkpt>
      <trkpt lat="44.115" lon="3.09606">
        <ele>513</ele>
        <time>2026-08-21T21:00:58+00:00</time>
      </trkpt>
      <trkpt lat="44.11499" lon="3.09601">
        <ele>513</ele>
        <time>2026-08-21T21:01:01+00:00</time>
      </trkpt>
      <trkpt lat="44.11498" lon="3.09592">
        <ele>512</ele>
        <time>2026-08-21T21:01:04+00:00</time>
      </trkpt>
      <trkpt lat="44.11496" lon="3.09584">
        <ele>512</ele>
        <time>2026-08-21T21:01:07+00:00</time>
      </trkpt>
      <trkpt lat="44.11495" lon="3.09579">
        <ele>511</ele>
        <time>2026-08-21T21:01:10+00:00</time>
      </trkpt>
      <trkpt lat="44.11491" lon="3.09561">
        <ele>510</ele>
        <time>2026-08-21T21:01:13+00:00</time>
      </trkpt>
      <trkpt lat="44.1149" lon="3.09557">
        <ele>509</ele>
        <time>2026-08-21T21:01:16+00:00</time>
      </trkpt>
      <trkpt lat="44.11488" lon="3.09548">
        <ele>508</ele>
        <time>2026-08-21T21:01:19+00:00</time>
      </trkpt>
      <trkpt lat="44.11479" lon="3.09519">
        <ele>503</ele>
        <time>2026-08-21T21:01:22+00:00</time>
      </trkpt>
      <trkpt lat="44.11479" lon="3.09514">
        <ele>503</ele>
        <time>2026-08-21T21:01:25+00:00</time>
      </trkpt>
      <trkpt lat="44.11476" lon="3.09497">
        <ele>503</ele>
        <time>2026-08-21T21:01:28+00:00</time>
      </trkpt>
      <trkpt lat="44.11474" lon="3.09488">
        <ele>503</ele>
        <time>2026-08-21T21:01:31+00:00</time>
      </trkpt>
      <trkpt lat="44.11471" lon="3.09471">
        <ele>502</ele>
        <time>2026-08-21T21:01:34+00:00</time>
      </trkpt>
      <trkpt lat="44.11471" lon="3.09457">
        <ele>500</ele>
        <time>2026-08-21T21:01:37+00:00</time>
      </trkpt>
      <trkpt lat="44.11472" lon="3.09452">
        <ele>500</ele>
        <time>2026-08-21T21:01:40+00:00</time>
      </trkpt>
      <trkpt lat="44.11482" lon="3.09421">
        <ele>496</ele>
        <time>2026-08-21T21:01:43+00:00</time>
      </trkpt>
      <trkpt lat="44.11482" lon="3.09417">
        <ele>494</ele>
        <time>2026-08-21T21:01:46+00:00</time>
      </trkpt>
      <trkpt lat="44.1148" lon="3.09413">
        <ele>494</ele>
        <time>2026-08-21T21:01:49+00:00</time>
      </trkpt>
      <trkpt lat="44.11478" lon="3.0941">
        <ele>493</ele>
        <time>2026-08-21T21:01:52+00:00</time>
      </trkpt>
      <trkpt lat="44.11472" lon="3.09405">
        <ele>492</ele>
        <time>2026-08-21T21:01:55+00:00</time>
      </trkpt>
      <trkpt lat="44.11462" lon="3.09401">
        <ele>491</ele>
        <time>2026-08-21T21:01:58+00:00</time>
      </trkpt>
      <trkpt lat="44.11452" lon="3.09393">
        <ele>489</ele>
        <time>2026-08-21T21:02:01+00:00</time>
      </trkpt>
      <trkpt lat="44.11449" lon="3.09392">
        <ele>488</ele>
        <time>2026-08-21T21:02:04+00:00</time>
      </trkpt>
      <trkpt lat="44.11443" lon="3.09388">
        <ele>486</ele>
        <time>2026-08-21T21:02:07+00:00</time>
      </trkpt>
      <trkpt lat="44.11441" lon="3.09386">
        <ele>486</ele>
        <time>2026-08-21T21:02:10+00:00</time>
      </trkpt>
      <trkpt lat="44.1144" lon="3.09383">
        <ele>485</ele>
        <time>2026-08-21T21:02:13+00:00</time>
      </trkpt>
      <trkpt lat="44.11432" lon="3.09372">
        <ele>483</ele>
        <time>2026-08-21T21:02:16+00:00</time>
      </trkpt>
      <trkpt lat="44.11431" lon="3.09368">
        <ele>481</ele>
        <time>2026-08-21T21:02:19+00:00</time>
      </trkpt>
      <trkpt lat="44.1143" lon="3.09366">
        <ele>481</ele>
        <time>2026-08-21T21:02:22+00:00</time>
      </trkpt>
      <trkpt lat="44.11421" lon="3.0936">
        <ele>480</ele>
        <time>2026-08-21T21:02:25+00:00</time>
      </trkpt>
      <trkpt lat="44.1142" lon="3.09357">
        <ele>480</ele>
        <time>2026-08-21T21:02:28+00:00</time>
      </trkpt>
      <trkpt lat="44.11421" lon="3.09354">
        <ele>480</ele>
        <time>2026-08-21T21:02:31+00:00</time>
      </trkpt>
      <trkpt lat="44.11423" lon="3.09352">
        <ele>480</ele>
        <time>2026-08-21T21:02:34+00:00</time>
      </trkpt>
      <trkpt lat="44.11426" lon="3.09351">
        <ele>480</ele>
        <time>2026-08-21T21:02:37+00:00</time>
      </trkpt>
      <trkpt lat="44.11429" lon="3.09351">
        <ele>480</ele>
        <time>2026-08-21T21:02:40+00:00</time>
      </trkpt>
      <trkpt lat="44.11454" lon="3.09353">
        <ele>477</ele>
        <time>2026-08-21T21:02:43+00:00</time>
      </trkpt>
      <trkpt lat="44.11474" lon="3.09348">
        <ele>473</ele>
        <time>2026-08-21T21:02:46+00:00</time>
      </trkpt>
      <trkpt lat="44.11508" lon="3.09344">
        <ele>473</ele>
        <time>2026-08-21T21:02:49+00:00</time>
      </trkpt>
      <trkpt lat="44.11519" lon="3.09341">
        <ele>472</ele>
        <time>2026-08-21T21:02:52+00:00</time>
      </trkpt>
      <trkpt lat="44.11545" lon="3.09333">
        <ele>470</ele>
        <time>2026-08-21T21:02:55+00:00</time>
      </trkpt>
      <trkpt lat="44.11559" lon="3.09329">
        <ele>466</ele>
        <time>2026-08-21T21:02:58+00:00</time>
      </trkpt>
      <trkpt lat="44.11571" lon="3.09325">
        <ele>466</ele>
        <time>2026-08-21T21:03:01+00:00</time>
      </trkpt>
      <trkpt lat="44.11583" lon="3.09321">
        <ele>466</ele>
        <time>2026-08-21T21:03:04+00:00</time>
      </trkpt>
      <trkpt lat="44.11602" lon="3.0932">
        <ele>463</ele>
        <time>2026-08-21T21:03:07+00:00</time>
      </trkpt>
      <trkpt lat="44.11618" lon="3.0932">
        <ele>464</ele>
        <time>2026-08-21T21:03:10+00:00</time>
      </trkpt>
      <trkpt lat="44.11621" lon="3.09319">
        <ele>462</ele>
        <time>2026-08-21T21:03:13+00:00</time>
      </trkpt>
      <trkpt lat="44.11623" lon="3.09318">
        <ele>462</ele>
        <time>2026-08-21T21:03:16+00:00</time>
      </trkpt>
      <trkpt lat="44.11626" lon="3.09314">
        <ele>462</ele>
        <time>2026-08-21T21:03:19+00:00</time>
      </trkpt>
      <trkpt lat="44.11627" lon="3.0931">
        <ele>462</ele>
        <time>2026-08-21T21:03:22+00:00</time>
      </trkpt>
      <trkpt lat="44.11625" lon="3.09301">
        <ele>460</ele>
        <time>2026-08-21T21:03:25+00:00</time>
      </trkpt>
      <trkpt lat="44.11624" lon="3.09296">
        <ele>459</ele>
        <time>2026-08-21T21:03:28+00:00</time>
      </trkpt>
      <trkpt lat="44.11617" lon="3.09282">
        <ele>458</ele>
        <time>2026-08-21T21:03:31+00:00</time>
      </trkpt>
      <trkpt lat="44.11615" lon="3.09276">
        <ele>457</ele>
        <time>2026-08-21T21:03:34+00:00</time>
      </trkpt>
      <trkpt lat="44.11611" lon="3.09267">
        <ele>456</ele>
        <time>2026-08-21T21:03:37+00:00</time>
      </trkpt>
      <trkpt lat="44.11607" lon="3.0926">
        <ele>455</ele>
        <time>2026-08-21T21:03:40+00:00</time>
      </trkpt>
      <trkpt lat="44.11601" lon="3.09253">
        <ele>455</ele>
        <time>2026-08-21T21:03:43+00:00</time>
      </trkpt>
      <trkpt lat="44.11588" lon="3.09241">
        <ele>453</ele>
        <time>2026-08-21T21:03:46+00:00</time>
      </trkpt>
      <trkpt lat="44.11583" lon="3.09233">
        <ele>452</ele>
        <time>2026-08-21T21:03:49+00:00</time>
      </trkpt>
      <trkpt lat="44.11569" lon="3.09223">
        <ele>448</ele>
        <time>2026-08-21T21:03:52+00:00</time>
      </trkpt>
      <trkpt lat="44.11566" lon="3.09221">
        <ele>448</ele>
        <time>2026-08-21T21:03:55+00:00</time>
      </trkpt>
      <trkpt lat="44.11562" lon="3.0922">
        <ele>448</ele>
        <time>2026-08-21T21:03:58+00:00</time>
      </trkpt>
      <trkpt lat="44.1155" lon="3.09218">
        <ele>447</ele>
        <time>2026-08-21T21:04:01+00:00</time>
      </trkpt>
      <trkpt lat="44.11547" lon="3.09217">
        <ele>446</ele>
        <time>2026-08-21T21:04:04+00:00</time>
      </trkpt>
      <trkpt lat="44.11544" lon="3.09214">
        <ele>446</ele>
        <time>2026-08-21T21:04:07+00:00</time>
      </trkpt>
      <trkpt lat="44.11541" lon="3.0921">
        <ele>446</ele>
        <time>2026-08-21T21:04:10+00:00</time>
      </trkpt>
      <trkpt lat="44.1154" lon="3.09206">
        <ele>444</ele>
        <time>2026-08-21T21:04:13+00:00</time>
      </trkpt>
      <trkpt lat="44.11546" lon="3.09194">
        <ele>442</ele>
        <time>2026-08-21T21:04:16+00:00</time>
      </trkpt>
      <trkpt lat="44.11546" lon="3.0919">
        <ele>440</ele>
        <time>2026-08-21T21:04:19+00:00</time>
      </trkpt>
      <trkpt lat="44.11544" lon="3.09187">
        <ele>440</ele>
        <time>2026-08-21T21:04:22+00:00</time>
      </trkpt>
      <trkpt lat="44.11534" lon="3.0918">
        <ele>440</ele>
        <time>2026-08-21T21:04:25+00:00</time>
      </trkpt>
      <trkpt lat="44.11528" lon="3.09174">
        <ele>437</ele>
        <time>2026-08-21T21:04:28+00:00</time>
      </trkpt>
      <trkpt lat="44.11524" lon="3.09172">
        <ele>437</ele>
        <time>2026-08-21T21:04:31+00:00</time>
      </trkpt>
      <trkpt lat="44.11518" lon="3.09167">
        <ele>435</ele>
        <time>2026-08-21T21:04:34+00:00</time>
      </trkpt>
      <trkpt lat="44.11514" lon="3.09163">
        <ele>435</ele>
        <time>2026-08-21T21:04:37+00:00</time>
      </trkpt>
      <trkpt lat="44.11511" lon="3.09161">
        <ele>435</ele>
        <time>2026-08-21T21:04:40+00:00</time>
      </trkpt>
      <trkpt lat="44.11502" lon="3.09153">
        <ele>432</ele>
        <time>2026-08-21T21:04:43+00:00</time>
      </trkpt>
      <trkpt lat="44.11492" lon="3.09137">
        <ele>429</ele>
        <time>2026-08-21T21:04:46+00:00</time>
      </trkpt>
      <trkpt lat="44.11483" lon="3.0912">
        <ele>426</ele>
        <time>2026-08-21T21:04:49+00:00</time>
      </trkpt>
      <trkpt lat="44.11475" lon="3.09109">
        <ele>425</ele>
        <time>2026-08-21T21:04:52+00:00</time>
      </trkpt>
      <trkpt lat="44.11469" lon="3.09104">
        <ele>430</ele>
        <time>2026-08-21T21:04:55+00:00</time>
      </trkpt>
      <trkpt lat="44.11461" lon="3.09094">
        <ele>425</ele>
        <time>2026-08-21T21:04:58+00:00</time>
      </trkpt>
      <trkpt lat="44.11456" lon="3.09086">
        <ele>421</ele>
        <time>2026-08-21T21:05:01+00:00</time>
      </trkpt>
      <trkpt lat="44.11443" lon="3.09074">
        <ele>419</ele>
        <time>2026-08-21T21:05:04+00:00</time>
      </trkpt>
      <trkpt lat="44.11434" lon="3.09064">
        <ele>419</ele>
        <time>2026-08-21T21:05:07+00:00</time>
      </trkpt>
      <trkpt lat="44.11431" lon="3.0906">
        <ele>414</ele>
        <time>2026-08-21T21:05:10+00:00</time>
      </trkpt>
      <trkpt lat="44.11427" lon="3.09051">
        <ele>417</ele>
        <time>2026-08-21T21:05:13+00:00</time>
      </trkpt>
      <trkpt lat="44.11423" lon="3.09047">
        <ele>413</ele>
        <time>2026-08-21T21:05:16+00:00</time>
      </trkpt>
      <trkpt lat="44.11419" lon="3.09038">
        <ele>414</ele>
        <time>2026-08-21T21:05:19+00:00</time>
      </trkpt>
      <trkpt lat="44.11411" lon="3.09014">
        <ele>409</ele>
        <time>2026-08-21T21:05:22+00:00</time>
      </trkpt>
      <trkpt lat="44.11411" lon="3.09008">
        <ele>408</ele>
        <time>2026-08-21T21:05:25+00:00</time>
      </trkpt>
      <trkpt lat="44.11411" lon="3.09">
        <ele>403</ele>
        <time>2026-08-21T21:05:28+00:00</time>
      </trkpt>
      <trkpt lat="44.11409" lon="3.08996">
        <ele>407</ele>
        <time>2026-08-21T21:05:31+00:00</time>
      </trkpt>
      <trkpt lat="44.11401" lon="3.08982">
        <ele>404</ele>
        <time>2026-08-21T21:05:34+00:00</time>
      </trkpt>
      <trkpt lat="44.11397" lon="3.08969">
        <ele>399</ele>
        <time>2026-08-21T21:05:37+00:00</time>
      </trkpt>
      <trkpt lat="44.11391" lon="3.08959">
        <ele>397</ele>
        <time>2026-08-21T21:05:40+00:00</time>
      </trkpt>
      <trkpt lat="44.11391" lon="3.08955">
        <ele>397</ele>
        <time>2026-08-21T21:05:43+00:00</time>
      </trkpt>
      <trkpt lat="44.11391" lon="3.08951">
        <ele>397</ele>
        <time>2026-08-21T21:05:46+00:00</time>
      </trkpt>
      <trkpt lat="44.11393" lon="3.0895">
        <ele>395</ele>
        <time>2026-08-21T21:05:49+00:00</time>
      </trkpt>
      <trkpt lat="44.11399" lon="3.08949">
        <ele>395</ele>
        <time>2026-08-21T21:05:52+00:00</time>
      </trkpt>
      <trkpt lat="44.11403" lon="3.08947">
        <ele>394</ele>
        <time>2026-08-21T21:05:55+00:00</time>
      </trkpt>
      <trkpt lat="44.11406" lon="3.08944">
        <ele>394</ele>
        <time>2026-08-21T21:05:58+00:00</time>
      </trkpt>
      <trkpt lat="44.11408" lon="3.08937">
        <ele>392</ele>
        <time>2026-08-21T21:06:01+00:00</time>
      </trkpt>
      <trkpt lat="44.1141" lon="3.08934">
        <ele>392</ele>
        <time>2026-08-21T21:06:04+00:00</time>
      </trkpt>
      <trkpt lat="44.11415" lon="3.08933">
        <ele>391</ele>
        <time>2026-08-21T21:06:07+00:00</time>
      </trkpt>
      <trkpt lat="44.11418" lon="3.08931">
        <ele>391</ele>
        <time>2026-08-21T21:06:10+00:00</time>
      </trkpt>
      <trkpt lat="44.11419" lon="3.0893">
        <ele>389</ele>
        <time>2026-08-21T21:06:13+00:00</time>
      </trkpt>
      <trkpt lat="44.1142" lon="3.08927">
        <ele>388</ele>
        <time>2026-08-21T21:06:16+00:00</time>
      </trkpt>
      <trkpt lat="44.1142" lon="3.08921">
        <ele>388</ele>
        <time>2026-08-21T21:06:19+00:00</time>
      </trkpt>
      <trkpt lat="44.11421" lon="3.08917">
        <ele>386</ele>
        <time>2026-08-21T21:06:22+00:00</time>
      </trkpt>
      <trkpt lat="44.11424" lon="3.08914">
        <ele>386</ele>
        <time>2026-08-21T21:06:25+00:00</time>
      </trkpt>
      <trkpt lat="44.11427" lon="3.08912">
        <ele>386</ele>
        <time>2026-08-21T21:06:28+00:00</time>
      </trkpt>
      <trkpt lat="44.11431" lon="3.08911">
        <ele>385</ele>
        <time>2026-08-21T21:06:31+00:00</time>
      </trkpt>
      <trkpt lat="44.11447" lon="3.08911">
        <ele>387</ele>
        <time>2026-08-21T21:06:34+00:00</time>
      </trkpt>
      <trkpt lat="44.11457" lon="3.08913">
        <ele>384</ele>
        <time>2026-08-21T21:06:37+00:00</time>
      </trkpt>
      <trkpt lat="44.1146" lon="3.08914">
        <ele>384</ele>
        <time>2026-08-21T21:06:40+00:00</time>
      </trkpt>
      <trkpt lat="44.11465" lon="3.08918">
        <ele>384</ele>
        <time>2026-08-21T21:06:43+00:00</time>
      </trkpt>
      <trkpt lat="44.11468" lon="3.08923">
        <ele>389</ele>
        <time>2026-08-21T21:06:46+00:00</time>
      </trkpt>
      <trkpt lat="44.11469" lon="3.08926">
        <ele>386</ele>
        <time>2026-08-21T21:06:49+00:00</time>
      </trkpt>
      <trkpt lat="44.11468" lon="3.08937">
        <ele>387</ele>
        <time>2026-08-21T21:06:52+00:00</time>
      </trkpt>
      <trkpt lat="44.11466" lon="3.08946">
        <ele>391</ele>
        <time>2026-08-21T21:06:55+00:00</time>
      </trkpt>
      <trkpt lat="44.11462" lon="3.0895">
        <ele>391</ele>
        <time>2026-08-21T21:06:58+00:00</time>
      </trkpt>
      <trkpt lat="44.11454" lon="3.0895">
        <ele>393</ele>
        <time>2026-08-21T21:07:01+00:00</time>
      </trkpt>
      <trkpt lat="44.11441" lon="3.08949">
        <ele>393</ele>
        <time>2026-08-21T21:07:04+00:00</time>
      </trkpt>
      <trkpt lat="44.11434" lon="3.08948">
        <ele>394</ele>
        <time>2026-08-21T21:07:07+00:00</time>
      </trkpt>
      <trkpt lat="44.11432" lon="3.08948">
        <ele>394</ele>
        <time>2026-08-21T21:07:10+00:00</time>
      </trkpt>
      <trkpt lat="44.11429" lon="3.08949">
        <ele>395</ele>
        <time>2026-08-21T21:07:13+00:00</time>
      </trkpt>
    </trkseg>
  </trk>
</gpx>
