<?xml version="1.0" encoding="UTF-8"?>
<gpx xmlns="http://www.topografix.com/GPX/1/1" xmlns:xsi="http://www.w3.org/2001/XMLSchema-instance" version="1.1" creator="Trace de Trail" xsi:schemaLocation="http://www.topografix.com/GPX/1/1 http://www.topografix.com/GPX/1/1/gpx.xsd">
  <metadata>
    <name>HOKA LES TEMPLIERS 2025 - Marathon des Causses</name>
    <desc>Parcours créé sur Trace de Trail</desc>
    <link href="https://tracedetrail.fr/fr/trace/278597">
      <text>Cartographie du parcours</text>
    </link>
    <time>2026-08-21T15:13:07+00:00</time>
  </metadata>
  <trk>
    <name>HOKA LES TEMPLIERS 2025 - Marathon des Causses sur TraceDeTrail.fr</name>
    <src>Trace de Trail</src>
    <trkseg>
      <trkpt lat="44.11367" lon="3.08709">
        <ele>360</ele>
        <time>2026-08-21T15:13:07+00:00</time>
      </trkpt>
      <trkpt lat="44.11378" lon="3.08691">
        <ele>359</ele>
        <time>2026-08-21T15:13:10+00:00</time>
      </trkpt>
      <trkpt lat="44.11387" lon="3.0867">
        <ele>360</ele>
        <time>2026-08-21T15:13:13+00:00</time>
      </trkpt>
      <trkpt lat="44.11395" lon="3.08665">
        <ele>360</ele>
        <time>2026-08-21T15:13:16+00:00</time>
      </trkpt>
      <trkpt lat="44.11405" lon="3.08665">
        <ele>360</ele>
        <time>2026-08-21T15:13:19+00:00</time>
      </trkpt>
      <trkpt lat="44.1141" lon="3.08667">
        <ele>360</ele>
        <time>2026-08-21T15:13:22+00:00</time>
      </trkpt>
      <trkpt lat="44.11441" lon="3.08678">
        <ele>360</ele>
        <time>2026-08-21T15:13:25+00:00</time>
      </trkpt>
      <trkpt lat="44.11465" lon="3.08688">
        <ele>360</ele>
        <time>2026-08-21T15:13:28+00:00</time>
      </trkpt>
      <trkpt lat="44.11483" lon="3.08697">
        <ele>360</ele>
        <time>2026-08-21T15:13:31+00:00</time>
      </trkpt>
      <trkpt lat="44.11505" lon="3.08709">
        <ele>360</ele>
        <time>2026-08-21T15:13:34+00:00</time>
      </trkpt>
      <trkpt lat="44.11543" lon="3.08732">
        <ele>360</ele>
        <time>2026-08-21T15:13:37+00:00</time>
      </trkpt>
      <trkpt lat="44.11567" lon="3.08747">
        <ele>360</ele>
        <time>2026-08-21T15:13:40+00:00</time>
      </trkpt>
      <trkpt lat="44.11593" lon="3.08763">
        <ele>360</ele>
        <time>2026-08-21T15:13:43+00:00</time>
      </trkpt>
      <trkpt lat="44.11626" lon="3.08783">
        <ele>360</ele>
        <time>2026-08-21T15:13:46+00:00</time>
      </trkpt>
      <trkpt lat="44.11668" lon="3.08811">
        <ele>360</ele>
        <time>2026-08-21T15:13:49+00:00</time>
      </trkpt>
      <trkpt lat="44.11685" lon="3.08821">
        <ele>360</ele>
        <time>2026-08-21T15:13:52+00:00</time>
      </trkpt>
      <trkpt lat="44.11702" lon="3.08832">
        <ele>360</ele>
        <time>2026-08-21T15:13:55+00:00</time>
      </trkpt>
      <trkpt lat="44.1171" lon="3.08837">
        <ele>360</ele>
        <time>2026-08-21T15:13:58+00:00</time>
      </trkpt>
      <trkpt lat="44.11727" lon="3.08851">
        <ele>360</ele>
        <time>2026-08-21T15:14:01+00:00</time>
      </trkpt>
      <trkpt lat="44.11743" lon="3.08864">
        <ele>360</ele>
        <time>2026-08-21T15:14:04+00:00</time>
      </trkpt>
      <trkpt lat="44.1175" lon="3.08872">
        <ele>360</ele>
        <time>2026-08-21T15:14:07+00:00</time>
      </trkpt>
      <trkpt lat="44.11766" lon="3.08889">
        <ele>360</ele>
        <time>2026-08-21T15:14:10+00:00</time>
      </trkpt>
      <trkpt lat="44.11786" lon="3.08915">
        <ele>360</ele>
        <time>2026-08-21T15:14:13+00:00</time>
      </trkpt>
      <trkpt lat="44.11801" lon="3.08937">
        <ele>360</ele>
        <time>2026-08-21T15:14:16+00:00</time>
      </trkpt>
      <trkpt lat="44.11825" lon="3.08967">
        <ele>360</ele>
        <time>2026-08-21T15:14:19+00:00</time>
      </trkpt>
      <trkpt lat="44.11844" lon="3.08994">
        <ele>360</ele>
        <time>2026-08-21T15:14:22+00:00</time>
      </trkpt>
      <trkpt lat="44.11869" lon="3.09031">
        <ele>361</ele>
        <time>2026-08-21T15:14:25+00:00</time>
      </trkpt>
      <trkpt lat="44.11887" lon="3.09055">
        <ele>361</ele>
        <time>2026-08-21T15:14:28+00:00</time>
      </trkpt>
      <trkpt lat="44.11908" lon="3.09083">
        <ele>361</ele>
        <time>2026-08-21T15:14:31+00:00</time>
      </trkpt>
      <trkpt lat="44.11932" lon="3.0912">
        <ele>361</ele>
        <time>2026-08-21T15:14:34+00:00</time>
      </trkpt>
      <trkpt lat="44.11952" lon="3.09145">
        <ele>361</ele>
        <time>2026-08-21T15:14:37+00:00</time>
      </trkpt>
      <trkpt lat="44.11971" lon="3.09169">
        <ele>362</ele>
        <time>2026-08-21T15:14:40+00:00</time>
      </trkpt>
      <trkpt lat="44.11977" lon="3.09178">
        <ele>362</ele>
        <time>2026-08-21T15:14:43+00:00</time>
      </trkpt>
      <trkpt lat="44.11983" lon="3.09188">
        <ele>362</ele>
        <time>2026-08-21T15:14:46+00:00</time>
      </trkpt>
      <trkpt lat="44.11989" lon="3.09199">
        <ele>362</ele>
        <time>2026-08-21T15:14:49+00:00</time>
      </trkpt>
      <trkpt lat="44.12006" lon="3.0924">
        <ele>363</ele>
        <time>2026-08-21T15:14:52+00:00</time>
      </trkpt>
      <trkpt lat="44.12019" lon="3.09264">
        <ele>363</ele>
        <time>2026-08-21T15:14:55+00:00</time>
      </trkpt>
      <trkpt lat="44.12028" lon="3.09278">
        <ele>364</ele>
        <time>2026-08-21T15:14:58+00:00</time>
      </trkpt>
      <trkpt lat="44.12043" lon="3.09298">
        <ele>364</ele>
        <time>2026-08-21T15:15:01+00:00</time>
      </trkpt>
      <trkpt lat="44.12061" lon="3.09323">
        <ele>364</ele>
        <time>2026-08-21T15:15:04+00:00</time>
      </trkpt>
      <trkpt lat="44.12067" lon="3.09331">
        <ele>366</ele>
        <time>2026-08-21T15:15:07+00:00</time>
      </trkpt>
      <trkpt lat="44.1208" lon="3.09354">
        <ele>364</ele>
        <time>2026-08-21T15:15:10+00:00</time>
      </trkpt>
      <trkpt lat="44.12095" lon="3.09379">
        <ele>364</ele>
        <time>2026-08-21T15:15:13+00:00</time>
      </trkpt>
      <trkpt lat="44.12116" lon="3.09419">
        <ele>364</ele>
        <time>2026-08-21T15:15:16+00:00</time>
      </trkpt>
      <trkpt lat="44.12134" lon="3.09448">
        <ele>364</ele>
        <time>2026-08-21T15:15:19+00:00</time>
      </trkpt>
      <trkpt lat="44.12161" lon="3.09498">
        <ele>364</ele>
        <time>2026-08-21T15:15:22+00:00</time>
      </trkpt>
      <trkpt lat="44.12173" lon="3.09517">
        <ele>364</ele>
        <time>2026-08-21T15:15:25+00:00</time>
      </trkpt>
      <trkpt lat="44.12192" lon="3.09544">
        <ele>365</ele>
        <time>2026-08-21T15:15:28+00:00</time>
      </trkpt>
      <trkpt lat="44.12226" lon="3.09586">
        <ele>365</ele>
        <time>2026-08-21T15:15:31+00:00</time>
      </trkpt>
      <trkpt lat="44.12247" lon="3.0961">
        <ele>365</ele>
        <time>2026-08-21T15:15:34+00:00</time>
      </trkpt>
      <trkpt lat="44.12275" lon="3.09643">
        <ele>365</ele>
        <time>2026-08-21T15:15:37+00:00</time>
      </trkpt>
      <trkpt lat="44.12294" lon="3.09667">
        <ele>365</ele>
        <time>2026-08-21T15:15:40+00:00</time>
      </trkpt>
      <trkpt lat="44.12316" lon="3.09694">
        <ele>365</ele>
        <time>2026-08-21T15:15:43+00:00</time>
      </trkpt>
      <trkpt lat="44.12329" lon="3.09711">
        <ele>365</ele>
        <time>2026-08-21T15:15:46+00:00</time>
      </trkpt>
      <trkpt lat="44.12341" lon="3.0973">
        <ele>365</ele>
        <time>2026-08-21T15:15:49+00:00</time>
      </trkpt>
      <trkpt lat="44.12352" lon="3.0975">
        <ele>364</ele>
        <time>2026-08-21T15:15:52+00:00</time>
      </trkpt>
      <trkpt lat="44.12362" lon="3.09771">
        <ele>366</ele>
        <time>2026-08-21T15:15:55+00:00</time>
      </trkpt>
      <trkpt lat="44.12371" lon="3.09793">
        <ele>365</ele>
        <time>2026-08-21T15:15:58+00:00</time>
      </trkpt>
      <trkpt lat="44.12376" lon="3.09805">
        <ele>366</ele>
        <time>2026-08-21T15:16:01+00:00</time>
      </trkpt>
      <trkpt lat="44.12387" lon="3.0984">
        <ele>366</ele>
        <time>2026-08-21T15:16:04+00:00</time>
      </trkpt>
      <trkpt lat="44.12404" lon="3.09899">
        <ele>366</ele>
        <time>2026-08-21T15:16:07+00:00</time>
      </trkpt>
      <trkpt lat="44.12413" lon="3.09921">
        <ele>366</ele>
        <time>2026-08-21T15:16:10+00:00</time>
      </trkpt>
      <trkpt lat="44.12429" lon="3.09953">
        <ele>366</ele>
        <time>2026-08-21T15:16:13+00:00</time>
      </trkpt>
      <trkpt lat="44.1244" lon="3.09973">
        <ele>366</ele>
        <time>2026-08-21T15:16:16+00:00</time>
      </trkpt>
      <trkpt lat="44.12453" lon="3.0999">
        <ele>366</ele>
        <time>2026-08-21T15:16:19+00:00</time>
      </trkpt>
      <trkpt lat="44.1246" lon="3.09998">
        <ele>366</ele>
        <time>2026-08-21T15:16:22+00:00</time>
      </trkpt>
      <trkpt lat="44.12468" lon="3.10004">
        <ele>366</ele>
        <time>2026-08-21T15:16:25+00:00</time>
      </trkpt>
      <trkpt lat="44.12492" lon="3.10021">
        <ele>366</ele>
        <time>2026-08-21T15:16:28+00:00</time>
      </trkpt>
      <trkpt lat="44.12526" lon="3.1004">
        <ele>365</ele>
        <time>2026-08-21T15:16:31+00:00</time>
      </trkpt>
      <trkpt lat="44.12534" lon="3.10044">
        <ele>364</ele>
        <time>2026-08-21T15:16:34+00:00</time>
      </trkpt>
      <trkpt lat="44.12552" lon="3.1005">
        <ele>365</ele>
        <time>2026-08-21T15:16:37+00:00</time>
      </trkpt>
      <trkpt lat="44.1258" lon="3.10058">
        <ele>365</ele>
        <time>2026-08-21T15:16:40+00:00</time>
      </trkpt>
      <trkpt lat="44.12614" lon="3.10065">
        <ele>365</ele>
        <time>2026-08-21T15:16:43+00:00</time>
      </trkpt>
      <trkpt lat="44.12651" lon="3.10064">
        <ele>366</ele>
        <time>2026-08-21T15:16:46+00:00</time>
      </trkpt>
      <trkpt lat="44.12678" lon="3.10061">
        <ele>366</ele>
        <time>2026-08-21T15:16:49+00:00</time>
      </trkpt>
      <trkpt lat="44.12687" lon="3.10061">
        <ele>366</ele>
        <time>2026-08-21T15:16:52+00:00</time>
      </trkpt>
      <trkpt lat="44.1271" lon="3.10061">
        <ele>367</ele>
        <time>2026-08-21T15:16:55+00:00</time>
      </trkpt>
      <trkpt lat="44.1274" lon="3.10061">
        <ele>367</ele>
        <time>2026-08-21T15:16:58+00:00</time>
      </trkpt>
      <trkpt lat="44.12766" lon="3.10059">
        <ele>367</ele>
        <time>2026-08-21T15:17:01+00:00</time>
      </trkpt>
      <trkpt lat="44.12789" lon="3.1006">
        <ele>367</ele>
        <time>2026-08-21T15:17:04+00:00</time>
      </trkpt>
      <trkpt lat="44.12814" lon="3.10054">
        <ele>368</ele>
        <time>2026-08-21T15:17:07+00:00</time>
      </trkpt>
      <trkpt lat="44.12839" lon="3.10048">
        <ele>369</ele>
        <time>2026-08-21T15:17:10+00:00</time>
      </trkpt>
      <trkpt lat="44.12871" lon="3.10044">
        <ele>378</ele>
        <time>2026-08-21T15:17:13+00:00</time>
      </trkpt>
      <trkpt lat="44.12877" lon="3.10042">
        <ele>378</ele>
        <time>2026-08-21T15:17:16+00:00</time>
      </trkpt>
      <trkpt lat="44.129" lon="3.10032">
        <ele>377</ele>
        <time>2026-08-21T15:17:19+00:00</time>
      </trkpt>
      <trkpt lat="44.12916" lon="3.10026">
        <ele>376</ele>
        <time>2026-08-21T15:17:22+00:00</time>
      </trkpt>
      <trkpt lat="44.12925" lon="3.10025">
        <ele>377</ele>
        <time>2026-08-21T15:17:25+00:00</time>
      </trkpt>
      <trkpt lat="44.12933" lon="3.10025">
        <ele>380</ele>
        <time>2026-08-21T15:17:28+00:00</time>
      </trkpt>
      <trkpt lat="44.12941" lon="3.10028">
        <ele>380</ele>
        <time>2026-08-21T15:17:31+00:00</time>
      </trkpt>
      <trkpt lat="44.12947" lon="3.10035">
        <ele>381</ele>
        <time>2026-08-21T15:17:34+00:00</time>
      </trkpt>
      <trkpt lat="44.1295" lon="3.10044">
        <ele>382</ele>
        <time>2026-08-21T15:17:37+00:00</time>
      </trkpt>
      <trkpt lat="44.12951" lon="3.10054">
        <ele>383</ele>
        <time>2026-08-21T15:17:40+00:00</time>
      </trkpt>
      <trkpt lat="44.1295" lon="3.10063">
        <ele>385</ele>
        <time>2026-08-21T15:17:43+00:00</time>
      </trkpt>
      <trkpt lat="44.12947" lon="3.10072">
        <ele>386</ele>
        <time>2026-08-21T15:17:46+00:00</time>
      </trkpt>
      <trkpt lat="44.12942" lon="3.10078">
        <ele>386</ele>
        <time>2026-08-21T15:17:49+00:00</time>
      </trkpt>
      <trkpt lat="44.12936" lon="3.10083">
        <ele>387</ele>
        <time>2026-08-21T15:17:52+00:00</time>
      </trkpt>
      <trkpt lat="44.12913" lon="3.10096">
        <ele>390</ele>
        <time>2026-08-21T15:17:55+00:00</time>
      </trkpt>
      <trkpt lat="44.12903" lon="3.10104">
        <ele>392</ele>
        <time>2026-08-21T15:17:58+00:00</time>
      </trkpt>
      <trkpt lat="44.12899" lon="3.10108">
        <ele>393</ele>
        <time>2026-08-21T15:18:01+00:00</time>
      </trkpt>
      <trkpt lat="44.12897" lon="3.10113">
        <ele>393</ele>
        <time>2026-08-21T15:18:04+00:00</time>
      </trkpt>
      <trkpt lat="44.12895" lon="3.1012">
        <ele>393</ele>
        <time>2026-08-21T15:18:07+00:00</time>
      </trkpt>
      <trkpt lat="44.12894" lon="3.10127">
        <ele>395</ele>
        <time>2026-08-21T15:18:10+00:00</time>
      </trkpt>
      <trkpt lat="44.12896" lon="3.10135">
        <ele>395</ele>
        <time>2026-08-21T15:18:13+00:00</time>
      </trkpt>
      <trkpt lat="44.12899" lon="3.10142">
        <ele>396</ele>
        <time>2026-08-21T15:18:16+00:00</time>
      </trkpt>
      <trkpt lat="44.12912" lon="3.10162">
        <ele>398</ele>
        <time>2026-08-21T15:18:19+00:00</time>
      </trkpt>
      <trkpt lat="44.12927" lon="3.10194">
        <ele>400</ele>
        <time>2026-08-21T15:18:22+00:00</time>
      </trkpt>
      <trkpt lat="44.12934" lon="3.10205">
        <ele>400</ele>
        <time>2026-08-21T15:18:25+00:00</time>
      </trkpt>
      <trkpt lat="44.12941" lon="3.10216">
        <ele>402</ele>
        <time>2026-08-21T15:18:28+00:00</time>
      </trkpt>
      <trkpt lat="44.12946" lon="3.10222">
        <ele>402</ele>
        <time>2026-08-21T15:18:31+00:00</time>
      </trkpt>
      <trkpt lat="44.12957" lon="3.1023">
        <ele>403</ele>
        <time>2026-08-21T15:18:34+00:00</time>
      </trkpt>
      <trkpt lat="44.12962" lon="3.10235">
        <ele>404</ele>
        <time>2026-08-21T15:18:37+00:00</time>
      </trkpt>
      <trkpt lat="44.12965" lon="3.10241">
        <ele>405</ele>
        <time>2026-08-21T15:18:40+00:00</time>
      </trkpt>
      <trkpt lat="44.12964" lon="3.10248">
        <ele>405</ele>
        <time>2026-08-21T15:18:43+00:00</time>
      </trkpt>
      <trkpt lat="44.12959" lon="3.10251">
        <ele>408</ele>
        <time>2026-08-21T15:18:46+00:00</time>
      </trkpt>
      <trkpt lat="44.12952" lon="3.10253">
        <ele>408</ele>
        <time>2026-08-21T15:18:49+00:00</time>
      </trkpt>
      <trkpt lat="44.12942" lon="3.10252">
        <ele>410</ele>
        <time>2026-08-21T15:18:52+00:00</time>
      </trkpt>
      <trkpt lat="44.12926" lon="3.10249">
        <ele>411</ele>
        <time>2026-08-21T15:18:55+00:00</time>
      </trkpt>
      <trkpt lat="44.12914" lon="3.10248">
        <ele>412</ele>
        <time>2026-08-21T15:18:58+00:00</time>
      </trkpt>
      <trkpt lat="44.12897" lon="3.10251">
        <ele>416</ele>
        <time>2026-08-21T15:19:01+00:00</time>
      </trkpt>
      <trkpt lat="44.12886" lon="3.10255">
        <ele>416</ele>
        <time>2026-08-21T15:19:04+00:00</time>
      </trkpt>
      <trkpt lat="44.12875" lon="3.1026">
        <ele>418</ele>
        <time>2026-08-21T15:19:07+00:00</time>
      </trkpt>
      <trkpt lat="44.12865" lon="3.10268">
        <ele>418</ele>
        <time>2026-08-21T15:19:10+00:00</time>
      </trkpt>
      <trkpt lat="44.1286" lon="3.10272">
        <ele>421</ele>
        <time>2026-08-21T15:19:13+00:00</time>
      </trkpt>
      <trkpt lat="44.12857" lon="3.10278">
        <ele>420</ele>
        <time>2026-08-21T15:19:16+00:00</time>
      </trkpt>
      <trkpt lat="44.12854" lon="3.10284">
        <ele>422</ele>
        <time>2026-08-21T15:19:19+00:00</time>
      </trkpt>
      <trkpt lat="44.12852" lon="3.10291">
        <ele>423</ele>
        <time>2026-08-21T15:19:22+00:00</time>
      </trkpt>
      <trkpt lat="44.12851" lon="3.10297">
        <ele>423</ele>
        <time>2026-08-21T15:19:25+00:00</time>
      </trkpt>
      <trkpt lat="44.12855" lon="3.10299">
        <ele>423</ele>
        <time>2026-08-21T15:19:28+00:00</time>
      </trkpt>
      <trkpt lat="44.1286" lon="3.10298">
        <ele>425</ele>
        <time>2026-08-21T15:19:31+00:00</time>
      </trkpt>
      <trkpt lat="44.1288" lon="3.10285">
        <ele>426</ele>
        <time>2026-08-21T15:19:34+00:00</time>
      </trkpt>
      <trkpt lat="44.12887" lon="3.10283">
        <ele>426</ele>
        <time>2026-08-21T15:19:37+00:00</time>
      </trkpt>
      <trkpt lat="44.12893" lon="3.10283">
        <ele>427</ele>
        <time>2026-08-21T15:19:40+00:00</time>
      </trkpt>
      <trkpt lat="44.12907" lon="3.10283">
        <ele>428</ele>
        <time>2026-08-21T15:19:43+00:00</time>
      </trkpt>
      <trkpt lat="44.12914" lon="3.10285">
        <ele>428</ele>
        <time>2026-08-21T15:19:46+00:00</time>
      </trkpt>
      <trkpt lat="44.12921" lon="3.10288">
        <ele>428</ele>
        <time>2026-08-21T15:19:49+00:00</time>
      </trkpt>
      <trkpt lat="44.12942" lon="3.10303">
        <ele>427</ele>
        <time>2026-08-21T15:19:52+00:00</time>
      </trkpt>
      <trkpt lat="44.12951" lon="3.10307">
        <ele>427</ele>
        <time>2026-08-21T15:19:55+00:00</time>
      </trkpt>
      <trkpt lat="44.12977" lon="3.10316">
        <ele>430</ele>
        <time>2026-08-21T15:19:58+00:00</time>
      </trkpt>
      <trkpt lat="44.13022" lon="3.10333">
        <ele>433</ele>
        <time>2026-08-21T15:20:01+00:00</time>
      </trkpt>
      <trkpt lat="44.13068" lon="3.10347">
        <ele>434</ele>
        <time>2026-08-21T15:20:04+00:00</time>
      </trkpt>
      <trkpt lat="44.13115" lon="3.10356">
        <ele>436</ele>
        <time>2026-08-21T15:20:07+00:00</time>
      </trkpt>
      <trkpt lat="44.13141" lon="3.1036">
        <ele>436</ele>
        <time>2026-08-21T15:20:10+00:00</time>
      </trkpt>
      <trkpt lat="44.13183" lon="3.10362">
        <ele>437</ele>
        <time>2026-08-21T15:20:13+00:00</time>
      </trkpt>
      <trkpt lat="44.13201" lon="3.1036">
        <ele>437</ele>
        <time>2026-08-21T15:20:16+00:00</time>
      </trkpt>
      <trkpt lat="44.13209" lon="3.10362">
        <ele>437</ele>
        <time>2026-08-21T15:20:19+00:00</time>
      </trkpt>
      <trkpt lat="44.13217" lon="3.10366">
        <ele>435</ele>
        <time>2026-08-21T15:20:22+00:00</time>
      </trkpt>
      <trkpt lat="44.1323" lon="3.10374">
        <ele>437</ele>
        <time>2026-08-21T15:20:25+00:00</time>
      </trkpt>
      <trkpt lat="44.13241" lon="3.1038">
        <ele>440</ele>
        <time>2026-08-21T15:20:28+00:00</time>
      </trkpt>
      <trkpt lat="44.1326" lon="3.10388">
        <ele>440</ele>
        <time>2026-08-21T15:20:31+00:00</time>
      </trkpt>
      <trkpt lat="44.13271" lon="3.10391">
        <ele>446</ele>
        <time>2026-08-21T15:20:34+00:00</time>
      </trkpt>
      <trkpt lat="44.13282" lon="3.10392">
        <ele>447</ele>
        <time>2026-08-21T15:20:37+00:00</time>
      </trkpt>
      <trkpt lat="44.13303" lon="3.10392">
        <ele>451</ele>
        <time>2026-08-21T15:20:40+00:00</time>
      </trkpt>
      <trkpt lat="44.13336" lon="3.10392">
        <ele>458</ele>
        <time>2026-08-21T15:20:43+00:00</time>
      </trkpt>
      <trkpt lat="44.13345" lon="3.10394">
        <ele>459</ele>
        <time>2026-08-21T15:20:46+00:00</time>
      </trkpt>
      <trkpt lat="44.13355" lon="3.10399">
        <ele>461</ele>
        <time>2026-08-21T15:20:49+00:00</time>
      </trkpt>
      <trkpt lat="44.13358" lon="3.10402">
        <ele>464</ele>
        <time>2026-08-21T15:20:52+00:00</time>
      </trkpt>
      <trkpt lat="44.13359" lon="3.10405">
        <ele>464</ele>
        <time>2026-08-21T15:20:55+00:00</time>
      </trkpt>
      <trkpt lat="44.13354" lon="3.10411">
        <ele>467</ele>
        <time>2026-08-21T15:20:58+00:00</time>
      </trkpt>
      <trkpt lat="44.13354" lon="3.10414">
        <ele>467</ele>
        <time>2026-08-21T15:21:01+00:00</time>
      </trkpt>
      <trkpt lat="44.13355" lon="3.10415">
        <ele>467</ele>
        <time>2026-08-21T15:21:04+00:00</time>
      </trkpt>
      <trkpt lat="44.13359" lon="3.10416">
        <ele>467</ele>
        <time>2026-08-21T15:21:07+00:00</time>
      </trkpt>
      <trkpt lat="44.13375" lon="3.10418">
        <ele>471</ele>
        <time>2026-08-21T15:21:10+00:00</time>
      </trkpt>
      <trkpt lat="44.13379" lon="3.10419">
        <ele>471</ele>
        <time>2026-08-21T15:21:13+00:00</time>
      </trkpt>
      <trkpt lat="44.13382" lon="3.10422">
        <ele>476</ele>
        <time>2026-08-21T15:21:16+00:00</time>
      </trkpt>
      <trkpt lat="44.13386" lon="3.10427">
        <ele>476</ele>
        <time>2026-08-21T15:21:19+00:00</time>
      </trkpt>
      <trkpt lat="44.13388" lon="3.10434">
        <ele>477</ele>
        <time>2026-08-21T15:21:22+00:00</time>
      </trkpt>
      <trkpt lat="44.13394" lon="3.10456">
        <ele>478</ele>
        <time>2026-08-21T15:21:25+00:00</time>
      </trkpt>
      <trkpt lat="44.13401" lon="3.10473">
        <ele>479</ele>
        <time>2026-08-21T15:21:28+00:00</time>
      </trkpt>
      <trkpt lat="44.13406" lon="3.10482">
        <ele>478</ele>
        <time>2026-08-21T15:21:31+00:00</time>
      </trkpt>
      <trkpt lat="44.13412" lon="3.10489">
        <ele>478</ele>
        <time>2026-08-21T15:21:34+00:00</time>
      </trkpt>
      <trkpt lat="44.13419" lon="3.10495">
        <ele>479</ele>
        <time>2026-08-21T15:21:37+00:00</time>
      </trkpt>
      <trkpt lat="44.1343" lon="3.10502">
        <ele>478</ele>
        <time>2026-08-21T15:21:40+00:00</time>
      </trkpt>
      <trkpt lat="44.1347" lon="3.10525">
        <ele>480</ele>
        <time>2026-08-21T15:21:43+00:00</time>
      </trkpt>
      <trkpt lat="44.13493" lon="3.10539">
        <ele>482</ele>
        <time>2026-08-21T15:21:46+00:00</time>
      </trkpt>
      <trkpt lat="44.13517" lon="3.10553">
        <ele>484</ele>
        <time>2026-08-21T15:21:49+00:00</time>
      </trkpt>
      <trkpt lat="44.13541" lon="3.10566">
        <ele>485</ele>
        <time>2026-08-21T15:21:52+00:00</time>
      </trkpt>
      <trkpt lat="44.13564" lon="3.10576">
        <ele>486</ele>
        <time>2026-08-21T15:21:55+00:00</time>
      </trkpt>
      <trkpt lat="44.13603" lon="3.10597">
        <ele>486</ele>
        <time>2026-08-21T15:21:58+00:00</time>
      </trkpt>
      <trkpt lat="44.13636" lon="3.10616">
        <ele>486</ele>
        <time>2026-08-21T15:22:01+00:00</time>
      </trkpt>
      <trkpt lat="44.13663" lon="3.10634">
        <ele>486</ele>
        <time>2026-08-21T15:22:04+00:00</time>
      </trkpt>
      <trkpt lat="44.13707" lon="3.10662">
        <ele>485</ele>
        <time>2026-08-21T15:22:07+00:00</time>
      </trkpt>
      <trkpt lat="44.13724" lon="3.10673">
        <ele>482</ele>
        <time>2026-08-21T15:22:10+00:00</time>
      </trkpt>
      <trkpt lat="44.13742" lon="3.10679">
        <ele>479</ele>
        <time>2026-08-21T15:22:13+00:00</time>
      </trkpt>
      <trkpt lat="44.13761" lon="3.10684">
        <ele>478</ele>
        <time>2026-08-21T15:22:16+00:00</time>
      </trkpt>
      <trkpt lat="44.13781" lon="3.10688">
        <ele>475</ele>
        <time>2026-08-21T15:22:19+00:00</time>
      </trkpt>
      <trkpt lat="44.13805" lon="3.10691">
        <ele>475</ele>
        <time>2026-08-21T15:22:22+00:00</time>
      </trkpt>
      <trkpt lat="44.13829" lon="3.10695">
        <ele>474</ele>
        <time>2026-08-21T15:22:25+00:00</time>
      </trkpt>
      <trkpt lat="44.13838" lon="3.10693">
        <ele>473</ele>
        <time>2026-08-21T15:22:28+00:00</time>
      </trkpt>
      <trkpt lat="44.13846" lon="3.10688">
        <ele>471</ele>
        <time>2026-08-21T15:22:31+00:00</time>
      </trkpt>
      <trkpt lat="44.13853" lon="3.10679">
        <ele>471</ele>
        <time>2026-08-21T15:22:34+00:00</time>
      </trkpt>
      <trkpt lat="44.13858" lon="3.10668">
        <ele>470</ele>
        <time>2026-08-21T15:22:37+00:00</time>
      </trkpt>
      <trkpt lat="44.13865" lon="3.1066">
        <ele>470</ele>
        <time>2026-08-21T15:22:40+00:00</time>
      </trkpt>
      <trkpt lat="44.13873" lon="3.10659">
        <ele>470</ele>
        <time>2026-08-21T15:22:43+00:00</time>
      </trkpt>
      <trkpt lat="44.13882" lon="3.10666">
        <ele>469</ele>
        <time>2026-08-21T15:22:46+00:00</time>
      </trkpt>
      <trkpt lat="44.13899" lon="3.10684">
        <ele>467</ele>
        <time>2026-08-21T15:22:49+00:00</time>
      </trkpt>
      <trkpt lat="44.13921" lon="3.10708">
        <ele>466</ele>
        <time>2026-08-21T15:22:52+00:00</time>
      </trkpt>
      <trkpt lat="44.13943" lon="3.10728">
        <ele>465</ele>
        <time>2026-08-21T15:22:55+00:00</time>
      </trkpt>
      <trkpt lat="44.13967" lon="3.10752">
        <ele>465</ele>
        <time>2026-08-21T15:22:58+00:00</time>
      </trkpt>
      <trkpt lat="44.13974" lon="3.1076">
        <ele>465</ele>
        <time>2026-08-21T15:23:01+00:00</time>
      </trkpt>
      <trkpt lat="44.13982" lon="3.10775">
        <ele>465</ele>
        <time>2026-08-21T15:23:04+00:00</time>
      </trkpt>
      <trkpt lat="44.14007" lon="3.10827">
        <ele>465</ele>
        <time>2026-08-21T15:23:07+00:00</time>
      </trkpt>
      <trkpt lat="44.14032" lon="3.10871">
        <ele>465</ele>
        <time>2026-08-21T15:23:10+00:00</time>
      </trkpt>
      <trkpt lat="44.14037" lon="3.10882">
        <ele>465</ele>
        <time>2026-08-21T15:23:13+00:00</time>
      </trkpt>
      <trkpt lat="44.14045" lon="3.10903">
        <ele>465</ele>
        <time>2026-08-21T15:23:16+00:00</time>
      </trkpt>
      <trkpt lat="44.1406" lon="3.1093">
        <ele>466</ele>
        <time>2026-08-21T15:23:19+00:00</time>
      </trkpt>
      <trkpt lat="44.14065" lon="3.10939">
        <ele>466</ele>
        <time>2026-08-21T15:23:22+00:00</time>
      </trkpt>
      <trkpt lat="44.14083" lon="3.10963">
        <ele>467</ele>
        <time>2026-08-21T15:23:25+00:00</time>
      </trkpt>
      <trkpt lat="44.14089" lon="3.10972">
        <ele>470</ele>
        <time>2026-08-21T15:23:28+00:00</time>
      </trkpt>
      <trkpt lat="44.14094" lon="3.10982">
        <ele>468</ele>
        <time>2026-08-21T15:23:31+00:00</time>
      </trkpt>
      <trkpt lat="44.14099" lon="3.10993">
        <ele>468</ele>
        <time>2026-08-21T15:23:34+00:00</time>
      </trkpt>
      <trkpt lat="44.14102" lon="3.11005">
        <ele>467</ele>
        <time>2026-08-21T15:23:37+00:00</time>
      </trkpt>
      <trkpt lat="44.14104" lon="3.11016">
        <ele>468</ele>
        <time>2026-08-21T15:23:40+00:00</time>
      </trkpt>
      <trkpt lat="44.14104" lon="3.11033">
        <ele>469</ele>
        <time>2026-08-21T15:23:43+00:00</time>
      </trkpt>
      <trkpt lat="44.14102" lon="3.1106">
        <ele>470</ele>
        <time>2026-08-21T15:23:46+00:00</time>
      </trkpt>
      <trkpt lat="44.14103" lon="3.1107">
        <ele>470</ele>
        <time>2026-08-21T15:23:49+00:00</time>
      </trkpt>
      <trkpt lat="44.14105" lon="3.1108">
        <ele>470</ele>
        <time>2026-08-21T15:23:52+00:00</time>
      </trkpt>
      <trkpt lat="44.1411" lon="3.11098">
        <ele>473</ele>
        <time>2026-08-21T15:23:55+00:00</time>
      </trkpt>
      <trkpt lat="44.14114" lon="3.11116">
        <ele>472</ele>
        <time>2026-08-21T15:23:58+00:00</time>
      </trkpt>
      <trkpt lat="44.14115" lon="3.11126">
        <ele>473</ele>
        <time>2026-08-21T15:24:01+00:00</time>
      </trkpt>
      <trkpt lat="44.14115" lon="3.11157">
        <ele>476</ele>
        <time>2026-08-21T15:24:04+00:00</time>
      </trkpt>
      <trkpt lat="44.14116" lon="3.11169">
        <ele>477</ele>
        <time>2026-08-21T15:24:07+00:00</time>
      </trkpt>
      <trkpt lat="44.14119" lon="3.11177">
        <ele>478</ele>
        <time>2026-08-21T15:24:10+00:00</time>
      </trkpt>
      <trkpt lat="44.14122" lon="3.11184">
        <ele>479</ele>
        <time>2026-08-21T15:24:13+00:00</time>
      </trkpt>
      <trkpt lat="44.14126" lon="3.1119">
        <ele>479</ele>
        <time>2026-08-21T15:24:16+00:00</time>
      </trkpt>
      <trkpt lat="44.14131" lon="3.11194">
        <ele>480</ele>
        <time>2026-08-21T15:24:19+00:00</time>
      </trkpt>
      <trkpt lat="44.14137" lon="3.11197">
        <ele>480</ele>
        <time>2026-08-21T15:24:22+00:00</time>
      </trkpt>
      <trkpt lat="44.14144" lon="3.11198">
        <ele>480</ele>
        <time>2026-08-21T15:24:25+00:00</time>
      </trkpt>
      <trkpt lat="44.14152" lon="3.11198">
        <ele>480</ele>
        <time>2026-08-21T15:24:28+00:00</time>
      </trkpt>
      <trkpt lat="44.1416" lon="3.11195">
        <ele>480</ele>
        <time>2026-08-21T15:24:31+00:00</time>
      </trkpt>
      <trkpt lat="44.14167" lon="3.11191">
        <ele>481</ele>
        <time>2026-08-21T15:24:34+00:00</time>
      </trkpt>
      <trkpt lat="44.14201" lon="3.11159">
        <ele>482</ele>
        <time>2026-08-21T15:24:37+00:00</time>
      </trkpt>
      <trkpt lat="44.14228" lon="3.11132">
        <ele>482</ele>
        <time>2026-08-21T15:24:40+00:00</time>
      </trkpt>
      <trkpt lat="44.14248" lon="3.1111">
        <ele>482</ele>
        <time>2026-08-21T15:24:43+00:00</time>
      </trkpt>
      <trkpt lat="44.14269" lon="3.11086">
        <ele>483</ele>
        <time>2026-08-21T15:24:46+00:00</time>
      </trkpt>
      <trkpt lat="44.1428" lon="3.11075">
        <ele>484</ele>
        <time>2026-08-21T15:24:49+00:00</time>
      </trkpt>
      <trkpt lat="44.14295" lon="3.11063">
        <ele>482</ele>
        <time>2026-08-21T15:24:52+00:00</time>
      </trkpt>
      <trkpt lat="44.14304" lon="3.11057">
        <ele>483</ele>
        <time>2026-08-21T15:24:55+00:00</time>
      </trkpt>
      <trkpt lat="44.14312" lon="3.11053">
        <ele>483</ele>
        <time>2026-08-21T15:24:58+00:00</time>
      </trkpt>
      <trkpt lat="44.14321" lon="3.1105">
        <ele>482</ele>
        <time>2026-08-21T15:25:01+00:00</time>
      </trkpt>
      <trkpt lat="44.14345" lon="3.11045">
        <ele>483</ele>
        <time>2026-08-21T15:25:04+00:00</time>
      </trkpt>
      <trkpt lat="44.1437" lon="3.11039">
        <ele>483</ele>
        <time>2026-08-21T15:25:07+00:00</time>
      </trkpt>
      <trkpt lat="44.14411" lon="3.11035">
        <ele>484</ele>
        <time>2026-08-21T15:25:10+00:00</time>
      </trkpt>
      <trkpt lat="44.14438" lon="3.11029">
        <ele>486</ele>
        <time>2026-08-21T15:25:13+00:00</time>
      </trkpt>
      <trkpt lat="44.14474" lon="3.11023">
        <ele>490</ele>
        <time>2026-08-21T15:25:16+00:00</time>
      </trkpt>
      <trkpt lat="44.14503" lon="3.1102">
        <ele>492</ele>
        <time>2026-08-21T15:25:19+00:00</time>
      </trkpt>
      <trkpt lat="44.14547" lon="3.11012">
        <ele>495</ele>
        <time>2026-08-21T15:25:22+00:00</time>
      </trkpt>
      <trkpt lat="44.14586" lon="3.11003">
        <ele>495</ele>
        <time>2026-08-21T15:25:25+00:00</time>
      </trkpt>
      <trkpt lat="44.14603" lon="3.11002">
        <ele>496</ele>
        <time>2026-08-21T15:25:28+00:00</time>
      </trkpt>
      <trkpt lat="44.14628" lon="3.11003">
        <ele>494</ele>
        <time>2026-08-21T15:25:31+00:00</time>
      </trkpt>
      <trkpt lat="44.14669" lon="3.10997">
        <ele>494</ele>
        <time>2026-08-21T15:25:34+00:00</time>
      </trkpt>
      <trkpt lat="44.14677" lon="3.10995">
        <ele>494</ele>
        <time>2026-08-21T15:25:37+00:00</time>
      </trkpt>
      <trkpt lat="44.14694" lon="3.10988">
        <ele>495</ele>
        <time>2026-08-21T15:25:40+00:00</time>
      </trkpt>
      <trkpt lat="44.14702" lon="3.10986">
        <ele>494</ele>
        <time>2026-08-21T15:25:43+00:00</time>
      </trkpt>
      <trkpt lat="44.14722" lon="3.10984">
        <ele>497</ele>
        <time>2026-08-21T15:25:46+00:00</time>
      </trkpt>
      <trkpt lat="44.14728" lon="3.10982">
        <ele>497</ele>
        <time>2026-08-21T15:25:49+00:00</time>
      </trkpt>
      <trkpt lat="44.14748" lon="3.10972">
        <ele>498</ele>
        <time>2026-08-21T15:25:52+00:00</time>
      </trkpt>
      <trkpt lat="44.14755" lon="3.1097">
        <ele>496</ele>
        <time>2026-08-21T15:25:55+00:00</time>
      </trkpt>
      <trkpt lat="44.14768" lon="3.10966">
        <ele>499</ele>
        <time>2026-08-21T15:25:58+00:00</time>
      </trkpt>
      <trkpt lat="44.1479" lon="3.10962">
        <ele>503</ele>
        <time>2026-08-21T15:26:01+00:00</time>
      </trkpt>
      <trkpt lat="44.148" lon="3.1096">
        <ele>504</ele>
        <time>2026-08-21T15:26:04+00:00</time>
      </trkpt>
      <trkpt lat="44.14805" lon="3.10958">
        <ele>506</ele>
        <time>2026-08-21T15:26:07+00:00</time>
      </trkpt>
      <trkpt lat="44.14833" lon="3.10944">
        <ele>506</ele>
        <time>2026-08-21T15:26:10+00:00</time>
      </trkpt>
      <trkpt lat="44.14839" lon="3.10942">
        <ele>511</ele>
        <time>2026-08-21T15:26:13+00:00</time>
      </trkpt>
      <trkpt lat="44.14867" lon="3.10936">
        <ele>507</ele>
        <time>2026-08-21T15:26:16+00:00</time>
      </trkpt>
      <trkpt lat="44.14879" lon="3.10932">
        <ele>511</ele>
        <time>2026-08-21T15:26:19+00:00</time>
      </trkpt>
      <trkpt lat="44.1489" lon="3.10927">
        <ele>509</ele>
        <time>2026-08-21T15:26:22+00:00</time>
      </trkpt>
      <trkpt lat="44.14897" lon="3.10922">
        <ele>510</ele>
        <time>2026-08-21T15:26:25+00:00</time>
      </trkpt>
      <trkpt lat="44.14917" lon="3.10907">
        <ele>510</ele>
        <time>2026-08-21T15:26:28+00:00</time>
      </trkpt>
      <trkpt lat="44.14935" lon="3.10895">
        <ele>512</ele>
        <time>2026-08-21T15:26:31+00:00</time>
      </trkpt>
      <trkpt lat="44.14964" lon="3.10881">
        <ele>511</ele>
        <time>2026-08-21T15:26:34+00:00</time>
      </trkpt>
      <trkpt lat="44.14977" lon="3.10876">
        <ele>510</ele>
        <time>2026-08-21T15:26:37+00:00</time>
      </trkpt>
      <trkpt lat="44.1499" lon="3.10872">
        <ele>510</ele>
        <time>2026-08-21T15:26:40+00:00</time>
      </trkpt>
      <trkpt lat="44.15026" lon="3.10868">
        <ele>509</ele>
        <time>2026-08-21T15:26:43+00:00</time>
      </trkpt>
      <trkpt lat="44.15061" lon="3.1086">
        <ele>508</ele>
        <time>2026-08-21T15:26:46+00:00</time>
      </trkpt>
      <trkpt lat="44.1507" lon="3.10858">
        <ele>508</ele>
        <time>2026-08-21T15:26:49+00:00</time>
      </trkpt>
      <trkpt lat="44.15079" lon="3.10858">
        <ele>508</ele>
        <time>2026-08-21T15:26:52+00:00</time>
      </trkpt>
      <trkpt lat="44.15087" lon="3.10859">
        <ele>508</ele>
        <time>2026-08-21T15:26:55+00:00</time>
      </trkpt>
      <trkpt lat="44.15094" lon="3.10861">
        <ele>509</ele>
        <time>2026-08-21T15:26:58+00:00</time>
      </trkpt>
      <trkpt lat="44.15106" lon="3.10868">
        <ele>508</ele>
        <time>2026-08-21T15:27:01+00:00</time>
      </trkpt>
      <trkpt lat="44.15114" lon="3.10875">
        <ele>508</ele>
        <time>2026-08-21T15:27:04+00:00</time>
      </trkpt>
      <trkpt lat="44.15119" lon="3.10884">
        <ele>510</ele>
        <time>2026-08-21T15:27:07+00:00</time>
      </trkpt>
      <trkpt lat="44.1512" lon="3.10892">
        <ele>510</ele>
        <time>2026-08-21T15:27:10+00:00</time>
      </trkpt>
      <trkpt lat="44.15116" lon="3.10898">
        <ele>510</ele>
        <time>2026-08-21T15:27:13+00:00</time>
      </trkpt>
      <trkpt lat="44.1511" lon="3.10903">
        <ele>509</ele>
        <time>2026-08-21T15:27:16+00:00</time>
      </trkpt>
      <trkpt lat="44.15105" lon="3.10906">
        <ele>512</ele>
        <time>2026-08-21T15:27:19+00:00</time>
      </trkpt>
      <trkpt lat="44.15091" lon="3.10913">
        <ele>511</ele>
        <time>2026-08-21T15:27:22+00:00</time>
      </trkpt>
      <trkpt lat="44.15066" lon="3.10927">
        <ele>517</ele>
        <time>2026-08-21T15:27:25+00:00</time>
      </trkpt>
      <trkpt lat="44.15047" lon="3.10941">
        <ele>522</ele>
        <time>2026-08-21T15:27:28+00:00</time>
      </trkpt>
      <trkpt lat="44.15042" lon="3.10947">
        <ele>522</ele>
        <time>2026-08-21T15:27:31+00:00</time>
      </trkpt>
      <trkpt lat="44.15031" lon="3.1096">
        <ele>524</ele>
        <time>2026-08-21T15:27:34+00:00</time>
      </trkpt>
      <trkpt lat="44.15015" lon="3.10978">
        <ele>531</ele>
        <time>2026-08-21T15:27:37+00:00</time>
      </trkpt>
      <trkpt lat="44.14991" lon="3.11009">
        <ele>539</ele>
        <time>2026-08-21T15:27:40+00:00</time>
      </trkpt>
      <trkpt lat="44.14983" lon="3.11026">
        <ele>545</ele>
        <time>2026-08-21T15:27:43+00:00</time>
      </trkpt>
      <trkpt lat="44.14973" lon="3.11037">
        <ele>548</ele>
        <time>2026-08-21T15:27:46+00:00</time>
      </trkpt>
      <trkpt lat="44.14968" lon="3.11047">
        <ele>551</ele>
        <time>2026-08-21T15:27:49+00:00</time>
      </trkpt>
      <trkpt lat="44.14966" lon="3.1105">
        <ele>553</ele>
        <time>2026-08-21T15:27:52+00:00</time>
      </trkpt>
      <trkpt lat="44.14965" lon="3.11054">
        <ele>553</ele>
        <time>2026-08-21T15:27:55+00:00</time>
      </trkpt>
      <trkpt lat="44.14965" lon="3.11058">
        <ele>553</ele>
        <time>2026-08-21T15:27:58+00:00</time>
      </trkpt>
      <trkpt lat="44.14966" lon="3.11062">
        <ele>556</ele>
        <time>2026-08-21T15:28:01+00:00</time>
      </trkpt>
      <trkpt lat="44.14969" lon="3.11069">
        <ele>556</ele>
        <time>2026-08-21T15:28:04+00:00</time>
      </trkpt>
      <trkpt lat="44.14971" lon="3.11075">
        <ele>558</ele>
        <time>2026-08-21T15:28:07+00:00</time>
      </trkpt>
      <trkpt lat="44.14972" lon="3.11083">
        <ele>560</ele>
        <time>2026-08-21T15:28:10+00:00</time>
      </trkpt>
      <trkpt lat="44.14971" lon="3.11089">
        <ele>560</ele>
        <time>2026-08-21T15:28:13+00:00</time>
      </trkpt>
      <trkpt lat="44.1497" lon="3.11093">
        <ele>565</ele>
        <time>2026-08-21T15:28:16+00:00</time>
      </trkpt>
      <trkpt lat="44.14964" lon="3.111">
        <ele>568</ele>
        <time>2026-08-21T15:28:19+00:00</time>
      </trkpt>
      <trkpt lat="44.14963" lon="3.11103">
        <ele>568</ele>
        <time>2026-08-21T15:28:22+00:00</time>
      </trkpt>
      <trkpt lat="44.14964" lon="3.11106">
        <ele>568</ele>
        <time>2026-08-21T15:28:25+00:00</time>
      </trkpt>
      <trkpt lat="44.14965" lon="3.11108">
        <ele>568</ele>
        <time>2026-08-21T15:28:28+00:00</time>
      </trkpt>
      <trkpt lat="44.14973" lon="3.11117">
        <ele>571</ele>
        <time>2026-08-21T15:28:31+00:00</time>
      </trkpt>
      <trkpt lat="44.14974" lon="3.1112">
        <ele>571</ele>
        <time>2026-08-21T15:28:34+00:00</time>
      </trkpt>
      <trkpt lat="44.14974" lon="3.11123">
        <ele>576</ele>
        <time>2026-08-21T15:28:37+00:00</time>
      </trkpt>
      <trkpt lat="44.14971" lon="3.11124">
        <ele>576</ele>
        <time>2026-08-21T15:28:40+00:00</time>
      </trkpt>
      <trkpt lat="44.14959" lon="3.11126">
        <ele>579</ele>
        <time>2026-08-21T15:28:43+00:00</time>
      </trkpt>
      <trkpt lat="44.14955" lon="3.11129">
        <ele>579</ele>
        <time>2026-08-21T15:28:46+00:00</time>
      </trkpt>
      <trkpt lat="44.14944" lon="3.1114">
        <ele>587</ele>
        <time>2026-08-21T15:28:49+00:00</time>
      </trkpt>
      <trkpt lat="44.14938" lon="3.11148">
        <ele>585</ele>
        <time>2026-08-21T15:28:52+00:00</time>
      </trkpt>
      <trkpt lat="44.14928" lon="3.1116">
        <ele>592</ele>
        <time>2026-08-21T15:28:55+00:00</time>
      </trkpt>
      <trkpt lat="44.14925" lon="3.11164">
        <ele>592</ele>
        <time>2026-08-21T15:28:58+00:00</time>
      </trkpt>
      <trkpt lat="44.14926" lon="3.11166">
        <ele>592</ele>
        <time>2026-08-21T15:29:01+00:00</time>
      </trkpt>
      <trkpt lat="44.14928" lon="3.11167">
        <ele>592</ele>
        <time>2026-08-21T15:29:04+00:00</time>
      </trkpt>
      <trkpt lat="44.14943" lon="3.11164">
        <ele>597</ele>
        <time>2026-08-21T15:29:07+00:00</time>
      </trkpt>
      <trkpt lat="44.14947" lon="3.11164">
        <ele>597</ele>
        <time>2026-08-21T15:29:10+00:00</time>
      </trkpt>
      <trkpt lat="44.14958" lon="3.1117">
        <ele>602</ele>
        <time>2026-08-21T15:29:13+00:00</time>
      </trkpt>
      <trkpt lat="44.14979" lon="3.11186">
        <ele>609</ele>
        <time>2026-08-21T15:29:16+00:00</time>
      </trkpt>
      <trkpt lat="44.14993" lon="3.112">
        <ele>610</ele>
        <time>2026-08-21T15:29:19+00:00</time>
      </trkpt>
      <trkpt lat="44.1501" lon="3.11217">
        <ele>617</ele>
        <time>2026-08-21T15:29:22+00:00</time>
      </trkpt>
      <trkpt lat="44.15016" lon="3.11223">
        <ele>621</ele>
        <time>2026-08-21T15:29:25+00:00</time>
      </trkpt>
      <trkpt lat="44.1502" lon="3.1123">
        <ele>621</ele>
        <time>2026-08-21T15:29:28+00:00</time>
      </trkpt>
      <trkpt lat="44.15025" lon="3.11243">
        <ele>626</ele>
        <time>2026-08-21T15:29:31+00:00</time>
      </trkpt>
      <trkpt lat="44.1503" lon="3.11253">
        <ele>627</ele>
        <time>2026-08-21T15:29:34+00:00</time>
      </trkpt>
      <trkpt lat="44.15038" lon="3.11277">
        <ele>635</ele>
        <time>2026-08-21T15:29:37+00:00</time>
      </trkpt>
      <trkpt lat="44.15043" lon="3.11304">
        <ele>641</ele>
        <time>2026-08-21T15:29:40+00:00</time>
      </trkpt>
      <trkpt lat="44.15042" lon="3.11323">
        <ele>646</ele>
        <time>2026-08-21T15:29:43+00:00</time>
      </trkpt>
      <trkpt lat="44.15043" lon="3.11344">
        <ele>652</ele>
        <time>2026-08-21T15:29:46+00:00</time>
      </trkpt>
      <trkpt lat="44.15047" lon="3.11359">
        <ele>655</ele>
        <time>2026-08-21T15:29:49+00:00</time>
      </trkpt>
      <trkpt lat="44.1505" lon="3.11373">
        <ele>657</ele>
        <time>2026-08-21T15:29:52+00:00</time>
      </trkpt>
      <trkpt lat="44.15054" lon="3.11384">
        <ele>660</ele>
        <time>2026-08-21T15:29:55+00:00</time>
      </trkpt>
      <trkpt lat="44.15056" lon="3.11397">
        <ele>665</ele>
        <time>2026-08-21T15:29:58+00:00</time>
      </trkpt>
      <trkpt lat="44.1506" lon="3.11413">
        <ele>669</ele>
        <time>2026-08-21T15:30:01+00:00</time>
      </trkpt>
      <trkpt lat="44.15062" lon="3.11421">
        <ele>674</ele>
        <time>2026-08-21T15:30:04+00:00</time>
      </trkpt>
      <trkpt lat="44.15064" lon="3.11429">
        <ele>674</ele>
        <time>2026-08-21T15:30:07+00:00</time>
      </trkpt>
      <trkpt lat="44.15065" lon="3.11439">
        <ele>677</ele>
        <time>2026-08-21T15:30:10+00:00</time>
      </trkpt>
      <trkpt lat="44.15066" lon="3.11444">
        <ele>680</ele>
        <time>2026-08-21T15:30:13+00:00</time>
      </trkpt>
      <trkpt lat="44.15066" lon="3.11448">
        <ele>680</ele>
        <time>2026-08-21T15:30:16+00:00</time>
      </trkpt>
      <trkpt lat="44.15066" lon="3.11459">
        <ele>685</ele>
        <time>2026-08-21T15:30:19+00:00</time>
      </trkpt>
      <trkpt lat="44.15066" lon="3.11465">
        <ele>689</ele>
        <time>2026-08-21T15:30:22+00:00</time>
      </trkpt>
      <trkpt lat="44.15066" lon="3.11471">
        <ele>693</ele>
        <time>2026-08-21T15:30:25+00:00</time>
      </trkpt>
      <trkpt lat="44.15067" lon="3.11473">
        <ele>693</ele>
        <time>2026-08-21T15:30:28+00:00</time>
      </trkpt>
      <trkpt lat="44.15075" lon="3.11481">
        <ele>697</ele>
        <time>2026-08-21T15:30:31+00:00</time>
      </trkpt>
      <trkpt lat="44.15077" lon="3.11483">
        <ele>697</ele>
        <time>2026-08-21T15:30:34+00:00</time>
      </trkpt>
      <trkpt lat="44.15078" lon="3.11487">
        <ele>697</ele>
        <time>2026-08-21T15:30:37+00:00</time>
      </trkpt>
      <trkpt lat="44.15077" lon="3.1149">
        <ele>697</ele>
        <time>2026-08-21T15:30:40+00:00</time>
      </trkpt>
      <trkpt lat="44.15074" lon="3.11492">
        <ele>701</ele>
        <time>2026-08-21T15:30:43+00:00</time>
      </trkpt>
      <trkpt lat="44.15071" lon="3.11494">
        <ele>701</ele>
        <time>2026-08-21T15:30:46+00:00</time>
      </trkpt>
      <trkpt lat="44.15065" lon="3.11495">
        <ele>703</ele>
        <time>2026-08-21T15:30:49+00:00</time>
      </trkpt>
      <trkpt lat="44.15061" lon="3.11498">
        <ele>703</ele>
        <time>2026-08-21T15:30:52+00:00</time>
      </trkpt>
      <trkpt lat="44.15059" lon="3.11499">
        <ele>707</ele>
        <time>2026-08-21T15:30:55+00:00</time>
      </trkpt>
      <trkpt lat="44.15051" lon="3.11498">
        <ele>707</ele>
        <time>2026-08-21T15:30:58+00:00</time>
      </trkpt>
      <trkpt lat="44.1505" lon="3.11498">
        <ele>714</ele>
        <time>2026-08-21T15:31:01+00:00</time>
      </trkpt>
      <trkpt lat="44.15048" lon="3.11501">
        <ele>717</ele>
        <time>2026-08-21T15:31:04+00:00</time>
      </trkpt>
      <trkpt lat="44.15043" lon="3.11498">
        <ele>714</ele>
        <time>2026-08-21T15:31:07+00:00</time>
      </trkpt>
      <trkpt lat="44.15041" lon="3.115">
        <ele>714</ele>
        <time>2026-08-21T15:31:10+00:00</time>
      </trkpt>
      <trkpt lat="44.15041" lon="3.11502">
        <ele>717</ele>
        <time>2026-08-21T15:31:13+00:00</time>
      </trkpt>
      <trkpt lat="44.15043" lon="3.11511">
        <ele>721</ele>
        <time>2026-08-21T15:31:16+00:00</time>
      </trkpt>
      <trkpt lat="44.15042" lon="3.11516">
        <ele>721</ele>
        <time>2026-08-21T15:31:19+00:00</time>
      </trkpt>
      <trkpt lat="44.15041" lon="3.11526">
        <ele>724</ele>
        <time>2026-08-21T15:31:22+00:00</time>
      </trkpt>
      <trkpt lat="44.15043" lon="3.11536">
        <ele>728</ele>
        <time>2026-08-21T15:31:25+00:00</time>
      </trkpt>
      <trkpt lat="44.15046" lon="3.11542">
        <ele>734</ele>
        <time>2026-08-21T15:31:28+00:00</time>
      </trkpt>
      <trkpt lat="44.15048" lon="3.1155">
        <ele>734</ele>
        <time>2026-08-21T15:31:31+00:00</time>
      </trkpt>
      <trkpt lat="44.15058" lon="3.11561">
        <ele>739</ele>
        <time>2026-08-21T15:31:34+00:00</time>
      </trkpt>
      <trkpt lat="44.15072" lon="3.11571">
        <ele>747</ele>
        <time>2026-08-21T15:31:37+00:00</time>
      </trkpt>
      <trkpt lat="44.1509" lon="3.11583">
        <ele>753</ele>
        <time>2026-08-21T15:31:40+00:00</time>
      </trkpt>
      <trkpt lat="44.15097" lon="3.11589">
        <ele>753</ele>
        <time>2026-08-21T15:31:43+00:00</time>
      </trkpt>
      <trkpt lat="44.15099" lon="3.11593">
        <ele>757</ele>
        <time>2026-08-21T15:31:46+00:00</time>
      </trkpt>
      <trkpt lat="44.15101" lon="3.11599">
        <ele>755</ele>
        <time>2026-08-21T15:31:49+00:00</time>
      </trkpt>
      <trkpt lat="44.15102" lon="3.11612">
        <ele>762</ele>
        <time>2026-08-21T15:31:52+00:00</time>
      </trkpt>
      <trkpt lat="44.15103" lon="3.11615">
        <ele>762</ele>
        <time>2026-08-21T15:31:55+00:00</time>
      </trkpt>
      <trkpt lat="44.15107" lon="3.11622">
        <ele>766</ele>
        <time>2026-08-21T15:31:58+00:00</time>
      </trkpt>
      <trkpt lat="44.15124" lon="3.11645">
        <ele>767</ele>
        <time>2026-08-21T15:32:01+00:00</time>
      </trkpt>
      <trkpt lat="44.15131" lon="3.11658">
        <ele>766</ele>
        <time>2026-08-21T15:32:04+00:00</time>
      </trkpt>
      <trkpt lat="44.15138" lon="3.11669">
        <ele>767</ele>
        <time>2026-08-21T15:32:07+00:00</time>
      </trkpt>
      <trkpt lat="44.15142" lon="3.11676">
        <ele>767</ele>
        <time>2026-08-21T15:32:10+00:00</time>
      </trkpt>
      <trkpt lat="44.15144" lon="3.11685">
        <ele>769</ele>
        <time>2026-08-21T15:32:13+00:00</time>
      </trkpt>
      <trkpt lat="44.15144" lon="3.11694">
        <ele>768</ele>
        <time>2026-08-21T15:32:16+00:00</time>
      </trkpt>
      <trkpt lat="44.15143" lon="3.11704">
        <ele>766</ele>
        <time>2026-08-21T15:32:19+00:00</time>
      </trkpt>
      <trkpt lat="44.15144" lon="3.11715">
        <ele>766</ele>
        <time>2026-08-21T15:32:22+00:00</time>
      </trkpt>
      <trkpt lat="44.15147" lon="3.11726">
        <ele>768</ele>
        <time>2026-08-21T15:32:25+00:00</time>
      </trkpt>
      <trkpt lat="44.15151" lon="3.11735">
        <ele>765</ele>
        <time>2026-08-21T15:32:28+00:00</time>
      </trkpt>
      <trkpt lat="44.15156" lon="3.11743">
        <ele>768</ele>
        <time>2026-08-21T15:32:31+00:00</time>
      </trkpt>
      <trkpt lat="44.15168" lon="3.11759">
        <ele>768</ele>
        <time>2026-08-21T15:32:34+00:00</time>
      </trkpt>
      <trkpt lat="44.15183" lon="3.11772">
        <ele>761</ele>
        <time>2026-08-21T15:32:37+00:00</time>
      </trkpt>
      <trkpt lat="44.1519" lon="3.11779">
        <ele>764</ele>
        <time>2026-08-21T15:32:40+00:00</time>
      </trkpt>
      <trkpt lat="44.15197" lon="3.11788">
        <ele>762</ele>
        <time>2026-08-21T15:32:43+00:00</time>
      </trkpt>
      <trkpt lat="44.15201" lon="3.11798">
        <ele>756</ele>
        <time>2026-08-21T15:32:46+00:00</time>
      </trkpt>
      <trkpt lat="44.15207" lon="3.11819">
        <ele>760</ele>
        <time>2026-08-21T15:32:49+00:00</time>
      </trkpt>
      <trkpt lat="44.15212" lon="3.11829">
        <ele>756</ele>
        <time>2026-08-21T15:32:52+00:00</time>
      </trkpt>
      <trkpt lat="44.15222" lon="3.11845">
        <ele>762</ele>
        <time>2026-08-21T15:32:55+00:00</time>
      </trkpt>
      <trkpt lat="44.15229" lon="3.11858">
        <ele>763</ele>
        <time>2026-08-21T15:32:58+00:00</time>
      </trkpt>
      <trkpt lat="44.15231" lon="3.11865">
        <ele>762</ele>
        <time>2026-08-21T15:33:01+00:00</time>
      </trkpt>
      <trkpt lat="44.15232" lon="3.11878">
        <ele>764</ele>
        <time>2026-08-21T15:33:04+00:00</time>
      </trkpt>
      <trkpt lat="44.15236" lon="3.11893">
        <ele>767</ele>
        <time>2026-08-21T15:33:07+00:00</time>
      </trkpt>
      <trkpt lat="44.15238" lon="3.119">
        <ele>771</ele>
        <time>2026-08-21T15:33:10+00:00</time>
      </trkpt>
      <trkpt lat="44.15244" lon="3.11914">
        <ele>771</ele>
        <time>2026-08-21T15:33:13+00:00</time>
      </trkpt>
      <trkpt lat="44.15252" lon="3.11931">
        <ele>776</ele>
        <time>2026-08-21T15:33:16+00:00</time>
      </trkpt>
      <trkpt lat="44.15271" lon="3.11957">
        <ele>779</ele>
        <time>2026-08-21T15:33:19+00:00</time>
      </trkpt>
      <trkpt lat="44.15283" lon="3.11973">
        <ele>787</ele>
        <time>2026-08-21T15:33:22+00:00</time>
      </trkpt>
      <trkpt lat="44.15285" lon="3.11976">
        <ele>787</ele>
        <time>2026-08-21T15:33:25+00:00</time>
      </trkpt>
      <trkpt lat="44.15285" lon="3.1198">
        <ele>791</ele>
        <time>2026-08-21T15:33:28+00:00</time>
      </trkpt>
      <trkpt lat="44.15281" lon="3.11988">
        <ele>791</ele>
        <time>2026-08-21T15:33:31+00:00</time>
      </trkpt>
      <trkpt lat="44.15282" lon="3.11999">
        <ele>794</ele>
        <time>2026-08-21T15:33:34+00:00</time>
      </trkpt>
      <trkpt lat="44.15281" lon="3.12004">
        <ele>799</ele>
        <time>2026-08-21T15:33:37+00:00</time>
      </trkpt>
      <trkpt lat="44.15279" lon="3.12009">
        <ele>802</ele>
        <time>2026-08-21T15:33:40+00:00</time>
      </trkpt>
      <trkpt lat="44.15279" lon="3.12011">
        <ele>805</ele>
        <time>2026-08-21T15:33:43+00:00</time>
      </trkpt>
      <trkpt lat="44.1528" lon="3.12013">
        <ele>802</ele>
        <time>2026-08-21T15:33:46+00:00</time>
      </trkpt>
      <trkpt lat="44.15282" lon="3.12016">
        <ele>802</ele>
        <time>2026-08-21T15:33:49+00:00</time>
      </trkpt>
      <trkpt lat="44.15285" lon="3.12018">
        <ele>802</ele>
        <time>2026-08-21T15:33:52+00:00</time>
      </trkpt>
      <trkpt lat="44.15288" lon="3.12021">
        <ele>806</ele>
        <time>2026-08-21T15:33:55+00:00</time>
      </trkpt>
      <trkpt lat="44.15297" lon="3.12035">
        <ele>808</ele>
        <time>2026-08-21T15:33:58+00:00</time>
      </trkpt>
      <trkpt lat="44.15308" lon="3.12044">
        <ele>811</ele>
        <time>2026-08-21T15:34:01+00:00</time>
      </trkpt>
      <trkpt lat="44.1531" lon="3.12048">
        <ele>811</ele>
        <time>2026-08-21T15:34:04+00:00</time>
      </trkpt>
      <trkpt lat="44.15308" lon="3.12051">
        <ele>815</ele>
        <time>2026-08-21T15:34:07+00:00</time>
      </trkpt>
      <trkpt lat="44.15295" lon="3.12054">
        <ele>817</ele>
        <time>2026-08-21T15:34:10+00:00</time>
      </trkpt>
      <trkpt lat="44.15289" lon="3.12057">
        <ele>820</ele>
        <time>2026-08-21T15:34:13+00:00</time>
      </trkpt>
      <trkpt lat="44.15289" lon="3.12058">
        <ele>820</ele>
        <time>2026-08-21T15:34:16+00:00</time>
      </trkpt>
      <trkpt lat="44.15291" lon="3.12062">
        <ele>822</ele>
        <time>2026-08-21T15:34:19+00:00</time>
      </trkpt>
      <trkpt lat="44.15297" lon="3.12083">
        <ele>827</ele>
        <time>2026-08-21T15:34:22+00:00</time>
      </trkpt>
      <trkpt lat="44.153" lon="3.12095">
        <ele>828</ele>
        <time>2026-08-21T15:34:25+00:00</time>
      </trkpt>
      <trkpt lat="44.15301" lon="3.12099">
        <ele>829</ele>
        <time>2026-08-21T15:34:28+00:00</time>
      </trkpt>
      <trkpt lat="44.15315" lon="3.12112">
        <ele>832</ele>
        <time>2026-08-21T15:34:31+00:00</time>
      </trkpt>
      <trkpt lat="44.15324" lon="3.12119">
        <ele>833</ele>
        <time>2026-08-21T15:34:34+00:00</time>
      </trkpt>
      <trkpt lat="44.15329" lon="3.12123">
        <ele>834</ele>
        <time>2026-08-21T15:34:37+00:00</time>
      </trkpt>
      <trkpt lat="44.15336" lon="3.12133">
        <ele>835</ele>
        <time>2026-08-21T15:34:40+00:00</time>
      </trkpt>
      <trkpt lat="44.1534" lon="3.12137">
        <ele>835</ele>
        <time>2026-08-21T15:34:43+00:00</time>
      </trkpt>
      <trkpt lat="44.15346" lon="3.12141">
        <ele>836</ele>
        <time>2026-08-21T15:34:46+00:00</time>
      </trkpt>
      <trkpt lat="44.15359" lon="3.12148">
        <ele>835</ele>
        <time>2026-08-21T15:34:49+00:00</time>
      </trkpt>
      <trkpt lat="44.15365" lon="3.12153">
        <ele>836</ele>
        <time>2026-08-21T15:34:52+00:00</time>
      </trkpt>
      <trkpt lat="44.15383" lon="3.1217">
        <ele>835</ele>
        <time>2026-08-21T15:34:55+00:00</time>
      </trkpt>
      <trkpt lat="44.15403" lon="3.12183">
        <ele>836</ele>
        <time>2026-08-21T15:34:58+00:00</time>
      </trkpt>
      <trkpt lat="44.15408" lon="3.1219">
        <ele>836</ele>
        <time>2026-08-21T15:35:01+00:00</time>
      </trkpt>
      <trkpt lat="44.15412" lon="3.12197">
        <ele>837</ele>
        <time>2026-08-21T15:35:04+00:00</time>
      </trkpt>
      <trkpt lat="44.15417" lon="3.12201">
        <ele>838</ele>
        <time>2026-08-21T15:35:07+00:00</time>
      </trkpt>
      <trkpt lat="44.15421" lon="3.12206">
        <ele>836</ele>
        <time>2026-08-21T15:35:10+00:00</time>
      </trkpt>
      <trkpt lat="44.15425" lon="3.12213">
        <ele>838</ele>
        <time>2026-08-21T15:35:13+00:00</time>
      </trkpt>
      <trkpt lat="44.15428" lon="3.12221">
        <ele>838</ele>
        <time>2026-08-21T15:35:16+00:00</time>
      </trkpt>
      <trkpt lat="44.1543" lon="3.1223">
        <ele>837</ele>
        <time>2026-08-21T15:35:19+00:00</time>
      </trkpt>
      <trkpt lat="44.15429" lon="3.1224">
        <ele>837</ele>
        <time>2026-08-21T15:35:22+00:00</time>
      </trkpt>
      <trkpt lat="44.15426" lon="3.1225">
        <ele>837</ele>
        <time>2026-08-21T15:35:25+00:00</time>
      </trkpt>
      <trkpt lat="44.15427" lon="3.12257">
        <ele>837</ele>
        <time>2026-08-21T15:35:28+00:00</time>
      </trkpt>
      <trkpt lat="44.15433" lon="3.12261">
        <ele>837</ele>
        <time>2026-08-21T15:35:31+00:00</time>
      </trkpt>
      <trkpt lat="44.1544" lon="3.12264">
        <ele>837</ele>
        <time>2026-08-21T15:35:34+00:00</time>
      </trkpt>
      <trkpt lat="44.15456" lon="3.12267">
        <ele>837</ele>
        <time>2026-08-21T15:35:37+00:00</time>
      </trkpt>
      <trkpt lat="44.15459" lon="3.12269">
        <ele>837</ele>
        <time>2026-08-21T15:35:40+00:00</time>
      </trkpt>
      <trkpt lat="44.15463" lon="3.12273">
        <ele>837</ele>
        <time>2026-08-21T15:35:43+00:00</time>
      </trkpt>
      <trkpt lat="44.15466" lon="3.12279">
        <ele>837</ele>
        <time>2026-08-21T15:35:46+00:00</time>
      </trkpt>
      <trkpt lat="44.15471" lon="3.12286">
        <ele>836</ele>
        <time>2026-08-21T15:35:49+00:00</time>
      </trkpt>
      <trkpt lat="44.15504" lon="3.12322">
        <ele>836</ele>
        <time>2026-08-21T15:35:52+00:00</time>
      </trkpt>
      <trkpt lat="44.15509" lon="3.1233">
        <ele>836</ele>
        <time>2026-08-21T15:35:55+00:00</time>
      </trkpt>
      <trkpt lat="44.15513" lon="3.12339">
        <ele>837</ele>
        <time>2026-08-21T15:35:58+00:00</time>
      </trkpt>
      <trkpt lat="44.15518" lon="3.12347">
        <ele>837</ele>
        <time>2026-08-21T15:36:01+00:00</time>
      </trkpt>
      <trkpt lat="44.15525" lon="3.12353">
        <ele>836</ele>
        <time>2026-08-21T15:36:04+00:00</time>
      </trkpt>
      <trkpt lat="44.15553" lon="3.12373">
        <ele>837</ele>
        <time>2026-08-21T15:36:07+00:00</time>
      </trkpt>
      <trkpt lat="44.1556" lon="3.12377">
        <ele>836</ele>
        <time>2026-08-21T15:36:10+00:00</time>
      </trkpt>
      <trkpt lat="44.15567" lon="3.12379">
        <ele>836</ele>
        <time>2026-08-21T15:36:13+00:00</time>
      </trkpt>
      <trkpt lat="44.15574" lon="3.12384">
        <ele>837</ele>
        <time>2026-08-21T15:36:16+00:00</time>
      </trkpt>
      <trkpt lat="44.15579" lon="3.1239">
        <ele>836</ele>
        <time>2026-08-21T15:36:19+00:00</time>
      </trkpt>
      <trkpt lat="44.15584" lon="3.12391">
        <ele>836</ele>
        <time>2026-08-21T15:36:22+00:00</time>
      </trkpt>
      <trkpt lat="44.15589" lon="3.12392">
        <ele>836</ele>
        <time>2026-08-21T15:36:25+00:00</time>
      </trkpt>
      <trkpt lat="44.15595" lon="3.12394">
        <ele>838</ele>
        <time>2026-08-21T15:36:28+00:00</time>
      </trkpt>
      <trkpt lat="44.15606" lon="3.12401">
        <ele>839</ele>
        <time>2026-08-21T15:36:31+00:00</time>
      </trkpt>
      <trkpt lat="44.15617" lon="3.12413">
        <ele>839</ele>
        <time>2026-08-21T15:36:34+00:00</time>
      </trkpt>
      <trkpt lat="44.15623" lon="3.12417">
        <ele>840</ele>
        <time>2026-08-21T15:36:37+00:00</time>
      </trkpt>
      <trkpt lat="44.1563" lon="3.1242">
        <ele>840</ele>
        <time>2026-08-21T15:36:40+00:00</time>
      </trkpt>
      <trkpt lat="44.15637" lon="3.12424">
        <ele>839</ele>
        <time>2026-08-21T15:36:43+00:00</time>
      </trkpt>
      <trkpt lat="44.15649" lon="3.12438">
        <ele>840</ele>
        <time>2026-08-21T15:36:46+00:00</time>
      </trkpt>
      <trkpt lat="44.15662" lon="3.1245">
        <ele>839</ele>
        <time>2026-08-21T15:36:49+00:00</time>
      </trkpt>
      <trkpt lat="44.15669" lon="3.12454">
        <ele>839</ele>
        <time>2026-08-21T15:36:52+00:00</time>
      </trkpt>
      <trkpt lat="44.15676" lon="3.12456">
        <ele>840</ele>
        <time>2026-08-21T15:36:55+00:00</time>
      </trkpt>
      <trkpt lat="44.15683" lon="3.1246">
        <ele>839</ele>
        <time>2026-08-21T15:36:58+00:00</time>
      </trkpt>
      <trkpt lat="44.15697" lon="3.12471">
        <ele>840</ele>
        <time>2026-08-21T15:37:01+00:00</time>
      </trkpt>
      <trkpt lat="44.15704" lon="3.12478">
        <ele>839</ele>
        <time>2026-08-21T15:37:04+00:00</time>
      </trkpt>
      <trkpt lat="44.1571" lon="3.12487">
        <ele>833</ele>
        <time>2026-08-21T15:37:07+00:00</time>
      </trkpt>
      <trkpt lat="44.15715" lon="3.12497">
        <ele>837</ele>
        <time>2026-08-21T15:37:10+00:00</time>
      </trkpt>
      <trkpt lat="44.15729" lon="3.12528">
        <ele>837</ele>
        <time>2026-08-21T15:37:13+00:00</time>
      </trkpt>
      <trkpt lat="44.15734" lon="3.1254">
        <ele>836</ele>
        <time>2026-08-21T15:37:16+00:00</time>
      </trkpt>
      <trkpt lat="44.15737" lon="3.12552">
        <ele>835</ele>
        <time>2026-08-21T15:37:19+00:00</time>
      </trkpt>
      <trkpt lat="44.15739" lon="3.12564">
        <ele>835</ele>
        <time>2026-08-21T15:37:22+00:00</time>
      </trkpt>
      <trkpt lat="44.15748" lon="3.12598">
        <ele>834</ele>
        <time>2026-08-21T15:37:25+00:00</time>
      </trkpt>
      <trkpt lat="44.15752" lon="3.12606">
        <ele>833</ele>
        <time>2026-08-21T15:37:28+00:00</time>
      </trkpt>
      <trkpt lat="44.15764" lon="3.12611">
        <ele>832</ele>
        <time>2026-08-21T15:37:31+00:00</time>
      </trkpt>
      <trkpt lat="44.15771" lon="3.12616">
        <ele>832</ele>
        <time>2026-08-21T15:37:34+00:00</time>
      </trkpt>
      <trkpt lat="44.15777" lon="3.12621">
        <ele>832</ele>
        <time>2026-08-21T15:37:37+00:00</time>
      </trkpt>
      <trkpt lat="44.15784" lon="3.12625">
        <ele>829</ele>
        <time>2026-08-21T15:37:40+00:00</time>
      </trkpt>
      <trkpt lat="44.15789" lon="3.12631">
        <ele>831</ele>
        <time>2026-08-21T15:37:43+00:00</time>
      </trkpt>
      <trkpt lat="44.15794" lon="3.12638">
        <ele>830</ele>
        <time>2026-08-21T15:37:46+00:00</time>
      </trkpt>
      <trkpt lat="44.15801" lon="3.12657">
        <ele>828</ele>
        <time>2026-08-21T15:37:49+00:00</time>
      </trkpt>
      <trkpt lat="44.15806" lon="3.12666">
        <ele>827</ele>
        <time>2026-08-21T15:37:52+00:00</time>
      </trkpt>
      <trkpt lat="44.15809" lon="3.12685">
        <ele>825</ele>
        <time>2026-08-21T15:37:55+00:00</time>
      </trkpt>
      <trkpt lat="44.15812" lon="3.12696">
        <ele>823</ele>
        <time>2026-08-21T15:37:58+00:00</time>
      </trkpt>
      <trkpt lat="44.15817" lon="3.12719">
        <ele>823</ele>
        <time>2026-08-21T15:38:01+00:00</time>
      </trkpt>
      <trkpt lat="44.15816" lon="3.12731">
        <ele>821</ele>
        <time>2026-08-21T15:38:04+00:00</time>
      </trkpt>
      <trkpt lat="44.15811" lon="3.12742">
        <ele>819</ele>
        <time>2026-08-21T15:38:07+00:00</time>
      </trkpt>
      <trkpt lat="44.15806" lon="3.12752">
        <ele>821</ele>
        <time>2026-08-21T15:38:10+00:00</time>
      </trkpt>
      <trkpt lat="44.15801" lon="3.12761">
        <ele>820</ele>
        <time>2026-08-21T15:38:13+00:00</time>
      </trkpt>
      <trkpt lat="44.15801" lon="3.1277">
        <ele>820</ele>
        <time>2026-08-21T15:38:16+00:00</time>
      </trkpt>
      <trkpt lat="44.15805" lon="3.12778">
        <ele>820</ele>
        <time>2026-08-21T15:38:19+00:00</time>
      </trkpt>
      <trkpt lat="44.15812" lon="3.12786">
        <ele>818</ele>
        <time>2026-08-21T15:38:22+00:00</time>
      </trkpt>
      <trkpt lat="44.15817" lon="3.12796">
        <ele>819</ele>
        <time>2026-08-21T15:38:25+00:00</time>
      </trkpt>
      <trkpt lat="44.15818" lon="3.12808">
        <ele>818</ele>
        <time>2026-08-21T15:38:28+00:00</time>
      </trkpt>
      <trkpt lat="44.15818" lon="3.12818">
        <ele>818</ele>
        <time>2026-08-21T15:38:31+00:00</time>
      </trkpt>
      <trkpt lat="44.15821" lon="3.12824">
        <ele>816</ele>
        <time>2026-08-21T15:38:34+00:00</time>
      </trkpt>
      <trkpt lat="44.15828" lon="3.12825">
        <ele>818</ele>
        <time>2026-08-21T15:38:37+00:00</time>
      </trkpt>
      <trkpt lat="44.15844" lon="3.12827">
        <ele>817</ele>
        <time>2026-08-21T15:38:40+00:00</time>
      </trkpt>
      <trkpt lat="44.15857" lon="3.12831">
        <ele>819</ele>
        <time>2026-08-21T15:38:43+00:00</time>
      </trkpt>
      <trkpt lat="44.15863" lon="3.12834">
        <ele>820</ele>
        <time>2026-08-21T15:38:46+00:00</time>
      </trkpt>
      <trkpt lat="44.15869" lon="3.1284">
        <ele>820</ele>
        <time>2026-08-21T15:38:49+00:00</time>
      </trkpt>
      <trkpt lat="44.15887" lon="3.12867">
        <ele>821</ele>
        <time>2026-08-21T15:38:52+00:00</time>
      </trkpt>
      <trkpt lat="44.15893" lon="3.12873">
        <ele>821</ele>
        <time>2026-08-21T15:38:55+00:00</time>
      </trkpt>
      <trkpt lat="44.15899" lon="3.12878">
        <ele>821</ele>
        <time>2026-08-21T15:38:58+00:00</time>
      </trkpt>
      <trkpt lat="44.15904" lon="3.12883">
        <ele>822</ele>
        <time>2026-08-21T15:39:01+00:00</time>
      </trkpt>
      <trkpt lat="44.15909" lon="3.12888">
        <ele>822</ele>
        <time>2026-08-21T15:39:04+00:00</time>
      </trkpt>
      <trkpt lat="44.15921" lon="3.1289">
        <ele>823</ele>
        <time>2026-08-21T15:39:07+00:00</time>
      </trkpt>
      <trkpt lat="44.15927" lon="3.12893">
        <ele>823</ele>
        <time>2026-08-21T15:39:10+00:00</time>
      </trkpt>
      <trkpt lat="44.15938" lon="3.12902">
        <ele>824</ele>
        <time>2026-08-21T15:39:13+00:00</time>
      </trkpt>
      <trkpt lat="44.15943" lon="3.12908">
        <ele>823</ele>
        <time>2026-08-21T15:39:16+00:00</time>
      </trkpt>
      <trkpt lat="44.15947" lon="3.12916">
        <ele>824</ele>
        <time>2026-08-21T15:39:19+00:00</time>
      </trkpt>
      <trkpt lat="44.15948" lon="3.12926">
        <ele>823</ele>
        <time>2026-08-21T15:39:22+00:00</time>
      </trkpt>
      <trkpt lat="44.15949" lon="3.12936">
        <ele>823</ele>
        <time>2026-08-21T15:39:25+00:00</time>
      </trkpt>
      <trkpt lat="44.15951" lon="3.12946">
        <ele>823</ele>
        <time>2026-08-21T15:39:28+00:00</time>
      </trkpt>
      <trkpt lat="44.15955" lon="3.12957">
        <ele>822</ele>
        <time>2026-08-21T15:39:31+00:00</time>
      </trkpt>
      <trkpt lat="44.1596" lon="3.12967">
        <ele>822</ele>
        <time>2026-08-21T15:39:34+00:00</time>
      </trkpt>
      <trkpt lat="44.15965" lon="3.12974">
        <ele>821</ele>
        <time>2026-08-21T15:39:37+00:00</time>
      </trkpt>
      <trkpt lat="44.15968" lon="3.12983">
        <ele>822</ele>
        <time>2026-08-21T15:39:40+00:00</time>
      </trkpt>
      <trkpt lat="44.15968" lon="3.12994">
        <ele>822</ele>
        <time>2026-08-21T15:39:43+00:00</time>
      </trkpt>
      <trkpt lat="44.15967" lon="3.13003">
        <ele>821</ele>
        <time>2026-08-21T15:39:46+00:00</time>
      </trkpt>
      <trkpt lat="44.15968" lon="3.13011">
        <ele>821</ele>
        <time>2026-08-21T15:39:49+00:00</time>
      </trkpt>
      <trkpt lat="44.15971" lon="3.13019">
        <ele>820</ele>
        <time>2026-08-21T15:39:52+00:00</time>
      </trkpt>
      <trkpt lat="44.15977" lon="3.13025">
        <ele>820</ele>
        <time>2026-08-21T15:39:55+00:00</time>
      </trkpt>
      <trkpt lat="44.1599" lon="3.13036">
        <ele>817</ele>
        <time>2026-08-21T15:39:58+00:00</time>
      </trkpt>
      <trkpt lat="44.15997" lon="3.13039">
        <ele>820</ele>
        <time>2026-08-21T15:40:01+00:00</time>
      </trkpt>
      <trkpt lat="44.16008" lon="3.13043">
        <ele>817</ele>
        <time>2026-08-21T15:40:04+00:00</time>
      </trkpt>
      <trkpt lat="44.16017" lon="3.13047">
        <ele>820</ele>
        <time>2026-08-21T15:40:07+00:00</time>
      </trkpt>
      <trkpt lat="44.16022" lon="3.13048">
        <ele>821</ele>
        <time>2026-08-21T15:40:10+00:00</time>
      </trkpt>
      <trkpt lat="44.16034" lon="3.13045">
        <ele>821</ele>
        <time>2026-08-21T15:40:13+00:00</time>
      </trkpt>
      <trkpt lat="44.16041" lon="3.13045">
        <ele>821</ele>
        <time>2026-08-21T15:40:16+00:00</time>
      </trkpt>
      <trkpt lat="44.16048" lon="3.13046">
        <ele>821</ele>
        <time>2026-08-21T15:40:19+00:00</time>
      </trkpt>
      <trkpt lat="44.16055" lon="3.13049">
        <ele>821</ele>
        <time>2026-08-21T15:40:22+00:00</time>
      </trkpt>
      <trkpt lat="44.16061" lon="3.13053">
        <ele>820</ele>
        <time>2026-08-21T15:40:25+00:00</time>
      </trkpt>
      <trkpt lat="44.16067" lon="3.13054">
        <ele>823</ele>
        <time>2026-08-21T15:40:28+00:00</time>
      </trkpt>
      <trkpt lat="44.16072" lon="3.1305">
        <ele>821</ele>
        <time>2026-08-21T15:40:31+00:00</time>
      </trkpt>
      <trkpt lat="44.16074" lon="3.13042">
        <ele>821</ele>
        <time>2026-08-21T15:40:34+00:00</time>
      </trkpt>
      <trkpt lat="44.16078" lon="3.13023">
        <ele>820</ele>
        <time>2026-08-21T15:40:37+00:00</time>
      </trkpt>
      <trkpt lat="44.16081" lon="3.13014">
        <ele>824</ele>
        <time>2026-08-21T15:40:40+00:00</time>
      </trkpt>
      <trkpt lat="44.16086" lon="3.13007">
        <ele>822</ele>
        <time>2026-08-21T15:40:43+00:00</time>
      </trkpt>
      <trkpt lat="44.16097" lon="3.12996">
        <ele>820</ele>
        <time>2026-08-21T15:40:46+00:00</time>
      </trkpt>
      <trkpt lat="44.16107" lon="3.12987">
        <ele>820</ele>
        <time>2026-08-21T15:40:49+00:00</time>
      </trkpt>
      <trkpt lat="44.16113" lon="3.12984">
        <ele>827</ele>
        <time>2026-08-21T15:40:52+00:00</time>
      </trkpt>
      <trkpt lat="44.16131" lon="3.12983">
        <ele>828</ele>
        <time>2026-08-21T15:40:55+00:00</time>
      </trkpt>
      <trkpt lat="44.16137" lon="3.12983">
        <ele>828</ele>
        <time>2026-08-21T15:40:58+00:00</time>
      </trkpt>
      <trkpt lat="44.16143" lon="3.12987">
        <ele>828</ele>
        <time>2026-08-21T15:41:01+00:00</time>
      </trkpt>
      <trkpt lat="44.16145" lon="3.12995">
        <ele>829</ele>
        <time>2026-08-21T15:41:04+00:00</time>
      </trkpt>
      <trkpt lat="44.16143" lon="3.13004">
        <ele>829</ele>
        <time>2026-08-21T15:41:07+00:00</time>
      </trkpt>
      <trkpt lat="44.16138" lon="3.13012">
        <ele>828</ele>
        <time>2026-08-21T15:41:10+00:00</time>
      </trkpt>
      <trkpt lat="44.16137" lon="3.13021">
        <ele>828</ele>
        <time>2026-08-21T15:41:13+00:00</time>
      </trkpt>
      <trkpt lat="44.1614" lon="3.13028">
        <ele>829</ele>
        <time>2026-08-21T15:41:16+00:00</time>
      </trkpt>
      <trkpt lat="44.16146" lon="3.13034">
        <ele>829</ele>
        <time>2026-08-21T15:41:19+00:00</time>
      </trkpt>
      <trkpt lat="44.16152" lon="3.13035">
        <ele>829</ele>
        <time>2026-08-21T15:41:22+00:00</time>
      </trkpt>
      <trkpt lat="44.16159" lon="3.13035">
        <ele>829</ele>
        <time>2026-08-21T15:41:25+00:00</time>
      </trkpt>
      <trkpt lat="44.16165" lon="3.13035">
        <ele>829</ele>
        <time>2026-08-21T15:41:28+00:00</time>
      </trkpt>
      <trkpt lat="44.16171" lon="3.13037">
        <ele>829</ele>
        <time>2026-08-21T15:41:31+00:00</time>
      </trkpt>
      <trkpt lat="44.16174" lon="3.13043">
        <ele>829</ele>
        <time>2026-08-21T15:41:34+00:00</time>
      </trkpt>
      <trkpt lat="44.16173" lon="3.13063">
        <ele>829</ele>
        <time>2026-08-21T15:41:37+00:00</time>
      </trkpt>
      <trkpt lat="44.16174" lon="3.13073">
        <ele>829</ele>
        <time>2026-08-21T15:41:40+00:00</time>
      </trkpt>
      <trkpt lat="44.16178" lon="3.13082">
        <ele>829</ele>
        <time>2026-08-21T15:41:43+00:00</time>
      </trkpt>
      <trkpt lat="44.16183" lon="3.13089">
        <ele>829</ele>
        <time>2026-08-21T15:41:46+00:00</time>
      </trkpt>
      <trkpt lat="44.16185" lon="3.13098">
        <ele>829</ele>
        <time>2026-08-21T15:41:49+00:00</time>
      </trkpt>
      <trkpt lat="44.16185" lon="3.13106">
        <ele>830</ele>
        <time>2026-08-21T15:41:52+00:00</time>
      </trkpt>
      <trkpt lat="44.16188" lon="3.13111">
        <ele>830</ele>
        <time>2026-08-21T15:41:55+00:00</time>
      </trkpt>
      <trkpt lat="44.16194" lon="3.13111">
        <ele>830</ele>
        <time>2026-08-21T15:41:58+00:00</time>
      </trkpt>
      <trkpt lat="44.1621" lon="3.1311">
        <ele>829</ele>
        <time>2026-08-21T15:42:01+00:00</time>
      </trkpt>
      <trkpt lat="44.16217" lon="3.13112">
        <ele>831</ele>
        <time>2026-08-21T15:42:04+00:00</time>
      </trkpt>
      <trkpt lat="44.16242" lon="3.13134">
        <ele>834</ele>
        <time>2026-08-21T15:42:07+00:00</time>
      </trkpt>
      <trkpt lat="44.16247" lon="3.1314">
        <ele>834</ele>
        <time>2026-08-21T15:42:10+00:00</time>
      </trkpt>
      <trkpt lat="44.16256" lon="3.13153">
        <ele>835</ele>
        <time>2026-08-21T15:42:13+00:00</time>
      </trkpt>
      <trkpt lat="44.16268" lon="3.13164">
        <ele>836</ele>
        <time>2026-08-21T15:42:16+00:00</time>
      </trkpt>
      <trkpt lat="44.16279" lon="3.13178">
        <ele>836</ele>
        <time>2026-08-21T15:42:19+00:00</time>
      </trkpt>
      <trkpt lat="44.16298" lon="3.13194">
        <ele>837</ele>
        <time>2026-08-21T15:42:22+00:00</time>
      </trkpt>
      <trkpt lat="44.16311" lon="3.132">
        <ele>837</ele>
        <time>2026-08-21T15:42:25+00:00</time>
      </trkpt>
      <trkpt lat="44.16337" lon="3.13218">
        <ele>837</ele>
        <time>2026-08-21T15:42:28+00:00</time>
      </trkpt>
      <trkpt lat="44.16362" lon="3.13231">
        <ele>837</ele>
        <time>2026-08-21T15:42:31+00:00</time>
      </trkpt>
      <trkpt lat="44.1637" lon="3.13236">
        <ele>834</ele>
        <time>2026-08-21T15:42:34+00:00</time>
      </trkpt>
      <trkpt lat="44.16386" lon="3.1325">
        <ele>835</ele>
        <time>2026-08-21T15:42:37+00:00</time>
      </trkpt>
      <trkpt lat="44.16408" lon="3.1326">
        <ele>834</ele>
        <time>2026-08-21T15:42:40+00:00</time>
      </trkpt>
      <trkpt lat="44.16416" lon="3.13265">
        <ele>833</ele>
        <time>2026-08-21T15:42:43+00:00</time>
      </trkpt>
      <trkpt lat="44.16432" lon="3.13272">
        <ele>834</ele>
        <time>2026-08-21T15:42:46+00:00</time>
      </trkpt>
      <trkpt lat="44.16449" lon="3.13283">
        <ele>834</ele>
        <time>2026-08-21T15:42:49+00:00</time>
      </trkpt>
      <trkpt lat="44.16458" lon="3.13286">
        <ele>833</ele>
        <time>2026-08-21T15:42:52+00:00</time>
      </trkpt>
      <trkpt lat="44.16478" lon="3.13291">
        <ele>833</ele>
        <time>2026-08-21T15:42:55+00:00</time>
      </trkpt>
      <trkpt lat="44.16506" lon="3.133">
        <ele>832</ele>
        <time>2026-08-21T15:42:58+00:00</time>
      </trkpt>
      <trkpt lat="44.16524" lon="3.13303">
        <ele>831</ele>
        <time>2026-08-21T15:43:01+00:00</time>
      </trkpt>
      <trkpt lat="44.16532" lon="3.13308">
        <ele>832</ele>
        <time>2026-08-21T15:43:04+00:00</time>
      </trkpt>
      <trkpt lat="44.16538" lon="3.13316">
        <ele>832</ele>
        <time>2026-08-21T15:43:07+00:00</time>
      </trkpt>
      <trkpt lat="44.16543" lon="3.13323">
        <ele>831</ele>
        <time>2026-08-21T15:43:10+00:00</time>
      </trkpt>
      <trkpt lat="44.16557" lon="3.13334">
        <ele>833</ele>
        <time>2026-08-21T15:43:13+00:00</time>
      </trkpt>
      <trkpt lat="44.16564" lon="3.13338">
        <ele>832</ele>
        <time>2026-08-21T15:43:16+00:00</time>
      </trkpt>
      <trkpt lat="44.16571" lon="3.13339">
        <ele>830</ele>
        <time>2026-08-21T15:43:19+00:00</time>
      </trkpt>
      <trkpt lat="44.16577" lon="3.13343">
        <ele>833</ele>
        <time>2026-08-21T15:43:22+00:00</time>
      </trkpt>
      <trkpt lat="44.16587" lon="3.1336">
        <ele>834</ele>
        <time>2026-08-21T15:43:25+00:00</time>
      </trkpt>
      <trkpt lat="44.16593" lon="3.13367">
        <ele>833</ele>
        <time>2026-08-21T15:43:28+00:00</time>
      </trkpt>
      <trkpt lat="44.166" lon="3.13373">
        <ele>834</ele>
        <time>2026-08-21T15:43:31+00:00</time>
      </trkpt>
      <trkpt lat="44.16607" lon="3.13374">
        <ele>833</ele>
        <time>2026-08-21T15:43:34+00:00</time>
      </trkpt>
      <trkpt lat="44.16614" lon="3.13372">
        <ele>833</ele>
        <time>2026-08-21T15:43:37+00:00</time>
      </trkpt>
      <trkpt lat="44.16621" lon="3.13373">
        <ele>832</ele>
        <time>2026-08-21T15:43:40+00:00</time>
      </trkpt>
      <trkpt lat="44.16627" lon="3.13378">
        <ele>832</ele>
        <time>2026-08-21T15:43:43+00:00</time>
      </trkpt>
      <trkpt lat="44.16633" lon="3.13385">
        <ele>834</ele>
        <time>2026-08-21T15:43:46+00:00</time>
      </trkpt>
      <trkpt lat="44.16638" lon="3.13388">
        <ele>834</ele>
        <time>2026-08-21T15:43:49+00:00</time>
      </trkpt>
      <trkpt lat="44.16649" lon="3.1339">
        <ele>832</ele>
        <time>2026-08-21T15:43:52+00:00</time>
      </trkpt>
      <trkpt lat="44.16666" lon="3.13401">
        <ele>836</ele>
        <time>2026-08-21T15:43:55+00:00</time>
      </trkpt>
      <trkpt lat="44.16671" lon="3.1341">
        <ele>836</ele>
        <time>2026-08-21T15:43:58+00:00</time>
      </trkpt>
      <trkpt lat="44.16674" lon="3.13414">
        <ele>836</ele>
        <time>2026-08-21T15:44:01+00:00</time>
      </trkpt>
      <trkpt lat="44.16683" lon="3.13421">
        <ele>836</ele>
        <time>2026-08-21T15:44:04+00:00</time>
      </trkpt>
      <trkpt lat="44.167" lon="3.13439">
        <ele>836</ele>
        <time>2026-08-21T15:44:07+00:00</time>
      </trkpt>
      <trkpt lat="44.16706" lon="3.13444">
        <ele>836</ele>
        <time>2026-08-21T15:44:10+00:00</time>
      </trkpt>
      <trkpt lat="44.16712" lon="3.13451">
        <ele>835</ele>
        <time>2026-08-21T15:44:13+00:00</time>
      </trkpt>
      <trkpt lat="44.16716" lon="3.13459">
        <ele>835</ele>
        <time>2026-08-21T15:44:16+00:00</time>
      </trkpt>
      <trkpt lat="44.16724" lon="3.13478">
        <ele>836</ele>
        <time>2026-08-21T15:44:19+00:00</time>
      </trkpt>
      <trkpt lat="44.16735" lon="3.13496">
        <ele>835</ele>
        <time>2026-08-21T15:44:22+00:00</time>
      </trkpt>
      <trkpt lat="44.16738" lon="3.13507">
        <ele>834</ele>
        <time>2026-08-21T15:44:25+00:00</time>
      </trkpt>
      <trkpt lat="44.16746" lon="3.13525">
        <ele>833</ele>
        <time>2026-08-21T15:44:28+00:00</time>
      </trkpt>
      <trkpt lat="44.16751" lon="3.13527">
        <ele>833</ele>
        <time>2026-08-21T15:44:31+00:00</time>
      </trkpt>
      <trkpt lat="44.16774" lon="3.13527">
        <ele>831</ele>
        <time>2026-08-21T15:44:34+00:00</time>
      </trkpt>
      <trkpt lat="44.16782" lon="3.13529">
        <ele>830</ele>
        <time>2026-08-21T15:44:37+00:00</time>
      </trkpt>
      <trkpt lat="44.16791" lon="3.13533">
        <ele>831</ele>
        <time>2026-08-21T15:44:40+00:00</time>
      </trkpt>
      <trkpt lat="44.16798" lon="3.13539">
        <ele>831</ele>
        <time>2026-08-21T15:44:43+00:00</time>
      </trkpt>
      <trkpt lat="44.16805" lon="3.13548">
        <ele>831</ele>
        <time>2026-08-21T15:44:46+00:00</time>
      </trkpt>
      <trkpt lat="44.16809" lon="3.13559">
        <ele>831</ele>
        <time>2026-08-21T15:44:49+00:00</time>
      </trkpt>
      <trkpt lat="44.16813" lon="3.1357">
        <ele>830</ele>
        <time>2026-08-21T15:44:52+00:00</time>
      </trkpt>
      <trkpt lat="44.16815" lon="3.13582">
        <ele>829</ele>
        <time>2026-08-21T15:44:55+00:00</time>
      </trkpt>
      <trkpt lat="44.16815" lon="3.13591">
        <ele>829</ele>
        <time>2026-08-21T15:44:58+00:00</time>
      </trkpt>
      <trkpt lat="44.16817" lon="3.136">
        <ele>829</ele>
        <time>2026-08-21T15:45:01+00:00</time>
      </trkpt>
      <trkpt lat="44.16822" lon="3.13604">
        <ele>829</ele>
        <time>2026-08-21T15:45:04+00:00</time>
      </trkpt>
      <trkpt lat="44.16828" lon="3.13605">
        <ele>829</ele>
        <time>2026-08-21T15:45:07+00:00</time>
      </trkpt>
      <trkpt lat="44.16834" lon="3.13604">
        <ele>829</ele>
        <time>2026-08-21T15:45:10+00:00</time>
      </trkpt>
      <trkpt lat="44.16839" lon="3.13607">
        <ele>829</ele>
        <time>2026-08-21T15:45:13+00:00</time>
      </trkpt>
      <trkpt lat="44.16843" lon="3.13614">
        <ele>827</ele>
        <time>2026-08-21T15:45:16+00:00</time>
      </trkpt>
      <trkpt lat="44.16847" lon="3.13624">
        <ele>827</ele>
        <time>2026-08-21T15:45:19+00:00</time>
      </trkpt>
      <trkpt lat="44.16852" lon="3.13633">
        <ele>827</ele>
        <time>2026-08-21T15:45:22+00:00</time>
      </trkpt>
      <trkpt lat="44.16863" lon="3.13649">
        <ele>827</ele>
        <time>2026-08-21T15:45:25+00:00</time>
      </trkpt>
      <trkpt lat="44.16866" lon="3.13651">
        <ele>827</ele>
        <time>2026-08-21T15:45:28+00:00</time>
      </trkpt>
      <trkpt lat="44.16869" lon="3.13653">
        <ele>827</ele>
        <time>2026-08-21T15:45:31+00:00</time>
      </trkpt>
      <trkpt lat="44.16875" lon="3.13652">
        <ele>826</ele>
        <time>2026-08-21T15:45:34+00:00</time>
      </trkpt>
      <trkpt lat="44.16881" lon="3.13652">
        <ele>825</ele>
        <time>2026-08-21T15:45:37+00:00</time>
      </trkpt>
      <trkpt lat="44.16887" lon="3.13654">
        <ele>825</ele>
        <time>2026-08-21T15:45:40+00:00</time>
      </trkpt>
      <trkpt lat="44.169" lon="3.13661">
        <ele>825</ele>
        <time>2026-08-21T15:45:43+00:00</time>
      </trkpt>
      <trkpt lat="44.16908" lon="3.13665">
        <ele>825</ele>
        <time>2026-08-21T15:45:46+00:00</time>
      </trkpt>
      <trkpt lat="44.16914" lon="3.13673">
        <ele>824</ele>
        <time>2026-08-21T15:45:49+00:00</time>
      </trkpt>
      <trkpt lat="44.16917" lon="3.13683">
        <ele>823</ele>
        <time>2026-08-21T15:45:52+00:00</time>
      </trkpt>
      <trkpt lat="44.16917" lon="3.13692">
        <ele>823</ele>
        <time>2026-08-21T15:45:55+00:00</time>
      </trkpt>
      <trkpt lat="44.16917" lon="3.13702">
        <ele>823</ele>
        <time>2026-08-21T15:45:58+00:00</time>
      </trkpt>
      <trkpt lat="44.1692" lon="3.13711">
        <ele>822</ele>
        <time>2026-08-21T15:46:01+00:00</time>
      </trkpt>
      <trkpt lat="44.16931" lon="3.13728">
        <ele>821</ele>
        <time>2026-08-21T15:46:04+00:00</time>
      </trkpt>
      <trkpt lat="44.16936" lon="3.13739">
        <ele>822</ele>
        <time>2026-08-21T15:46:07+00:00</time>
      </trkpt>
      <trkpt lat="44.1694" lon="3.1375">
        <ele>821</ele>
        <time>2026-08-21T15:46:10+00:00</time>
      </trkpt>
      <trkpt lat="44.16942" lon="3.13762">
        <ele>821</ele>
        <time>2026-08-21T15:46:13+00:00</time>
      </trkpt>
      <trkpt lat="44.16943" lon="3.13773">
        <ele>820</ele>
        <time>2026-08-21T15:46:16+00:00</time>
      </trkpt>
      <trkpt lat="44.16944" lon="3.13783">
        <ele>819</ele>
        <time>2026-08-21T15:46:19+00:00</time>
      </trkpt>
      <trkpt lat="44.16947" lon="3.13797">
        <ele>818</ele>
        <time>2026-08-21T15:46:22+00:00</time>
      </trkpt>
      <trkpt lat="44.16948" lon="3.13802">
        <ele>818</ele>
        <time>2026-08-21T15:46:25+00:00</time>
      </trkpt>
      <trkpt lat="44.16953" lon="3.13807">
        <ele>818</ele>
        <time>2026-08-21T15:46:28+00:00</time>
      </trkpt>
      <trkpt lat="44.16968" lon="3.13813">
        <ele>817</ele>
        <time>2026-08-21T15:46:31+00:00</time>
      </trkpt>
      <trkpt lat="44.16975" lon="3.13817">
        <ele>816</ele>
        <time>2026-08-21T15:46:34+00:00</time>
      </trkpt>
      <trkpt lat="44.16982" lon="3.1382">
        <ele>814</ele>
        <time>2026-08-21T15:46:37+00:00</time>
      </trkpt>
      <trkpt lat="44.16988" lon="3.13821">
        <ele>814</ele>
        <time>2026-08-21T15:46:40+00:00</time>
      </trkpt>
      <trkpt lat="44.16992" lon="3.1382">
        <ele>810</ele>
        <time>2026-08-21T15:46:43+00:00</time>
      </trkpt>
      <trkpt lat="44.16994" lon="3.13815">
        <ele>810</ele>
        <time>2026-08-21T15:46:46+00:00</time>
      </trkpt>
      <trkpt lat="44.16992" lon="3.13794">
        <ele>803</ele>
        <time>2026-08-21T15:46:49+00:00</time>
      </trkpt>
      <trkpt lat="44.16991" lon="3.13789">
        <ele>800</ele>
        <time>2026-08-21T15:46:52+00:00</time>
      </trkpt>
      <trkpt lat="44.16992" lon="3.13787">
        <ele>800</ele>
        <time>2026-08-21T15:46:55+00:00</time>
      </trkpt>
      <trkpt lat="44.16996" lon="3.13789">
        <ele>800</ele>
        <time>2026-08-21T15:46:58+00:00</time>
      </trkpt>
      <trkpt lat="44.17005" lon="3.13795">
        <ele>797</ele>
        <time>2026-08-21T15:47:01+00:00</time>
      </trkpt>
      <trkpt lat="44.17032" lon="3.13817">
        <ele>785</ele>
        <time>2026-08-21T15:47:04+00:00</time>
      </trkpt>
      <trkpt lat="44.1704" lon="3.13826">
        <ele>781</ele>
        <time>2026-08-21T15:47:07+00:00</time>
      </trkpt>
      <trkpt lat="44.17045" lon="3.13832">
        <ele>781</ele>
        <time>2026-08-21T15:47:10+00:00</time>
      </trkpt>
      <trkpt lat="44.17049" lon="3.13835">
        <ele>781</ele>
        <time>2026-08-21T15:47:13+00:00</time>
      </trkpt>
      <trkpt lat="44.17053" lon="3.13834">
        <ele>776</ele>
        <time>2026-08-21T15:47:16+00:00</time>
      </trkpt>
      <trkpt lat="44.17057" lon="3.13829">
        <ele>775</ele>
        <time>2026-08-21T15:47:19+00:00</time>
      </trkpt>
      <trkpt lat="44.17063" lon="3.13829">
        <ele>771</ele>
        <time>2026-08-21T15:47:22+00:00</time>
      </trkpt>
      <trkpt lat="44.1707" lon="3.1383">
        <ele>771</ele>
        <time>2026-08-21T15:47:25+00:00</time>
      </trkpt>
      <trkpt lat="44.17084" lon="3.13832">
        <ele>763</ele>
        <time>2026-08-21T15:47:28+00:00</time>
      </trkpt>
      <trkpt lat="44.17104" lon="3.13835">
        <ele>756</ele>
        <time>2026-08-21T15:47:31+00:00</time>
      </trkpt>
      <trkpt lat="44.17107" lon="3.13832">
        <ele>756</ele>
        <time>2026-08-21T15:47:34+00:00</time>
      </trkpt>
      <trkpt lat="44.1711" lon="3.13822">
        <ele>754</ele>
        <time>2026-08-21T15:47:37+00:00</time>
      </trkpt>
      <trkpt lat="44.17113" lon="3.13819">
        <ele>745</ele>
        <time>2026-08-21T15:47:40+00:00</time>
      </trkpt>
      <trkpt lat="44.17124" lon="3.13819">
        <ele>741</ele>
        <time>2026-08-21T15:47:43+00:00</time>
      </trkpt>
      <trkpt lat="44.17136" lon="3.13821">
        <ele>739</ele>
        <time>2026-08-21T15:47:46+00:00</time>
      </trkpt>
      <trkpt lat="44.1715" lon="3.13821">
        <ele>731</ele>
        <time>2026-08-21T15:47:49+00:00</time>
      </trkpt>
      <trkpt lat="44.17164" lon="3.13818">
        <ele>727</ele>
        <time>2026-08-21T15:47:52+00:00</time>
      </trkpt>
      <trkpt lat="44.17171" lon="3.13814">
        <ele>722</ele>
        <time>2026-08-21T15:47:55+00:00</time>
      </trkpt>
      <trkpt lat="44.17173" lon="3.13808">
        <ele>718</ele>
        <time>2026-08-21T15:47:58+00:00</time>
      </trkpt>
      <trkpt lat="44.17171" lon="3.13801">
        <ele>718</ele>
        <time>2026-08-21T15:48:01+00:00</time>
      </trkpt>
      <trkpt lat="44.17155" lon="3.13774">
        <ele>712</ele>
        <time>2026-08-21T15:48:04+00:00</time>
      </trkpt>
      <trkpt lat="44.1714" lon="3.13743">
        <ele>708</ele>
        <time>2026-08-21T15:48:07+00:00</time>
      </trkpt>
      <trkpt lat="44.17127" lon="3.1372">
        <ele>705</ele>
        <time>2026-08-21T15:48:10+00:00</time>
      </trkpt>
      <trkpt lat="44.1712" lon="3.13705">
        <ele>701</ele>
        <time>2026-08-21T15:48:13+00:00</time>
      </trkpt>
      <trkpt lat="44.17115" lon="3.13693">
        <ele>698</ele>
        <time>2026-08-21T15:48:16+00:00</time>
      </trkpt>
      <trkpt lat="44.17108" lon="3.13667">
        <ele>695</ele>
        <time>2026-08-21T15:48:19+00:00</time>
      </trkpt>
      <trkpt lat="44.17098" lon="3.13643">
        <ele>693</ele>
        <time>2026-08-21T15:48:22+00:00</time>
      </trkpt>
      <trkpt lat="44.17097" lon="3.13638">
        <ele>690</ele>
        <time>2026-08-21T15:48:25+00:00</time>
      </trkpt>
      <trkpt lat="44.17097" lon="3.13633">
        <ele>690</ele>
        <time>2026-08-21T15:48:28+00:00</time>
      </trkpt>
      <trkpt lat="44.17099" lon="3.13631">
        <ele>690</ele>
        <time>2026-08-21T15:48:31+00:00</time>
      </trkpt>
      <trkpt lat="44.17107" lon="3.13634">
        <ele>685</ele>
        <time>2026-08-21T15:48:34+00:00</time>
      </trkpt>
      <trkpt lat="44.17116" lon="3.1364">
        <ele>678</ele>
        <time>2026-08-21T15:48:37+00:00</time>
      </trkpt>
      <trkpt lat="44.17129" lon="3.13649">
        <ele>676</ele>
        <time>2026-08-21T15:48:40+00:00</time>
      </trkpt>
      <trkpt lat="44.17157" lon="3.13666">
        <ele>665</ele>
        <time>2026-08-21T15:48:43+00:00</time>
      </trkpt>
      <trkpt lat="44.17165" lon="3.1367">
        <ele>663</ele>
        <time>2026-08-21T15:48:46+00:00</time>
      </trkpt>
      <trkpt lat="44.17181" lon="3.13673">
        <ele>654</ele>
        <time>2026-08-21T15:48:49+00:00</time>
      </trkpt>
      <trkpt lat="44.17214" lon="3.1368">
        <ele>645</ele>
        <time>2026-08-21T15:48:52+00:00</time>
      </trkpt>
      <trkpt lat="44.17242" lon="3.13686">
        <ele>637</ele>
        <time>2026-08-21T15:48:55+00:00</time>
      </trkpt>
      <trkpt lat="44.17251" lon="3.13688">
        <ele>635</ele>
        <time>2026-08-21T15:48:58+00:00</time>
      </trkpt>
      <trkpt lat="44.17263" lon="3.13694">
        <ele>635</ele>
        <time>2026-08-21T15:49:01+00:00</time>
      </trkpt>
      <trkpt lat="44.17266" lon="3.13693">
        <ele>635</ele>
        <time>2026-08-21T15:49:04+00:00</time>
      </trkpt>
      <trkpt lat="44.17267" lon="3.1369">
        <ele>635</ele>
        <time>2026-08-21T15:49:07+00:00</time>
      </trkpt>
      <trkpt lat="44.17263" lon="3.13681">
        <ele>630</ele>
        <time>2026-08-21T15:49:10+00:00</time>
      </trkpt>
      <trkpt lat="44.17257" lon="3.13671">
        <ele>631</ele>
        <time>2026-08-21T15:49:13+00:00</time>
      </trkpt>
      <trkpt lat="44.17242" lon="3.13653">
        <ele>624</ele>
        <time>2026-08-21T15:49:16+00:00</time>
      </trkpt>
      <trkpt lat="44.17237" lon="3.13646">
        <ele>622</ele>
        <time>2026-08-21T15:49:19+00:00</time>
      </trkpt>
      <trkpt lat="44.17238" lon="3.13641">
        <ele>622</ele>
        <time>2026-08-21T15:49:22+00:00</time>
      </trkpt>
      <trkpt lat="44.17253" lon="3.13636">
        <ele>614</ele>
        <time>2026-08-21T15:49:25+00:00</time>
      </trkpt>
      <trkpt lat="44.17279" lon="3.13633">
        <ele>610</ele>
        <time>2026-08-21T15:49:28+00:00</time>
      </trkpt>
      <trkpt lat="44.17302" lon="3.13627">
        <ele>598</ele>
        <time>2026-08-21T15:49:31+00:00</time>
      </trkpt>
      <trkpt lat="44.1731" lon="3.13626">
        <ele>598</ele>
        <time>2026-08-21T15:49:34+00:00</time>
      </trkpt>
      <trkpt lat="44.17333" lon="3.13626">
        <ele>592</ele>
        <time>2026-08-21T15:49:37+00:00</time>
      </trkpt>
      <trkpt lat="44.17341" lon="3.13625">
        <ele>589</ele>
        <time>2026-08-21T15:49:40+00:00</time>
      </trkpt>
      <trkpt lat="44.17353" lon="3.13625">
        <ele>585</ele>
        <time>2026-08-21T15:49:43+00:00</time>
      </trkpt>
      <trkpt lat="44.17359" lon="3.13621">
        <ele>585</ele>
        <time>2026-08-21T15:49:46+00:00</time>
      </trkpt>
      <trkpt lat="44.17364" lon="3.13612">
        <ele>582</ele>
        <time>2026-08-21T15:49:49+00:00</time>
      </trkpt>
      <trkpt lat="44.17368" lon="3.136">
        <ele>581</ele>
        <time>2026-08-21T15:49:52+00:00</time>
      </trkpt>
      <trkpt lat="44.17371" lon="3.13588">
        <ele>575</ele>
        <time>2026-08-21T15:49:55+00:00</time>
      </trkpt>
      <trkpt lat="44.1737" lon="3.13576">
        <ele>573</ele>
        <time>2026-08-21T15:49:58+00:00</time>
      </trkpt>
      <trkpt lat="44.17368" lon="3.13566">
        <ele>570</ele>
        <time>2026-08-21T15:50:01+00:00</time>
      </trkpt>
      <trkpt lat="44.17367" lon="3.13557">
        <ele>568</ele>
        <time>2026-08-21T15:50:04+00:00</time>
      </trkpt>
      <trkpt lat="44.1737" lon="3.13551">
        <ele>568</ele>
        <time>2026-08-21T15:50:07+00:00</time>
      </trkpt>
      <trkpt lat="44.17376" lon="3.13547">
        <ele>563</ele>
        <time>2026-08-21T15:50:10+00:00</time>
      </trkpt>
      <trkpt lat="44.17385" lon="3.13548">
        <ele>560</ele>
        <time>2026-08-21T15:50:13+00:00</time>
      </trkpt>
      <trkpt lat="44.17394" lon="3.13552">
        <ele>561</ele>
        <time>2026-08-21T15:50:16+00:00</time>
      </trkpt>
      <trkpt lat="44.17409" lon="3.13561">
        <ele>559</ele>
        <time>2026-08-21T15:50:19+00:00</time>
      </trkpt>
      <trkpt lat="44.17414" lon="3.13559">
        <ele>553</ele>
        <time>2026-08-21T15:50:22+00:00</time>
      </trkpt>
      <trkpt lat="44.17418" lon="3.13552">
        <ele>553</ele>
        <time>2026-08-21T15:50:25+00:00</time>
      </trkpt>
      <trkpt lat="44.17421" lon="3.13542">
        <ele>548</ele>
        <time>2026-08-21T15:50:28+00:00</time>
      </trkpt>
      <trkpt lat="44.17424" lon="3.13522">
        <ele>544</ele>
        <time>2026-08-21T15:50:31+00:00</time>
      </trkpt>
      <trkpt lat="44.17427" lon="3.13517">
        <ele>542</ele>
        <time>2026-08-21T15:50:34+00:00</time>
      </trkpt>
      <trkpt lat="44.17432" lon="3.13515">
        <ele>540</ele>
        <time>2026-08-21T15:50:37+00:00</time>
      </trkpt>
      <trkpt lat="44.1745" lon="3.1351">
        <ele>531</ele>
        <time>2026-08-21T15:50:40+00:00</time>
      </trkpt>
      <trkpt lat="44.17463" lon="3.13504">
        <ele>528</ele>
        <time>2026-08-21T15:50:43+00:00</time>
      </trkpt>
      <trkpt lat="44.17474" lon="3.13497">
        <ele>523</ele>
        <time>2026-08-21T15:50:46+00:00</time>
      </trkpt>
      <trkpt lat="44.17479" lon="3.13492">
        <ele>523</ele>
        <time>2026-08-21T15:50:49+00:00</time>
      </trkpt>
      <trkpt lat="44.17484" lon="3.13487">
        <ele>520</ele>
        <time>2026-08-21T15:50:52+00:00</time>
      </trkpt>
      <trkpt lat="44.17497" lon="3.13465">
        <ele>514</ele>
        <time>2026-08-21T15:50:55+00:00</time>
      </trkpt>
      <trkpt lat="44.17507" lon="3.13452">
        <ele>510</ele>
        <time>2026-08-21T15:50:58+00:00</time>
      </trkpt>
      <trkpt lat="44.17515" lon="3.13438">
        <ele>504</ele>
        <time>2026-08-21T15:51:01+00:00</time>
      </trkpt>
      <trkpt lat="44.17523" lon="3.13424">
        <ele>501</ele>
        <time>2026-08-21T15:51:04+00:00</time>
      </trkpt>
      <trkpt lat="44.17536" lon="3.13398">
        <ele>494</ele>
        <time>2026-08-21T15:51:07+00:00</time>
      </trkpt>
      <trkpt lat="44.17542" lon="3.13391">
        <ele>492</ele>
        <time>2026-08-21T15:51:10+00:00</time>
      </trkpt>
      <trkpt lat="44.17549" lon="3.13383">
        <ele>491</ele>
        <time>2026-08-21T15:51:13+00:00</time>
      </trkpt>
      <trkpt lat="44.17567" lon="3.13365">
        <ele>486</ele>
        <time>2026-08-21T15:51:16+00:00</time>
      </trkpt>
      <trkpt lat="44.17578" lon="3.13355">
        <ele>483</ele>
        <time>2026-08-21T15:51:19+00:00</time>
      </trkpt>
      <trkpt lat="44.17595" lon="3.13343">
        <ele>479</ele>
        <time>2026-08-21T15:51:22+00:00</time>
      </trkpt>
      <trkpt lat="44.17613" lon="3.1333">
        <ele>475</ele>
        <time>2026-08-21T15:51:25+00:00</time>
      </trkpt>
      <trkpt lat="44.17633" lon="3.1332">
        <ele>468</ele>
        <time>2026-08-21T15:51:28+00:00</time>
      </trkpt>
      <trkpt lat="44.1764" lon="3.13313">
        <ele>466</ele>
        <time>2026-08-21T15:51:31+00:00</time>
      </trkpt>
      <trkpt lat="44.17643" lon="3.13303">
        <ele>465</ele>
        <time>2026-08-21T15:51:34+00:00</time>
      </trkpt>
      <trkpt lat="44.1764" lon="3.13293">
        <ele>464</ele>
        <time>2026-08-21T15:51:37+00:00</time>
      </trkpt>
      <trkpt lat="44.17635" lon="3.13283">
        <ele>463</ele>
        <time>2026-08-21T15:51:40+00:00</time>
      </trkpt>
      <trkpt lat="44.17627" lon="3.13274">
        <ele>462</ele>
        <time>2026-08-21T15:51:43+00:00</time>
      </trkpt>
      <trkpt lat="44.17619" lon="3.13267">
        <ele>460</ele>
        <time>2026-08-21T15:51:46+00:00</time>
      </trkpt>
      <trkpt lat="44.17602" lon="3.13255">
        <ele>458</ele>
        <time>2026-08-21T15:51:49+00:00</time>
      </trkpt>
      <trkpt lat="44.17594" lon="3.13248">
        <ele>455</ele>
        <time>2026-08-21T15:51:52+00:00</time>
      </trkpt>
      <trkpt lat="44.17586" lon="3.1324">
        <ele>455</ele>
        <time>2026-08-21T15:51:55+00:00</time>
      </trkpt>
      <trkpt lat="44.17571" lon="3.13222">
        <ele>450</ele>
        <time>2026-08-21T15:51:58+00:00</time>
      </trkpt>
      <trkpt lat="44.17554" lon="3.13204">
        <ele>445</ele>
        <time>2026-08-21T15:52:01+00:00</time>
      </trkpt>
      <trkpt lat="44.17551" lon="3.13196">
        <ele>443</ele>
        <time>2026-08-21T15:52:04+00:00</time>
      </trkpt>
      <trkpt lat="44.17555" lon="3.13192">
        <ele>443</ele>
        <time>2026-08-21T15:52:07+00:00</time>
      </trkpt>
      <trkpt lat="44.17565" lon="3.13192">
        <ele>441</ele>
        <time>2026-08-21T15:52:10+00:00</time>
      </trkpt>
      <trkpt lat="44.17587" lon="3.13199">
        <ele>440</ele>
        <time>2026-08-21T15:52:13+00:00</time>
      </trkpt>
      <trkpt lat="44.17606" lon="3.13203">
        <ele>441</ele>
        <time>2026-08-21T15:52:16+00:00</time>
      </trkpt>
      <trkpt lat="44.17624" lon="3.13204">
        <ele>439</ele>
        <time>2026-08-21T15:52:19+00:00</time>
      </trkpt>
      <trkpt lat="44.17634" lon="3.13202">
        <ele>439</ele>
        <time>2026-08-21T15:52:22+00:00</time>
      </trkpt>
      <trkpt lat="44.17663" lon="3.13191">
        <ele>438</ele>
        <time>2026-08-21T15:52:25+00:00</time>
      </trkpt>
      <trkpt lat="44.17673" lon="3.13188">
        <ele>436</ele>
        <time>2026-08-21T15:52:28+00:00</time>
      </trkpt>
      <trkpt lat="44.17692" lon="3.13187">
        <ele>436</ele>
        <time>2026-08-21T15:52:31+00:00</time>
      </trkpt>
      <trkpt lat="44.17721" lon="3.13184">
        <ele>434</ele>
        <time>2026-08-21T15:52:34+00:00</time>
      </trkpt>
      <trkpt lat="44.1773" lon="3.13184">
        <ele>433</ele>
        <time>2026-08-21T15:52:37+00:00</time>
      </trkpt>
      <trkpt lat="44.17739" lon="3.13189">
        <ele>433</ele>
        <time>2026-08-21T15:52:40+00:00</time>
      </trkpt>
      <trkpt lat="44.17746" lon="3.13197">
        <ele>433</ele>
        <time>2026-08-21T15:52:43+00:00</time>
      </trkpt>
      <trkpt lat="44.17766" lon="3.13229">
        <ele>431</ele>
        <time>2026-08-21T15:52:46+00:00</time>
      </trkpt>
      <trkpt lat="44.17772" lon="3.13241">
        <ele>430</ele>
        <time>2026-08-21T15:52:49+00:00</time>
      </trkpt>
      <trkpt lat="44.17777" lon="3.13253">
        <ele>431</ele>
        <time>2026-08-21T15:52:52+00:00</time>
      </trkpt>
      <trkpt lat="44.1778" lon="3.13266">
        <ele>432</ele>
        <time>2026-08-21T15:52:55+00:00</time>
      </trkpt>
      <trkpt lat="44.17782" lon="3.13278">
        <ele>429</ele>
        <time>2026-08-21T15:52:58+00:00</time>
      </trkpt>
      <trkpt lat="44.17784" lon="3.13302">
        <ele>429</ele>
        <time>2026-08-21T15:53:01+00:00</time>
      </trkpt>
      <trkpt lat="44.17787" lon="3.1334">
        <ele>427</ele>
        <time>2026-08-21T15:53:04+00:00</time>
      </trkpt>
      <trkpt lat="44.17791" lon="3.1335">
        <ele>424</ele>
        <time>2026-08-21T15:53:07+00:00</time>
      </trkpt>
      <trkpt lat="44.17797" lon="3.13357">
        <ele>424</ele>
        <time>2026-08-21T15:53:10+00:00</time>
      </trkpt>
      <trkpt lat="44.17803" lon="3.13366">
        <ele>426</ele>
        <time>2026-08-21T15:53:13+00:00</time>
      </trkpt>
      <trkpt lat="44.17803" lon="3.13375">
        <ele>423</ele>
        <time>2026-08-21T15:53:16+00:00</time>
      </trkpt>
      <trkpt lat="44.17797" lon="3.13393">
        <ele>426</ele>
        <time>2026-08-21T15:53:19+00:00</time>
      </trkpt>
      <trkpt lat="44.17796" lon="3.13403">
        <ele>425</ele>
        <time>2026-08-21T15:53:22+00:00</time>
      </trkpt>
      <trkpt lat="44.17796" lon="3.13421">
        <ele>427</ele>
        <time>2026-08-21T15:53:25+00:00</time>
      </trkpt>
      <trkpt lat="44.17795" lon="3.13429">
        <ele>427</ele>
        <time>2026-08-21T15:53:28+00:00</time>
      </trkpt>
      <trkpt lat="44.17793" lon="3.13446">
        <ele>429</ele>
        <time>2026-08-21T15:53:31+00:00</time>
      </trkpt>
      <trkpt lat="44.17791" lon="3.13454">
        <ele>430</ele>
        <time>2026-08-21T15:53:34+00:00</time>
      </trkpt>
      <trkpt lat="44.17787" lon="3.13462">
        <ele>430</ele>
        <time>2026-08-21T15:53:37+00:00</time>
      </trkpt>
      <trkpt lat="44.17778" lon="3.13479">
        <ele>430</ele>
        <time>2026-08-21T15:53:40+00:00</time>
      </trkpt>
      <trkpt lat="44.17773" lon="3.13488">
        <ele>432</ele>
        <time>2026-08-21T15:53:43+00:00</time>
      </trkpt>
      <trkpt lat="44.17769" lon="3.13498">
        <ele>433</ele>
        <time>2026-08-21T15:53:46+00:00</time>
      </trkpt>
      <trkpt lat="44.17765" lon="3.13512">
        <ele>433</ele>
        <time>2026-08-21T15:53:49+00:00</time>
      </trkpt>
      <trkpt lat="44.17754" lon="3.13554">
        <ele>435</ele>
        <time>2026-08-21T15:53:52+00:00</time>
      </trkpt>
      <trkpt lat="44.1774" lon="3.13598">
        <ele>441</ele>
        <time>2026-08-21T15:53:55+00:00</time>
      </trkpt>
      <trkpt lat="44.17726" lon="3.13633">
        <ele>441</ele>
        <time>2026-08-21T15:53:58+00:00</time>
      </trkpt>
      <trkpt lat="44.17722" lon="3.13642">
        <ele>442</ele>
        <time>2026-08-21T15:54:01+00:00</time>
      </trkpt>
      <trkpt lat="44.17708" lon="3.13666">
        <ele>445</ele>
        <time>2026-08-21T15:54:04+00:00</time>
      </trkpt>
      <trkpt lat="44.17694" lon="3.13696">
        <ele>445</ele>
        <time>2026-08-21T15:54:07+00:00</time>
      </trkpt>
      <trkpt lat="44.1769" lon="3.13707">
        <ele>449</ele>
        <time>2026-08-21T15:54:10+00:00</time>
      </trkpt>
      <trkpt lat="44.17686" lon="3.1372">
        <ele>449</ele>
        <time>2026-08-21T15:54:13+00:00</time>
      </trkpt>
      <trkpt lat="44.17677" lon="3.13754">
        <ele>452</ele>
        <time>2026-08-21T15:54:16+00:00</time>
      </trkpt>
      <trkpt lat="44.17674" lon="3.13762">
        <ele>451</ele>
        <time>2026-08-21T15:54:19+00:00</time>
      </trkpt>
      <trkpt lat="44.17664" lon="3.13785">
        <ele>452</ele>
        <time>2026-08-21T15:54:22+00:00</time>
      </trkpt>
      <trkpt lat="44.17648" lon="3.13811">
        <ele>456</ele>
        <time>2026-08-21T15:54:25+00:00</time>
      </trkpt>
      <trkpt lat="44.17631" lon="3.13837">
        <ele>456</ele>
        <time>2026-08-21T15:54:28+00:00</time>
      </trkpt>
      <trkpt lat="44.17619" lon="3.1385">
        <ele>463</ele>
        <time>2026-08-21T15:54:31+00:00</time>
      </trkpt>
      <trkpt lat="44.17613" lon="3.13858">
        <ele>461</ele>
        <time>2026-08-21T15:54:34+00:00</time>
      </trkpt>
      <trkpt lat="44.17609" lon="3.13865">
        <ele>464</ele>
        <time>2026-08-21T15:54:37+00:00</time>
      </trkpt>
      <trkpt lat="44.17603" lon="3.13879">
        <ele>462</ele>
        <time>2026-08-21T15:54:40+00:00</time>
      </trkpt>
      <trkpt lat="44.17599" lon="3.13884">
        <ele>465</ele>
        <time>2026-08-21T15:54:43+00:00</time>
      </trkpt>
      <trkpt lat="44.1759" lon="3.13892">
        <ele>468</ele>
        <time>2026-08-21T15:54:46+00:00</time>
      </trkpt>
      <trkpt lat="44.17581" lon="3.13902">
        <ele>465</ele>
        <time>2026-08-21T15:54:49+00:00</time>
      </trkpt>
      <trkpt lat="44.17578" lon="3.13907">
        <ele>469</ele>
        <time>2026-08-21T15:54:52+00:00</time>
      </trkpt>
      <trkpt lat="44.17577" lon="3.13913">
        <ele>467</ele>
        <time>2026-08-21T15:54:55+00:00</time>
      </trkpt>
      <trkpt lat="44.17575" lon="3.13925">
        <ele>467</ele>
        <time>2026-08-21T15:54:58+00:00</time>
      </trkpt>
      <trkpt lat="44.17574" lon="3.13931">
        <ele>468</ele>
        <time>2026-08-21T15:55:01+00:00</time>
      </trkpt>
      <trkpt lat="44.17572" lon="3.13934">
        <ele>468</ele>
        <time>2026-08-21T15:55:04+00:00</time>
      </trkpt>
      <trkpt lat="44.17571" lon="3.13937">
        <ele>468</ele>
        <time>2026-08-21T15:55:07+00:00</time>
      </trkpt>
      <trkpt lat="44.17566" lon="3.13943">
        <ele>469</ele>
        <time>2026-08-21T15:55:10+00:00</time>
      </trkpt>
      <trkpt lat="44.1755" lon="3.1396">
        <ele>473</ele>
        <time>2026-08-21T15:55:13+00:00</time>
      </trkpt>
      <trkpt lat="44.17546" lon="3.13966">
        <ele>473</ele>
        <time>2026-08-21T15:55:16+00:00</time>
      </trkpt>
      <trkpt lat="44.17539" lon="3.13979">
        <ele>475</ele>
        <time>2026-08-21T15:55:19+00:00</time>
      </trkpt>
      <trkpt lat="44.17534" lon="3.13994">
        <ele>479</ele>
        <time>2026-08-21T15:55:22+00:00</time>
      </trkpt>
      <trkpt lat="44.17525" lon="3.14012">
        <ele>481</ele>
        <time>2026-08-21T15:55:25+00:00</time>
      </trkpt>
      <trkpt lat="44.17511" lon="3.14031">
        <ele>483</ele>
        <time>2026-08-21T15:55:28+00:00</time>
      </trkpt>
      <trkpt lat="44.17504" lon="3.14036">
        <ele>482</ele>
        <time>2026-08-21T15:55:31+00:00</time>
      </trkpt>
      <trkpt lat="44.17497" lon="3.14039">
        <ele>483</ele>
        <time>2026-08-21T15:55:34+00:00</time>
      </trkpt>
      <trkpt lat="44.17491" lon="3.14039">
        <ele>483</ele>
        <time>2026-08-21T15:55:37+00:00</time>
      </trkpt>
      <trkpt lat="44.17483" lon="3.14034">
        <ele>486</ele>
        <time>2026-08-21T15:55:40+00:00</time>
      </trkpt>
      <trkpt lat="44.1748" lon="3.14033">
        <ele>488</ele>
        <time>2026-08-21T15:55:43+00:00</time>
      </trkpt>
      <trkpt lat="44.17477" lon="3.14033">
        <ele>488</ele>
        <time>2026-08-21T15:55:46+00:00</time>
      </trkpt>
      <trkpt lat="44.17467" lon="3.14037">
        <ele>495</ele>
        <time>2026-08-21T15:55:49+00:00</time>
      </trkpt>
      <trkpt lat="44.17462" lon="3.14038">
        <ele>495</ele>
        <time>2026-08-21T15:55:52+00:00</time>
      </trkpt>
      <trkpt lat="44.17459" lon="3.14039">
        <ele>499</ele>
        <time>2026-08-21T15:55:55+00:00</time>
      </trkpt>
      <trkpt lat="44.17449" lon="3.14046">
        <ele>499</ele>
        <time>2026-08-21T15:55:58+00:00</time>
      </trkpt>
      <trkpt lat="44.17443" lon="3.14051">
        <ele>497</ele>
        <time>2026-08-21T15:56:01+00:00</time>
      </trkpt>
      <trkpt lat="44.17437" lon="3.14056">
        <ele>504</ele>
        <time>2026-08-21T15:56:04+00:00</time>
      </trkpt>
      <trkpt lat="44.17429" lon="3.14059">
        <ele>506</ele>
        <time>2026-08-21T15:56:07+00:00</time>
      </trkpt>
      <trkpt lat="44.17425" lon="3.1406">
        <ele>506</ele>
        <time>2026-08-21T15:56:10+00:00</time>
      </trkpt>
      <trkpt lat="44.17421" lon="3.14059">
        <ele>506</ele>
        <time>2026-08-21T15:56:13+00:00</time>
      </trkpt>
      <trkpt lat="44.17413" lon="3.14056">
        <ele>506</ele>
        <time>2026-08-21T15:56:16+00:00</time>
      </trkpt>
      <trkpt lat="44.17409" lon="3.14056">
        <ele>509</ele>
        <time>2026-08-21T15:56:19+00:00</time>
      </trkpt>
      <trkpt lat="44.174" lon="3.1406">
        <ele>511</ele>
        <time>2026-08-21T15:56:22+00:00</time>
      </trkpt>
      <trkpt lat="44.17392" lon="3.14061">
        <ele>509</ele>
        <time>2026-08-21T15:56:25+00:00</time>
      </trkpt>
      <trkpt lat="44.17379" lon="3.14062">
        <ele>515</ele>
        <time>2026-08-21T15:56:28+00:00</time>
      </trkpt>
      <trkpt lat="44.17374" lon="3.14063">
        <ele>515</ele>
        <time>2026-08-21T15:56:31+00:00</time>
      </trkpt>
      <trkpt lat="44.17351" lon="3.14069">
        <ele>521</ele>
        <time>2026-08-21T15:56:34+00:00</time>
      </trkpt>
      <trkpt lat="44.17324" lon="3.14076">
        <ele>528</ele>
        <time>2026-08-21T15:56:37+00:00</time>
      </trkpt>
      <trkpt lat="44.1731" lon="3.14084">
        <ele>530</ele>
        <time>2026-08-21T15:56:40+00:00</time>
      </trkpt>
      <trkpt lat="44.17304" lon="3.14089">
        <ele>536</ele>
        <time>2026-08-21T15:56:43+00:00</time>
      </trkpt>
      <trkpt lat="44.17298" lon="3.14094">
        <ele>537</ele>
        <time>2026-08-21T15:56:46+00:00</time>
      </trkpt>
      <trkpt lat="44.1729" lon="3.14105">
        <ele>535</ele>
        <time>2026-08-21T15:56:49+00:00</time>
      </trkpt>
      <trkpt lat="44.17279" lon="3.14117">
        <ele>545</ele>
        <time>2026-08-21T15:56:52+00:00</time>
      </trkpt>
      <trkpt lat="44.17265" lon="3.14124">
        <ele>546</ele>
        <time>2026-08-21T15:56:55+00:00</time>
      </trkpt>
      <trkpt lat="44.17257" lon="3.14124">
        <ele>552</ele>
        <time>2026-08-21T15:56:58+00:00</time>
      </trkpt>
      <trkpt lat="44.17253" lon="3.14126">
        <ele>552</ele>
        <time>2026-08-21T15:57:01+00:00</time>
      </trkpt>
      <trkpt lat="44.17234" lon="3.14137">
        <ele>557</ele>
        <time>2026-08-21T15:57:04+00:00</time>
      </trkpt>
      <trkpt lat="44.17225" lon="3.14141">
        <ele>560</ele>
        <time>2026-08-21T15:57:07+00:00</time>
      </trkpt>
      <trkpt lat="44.17222" lon="3.14143">
        <ele>560</ele>
        <time>2026-08-21T15:57:10+00:00</time>
      </trkpt>
      <trkpt lat="44.17211" lon="3.14153">
        <ele>562</ele>
        <time>2026-08-21T15:57:13+00:00</time>
      </trkpt>
      <trkpt lat="44.17202" lon="3.14162">
        <ele>565</ele>
        <time>2026-08-21T15:57:16+00:00</time>
      </trkpt>
      <trkpt lat="44.1719" lon="3.14181">
        <ele>574</ele>
        <time>2026-08-21T15:57:19+00:00</time>
      </trkpt>
      <trkpt lat="44.17176" lon="3.14197">
        <ele>576</ele>
        <time>2026-08-21T15:57:22+00:00</time>
      </trkpt>
      <trkpt lat="44.17165" lon="3.14208">
        <ele>579</ele>
        <time>2026-08-21T15:57:25+00:00</time>
      </trkpt>
      <trkpt lat="44.17149" lon="3.14217">
        <ele>583</ele>
        <time>2026-08-21T15:57:28+00:00</time>
      </trkpt>
      <trkpt lat="44.17133" lon="3.14231">
        <ele>585</ele>
        <time>2026-08-21T15:57:31+00:00</time>
      </trkpt>
      <trkpt lat="44.17127" lon="3.14237">
        <ele>590</ele>
        <time>2026-08-21T15:57:34+00:00</time>
      </trkpt>
      <trkpt lat="44.17116" lon="3.14252">
        <ele>587</ele>
        <time>2026-08-21T15:57:37+00:00</time>
      </trkpt>
      <trkpt lat="44.17107" lon="3.14262">
        <ele>590</ele>
        <time>2026-08-21T15:57:40+00:00</time>
      </trkpt>
      <trkpt lat="44.17102" lon="3.14265">
        <ele>590</ele>
        <time>2026-08-21T15:57:43+00:00</time>
      </trkpt>
      <trkpt lat="44.17088" lon="3.14272">
        <ele>592</ele>
        <time>2026-08-21T15:57:46+00:00</time>
      </trkpt>
      <trkpt lat="44.17075" lon="3.14277">
        <ele>596</ele>
        <time>2026-08-21T15:57:49+00:00</time>
      </trkpt>
      <trkpt lat="44.17061" lon="3.14283">
        <ele>596</ele>
        <time>2026-08-21T15:57:52+00:00</time>
      </trkpt>
      <trkpt lat="44.17044" lon="3.14294">
        <ele>599</ele>
        <time>2026-08-21T15:57:55+00:00</time>
      </trkpt>
      <trkpt lat="44.17031" lon="3.14303">
        <ele>596</ele>
        <time>2026-08-21T15:57:58+00:00</time>
      </trkpt>
      <trkpt lat="44.17023" lon="3.14307">
        <ele>597</ele>
        <time>2026-08-21T15:58:01+00:00</time>
      </trkpt>
      <trkpt lat="44.17014" lon="3.14307">
        <ele>595</ele>
        <time>2026-08-21T15:58:04+00:00</time>
      </trkpt>
      <trkpt lat="44.17006" lon="3.14302">
        <ele>599</ele>
        <time>2026-08-21T15:58:07+00:00</time>
      </trkpt>
      <trkpt lat="44.16994" lon="3.1429">
        <ele>596</ele>
        <time>2026-08-21T15:58:10+00:00</time>
      </trkpt>
      <trkpt lat="44.16988" lon="3.14287">
        <ele>598</ele>
        <time>2026-08-21T15:58:13+00:00</time>
      </trkpt>
      <trkpt lat="44.16981" lon="3.14288">
        <ele>602</ele>
        <time>2026-08-21T15:58:16+00:00</time>
      </trkpt>
      <trkpt lat="44.16974" lon="3.14291">
        <ele>598</ele>
        <time>2026-08-21T15:58:19+00:00</time>
      </trkpt>
      <trkpt lat="44.16969" lon="3.14297">
        <ele>598</ele>
        <time>2026-08-21T15:58:22+00:00</time>
      </trkpt>
      <trkpt lat="44.16968" lon="3.14305">
        <ele>598</ele>
        <time>2026-08-21T15:58:25+00:00</time>
      </trkpt>
      <trkpt lat="44.16969" lon="3.14312">
        <ele>601</ele>
        <time>2026-08-21T15:58:28+00:00</time>
      </trkpt>
      <trkpt lat="44.16974" lon="3.14323">
        <ele>600</ele>
        <time>2026-08-21T15:58:31+00:00</time>
      </trkpt>
      <trkpt lat="44.16975" lon="3.1433">
        <ele>602</ele>
        <time>2026-08-21T15:58:34+00:00</time>
      </trkpt>
      <trkpt lat="44.16973" lon="3.14337">
        <ele>602</ele>
        <time>2026-08-21T15:58:37+00:00</time>
      </trkpt>
      <trkpt lat="44.16971" lon="3.14344">
        <ele>602</ele>
        <time>2026-08-21T15:58:40+00:00</time>
      </trkpt>
      <trkpt lat="44.16968" lon="3.14351">
        <ele>602</ele>
        <time>2026-08-21T15:58:43+00:00</time>
      </trkpt>
      <trkpt lat="44.16953" lon="3.14378">
        <ele>604</ele>
        <time>2026-08-21T15:58:46+00:00</time>
      </trkpt>
      <trkpt lat="44.1694" lon="3.14398">
        <ele>598</ele>
        <time>2026-08-21T15:58:49+00:00</time>
      </trkpt>
      <trkpt lat="44.16927" lon="3.14423">
        <ele>605</ele>
        <time>2026-08-21T15:58:52+00:00</time>
      </trkpt>
      <trkpt lat="44.16923" lon="3.14434">
        <ele>604</ele>
        <time>2026-08-21T15:58:55+00:00</time>
      </trkpt>
      <trkpt lat="44.16916" lon="3.1445">
        <ele>607</ele>
        <time>2026-08-21T15:58:58+00:00</time>
      </trkpt>
      <trkpt lat="44.16909" lon="3.14463">
        <ele>609</ele>
        <time>2026-08-21T15:59:01+00:00</time>
      </trkpt>
      <trkpt lat="44.16904" lon="3.14471">
        <ele>608</ele>
        <time>2026-08-21T15:59:04+00:00</time>
      </trkpt>
      <trkpt lat="44.16902" lon="3.14472">
        <ele>608</ele>
        <time>2026-08-21T15:59:07+00:00</time>
      </trkpt>
      <trkpt lat="44.16897" lon="3.14476">
        <ele>614</ele>
        <time>2026-08-21T15:59:10+00:00</time>
      </trkpt>
      <trkpt lat="44.16885" lon="3.14481">
        <ele>616</ele>
        <time>2026-08-21T15:59:13+00:00</time>
      </trkpt>
      <trkpt lat="44.16876" lon="3.14487">
        <ele>619</ele>
        <time>2026-08-21T15:59:16+00:00</time>
      </trkpt>
      <trkpt lat="44.16873" lon="3.14488">
        <ele>619</ele>
        <time>2026-08-21T15:59:19+00:00</time>
      </trkpt>
      <trkpt lat="44.16871" lon="3.14485">
        <ele>619</ele>
        <time>2026-08-21T15:59:22+00:00</time>
      </trkpt>
      <trkpt lat="44.16871" lon="3.1448">
        <ele>623</ele>
        <time>2026-08-21T15:59:25+00:00</time>
      </trkpt>
      <trkpt lat="44.16873" lon="3.14475">
        <ele>623</ele>
        <time>2026-08-21T15:59:28+00:00</time>
      </trkpt>
      <trkpt lat="44.16878" lon="3.14465">
        <ele>626</ele>
        <time>2026-08-21T15:59:31+00:00</time>
      </trkpt>
      <trkpt lat="44.16886" lon="3.14452">
        <ele>623</ele>
        <time>2026-08-21T15:59:34+00:00</time>
      </trkpt>
      <trkpt lat="44.16885" lon="3.1445">
        <ele>623</ele>
        <time>2026-08-21T15:59:37+00:00</time>
      </trkpt>
      <trkpt lat="44.1688" lon="3.14453">
        <ele>623</ele>
        <time>2026-08-21T15:59:40+00:00</time>
      </trkpt>
      <trkpt lat="44.16866" lon="3.14464">
        <ele>633</ele>
        <time>2026-08-21T15:59:43+00:00</time>
      </trkpt>
      <trkpt lat="44.16859" lon="3.14468">
        <ele>638</ele>
        <time>2026-08-21T15:59:46+00:00</time>
      </trkpt>
      <trkpt lat="44.16855" lon="3.14469">
        <ele>638</ele>
        <time>2026-08-21T15:59:49+00:00</time>
      </trkpt>
      <trkpt lat="44.16844" lon="3.14469">
        <ele>642</ele>
        <time>2026-08-21T15:59:52+00:00</time>
      </trkpt>
      <trkpt lat="44.16825" lon="3.14474">
        <ele>647</ele>
        <time>2026-08-21T15:59:55+00:00</time>
      </trkpt>
      <trkpt lat="44.16812" lon="3.14475">
        <ele>650</ele>
        <time>2026-08-21T15:59:58+00:00</time>
      </trkpt>
      <trkpt lat="44.16808" lon="3.14476">
        <ele>655</ele>
        <time>2026-08-21T16:00:01+00:00</time>
      </trkpt>
      <trkpt lat="44.16793" lon="3.14483">
        <ele>653</ele>
        <time>2026-08-21T16:00:04+00:00</time>
      </trkpt>
      <trkpt lat="44.16786" lon="3.14488">
        <ele>657</ele>
        <time>2026-08-21T16:00:07+00:00</time>
      </trkpt>
      <trkpt lat="44.16778" lon="3.14497">
        <ele>658</ele>
        <time>2026-08-21T16:00:10+00:00</time>
      </trkpt>
      <trkpt lat="44.1677" lon="3.14504">
        <ele>655</ele>
        <time>2026-08-21T16:00:13+00:00</time>
      </trkpt>
      <trkpt lat="44.1676" lon="3.14515">
        <ele>657</ele>
        <time>2026-08-21T16:00:16+00:00</time>
      </trkpt>
      <trkpt lat="44.16757" lon="3.14519">
        <ele>661</ele>
        <time>2026-08-21T16:00:19+00:00</time>
      </trkpt>
      <trkpt lat="44.16749" lon="3.14533">
        <ele>661</ele>
        <time>2026-08-21T16:00:22+00:00</time>
      </trkpt>
      <trkpt lat="44.16746" lon="3.14536">
        <ele>661</ele>
        <time>2026-08-21T16:00:25+00:00</time>
      </trkpt>
      <trkpt lat="44.16742" lon="3.14539">
        <ele>661</ele>
        <time>2026-08-21T16:00:28+00:00</time>
      </trkpt>
      <trkpt lat="44.16733" lon="3.14541">
        <ele>664</ele>
        <time>2026-08-21T16:00:31+00:00</time>
      </trkpt>
      <trkpt lat="44.16729" lon="3.14543">
        <ele>668</ele>
        <time>2026-08-21T16:00:34+00:00</time>
      </trkpt>
      <trkpt lat="44.1671" lon="3.14548">
        <ele>672</ele>
        <time>2026-08-21T16:00:37+00:00</time>
      </trkpt>
      <trkpt lat="44.16704" lon="3.1455">
        <ele>671</ele>
        <time>2026-08-21T16:00:40+00:00</time>
      </trkpt>
      <trkpt lat="44.16692" lon="3.14555">
        <ele>677</ele>
        <time>2026-08-21T16:00:43+00:00</time>
      </trkpt>
      <trkpt lat="44.16689" lon="3.14559">
        <ele>680</ele>
        <time>2026-08-21T16:00:46+00:00</time>
      </trkpt>
      <trkpt lat="44.16692" lon="3.14563">
        <ele>672</ele>
        <time>2026-08-21T16:00:49+00:00</time>
      </trkpt>
      <trkpt lat="44.16703" lon="3.14571">
        <ele>673</ele>
        <time>2026-08-21T16:00:52+00:00</time>
      </trkpt>
      <trkpt lat="44.16708" lon="3.14576">
        <ele>673</ele>
        <time>2026-08-21T16:00:55+00:00</time>
      </trkpt>
      <trkpt lat="44.1671" lon="3.14581">
        <ele>674</ele>
        <time>2026-08-21T16:00:58+00:00</time>
      </trkpt>
      <trkpt lat="44.16709" lon="3.14586">
        <ele>674</ele>
        <time>2026-08-21T16:01:01+00:00</time>
      </trkpt>
      <trkpt lat="44.16707" lon="3.14589">
        <ele>674</ele>
        <time>2026-08-21T16:01:04+00:00</time>
      </trkpt>
      <trkpt lat="44.16702" lon="3.1459">
        <ele>676</ele>
        <time>2026-08-21T16:01:07+00:00</time>
      </trkpt>
      <trkpt lat="44.16698" lon="3.14589">
        <ele>675</ele>
        <time>2026-08-21T16:01:10+00:00</time>
      </trkpt>
      <trkpt lat="44.1669" lon="3.14585">
        <ele>675</ele>
        <time>2026-08-21T16:01:13+00:00</time>
      </trkpt>
      <trkpt lat="44.16688" lon="3.14585">
        <ele>677</ele>
        <time>2026-08-21T16:01:16+00:00</time>
      </trkpt>
      <trkpt lat="44.16688" lon="3.14588">
        <ele>677</ele>
        <time>2026-08-21T16:01:19+00:00</time>
      </trkpt>
      <trkpt lat="44.16692" lon="3.14596">
        <ele>677</ele>
        <time>2026-08-21T16:01:22+00:00</time>
      </trkpt>
      <trkpt lat="44.16694" lon="3.146">
        <ele>681</ele>
        <time>2026-08-21T16:01:25+00:00</time>
      </trkpt>
      <trkpt lat="44.16694" lon="3.14604">
        <ele>681</ele>
        <time>2026-08-21T16:01:28+00:00</time>
      </trkpt>
      <trkpt lat="44.16691" lon="3.14607">
        <ele>681</ele>
        <time>2026-08-21T16:01:31+00:00</time>
      </trkpt>
      <trkpt lat="44.16681" lon="3.14606">
        <ele>683</ele>
        <time>2026-08-21T16:01:34+00:00</time>
      </trkpt>
      <trkpt lat="44.16681" lon="3.14607">
        <ele>683</ele>
        <time>2026-08-21T16:01:37+00:00</time>
      </trkpt>
      <trkpt lat="44.16689" lon="3.14617">
        <ele>686</ele>
        <time>2026-08-21T16:01:40+00:00</time>
      </trkpt>
      <trkpt lat="44.16692" lon="3.14622">
        <ele>688</ele>
        <time>2026-08-21T16:01:43+00:00</time>
      </trkpt>
      <trkpt lat="44.16691" lon="3.14626">
        <ele>688</ele>
        <time>2026-08-21T16:01:46+00:00</time>
      </trkpt>
      <trkpt lat="44.16688" lon="3.14629">
        <ele>690</ele>
        <time>2026-08-21T16:01:49+00:00</time>
      </trkpt>
      <trkpt lat="44.16684" lon="3.1463">
        <ele>690</ele>
        <time>2026-08-21T16:01:52+00:00</time>
      </trkpt>
      <trkpt lat="44.1668" lon="3.14629">
        <ele>690</ele>
        <time>2026-08-21T16:01:55+00:00</time>
      </trkpt>
      <trkpt lat="44.16667" lon="3.14621">
        <ele>695</ele>
        <time>2026-08-21T16:01:58+00:00</time>
      </trkpt>
      <trkpt lat="44.16664" lon="3.1462">
        <ele>695</ele>
        <time>2026-08-21T16:02:01+00:00</time>
      </trkpt>
      <trkpt lat="44.16653" lon="3.14621">
        <ele>697</ele>
        <time>2026-08-21T16:02:04+00:00</time>
      </trkpt>
      <trkpt lat="44.16651" lon="3.14622">
        <ele>697</ele>
        <time>2026-08-21T16:02:07+00:00</time>
      </trkpt>
      <trkpt lat="44.1665" lon="3.14624">
        <ele>700</ele>
        <time>2026-08-21T16:02:10+00:00</time>
      </trkpt>
      <trkpt lat="44.16651" lon="3.14626">
        <ele>697</ele>
        <time>2026-08-21T16:02:13+00:00</time>
      </trkpt>
      <trkpt lat="44.16659" lon="3.14636">
        <ele>704</ele>
        <time>2026-08-21T16:02:16+00:00</time>
      </trkpt>
      <trkpt lat="44.16659" lon="3.14638">
        <ele>704</ele>
        <time>2026-08-21T16:02:19+00:00</time>
      </trkpt>
      <trkpt lat="44.16659" lon="3.14641">
        <ele>710</ele>
        <time>2026-08-21T16:02:22+00:00</time>
      </trkpt>
      <trkpt lat="44.16652" lon="3.14645">
        <ele>710</ele>
        <time>2026-08-21T16:02:25+00:00</time>
      </trkpt>
      <trkpt lat="44.16652" lon="3.14646">
        <ele>710</ele>
        <time>2026-08-21T16:02:28+00:00</time>
      </trkpt>
      <trkpt lat="44.16656" lon="3.14654">
        <ele>715</ele>
        <time>2026-08-21T16:02:31+00:00</time>
      </trkpt>
      <trkpt lat="44.16657" lon="3.14661">
        <ele>723</ele>
        <time>2026-08-21T16:02:34+00:00</time>
      </trkpt>
      <trkpt lat="44.16659" lon="3.14665">
        <ele>723</ele>
        <time>2026-08-21T16:02:37+00:00</time>
      </trkpt>
      <trkpt lat="44.16661" lon="3.14668">
        <ele>721</ele>
        <time>2026-08-21T16:02:40+00:00</time>
      </trkpt>
      <trkpt lat="44.16669" lon="3.14677">
        <ele>726</ele>
        <time>2026-08-21T16:02:43+00:00</time>
      </trkpt>
      <trkpt lat="44.16673" lon="3.14684">
        <ele>729</ele>
        <time>2026-08-21T16:02:46+00:00</time>
      </trkpt>
      <trkpt lat="44.16682" lon="3.14693">
        <ele>733</ele>
        <time>2026-08-21T16:02:49+00:00</time>
      </trkpt>
      <trkpt lat="44.16683" lon="3.14698">
        <ele>733</ele>
        <time>2026-08-21T16:02:52+00:00</time>
      </trkpt>
      <trkpt lat="44.16681" lon="3.14701">
        <ele>738</ele>
        <time>2026-08-21T16:02:55+00:00</time>
      </trkpt>
      <trkpt lat="44.16676" lon="3.14702">
        <ele>741</ele>
        <time>2026-08-21T16:02:58+00:00</time>
      </trkpt>
      <trkpt lat="44.16672" lon="3.147">
        <ele>741</ele>
        <time>2026-08-21T16:03:01+00:00</time>
      </trkpt>
      <trkpt lat="44.16662" lon="3.14695">
        <ele>739</ele>
        <time>2026-08-21T16:03:04+00:00</time>
      </trkpt>
      <trkpt lat="44.16654" lon="3.14692">
        <ele>741</ele>
        <time>2026-08-21T16:03:07+00:00</time>
      </trkpt>
      <trkpt lat="44.1664" lon="3.14694">
        <ele>743</ele>
        <time>2026-08-21T16:03:10+00:00</time>
      </trkpt>
      <trkpt lat="44.16633" lon="3.14694">
        <ele>744</ele>
        <time>2026-08-21T16:03:13+00:00</time>
      </trkpt>
      <trkpt lat="44.16621" lon="3.14696">
        <ele>745</ele>
        <time>2026-08-21T16:03:16+00:00</time>
      </trkpt>
      <trkpt lat="44.16615" lon="3.14699">
        <ele>745</ele>
        <time>2026-08-21T16:03:19+00:00</time>
      </trkpt>
      <trkpt lat="44.16604" lon="3.14705">
        <ele>750</ele>
        <time>2026-08-21T16:03:22+00:00</time>
      </trkpt>
      <trkpt lat="44.16594" lon="3.14708">
        <ele>750</ele>
        <time>2026-08-21T16:03:25+00:00</time>
      </trkpt>
      <trkpt lat="44.16589" lon="3.14711">
        <ele>754</ele>
        <time>2026-08-21T16:03:28+00:00</time>
      </trkpt>
      <trkpt lat="44.16577" lon="3.14714">
        <ele>754</ele>
        <time>2026-08-21T16:03:31+00:00</time>
      </trkpt>
      <trkpt lat="44.16565" lon="3.14722">
        <ele>760</ele>
        <time>2026-08-21T16:03:34+00:00</time>
      </trkpt>
      <trkpt lat="44.16553" lon="3.14726">
        <ele>760</ele>
        <time>2026-08-21T16:03:37+00:00</time>
      </trkpt>
      <trkpt lat="44.16542" lon="3.14735">
        <ele>763</ele>
        <time>2026-08-21T16:03:40+00:00</time>
      </trkpt>
      <trkpt lat="44.16539" lon="3.14739">
        <ele>761</ele>
        <time>2026-08-21T16:03:43+00:00</time>
      </trkpt>
      <trkpt lat="44.1653" lon="3.14761">
        <ele>773</ele>
        <time>2026-08-21T16:03:46+00:00</time>
      </trkpt>
      <trkpt lat="44.16522" lon="3.1479">
        <ele>776</ele>
        <time>2026-08-21T16:03:49+00:00</time>
      </trkpt>
      <trkpt lat="44.16519" lon="3.14809">
        <ele>774</ele>
        <time>2026-08-21T16:03:52+00:00</time>
      </trkpt>
      <trkpt lat="44.16518" lon="3.14822">
        <ele>779</ele>
        <time>2026-08-21T16:03:55+00:00</time>
      </trkpt>
      <trkpt lat="44.16513" lon="3.14837">
        <ele>780</ele>
        <time>2026-08-21T16:03:58+00:00</time>
      </trkpt>
      <trkpt lat="44.16511" lon="3.14845">
        <ele>781</ele>
        <time>2026-08-21T16:04:01+00:00</time>
      </trkpt>
      <trkpt lat="44.1651" lon="3.14884">
        <ele>779</ele>
        <time>2026-08-21T16:04:04+00:00</time>
      </trkpt>
      <trkpt lat="44.1651" lon="3.14892">
        <ele>779</ele>
        <time>2026-08-21T16:04:07+00:00</time>
      </trkpt>
      <trkpt lat="44.16512" lon="3.14907">
        <ele>782</ele>
        <time>2026-08-21T16:04:10+00:00</time>
      </trkpt>
      <trkpt lat="44.16515" lon="3.14923">
        <ele>784</ele>
        <time>2026-08-21T16:04:13+00:00</time>
      </trkpt>
      <trkpt lat="44.16525" lon="3.14942">
        <ele>789</ele>
        <time>2026-08-21T16:04:16+00:00</time>
      </trkpt>
      <trkpt lat="44.16526" lon="3.14949">
        <ele>789</ele>
        <time>2026-08-21T16:04:19+00:00</time>
      </trkpt>
      <trkpt lat="44.16527" lon="3.14959">
        <ele>791</ele>
        <time>2026-08-21T16:04:22+00:00</time>
      </trkpt>
      <trkpt lat="44.16522" lon="3.14987">
        <ele>795</ele>
        <time>2026-08-21T16:04:25+00:00</time>
      </trkpt>
      <trkpt lat="44.16521" lon="3.14996">
        <ele>796</ele>
        <time>2026-08-21T16:04:28+00:00</time>
      </trkpt>
      <trkpt lat="44.16521" lon="3.15005">
        <ele>797</ele>
        <time>2026-08-21T16:04:31+00:00</time>
      </trkpt>
      <trkpt lat="44.16522" lon="3.15012">
        <ele>797</ele>
        <time>2026-08-21T16:04:34+00:00</time>
      </trkpt>
      <trkpt lat="44.16526" lon="3.15026">
        <ele>798</ele>
        <time>2026-08-21T16:04:37+00:00</time>
      </trkpt>
      <trkpt lat="44.16528" lon="3.15033">
        <ele>798</ele>
        <time>2026-08-21T16:04:40+00:00</time>
      </trkpt>
      <trkpt lat="44.16528" lon="3.15041">
        <ele>798</ele>
        <time>2026-08-21T16:04:43+00:00</time>
      </trkpt>
      <trkpt lat="44.16525" lon="3.15066">
        <ele>798</ele>
        <time>2026-08-21T16:04:46+00:00</time>
      </trkpt>
      <trkpt lat="44.16522" lon="3.15082">
        <ele>798</ele>
        <time>2026-08-21T16:04:49+00:00</time>
      </trkpt>
      <trkpt lat="44.16519" lon="3.1509">
        <ele>797</ele>
        <time>2026-08-21T16:04:52+00:00</time>
      </trkpt>
      <trkpt lat="44.16518" lon="3.15098">
        <ele>798</ele>
        <time>2026-08-21T16:04:55+00:00</time>
      </trkpt>
      <trkpt lat="44.16518" lon="3.15105">
        <ele>797</ele>
        <time>2026-08-21T16:04:58+00:00</time>
      </trkpt>
      <trkpt lat="44.16519" lon="3.15108">
        <ele>797</ele>
        <time>2026-08-21T16:05:01+00:00</time>
      </trkpt>
      <trkpt lat="44.16521" lon="3.15111">
        <ele>798</ele>
        <time>2026-08-21T16:05:04+00:00</time>
      </trkpt>
      <trkpt lat="44.16528" lon="3.15123">
        <ele>797</ele>
        <time>2026-08-21T16:05:07+00:00</time>
      </trkpt>
      <trkpt lat="44.16528" lon="3.15125">
        <ele>799</ele>
        <time>2026-08-21T16:05:10+00:00</time>
      </trkpt>
      <trkpt lat="44.16527" lon="3.15126">
        <ele>799</ele>
        <time>2026-08-21T16:05:13+00:00</time>
      </trkpt>
      <trkpt lat="44.16524" lon="3.15126">
        <ele>799</ele>
        <time>2026-08-21T16:05:16+00:00</time>
      </trkpt>
      <trkpt lat="44.16518" lon="3.1512">
        <ele>799</ele>
        <time>2026-08-21T16:05:19+00:00</time>
      </trkpt>
      <trkpt lat="44.16507" lon="3.15104">
        <ele>797</ele>
        <time>2026-08-21T16:05:22+00:00</time>
      </trkpt>
      <trkpt lat="44.16502" lon="3.15099">
        <ele>797</ele>
        <time>2026-08-21T16:05:25+00:00</time>
      </trkpt>
      <trkpt lat="44.16496" lon="3.15098">
        <ele>797</ele>
        <time>2026-08-21T16:05:28+00:00</time>
      </trkpt>
      <trkpt lat="44.1649" lon="3.15101">
        <ele>797</ele>
        <time>2026-08-21T16:05:31+00:00</time>
      </trkpt>
      <trkpt lat="44.16477" lon="3.15111">
        <ele>799</ele>
        <time>2026-08-21T16:05:34+00:00</time>
      </trkpt>
      <trkpt lat="44.16471" lon="3.15115">
        <ele>799</ele>
        <time>2026-08-21T16:05:37+00:00</time>
      </trkpt>
      <trkpt lat="44.16461" lon="3.15117">
        <ele>799</ele>
        <time>2026-08-21T16:05:40+00:00</time>
      </trkpt>
      <trkpt lat="44.16443" lon="3.15119">
        <ele>799</ele>
        <time>2026-08-21T16:05:43+00:00</time>
      </trkpt>
      <trkpt lat="44.16437" lon="3.15121">
        <ele>800</ele>
        <time>2026-08-21T16:05:46+00:00</time>
      </trkpt>
      <trkpt lat="44.1643" lon="3.15124">
        <ele>800</ele>
        <time>2026-08-21T16:05:49+00:00</time>
      </trkpt>
      <trkpt lat="44.16419" lon="3.15131">
        <ele>799</ele>
        <time>2026-08-21T16:05:52+00:00</time>
      </trkpt>
      <trkpt lat="44.16407" lon="3.15142">
        <ele>802</ele>
        <time>2026-08-21T16:05:55+00:00</time>
      </trkpt>
      <trkpt lat="44.16401" lon="3.15147">
        <ele>802</ele>
        <time>2026-08-21T16:05:58+00:00</time>
      </trkpt>
      <trkpt lat="44.16394" lon="3.1515">
        <ele>803</ele>
        <time>2026-08-21T16:06:01+00:00</time>
      </trkpt>
      <trkpt lat="44.16375" lon="3.15157">
        <ele>805</ele>
        <time>2026-08-21T16:06:04+00:00</time>
      </trkpt>
      <trkpt lat="44.1636" lon="3.15166">
        <ele>807</ele>
        <time>2026-08-21T16:06:07+00:00</time>
      </trkpt>
      <trkpt lat="44.16351" lon="3.15171">
        <ele>809</ele>
        <time>2026-08-21T16:06:10+00:00</time>
      </trkpt>
      <trkpt lat="44.16338" lon="3.15174">
        <ele>812</ele>
        <time>2026-08-21T16:06:13+00:00</time>
      </trkpt>
      <trkpt lat="44.16319" lon="3.15181">
        <ele>814</ele>
        <time>2026-08-21T16:06:16+00:00</time>
      </trkpt>
      <trkpt lat="44.16313" lon="3.15183">
        <ele>814</ele>
        <time>2026-08-21T16:06:19+00:00</time>
      </trkpt>
      <trkpt lat="44.16302" lon="3.15183">
        <ele>815</ele>
        <time>2026-08-21T16:06:22+00:00</time>
      </trkpt>
      <trkpt lat="44.1629" lon="3.15185">
        <ele>815</ele>
        <time>2026-08-21T16:06:25+00:00</time>
      </trkpt>
      <trkpt lat="44.16277" lon="3.15185">
        <ele>816</ele>
        <time>2026-08-21T16:06:28+00:00</time>
      </trkpt>
      <trkpt lat="44.16271" lon="3.15185">
        <ele>816</ele>
        <time>2026-08-21T16:06:31+00:00</time>
      </trkpt>
      <trkpt lat="44.16256" lon="3.15189">
        <ele>817</ele>
        <time>2026-08-21T16:06:34+00:00</time>
      </trkpt>
      <trkpt lat="44.16241" lon="3.15191">
        <ele>817</ele>
        <time>2026-08-21T16:06:37+00:00</time>
      </trkpt>
      <trkpt lat="44.16235" lon="3.15193">
        <ele>818</ele>
        <time>2026-08-21T16:06:40+00:00</time>
      </trkpt>
      <trkpt lat="44.16223" lon="3.152">
        <ele>818</ele>
        <time>2026-08-21T16:06:43+00:00</time>
      </trkpt>
      <trkpt lat="44.16213" lon="3.15212">
        <ele>818</ele>
        <time>2026-08-21T16:06:46+00:00</time>
      </trkpt>
      <trkpt lat="44.16207" lon="3.15217">
        <ele>818</ele>
        <time>2026-08-21T16:06:49+00:00</time>
      </trkpt>
      <trkpt lat="44.16196" lon="3.15224">
        <ele>818</ele>
        <time>2026-08-21T16:06:52+00:00</time>
      </trkpt>
      <trkpt lat="44.1619" lon="3.15226">
        <ele>818</ele>
        <time>2026-08-21T16:06:55+00:00</time>
      </trkpt>
      <trkpt lat="44.16166" lon="3.15227">
        <ele>820</ele>
        <time>2026-08-21T16:06:58+00:00</time>
      </trkpt>
      <trkpt lat="44.16161" lon="3.1523">
        <ele>820</ele>
        <time>2026-08-21T16:07:01+00:00</time>
      </trkpt>
      <trkpt lat="44.16152" lon="3.15241">
        <ele>821</ele>
        <time>2026-08-21T16:07:04+00:00</time>
      </trkpt>
      <trkpt lat="44.16142" lon="3.15251">
        <ele>823</ele>
        <time>2026-08-21T16:07:07+00:00</time>
      </trkpt>
      <trkpt lat="44.16139" lon="3.15258">
        <ele>825</ele>
        <time>2026-08-21T16:07:10+00:00</time>
      </trkpt>
      <trkpt lat="44.16133" lon="3.15275">
        <ele>825</ele>
        <time>2026-08-21T16:07:13+00:00</time>
      </trkpt>
      <trkpt lat="44.16129" lon="3.15283">
        <ele>827</ele>
        <time>2026-08-21T16:07:16+00:00</time>
      </trkpt>
      <trkpt lat="44.16121" lon="3.15297">
        <ele>827</ele>
        <time>2026-08-21T16:07:19+00:00</time>
      </trkpt>
      <trkpt lat="44.16116" lon="3.15302">
        <ele>829</ele>
        <time>2026-08-21T16:07:22+00:00</time>
      </trkpt>
      <trkpt lat="44.1611" lon="3.15305">
        <ele>829</ele>
        <time>2026-08-21T16:07:25+00:00</time>
      </trkpt>
      <trkpt lat="44.16099" lon="3.15306">
        <ele>832</ele>
        <time>2026-08-21T16:07:28+00:00</time>
      </trkpt>
      <trkpt lat="44.16093" lon="3.15309">
        <ele>832</ele>
        <time>2026-08-21T16:07:31+00:00</time>
      </trkpt>
      <trkpt lat="44.16089" lon="3.15315">
        <ele>834</ele>
        <time>2026-08-21T16:07:34+00:00</time>
      </trkpt>
      <trkpt lat="44.16084" lon="3.1533">
        <ele>835</ele>
        <time>2026-08-21T16:07:37+00:00</time>
      </trkpt>
      <trkpt lat="44.16077" lon="3.15344">
        <ele>836</ele>
        <time>2026-08-21T16:07:40+00:00</time>
      </trkpt>
      <trkpt lat="44.16076" lon="3.15351">
        <ele>836</ele>
        <time>2026-08-21T16:07:43+00:00</time>
      </trkpt>
      <trkpt lat="44.16076" lon="3.15358">
        <ele>836</ele>
        <time>2026-08-21T16:07:46+00:00</time>
      </trkpt>
      <trkpt lat="44.16078" lon="3.15366">
        <ele>837</ele>
        <time>2026-08-21T16:07:49+00:00</time>
      </trkpt>
      <trkpt lat="44.16078" lon="3.15374">
        <ele>837</ele>
        <time>2026-08-21T16:07:52+00:00</time>
      </trkpt>
      <trkpt lat="44.16076" lon="3.1538">
        <ele>837</ele>
        <time>2026-08-21T16:07:55+00:00</time>
      </trkpt>
      <trkpt lat="44.16072" lon="3.15383">
        <ele>837</ele>
        <time>2026-08-21T16:07:58+00:00</time>
      </trkpt>
      <trkpt lat="44.16066" lon="3.1538">
        <ele>837</ele>
        <time>2026-08-21T16:08:01+00:00</time>
      </trkpt>
      <trkpt lat="44.16061" lon="3.15373">
        <ele>837</ele>
        <time>2026-08-21T16:08:04+00:00</time>
      </trkpt>
      <trkpt lat="44.16058" lon="3.15364">
        <ele>837</ele>
        <time>2026-08-21T16:08:07+00:00</time>
      </trkpt>
      <trkpt lat="44.16056" lon="3.15354">
        <ele>837</ele>
        <time>2026-08-21T16:08:10+00:00</time>
      </trkpt>
      <trkpt lat="44.16057" lon="3.15335">
        <ele>836</ele>
        <time>2026-08-21T16:08:13+00:00</time>
      </trkpt>
      <trkpt lat="44.16063" lon="3.15294">
        <ele>836</ele>
        <time>2026-08-21T16:08:16+00:00</time>
      </trkpt>
      <trkpt lat="44.16062" lon="3.15287">
        <ele>836</ele>
        <time>2026-08-21T16:08:19+00:00</time>
      </trkpt>
      <trkpt lat="44.16058" lon="3.15283">
        <ele>837</ele>
        <time>2026-08-21T16:08:22+00:00</time>
      </trkpt>
      <trkpt lat="44.16052" lon="3.15284">
        <ele>837</ele>
        <time>2026-08-21T16:08:25+00:00</time>
      </trkpt>
      <trkpt lat="44.16047" lon="3.1529">
        <ele>838</ele>
        <time>2026-08-21T16:08:28+00:00</time>
      </trkpt>
      <trkpt lat="44.16029" lon="3.1531">
        <ele>838</ele>
        <time>2026-08-21T16:08:31+00:00</time>
      </trkpt>
      <trkpt lat="44.16022" lon="3.15316">
        <ele>838</ele>
        <time>2026-08-21T16:08:34+00:00</time>
      </trkpt>
      <trkpt lat="44.16015" lon="3.15321">
        <ele>838</ele>
        <time>2026-08-21T16:08:37+00:00</time>
      </trkpt>
      <trkpt lat="44.16008" lon="3.15324">
        <ele>838</ele>
        <time>2026-08-21T16:08:40+00:00</time>
      </trkpt>
      <trkpt lat="44.15985" lon="3.15328">
        <ele>839</ele>
        <time>2026-08-21T16:08:43+00:00</time>
      </trkpt>
      <trkpt lat="44.15958" lon="3.15338">
        <ele>839</ele>
        <time>2026-08-21T16:08:46+00:00</time>
      </trkpt>
      <trkpt lat="44.15952" lon="3.15338">
        <ele>839</ele>
        <time>2026-08-21T16:08:49+00:00</time>
      </trkpt>
      <trkpt lat="44.15945" lon="3.15335">
        <ele>839</ele>
        <time>2026-08-21T16:08:52+00:00</time>
      </trkpt>
      <trkpt lat="44.15939" lon="3.15331">
        <ele>839</ele>
        <time>2026-08-21T16:08:55+00:00</time>
      </trkpt>
      <trkpt lat="44.15932" lon="3.15328">
        <ele>839</ele>
        <time>2026-08-21T16:08:58+00:00</time>
      </trkpt>
      <trkpt lat="44.15925" lon="3.15327">
        <ele>839</ele>
        <time>2026-08-21T16:09:01+00:00</time>
      </trkpt>
      <trkpt lat="44.15901" lon="3.15335">
        <ele>839</ele>
        <time>2026-08-21T16:09:04+00:00</time>
      </trkpt>
      <trkpt lat="44.15894" lon="3.15339">
        <ele>840</ele>
        <time>2026-08-21T16:09:07+00:00</time>
      </trkpt>
      <trkpt lat="44.15887" lon="3.15345">
        <ele>840</ele>
        <time>2026-08-21T16:09:10+00:00</time>
      </trkpt>
      <trkpt lat="44.15867" lon="3.15366">
        <ele>839</ele>
        <time>2026-08-21T16:09:13+00:00</time>
      </trkpt>
      <trkpt lat="44.15863" lon="3.15376">
        <ele>839</ele>
        <time>2026-08-21T16:09:16+00:00</time>
      </trkpt>
      <trkpt lat="44.15863" lon="3.15388">
        <ele>839</ele>
        <time>2026-08-21T16:09:19+00:00</time>
      </trkpt>
      <trkpt lat="44.15867" lon="3.15411">
        <ele>838</ele>
        <time>2026-08-21T16:09:22+00:00</time>
      </trkpt>
      <trkpt lat="44.15871" lon="3.15436">
        <ele>838</ele>
        <time>2026-08-21T16:09:25+00:00</time>
      </trkpt>
      <trkpt lat="44.15876" lon="3.15452">
        <ele>838</ele>
        <time>2026-08-21T16:09:28+00:00</time>
      </trkpt>
      <trkpt lat="44.15887" lon="3.1548">
        <ele>838</ele>
        <time>2026-08-21T16:09:31+00:00</time>
      </trkpt>
      <trkpt lat="44.1589" lon="3.15492">
        <ele>839</ele>
        <time>2026-08-21T16:09:34+00:00</time>
      </trkpt>
      <trkpt lat="44.1589" lon="3.15503">
        <ele>838</ele>
        <time>2026-08-21T16:09:37+00:00</time>
      </trkpt>
      <trkpt lat="44.15885" lon="3.15515">
        <ele>838</ele>
        <time>2026-08-21T16:09:40+00:00</time>
      </trkpt>
      <trkpt lat="44.15875" lon="3.15535">
        <ele>838</ele>
        <time>2026-08-21T16:09:43+00:00</time>
      </trkpt>
      <trkpt lat="44.15869" lon="3.15543">
        <ele>838</ele>
        <time>2026-08-21T16:09:46+00:00</time>
      </trkpt>
      <trkpt lat="44.15862" lon="3.15543">
        <ele>838</ele>
        <time>2026-08-21T16:09:49+00:00</time>
      </trkpt>
      <trkpt lat="44.15855" lon="3.15534">
        <ele>838</ele>
        <time>2026-08-21T16:09:52+00:00</time>
      </trkpt>
      <trkpt lat="44.15849" lon="3.1552">
        <ele>838</ele>
        <time>2026-08-21T16:09:55+00:00</time>
      </trkpt>
      <trkpt lat="44.15838" lon="3.1548">
        <ele>837</ele>
        <time>2026-08-21T16:09:58+00:00</time>
      </trkpt>
      <trkpt lat="44.15832" lon="3.15463">
        <ele>836</ele>
        <time>2026-08-21T16:10:01+00:00</time>
      </trkpt>
      <trkpt lat="44.15826" lon="3.15446">
        <ele>836</ele>
        <time>2026-08-21T16:10:04+00:00</time>
      </trkpt>
      <trkpt lat="44.1582" lon="3.15436">
        <ele>836</ele>
        <time>2026-08-21T16:10:07+00:00</time>
      </trkpt>
      <trkpt lat="44.15813" lon="3.15428">
        <ele>836</ele>
        <time>2026-08-21T16:10:10+00:00</time>
      </trkpt>
      <trkpt lat="44.15805" lon="3.15421">
        <ele>835</ele>
        <time>2026-08-21T16:10:13+00:00</time>
      </trkpt>
      <trkpt lat="44.15797" lon="3.15415">
        <ele>835</ele>
        <time>2026-08-21T16:10:16+00:00</time>
      </trkpt>
      <trkpt lat="44.15787" lon="3.15411">
        <ele>834</ele>
        <time>2026-08-21T16:10:19+00:00</time>
      </trkpt>
      <trkpt lat="44.15776" lon="3.1541">
        <ele>833</ele>
        <time>2026-08-21T16:10:22+00:00</time>
      </trkpt>
      <trkpt lat="44.15766" lon="3.15407">
        <ele>833</ele>
        <time>2026-08-21T16:10:25+00:00</time>
      </trkpt>
      <trkpt lat="44.15757" lon="3.15401">
        <ele>832</ele>
        <time>2026-08-21T16:10:28+00:00</time>
      </trkpt>
      <trkpt lat="44.15749" lon="3.15393">
        <ele>831</ele>
        <time>2026-08-21T16:10:31+00:00</time>
      </trkpt>
      <trkpt lat="44.15743" lon="3.15381">
        <ele>830</ele>
        <time>2026-08-21T16:10:34+00:00</time>
      </trkpt>
      <trkpt lat="44.15739" lon="3.15369">
        <ele>828</ele>
        <time>2026-08-21T16:10:37+00:00</time>
      </trkpt>
      <trkpt lat="44.15735" lon="3.15355">
        <ele>827</ele>
        <time>2026-08-21T16:10:40+00:00</time>
      </trkpt>
      <trkpt lat="44.1573" lon="3.15345">
        <ele>827</ele>
        <time>2026-08-21T16:10:43+00:00</time>
      </trkpt>
      <trkpt lat="44.15725" lon="3.15339">
        <ele>825</ele>
        <time>2026-08-21T16:10:46+00:00</time>
      </trkpt>
      <trkpt lat="44.15711" lon="3.1533">
        <ele>825</ele>
        <time>2026-08-21T16:10:49+00:00</time>
      </trkpt>
      <trkpt lat="44.15705" lon="3.15325">
        <ele>823</ele>
        <time>2026-08-21T16:10:52+00:00</time>
      </trkpt>
      <trkpt lat="44.15693" lon="3.15311">
        <ele>823</ele>
        <time>2026-08-21T16:10:55+00:00</time>
      </trkpt>
      <trkpt lat="44.15688" lon="3.15307">
        <ele>822</ele>
        <time>2026-08-21T16:10:58+00:00</time>
      </trkpt>
      <trkpt lat="44.15669" lon="3.15302">
        <ele>822</ele>
        <time>2026-08-21T16:11:01+00:00</time>
      </trkpt>
      <trkpt lat="44.15657" lon="3.15299">
        <ele>822</ele>
        <time>2026-08-21T16:11:04+00:00</time>
      </trkpt>
      <trkpt lat="44.15641" lon="3.15295">
        <ele>823</ele>
        <time>2026-08-21T16:11:07+00:00</time>
      </trkpt>
      <trkpt lat="44.15633" lon="3.15295">
        <ele>824</ele>
        <time>2026-08-21T16:11:10+00:00</time>
      </trkpt>
      <trkpt lat="44.15626" lon="3.15297">
        <ele>824</ele>
        <time>2026-08-21T16:11:13+00:00</time>
      </trkpt>
      <trkpt lat="44.15619" lon="3.15301">
        <ele>825</ele>
        <time>2026-08-21T16:11:16+00:00</time>
      </trkpt>
      <trkpt lat="44.15613" lon="3.15303">
        <ele>825</ele>
        <time>2026-08-21T16:11:19+00:00</time>
      </trkpt>
      <trkpt lat="44.1559" lon="3.15301">
        <ele>826</ele>
        <time>2026-08-21T16:11:22+00:00</time>
      </trkpt>
      <trkpt lat="44.15582" lon="3.15299">
        <ele>827</ele>
        <time>2026-08-21T16:11:25+00:00</time>
      </trkpt>
      <trkpt lat="44.15575" lon="3.153">
        <ele>827</ele>
        <time>2026-08-21T16:11:28+00:00</time>
      </trkpt>
      <trkpt lat="44.15568" lon="3.15302">
        <ele>828</ele>
        <time>2026-08-21T16:11:31+00:00</time>
      </trkpt>
      <trkpt lat="44.15557" lon="3.15302">
        <ele>829</ele>
        <time>2026-08-21T16:11:34+00:00</time>
      </trkpt>
      <trkpt lat="44.15546" lon="3.15301">
        <ele>830</ele>
        <time>2026-08-21T16:11:37+00:00</time>
      </trkpt>
      <trkpt lat="44.15538" lon="3.15298">
        <ele>830</ele>
        <time>2026-08-21T16:11:40+00:00</time>
      </trkpt>
      <trkpt lat="44.15531" lon="3.15293">
        <ele>830</ele>
        <time>2026-08-21T16:11:43+00:00</time>
      </trkpt>
      <trkpt lat="44.15526" lon="3.15285">
        <ele>831</ele>
        <time>2026-08-21T16:11:46+00:00</time>
      </trkpt>
      <trkpt lat="44.15524" lon="3.15274">
        <ele>831</ele>
        <time>2026-08-21T16:11:49+00:00</time>
      </trkpt>
      <trkpt lat="44.15528" lon="3.15256">
        <ele>831</ele>
        <time>2026-08-21T16:11:52+00:00</time>
      </trkpt>
      <trkpt lat="44.15526" lon="3.1525">
        <ele>831</ele>
        <time>2026-08-21T16:11:55+00:00</time>
      </trkpt>
      <trkpt lat="44.15516" lon="3.15245">
        <ele>831</ele>
        <time>2026-08-21T16:11:58+00:00</time>
      </trkpt>
      <trkpt lat="44.15512" lon="3.15239">
        <ele>832</ele>
        <time>2026-08-21T16:12:01+00:00</time>
      </trkpt>
      <trkpt lat="44.15511" lon="3.15229">
        <ele>832</ele>
        <time>2026-08-21T16:12:04+00:00</time>
      </trkpt>
      <trkpt lat="44.15511" lon="3.15208">
        <ele>832</ele>
        <time>2026-08-21T16:12:07+00:00</time>
      </trkpt>
      <trkpt lat="44.15513" lon="3.15178">
        <ele>833</ele>
        <time>2026-08-21T16:12:10+00:00</time>
      </trkpt>
      <trkpt lat="44.1552" lon="3.15146">
        <ele>834</ele>
        <time>2026-08-21T16:12:13+00:00</time>
      </trkpt>
      <trkpt lat="44.15521" lon="3.15136">
        <ele>834</ele>
        <time>2026-08-21T16:12:16+00:00</time>
      </trkpt>
      <trkpt lat="44.15521" lon="3.15119">
        <ele>836</ele>
        <time>2026-08-21T16:12:19+00:00</time>
      </trkpt>
      <trkpt lat="44.15521" lon="3.15111">
        <ele>836</ele>
        <time>2026-08-21T16:12:22+00:00</time>
      </trkpt>
      <trkpt lat="44.15525" lon="3.15096">
        <ele>837</ele>
        <time>2026-08-21T16:12:25+00:00</time>
      </trkpt>
      <trkpt lat="44.15529" lon="3.15079">
        <ele>839</ele>
        <time>2026-08-21T16:12:28+00:00</time>
      </trkpt>
      <trkpt lat="44.15534" lon="3.15063">
        <ele>838</ele>
        <time>2026-08-21T16:12:31+00:00</time>
      </trkpt>
      <trkpt lat="44.15532" lon="3.15059">
        <ele>838</ele>
        <time>2026-08-21T16:12:34+00:00</time>
      </trkpt>
      <trkpt lat="44.15527" lon="3.1506">
        <ele>839</ele>
        <time>2026-08-21T16:12:37+00:00</time>
      </trkpt>
      <trkpt lat="44.15505" lon="3.15069">
        <ele>840</ele>
        <time>2026-08-21T16:12:40+00:00</time>
      </trkpt>
      <trkpt lat="44.15497" lon="3.15068">
        <ele>840</ele>
        <time>2026-08-21T16:12:43+00:00</time>
      </trkpt>
      <trkpt lat="44.15489" lon="3.15064">
        <ele>841</ele>
        <time>2026-08-21T16:12:46+00:00</time>
      </trkpt>
      <trkpt lat="44.15481" lon="3.15058">
        <ele>840</ele>
        <time>2026-08-21T16:12:49+00:00</time>
      </trkpt>
      <trkpt lat="44.15456" lon="3.15036">
        <ele>838</ele>
        <time>2026-08-21T16:12:52+00:00</time>
      </trkpt>
      <trkpt lat="44.15429" lon="3.1501">
        <ele>837</ele>
        <time>2026-08-21T16:12:55+00:00</time>
      </trkpt>
      <trkpt lat="44.15407" lon="3.14993">
        <ele>837</ele>
        <time>2026-08-21T16:12:58+00:00</time>
      </trkpt>
      <trkpt lat="44.15385" lon="3.14975">
        <ele>837</ele>
        <time>2026-08-21T16:13:01+00:00</time>
      </trkpt>
      <trkpt lat="44.15361" lon="3.14955">
        <ele>837</ele>
        <time>2026-08-21T16:13:04+00:00</time>
      </trkpt>
      <trkpt lat="44.15328" lon="3.14917">
        <ele>837</ele>
        <time>2026-08-21T16:13:07+00:00</time>
      </trkpt>
      <trkpt lat="44.1532" lon="3.14905">
        <ele>838</ele>
        <time>2026-08-21T16:13:10+00:00</time>
      </trkpt>
      <trkpt lat="44.1531" lon="3.14889">
        <ele>838</ele>
        <time>2026-08-21T16:13:13+00:00</time>
      </trkpt>
      <trkpt lat="44.15304" lon="3.14881">
        <ele>838</ele>
        <time>2026-08-21T16:13:16+00:00</time>
      </trkpt>
      <trkpt lat="44.15297" lon="3.14875">
        <ele>838</ele>
        <time>2026-08-21T16:13:19+00:00</time>
      </trkpt>
      <trkpt lat="44.15286" lon="3.14868">
        <ele>839</ele>
        <time>2026-08-21T16:13:22+00:00</time>
      </trkpt>
      <trkpt lat="44.15263" lon="3.14856">
        <ele>839</ele>
        <time>2026-08-21T16:13:25+00:00</time>
      </trkpt>
      <trkpt lat="44.15256" lon="3.14853">
        <ele>839</ele>
        <time>2026-08-21T16:13:28+00:00</time>
      </trkpt>
      <trkpt lat="44.15249" lon="3.14852">
        <ele>840</ele>
        <time>2026-08-21T16:13:31+00:00</time>
      </trkpt>
      <trkpt lat="44.15241" lon="3.14853">
        <ele>840</ele>
        <time>2026-08-21T16:13:34+00:00</time>
      </trkpt>
      <trkpt lat="44.15217" lon="3.1486">
        <ele>840</ele>
        <time>2026-08-21T16:13:37+00:00</time>
      </trkpt>
      <trkpt lat="44.1521" lon="3.14863">
        <ele>840</ele>
        <time>2026-08-21T16:13:40+00:00</time>
      </trkpt>
      <trkpt lat="44.15203" lon="3.14868">
        <ele>840</ele>
        <time>2026-08-21T16:13:43+00:00</time>
      </trkpt>
      <trkpt lat="44.15196" lon="3.14876">
        <ele>840</ele>
        <time>2026-08-21T16:13:46+00:00</time>
      </trkpt>
      <trkpt lat="44.1519" lon="3.14884">
        <ele>840</ele>
        <time>2026-08-21T16:13:49+00:00</time>
      </trkpt>
      <trkpt lat="44.1517" lon="3.14914">
        <ele>840</ele>
        <time>2026-08-21T16:13:52+00:00</time>
      </trkpt>
      <trkpt lat="44.15158" lon="3.14931">
        <ele>839</ele>
        <time>2026-08-21T16:13:55+00:00</time>
      </trkpt>
      <trkpt lat="44.15151" lon="3.14936">
        <ele>840</ele>
        <time>2026-08-21T16:13:58+00:00</time>
      </trkpt>
      <trkpt lat="44.15144" lon="3.14935">
        <ele>840</ele>
        <time>2026-08-21T16:14:01+00:00</time>
      </trkpt>
      <trkpt lat="44.15138" lon="3.14933">
        <ele>841</ele>
        <time>2026-08-21T16:14:04+00:00</time>
      </trkpt>
      <trkpt lat="44.15131" lon="3.14931">
        <ele>841</ele>
        <time>2026-08-21T16:14:07+00:00</time>
      </trkpt>
      <trkpt lat="44.15124" lon="3.14932">
        <ele>841</ele>
        <time>2026-08-21T16:14:10+00:00</time>
      </trkpt>
      <trkpt lat="44.15117" lon="3.14935">
        <ele>842</ele>
        <time>2026-08-21T16:14:13+00:00</time>
      </trkpt>
      <trkpt lat="44.15103" lon="3.14945">
        <ele>842</ele>
        <time>2026-08-21T16:14:16+00:00</time>
      </trkpt>
      <trkpt lat="44.15099" lon="3.14946">
        <ele>843</ele>
        <time>2026-08-21T16:14:19+00:00</time>
      </trkpt>
      <trkpt lat="44.15096" lon="3.14947">
        <ele>843</ele>
        <time>2026-08-21T16:14:22+00:00</time>
      </trkpt>
      <trkpt lat="44.15082" lon="3.14949">
        <ele>843</ele>
        <time>2026-08-21T16:14:25+00:00</time>
      </trkpt>
      <trkpt lat="44.1506" lon="3.14957">
        <ele>844</ele>
        <time>2026-08-21T16:14:28+00:00</time>
      </trkpt>
      <trkpt lat="44.15053" lon="3.14958">
        <ele>845</ele>
        <time>2026-08-21T16:14:31+00:00</time>
      </trkpt>
      <trkpt lat="44.15045" lon="3.14956">
        <ele>846</ele>
        <time>2026-08-21T16:14:34+00:00</time>
      </trkpt>
      <trkpt lat="44.15036" lon="3.14951">
        <ele>846</ele>
        <time>2026-08-21T16:14:37+00:00</time>
      </trkpt>
      <trkpt lat="44.15029" lon="3.14943">
        <ele>846</ele>
        <time>2026-08-21T16:14:40+00:00</time>
      </trkpt>
      <trkpt lat="44.15022" lon="3.14933">
        <ele>846</ele>
        <time>2026-08-21T16:14:43+00:00</time>
      </trkpt>
      <trkpt lat="44.15017" lon="3.14922">
        <ele>846</ele>
        <time>2026-08-21T16:14:46+00:00</time>
      </trkpt>
      <trkpt lat="44.15007" lon="3.14899">
        <ele>845</ele>
        <time>2026-08-21T16:14:49+00:00</time>
      </trkpt>
      <trkpt lat="44.15001" lon="3.14889">
        <ele>845</ele>
        <time>2026-08-21T16:14:52+00:00</time>
      </trkpt>
      <trkpt lat="44.14995" lon="3.14884">
        <ele>845</ele>
        <time>2026-08-21T16:14:55+00:00</time>
      </trkpt>
      <trkpt lat="44.14987" lon="3.14885">
        <ele>845</ele>
        <time>2026-08-21T16:14:58+00:00</time>
      </trkpt>
      <trkpt lat="44.14969" lon="3.1489">
        <ele>845</ele>
        <time>2026-08-21T16:15:01+00:00</time>
      </trkpt>
      <trkpt lat="44.14959" lon="3.14891">
        <ele>844</ele>
        <time>2026-08-21T16:15:04+00:00</time>
      </trkpt>
      <trkpt lat="44.1494" lon="3.14892">
        <ele>844</ele>
        <time>2026-08-21T16:15:07+00:00</time>
      </trkpt>
      <trkpt lat="44.14913" lon="3.14893">
        <ele>843</ele>
        <time>2026-08-21T16:15:10+00:00</time>
      </trkpt>
      <trkpt lat="44.14891" lon="3.14893">
        <ele>842</ele>
        <time>2026-08-21T16:15:13+00:00</time>
      </trkpt>
      <trkpt lat="44.14878" lon="3.14894">
        <ele>841</ele>
        <time>2026-08-21T16:15:16+00:00</time>
      </trkpt>
      <trkpt lat="44.14869" lon="3.14896">
        <ele>841</ele>
        <time>2026-08-21T16:15:19+00:00</time>
      </trkpt>
      <trkpt lat="44.14861" lon="3.14898">
        <ele>841</ele>
        <time>2026-08-21T16:15:22+00:00</time>
      </trkpt>
      <trkpt lat="44.14827" lon="3.14912">
        <ele>839</ele>
        <time>2026-08-21T16:15:25+00:00</time>
      </trkpt>
      <trkpt lat="44.14818" lon="3.14916">
        <ele>839</ele>
        <time>2026-08-21T16:15:28+00:00</time>
      </trkpt>
      <trkpt lat="44.1481" lon="3.14918">
        <ele>839</ele>
        <time>2026-08-21T16:15:31+00:00</time>
      </trkpt>
      <trkpt lat="44.14791" lon="3.14919">
        <ele>839</ele>
        <time>2026-08-21T16:15:34+00:00</time>
      </trkpt>
      <trkpt lat="44.14767" lon="3.1492">
        <ele>839</ele>
        <time>2026-08-21T16:15:37+00:00</time>
      </trkpt>
      <trkpt lat="44.1475" lon="3.14922">
        <ele>840</ele>
        <time>2026-08-21T16:15:40+00:00</time>
      </trkpt>
      <trkpt lat="44.14731" lon="3.14925">
        <ele>840</ele>
        <time>2026-08-21T16:15:43+00:00</time>
      </trkpt>
      <trkpt lat="44.14708" lon="3.14928">
        <ele>840</ele>
        <time>2026-08-21T16:15:46+00:00</time>
      </trkpt>
      <trkpt lat="44.147" lon="3.14932">
        <ele>841</ele>
        <time>2026-08-21T16:15:49+00:00</time>
      </trkpt>
      <trkpt lat="44.14692" lon="3.14938">
        <ele>841</ele>
        <time>2026-08-21T16:15:52+00:00</time>
      </trkpt>
      <trkpt lat="44.14686" lon="3.14945">
        <ele>842</ele>
        <time>2026-08-21T16:15:55+00:00</time>
      </trkpt>
      <trkpt lat="44.14675" lon="3.14961">
        <ele>843</ele>
        <time>2026-08-21T16:15:58+00:00</time>
      </trkpt>
      <trkpt lat="44.1467" lon="3.14968">
        <ele>843</ele>
        <time>2026-08-21T16:16:01+00:00</time>
      </trkpt>
      <trkpt lat="44.14658" lon="3.1498">
        <ele>844</ele>
        <time>2026-08-21T16:16:04+00:00</time>
      </trkpt>
      <trkpt lat="44.14647" lon="3.1499">
        <ele>844</ele>
        <time>2026-08-21T16:16:07+00:00</time>
      </trkpt>
      <trkpt lat="44.14643" lon="3.14996">
        <ele>844</ele>
        <time>2026-08-21T16:16:10+00:00</time>
      </trkpt>
      <trkpt lat="44.14639" lon="3.15003">
        <ele>844</ele>
        <time>2026-08-21T16:16:13+00:00</time>
      </trkpt>
      <trkpt lat="44.14634" lon="3.1501">
        <ele>843</ele>
        <time>2026-08-21T16:16:16+00:00</time>
      </trkpt>
      <trkpt lat="44.14627" lon="3.15014">
        <ele>844</ele>
        <time>2026-08-21T16:16:19+00:00</time>
      </trkpt>
      <trkpt lat="44.14619" lon="3.15013">
        <ele>844</ele>
        <time>2026-08-21T16:16:22+00:00</time>
      </trkpt>
      <trkpt lat="44.1461" lon="3.1501">
        <ele>843</ele>
        <time>2026-08-21T16:16:25+00:00</time>
      </trkpt>
      <trkpt lat="44.14601" lon="3.15006">
        <ele>843</ele>
        <time>2026-08-21T16:16:28+00:00</time>
      </trkpt>
      <trkpt lat="44.14577" lon="3.14991">
        <ele>842</ele>
        <time>2026-08-21T16:16:31+00:00</time>
      </trkpt>
      <trkpt lat="44.14553" lon="3.14979">
        <ele>841</ele>
        <time>2026-08-21T16:16:34+00:00</time>
      </trkpt>
      <trkpt lat="44.14527" lon="3.14965">
        <ele>841</ele>
        <time>2026-08-21T16:16:37+00:00</time>
      </trkpt>
      <trkpt lat="44.14502" lon="3.14949">
        <ele>842</ele>
        <time>2026-08-21T16:16:40+00:00</time>
      </trkpt>
      <trkpt lat="44.14495" lon="3.14943">
        <ele>842</ele>
        <time>2026-08-21T16:16:43+00:00</time>
      </trkpt>
      <trkpt lat="44.14492" lon="3.14933">
        <ele>842</ele>
        <time>2026-08-21T16:16:46+00:00</time>
      </trkpt>
      <trkpt lat="44.14494" lon="3.14923">
        <ele>843</ele>
        <time>2026-08-21T16:16:49+00:00</time>
      </trkpt>
      <trkpt lat="44.14499" lon="3.14913">
        <ele>843</ele>
        <time>2026-08-21T16:16:52+00:00</time>
      </trkpt>
      <trkpt lat="44.1451" lon="3.14895">
        <ele>844</ele>
        <time>2026-08-21T16:16:55+00:00</time>
      </trkpt>
      <trkpt lat="44.14514" lon="3.14885">
        <ele>844</ele>
        <time>2026-08-21T16:16:58+00:00</time>
      </trkpt>
      <trkpt lat="44.14519" lon="3.14863">
        <ele>844</ele>
        <time>2026-08-21T16:17:01+00:00</time>
      </trkpt>
      <trkpt lat="44.14523" lon="3.14852">
        <ele>844</ele>
        <time>2026-08-21T16:17:04+00:00</time>
      </trkpt>
      <trkpt lat="44.14528" lon="3.14842">
        <ele>844</ele>
        <time>2026-08-21T16:17:07+00:00</time>
      </trkpt>
      <trkpt lat="44.14535" lon="3.14834">
        <ele>844</ele>
        <time>2026-08-21T16:17:10+00:00</time>
      </trkpt>
      <trkpt lat="44.14555" lon="3.14813">
        <ele>844</ele>
        <time>2026-08-21T16:17:13+00:00</time>
      </trkpt>
      <trkpt lat="44.14562" lon="3.14805">
        <ele>843</ele>
        <time>2026-08-21T16:17:16+00:00</time>
      </trkpt>
      <trkpt lat="44.14567" lon="3.14796">
        <ele>843</ele>
        <time>2026-08-21T16:17:19+00:00</time>
      </trkpt>
      <trkpt lat="44.14583" lon="3.14768">
        <ele>843</ele>
        <time>2026-08-21T16:17:22+00:00</time>
      </trkpt>
      <trkpt lat="44.14589" lon="3.1476">
        <ele>842</ele>
        <time>2026-08-21T16:17:25+00:00</time>
      </trkpt>
      <trkpt lat="44.14595" lon="3.14753">
        <ele>842</ele>
        <time>2026-08-21T16:17:28+00:00</time>
      </trkpt>
      <trkpt lat="44.1461" lon="3.14741">
        <ele>842</ele>
        <time>2026-08-21T16:17:31+00:00</time>
      </trkpt>
      <trkpt lat="44.14625" lon="3.14728">
        <ele>842</ele>
        <time>2026-08-21T16:17:34+00:00</time>
      </trkpt>
      <trkpt lat="44.14634" lon="3.14723">
        <ele>841</ele>
        <time>2026-08-21T16:17:37+00:00</time>
      </trkpt>
      <trkpt lat="44.14651" lon="3.14715">
        <ele>841</ele>
        <time>2026-08-21T16:17:40+00:00</time>
      </trkpt>
      <trkpt lat="44.14659" lon="3.1471">
        <ele>841</ele>
        <time>2026-08-21T16:17:43+00:00</time>
      </trkpt>
      <trkpt lat="44.14671" lon="3.14701">
        <ele>840</ele>
        <time>2026-08-21T16:17:46+00:00</time>
      </trkpt>
      <trkpt lat="44.14683" lon="3.14692">
        <ele>840</ele>
        <time>2026-08-21T16:17:49+00:00</time>
      </trkpt>
      <trkpt lat="44.1469" lon="3.14686">
        <ele>840</ele>
        <time>2026-08-21T16:17:52+00:00</time>
      </trkpt>
      <trkpt lat="44.14697" lon="3.14678">
        <ele>840</ele>
        <time>2026-08-21T16:17:55+00:00</time>
      </trkpt>
      <trkpt lat="44.14703" lon="3.14668">
        <ele>840</ele>
        <time>2026-08-21T16:17:58+00:00</time>
      </trkpt>
      <trkpt lat="44.14713" lon="3.14647">
        <ele>841</ele>
        <time>2026-08-21T16:18:01+00:00</time>
      </trkpt>
      <trkpt lat="44.14718" lon="3.14637">
        <ele>841</ele>
        <time>2026-08-21T16:18:04+00:00</time>
      </trkpt>
      <trkpt lat="44.14724" lon="3.14629">
        <ele>841</ele>
        <time>2026-08-21T16:18:07+00:00</time>
      </trkpt>
      <trkpt lat="44.1473" lon="3.14622">
        <ele>841</ele>
        <time>2026-08-21T16:18:10+00:00</time>
      </trkpt>
      <trkpt lat="44.14736" lon="3.14613">
        <ele>841</ele>
        <time>2026-08-21T16:18:13+00:00</time>
      </trkpt>
      <trkpt lat="44.14741" lon="3.14604">
        <ele>841</ele>
        <time>2026-08-21T16:18:16+00:00</time>
      </trkpt>
      <trkpt lat="44.14745" lon="3.14592">
        <ele>840</ele>
        <time>2026-08-21T16:18:19+00:00</time>
      </trkpt>
      <trkpt lat="44.14752" lon="3.14566">
        <ele>840</ele>
        <time>2026-08-21T16:18:22+00:00</time>
      </trkpt>
      <trkpt lat="44.14756" lon="3.14554">
        <ele>840</ele>
        <time>2026-08-21T16:18:25+00:00</time>
      </trkpt>
      <trkpt lat="44.14759" lon="3.14544">
        <ele>840</ele>
        <time>2026-08-21T16:18:28+00:00</time>
      </trkpt>
      <trkpt lat="44.14757" lon="3.14535">
        <ele>840</ele>
        <time>2026-08-21T16:18:31+00:00</time>
      </trkpt>
      <trkpt lat="44.14751" lon="3.14528">
        <ele>840</ele>
        <time>2026-08-21T16:18:34+00:00</time>
      </trkpt>
      <trkpt lat="44.1473" lon="3.14509">
        <ele>840</ele>
        <time>2026-08-21T16:18:37+00:00</time>
      </trkpt>
      <trkpt lat="44.14723" lon="3.14504">
        <ele>840</ele>
        <time>2026-08-21T16:18:40+00:00</time>
      </trkpt>
      <trkpt lat="44.14716" lon="3.145">
        <ele>840</ele>
        <time>2026-08-21T16:18:43+00:00</time>
      </trkpt>
      <trkpt lat="44.14688" lon="3.1449">
        <ele>839</ele>
        <time>2026-08-21T16:18:46+00:00</time>
      </trkpt>
      <trkpt lat="44.14669" lon="3.1448">
        <ele>839</ele>
        <time>2026-08-21T16:18:49+00:00</time>
      </trkpt>
      <trkpt lat="44.1465" lon="3.14475">
        <ele>838</ele>
        <time>2026-08-21T16:18:52+00:00</time>
      </trkpt>
      <trkpt lat="44.14623" lon="3.14464">
        <ele>837</ele>
        <time>2026-08-21T16:18:55+00:00</time>
      </trkpt>
      <trkpt lat="44.14615" lon="3.14461">
        <ele>836</ele>
        <time>2026-08-21T16:18:58+00:00</time>
      </trkpt>
      <trkpt lat="44.14606" lon="3.14461">
        <ele>836</ele>
        <time>2026-08-21T16:19:01+00:00</time>
      </trkpt>
      <trkpt lat="44.14597" lon="3.14462">
        <ele>836</ele>
        <time>2026-08-21T16:19:04+00:00</time>
      </trkpt>
      <trkpt lat="44.1457" lon="3.14468">
        <ele>834</ele>
        <time>2026-08-21T16:19:07+00:00</time>
      </trkpt>
      <trkpt lat="44.1456" lon="3.14468">
        <ele>834</ele>
        <time>2026-08-21T16:19:10+00:00</time>
      </trkpt>
      <trkpt lat="44.14551" lon="3.14466">
        <ele>833</ele>
        <time>2026-08-21T16:19:13+00:00</time>
      </trkpt>
      <trkpt lat="44.14541" lon="3.14462">
        <ele>833</ele>
        <time>2026-08-21T16:19:16+00:00</time>
      </trkpt>
      <trkpt lat="44.14532" lon="3.14455">
        <ele>832</ele>
        <time>2026-08-21T16:19:19+00:00</time>
      </trkpt>
      <trkpt lat="44.14509" lon="3.14433">
        <ele>830</ele>
        <time>2026-08-21T16:19:22+00:00</time>
      </trkpt>
      <trkpt lat="44.14499" lon="3.1442">
        <ele>829</ele>
        <time>2026-08-21T16:19:25+00:00</time>
      </trkpt>
      <trkpt lat="44.14486" lon="3.14401">
        <ele>830</ele>
        <time>2026-08-21T16:19:28+00:00</time>
      </trkpt>
      <trkpt lat="44.14472" lon="3.1438">
        <ele>830</ele>
        <time>2026-08-21T16:19:31+00:00</time>
      </trkpt>
      <trkpt lat="44.14465" lon="3.14372">
        <ele>830</ele>
        <time>2026-08-21T16:19:34+00:00</time>
      </trkpt>
      <trkpt lat="44.14457" lon="3.14365">
        <ele>830</ele>
        <time>2026-08-21T16:19:37+00:00</time>
      </trkpt>
      <trkpt lat="44.14449" lon="3.14359">
        <ele>829</ele>
        <time>2026-08-21T16:19:40+00:00</time>
      </trkpt>
      <trkpt lat="44.14441" lon="3.14354">
        <ele>829</ele>
        <time>2026-08-21T16:19:43+00:00</time>
      </trkpt>
      <trkpt lat="44.14424" lon="3.14346">
        <ele>829</ele>
        <time>2026-08-21T16:19:46+00:00</time>
      </trkpt>
      <trkpt lat="44.14389" lon="3.14335">
        <ele>829</ele>
        <time>2026-08-21T16:19:49+00:00</time>
      </trkpt>
      <trkpt lat="44.14381" lon="3.14334">
        <ele>829</ele>
        <time>2026-08-21T16:19:52+00:00</time>
      </trkpt>
      <trkpt lat="44.14363" lon="3.14333">
        <ele>829</ele>
        <time>2026-08-21T16:19:55+00:00</time>
      </trkpt>
      <trkpt lat="44.14339" lon="3.14329">
        <ele>829</ele>
        <time>2026-08-21T16:19:58+00:00</time>
      </trkpt>
      <trkpt lat="44.14332" lon="3.14327">
        <ele>829</ele>
        <time>2026-08-21T16:20:01+00:00</time>
      </trkpt>
      <trkpt lat="44.14326" lon="3.14324">
        <ele>829</ele>
        <time>2026-08-21T16:20:04+00:00</time>
      </trkpt>
      <trkpt lat="44.14319" lon="3.14319">
        <ele>829</ele>
        <time>2026-08-21T16:20:07+00:00</time>
      </trkpt>
      <trkpt lat="44.14314" lon="3.14313">
        <ele>829</ele>
        <time>2026-08-21T16:20:10+00:00</time>
      </trkpt>
      <trkpt lat="44.14289" lon="3.1428">
        <ele>830</ele>
        <time>2026-08-21T16:20:13+00:00</time>
      </trkpt>
      <trkpt lat="44.14283" lon="3.14272">
        <ele>830</ele>
        <time>2026-08-21T16:20:16+00:00</time>
      </trkpt>
      <trkpt lat="44.14276" lon="3.14265">
        <ele>830</ele>
        <time>2026-08-21T16:20:19+00:00</time>
      </trkpt>
      <trkpt lat="44.14268" lon="3.14258">
        <ele>830</ele>
        <time>2026-08-21T16:20:22+00:00</time>
      </trkpt>
      <trkpt lat="44.14241" lon="3.1424">
        <ele>829</ele>
        <time>2026-08-21T16:20:25+00:00</time>
      </trkpt>
      <trkpt lat="44.14233" lon="3.14235">
        <ele>829</ele>
        <time>2026-08-21T16:20:28+00:00</time>
      </trkpt>
      <trkpt lat="44.14215" lon="3.14228">
        <ele>829</ele>
        <time>2026-08-21T16:20:31+00:00</time>
      </trkpt>
      <trkpt lat="44.14207" lon="3.14223">
        <ele>829</ele>
        <time>2026-08-21T16:20:34+00:00</time>
      </trkpt>
      <trkpt lat="44.14172" lon="3.14203">
        <ele>828</ele>
        <time>2026-08-21T16:20:37+00:00</time>
      </trkpt>
      <trkpt lat="44.14164" lon="3.14198">
        <ele>828</ele>
        <time>2026-08-21T16:20:40+00:00</time>
      </trkpt>
      <trkpt lat="44.14157" lon="3.1419">
        <ele>828</ele>
        <time>2026-08-21T16:20:43+00:00</time>
      </trkpt>
      <trkpt lat="44.1415" lon="3.14183">
        <ele>828</ele>
        <time>2026-08-21T16:20:46+00:00</time>
      </trkpt>
      <trkpt lat="44.14127" lon="3.14152">
        <ele>828</ele>
        <time>2026-08-21T16:20:49+00:00</time>
      </trkpt>
      <trkpt lat="44.14108" lon="3.1413">
        <ele>828</ele>
        <time>2026-08-21T16:20:52+00:00</time>
      </trkpt>
      <trkpt lat="44.14095" lon="3.14118">
        <ele>828</ele>
        <time>2026-08-21T16:20:55+00:00</time>
      </trkpt>
      <trkpt lat="44.14081" lon="3.14107">
        <ele>829</ele>
        <time>2026-08-21T16:20:58+00:00</time>
      </trkpt>
      <trkpt lat="44.14061" lon="3.14094">
        <ele>831</ele>
        <time>2026-08-21T16:21:01+00:00</time>
      </trkpt>
      <trkpt lat="44.14039" lon="3.14072">
        <ele>836</ele>
        <time>2026-08-21T16:21:04+00:00</time>
      </trkpt>
      <trkpt lat="44.14022" lon="3.14059">
        <ele>836</ele>
        <time>2026-08-21T16:21:07+00:00</time>
      </trkpt>
      <trkpt lat="44.14009" lon="3.14045">
        <ele>838</ele>
        <time>2026-08-21T16:21:10+00:00</time>
      </trkpt>
      <trkpt lat="44.13998" lon="3.1403">
        <ele>839</ele>
        <time>2026-08-21T16:21:13+00:00</time>
      </trkpt>
      <trkpt lat="44.13992" lon="3.14024">
        <ele>838</ele>
        <time>2026-08-21T16:21:16+00:00</time>
      </trkpt>
      <trkpt lat="44.13973" lon="3.14006">
        <ele>839</ele>
        <time>2026-08-21T16:21:19+00:00</time>
      </trkpt>
      <trkpt lat="44.13946" lon="3.13976">
        <ele>837</ele>
        <time>2026-08-21T16:21:22+00:00</time>
      </trkpt>
      <trkpt lat="44.13939" lon="3.13969">
        <ele>836</ele>
        <time>2026-08-21T16:21:25+00:00</time>
      </trkpt>
      <trkpt lat="44.1393" lon="3.13964">
        <ele>836</ele>
        <time>2026-08-21T16:21:28+00:00</time>
      </trkpt>
      <trkpt lat="44.13921" lon="3.1396">
        <ele>835</ele>
        <time>2026-08-21T16:21:31+00:00</time>
      </trkpt>
      <trkpt lat="44.13894" lon="3.1395">
        <ele>831</ele>
        <time>2026-08-21T16:21:34+00:00</time>
      </trkpt>
      <trkpt lat="44.13857" lon="3.13935">
        <ele>831</ele>
        <time>2026-08-21T16:21:37+00:00</time>
      </trkpt>
      <trkpt lat="44.13839" lon="3.13925">
        <ele>830</ele>
        <time>2026-08-21T16:21:40+00:00</time>
      </trkpt>
      <trkpt lat="44.1383" lon="3.13919">
        <ele>829</ele>
        <time>2026-08-21T16:21:43+00:00</time>
      </trkpt>
      <trkpt lat="44.13807" lon="3.13901">
        <ele>827</ele>
        <time>2026-08-21T16:21:46+00:00</time>
      </trkpt>
      <trkpt lat="44.1378" lon="3.1388">
        <ele>824</ele>
        <time>2026-08-21T16:21:49+00:00</time>
      </trkpt>
      <trkpt lat="44.13771" lon="3.13872">
        <ele>824</ele>
        <time>2026-08-21T16:21:52+00:00</time>
      </trkpt>
      <trkpt lat="44.13764" lon="3.13864">
        <ele>823</ele>
        <time>2026-08-21T16:21:55+00:00</time>
      </trkpt>
      <trkpt lat="44.13757" lon="3.13854">
        <ele>822</ele>
        <time>2026-08-21T16:21:58+00:00</time>
      </trkpt>
      <trkpt lat="44.13747" lon="3.13831">
        <ele>820</ele>
        <time>2026-08-21T16:22:01+00:00</time>
      </trkpt>
      <trkpt lat="44.1374" lon="3.13822">
        <ele>820</ele>
        <time>2026-08-21T16:22:04+00:00</time>
      </trkpt>
      <trkpt lat="44.13732" lon="3.13815">
        <ele>819</ele>
        <time>2026-08-21T16:22:07+00:00</time>
      </trkpt>
      <trkpt lat="44.13714" lon="3.13806">
        <ele>819</ele>
        <time>2026-08-21T16:22:10+00:00</time>
      </trkpt>
      <trkpt lat="44.13704" lon="3.13802">
        <ele>818</ele>
        <time>2026-08-21T16:22:13+00:00</time>
      </trkpt>
      <trkpt lat="44.13695" lon="3.138">
        <ele>818</ele>
        <time>2026-08-21T16:22:16+00:00</time>
      </trkpt>
      <trkpt lat="44.13676" lon="3.138">
        <ele>818</ele>
        <time>2026-08-21T16:22:19+00:00</time>
      </trkpt>
      <trkpt lat="44.13667" lon="3.13797">
        <ele>818</ele>
        <time>2026-08-21T16:22:22+00:00</time>
      </trkpt>
      <trkpt lat="44.1366" lon="3.13789">
        <ele>818</ele>
        <time>2026-08-21T16:22:25+00:00</time>
      </trkpt>
      <trkpt lat="44.13648" lon="3.13767">
        <ele>817</ele>
        <time>2026-08-21T16:22:28+00:00</time>
      </trkpt>
      <trkpt lat="44.13636" lon="3.13749">
        <ele>816</ele>
        <time>2026-08-21T16:22:31+00:00</time>
      </trkpt>
      <trkpt lat="44.13628" lon="3.13733">
        <ele>817</ele>
        <time>2026-08-21T16:22:34+00:00</time>
      </trkpt>
      <trkpt lat="44.13644" lon="3.13759">
        <ele>817</ele>
        <time>2026-08-21T16:22:37+00:00</time>
      </trkpt>
      <trkpt lat="44.13661" lon="3.13784">
        <ele>818</ele>
        <time>2026-08-21T16:22:40+00:00</time>
      </trkpt>
      <trkpt lat="44.13666" lon="3.13793">
        <ele>818</ele>
        <time>2026-08-21T16:22:43+00:00</time>
      </trkpt>
      <trkpt lat="44.13669" lon="3.13801">
        <ele>818</ele>
        <time>2026-08-21T16:22:46+00:00</time>
      </trkpt>
      <trkpt lat="44.13676" lon="3.1382">
        <ele>818</ele>
        <time>2026-08-21T16:22:49+00:00</time>
      </trkpt>
      <trkpt lat="44.13678" lon="3.1383">
        <ele>819</ele>
        <time>2026-08-21T16:22:52+00:00</time>
      </trkpt>
      <trkpt lat="44.13677" lon="3.13841">
        <ele>819</ele>
        <time>2026-08-21T16:22:55+00:00</time>
      </trkpt>
      <trkpt lat="44.13675" lon="3.13851">
        <ele>819</ele>
        <time>2026-08-21T16:22:58+00:00</time>
      </trkpt>
      <trkpt lat="44.13668" lon="3.1387">
        <ele>820</ele>
        <time>2026-08-21T16:23:01+00:00</time>
      </trkpt>
      <trkpt lat="44.13665" lon="3.13879">
        <ele>820</ele>
        <time>2026-08-21T16:23:04+00:00</time>
      </trkpt>
      <trkpt lat="44.13665" lon="3.13887">
        <ele>821</ele>
        <time>2026-08-21T16:23:07+00:00</time>
      </trkpt>
      <trkpt lat="44.13668" lon="3.13896">
        <ele>822</ele>
        <time>2026-08-21T16:23:10+00:00</time>
      </trkpt>
      <trkpt lat="44.13682" lon="3.13919">
        <ele>823</ele>
        <time>2026-08-21T16:23:13+00:00</time>
      </trkpt>
      <trkpt lat="44.13688" lon="3.13935">
        <ele>824</ele>
        <time>2026-08-21T16:23:16+00:00</time>
      </trkpt>
      <trkpt lat="44.13698" lon="3.13967">
        <ele>825</ele>
        <time>2026-08-21T16:23:19+00:00</time>
      </trkpt>
      <trkpt lat="44.137" lon="3.13978">
        <ele>825</ele>
        <time>2026-08-21T16:23:22+00:00</time>
      </trkpt>
      <trkpt lat="44.137" lon="3.1399">
        <ele>825</ele>
        <time>2026-08-21T16:23:25+00:00</time>
      </trkpt>
      <trkpt lat="44.13699" lon="3.14024">
        <ele>826</ele>
        <time>2026-08-21T16:23:28+00:00</time>
      </trkpt>
      <trkpt lat="44.13697" lon="3.14036">
        <ele>826</ele>
        <time>2026-08-21T16:23:31+00:00</time>
      </trkpt>
      <trkpt lat="44.13692" lon="3.14066">
        <ele>827</ele>
        <time>2026-08-21T16:23:34+00:00</time>
      </trkpt>
      <trkpt lat="44.13692" lon="3.14077">
        <ele>827</ele>
        <time>2026-08-21T16:23:37+00:00</time>
      </trkpt>
      <trkpt lat="44.13694" lon="3.14098">
        <ele>827</ele>
        <time>2026-08-21T16:23:40+00:00</time>
      </trkpt>
      <trkpt lat="44.13694" lon="3.14108">
        <ele>827</ele>
        <time>2026-08-21T16:23:43+00:00</time>
      </trkpt>
      <trkpt lat="44.13693" lon="3.1412">
        <ele>827</ele>
        <time>2026-08-21T16:23:46+00:00</time>
      </trkpt>
      <trkpt lat="44.13691" lon="3.1413">
        <ele>827</ele>
        <time>2026-08-21T16:23:49+00:00</time>
      </trkpt>
      <trkpt lat="44.13688" lon="3.1414">
        <ele>828</ele>
        <time>2026-08-21T16:23:52+00:00</time>
      </trkpt>
      <trkpt lat="44.13676" lon="3.14164">
        <ele>828</ele>
        <time>2026-08-21T16:23:55+00:00</time>
      </trkpt>
      <trkpt lat="44.13661" lon="3.14197">
        <ele>829</ele>
        <time>2026-08-21T16:23:58+00:00</time>
      </trkpt>
      <trkpt lat="44.13655" lon="3.14214">
        <ele>829</ele>
        <time>2026-08-21T16:24:01+00:00</time>
      </trkpt>
      <trkpt lat="44.1365" lon="3.14232">
        <ele>830</ele>
        <time>2026-08-21T16:24:04+00:00</time>
      </trkpt>
      <trkpt lat="44.13648" lon="3.14242">
        <ele>830</ele>
        <time>2026-08-21T16:24:07+00:00</time>
      </trkpt>
      <trkpt lat="44.13644" lon="3.14263">
        <ele>830</ele>
        <time>2026-08-21T16:24:10+00:00</time>
      </trkpt>
      <trkpt lat="44.13643" lon="3.14298">
        <ele>830</ele>
        <time>2026-08-21T16:24:13+00:00</time>
      </trkpt>
      <trkpt lat="44.1364" lon="3.14335">
        <ele>830</ele>
        <time>2026-08-21T16:24:16+00:00</time>
      </trkpt>
      <trkpt lat="44.13637" lon="3.14359">
        <ele>830</ele>
        <time>2026-08-21T16:24:19+00:00</time>
      </trkpt>
      <trkpt lat="44.1363" lon="3.14387">
        <ele>829</ele>
        <time>2026-08-21T16:24:22+00:00</time>
      </trkpt>
      <trkpt lat="44.13618" lon="3.14431">
        <ele>825</ele>
        <time>2026-08-21T16:24:25+00:00</time>
      </trkpt>
      <trkpt lat="44.13616" lon="3.14443">
        <ele>825</ele>
        <time>2026-08-21T16:24:28+00:00</time>
      </trkpt>
      <trkpt lat="44.13614" lon="3.14483">
        <ele>821</ele>
        <time>2026-08-21T16:24:31+00:00</time>
      </trkpt>
      <trkpt lat="44.1361" lon="3.1449">
        <ele>820</ele>
        <time>2026-08-21T16:24:34+00:00</time>
      </trkpt>
      <trkpt lat="44.13602" lon="3.14488">
        <ele>821</ele>
        <time>2026-08-21T16:24:37+00:00</time>
      </trkpt>
      <trkpt lat="44.13595" lon="3.14481">
        <ele>821</ele>
        <time>2026-08-21T16:24:40+00:00</time>
      </trkpt>
      <trkpt lat="44.1358" lon="3.14462">
        <ele>821</ele>
        <time>2026-08-21T16:24:43+00:00</time>
      </trkpt>
      <trkpt lat="44.13567" lon="3.14442">
        <ele>822</ele>
        <time>2026-08-21T16:24:46+00:00</time>
      </trkpt>
      <trkpt lat="44.13559" lon="3.14434">
        <ele>821</ele>
        <time>2026-08-21T16:24:49+00:00</time>
      </trkpt>
      <trkpt lat="44.13551" lon="3.14429">
        <ele>822</ele>
        <time>2026-08-21T16:24:52+00:00</time>
      </trkpt>
      <trkpt lat="44.13532" lon="3.14423">
        <ele>821</ele>
        <time>2026-08-21T16:24:55+00:00</time>
      </trkpt>
      <trkpt lat="44.13524" lon="3.14416">
        <ele>820</ele>
        <time>2026-08-21T16:24:58+00:00</time>
      </trkpt>
      <trkpt lat="44.13502" lon="3.14381">
        <ele>820</ele>
        <time>2026-08-21T16:25:01+00:00</time>
      </trkpt>
      <trkpt lat="44.13485" lon="3.14359">
        <ele>819</ele>
        <time>2026-08-21T16:25:04+00:00</time>
      </trkpt>
      <trkpt lat="44.13479" lon="3.14351">
        <ele>819</ele>
        <time>2026-08-21T16:25:07+00:00</time>
      </trkpt>
      <trkpt lat="44.13471" lon="3.14344">
        <ele>819</ele>
        <time>2026-08-21T16:25:10+00:00</time>
      </trkpt>
      <trkpt lat="44.13463" lon="3.1434">
        <ele>819</ele>
        <time>2026-08-21T16:25:13+00:00</time>
      </trkpt>
      <trkpt lat="44.13454" lon="3.14337">
        <ele>819</ele>
        <time>2026-08-21T16:25:16+00:00</time>
      </trkpt>
      <trkpt lat="44.13447" lon="3.14333">
        <ele>819</ele>
        <time>2026-08-21T16:25:19+00:00</time>
      </trkpt>
      <trkpt lat="44.1344" lon="3.14326">
        <ele>819</ele>
        <time>2026-08-21T16:25:22+00:00</time>
      </trkpt>
      <trkpt lat="44.13428" lon="3.1431">
        <ele>819</ele>
        <time>2026-08-21T16:25:25+00:00</time>
      </trkpt>
      <trkpt lat="44.13414" lon="3.14293">
        <ele>819</ele>
        <time>2026-08-21T16:25:28+00:00</time>
      </trkpt>
      <trkpt lat="44.13388" lon="3.14259">
        <ele>815</ele>
        <time>2026-08-21T16:25:31+00:00</time>
      </trkpt>
      <trkpt lat="44.13382" lon="3.14249">
        <ele>815</ele>
        <time>2026-08-21T16:25:34+00:00</time>
      </trkpt>
      <trkpt lat="44.13371" lon="3.14228">
        <ele>813</ele>
        <time>2026-08-21T16:25:37+00:00</time>
      </trkpt>
      <trkpt lat="44.13365" lon="3.14218">
        <ele>813</ele>
        <time>2026-08-21T16:25:40+00:00</time>
      </trkpt>
      <trkpt lat="44.13358" lon="3.1421">
        <ele>813</ele>
        <time>2026-08-21T16:25:43+00:00</time>
      </trkpt>
      <trkpt lat="44.13351" lon="3.14203">
        <ele>813</ele>
        <time>2026-08-21T16:25:46+00:00</time>
      </trkpt>
      <trkpt lat="44.13326" lon="3.14186">
        <ele>812</ele>
        <time>2026-08-21T16:25:49+00:00</time>
      </trkpt>
      <trkpt lat="44.133" lon="3.14168">
        <ele>812</ele>
        <time>2026-08-21T16:25:52+00:00</time>
      </trkpt>
      <trkpt lat="44.13281" lon="3.14151">
        <ele>811</ele>
        <time>2026-08-21T16:25:55+00:00</time>
      </trkpt>
      <trkpt lat="44.13261" lon="3.14131">
        <ele>810</ele>
        <time>2026-08-21T16:25:58+00:00</time>
      </trkpt>
      <trkpt lat="44.13236" lon="3.1411">
        <ele>808</ele>
        <time>2026-08-21T16:26:01+00:00</time>
      </trkpt>
      <trkpt lat="44.1322" lon="3.14094">
        <ele>808</ele>
        <time>2026-08-21T16:26:04+00:00</time>
      </trkpt>
      <trkpt lat="44.13186" lon="3.14067">
        <ele>806</ele>
        <time>2026-08-21T16:26:07+00:00</time>
      </trkpt>
      <trkpt lat="44.1317" lon="3.14051">
        <ele>806</ele>
        <time>2026-08-21T16:26:10+00:00</time>
      </trkpt>
      <trkpt lat="44.13162" lon="3.14044">
        <ele>805</ele>
        <time>2026-08-21T16:26:13+00:00</time>
      </trkpt>
      <trkpt lat="44.13153" lon="3.14038">
        <ele>805</ele>
        <time>2026-08-21T16:26:16+00:00</time>
      </trkpt>
      <trkpt lat="44.13145" lon="3.14035">
        <ele>804</ele>
        <time>2026-08-21T16:26:19+00:00</time>
      </trkpt>
      <trkpt lat="44.13136" lon="3.14033">
        <ele>804</ele>
        <time>2026-08-21T16:26:22+00:00</time>
      </trkpt>
      <trkpt lat="44.13126" lon="3.14032">
        <ele>803</ele>
        <time>2026-08-21T16:26:25+00:00</time>
      </trkpt>
      <trkpt lat="44.13108" lon="3.14033">
        <ele>803</ele>
        <time>2026-08-21T16:26:28+00:00</time>
      </trkpt>
      <trkpt lat="44.13099" lon="3.14035">
        <ele>802</ele>
        <time>2026-08-21T16:26:31+00:00</time>
      </trkpt>
      <trkpt lat="44.13089" lon="3.14038">
        <ele>802</ele>
        <time>2026-08-21T16:26:34+00:00</time>
      </trkpt>
      <trkpt lat="44.13069" lon="3.14048">
        <ele>801</ele>
        <time>2026-08-21T16:26:37+00:00</time>
      </trkpt>
      <trkpt lat="44.1304" lon="3.14057">
        <ele>800</ele>
        <time>2026-08-21T16:26:40+00:00</time>
      </trkpt>
      <trkpt lat="44.13034" lon="3.14064">
        <ele>800</ele>
        <time>2026-08-21T16:26:43+00:00</time>
      </trkpt>
      <trkpt lat="44.13027" lon="3.14089">
        <ele>799</ele>
        <time>2026-08-21T16:26:46+00:00</time>
      </trkpt>
      <trkpt lat="44.13021" lon="3.14101">
        <ele>799</ele>
        <time>2026-08-21T16:26:49+00:00</time>
      </trkpt>
      <trkpt lat="44.13018" lon="3.14113">
        <ele>799</ele>
        <time>2026-08-21T16:26:52+00:00</time>
      </trkpt>
      <trkpt lat="44.13019" lon="3.14124">
        <ele>799</ele>
        <time>2026-08-21T16:26:55+00:00</time>
      </trkpt>
      <trkpt lat="44.13023" lon="3.14133">
        <ele>799</ele>
        <time>2026-08-21T16:26:58+00:00</time>
      </trkpt>
      <trkpt lat="44.13027" lon="3.14142">
        <ele>799</ele>
        <time>2026-08-21T16:27:01+00:00</time>
      </trkpt>
      <trkpt lat="44.13047" lon="3.14174">
        <ele>799</ele>
        <time>2026-08-21T16:27:04+00:00</time>
      </trkpt>
      <trkpt lat="44.1305" lon="3.14182">
        <ele>799</ele>
        <time>2026-08-21T16:27:07+00:00</time>
      </trkpt>
      <trkpt lat="44.13044" lon="3.14198">
        <ele>799</ele>
        <time>2026-08-21T16:27:10+00:00</time>
      </trkpt>
      <trkpt lat="44.13041" lon="3.14209">
        <ele>799</ele>
        <time>2026-08-21T16:27:13+00:00</time>
      </trkpt>
      <trkpt lat="44.1304" lon="3.1422">
        <ele>799</ele>
        <time>2026-08-21T16:27:16+00:00</time>
      </trkpt>
      <trkpt lat="44.13042" lon="3.1424">
        <ele>799</ele>
        <time>2026-08-21T16:27:19+00:00</time>
      </trkpt>
      <trkpt lat="44.13039" lon="3.14249">
        <ele>798</ele>
        <time>2026-08-21T16:27:22+00:00</time>
      </trkpt>
      <trkpt lat="44.13033" lon="3.14252">
        <ele>798</ele>
        <time>2026-08-21T16:27:25+00:00</time>
      </trkpt>
      <trkpt lat="44.13026" lon="3.14246">
        <ele>798</ele>
        <time>2026-08-21T16:27:28+00:00</time>
      </trkpt>
      <trkpt lat="44.13014" lon="3.14227">
        <ele>798</ele>
        <time>2026-08-21T16:27:31+00:00</time>
      </trkpt>
      <trkpt lat="44.13011" lon="3.14223">
        <ele>798</ele>
        <time>2026-08-21T16:27:34+00:00</time>
      </trkpt>
      <trkpt lat="44.13001" lon="3.14213">
        <ele>798</ele>
        <time>2026-08-21T16:27:37+00:00</time>
      </trkpt>
      <trkpt lat="44.12979" lon="3.14196">
        <ele>798</ele>
        <time>2026-08-21T16:27:40+00:00</time>
      </trkpt>
      <trkpt lat="44.12975" lon="3.14187">
        <ele>798</ele>
        <time>2026-08-21T16:27:43+00:00</time>
      </trkpt>
      <trkpt lat="44.12972" lon="3.14164">
        <ele>798</ele>
        <time>2026-08-21T16:27:46+00:00</time>
      </trkpt>
      <trkpt lat="44.1297" lon="3.14159">
        <ele>798</ele>
        <time>2026-08-21T16:27:49+00:00</time>
      </trkpt>
      <trkpt lat="44.12968" lon="3.14154">
        <ele>797</ele>
        <time>2026-08-21T16:27:52+00:00</time>
      </trkpt>
      <trkpt lat="44.12963" lon="3.14147">
        <ele>798</ele>
        <time>2026-08-21T16:27:55+00:00</time>
      </trkpt>
      <trkpt lat="44.12957" lon="3.14142">
        <ele>797</ele>
        <time>2026-08-21T16:27:58+00:00</time>
      </trkpt>
      <trkpt lat="44.12942" lon="3.14133">
        <ele>797</ele>
        <time>2026-08-21T16:28:01+00:00</time>
      </trkpt>
      <trkpt lat="44.12928" lon="3.14122">
        <ele>797</ele>
        <time>2026-08-21T16:28:04+00:00</time>
      </trkpt>
      <trkpt lat="44.12906" lon="3.14106">
        <ele>796</ele>
        <time>2026-08-21T16:28:07+00:00</time>
      </trkpt>
      <trkpt lat="44.1289" lon="3.14093">
        <ele>795</ele>
        <time>2026-08-21T16:28:10+00:00</time>
      </trkpt>
      <trkpt lat="44.12868" lon="3.14082">
        <ele>793</ele>
        <time>2026-08-21T16:28:13+00:00</time>
      </trkpt>
      <trkpt lat="44.1286" lon="3.14075">
        <ele>792</ele>
        <time>2026-08-21T16:28:16+00:00</time>
      </trkpt>
      <trkpt lat="44.12845" lon="3.14059">
        <ele>791</ele>
        <time>2026-08-21T16:28:19+00:00</time>
      </trkpt>
      <trkpt lat="44.12837" lon="3.14053">
        <ele>789</ele>
        <time>2026-08-21T16:28:22+00:00</time>
      </trkpt>
      <trkpt lat="44.12822" lon="3.14045">
        <ele>788</ele>
        <time>2026-08-21T16:28:25+00:00</time>
      </trkpt>
      <trkpt lat="44.12806" lon="3.14034">
        <ele>786</ele>
        <time>2026-08-21T16:28:28+00:00</time>
      </trkpt>
      <trkpt lat="44.12798" lon="3.14031">
        <ele>785</ele>
        <time>2026-08-21T16:28:31+00:00</time>
      </trkpt>
      <trkpt lat="44.12782" lon="3.14029">
        <ele>783</ele>
        <time>2026-08-21T16:28:34+00:00</time>
      </trkpt>
      <trkpt lat="44.12766" lon="3.14024">
        <ele>781</ele>
        <time>2026-08-21T16:28:37+00:00</time>
      </trkpt>
      <trkpt lat="44.12758" lon="3.1402">
        <ele>781</ele>
        <time>2026-08-21T16:28:40+00:00</time>
      </trkpt>
      <trkpt lat="44.12735" lon="3.14003">
        <ele>781</ele>
        <time>2026-08-21T16:28:43+00:00</time>
      </trkpt>
      <trkpt lat="44.12728" lon="3.14">
        <ele>780</ele>
        <time>2026-08-21T16:28:46+00:00</time>
      </trkpt>
      <trkpt lat="44.12712" lon="3.13995">
        <ele>780</ele>
        <time>2026-08-21T16:28:49+00:00</time>
      </trkpt>
      <trkpt lat="44.12695" lon="3.13987">
        <ele>780</ele>
        <time>2026-08-21T16:28:52+00:00</time>
      </trkpt>
      <trkpt lat="44.12677" lon="3.13981">
        <ele>778</ele>
        <time>2026-08-21T16:28:55+00:00</time>
      </trkpt>
      <trkpt lat="44.12668" lon="3.13977">
        <ele>778</ele>
        <time>2026-08-21T16:28:58+00:00</time>
      </trkpt>
      <trkpt lat="44.12654" lon="3.13966">
        <ele>778</ele>
        <time>2026-08-21T16:29:01+00:00</time>
      </trkpt>
      <trkpt lat="44.12647" lon="3.13963">
        <ele>777</ele>
        <time>2026-08-21T16:29:04+00:00</time>
      </trkpt>
      <trkpt lat="44.12621" lon="3.13958">
        <ele>773</ele>
        <time>2026-08-21T16:29:07+00:00</time>
      </trkpt>
      <trkpt lat="44.12613" lon="3.13955">
        <ele>771</ele>
        <time>2026-08-21T16:29:10+00:00</time>
      </trkpt>
      <trkpt lat="44.12601" lon="3.13946">
        <ele>767</ele>
        <time>2026-08-21T16:29:13+00:00</time>
      </trkpt>
      <trkpt lat="44.12589" lon="3.13941">
        <ele>763</ele>
        <time>2026-08-21T16:29:16+00:00</time>
      </trkpt>
      <trkpt lat="44.12572" lon="3.13932">
        <ele>762</ele>
        <time>2026-08-21T16:29:19+00:00</time>
      </trkpt>
      <trkpt lat="44.12554" lon="3.13923">
        <ele>761</ele>
        <time>2026-08-21T16:29:22+00:00</time>
      </trkpt>
      <trkpt lat="44.12548" lon="3.13921">
        <ele>760</ele>
        <time>2026-08-21T16:29:25+00:00</time>
      </trkpt>
      <trkpt lat="44.12534" lon="3.13919">
        <ele>759</ele>
        <time>2026-08-21T16:29:28+00:00</time>
      </trkpt>
      <trkpt lat="44.12527" lon="3.13916">
        <ele>758</ele>
        <time>2026-08-21T16:29:31+00:00</time>
      </trkpt>
      <trkpt lat="44.1252" lon="3.13911">
        <ele>758</ele>
        <time>2026-08-21T16:29:34+00:00</time>
      </trkpt>
      <trkpt lat="44.12514" lon="3.13905">
        <ele>756</ele>
        <time>2026-08-21T16:29:37+00:00</time>
      </trkpt>
      <trkpt lat="44.12508" lon="3.139">
        <ele>754</ele>
        <time>2026-08-21T16:29:40+00:00</time>
      </trkpt>
      <trkpt lat="44.12502" lon="3.13897">
        <ele>754</ele>
        <time>2026-08-21T16:29:43+00:00</time>
      </trkpt>
      <trkpt lat="44.12496" lon="3.13897">
        <ele>751</ele>
        <time>2026-08-21T16:29:46+00:00</time>
      </trkpt>
      <trkpt lat="44.12489" lon="3.13895">
        <ele>749</ele>
        <time>2026-08-21T16:29:49+00:00</time>
      </trkpt>
      <trkpt lat="44.1248" lon="3.13891">
        <ele>747</ele>
        <time>2026-08-21T16:29:52+00:00</time>
      </trkpt>
      <trkpt lat="44.12471" lon="3.1389">
        <ele>747</ele>
        <time>2026-08-21T16:29:55+00:00</time>
      </trkpt>
      <trkpt lat="44.12464" lon="3.13893">
        <ele>745</ele>
        <time>2026-08-21T16:29:58+00:00</time>
      </trkpt>
      <trkpt lat="44.12459" lon="3.13901">
        <ele>742</ele>
        <time>2026-08-21T16:30:01+00:00</time>
      </trkpt>
      <trkpt lat="44.12457" lon="3.13912">
        <ele>742</ele>
        <time>2026-08-21T16:30:04+00:00</time>
      </trkpt>
      <trkpt lat="44.12453" lon="3.13922">
        <ele>743</ele>
        <time>2026-08-21T16:30:07+00:00</time>
      </trkpt>
      <trkpt lat="44.12448" lon="3.1393">
        <ele>742</ele>
        <time>2026-08-21T16:30:10+00:00</time>
      </trkpt>
      <trkpt lat="44.12442" lon="3.13938">
        <ele>742</ele>
        <time>2026-08-21T16:30:13+00:00</time>
      </trkpt>
      <trkpt lat="44.12435" lon="3.13944">
        <ele>740</ele>
        <time>2026-08-21T16:30:16+00:00</time>
      </trkpt>
      <trkpt lat="44.12424" lon="3.13959">
        <ele>739</ele>
        <time>2026-08-21T16:30:19+00:00</time>
      </trkpt>
      <trkpt lat="44.12418" lon="3.13963">
        <ele>739</ele>
        <time>2026-08-21T16:30:22+00:00</time>
      </trkpt>
      <trkpt lat="44.12405" lon="3.1397">
        <ele>738</ele>
        <time>2026-08-21T16:30:25+00:00</time>
      </trkpt>
      <trkpt lat="44.12397" lon="3.13972">
        <ele>738</ele>
        <time>2026-08-21T16:30:28+00:00</time>
      </trkpt>
      <trkpt lat="44.1239" lon="3.13975">
        <ele>738</ele>
        <time>2026-08-21T16:30:31+00:00</time>
      </trkpt>
      <trkpt lat="44.12384" lon="3.13982">
        <ele>738</ele>
        <time>2026-08-21T16:30:34+00:00</time>
      </trkpt>
      <trkpt lat="44.12378" lon="3.1399">
        <ele>737</ele>
        <time>2026-08-21T16:30:37+00:00</time>
      </trkpt>
      <trkpt lat="44.12373" lon="3.13998">
        <ele>737</ele>
        <time>2026-08-21T16:30:40+00:00</time>
      </trkpt>
      <trkpt lat="44.12367" lon="3.14001">
        <ele>735</ele>
        <time>2026-08-21T16:30:43+00:00</time>
      </trkpt>
      <trkpt lat="44.12361" lon="3.14003">
        <ele>735</ele>
        <time>2026-08-21T16:30:46+00:00</time>
      </trkpt>
      <trkpt lat="44.12355" lon="3.14006">
        <ele>734</ele>
        <time>2026-08-21T16:30:49+00:00</time>
      </trkpt>
      <trkpt lat="44.12348" lon="3.14008">
        <ele>732</ele>
        <time>2026-08-21T16:30:52+00:00</time>
      </trkpt>
      <trkpt lat="44.1234" lon="3.14007">
        <ele>734</ele>
        <time>2026-08-21T16:30:55+00:00</time>
      </trkpt>
      <trkpt lat="44.12334" lon="3.14005">
        <ele>730</ele>
        <time>2026-08-21T16:30:58+00:00</time>
      </trkpt>
      <trkpt lat="44.1233" lon="3.14002">
        <ele>730</ele>
        <time>2026-08-21T16:31:01+00:00</time>
      </trkpt>
      <trkpt lat="44.12325" lon="3.13995">
        <ele>734</ele>
        <time>2026-08-21T16:31:04+00:00</time>
      </trkpt>
      <trkpt lat="44.12322" lon="3.13993">
        <ele>734</ele>
        <time>2026-08-21T16:31:07+00:00</time>
      </trkpt>
      <trkpt lat="44.12319" lon="3.13992">
        <ele>735</ele>
        <time>2026-08-21T16:31:10+00:00</time>
      </trkpt>
      <trkpt lat="44.12312" lon="3.13993">
        <ele>735</ele>
        <time>2026-08-21T16:31:13+00:00</time>
      </trkpt>
      <trkpt lat="44.12307" lon="3.13993">
        <ele>735</ele>
        <time>2026-08-21T16:31:16+00:00</time>
      </trkpt>
      <trkpt lat="44.12294" lon="3.1399">
        <ele>731</ele>
        <time>2026-08-21T16:31:19+00:00</time>
      </trkpt>
      <trkpt lat="44.12288" lon="3.13991">
        <ele>736</ele>
        <time>2026-08-21T16:31:22+00:00</time>
      </trkpt>
      <trkpt lat="44.12283" lon="3.13995">
        <ele>736</ele>
        <time>2026-08-21T16:31:25+00:00</time>
      </trkpt>
      <trkpt lat="44.12275" lon="3.14004">
        <ele>738</ele>
        <time>2026-08-21T16:31:28+00:00</time>
      </trkpt>
      <trkpt lat="44.12271" lon="3.14004">
        <ele>729</ele>
        <time>2026-08-21T16:31:31+00:00</time>
      </trkpt>
      <trkpt lat="44.1227" lon="3.14001">
        <ele>729</ele>
        <time>2026-08-21T16:31:34+00:00</time>
      </trkpt>
      <trkpt lat="44.12269" lon="3.13993">
        <ele>738</ele>
        <time>2026-08-21T16:31:37+00:00</time>
      </trkpt>
      <trkpt lat="44.12272" lon="3.13987">
        <ele>742</ele>
        <time>2026-08-21T16:31:40+00:00</time>
      </trkpt>
      <trkpt lat="44.12273" lon="3.13977">
        <ele>746</ele>
        <time>2026-08-21T16:31:43+00:00</time>
      </trkpt>
      <trkpt lat="44.12275" lon="3.13973">
        <ele>746</ele>
        <time>2026-08-21T16:31:46+00:00</time>
      </trkpt>
      <trkpt lat="44.12276" lon="3.13968">
        <ele>752</ele>
        <time>2026-08-21T16:31:49+00:00</time>
      </trkpt>
      <trkpt lat="44.12281" lon="3.13959">
        <ele>755</ele>
        <time>2026-08-21T16:31:52+00:00</time>
      </trkpt>
      <trkpt lat="44.12283" lon="3.13955">
        <ele>755</ele>
        <time>2026-08-21T16:31:55+00:00</time>
      </trkpt>
      <trkpt lat="44.12283" lon="3.13953">
        <ele>755</ele>
        <time>2026-08-21T16:31:58+00:00</time>
      </trkpt>
      <trkpt lat="44.12282" lon="3.13952">
        <ele>755</ele>
        <time>2026-08-21T16:32:01+00:00</time>
      </trkpt>
      <trkpt lat="44.1228" lon="3.13951">
        <ele>755</ele>
        <time>2026-08-21T16:32:04+00:00</time>
      </trkpt>
      <trkpt lat="44.12275" lon="3.13952">
        <ele>755</ele>
        <time>2026-08-21T16:32:07+00:00</time>
      </trkpt>
      <trkpt lat="44.1227" lon="3.13954">
        <ele>755</ele>
        <time>2026-08-21T16:32:10+00:00</time>
      </trkpt>
      <trkpt lat="44.12264" lon="3.13957">
        <ele>756</ele>
        <time>2026-08-21T16:32:13+00:00</time>
      </trkpt>
      <trkpt lat="44.12259" lon="3.13958">
        <ele>757</ele>
        <time>2026-08-21T16:32:16+00:00</time>
      </trkpt>
      <trkpt lat="44.12248" lon="3.13958">
        <ele>757</ele>
        <time>2026-08-21T16:32:19+00:00</time>
      </trkpt>
      <trkpt lat="44.12235" lon="3.13953">
        <ele>758</ele>
        <time>2026-08-21T16:32:22+00:00</time>
      </trkpt>
      <trkpt lat="44.12226" lon="3.13953">
        <ele>758</ele>
        <time>2026-08-21T16:32:25+00:00</time>
      </trkpt>
      <trkpt lat="44.12222" lon="3.13951">
        <ele>758</ele>
        <time>2026-08-21T16:32:28+00:00</time>
      </trkpt>
      <trkpt lat="44.12218" lon="3.13947">
        <ele>761</ele>
        <time>2026-08-21T16:32:31+00:00</time>
      </trkpt>
      <trkpt lat="44.12214" lon="3.13944">
        <ele>761</ele>
        <time>2026-08-21T16:32:34+00:00</time>
      </trkpt>
      <trkpt lat="44.12201" lon="3.1394">
        <ele>765</ele>
        <time>2026-08-21T16:32:37+00:00</time>
      </trkpt>
      <trkpt lat="44.12199" lon="3.13936">
        <ele>765</ele>
        <time>2026-08-21T16:32:40+00:00</time>
      </trkpt>
      <trkpt lat="44.12191" lon="3.13919">
        <ele>764</ele>
        <time>2026-08-21T16:32:43+00:00</time>
      </trkpt>
      <trkpt lat="44.12184" lon="3.13911">
        <ele>769</ele>
        <time>2026-08-21T16:32:46+00:00</time>
      </trkpt>
      <trkpt lat="44.12179" lon="3.13909">
        <ele>771</ele>
        <time>2026-08-21T16:32:49+00:00</time>
      </trkpt>
      <trkpt lat="44.12158" lon="3.13911">
        <ele>768</ele>
        <time>2026-08-21T16:32:52+00:00</time>
      </trkpt>
      <trkpt lat="44.12149" lon="3.13911">
        <ele>768</ele>
        <time>2026-08-21T16:32:55+00:00</time>
      </trkpt>
      <trkpt lat="44.12118" lon="3.13906">
        <ele>767</ele>
        <time>2026-08-21T16:32:58+00:00</time>
      </trkpt>
      <trkpt lat="44.12111" lon="3.13906">
        <ele>769</ele>
        <time>2026-08-21T16:33:01+00:00</time>
      </trkpt>
      <trkpt lat="44.12104" lon="3.13908">
        <ele>768</ele>
        <time>2026-08-21T16:33:04+00:00</time>
      </trkpt>
      <trkpt lat="44.12096" lon="3.13909">
        <ele>767</ele>
        <time>2026-08-21T16:33:07+00:00</time>
      </trkpt>
      <trkpt lat="44.12089" lon="3.13905">
        <ele>766</ele>
        <time>2026-08-21T16:33:10+00:00</time>
      </trkpt>
      <trkpt lat="44.1207" lon="3.13879">
        <ele>769</ele>
        <time>2026-08-21T16:33:13+00:00</time>
      </trkpt>
      <trkpt lat="44.12068" lon="3.13871">
        <ele>766</ele>
        <time>2026-08-21T16:33:16+00:00</time>
      </trkpt>
      <trkpt lat="44.12068" lon="3.13862">
        <ele>768</ele>
        <time>2026-08-21T16:33:19+00:00</time>
      </trkpt>
      <trkpt lat="44.12071" lon="3.13846">
        <ele>773</ele>
        <time>2026-08-21T16:33:22+00:00</time>
      </trkpt>
      <trkpt lat="44.12071" lon="3.13839">
        <ele>774</ele>
        <time>2026-08-21T16:33:25+00:00</time>
      </trkpt>
      <trkpt lat="44.12069" lon="3.13831">
        <ele>772</ele>
        <time>2026-08-21T16:33:28+00:00</time>
      </trkpt>
      <trkpt lat="44.12062" lon="3.13813">
        <ele>773</ele>
        <time>2026-08-21T16:33:31+00:00</time>
      </trkpt>
      <trkpt lat="44.1206" lon="3.13805">
        <ele>770</ele>
        <time>2026-08-21T16:33:34+00:00</time>
      </trkpt>
      <trkpt lat="44.12055" lon="3.13783">
        <ele>773</ele>
        <time>2026-08-21T16:33:37+00:00</time>
      </trkpt>
      <trkpt lat="44.12053" lon="3.13776">
        <ele>774</ele>
        <time>2026-08-21T16:33:40+00:00</time>
      </trkpt>
      <trkpt lat="44.12048" lon="3.13762">
        <ele>769</ele>
        <time>2026-08-21T16:33:43+00:00</time>
      </trkpt>
      <trkpt lat="44.12038" lon="3.13741">
        <ele>773</ele>
        <time>2026-08-21T16:33:46+00:00</time>
      </trkpt>
      <trkpt lat="44.12032" lon="3.13724">
        <ele>781</ele>
        <time>2026-08-21T16:33:49+00:00</time>
      </trkpt>
      <trkpt lat="44.12029" lon="3.13718">
        <ele>784</ele>
        <time>2026-08-21T16:33:52+00:00</time>
      </trkpt>
      <trkpt lat="44.12023" lon="3.13706">
        <ele>778</ele>
        <time>2026-08-21T16:33:55+00:00</time>
      </trkpt>
      <trkpt lat="44.12014" lon="3.13694">
        <ele>784</ele>
        <time>2026-08-21T16:33:58+00:00</time>
      </trkpt>
      <trkpt lat="44.12009" lon="3.13686">
        <ele>783</ele>
        <time>2026-08-21T16:34:01+00:00</time>
      </trkpt>
      <trkpt lat="44.12007" lon="3.13682">
        <ele>783</ele>
        <time>2026-08-21T16:34:04+00:00</time>
      </trkpt>
      <trkpt lat="44.12003" lon="3.13669">
        <ele>786</ele>
        <time>2026-08-21T16:34:07+00:00</time>
      </trkpt>
      <trkpt lat="44.11998" lon="3.1365">
        <ele>785</ele>
        <time>2026-08-21T16:34:10+00:00</time>
      </trkpt>
      <trkpt lat="44.11989" lon="3.13625">
        <ele>785</ele>
        <time>2026-08-21T16:34:13+00:00</time>
      </trkpt>
      <trkpt lat="44.11987" lon="3.13617">
        <ele>786</ele>
        <time>2026-08-21T16:34:16+00:00</time>
      </trkpt>
      <trkpt lat="44.11987" lon="3.13609">
        <ele>787</ele>
        <time>2026-08-21T16:34:19+00:00</time>
      </trkpt>
      <trkpt lat="44.11987" lon="3.13602">
        <ele>787</ele>
        <time>2026-08-21T16:34:22+00:00</time>
      </trkpt>
      <trkpt lat="44.11992" lon="3.13584">
        <ele>794</ele>
        <time>2026-08-21T16:34:25+00:00</time>
      </trkpt>
      <trkpt lat="44.11993" lon="3.13578">
        <ele>795</ele>
        <time>2026-08-21T16:34:28+00:00</time>
      </trkpt>
      <trkpt lat="44.11992" lon="3.13565">
        <ele>796</ele>
        <time>2026-08-21T16:34:31+00:00</time>
      </trkpt>
      <trkpt lat="44.11992" lon="3.13552">
        <ele>796</ele>
        <time>2026-08-21T16:34:34+00:00</time>
      </trkpt>
      <trkpt lat="44.11991" lon="3.13546">
        <ele>797</ele>
        <time>2026-08-21T16:34:37+00:00</time>
      </trkpt>
      <trkpt lat="44.11981" lon="3.13528">
        <ele>797</ele>
        <time>2026-08-21T16:34:40+00:00</time>
      </trkpt>
      <trkpt lat="44.11972" lon="3.13501">
        <ele>799</ele>
        <time>2026-08-21T16:34:43+00:00</time>
      </trkpt>
      <trkpt lat="44.11968" lon="3.13491">
        <ele>801</ele>
        <time>2026-08-21T16:34:46+00:00</time>
      </trkpt>
      <trkpt lat="44.11962" lon="3.13476">
        <ele>804</ele>
        <time>2026-08-21T16:34:49+00:00</time>
      </trkpt>
      <trkpt lat="44.11955" lon="3.13464">
        <ele>806</ele>
        <time>2026-08-21T16:34:52+00:00</time>
      </trkpt>
      <trkpt lat="44.1195" lon="3.13456">
        <ele>807</ele>
        <time>2026-08-21T16:34:55+00:00</time>
      </trkpt>
      <trkpt lat="44.11945" lon="3.13453">
        <ele>808</ele>
        <time>2026-08-21T16:34:58+00:00</time>
      </trkpt>
      <trkpt lat="44.11932" lon="3.13454">
        <ele>810</ele>
        <time>2026-08-21T16:35:01+00:00</time>
      </trkpt>
      <trkpt lat="44.11926" lon="3.13453">
        <ele>811</ele>
        <time>2026-08-21T16:35:04+00:00</time>
      </trkpt>
      <trkpt lat="44.1192" lon="3.13451">
        <ele>811</ele>
        <time>2026-08-21T16:35:07+00:00</time>
      </trkpt>
      <trkpt lat="44.11915" lon="3.13447">
        <ele>813</ele>
        <time>2026-08-21T16:35:10+00:00</time>
      </trkpt>
      <trkpt lat="44.11912" lon="3.13443">
        <ele>813</ele>
        <time>2026-08-21T16:35:13+00:00</time>
      </trkpt>
      <trkpt lat="44.11908" lon="3.13433">
        <ele>815</ele>
        <time>2026-08-21T16:35:16+00:00</time>
      </trkpt>
      <trkpt lat="44.11904" lon="3.13414">
        <ele>818</ele>
        <time>2026-08-21T16:35:19+00:00</time>
      </trkpt>
      <trkpt lat="44.11899" lon="3.13404">
        <ele>819</ele>
        <time>2026-08-21T16:35:22+00:00</time>
      </trkpt>
      <trkpt lat="44.11886" lon="3.13389">
        <ele>821</ele>
        <time>2026-08-21T16:35:25+00:00</time>
      </trkpt>
      <trkpt lat="44.11879" lon="3.13382">
        <ele>819</ele>
        <time>2026-08-21T16:35:28+00:00</time>
      </trkpt>
      <trkpt lat="44.11864" lon="3.13364">
        <ele>819</ele>
        <time>2026-08-21T16:35:31+00:00</time>
      </trkpt>
      <trkpt lat="44.11853" lon="3.13351">
        <ele>819</ele>
        <time>2026-08-21T16:35:34+00:00</time>
      </trkpt>
      <trkpt lat="44.11847" lon="3.13346">
        <ele>819</ele>
        <time>2026-08-21T16:35:37+00:00</time>
      </trkpt>
      <trkpt lat="44.11833" lon="3.13337">
        <ele>818</ele>
        <time>2026-08-21T16:35:40+00:00</time>
      </trkpt>
      <trkpt lat="44.11826" lon="3.13334">
        <ele>817</ele>
        <time>2026-08-21T16:35:43+00:00</time>
      </trkpt>
      <trkpt lat="44.11809" lon="3.13333">
        <ele>816</ele>
        <time>2026-08-21T16:35:46+00:00</time>
      </trkpt>
      <trkpt lat="44.118" lon="3.13331">
        <ele>814</ele>
        <time>2026-08-21T16:35:49+00:00</time>
      </trkpt>
      <trkpt lat="44.11793" lon="3.13327">
        <ele>815</ele>
        <time>2026-08-21T16:35:52+00:00</time>
      </trkpt>
      <trkpt lat="44.11782" lon="3.13316">
        <ele>815</ele>
        <time>2026-08-21T16:35:55+00:00</time>
      </trkpt>
      <trkpt lat="44.11776" lon="3.13313">
        <ele>813</ele>
        <time>2026-08-21T16:35:58+00:00</time>
      </trkpt>
      <trkpt lat="44.11752" lon="3.13309">
        <ele>811</ele>
        <time>2026-08-21T16:36:01+00:00</time>
      </trkpt>
      <trkpt lat="44.11744" lon="3.13305">
        <ele>809</ele>
        <time>2026-08-21T16:36:04+00:00</time>
      </trkpt>
      <trkpt lat="44.11738" lon="3.13298">
        <ele>809</ele>
        <time>2026-08-21T16:36:07+00:00</time>
      </trkpt>
      <trkpt lat="44.11733" lon="3.13288">
        <ele>809</ele>
        <time>2026-08-21T16:36:10+00:00</time>
      </trkpt>
      <trkpt lat="44.11729" lon="3.13276">
        <ele>806</ele>
        <time>2026-08-21T16:36:13+00:00</time>
      </trkpt>
      <trkpt lat="44.11726" lon="3.13251">
        <ele>806</ele>
        <time>2026-08-21T16:36:16+00:00</time>
      </trkpt>
      <trkpt lat="44.11721" lon="3.13222">
        <ele>806</ele>
        <time>2026-08-21T16:36:19+00:00</time>
      </trkpt>
      <trkpt lat="44.11718" lon="3.13181">
        <ele>804</ele>
        <time>2026-08-21T16:36:22+00:00</time>
      </trkpt>
      <trkpt lat="44.11718" lon="3.13175">
        <ele>803</ele>
        <time>2026-08-21T16:36:25+00:00</time>
      </trkpt>
      <trkpt lat="44.11719" lon="3.13168">
        <ele>801</ele>
        <time>2026-08-21T16:36:28+00:00</time>
      </trkpt>
      <trkpt lat="44.11721" lon="3.13157">
        <ele>802</ele>
        <time>2026-08-21T16:36:31+00:00</time>
      </trkpt>
      <trkpt lat="44.11724" lon="3.13146">
        <ele>803</ele>
        <time>2026-08-21T16:36:34+00:00</time>
      </trkpt>
      <trkpt lat="44.11727" lon="3.13135">
        <ele>802</ele>
        <time>2026-08-21T16:36:37+00:00</time>
      </trkpt>
      <trkpt lat="44.11731" lon="3.13124">
        <ele>801</ele>
        <time>2026-08-21T16:36:40+00:00</time>
      </trkpt>
      <trkpt lat="44.1174" lon="3.13106">
        <ele>801</ele>
        <time>2026-08-21T16:36:43+00:00</time>
      </trkpt>
      <trkpt lat="44.11742" lon="3.13096">
        <ele>800</ele>
        <time>2026-08-21T16:36:46+00:00</time>
      </trkpt>
      <trkpt lat="44.11742" lon="3.13085">
        <ele>800</ele>
        <time>2026-08-21T16:36:49+00:00</time>
      </trkpt>
      <trkpt lat="44.11743" lon="3.13075">
        <ele>801</ele>
        <time>2026-08-21T16:36:52+00:00</time>
      </trkpt>
      <trkpt lat="44.11745" lon="3.1307">
        <ele>800</ele>
        <time>2026-08-21T16:36:55+00:00</time>
      </trkpt>
      <trkpt lat="44.11746" lon="3.13066">
        <ele>799</ele>
        <time>2026-08-21T16:36:58+00:00</time>
      </trkpt>
      <trkpt lat="44.11751" lon="3.13056">
        <ele>801</ele>
        <time>2026-08-21T16:37:01+00:00</time>
      </trkpt>
      <trkpt lat="44.11765" lon="3.13032">
        <ele>801</ele>
        <time>2026-08-21T16:37:04+00:00</time>
      </trkpt>
      <trkpt lat="44.11776" lon="3.13008">
        <ele>801</ele>
        <time>2026-08-21T16:37:07+00:00</time>
      </trkpt>
      <trkpt lat="44.11781" lon="3.13">
        <ele>803</ele>
        <time>2026-08-21T16:37:10+00:00</time>
      </trkpt>
      <trkpt lat="44.11792" lon="3.12985">
        <ele>801</ele>
        <time>2026-08-21T16:37:13+00:00</time>
      </trkpt>
      <trkpt lat="44.11809" lon="3.12962">
        <ele>801</ele>
        <time>2026-08-21T16:37:16+00:00</time>
      </trkpt>
      <trkpt lat="44.11816" lon="3.12955">
        <ele>801</ele>
        <time>2026-08-21T16:37:19+00:00</time>
      </trkpt>
      <trkpt lat="44.1183" lon="3.12945">
        <ele>801</ele>
        <time>2026-08-21T16:37:22+00:00</time>
      </trkpt>
      <trkpt lat="44.11836" lon="3.1294">
        <ele>801</ele>
        <time>2026-08-21T16:37:25+00:00</time>
      </trkpt>
      <trkpt lat="44.1184" lon="3.12934">
        <ele>800</ele>
        <time>2026-08-21T16:37:28+00:00</time>
      </trkpt>
      <trkpt lat="44.11841" lon="3.12928">
        <ele>805</ele>
        <time>2026-08-21T16:37:31+00:00</time>
      </trkpt>
      <trkpt lat="44.11842" lon="3.12917">
        <ele>806</ele>
        <time>2026-08-21T16:37:34+00:00</time>
      </trkpt>
      <trkpt lat="44.11844" lon="3.12912">
        <ele>806</ele>
        <time>2026-08-21T16:37:37+00:00</time>
      </trkpt>
      <trkpt lat="44.11849" lon="3.12906">
        <ele>805</ele>
        <time>2026-08-21T16:37:40+00:00</time>
      </trkpt>
      <trkpt lat="44.11855" lon="3.12896">
        <ele>808</ele>
        <time>2026-08-21T16:37:43+00:00</time>
      </trkpt>
      <trkpt lat="44.11858" lon="3.12886">
        <ele>808</ele>
        <time>2026-08-21T16:37:46+00:00</time>
      </trkpt>
      <trkpt lat="44.1186" lon="3.12879">
        <ele>810</ele>
        <time>2026-08-21T16:37:49+00:00</time>
      </trkpt>
      <trkpt lat="44.1186" lon="3.12871">
        <ele>813</ele>
        <time>2026-08-21T16:37:52+00:00</time>
      </trkpt>
      <trkpt lat="44.1186" lon="3.12863">
        <ele>814</ele>
        <time>2026-08-21T16:37:55+00:00</time>
      </trkpt>
      <trkpt lat="44.11856" lon="3.1283">
        <ele>814</ele>
        <time>2026-08-21T16:37:58+00:00</time>
      </trkpt>
      <trkpt lat="44.11855" lon="3.12801">
        <ele>814</ele>
        <time>2026-08-21T16:38:01+00:00</time>
      </trkpt>
      <trkpt lat="44.11853" lon="3.12795">
        <ele>820</ele>
        <time>2026-08-21T16:38:04+00:00</time>
      </trkpt>
      <trkpt lat="44.11849" lon="3.12792">
        <ele>817</ele>
        <time>2026-08-21T16:38:07+00:00</time>
      </trkpt>
      <trkpt lat="44.11845" lon="3.12787">
        <ele>818</ele>
        <time>2026-08-21T16:38:10+00:00</time>
      </trkpt>
      <trkpt lat="44.11838" lon="3.12772">
        <ele>815</ele>
        <time>2026-08-21T16:38:13+00:00</time>
      </trkpt>
      <trkpt lat="44.11821" lon="3.12751">
        <ele>815</ele>
        <time>2026-08-21T16:38:16+00:00</time>
      </trkpt>
      <trkpt lat="44.1181" lon="3.12735">
        <ele>816</ele>
        <time>2026-08-21T16:38:19+00:00</time>
      </trkpt>
      <trkpt lat="44.11805" lon="3.12726">
        <ele>812</ele>
        <time>2026-08-21T16:38:22+00:00</time>
      </trkpt>
      <trkpt lat="44.118" lon="3.12718">
        <ele>810</ele>
        <time>2026-08-21T16:38:25+00:00</time>
      </trkpt>
      <trkpt lat="44.11794" lon="3.12709">
        <ele>810</ele>
        <time>2026-08-21T16:38:28+00:00</time>
      </trkpt>
      <trkpt lat="44.1179" lon="3.12698">
        <ele>810</ele>
        <time>2026-08-21T16:38:31+00:00</time>
      </trkpt>
      <trkpt lat="44.11787" lon="3.12686">
        <ele>806</ele>
        <time>2026-08-21T16:38:34+00:00</time>
      </trkpt>
      <trkpt lat="44.11783" lon="3.12664">
        <ele>809</ele>
        <time>2026-08-21T16:38:37+00:00</time>
      </trkpt>
      <trkpt lat="44.11778" lon="3.12654">
        <ele>808</ele>
        <time>2026-08-21T16:38:40+00:00</time>
      </trkpt>
      <trkpt lat="44.11773" lon="3.12646">
        <ele>809</ele>
        <time>2026-08-21T16:38:43+00:00</time>
      </trkpt>
      <trkpt lat="44.11761" lon="3.1263">
        <ele>809</ele>
        <time>2026-08-21T16:38:46+00:00</time>
      </trkpt>
      <trkpt lat="44.11757" lon="3.12621">
        <ele>807</ele>
        <time>2026-08-21T16:38:49+00:00</time>
      </trkpt>
      <trkpt lat="44.11748" lon="3.12594">
        <ele>810</ele>
        <time>2026-08-21T16:38:52+00:00</time>
      </trkpt>
      <trkpt lat="44.11744" lon="3.12575">
        <ele>809</ele>
        <time>2026-08-21T16:38:55+00:00</time>
      </trkpt>
      <trkpt lat="44.11742" lon="3.12565">
        <ele>811</ele>
        <time>2026-08-21T16:38:58+00:00</time>
      </trkpt>
      <trkpt lat="44.1174" lon="3.12556">
        <ele>812</ele>
        <time>2026-08-21T16:39:01+00:00</time>
      </trkpt>
      <trkpt lat="44.11733" lon="3.12541">
        <ele>812</ele>
        <time>2026-08-21T16:39:04+00:00</time>
      </trkpt>
      <trkpt lat="44.11731" lon="3.12532">
        <ele>813</ele>
        <time>2026-08-21T16:39:07+00:00</time>
      </trkpt>
      <trkpt lat="44.11732" lon="3.12523">
        <ele>814</ele>
        <time>2026-08-21T16:39:10+00:00</time>
      </trkpt>
      <trkpt lat="44.11735" lon="3.12504">
        <ele>813</ele>
        <time>2026-08-21T16:39:13+00:00</time>
      </trkpt>
      <trkpt lat="44.11738" lon="3.12494">
        <ele>813</ele>
        <time>2026-08-21T16:39:16+00:00</time>
      </trkpt>
      <trkpt lat="44.11742" lon="3.12488">
        <ele>814</ele>
        <time>2026-08-21T16:39:19+00:00</time>
      </trkpt>
      <trkpt lat="44.11752" lon="3.12478">
        <ele>817</ele>
        <time>2026-08-21T16:39:22+00:00</time>
      </trkpt>
      <trkpt lat="44.11756" lon="3.12472">
        <ele>817</ele>
        <time>2026-08-21T16:39:25+00:00</time>
      </trkpt>
      <trkpt lat="44.1176" lon="3.12465">
        <ele>817</ele>
        <time>2026-08-21T16:39:28+00:00</time>
      </trkpt>
      <trkpt lat="44.11761" lon="3.12456">
        <ele>819</ele>
        <time>2026-08-21T16:39:31+00:00</time>
      </trkpt>
      <trkpt lat="44.11759" lon="3.12449">
        <ele>820</ele>
        <time>2026-08-21T16:39:34+00:00</time>
      </trkpt>
      <trkpt lat="44.11754" lon="3.12444">
        <ele>820</ele>
        <time>2026-08-21T16:39:37+00:00</time>
      </trkpt>
      <trkpt lat="44.11751" lon="3.12441">
        <ele>820</ele>
        <time>2026-08-21T16:39:40+00:00</time>
      </trkpt>
      <trkpt lat="44.11744" lon="3.12438">
        <ele>822</ele>
        <time>2026-08-21T16:39:43+00:00</time>
      </trkpt>
      <trkpt lat="44.11734" lon="3.12434">
        <ele>822</ele>
        <time>2026-08-21T16:39:46+00:00</time>
      </trkpt>
      <trkpt lat="44.11728" lon="3.12431">
        <ele>822</ele>
        <time>2026-08-21T16:39:49+00:00</time>
      </trkpt>
      <trkpt lat="44.11722" lon="3.12427">
        <ele>822</ele>
        <time>2026-08-21T16:39:52+00:00</time>
      </trkpt>
      <trkpt lat="44.11712" lon="3.12416">
        <ele>824</ele>
        <time>2026-08-21T16:39:55+00:00</time>
      </trkpt>
      <trkpt lat="44.11703" lon="3.12403">
        <ele>824</ele>
        <time>2026-08-21T16:39:58+00:00</time>
      </trkpt>
      <trkpt lat="44.11688" lon="3.12382">
        <ele>825</ele>
        <time>2026-08-21T16:40:01+00:00</time>
      </trkpt>
      <trkpt lat="44.11682" lon="3.12375">
        <ele>825</ele>
        <time>2026-08-21T16:40:04+00:00</time>
      </trkpt>
      <trkpt lat="44.11677" lon="3.12366">
        <ele>825</ele>
        <time>2026-08-21T16:40:07+00:00</time>
      </trkpt>
      <trkpt lat="44.11673" lon="3.12356">
        <ele>825</ele>
        <time>2026-08-21T16:40:10+00:00</time>
      </trkpt>
      <trkpt lat="44.11663" lon="3.12328">
        <ele>825</ele>
        <time>2026-08-21T16:40:13+00:00</time>
      </trkpt>
      <trkpt lat="44.11658" lon="3.12319">
        <ele>825</ele>
        <time>2026-08-21T16:40:16+00:00</time>
      </trkpt>
      <trkpt lat="44.11653" lon="3.1231">
        <ele>824</ele>
        <time>2026-08-21T16:40:19+00:00</time>
      </trkpt>
      <trkpt lat="44.11648" lon="3.12299">
        <ele>824</ele>
        <time>2026-08-21T16:40:22+00:00</time>
      </trkpt>
      <trkpt lat="44.11644" lon="3.12287">
        <ele>823</ele>
        <time>2026-08-21T16:40:25+00:00</time>
      </trkpt>
      <trkpt lat="44.11642" lon="3.12274">
        <ele>823</ele>
        <time>2026-08-21T16:40:28+00:00</time>
      </trkpt>
      <trkpt lat="44.11642" lon="3.12261">
        <ele>822</ele>
        <time>2026-08-21T16:40:31+00:00</time>
      </trkpt>
      <trkpt lat="44.11642" lon="3.12247">
        <ele>821</ele>
        <time>2026-08-21T16:40:34+00:00</time>
      </trkpt>
      <trkpt lat="44.11643" lon="3.12233">
        <ele>821</ele>
        <time>2026-08-21T16:40:37+00:00</time>
      </trkpt>
      <trkpt lat="44.11649" lon="3.12196">
        <ele>820</ele>
        <time>2026-08-21T16:40:40+00:00</time>
      </trkpt>
      <trkpt lat="44.11651" lon="3.12184">
        <ele>819</ele>
        <time>2026-08-21T16:40:43+00:00</time>
      </trkpt>
      <trkpt lat="44.11655" lon="3.12172">
        <ele>818</ele>
        <time>2026-08-21T16:40:46+00:00</time>
      </trkpt>
      <trkpt lat="44.11663" lon="3.1215">
        <ele>819</ele>
        <time>2026-08-21T16:40:49+00:00</time>
      </trkpt>
      <trkpt lat="44.11673" lon="3.12117">
        <ele>818</ele>
        <time>2026-08-21T16:40:52+00:00</time>
      </trkpt>
      <trkpt lat="44.11677" lon="3.12107">
        <ele>816</ele>
        <time>2026-08-21T16:40:55+00:00</time>
      </trkpt>
      <trkpt lat="44.11677" lon="3.12102">
        <ele>816</ele>
        <time>2026-08-21T16:40:58+00:00</time>
      </trkpt>
      <trkpt lat="44.11674" lon="3.121">
        <ele>816</ele>
        <time>2026-08-21T16:41:01+00:00</time>
      </trkpt>
      <trkpt lat="44.11667" lon="3.12098">
        <ele>815</ele>
        <time>2026-08-21T16:41:04+00:00</time>
      </trkpt>
      <trkpt lat="44.11652" lon="3.12097">
        <ele>811</ele>
        <time>2026-08-21T16:41:07+00:00</time>
      </trkpt>
      <trkpt lat="44.11644" lon="3.12095">
        <ele>809</ele>
        <time>2026-08-21T16:41:10+00:00</time>
      </trkpt>
      <trkpt lat="44.11637" lon="3.12094">
        <ele>808</ele>
        <time>2026-08-21T16:41:13+00:00</time>
      </trkpt>
      <trkpt lat="44.1163" lon="3.12095">
        <ele>807</ele>
        <time>2026-08-21T16:41:16+00:00</time>
      </trkpt>
      <trkpt lat="44.11614" lon="3.12101">
        <ele>805</ele>
        <time>2026-08-21T16:41:19+00:00</time>
      </trkpt>
      <trkpt lat="44.11607" lon="3.12103">
        <ele>804</ele>
        <time>2026-08-21T16:41:22+00:00</time>
      </trkpt>
      <trkpt lat="44.11599" lon="3.12108">
        <ele>805</ele>
        <time>2026-08-21T16:41:25+00:00</time>
      </trkpt>
      <trkpt lat="44.11592" lon="3.12112">
        <ele>802</ele>
        <time>2026-08-21T16:41:28+00:00</time>
      </trkpt>
      <trkpt lat="44.11576" lon="3.12124">
        <ele>800</ele>
        <time>2026-08-21T16:41:31+00:00</time>
      </trkpt>
      <trkpt lat="44.11561" lon="3.12132">
        <ele>798</ele>
        <time>2026-08-21T16:41:34+00:00</time>
      </trkpt>
      <trkpt lat="44.11546" lon="3.12141">
        <ele>796</ele>
        <time>2026-08-21T16:41:37+00:00</time>
      </trkpt>
      <trkpt lat="44.1152" lon="3.12159">
        <ele>793</ele>
        <time>2026-08-21T16:41:40+00:00</time>
      </trkpt>
      <trkpt lat="44.1151" lon="3.12163">
        <ele>791</ele>
        <time>2026-08-21T16:41:43+00:00</time>
      </trkpt>
      <trkpt lat="44.115" lon="3.12167">
        <ele>789</ele>
        <time>2026-08-21T16:41:46+00:00</time>
      </trkpt>
      <trkpt lat="44.11476" lon="3.12171">
        <ele>784</ele>
        <time>2026-08-21T16:41:49+00:00</time>
      </trkpt>
      <trkpt lat="44.1147" lon="3.12174">
        <ele>782</ele>
        <time>2026-08-21T16:41:52+00:00</time>
      </trkpt>
      <trkpt lat="44.11464" lon="3.12176">
        <ele>782</ele>
        <time>2026-08-21T16:41:55+00:00</time>
      </trkpt>
      <trkpt lat="44.11459" lon="3.12174">
        <ele>780</ele>
        <time>2026-08-21T16:41:58+00:00</time>
      </trkpt>
      <trkpt lat="44.11451" lon="3.12168">
        <ele>784</ele>
        <time>2026-08-21T16:42:01+00:00</time>
      </trkpt>
      <trkpt lat="44.11443" lon="3.12166">
        <ele>784</ele>
        <time>2026-08-21T16:42:04+00:00</time>
      </trkpt>
      <trkpt lat="44.11427" lon="3.12166">
        <ele>784</ele>
        <time>2026-08-21T16:42:07+00:00</time>
      </trkpt>
      <trkpt lat="44.1141" lon="3.12162">
        <ele>784</ele>
        <time>2026-08-21T16:42:10+00:00</time>
      </trkpt>
      <trkpt lat="44.11407" lon="3.12163">
        <ele>784</ele>
        <time>2026-08-21T16:42:13+00:00</time>
      </trkpt>
      <trkpt lat="44.11404" lon="3.12163">
        <ele>784</ele>
        <time>2026-08-21T16:42:16+00:00</time>
      </trkpt>
      <trkpt lat="44.11392" lon="3.12168">
        <ele>785</ele>
        <time>2026-08-21T16:42:19+00:00</time>
      </trkpt>
      <trkpt lat="44.11377" lon="3.12173">
        <ele>782</ele>
        <time>2026-08-21T16:42:22+00:00</time>
      </trkpt>
      <trkpt lat="44.11346" lon="3.12186">
        <ele>777</ele>
        <time>2026-08-21T16:42:25+00:00</time>
      </trkpt>
      <trkpt lat="44.11339" lon="3.12189">
        <ele>777</ele>
        <time>2026-08-21T16:42:28+00:00</time>
      </trkpt>
      <trkpt lat="44.1132" lon="3.1219">
        <ele>774</ele>
        <time>2026-08-21T16:42:31+00:00</time>
      </trkpt>
      <trkpt lat="44.11314" lon="3.12188">
        <ele>772</ele>
        <time>2026-08-21T16:42:34+00:00</time>
      </trkpt>
      <trkpt lat="44.11303" lon="3.12181">
        <ele>768</ele>
        <time>2026-08-21T16:42:37+00:00</time>
      </trkpt>
      <trkpt lat="44.11299" lon="3.12175">
        <ele>765</ele>
        <time>2026-08-21T16:42:40+00:00</time>
      </trkpt>
      <trkpt lat="44.11289" lon="3.12156">
        <ele>762</ele>
        <time>2026-08-21T16:42:43+00:00</time>
      </trkpt>
      <trkpt lat="44.11287" lon="3.12151">
        <ele>766</ele>
        <time>2026-08-21T16:42:46+00:00</time>
      </trkpt>
      <trkpt lat="44.11283" lon="3.12137">
        <ele>766</ele>
        <time>2026-08-21T16:42:49+00:00</time>
      </trkpt>
      <trkpt lat="44.1128" lon="3.12119">
        <ele>767</ele>
        <time>2026-08-21T16:42:52+00:00</time>
      </trkpt>
      <trkpt lat="44.11276" lon="3.1211">
        <ele>767</ele>
        <time>2026-08-21T16:42:55+00:00</time>
      </trkpt>
      <trkpt lat="44.11273" lon="3.12103">
        <ele>769</ele>
        <time>2026-08-21T16:42:58+00:00</time>
      </trkpt>
      <trkpt lat="44.11268" lon="3.12096">
        <ele>771</ele>
        <time>2026-08-21T16:43:01+00:00</time>
      </trkpt>
      <trkpt lat="44.11261" lon="3.12088">
        <ele>777</ele>
        <time>2026-08-21T16:43:04+00:00</time>
      </trkpt>
      <trkpt lat="44.11253" lon="3.12081">
        <ele>775</ele>
        <time>2026-08-21T16:43:07+00:00</time>
      </trkpt>
      <trkpt lat="44.11246" lon="3.12077">
        <ele>778</ele>
        <time>2026-08-21T16:43:10+00:00</time>
      </trkpt>
      <trkpt lat="44.11258" lon="3.12071">
        <ele>779</ele>
        <time>2026-08-21T16:43:13+00:00</time>
      </trkpt>
      <trkpt lat="44.11265" lon="3.1207">
        <ele>786</ele>
        <time>2026-08-21T16:43:16+00:00</time>
      </trkpt>
      <trkpt lat="44.11275" lon="3.1207">
        <ele>789</ele>
        <time>2026-08-21T16:43:19+00:00</time>
      </trkpt>
      <trkpt lat="44.11277" lon="3.12067">
        <ele>789</ele>
        <time>2026-08-21T16:43:22+00:00</time>
      </trkpt>
      <trkpt lat="44.11279" lon="3.12066">
        <ele>789</ele>
        <time>2026-08-21T16:43:25+00:00</time>
      </trkpt>
      <trkpt lat="44.11286" lon="3.1207">
        <ele>790</ele>
        <time>2026-08-21T16:43:28+00:00</time>
      </trkpt>
      <trkpt lat="44.1129" lon="3.12073">
        <ele>784</ele>
        <time>2026-08-21T16:43:31+00:00</time>
      </trkpt>
      <trkpt lat="44.11295" lon="3.12081">
        <ele>789</ele>
        <time>2026-08-21T16:43:34+00:00</time>
      </trkpt>
      <trkpt lat="44.113" lon="3.12089">
        <ele>793</ele>
        <time>2026-08-21T16:43:37+00:00</time>
      </trkpt>
      <trkpt lat="44.11302" lon="3.12091">
        <ele>791</ele>
        <time>2026-08-21T16:43:40+00:00</time>
      </trkpt>
      <trkpt lat="44.11309" lon="3.1209">
        <ele>793</ele>
        <time>2026-08-21T16:43:43+00:00</time>
      </trkpt>
      <trkpt lat="44.11324" lon="3.12095">
        <ele>798</ele>
        <time>2026-08-21T16:43:46+00:00</time>
      </trkpt>
      <trkpt lat="44.11337" lon="3.12097">
        <ele>800</ele>
        <time>2026-08-21T16:43:49+00:00</time>
      </trkpt>
      <trkpt lat="44.1136" lon="3.12105">
        <ele>802</ele>
        <time>2026-08-21T16:43:52+00:00</time>
      </trkpt>
      <trkpt lat="44.11365" lon="3.12104">
        <ele>802</ele>
        <time>2026-08-21T16:43:55+00:00</time>
      </trkpt>
      <trkpt lat="44.11375" lon="3.12102">
        <ele>803</ele>
        <time>2026-08-21T16:43:58+00:00</time>
      </trkpt>
      <trkpt lat="44.1138" lon="3.12101">
        <ele>803</ele>
        <time>2026-08-21T16:44:01+00:00</time>
      </trkpt>
      <trkpt lat="44.11385" lon="3.12101">
        <ele>804</ele>
        <time>2026-08-21T16:44:04+00:00</time>
      </trkpt>
      <trkpt lat="44.11398" lon="3.12103">
        <ele>805</ele>
        <time>2026-08-21T16:44:07+00:00</time>
      </trkpt>
      <trkpt lat="44.11401" lon="3.12103">
        <ele>805</ele>
        <time>2026-08-21T16:44:10+00:00</time>
      </trkpt>
      <trkpt lat="44.11415" lon="3.12099">
        <ele>808</ele>
        <time>2026-08-21T16:44:13+00:00</time>
      </trkpt>
      <trkpt lat="44.11427" lon="3.12098">
        <ele>808</ele>
        <time>2026-08-21T16:44:16+00:00</time>
      </trkpt>
      <trkpt lat="44.11436" lon="3.12094">
        <ele>809</ele>
        <time>2026-08-21T16:44:19+00:00</time>
      </trkpt>
      <trkpt lat="44.11459" lon="3.1208">
        <ele>814</ele>
        <time>2026-08-21T16:44:22+00:00</time>
      </trkpt>
      <trkpt lat="44.11467" lon="3.12074">
        <ele>814</ele>
        <time>2026-08-21T16:44:25+00:00</time>
      </trkpt>
      <trkpt lat="44.11481" lon="3.12063">
        <ele>816</ele>
        <time>2026-08-21T16:44:28+00:00</time>
      </trkpt>
      <trkpt lat="44.11511" lon="3.12044">
        <ele>821</ele>
        <time>2026-08-21T16:44:31+00:00</time>
      </trkpt>
      <trkpt lat="44.11527" lon="3.12036">
        <ele>823</ele>
        <time>2026-08-21T16:44:34+00:00</time>
      </trkpt>
      <trkpt lat="44.11532" lon="3.12033">
        <ele>823</ele>
        <time>2026-08-21T16:44:37+00:00</time>
      </trkpt>
      <trkpt lat="44.11546" lon="3.12022">
        <ele>824</ele>
        <time>2026-08-21T16:44:40+00:00</time>
      </trkpt>
      <trkpt lat="44.11561" lon="3.12013">
        <ele>825</ele>
        <time>2026-08-21T16:44:43+00:00</time>
      </trkpt>
      <trkpt lat="44.11572" lon="3.12005">
        <ele>825</ele>
        <time>2026-08-21T16:44:46+00:00</time>
      </trkpt>
      <trkpt lat="44.11578" lon="3.12002">
        <ele>825</ele>
        <time>2026-08-21T16:44:49+00:00</time>
      </trkpt>
      <trkpt lat="44.11584" lon="3.12001">
        <ele>825</ele>
        <time>2026-08-21T16:44:52+00:00</time>
      </trkpt>
      <trkpt lat="44.11592" lon="3.12002">
        <ele>825</ele>
        <time>2026-08-21T16:44:55+00:00</time>
      </trkpt>
      <trkpt lat="44.116" lon="3.12004">
        <ele>824</ele>
        <time>2026-08-21T16:44:58+00:00</time>
      </trkpt>
      <trkpt lat="44.11622" lon="3.12013">
        <ele>823</ele>
        <time>2026-08-21T16:45:01+00:00</time>
      </trkpt>
      <trkpt lat="44.1166" lon="3.12027">
        <ele>821</ele>
        <time>2026-08-21T16:45:04+00:00</time>
      </trkpt>
      <trkpt lat="44.11673" lon="3.12027">
        <ele>821</ele>
        <time>2026-08-21T16:45:07+00:00</time>
      </trkpt>
      <trkpt lat="44.11679" lon="3.12031">
        <ele>821</ele>
        <time>2026-08-21T16:45:10+00:00</time>
      </trkpt>
      <trkpt lat="44.11697" lon="3.12047">
        <ele>821</ele>
        <time>2026-08-21T16:45:13+00:00</time>
      </trkpt>
      <trkpt lat="44.11714" lon="3.12057">
        <ele>823</ele>
        <time>2026-08-21T16:45:16+00:00</time>
      </trkpt>
      <trkpt lat="44.11719" lon="3.12058">
        <ele>823</ele>
        <time>2026-08-21T16:45:19+00:00</time>
      </trkpt>
      <trkpt lat="44.11725" lon="3.12057">
        <ele>825</ele>
        <time>2026-08-21T16:45:22+00:00</time>
      </trkpt>
      <trkpt lat="44.11741" lon="3.12053">
        <ele>826</ele>
        <time>2026-08-21T16:45:25+00:00</time>
      </trkpt>
      <trkpt lat="44.11751" lon="3.12054">
        <ele>827</ele>
        <time>2026-08-21T16:45:28+00:00</time>
      </trkpt>
      <trkpt lat="44.11768" lon="3.12057">
        <ele>828</ele>
        <time>2026-08-21T16:45:31+00:00</time>
      </trkpt>
      <trkpt lat="44.11773" lon="3.12056">
        <ele>829</ele>
        <time>2026-08-21T16:45:34+00:00</time>
      </trkpt>
      <trkpt lat="44.11779" lon="3.12053">
        <ele>829</ele>
        <time>2026-08-21T16:45:37+00:00</time>
      </trkpt>
      <trkpt lat="44.11785" lon="3.12048">
        <ele>830</ele>
        <time>2026-08-21T16:45:40+00:00</time>
      </trkpt>
      <trkpt lat="44.11802" lon="3.12028">
        <ele>830</ele>
        <time>2026-08-21T16:45:43+00:00</time>
      </trkpt>
      <trkpt lat="44.11807" lon="3.12022">
        <ele>830</ele>
        <time>2026-08-21T16:45:46+00:00</time>
      </trkpt>
      <trkpt lat="44.11826" lon="3.12006">
        <ele>831</ele>
        <time>2026-08-21T16:45:49+00:00</time>
      </trkpt>
      <trkpt lat="44.11838" lon="3.11994">
        <ele>831</ele>
        <time>2026-08-21T16:45:52+00:00</time>
      </trkpt>
      <trkpt lat="44.11842" lon="3.11991">
        <ele>831</ele>
        <time>2026-08-21T16:45:55+00:00</time>
      </trkpt>
      <trkpt lat="44.11845" lon="3.11988">
        <ele>831</ele>
        <time>2026-08-21T16:45:58+00:00</time>
      </trkpt>
      <trkpt lat="44.11861" lon="3.1198">
        <ele>831</ele>
        <time>2026-08-21T16:46:01+00:00</time>
      </trkpt>
      <trkpt lat="44.11869" lon="3.11976">
        <ele>831</ele>
        <time>2026-08-21T16:46:04+00:00</time>
      </trkpt>
      <trkpt lat="44.11876" lon="3.1197">
        <ele>831</ele>
        <time>2026-08-21T16:46:07+00:00</time>
      </trkpt>
      <trkpt lat="44.11884" lon="3.11965">
        <ele>831</ele>
        <time>2026-08-21T16:46:10+00:00</time>
      </trkpt>
      <trkpt lat="44.11891" lon="3.11965">
        <ele>830</ele>
        <time>2026-08-21T16:46:13+00:00</time>
      </trkpt>
      <trkpt lat="44.11899" lon="3.11968">
        <ele>830</ele>
        <time>2026-08-21T16:46:16+00:00</time>
      </trkpt>
      <trkpt lat="44.11907" lon="3.11975">
        <ele>830</ele>
        <time>2026-08-21T16:46:19+00:00</time>
      </trkpt>
      <trkpt lat="44.11915" lon="3.11979">
        <ele>830</ele>
        <time>2026-08-21T16:46:22+00:00</time>
      </trkpt>
      <trkpt lat="44.11922" lon="3.1198">
        <ele>829</ele>
        <time>2026-08-21T16:46:25+00:00</time>
      </trkpt>
      <trkpt lat="44.11929" lon="3.11975">
        <ele>829</ele>
        <time>2026-08-21T16:46:28+00:00</time>
      </trkpt>
      <trkpt lat="44.11935" lon="3.11968">
        <ele>829</ele>
        <time>2026-08-21T16:46:31+00:00</time>
      </trkpt>
      <trkpt lat="44.11943" lon="3.11945">
        <ele>829</ele>
        <time>2026-08-21T16:46:34+00:00</time>
      </trkpt>
      <trkpt lat="44.11948" lon="3.11936">
        <ele>829</ele>
        <time>2026-08-21T16:46:37+00:00</time>
      </trkpt>
      <trkpt lat="44.11956" lon="3.11929">
        <ele>829</ele>
        <time>2026-08-21T16:46:40+00:00</time>
      </trkpt>
      <trkpt lat="44.11964" lon="3.11925">
        <ele>829</ele>
        <time>2026-08-21T16:46:43+00:00</time>
      </trkpt>
      <trkpt lat="44.1199" lon="3.11917">
        <ele>829</ele>
        <time>2026-08-21T16:46:46+00:00</time>
      </trkpt>
      <trkpt lat="44.12017" lon="3.1191">
        <ele>829</ele>
        <time>2026-08-21T16:46:49+00:00</time>
      </trkpt>
      <trkpt lat="44.12034" lon="3.11903">
        <ele>829</ele>
        <time>2026-08-21T16:46:52+00:00</time>
      </trkpt>
      <trkpt lat="44.12041" lon="3.11899">
        <ele>829</ele>
        <time>2026-08-21T16:46:55+00:00</time>
      </trkpt>
      <trkpt lat="44.12045" lon="3.11891">
        <ele>829</ele>
        <time>2026-08-21T16:46:58+00:00</time>
      </trkpt>
      <trkpt lat="44.12048" lon="3.11883">
        <ele>830</ele>
        <time>2026-08-21T16:47:01+00:00</time>
      </trkpt>
      <trkpt lat="44.12051" lon="3.11875">
        <ele>831</ele>
        <time>2026-08-21T16:47:04+00:00</time>
      </trkpt>
      <trkpt lat="44.12057" lon="3.11872">
        <ele>831</ele>
        <time>2026-08-21T16:47:07+00:00</time>
      </trkpt>
      <trkpt lat="44.12063" lon="3.11873">
        <ele>832</ele>
        <time>2026-08-21T16:47:10+00:00</time>
      </trkpt>
      <trkpt lat="44.12076" lon="3.11878">
        <ele>832</ele>
        <time>2026-08-21T16:47:13+00:00</time>
      </trkpt>
      <trkpt lat="44.12084" lon="3.11879">
        <ele>833</ele>
        <time>2026-08-21T16:47:16+00:00</time>
      </trkpt>
      <trkpt lat="44.12098" lon="3.11878">
        <ele>832</ele>
        <time>2026-08-21T16:47:19+00:00</time>
      </trkpt>
      <trkpt lat="44.121" lon="3.11876">
        <ele>834</ele>
        <time>2026-08-21T16:47:22+00:00</time>
      </trkpt>
      <trkpt lat="44.12101" lon="3.11872">
        <ele>834</ele>
        <time>2026-08-21T16:47:25+00:00</time>
      </trkpt>
      <trkpt lat="44.121" lon="3.1187">
        <ele>835</ele>
        <time>2026-08-21T16:47:28+00:00</time>
      </trkpt>
      <trkpt lat="44.12094" lon="3.11865">
        <ele>834</ele>
        <time>2026-08-21T16:47:31+00:00</time>
      </trkpt>
      <trkpt lat="44.12069" lon="3.11856">
        <ele>833</ele>
        <time>2026-08-21T16:47:34+00:00</time>
      </trkpt>
      <trkpt lat="44.12061" lon="3.11851">
        <ele>833</ele>
        <time>2026-08-21T16:47:37+00:00</time>
      </trkpt>
      <trkpt lat="44.12057" lon="3.11848">
        <ele>834</ele>
        <time>2026-08-21T16:47:40+00:00</time>
      </trkpt>
      <trkpt lat="44.12051" lon="3.11842">
        <ele>834</ele>
        <time>2026-08-21T16:47:43+00:00</time>
      </trkpt>
      <trkpt lat="44.12039" lon="3.11825">
        <ele>835</ele>
        <time>2026-08-21T16:47:46+00:00</time>
      </trkpt>
      <trkpt lat="44.12029" lon="3.11812">
        <ele>836</ele>
        <time>2026-08-21T16:47:49+00:00</time>
      </trkpt>
      <trkpt lat="44.12024" lon="3.11806">
        <ele>837</ele>
        <time>2026-08-21T16:47:52+00:00</time>
      </trkpt>
      <trkpt lat="44.12017" lon="3.11802">
        <ele>837</ele>
        <time>2026-08-21T16:47:55+00:00</time>
      </trkpt>
      <trkpt lat="44.1201" lon="3.118">
        <ele>836</ele>
        <time>2026-08-21T16:47:58+00:00</time>
      </trkpt>
      <trkpt lat="44.11987" lon="3.11797">
        <ele>837</ele>
        <time>2026-08-21T16:48:01+00:00</time>
      </trkpt>
      <trkpt lat="44.11978" lon="3.11796">
        <ele>837</ele>
        <time>2026-08-21T16:48:04+00:00</time>
      </trkpt>
      <trkpt lat="44.1197" lon="3.11798">
        <ele>837</ele>
        <time>2026-08-21T16:48:07+00:00</time>
      </trkpt>
      <trkpt lat="44.11954" lon="3.11803">
        <ele>837</ele>
        <time>2026-08-21T16:48:10+00:00</time>
      </trkpt>
      <trkpt lat="44.11947" lon="3.11807">
        <ele>837</ele>
        <time>2026-08-21T16:48:13+00:00</time>
      </trkpt>
      <trkpt lat="44.11926" lon="3.11819">
        <ele>837</ele>
        <time>2026-08-21T16:48:16+00:00</time>
      </trkpt>
      <trkpt lat="44.11902" lon="3.11831">
        <ele>837</ele>
        <time>2026-08-21T16:48:19+00:00</time>
      </trkpt>
      <trkpt lat="44.11875" lon="3.11844">
        <ele>838</ele>
        <time>2026-08-21T16:48:22+00:00</time>
      </trkpt>
      <trkpt lat="44.1186" lon="3.1185">
        <ele>839</ele>
        <time>2026-08-21T16:48:25+00:00</time>
      </trkpt>
      <trkpt lat="44.11854" lon="3.11851">
        <ele>838</ele>
        <time>2026-08-21T16:48:28+00:00</time>
      </trkpt>
      <trkpt lat="44.11848" lon="3.11849">
        <ele>840</ele>
        <time>2026-08-21T16:48:31+00:00</time>
      </trkpt>
      <trkpt lat="44.11843" lon="3.11845">
        <ele>840</ele>
        <time>2026-08-21T16:48:34+00:00</time>
      </trkpt>
      <trkpt lat="44.1183" lon="3.1183">
        <ele>842</ele>
        <time>2026-08-21T16:48:37+00:00</time>
      </trkpt>
      <trkpt lat="44.11826" lon="3.11824">
        <ele>842</ele>
        <time>2026-08-21T16:48:40+00:00</time>
      </trkpt>
      <trkpt lat="44.11822" lon="3.11818">
        <ele>843</ele>
        <time>2026-08-21T16:48:43+00:00</time>
      </trkpt>
      <trkpt lat="44.11816" lon="3.11805">
        <ele>844</ele>
        <time>2026-08-21T16:48:46+00:00</time>
      </trkpt>
      <trkpt lat="44.11812" lon="3.11799">
        <ele>845</ele>
        <time>2026-08-21T16:48:49+00:00</time>
      </trkpt>
      <trkpt lat="44.11808" lon="3.11793">
        <ele>846</ele>
        <time>2026-08-21T16:48:52+00:00</time>
      </trkpt>
      <trkpt lat="44.11785" lon="3.11774">
        <ele>848</ele>
        <time>2026-08-21T16:48:55+00:00</time>
      </trkpt>
      <trkpt lat="44.11764" lon="3.11754">
        <ele>851</ele>
        <time>2026-08-21T16:48:58+00:00</time>
      </trkpt>
      <trkpt lat="44.11758" lon="3.1175">
        <ele>852</ele>
        <time>2026-08-21T16:49:01+00:00</time>
      </trkpt>
      <trkpt lat="44.11746" lon="3.11745">
        <ele>854</ele>
        <time>2026-08-21T16:49:04+00:00</time>
      </trkpt>
      <trkpt lat="44.11729" lon="3.11735">
        <ele>855</ele>
        <time>2026-08-21T16:49:07+00:00</time>
      </trkpt>
      <trkpt lat="44.11722" lon="3.11732">
        <ele>855</ele>
        <time>2026-08-21T16:49:10+00:00</time>
      </trkpt>
      <trkpt lat="44.11701" lon="3.11724">
        <ele>856</ele>
        <time>2026-08-21T16:49:13+00:00</time>
      </trkpt>
      <trkpt lat="44.1168" lon="3.11715">
        <ele>858</ele>
        <time>2026-08-21T16:49:16+00:00</time>
      </trkpt>
      <trkpt lat="44.11642" lon="3.11706">
        <ele>858</ele>
        <time>2026-08-21T16:49:19+00:00</time>
      </trkpt>
      <trkpt lat="44.11634" lon="3.11705">
        <ele>857</ele>
        <time>2026-08-21T16:49:22+00:00</time>
      </trkpt>
      <trkpt lat="44.11626" lon="3.11706">
        <ele>857</ele>
        <time>2026-08-21T16:49:25+00:00</time>
      </trkpt>
      <trkpt lat="44.11617" lon="3.11708">
        <ele>857</ele>
        <time>2026-08-21T16:49:28+00:00</time>
      </trkpt>
      <trkpt lat="44.11601" lon="3.11715">
        <ele>856</ele>
        <time>2026-08-21T16:49:31+00:00</time>
      </trkpt>
      <trkpt lat="44.11592" lon="3.11717">
        <ele>855</ele>
        <time>2026-08-21T16:49:34+00:00</time>
      </trkpt>
      <trkpt lat="44.11573" lon="3.11718">
        <ele>854</ele>
        <time>2026-08-21T16:49:37+00:00</time>
      </trkpt>
      <trkpt lat="44.11565" lon="3.11717">
        <ele>854</ele>
        <time>2026-08-21T16:49:40+00:00</time>
      </trkpt>
      <trkpt lat="44.11556" lon="3.11715">
        <ele>853</ele>
        <time>2026-08-21T16:49:43+00:00</time>
      </trkpt>
      <trkpt lat="44.11548" lon="3.11712">
        <ele>853</ele>
        <time>2026-08-21T16:49:46+00:00</time>
      </trkpt>
      <trkpt lat="44.11531" lon="3.11705">
        <ele>852</ele>
        <time>2026-08-21T16:49:49+00:00</time>
      </trkpt>
      <trkpt lat="44.11503" lon="3.11689">
        <ele>850</ele>
        <time>2026-08-21T16:49:52+00:00</time>
      </trkpt>
      <trkpt lat="44.1149" lon="3.11683">
        <ele>850</ele>
        <time>2026-08-21T16:49:55+00:00</time>
      </trkpt>
      <trkpt lat="44.11474" lon="3.11678">
        <ele>850</ele>
        <time>2026-08-21T16:49:58+00:00</time>
      </trkpt>
      <trkpt lat="44.11457" lon="3.11675">
        <ele>849</ele>
        <time>2026-08-21T16:50:01+00:00</time>
      </trkpt>
      <trkpt lat="44.11449" lon="3.11673">
        <ele>850</ele>
        <time>2026-08-21T16:50:04+00:00</time>
      </trkpt>
      <trkpt lat="44.11441" lon="3.1167">
        <ele>849</ele>
        <time>2026-08-21T16:50:07+00:00</time>
      </trkpt>
      <trkpt lat="44.11417" lon="3.11656">
        <ele>848</ele>
        <time>2026-08-21T16:50:10+00:00</time>
      </trkpt>
      <trkpt lat="44.11408" lon="3.11652">
        <ele>847</ele>
        <time>2026-08-21T16:50:13+00:00</time>
      </trkpt>
      <trkpt lat="44.1138" lon="3.11645">
        <ele>845</ele>
        <time>2026-08-21T16:50:16+00:00</time>
      </trkpt>
      <trkpt lat="44.11343" lon="3.11633">
        <ele>843</ele>
        <time>2026-08-21T16:50:19+00:00</time>
      </trkpt>
      <trkpt lat="44.113" lon="3.11613">
        <ele>841</ele>
        <time>2026-08-21T16:50:22+00:00</time>
      </trkpt>
      <trkpt lat="44.11292" lon="3.11612">
        <ele>840</ele>
        <time>2026-08-21T16:50:25+00:00</time>
      </trkpt>
      <trkpt lat="44.11273" lon="3.11614">
        <ele>838</ele>
        <time>2026-08-21T16:50:28+00:00</time>
      </trkpt>
      <trkpt lat="44.11239" lon="3.11624">
        <ele>834</ele>
        <time>2026-08-21T16:50:31+00:00</time>
      </trkpt>
      <trkpt lat="44.11221" lon="3.11627">
        <ele>832</ele>
        <time>2026-08-21T16:50:34+00:00</time>
      </trkpt>
      <trkpt lat="44.11212" lon="3.11628">
        <ele>831</ele>
        <time>2026-08-21T16:50:37+00:00</time>
      </trkpt>
      <trkpt lat="44.11183" lon="3.11624">
        <ele>826</ele>
        <time>2026-08-21T16:50:40+00:00</time>
      </trkpt>
      <trkpt lat="44.11174" lon="3.11622">
        <ele>824</ele>
        <time>2026-08-21T16:50:43+00:00</time>
      </trkpt>
      <trkpt lat="44.11146" lon="3.11609">
        <ele>819</ele>
        <time>2026-08-21T16:50:46+00:00</time>
      </trkpt>
      <trkpt lat="44.11137" lon="3.11606">
        <ele>818</ele>
        <time>2026-08-21T16:50:49+00:00</time>
      </trkpt>
      <trkpt lat="44.11119" lon="3.11603">
        <ele>816</ele>
        <time>2026-08-21T16:50:52+00:00</time>
      </trkpt>
      <trkpt lat="44.11101" lon="3.11603">
        <ele>814</ele>
        <time>2026-08-21T16:50:55+00:00</time>
      </trkpt>
      <trkpt lat="44.11092" lon="3.11604">
        <ele>813</ele>
        <time>2026-08-21T16:50:58+00:00</time>
      </trkpt>
      <trkpt lat="44.11083" lon="3.11606">
        <ele>811</ele>
        <time>2026-08-21T16:51:01+00:00</time>
      </trkpt>
      <trkpt lat="44.11073" lon="3.11609">
        <ele>810</ele>
        <time>2026-08-21T16:51:04+00:00</time>
      </trkpt>
      <trkpt lat="44.11056" lon="3.11617">
        <ele>808</ele>
        <time>2026-08-21T16:51:07+00:00</time>
      </trkpt>
      <trkpt lat="44.1104" lon="3.11626">
        <ele>807</ele>
        <time>2026-08-21T16:51:10+00:00</time>
      </trkpt>
      <trkpt lat="44.11033" lon="3.11629">
        <ele>806</ele>
        <time>2026-08-21T16:51:13+00:00</time>
      </trkpt>
      <trkpt lat="44.11008" lon="3.1163">
        <ele>799</ele>
        <time>2026-08-21T16:51:16+00:00</time>
      </trkpt>
      <trkpt lat="44.11" lon="3.11629">
        <ele>799</ele>
        <time>2026-08-21T16:51:19+00:00</time>
      </trkpt>
      <trkpt lat="44.10985" lon="3.11624">
        <ele>794</ele>
        <time>2026-08-21T16:51:22+00:00</time>
      </trkpt>
      <trkpt lat="44.10979" lon="3.11625">
        <ele>792</ele>
        <time>2026-08-21T16:51:25+00:00</time>
      </trkpt>
      <trkpt lat="44.10974" lon="3.11632">
        <ele>791</ele>
        <time>2026-08-21T16:51:28+00:00</time>
      </trkpt>
      <trkpt lat="44.10972" lon="3.11643">
        <ele>791</ele>
        <time>2026-08-21T16:51:31+00:00</time>
      </trkpt>
      <trkpt lat="44.10972" lon="3.11656">
        <ele>790</ele>
        <time>2026-08-21T16:51:34+00:00</time>
      </trkpt>
      <trkpt lat="44.10974" lon="3.11668">
        <ele>789</ele>
        <time>2026-08-21T16:51:37+00:00</time>
      </trkpt>
      <trkpt lat="44.10978" lon="3.11679">
        <ele>788</ele>
        <time>2026-08-21T16:51:40+00:00</time>
      </trkpt>
      <trkpt lat="44.10982" lon="3.1169">
        <ele>786</ele>
        <time>2026-08-21T16:51:43+00:00</time>
      </trkpt>
      <trkpt lat="44.10988" lon="3.117">
        <ele>786</ele>
        <time>2026-08-21T16:51:46+00:00</time>
      </trkpt>
      <trkpt lat="44.10996" lon="3.11706">
        <ele>786</ele>
        <time>2026-08-21T16:51:49+00:00</time>
      </trkpt>
      <trkpt lat="44.11004" lon="3.11711">
        <ele>784</ele>
        <time>2026-08-21T16:51:52+00:00</time>
      </trkpt>
      <trkpt lat="44.1101" lon="3.11718">
        <ele>784</ele>
        <time>2026-08-21T16:51:55+00:00</time>
      </trkpt>
      <trkpt lat="44.11012" lon="3.11729">
        <ele>785</ele>
        <time>2026-08-21T16:51:58+00:00</time>
      </trkpt>
      <trkpt lat="44.11009" lon="3.11739">
        <ele>781</ele>
        <time>2026-08-21T16:52:01+00:00</time>
      </trkpt>
      <trkpt lat="44.11004" lon="3.11748">
        <ele>783</ele>
        <time>2026-08-21T16:52:04+00:00</time>
      </trkpt>
      <trkpt lat="44.10992" lon="3.11765">
        <ele>785</ele>
        <time>2026-08-21T16:52:07+00:00</time>
      </trkpt>
      <trkpt lat="44.10988" lon="3.11774">
        <ele>783</ele>
        <time>2026-08-21T16:52:10+00:00</time>
      </trkpt>
      <trkpt lat="44.10984" lon="3.11784">
        <ele>784</ele>
        <time>2026-08-21T16:52:13+00:00</time>
      </trkpt>
      <trkpt lat="44.10981" lon="3.11795">
        <ele>785</ele>
        <time>2026-08-21T16:52:16+00:00</time>
      </trkpt>
      <trkpt lat="44.10979" lon="3.11807">
        <ele>783</ele>
        <time>2026-08-21T16:52:19+00:00</time>
      </trkpt>
      <trkpt lat="44.10979" lon="3.11813">
        <ele>784</ele>
        <time>2026-08-21T16:52:22+00:00</time>
      </trkpt>
      <trkpt lat="44.10979" lon="3.11819">
        <ele>784</ele>
        <time>2026-08-21T16:52:25+00:00</time>
      </trkpt>
      <trkpt lat="44.10979" lon="3.11831">
        <ele>783</ele>
        <time>2026-08-21T16:52:28+00:00</time>
      </trkpt>
      <trkpt lat="44.1098" lon="3.11843">
        <ele>785</ele>
        <time>2026-08-21T16:52:31+00:00</time>
      </trkpt>
      <trkpt lat="44.10982" lon="3.11855">
        <ele>784</ele>
        <time>2026-08-21T16:52:34+00:00</time>
      </trkpt>
      <trkpt lat="44.10985" lon="3.11866">
        <ele>783</ele>
        <time>2026-08-21T16:52:37+00:00</time>
      </trkpt>
      <trkpt lat="44.10988" lon="3.11877">
        <ele>783</ele>
        <time>2026-08-21T16:52:40+00:00</time>
      </trkpt>
      <trkpt lat="44.10992" lon="3.11888">
        <ele>783</ele>
        <time>2026-08-21T16:52:43+00:00</time>
      </trkpt>
      <trkpt lat="44.10998" lon="3.11898">
        <ele>782</ele>
        <time>2026-08-21T16:52:46+00:00</time>
      </trkpt>
      <trkpt lat="44.11011" lon="3.11916">
        <ele>782</ele>
        <time>2026-08-21T16:52:49+00:00</time>
      </trkpt>
      <trkpt lat="44.11016" lon="3.11927">
        <ele>781</ele>
        <time>2026-08-21T16:52:52+00:00</time>
      </trkpt>
      <trkpt lat="44.1102" lon="3.11936">
        <ele>781</ele>
        <time>2026-08-21T16:52:55+00:00</time>
      </trkpt>
      <trkpt lat="44.11019" lon="3.11943">
        <ele>777</ele>
        <time>2026-08-21T16:52:58+00:00</time>
      </trkpt>
      <trkpt lat="44.11015" lon="3.1195">
        <ele>777</ele>
        <time>2026-08-21T16:53:01+00:00</time>
      </trkpt>
      <trkpt lat="44.11004" lon="3.11965">
        <ele>773</ele>
        <time>2026-08-21T16:53:04+00:00</time>
      </trkpt>
      <trkpt lat="44.10992" lon="3.11978">
        <ele>769</ele>
        <time>2026-08-21T16:53:07+00:00</time>
      </trkpt>
      <trkpt lat="44.10979" lon="3.11991">
        <ele>762</ele>
        <time>2026-08-21T16:53:10+00:00</time>
      </trkpt>
      <trkpt lat="44.10972" lon="3.11996">
        <ele>762</ele>
        <time>2026-08-21T16:53:13+00:00</time>
      </trkpt>
      <trkpt lat="44.10956" lon="3.11999">
        <ele>759</ele>
        <time>2026-08-21T16:53:16+00:00</time>
      </trkpt>
      <trkpt lat="44.10951" lon="3.12003">
        <ele>756</ele>
        <time>2026-08-21T16:53:19+00:00</time>
      </trkpt>
      <trkpt lat="44.10949" lon="3.12008">
        <ele>755</ele>
        <time>2026-08-21T16:53:22+00:00</time>
      </trkpt>
      <trkpt lat="44.10944" lon="3.1201">
        <ele>753</ele>
        <time>2026-08-21T16:53:25+00:00</time>
      </trkpt>
      <trkpt lat="44.10939" lon="3.12011">
        <ele>751</ele>
        <time>2026-08-21T16:53:28+00:00</time>
      </trkpt>
      <trkpt lat="44.10935" lon="3.12013">
        <ele>751</ele>
        <time>2026-08-21T16:53:31+00:00</time>
      </trkpt>
      <trkpt lat="44.10921" lon="3.12022">
        <ele>746</ele>
        <time>2026-08-21T16:53:34+00:00</time>
      </trkpt>
      <trkpt lat="44.1091" lon="3.12029">
        <ele>743</ele>
        <time>2026-08-21T16:53:37+00:00</time>
      </trkpt>
      <trkpt lat="44.10896" lon="3.12045">
        <ele>735</ele>
        <time>2026-08-21T16:53:40+00:00</time>
      </trkpt>
      <trkpt lat="44.1089" lon="3.12048">
        <ele>733</ele>
        <time>2026-08-21T16:53:43+00:00</time>
      </trkpt>
      <trkpt lat="44.10883" lon="3.12049">
        <ele>733</ele>
        <time>2026-08-21T16:53:46+00:00</time>
      </trkpt>
      <trkpt lat="44.10871" lon="3.12055">
        <ele>729</ele>
        <time>2026-08-21T16:53:49+00:00</time>
      </trkpt>
      <trkpt lat="44.10864" lon="3.12055">
        <ele>727</ele>
        <time>2026-08-21T16:53:52+00:00</time>
      </trkpt>
      <trkpt lat="44.10857" lon="3.12054">
        <ele>725</ele>
        <time>2026-08-21T16:53:55+00:00</time>
      </trkpt>
      <trkpt lat="44.10851" lon="3.12055">
        <ele>725</ele>
        <time>2026-08-21T16:53:58+00:00</time>
      </trkpt>
      <trkpt lat="44.10846" lon="3.12059">
        <ele>723</ele>
        <time>2026-08-21T16:54:01+00:00</time>
      </trkpt>
      <trkpt lat="44.10833" lon="3.12072">
        <ele>714</ele>
        <time>2026-08-21T16:54:04+00:00</time>
      </trkpt>
      <trkpt lat="44.10827" lon="3.12076">
        <ele>712</ele>
        <time>2026-08-21T16:54:07+00:00</time>
      </trkpt>
      <trkpt lat="44.10814" lon="3.12077">
        <ele>709</ele>
        <time>2026-08-21T16:54:10+00:00</time>
      </trkpt>
      <trkpt lat="44.1081" lon="3.1208">
        <ele>702</ele>
        <time>2026-08-21T16:54:13+00:00</time>
      </trkpt>
      <trkpt lat="44.10806" lon="3.12085">
        <ele>702</ele>
        <time>2026-08-21T16:54:16+00:00</time>
      </trkpt>
      <trkpt lat="44.10802" lon="3.12089">
        <ele>702</ele>
        <time>2026-08-21T16:54:19+00:00</time>
      </trkpt>
      <trkpt lat="44.10797" lon="3.12087">
        <ele>697</ele>
        <time>2026-08-21T16:54:22+00:00</time>
      </trkpt>
      <trkpt lat="44.10793" lon="3.1208">
        <ele>698</ele>
        <time>2026-08-21T16:54:25+00:00</time>
      </trkpt>
      <trkpt lat="44.1079" lon="3.12074">
        <ele>698</ele>
        <time>2026-08-21T16:54:28+00:00</time>
      </trkpt>
      <trkpt lat="44.10788" lon="3.12071">
        <ele>692</ele>
        <time>2026-08-21T16:54:31+00:00</time>
      </trkpt>
      <trkpt lat="44.10785" lon="3.12074">
        <ele>692</ele>
        <time>2026-08-21T16:54:34+00:00</time>
      </trkpt>
      <trkpt lat="44.10783" lon="3.12081">
        <ele>692</ele>
        <time>2026-08-21T16:54:37+00:00</time>
      </trkpt>
      <trkpt lat="44.1078" lon="3.12087">
        <ele>692</ele>
        <time>2026-08-21T16:54:40+00:00</time>
      </trkpt>
      <trkpt lat="44.10772" lon="3.121">
        <ele>684</ele>
        <time>2026-08-21T16:54:43+00:00</time>
      </trkpt>
      <trkpt lat="44.10769" lon="3.1211">
        <ele>679</ele>
        <time>2026-08-21T16:54:46+00:00</time>
      </trkpt>
      <trkpt lat="44.10765" lon="3.12131">
        <ele>677</ele>
        <time>2026-08-21T16:54:49+00:00</time>
      </trkpt>
      <trkpt lat="44.1076" lon="3.1215">
        <ele>671</ele>
        <time>2026-08-21T16:54:52+00:00</time>
      </trkpt>
      <trkpt lat="44.10757" lon="3.1217">
        <ele>670</ele>
        <time>2026-08-21T16:54:55+00:00</time>
      </trkpt>
      <trkpt lat="44.10755" lon="3.12177">
        <ele>668</ele>
        <time>2026-08-21T16:54:58+00:00</time>
      </trkpt>
      <trkpt lat="44.10752" lon="3.12183">
        <ele>666</ele>
        <time>2026-08-21T16:55:01+00:00</time>
      </trkpt>
      <trkpt lat="44.10748" lon="3.12185">
        <ele>661</ele>
        <time>2026-08-21T16:55:04+00:00</time>
      </trkpt>
      <trkpt lat="44.10728" lon="3.1219">
        <ele>654</ele>
        <time>2026-08-21T16:55:07+00:00</time>
      </trkpt>
      <trkpt lat="44.10722" lon="3.1219">
        <ele>654</ele>
        <time>2026-08-21T16:55:10+00:00</time>
      </trkpt>
      <trkpt lat="44.10712" lon="3.12187">
        <ele>647</ele>
        <time>2026-08-21T16:55:13+00:00</time>
      </trkpt>
      <trkpt lat="44.10706" lon="3.12188">
        <ele>643</ele>
        <time>2026-08-21T16:55:16+00:00</time>
      </trkpt>
      <trkpt lat="44.10699" lon="3.12192">
        <ele>640</ele>
        <time>2026-08-21T16:55:19+00:00</time>
      </trkpt>
      <trkpt lat="44.10692" lon="3.12199">
        <ele>640</ele>
        <time>2026-08-21T16:55:22+00:00</time>
      </trkpt>
      <trkpt lat="44.10685" lon="3.12208">
        <ele>641</ele>
        <time>2026-08-21T16:55:25+00:00</time>
      </trkpt>
      <trkpt lat="44.10681" lon="3.12219">
        <ele>633</ele>
        <time>2026-08-21T16:55:28+00:00</time>
      </trkpt>
      <trkpt lat="44.1068" lon="3.1223">
        <ele>616</ele>
        <time>2026-08-21T16:55:31+00:00</time>
      </trkpt>
      <trkpt lat="44.10681" lon="3.1224">
        <ele>640</ele>
        <time>2026-08-21T16:55:34+00:00</time>
      </trkpt>
      <trkpt lat="44.10691" lon="3.12258">
        <ele>640</ele>
        <time>2026-08-21T16:55:37+00:00</time>
      </trkpt>
      <trkpt lat="44.10695" lon="3.12269">
        <ele>639</ele>
        <time>2026-08-21T16:55:40+00:00</time>
      </trkpt>
      <trkpt lat="44.10697" lon="3.12282">
        <ele>637</ele>
        <time>2026-08-21T16:55:43+00:00</time>
      </trkpt>
      <trkpt lat="44.10699" lon="3.12294">
        <ele>636</ele>
        <time>2026-08-21T16:55:46+00:00</time>
      </trkpt>
      <trkpt lat="44.10699" lon="3.12305">
        <ele>636</ele>
        <time>2026-08-21T16:55:49+00:00</time>
      </trkpt>
      <trkpt lat="44.10697" lon="3.12329">
        <ele>636</ele>
        <time>2026-08-21T16:55:52+00:00</time>
      </trkpt>
      <trkpt lat="44.10697" lon="3.12342">
        <ele>634</ele>
        <time>2026-08-21T16:55:55+00:00</time>
      </trkpt>
      <trkpt lat="44.10699" lon="3.12355">
        <ele>634</ele>
        <time>2026-08-21T16:55:58+00:00</time>
      </trkpt>
      <trkpt lat="44.10702" lon="3.12367">
        <ele>634</ele>
        <time>2026-08-21T16:56:01+00:00</time>
      </trkpt>
      <trkpt lat="44.1071" lon="3.12391">
        <ele>631</ele>
        <time>2026-08-21T16:56:04+00:00</time>
      </trkpt>
      <trkpt lat="44.10718" lon="3.12407">
        <ele>630</ele>
        <time>2026-08-21T16:56:07+00:00</time>
      </trkpt>
      <trkpt lat="44.10727" lon="3.12421">
        <ele>629</ele>
        <time>2026-08-21T16:56:10+00:00</time>
      </trkpt>
      <trkpt lat="44.1074" lon="3.12434">
        <ele>629</ele>
        <time>2026-08-21T16:56:13+00:00</time>
      </trkpt>
      <trkpt lat="44.10746" lon="3.12441">
        <ele>628</ele>
        <time>2026-08-21T16:56:16+00:00</time>
      </trkpt>
      <trkpt lat="44.10748" lon="3.1245">
        <ele>625</ele>
        <time>2026-08-21T16:56:19+00:00</time>
      </trkpt>
      <trkpt lat="44.10748" lon="3.1246">
        <ele>623</ele>
        <time>2026-08-21T16:56:22+00:00</time>
      </trkpt>
      <trkpt lat="44.10746" lon="3.1247">
        <ele>623</ele>
        <time>2026-08-21T16:56:25+00:00</time>
      </trkpt>
      <trkpt lat="44.10739" lon="3.12481">
        <ele>616</ele>
        <time>2026-08-21T16:56:28+00:00</time>
      </trkpt>
      <trkpt lat="44.10738" lon="3.12486">
        <ele>616</ele>
        <time>2026-08-21T16:56:31+00:00</time>
      </trkpt>
      <trkpt lat="44.10733" lon="3.12497">
        <ele>613</ele>
        <time>2026-08-21T16:56:34+00:00</time>
      </trkpt>
      <trkpt lat="44.10734" lon="3.12503">
        <ele>611</ele>
        <time>2026-08-21T16:56:37+00:00</time>
      </trkpt>
      <trkpt lat="44.10735" lon="3.1251">
        <ele>606</ele>
        <time>2026-08-21T16:56:40+00:00</time>
      </trkpt>
      <trkpt lat="44.10742" lon="3.12523">
        <ele>605</ele>
        <time>2026-08-21T16:56:43+00:00</time>
      </trkpt>
      <trkpt lat="44.10742" lon="3.1253">
        <ele>605</ele>
        <time>2026-08-21T16:56:46+00:00</time>
      </trkpt>
      <trkpt lat="44.10739" lon="3.12533">
        <ele>599</ele>
        <time>2026-08-21T16:56:49+00:00</time>
      </trkpt>
      <trkpt lat="44.10733" lon="3.12532">
        <ele>599</ele>
        <time>2026-08-21T16:56:52+00:00</time>
      </trkpt>
      <trkpt lat="44.1072" lon="3.12525">
        <ele>590</ele>
        <time>2026-08-21T16:56:55+00:00</time>
      </trkpt>
      <trkpt lat="44.10713" lon="3.12523">
        <ele>590</ele>
        <time>2026-08-21T16:56:58+00:00</time>
      </trkpt>
      <trkpt lat="44.10707" lon="3.12522">
        <ele>587</ele>
        <time>2026-08-21T16:57:01+00:00</time>
      </trkpt>
      <trkpt lat="44.10703" lon="3.12523">
        <ele>587</ele>
        <time>2026-08-21T16:57:04+00:00</time>
      </trkpt>
      <trkpt lat="44.107" lon="3.12526">
        <ele>584</ele>
        <time>2026-08-21T16:57:07+00:00</time>
      </trkpt>
      <trkpt lat="44.10698" lon="3.1253">
        <ele>580</ele>
        <time>2026-08-21T16:57:10+00:00</time>
      </trkpt>
      <trkpt lat="44.10696" lon="3.12533">
        <ele>580</ele>
        <time>2026-08-21T16:57:13+00:00</time>
      </trkpt>
      <trkpt lat="44.10686" lon="3.12531">
        <ele>574</ele>
        <time>2026-08-21T16:57:16+00:00</time>
      </trkpt>
      <trkpt lat="44.10662" lon="3.12533">
        <ele>566</ele>
        <time>2026-08-21T16:57:19+00:00</time>
      </trkpt>
      <trkpt lat="44.10656" lon="3.12531">
        <ele>559</ele>
        <time>2026-08-21T16:57:22+00:00</time>
      </trkpt>
      <trkpt lat="44.1065" lon="3.12525">
        <ele>556</ele>
        <time>2026-08-21T16:57:25+00:00</time>
      </trkpt>
      <trkpt lat="44.10646" lon="3.12519">
        <ele>557</ele>
        <time>2026-08-21T16:57:28+00:00</time>
      </trkpt>
      <trkpt lat="44.10643" lon="3.12517">
        <ele>557</ele>
        <time>2026-08-21T16:57:31+00:00</time>
      </trkpt>
      <trkpt lat="44.10641" lon="3.1252">
        <ele>557</ele>
        <time>2026-08-21T16:57:34+00:00</time>
      </trkpt>
      <trkpt lat="44.10637" lon="3.12521">
        <ele>551</ele>
        <time>2026-08-21T16:57:37+00:00</time>
      </trkpt>
      <trkpt lat="44.10633" lon="3.1252">
        <ele>551</ele>
        <time>2026-08-21T16:57:40+00:00</time>
      </trkpt>
      <trkpt lat="44.10622" lon="3.12516">
        <ele>545</ele>
        <time>2026-08-21T16:57:43+00:00</time>
      </trkpt>
      <trkpt lat="44.10616" lon="3.12511">
        <ele>541</ele>
        <time>2026-08-21T16:57:46+00:00</time>
      </trkpt>
      <trkpt lat="44.10611" lon="3.12505">
        <ele>543</ele>
        <time>2026-08-21T16:57:49+00:00</time>
      </trkpt>
      <trkpt lat="44.10599" lon="3.12492">
        <ele>532</ele>
        <time>2026-08-21T16:57:52+00:00</time>
      </trkpt>
      <trkpt lat="44.10595" lon="3.12484">
        <ele>533</ele>
        <time>2026-08-21T16:57:55+00:00</time>
      </trkpt>
      <trkpt lat="44.10591" lon="3.12476">
        <ele>534</ele>
        <time>2026-08-21T16:57:58+00:00</time>
      </trkpt>
      <trkpt lat="44.10587" lon="3.12471">
        <ele>529</ele>
        <time>2026-08-21T16:58:01+00:00</time>
      </trkpt>
      <trkpt lat="44.10579" lon="3.12464">
        <ele>525</ele>
        <time>2026-08-21T16:58:04+00:00</time>
      </trkpt>
      <trkpt lat="44.10574" lon="3.12459">
        <ele>526</ele>
        <time>2026-08-21T16:58:07+00:00</time>
      </trkpt>
      <trkpt lat="44.10561" lon="3.12438">
        <ele>519</ele>
        <time>2026-08-21T16:58:10+00:00</time>
      </trkpt>
      <trkpt lat="44.10552" lon="3.12426">
        <ele>515</ele>
        <time>2026-08-21T16:58:13+00:00</time>
      </trkpt>
      <trkpt lat="44.10543" lon="3.12418">
        <ele>509</ele>
        <time>2026-08-21T16:58:16+00:00</time>
      </trkpt>
      <trkpt lat="44.10539" lon="3.12418">
        <ele>501</ele>
        <time>2026-08-21T16:58:19+00:00</time>
      </trkpt>
      <trkpt lat="44.10535" lon="3.12417">
        <ele>501</ele>
        <time>2026-08-21T16:58:22+00:00</time>
      </trkpt>
      <trkpt lat="44.1053" lon="3.12406">
        <ele>495</ele>
        <time>2026-08-21T16:58:25+00:00</time>
      </trkpt>
      <trkpt lat="44.10527" lon="3.12408">
        <ele>495</ele>
        <time>2026-08-21T16:58:28+00:00</time>
      </trkpt>
      <trkpt lat="44.10526" lon="3.12411">
        <ele>497</ele>
        <time>2026-08-21T16:58:31+00:00</time>
      </trkpt>
      <trkpt lat="44.10524" lon="3.12415">
        <ele>497</ele>
        <time>2026-08-21T16:58:34+00:00</time>
      </trkpt>
      <trkpt lat="44.10522" lon="3.12426">
        <ele>497</ele>
        <time>2026-08-21T16:58:37+00:00</time>
      </trkpt>
      <trkpt lat="44.10519" lon="3.12452">
        <ele>491</ele>
        <time>2026-08-21T16:58:40+00:00</time>
      </trkpt>
      <trkpt lat="44.10518" lon="3.12491">
        <ele>489</ele>
        <time>2026-08-21T16:58:43+00:00</time>
      </trkpt>
      <trkpt lat="44.10517" lon="3.12502">
        <ele>489</ele>
        <time>2026-08-21T16:58:46+00:00</time>
      </trkpt>
      <trkpt lat="44.10514" lon="3.12511">
        <ele>488</ele>
        <time>2026-08-21T16:58:49+00:00</time>
      </trkpt>
      <trkpt lat="44.10505" lon="3.12526">
        <ele>480</ele>
        <time>2026-08-21T16:58:52+00:00</time>
      </trkpt>
      <trkpt lat="44.10501" lon="3.12534">
        <ele>480</ele>
        <time>2026-08-21T16:58:55+00:00</time>
      </trkpt>
      <trkpt lat="44.10499" lon="3.12544">
        <ele>474</ele>
        <time>2026-08-21T16:58:58+00:00</time>
      </trkpt>
      <trkpt lat="44.10496" lon="3.12564">
        <ele>473</ele>
        <time>2026-08-21T16:59:01+00:00</time>
      </trkpt>
      <trkpt lat="44.10494" lon="3.12572">
        <ele>472</ele>
        <time>2026-08-21T16:59:04+00:00</time>
      </trkpt>
      <trkpt lat="44.10491" lon="3.12579">
        <ele>472</ele>
        <time>2026-08-21T16:59:07+00:00</time>
      </trkpt>
      <trkpt lat="44.10486" lon="3.12585">
        <ele>468</ele>
        <time>2026-08-21T16:59:10+00:00</time>
      </trkpt>
      <trkpt lat="44.10473" lon="3.12603">
        <ele>460</ele>
        <time>2026-08-21T16:59:13+00:00</time>
      </trkpt>
      <trkpt lat="44.10468" lon="3.12611">
        <ele>456</ele>
        <time>2026-08-21T16:59:16+00:00</time>
      </trkpt>
      <trkpt lat="44.10464" lon="3.12621">
        <ele>456</ele>
        <time>2026-08-21T16:59:19+00:00</time>
      </trkpt>
      <trkpt lat="44.10462" lon="3.12633">
        <ele>455</ele>
        <time>2026-08-21T16:59:22+00:00</time>
      </trkpt>
      <trkpt lat="44.10459" lon="3.1265">
        <ele>449</ele>
        <time>2026-08-21T16:59:25+00:00</time>
      </trkpt>
      <trkpt lat="44.10455" lon="3.12678">
        <ele>447</ele>
        <time>2026-08-21T16:59:28+00:00</time>
      </trkpt>
      <trkpt lat="44.10452" lon="3.12685">
        <ele>445</ele>
        <time>2026-08-21T16:59:31+00:00</time>
      </trkpt>
      <trkpt lat="44.10446" lon="3.12688">
        <ele>442</ele>
        <time>2026-08-21T16:59:34+00:00</time>
      </trkpt>
      <trkpt lat="44.10439" lon="3.12689">
        <ele>438</ele>
        <time>2026-08-21T16:59:37+00:00</time>
      </trkpt>
      <trkpt lat="44.10431" lon="3.12687">
        <ele>438</ele>
        <time>2026-08-21T16:59:40+00:00</time>
      </trkpt>
      <trkpt lat="44.10423" lon="3.12683">
        <ele>435</ele>
        <time>2026-08-21T16:59:43+00:00</time>
      </trkpt>
      <trkpt lat="44.104" lon="3.12664">
        <ele>428</ele>
        <time>2026-08-21T16:59:46+00:00</time>
      </trkpt>
      <trkpt lat="44.10395" lon="3.12659">
        <ele>424</ele>
        <time>2026-08-21T16:59:49+00:00</time>
      </trkpt>
      <trkpt lat="44.10383" lon="3.12644">
        <ele>420</ele>
        <time>2026-08-21T16:59:52+00:00</time>
      </trkpt>
      <trkpt lat="44.10379" lon="3.1264">
        <ele>415</ele>
        <time>2026-08-21T16:59:55+00:00</time>
      </trkpt>
      <trkpt lat="44.10374" lon="3.12639">
        <ele>414</ele>
        <time>2026-08-21T16:59:58+00:00</time>
      </trkpt>
      <trkpt lat="44.10371" lon="3.12635">
        <ele>414</ele>
        <time>2026-08-21T17:00:01+00:00</time>
      </trkpt>
      <trkpt lat="44.10371" lon="3.12628">
        <ele>417</ele>
        <time>2026-08-21T17:00:04+00:00</time>
      </trkpt>
      <trkpt lat="44.10374" lon="3.1262">
        <ele>411</ele>
        <time>2026-08-21T17:00:07+00:00</time>
      </trkpt>
      <trkpt lat="44.10377" lon="3.12612">
        <ele>411</ele>
        <time>2026-08-21T17:00:10+00:00</time>
      </trkpt>
      <trkpt lat="44.1039" lon="3.12586">
        <ele>417</ele>
        <time>2026-08-21T17:00:13+00:00</time>
      </trkpt>
      <trkpt lat="44.10397" lon="3.12568">
        <ele>416</ele>
        <time>2026-08-21T17:00:16+00:00</time>
      </trkpt>
      <trkpt lat="44.10406" lon="3.12537">
        <ele>418</ele>
        <time>2026-08-21T17:00:19+00:00</time>
      </trkpt>
      <trkpt lat="44.10409" lon="3.12526">
        <ele>417</ele>
        <time>2026-08-21T17:00:22+00:00</time>
      </trkpt>
      <trkpt lat="44.10411" lon="3.1252">
        <ele>426</ele>
        <time>2026-08-21T17:00:25+00:00</time>
      </trkpt>
      <trkpt lat="44.10418" lon="3.12497">
        <ele>425</ele>
        <time>2026-08-21T17:00:28+00:00</time>
      </trkpt>
      <trkpt lat="44.10426" lon="3.12472">
        <ele>429</ele>
        <time>2026-08-21T17:00:31+00:00</time>
      </trkpt>
      <trkpt lat="44.10427" lon="3.12462">
        <ele>429</ele>
        <time>2026-08-21T17:00:34+00:00</time>
      </trkpt>
      <trkpt lat="44.1043" lon="3.12448">
        <ele>435</ele>
        <time>2026-08-21T17:00:37+00:00</time>
      </trkpt>
      <trkpt lat="44.10433" lon="3.1244">
        <ele>435</ele>
        <time>2026-08-21T17:00:40+00:00</time>
      </trkpt>
      <trkpt lat="44.10438" lon="3.1243">
        <ele>434</ele>
        <time>2026-08-21T17:00:43+00:00</time>
      </trkpt>
      <trkpt lat="44.10441" lon="3.12416">
        <ele>442</ele>
        <time>2026-08-21T17:00:46+00:00</time>
      </trkpt>
      <trkpt lat="44.10447" lon="3.12401">
        <ele>443</ele>
        <time>2026-08-21T17:00:49+00:00</time>
      </trkpt>
      <trkpt lat="44.10455" lon="3.12374">
        <ele>444</ele>
        <time>2026-08-21T17:00:52+00:00</time>
      </trkpt>
      <trkpt lat="44.1046" lon="3.12351">
        <ele>446</ele>
        <time>2026-08-21T17:00:55+00:00</time>
      </trkpt>
      <trkpt lat="44.10466" lon="3.12315">
        <ele>450</ele>
        <time>2026-08-21T17:00:58+00:00</time>
      </trkpt>
      <trkpt lat="44.10476" lon="3.12285">
        <ele>451</ele>
        <time>2026-08-21T17:01:01+00:00</time>
      </trkpt>
      <trkpt lat="44.10486" lon="3.12261">
        <ele>453</ele>
        <time>2026-08-21T17:01:04+00:00</time>
      </trkpt>
      <trkpt lat="44.10488" lon="3.12255">
        <ele>456</ele>
        <time>2026-08-21T17:01:07+00:00</time>
      </trkpt>
      <trkpt lat="44.10489" lon="3.12249">
        <ele>457</ele>
        <time>2026-08-21T17:01:10+00:00</time>
      </trkpt>
      <trkpt lat="44.1049" lon="3.12226">
        <ele>456</ele>
        <time>2026-08-21T17:01:13+00:00</time>
      </trkpt>
      <trkpt lat="44.10491" lon="3.12207">
        <ele>465</ele>
        <time>2026-08-21T17:01:16+00:00</time>
      </trkpt>
      <trkpt lat="44.10491" lon="3.12179">
        <ele>466</ele>
        <time>2026-08-21T17:01:19+00:00</time>
      </trkpt>
      <trkpt lat="44.10493" lon="3.12129">
        <ele>466</ele>
        <time>2026-08-21T17:01:22+00:00</time>
      </trkpt>
      <trkpt lat="44.10496" lon="3.12116">
        <ele>466</ele>
        <time>2026-08-21T17:01:25+00:00</time>
      </trkpt>
      <trkpt lat="44.10497" lon="3.12112">
        <ele>466</ele>
        <time>2026-08-21T17:01:28+00:00</time>
      </trkpt>
      <trkpt lat="44.10499" lon="3.12108">
        <ele>467</ele>
        <time>2026-08-21T17:01:31+00:00</time>
      </trkpt>
      <trkpt lat="44.10503" lon="3.12103">
        <ele>473</ele>
        <time>2026-08-21T17:01:34+00:00</time>
      </trkpt>
      <trkpt lat="44.10504" lon="3.121">
        <ele>473</ele>
        <time>2026-08-21T17:01:37+00:00</time>
      </trkpt>
      <trkpt lat="44.10506" lon="3.12092">
        <ele>473</ele>
        <time>2026-08-21T17:01:40+00:00</time>
      </trkpt>
      <trkpt lat="44.10507" lon="3.12088">
        <ele>475</ele>
        <time>2026-08-21T17:01:43+00:00</time>
      </trkpt>
      <trkpt lat="44.10507" lon="3.12083">
        <ele>475</ele>
        <time>2026-08-21T17:01:46+00:00</time>
      </trkpt>
      <trkpt lat="44.10504" lon="3.12067">
        <ele>479</ele>
        <time>2026-08-21T17:01:49+00:00</time>
      </trkpt>
      <trkpt lat="44.10504" lon="3.12062">
        <ele>479</ele>
        <time>2026-08-21T17:01:52+00:00</time>
      </trkpt>
      <trkpt lat="44.10504" lon="3.12051">
        <ele>481</ele>
        <time>2026-08-21T17:01:55+00:00</time>
      </trkpt>
      <trkpt lat="44.10503" lon="3.12031">
        <ele>482</ele>
        <time>2026-08-21T17:01:58+00:00</time>
      </trkpt>
      <trkpt lat="44.10504" lon="3.12024">
        <ele>482</ele>
        <time>2026-08-21T17:02:01+00:00</time>
      </trkpt>
      <trkpt lat="44.10505" lon="3.12018">
        <ele>480</ele>
        <time>2026-08-21T17:02:04+00:00</time>
      </trkpt>
      <trkpt lat="44.10507" lon="3.12012">
        <ele>480</ele>
        <time>2026-08-21T17:02:07+00:00</time>
      </trkpt>
      <trkpt lat="44.1051" lon="3.12007">
        <ele>486</ele>
        <time>2026-08-21T17:02:10+00:00</time>
      </trkpt>
      <trkpt lat="44.10517" lon="3.12002">
        <ele>486</ele>
        <time>2026-08-21T17:02:13+00:00</time>
      </trkpt>
      <trkpt lat="44.10519" lon="3.11999">
        <ele>488</ele>
        <time>2026-08-21T17:02:16+00:00</time>
      </trkpt>
      <trkpt lat="44.1052" lon="3.11996">
        <ele>488</ele>
        <time>2026-08-21T17:02:19+00:00</time>
      </trkpt>
      <trkpt lat="44.1052" lon="3.11991">
        <ele>488</ele>
        <time>2026-08-21T17:02:22+00:00</time>
      </trkpt>
      <trkpt lat="44.10519" lon="3.11987">
        <ele>492</ele>
        <time>2026-08-21T17:02:25+00:00</time>
      </trkpt>
      <trkpt lat="44.10515" lon="3.11981">
        <ele>492</ele>
        <time>2026-08-21T17:02:28+00:00</time>
      </trkpt>
      <trkpt lat="44.10512" lon="3.1197">
        <ele>501</ele>
        <time>2026-08-21T17:02:31+00:00</time>
      </trkpt>
      <trkpt lat="44.10512" lon="3.11964">
        <ele>501</ele>
        <time>2026-08-21T17:02:34+00:00</time>
      </trkpt>
      <trkpt lat="44.10513" lon="3.11958">
        <ele>505</ele>
        <time>2026-08-21T17:02:37+00:00</time>
      </trkpt>
      <trkpt lat="44.10514" lon="3.11952">
        <ele>505</ele>
        <time>2026-08-21T17:02:40+00:00</time>
      </trkpt>
      <trkpt lat="44.10512" lon="3.11941">
        <ele>507</ele>
        <time>2026-08-21T17:02:43+00:00</time>
      </trkpt>
      <trkpt lat="44.10514" lon="3.11933">
        <ele>511</ele>
        <time>2026-08-21T17:02:46+00:00</time>
      </trkpt>
      <trkpt lat="44.10516" lon="3.1193">
        <ele>514</ele>
        <time>2026-08-21T17:02:49+00:00</time>
      </trkpt>
      <trkpt lat="44.10516" lon="3.11927">
        <ele>514</ele>
        <time>2026-08-21T17:02:52+00:00</time>
      </trkpt>
      <trkpt lat="44.10516" lon="3.1191">
        <ele>516</ele>
        <time>2026-08-21T17:02:55+00:00</time>
      </trkpt>
      <trkpt lat="44.10517" lon="3.11903">
        <ele>519</ele>
        <time>2026-08-21T17:02:58+00:00</time>
      </trkpt>
      <trkpt lat="44.10516" lon="3.11893">
        <ele>521</ele>
        <time>2026-08-21T17:03:01+00:00</time>
      </trkpt>
      <trkpt lat="44.10516" lon="3.1188">
        <ele>522</ele>
        <time>2026-08-21T17:03:04+00:00</time>
      </trkpt>
      <trkpt lat="44.10518" lon="3.11868">
        <ele>522</ele>
        <time>2026-08-21T17:03:07+00:00</time>
      </trkpt>
      <trkpt lat="44.10519" lon="3.11862">
        <ele>522</ele>
        <time>2026-08-21T17:03:10+00:00</time>
      </trkpt>
      <trkpt lat="44.10518" lon="3.11851">
        <ele>524</ele>
        <time>2026-08-21T17:03:13+00:00</time>
      </trkpt>
      <trkpt lat="44.10514" lon="3.11839">
        <ele>529</ele>
        <time>2026-08-21T17:03:16+00:00</time>
      </trkpt>
      <trkpt lat="44.10514" lon="3.11833">
        <ele>529</ele>
        <time>2026-08-21T17:03:19+00:00</time>
      </trkpt>
      <trkpt lat="44.10516" lon="3.11828">
        <ele>524</ele>
        <time>2026-08-21T17:03:22+00:00</time>
      </trkpt>
      <trkpt lat="44.10521" lon="3.11823">
        <ele>529</ele>
        <time>2026-08-21T17:03:25+00:00</time>
      </trkpt>
      <trkpt lat="44.10525" lon="3.11817">
        <ele>527</ele>
        <time>2026-08-21T17:03:28+00:00</time>
      </trkpt>
      <trkpt lat="44.10526" lon="3.1181">
        <ele>530</ele>
        <time>2026-08-21T17:03:31+00:00</time>
      </trkpt>
      <trkpt lat="44.10525" lon="3.11802">
        <ele>530</ele>
        <time>2026-08-21T17:03:34+00:00</time>
      </trkpt>
      <trkpt lat="44.10523" lon="3.11796">
        <ele>530</ele>
        <time>2026-08-21T17:03:37+00:00</time>
      </trkpt>
      <trkpt lat="44.10516" lon="3.11786">
        <ele>531</ele>
        <time>2026-08-21T17:03:40+00:00</time>
      </trkpt>
      <trkpt lat="44.10513" lon="3.11774">
        <ele>534</ele>
        <time>2026-08-21T17:03:43+00:00</time>
      </trkpt>
      <trkpt lat="44.10509" lon="3.11765">
        <ele>529</ele>
        <time>2026-08-21T17:03:46+00:00</time>
      </trkpt>
      <trkpt lat="44.10509" lon="3.11762">
        <ele>531</ele>
        <time>2026-08-21T17:03:49+00:00</time>
      </trkpt>
      <trkpt lat="44.10509" lon="3.1176">
        <ele>531</ele>
        <time>2026-08-21T17:03:52+00:00</time>
      </trkpt>
      <trkpt lat="44.10515" lon="3.11748">
        <ele>530</ele>
        <time>2026-08-21T17:03:55+00:00</time>
      </trkpt>
      <trkpt lat="44.10519" lon="3.11733">
        <ele>529</ele>
        <time>2026-08-21T17:03:58+00:00</time>
      </trkpt>
      <trkpt lat="44.1052" lon="3.11728">
        <ele>537</ele>
        <time>2026-08-21T17:04:01+00:00</time>
      </trkpt>
      <trkpt lat="44.10518" lon="3.11723">
        <ele>533</ele>
        <time>2026-08-21T17:04:04+00:00</time>
      </trkpt>
      <trkpt lat="44.105" lon="3.11698">
        <ele>537</ele>
        <time>2026-08-21T17:04:07+00:00</time>
      </trkpt>
      <trkpt lat="44.10497" lon="3.11693">
        <ele>537</ele>
        <time>2026-08-21T17:04:10+00:00</time>
      </trkpt>
      <trkpt lat="44.10494" lon="3.11688">
        <ele>539</ele>
        <time>2026-08-21T17:04:13+00:00</time>
      </trkpt>
      <trkpt lat="44.10494" lon="3.11682">
        <ele>539</ele>
        <time>2026-08-21T17:04:16+00:00</time>
      </trkpt>
      <trkpt lat="44.10498" lon="3.11672">
        <ele>537</ele>
        <time>2026-08-21T17:04:19+00:00</time>
      </trkpt>
      <trkpt lat="44.10499" lon="3.11665">
        <ele>535</ele>
        <time>2026-08-21T17:04:22+00:00</time>
      </trkpt>
      <trkpt lat="44.10498" lon="3.11656">
        <ele>535</ele>
        <time>2026-08-21T17:04:25+00:00</time>
      </trkpt>
      <trkpt lat="44.10493" lon="3.11631">
        <ele>540</ele>
        <time>2026-08-21T17:04:28+00:00</time>
      </trkpt>
      <trkpt lat="44.10491" lon="3.11619">
        <ele>545</ele>
        <time>2026-08-21T17:04:31+00:00</time>
      </trkpt>
      <trkpt lat="44.10485" lon="3.116">
        <ele>542</ele>
        <time>2026-08-21T17:04:34+00:00</time>
      </trkpt>
      <trkpt lat="44.10484" lon="3.11594">
        <ele>545</ele>
        <time>2026-08-21T17:04:37+00:00</time>
      </trkpt>
      <trkpt lat="44.10484" lon="3.1158">
        <ele>547</ele>
        <time>2026-08-21T17:04:40+00:00</time>
      </trkpt>
      <trkpt lat="44.10484" lon="3.11557">
        <ele>549</ele>
        <time>2026-08-21T17:04:43+00:00</time>
      </trkpt>
      <trkpt lat="44.10485" lon="3.1155">
        <ele>548</ele>
        <time>2026-08-21T17:04:46+00:00</time>
      </trkpt>
      <trkpt lat="44.10486" lon="3.11543">
        <ele>548</ele>
        <time>2026-08-21T17:04:49+00:00</time>
      </trkpt>
      <trkpt lat="44.10494" lon="3.11523">
        <ele>554</ele>
        <time>2026-08-21T17:04:52+00:00</time>
      </trkpt>
      <trkpt lat="44.10497" lon="3.11519">
        <ele>554</ele>
        <time>2026-08-21T17:04:55+00:00</time>
      </trkpt>
      <trkpt lat="44.10501" lon="3.11515">
        <ele>560</ele>
        <time>2026-08-21T17:04:58+00:00</time>
      </trkpt>
      <trkpt lat="44.10503" lon="3.11492">
        <ele>562</ele>
        <time>2026-08-21T17:05:01+00:00</time>
      </trkpt>
      <trkpt lat="44.10504" lon="3.11486">
        <ele>563</ele>
        <time>2026-08-21T17:05:04+00:00</time>
      </trkpt>
      <trkpt lat="44.10509" lon="3.11474">
        <ele>563</ele>
        <time>2026-08-21T17:05:07+00:00</time>
      </trkpt>
      <trkpt lat="44.10514" lon="3.11457">
        <ele>570</ele>
        <time>2026-08-21T17:05:10+00:00</time>
      </trkpt>
      <trkpt lat="44.10518" lon="3.11447">
        <ele>568</ele>
        <time>2026-08-21T17:05:13+00:00</time>
      </trkpt>
      <trkpt lat="44.10521" lon="3.11437">
        <ele>570</ele>
        <time>2026-08-21T17:05:16+00:00</time>
      </trkpt>
      <trkpt lat="44.10525" lon="3.1143">
        <ele>570</ele>
        <time>2026-08-21T17:05:19+00:00</time>
      </trkpt>
      <trkpt lat="44.1053" lon="3.11423">
        <ele>568</ele>
        <time>2026-08-21T17:05:22+00:00</time>
      </trkpt>
      <trkpt lat="44.10535" lon="3.11413">
        <ele>567</ele>
        <time>2026-08-21T17:05:25+00:00</time>
      </trkpt>
      <trkpt lat="44.10543" lon="3.11398">
        <ele>564</ele>
        <time>2026-08-21T17:05:28+00:00</time>
      </trkpt>
      <trkpt lat="44.10546" lon="3.11391">
        <ele>564</ele>
        <time>2026-08-21T17:05:31+00:00</time>
      </trkpt>
      <trkpt lat="44.10548" lon="3.11384">
        <ele>558</ele>
        <time>2026-08-21T17:05:34+00:00</time>
      </trkpt>
      <trkpt lat="44.10551" lon="3.11378">
        <ele>557</ele>
        <time>2026-08-21T17:05:37+00:00</time>
      </trkpt>
      <trkpt lat="44.10562" lon="3.11368">
        <ele>556</ele>
        <time>2026-08-21T17:05:40+00:00</time>
      </trkpt>
      <trkpt lat="44.10566" lon="3.11362">
        <ele>556</ele>
        <time>2026-08-21T17:05:43+00:00</time>
      </trkpt>
      <trkpt lat="44.10577" lon="3.1134">
        <ele>547</ele>
        <time>2026-08-21T17:05:46+00:00</time>
      </trkpt>
      <trkpt lat="44.10586" lon="3.11325">
        <ele>543</ele>
        <time>2026-08-21T17:05:49+00:00</time>
      </trkpt>
      <trkpt lat="44.10592" lon="3.11319">
        <ele>541</ele>
        <time>2026-08-21T17:05:52+00:00</time>
      </trkpt>
      <trkpt lat="44.10622" lon="3.11297">
        <ele>534</ele>
        <time>2026-08-21T17:05:55+00:00</time>
      </trkpt>
      <trkpt lat="44.10626" lon="3.11292">
        <ele>534</ele>
        <time>2026-08-21T17:05:58+00:00</time>
      </trkpt>
      <trkpt lat="44.10628" lon="3.11286">
        <ele>530</ele>
        <time>2026-08-21T17:06:01+00:00</time>
      </trkpt>
      <trkpt lat="44.10628" lon="3.11279">
        <ele>528</ele>
        <time>2026-08-21T17:06:04+00:00</time>
      </trkpt>
      <trkpt lat="44.10628" lon="3.11271">
        <ele>528</ele>
        <time>2026-08-21T17:06:07+00:00</time>
      </trkpt>
      <trkpt lat="44.10629" lon="3.11263">
        <ele>524</ele>
        <time>2026-08-21T17:06:10+00:00</time>
      </trkpt>
      <trkpt lat="44.10632" lon="3.11257">
        <ele>528</ele>
        <time>2026-08-21T17:06:13+00:00</time>
      </trkpt>
      <trkpt lat="44.1064" lon="3.11247">
        <ele>528</ele>
        <time>2026-08-21T17:06:16+00:00</time>
      </trkpt>
      <trkpt lat="44.10647" lon="3.11236">
        <ele>533</ele>
        <time>2026-08-21T17:06:19+00:00</time>
      </trkpt>
      <trkpt lat="44.10648" lon="3.11232">
        <ele>533</ele>
        <time>2026-08-21T17:06:22+00:00</time>
      </trkpt>
      <trkpt lat="44.10647" lon="3.11229">
        <ele>537</ele>
        <time>2026-08-21T17:06:25+00:00</time>
      </trkpt>
      <trkpt lat="44.10642" lon="3.11223">
        <ele>537</ele>
        <time>2026-08-21T17:06:28+00:00</time>
      </trkpt>
      <trkpt lat="44.10638" lon="3.11215">
        <ele>539</ele>
        <time>2026-08-21T17:06:31+00:00</time>
      </trkpt>
      <trkpt lat="44.10634" lon="3.11209">
        <ele>544</ele>
        <time>2026-08-21T17:06:34+00:00</time>
      </trkpt>
      <trkpt lat="44.10632" lon="3.11206">
        <ele>544</ele>
        <time>2026-08-21T17:06:37+00:00</time>
      </trkpt>
      <trkpt lat="44.1063" lon="3.11198">
        <ele>543</ele>
        <time>2026-08-21T17:06:40+00:00</time>
      </trkpt>
      <trkpt lat="44.10621" lon="3.11184">
        <ele>547</ele>
        <time>2026-08-21T17:06:43+00:00</time>
      </trkpt>
      <trkpt lat="44.10614" lon="3.11169">
        <ele>553</ele>
        <time>2026-08-21T17:06:46+00:00</time>
      </trkpt>
      <trkpt lat="44.10601" lon="3.11153">
        <ele>552</ele>
        <time>2026-08-21T17:06:49+00:00</time>
      </trkpt>
      <trkpt lat="44.10584" lon="3.11135">
        <ele>553</ele>
        <time>2026-08-21T17:06:52+00:00</time>
      </trkpt>
      <trkpt lat="44.10581" lon="3.11129">
        <ele>555</ele>
        <time>2026-08-21T17:06:55+00:00</time>
      </trkpt>
      <trkpt lat="44.10579" lon="3.11122">
        <ele>551</ele>
        <time>2026-08-21T17:06:58+00:00</time>
      </trkpt>
      <trkpt lat="44.1058" lon="3.11116">
        <ele>555</ele>
        <time>2026-08-21T17:07:01+00:00</time>
      </trkpt>
      <trkpt lat="44.10586" lon="3.11104">
        <ele>553</ele>
        <time>2026-08-21T17:07:04+00:00</time>
      </trkpt>
      <trkpt lat="44.10591" lon="3.1109">
        <ele>559</ele>
        <time>2026-08-21T17:07:07+00:00</time>
      </trkpt>
      <trkpt lat="44.10592" lon="3.11085">
        <ele>557</ele>
        <time>2026-08-21T17:07:10+00:00</time>
      </trkpt>
      <trkpt lat="44.10594" lon="3.11072">
        <ele>556</ele>
        <time>2026-08-21T17:07:13+00:00</time>
      </trkpt>
      <trkpt lat="44.10595" lon="3.11058">
        <ele>556</ele>
        <time>2026-08-21T17:07:16+00:00</time>
      </trkpt>
      <trkpt lat="44.10597" lon="3.11052">
        <ele>556</ele>
        <time>2026-08-21T17:07:19+00:00</time>
      </trkpt>
      <trkpt lat="44.10604" lon="3.11044">
        <ele>561</ele>
        <time>2026-08-21T17:07:22+00:00</time>
      </trkpt>
      <trkpt lat="44.10607" lon="3.11036">
        <ele>558</ele>
        <time>2026-08-21T17:07:25+00:00</time>
      </trkpt>
      <trkpt lat="44.10608" lon="3.11028">
        <ele>560</ele>
        <time>2026-08-21T17:07:28+00:00</time>
      </trkpt>
      <trkpt lat="44.10606" lon="3.11011">
        <ele>561</ele>
        <time>2026-08-21T17:07:31+00:00</time>
      </trkpt>
      <trkpt lat="44.10609" lon="3.10997">
        <ele>559</ele>
        <time>2026-08-21T17:07:34+00:00</time>
      </trkpt>
      <trkpt lat="44.10609" lon="3.10989">
        <ele>562</ele>
        <time>2026-08-21T17:07:37+00:00</time>
      </trkpt>
      <trkpt lat="44.10608" lon="3.10976">
        <ele>561</ele>
        <time>2026-08-21T17:07:40+00:00</time>
      </trkpt>
      <trkpt lat="44.10611" lon="3.10956">
        <ele>567</ele>
        <time>2026-08-21T17:07:43+00:00</time>
      </trkpt>
      <trkpt lat="44.10608" lon="3.1094">
        <ele>563</ele>
        <time>2026-08-21T17:07:46+00:00</time>
      </trkpt>
      <trkpt lat="44.10608" lon="3.10934">
        <ele>563</ele>
        <time>2026-08-21T17:07:49+00:00</time>
      </trkpt>
      <trkpt lat="44.10609" lon="3.10927">
        <ele>563</ele>
        <time>2026-08-21T17:07:52+00:00</time>
      </trkpt>
      <trkpt lat="44.10618" lon="3.10909">
        <ele>565</ele>
        <time>2026-08-21T17:07:55+00:00</time>
      </trkpt>
      <trkpt lat="44.10621" lon="3.10897">
        <ele>570</ele>
        <time>2026-08-21T17:07:58+00:00</time>
      </trkpt>
      <trkpt lat="44.10624" lon="3.10892">
        <ele>570</ele>
        <time>2026-08-21T17:08:01+00:00</time>
      </trkpt>
      <trkpt lat="44.10633" lon="3.10881">
        <ele>572</ele>
        <time>2026-08-21T17:08:04+00:00</time>
      </trkpt>
      <trkpt lat="44.10635" lon="3.10875">
        <ele>572</ele>
        <time>2026-08-21T17:08:07+00:00</time>
      </trkpt>
      <trkpt lat="44.10637" lon="3.10863">
        <ele>574</ele>
        <time>2026-08-21T17:08:10+00:00</time>
      </trkpt>
      <trkpt lat="44.10639" lon="3.10856">
        <ele>575</ele>
        <time>2026-08-21T17:08:13+00:00</time>
      </trkpt>
      <trkpt lat="44.10641" lon="3.10849">
        <ele>573</ele>
        <time>2026-08-21T17:08:16+00:00</time>
      </trkpt>
      <trkpt lat="44.10643" lon="3.10842">
        <ele>579</ele>
        <time>2026-08-21T17:08:19+00:00</time>
      </trkpt>
      <trkpt lat="44.10647" lon="3.10836">
        <ele>576</ele>
        <time>2026-08-21T17:08:22+00:00</time>
      </trkpt>
      <trkpt lat="44.10651" lon="3.10831">
        <ele>579</ele>
        <time>2026-08-21T17:08:25+00:00</time>
      </trkpt>
      <trkpt lat="44.10655" lon="3.10826">
        <ele>575</ele>
        <time>2026-08-21T17:08:28+00:00</time>
      </trkpt>
      <trkpt lat="44.10657" lon="3.10819">
        <ele>573</ele>
        <time>2026-08-21T17:08:31+00:00</time>
      </trkpt>
      <trkpt lat="44.10659" lon="3.10808">
        <ele>573</ele>
        <time>2026-08-21T17:08:34+00:00</time>
      </trkpt>
      <trkpt lat="44.10661" lon="3.10785">
        <ele>578</ele>
        <time>2026-08-21T17:08:37+00:00</time>
      </trkpt>
      <trkpt lat="44.10664" lon="3.10779">
        <ele>579</ele>
        <time>2026-08-21T17:08:40+00:00</time>
      </trkpt>
      <trkpt lat="44.10668" lon="3.10772">
        <ele>579</ele>
        <time>2026-08-21T17:08:43+00:00</time>
      </trkpt>
      <trkpt lat="44.10672" lon="3.10768">
        <ele>581</ele>
        <time>2026-08-21T17:08:46+00:00</time>
      </trkpt>
      <trkpt lat="44.10675" lon="3.10761">
        <ele>578</ele>
        <time>2026-08-21T17:08:49+00:00</time>
      </trkpt>
      <trkpt lat="44.10676" lon="3.10758">
        <ele>580</ele>
        <time>2026-08-21T17:08:52+00:00</time>
      </trkpt>
      <trkpt lat="44.10679" lon="3.10722">
        <ele>579</ele>
        <time>2026-08-21T17:08:55+00:00</time>
      </trkpt>
      <trkpt lat="44.10679" lon="3.10716">
        <ele>583</ele>
        <time>2026-08-21T17:08:58+00:00</time>
      </trkpt>
      <trkpt lat="44.10672" lon="3.10698">
        <ele>588</ele>
        <time>2026-08-21T17:09:01+00:00</time>
      </trkpt>
      <trkpt lat="44.10672" lon="3.10692">
        <ele>588</ele>
        <time>2026-08-21T17:09:04+00:00</time>
      </trkpt>
      <trkpt lat="44.10674" lon="3.10686">
        <ele>587</ele>
        <time>2026-08-21T17:09:07+00:00</time>
      </trkpt>
      <trkpt lat="44.10678" lon="3.10674">
        <ele>587</ele>
        <time>2026-08-21T17:09:10+00:00</time>
      </trkpt>
      <trkpt lat="44.10681" lon="3.10668">
        <ele>589</ele>
        <time>2026-08-21T17:09:13+00:00</time>
      </trkpt>
      <trkpt lat="44.10694" lon="3.10652">
        <ele>587</ele>
        <time>2026-08-21T17:09:16+00:00</time>
      </trkpt>
      <trkpt lat="44.10696" lon="3.10644">
        <ele>589</ele>
        <time>2026-08-21T17:09:19+00:00</time>
      </trkpt>
      <trkpt lat="44.10695" lon="3.10636">
        <ele>590</ele>
        <time>2026-08-21T17:09:22+00:00</time>
      </trkpt>
      <trkpt lat="44.10687" lon="3.1062">
        <ele>587</ele>
        <time>2026-08-21T17:09:25+00:00</time>
      </trkpt>
      <trkpt lat="44.10686" lon="3.1061">
        <ele>587</ele>
        <time>2026-08-21T17:09:28+00:00</time>
      </trkpt>
      <trkpt lat="44.10691" lon="3.10578">
        <ele>587</ele>
        <time>2026-08-21T17:09:31+00:00</time>
      </trkpt>
      <trkpt lat="44.10692" lon="3.10567">
        <ele>589</ele>
        <time>2026-08-21T17:09:34+00:00</time>
      </trkpt>
      <trkpt lat="44.10692" lon="3.10556">
        <ele>589</ele>
        <time>2026-08-21T17:09:37+00:00</time>
      </trkpt>
      <trkpt lat="44.1069" lon="3.10534">
        <ele>581</ele>
        <time>2026-08-21T17:09:40+00:00</time>
      </trkpt>
      <trkpt lat="44.10686" lon="3.10508">
        <ele>576</ele>
        <time>2026-08-21T17:09:43+00:00</time>
      </trkpt>
      <trkpt lat="44.10682" lon="3.10481">
        <ele>576</ele>
        <time>2026-08-21T17:09:46+00:00</time>
      </trkpt>
      <trkpt lat="44.10673" lon="3.10443">
        <ele>570</ele>
        <time>2026-08-21T17:09:49+00:00</time>
      </trkpt>
      <trkpt lat="44.10672" lon="3.10433">
        <ele>571</ele>
        <time>2026-08-21T17:09:52+00:00</time>
      </trkpt>
      <trkpt lat="44.10673" lon="3.10426">
        <ele>571</ele>
        <time>2026-08-21T17:09:55+00:00</time>
      </trkpt>
      <trkpt lat="44.10675" lon="3.10421">
        <ele>571</ele>
        <time>2026-08-21T17:09:58+00:00</time>
      </trkpt>
      <trkpt lat="44.10679" lon="3.10414">
        <ele>570</ele>
        <time>2026-08-21T17:10:01+00:00</time>
      </trkpt>
      <trkpt lat="44.10681" lon="3.1041">
        <ele>576</ele>
        <time>2026-08-21T17:10:04+00:00</time>
      </trkpt>
      <trkpt lat="44.10686" lon="3.10393">
        <ele>576</ele>
        <time>2026-08-21T17:10:07+00:00</time>
      </trkpt>
      <trkpt lat="44.10689" lon="3.10386">
        <ele>576</ele>
        <time>2026-08-21T17:10:10+00:00</time>
      </trkpt>
      <trkpt lat="44.10691" lon="3.10381">
        <ele>586</ele>
        <time>2026-08-21T17:10:13+00:00</time>
      </trkpt>
      <trkpt lat="44.10691" lon="3.10375">
        <ele>586</ele>
        <time>2026-08-21T17:10:16+00:00</time>
      </trkpt>
      <trkpt lat="44.10693" lon="3.1036">
        <ele>586</ele>
        <time>2026-08-21T17:10:19+00:00</time>
      </trkpt>
      <trkpt lat="44.10694" lon="3.10352">
        <ele>586</ele>
        <time>2026-08-21T17:10:22+00:00</time>
      </trkpt>
      <trkpt lat="44.10696" lon="3.10344">
        <ele>586</ele>
        <time>2026-08-21T17:10:25+00:00</time>
      </trkpt>
      <trkpt lat="44.10698" lon="3.10335">
        <ele>586</ele>
        <time>2026-08-21T17:10:28+00:00</time>
      </trkpt>
      <trkpt lat="44.10702" lon="3.10321">
        <ele>593</ele>
        <time>2026-08-21T17:10:31+00:00</time>
      </trkpt>
      <trkpt lat="44.10705" lon="3.10317">
        <ele>594</ele>
        <time>2026-08-21T17:10:34+00:00</time>
      </trkpt>
      <trkpt lat="44.10704" lon="3.10306">
        <ele>594</ele>
        <time>2026-08-21T17:10:37+00:00</time>
      </trkpt>
      <trkpt lat="44.10705" lon="3.10301">
        <ele>594</ele>
        <time>2026-08-21T17:10:40+00:00</time>
      </trkpt>
      <trkpt lat="44.10708" lon="3.10297">
        <ele>594</ele>
        <time>2026-08-21T17:10:43+00:00</time>
      </trkpt>
      <trkpt lat="44.10708" lon="3.10279">
        <ele>595</ele>
        <time>2026-08-21T17:10:46+00:00</time>
      </trkpt>
      <trkpt lat="44.10709" lon="3.10272">
        <ele>595</ele>
        <time>2026-08-21T17:10:49+00:00</time>
      </trkpt>
      <trkpt lat="44.1071" lon="3.10267">
        <ele>595</ele>
        <time>2026-08-21T17:10:52+00:00</time>
      </trkpt>
      <trkpt lat="44.10713" lon="3.10259">
        <ele>601</ele>
        <time>2026-08-21T17:10:55+00:00</time>
      </trkpt>
      <trkpt lat="44.10715" lon="3.1025">
        <ele>601</ele>
        <time>2026-08-21T17:10:58+00:00</time>
      </trkpt>
      <trkpt lat="44.10717" lon="3.10247">
        <ele>601</ele>
        <time>2026-08-21T17:11:01+00:00</time>
      </trkpt>
      <trkpt lat="44.10722" lon="3.10241">
        <ele>610</ele>
        <time>2026-08-21T17:11:04+00:00</time>
      </trkpt>
      <trkpt lat="44.10724" lon="3.10234">
        <ele>610</ele>
        <time>2026-08-21T17:11:07+00:00</time>
      </trkpt>
      <trkpt lat="44.10732" lon="3.10211">
        <ele>615</ele>
        <time>2026-08-21T17:11:10+00:00</time>
      </trkpt>
      <trkpt lat="44.10737" lon="3.10202">
        <ele>614</ele>
        <time>2026-08-21T17:11:13+00:00</time>
      </trkpt>
      <trkpt lat="44.10741" lon="3.10188">
        <ele>619</ele>
        <time>2026-08-21T17:11:16+00:00</time>
      </trkpt>
      <trkpt lat="44.1075" lon="3.10167">
        <ele>627</ele>
        <time>2026-08-21T17:11:19+00:00</time>
      </trkpt>
      <trkpt lat="44.10754" lon="3.10161">
        <ele>627</ele>
        <time>2026-08-21T17:11:22+00:00</time>
      </trkpt>
      <trkpt lat="44.1076" lon="3.10148">
        <ele>625</ele>
        <time>2026-08-21T17:11:25+00:00</time>
      </trkpt>
      <trkpt lat="44.10765" lon="3.10141">
        <ele>632</ele>
        <time>2026-08-21T17:11:28+00:00</time>
      </trkpt>
      <trkpt lat="44.10771" lon="3.10128">
        <ele>637</ele>
        <time>2026-08-21T17:11:31+00:00</time>
      </trkpt>
      <trkpt lat="44.10772" lon="3.10126">
        <ele>637</ele>
        <time>2026-08-21T17:11:34+00:00</time>
      </trkpt>
      <trkpt lat="44.10774" lon="3.10125">
        <ele>637</ele>
        <time>2026-08-21T17:11:37+00:00</time>
      </trkpt>
      <trkpt lat="44.10775" lon="3.10127">
        <ele>637</ele>
        <time>2026-08-21T17:11:40+00:00</time>
      </trkpt>
      <trkpt lat="44.10776" lon="3.10129">
        <ele>637</ele>
        <time>2026-08-21T17:11:43+00:00</time>
      </trkpt>
      <trkpt lat="44.10778" lon="3.10142">
        <ele>639</ele>
        <time>2026-08-21T17:11:46+00:00</time>
      </trkpt>
      <trkpt lat="44.10782" lon="3.10148">
        <ele>649</ele>
        <time>2026-08-21T17:11:49+00:00</time>
      </trkpt>
      <trkpt lat="44.10786" lon="3.10154">
        <ele>650</ele>
        <time>2026-08-21T17:11:52+00:00</time>
      </trkpt>
      <trkpt lat="44.10788" lon="3.10161">
        <ele>650</ele>
        <time>2026-08-21T17:11:55+00:00</time>
      </trkpt>
      <trkpt lat="44.10794" lon="3.10172">
        <ele>657</ele>
        <time>2026-08-21T17:11:58+00:00</time>
      </trkpt>
      <trkpt lat="44.10796" lon="3.1018">
        <ele>657</ele>
        <time>2026-08-21T17:12:01+00:00</time>
      </trkpt>
      <trkpt lat="44.10799" lon="3.10183">
        <ele>658</ele>
        <time>2026-08-21T17:12:04+00:00</time>
      </trkpt>
      <trkpt lat="44.10803" lon="3.10191">
        <ele>665</ele>
        <time>2026-08-21T17:12:07+00:00</time>
      </trkpt>
      <trkpt lat="44.10805" lon="3.10194">
        <ele>665</ele>
        <time>2026-08-21T17:12:10+00:00</time>
      </trkpt>
      <trkpt lat="44.10806" lon="3.10194">
        <ele>665</ele>
        <time>2026-08-21T17:12:13+00:00</time>
      </trkpt>
      <trkpt lat="44.10808" lon="3.10192">
        <ele>665</ele>
        <time>2026-08-21T17:12:16+00:00</time>
      </trkpt>
      <trkpt lat="44.10813" lon="3.10191">
        <ele>674</ele>
        <time>2026-08-21T17:12:19+00:00</time>
      </trkpt>
      <trkpt lat="44.10814" lon="3.10192">
        <ele>674</ele>
        <time>2026-08-21T17:12:22+00:00</time>
      </trkpt>
      <trkpt lat="44.10815" lon="3.10194">
        <ele>674</ele>
        <time>2026-08-21T17:12:25+00:00</time>
      </trkpt>
      <trkpt lat="44.10817" lon="3.102">
        <ele>675</ele>
        <time>2026-08-21T17:12:28+00:00</time>
      </trkpt>
      <trkpt lat="44.10818" lon="3.10211">
        <ele>677</ele>
        <time>2026-08-21T17:12:31+00:00</time>
      </trkpt>
      <trkpt lat="44.10819" lon="3.1022">
        <ele>677</ele>
        <time>2026-08-21T17:12:34+00:00</time>
      </trkpt>
      <trkpt lat="44.1082" lon="3.10228">
        <ele>677</ele>
        <time>2026-08-21T17:12:37+00:00</time>
      </trkpt>
      <trkpt lat="44.1082" lon="3.10229">
        <ele>684</ele>
        <time>2026-08-21T17:12:40+00:00</time>
      </trkpt>
      <trkpt lat="44.10824" lon="3.10227">
        <ele>684</ele>
        <time>2026-08-21T17:12:43+00:00</time>
      </trkpt>
      <trkpt lat="44.10827" lon="3.10223">
        <ele>684</ele>
        <time>2026-08-21T17:12:46+00:00</time>
      </trkpt>
      <trkpt lat="44.10829" lon="3.10215">
        <ele>691</ele>
        <time>2026-08-21T17:12:49+00:00</time>
      </trkpt>
      <trkpt lat="44.10829" lon="3.1021">
        <ele>698</ele>
        <time>2026-08-21T17:12:52+00:00</time>
      </trkpt>
      <trkpt lat="44.10835" lon="3.10201">
        <ele>704</ele>
        <time>2026-08-21T17:12:55+00:00</time>
      </trkpt>
      <trkpt lat="44.10837" lon="3.10201">
        <ele>704</ele>
        <time>2026-08-21T17:12:58+00:00</time>
      </trkpt>
      <trkpt lat="44.10839" lon="3.10201">
        <ele>704</ele>
        <time>2026-08-21T17:13:01+00:00</time>
      </trkpt>
      <trkpt lat="44.10842" lon="3.102">
        <ele>715</ele>
        <time>2026-08-21T17:13:04+00:00</time>
      </trkpt>
      <trkpt lat="44.10844" lon="3.10198">
        <ele>715</ele>
        <time>2026-08-21T17:13:07+00:00</time>
      </trkpt>
      <trkpt lat="44.10845" lon="3.10198">
        <ele>715</ele>
        <time>2026-08-21T17:13:10+00:00</time>
      </trkpt>
      <trkpt lat="44.10849" lon="3.10202">
        <ele>708</ele>
        <time>2026-08-21T17:13:13+00:00</time>
      </trkpt>
      <trkpt lat="44.10854" lon="3.10203">
        <ele>715</ele>
        <time>2026-08-21T17:13:16+00:00</time>
      </trkpt>
      <trkpt lat="44.10854" lon="3.10203">
        <ele>715</ele>
        <time>2026-08-21T17:13:19+00:00</time>
      </trkpt>
      <trkpt lat="44.10852" lon="3.10196">
        <ele>719</ele>
        <time>2026-08-21T17:13:22+00:00</time>
      </trkpt>
      <trkpt lat="44.10843" lon="3.10179">
        <ele>718</ele>
        <time>2026-08-21T17:13:25+00:00</time>
      </trkpt>
      <trkpt lat="44.10842" lon="3.10175">
        <ele>723</ele>
        <time>2026-08-21T17:13:28+00:00</time>
      </trkpt>
      <trkpt lat="44.10843" lon="3.10169">
        <ele>721</ele>
        <time>2026-08-21T17:13:31+00:00</time>
      </trkpt>
      <trkpt lat="44.10845" lon="3.10156">
        <ele>721</ele>
        <time>2026-08-21T17:13:34+00:00</time>
      </trkpt>
      <trkpt lat="44.10845" lon="3.10152">
        <ele>714</ele>
        <time>2026-08-21T17:13:37+00:00</time>
      </trkpt>
      <trkpt lat="44.10843" lon="3.10148">
        <ele>725</ele>
        <time>2026-08-21T17:13:40+00:00</time>
      </trkpt>
      <trkpt lat="44.10843" lon="3.10145">
        <ele>725</ele>
        <time>2026-08-21T17:13:43+00:00</time>
      </trkpt>
      <trkpt lat="44.10847" lon="3.10135">
        <ele>720</ele>
        <time>2026-08-21T17:13:46+00:00</time>
      </trkpt>
      <trkpt lat="44.10849" lon="3.10126">
        <ele>718</ele>
        <time>2026-08-21T17:13:49+00:00</time>
      </trkpt>
      <trkpt lat="44.1085" lon="3.1011">
        <ele>723</ele>
        <time>2026-08-21T17:13:52+00:00</time>
      </trkpt>
      <trkpt lat="44.10853" lon="3.10104">
        <ele>723</ele>
        <time>2026-08-21T17:13:55+00:00</time>
      </trkpt>
      <trkpt lat="44.1086" lon="3.10094">
        <ele>717</ele>
        <time>2026-08-21T17:13:58+00:00</time>
      </trkpt>
      <trkpt lat="44.10863" lon="3.10087">
        <ele>719</ele>
        <time>2026-08-21T17:14:01+00:00</time>
      </trkpt>
      <trkpt lat="44.10866" lon="3.1008">
        <ele>716</ele>
        <time>2026-08-21T17:14:04+00:00</time>
      </trkpt>
      <trkpt lat="44.10868" lon="3.10071">
        <ele>716</ele>
        <time>2026-08-21T17:14:07+00:00</time>
      </trkpt>
      <trkpt lat="44.10868" lon="3.10063">
        <ele>719</ele>
        <time>2026-08-21T17:14:10+00:00</time>
      </trkpt>
      <trkpt lat="44.10867" lon="3.10056">
        <ele>722</ele>
        <time>2026-08-21T17:14:13+00:00</time>
      </trkpt>
      <trkpt lat="44.10864" lon="3.10049">
        <ele>723</ele>
        <time>2026-08-21T17:14:16+00:00</time>
      </trkpt>
      <trkpt lat="44.10861" lon="3.10042">
        <ele>723</ele>
        <time>2026-08-21T17:14:19+00:00</time>
      </trkpt>
      <trkpt lat="44.10862" lon="3.10035">
        <ele>722</ele>
        <time>2026-08-21T17:14:22+00:00</time>
      </trkpt>
      <trkpt lat="44.10864" lon="3.10027">
        <ele>719</ele>
        <time>2026-08-21T17:14:25+00:00</time>
      </trkpt>
      <trkpt lat="44.10869" lon="3.10015">
        <ele>716</ele>
        <time>2026-08-21T17:14:28+00:00</time>
      </trkpt>
      <trkpt lat="44.10873" lon="3.10006">
        <ele>722</ele>
        <time>2026-08-21T17:14:31+00:00</time>
      </trkpt>
      <trkpt lat="44.10876" lon="3.09992">
        <ele>720</ele>
        <time>2026-08-21T17:14:34+00:00</time>
      </trkpt>
      <trkpt lat="44.10877" lon="3.09983">
        <ele>720</ele>
        <time>2026-08-21T17:14:37+00:00</time>
      </trkpt>
      <trkpt lat="44.10876" lon="3.09976">
        <ele>723</ele>
        <time>2026-08-21T17:14:40+00:00</time>
      </trkpt>
      <trkpt lat="44.10871" lon="3.09959">
        <ele>728</ele>
        <time>2026-08-21T17:14:43+00:00</time>
      </trkpt>
      <trkpt lat="44.10871" lon="3.09953">
        <ele>728</ele>
        <time>2026-08-21T17:14:46+00:00</time>
      </trkpt>
      <trkpt lat="44.10873" lon="3.09947">
        <ele>721</ele>
        <time>2026-08-21T17:14:49+00:00</time>
      </trkpt>
      <trkpt lat="44.10876" lon="3.09942">
        <ele>728</ele>
        <time>2026-08-21T17:14:52+00:00</time>
      </trkpt>
      <trkpt lat="44.1088" lon="3.09938">
        <ele>721</ele>
        <time>2026-08-21T17:14:55+00:00</time>
      </trkpt>
      <trkpt lat="44.10885" lon="3.09937">
        <ele>721</ele>
        <time>2026-08-21T17:14:58+00:00</time>
      </trkpt>
      <trkpt lat="44.10895" lon="3.09938">
        <ele>725</ele>
        <time>2026-08-21T17:15:01+00:00</time>
      </trkpt>
      <trkpt lat="44.10904" lon="3.09942">
        <ele>730</ele>
        <time>2026-08-21T17:15:04+00:00</time>
      </trkpt>
      <trkpt lat="44.10908" lon="3.09946">
        <ele>730</ele>
        <time>2026-08-21T17:15:07+00:00</time>
      </trkpt>
      <trkpt lat="44.10914" lon="3.0996">
        <ele>729</ele>
        <time>2026-08-21T17:15:10+00:00</time>
      </trkpt>
      <trkpt lat="44.10916" lon="3.09964">
        <ele>733</ele>
        <time>2026-08-21T17:15:13+00:00</time>
      </trkpt>
      <trkpt lat="44.10919" lon="3.09966">
        <ele>733</ele>
        <time>2026-08-21T17:15:16+00:00</time>
      </trkpt>
      <trkpt lat="44.10922" lon="3.09967">
        <ele>730</ele>
        <time>2026-08-21T17:15:19+00:00</time>
      </trkpt>
      <trkpt lat="44.10931" lon="3.09963">
        <ele>730</ele>
        <time>2026-08-21T17:15:22+00:00</time>
      </trkpt>
      <trkpt lat="44.10936" lon="3.09964">
        <ele>732</ele>
        <time>2026-08-21T17:15:25+00:00</time>
      </trkpt>
      <trkpt lat="44.10951" lon="3.09976">
        <ele>729</ele>
        <time>2026-08-21T17:15:28+00:00</time>
      </trkpt>
      <trkpt lat="44.10955" lon="3.09977">
        <ele>731</ele>
        <time>2026-08-21T17:15:31+00:00</time>
      </trkpt>
      <trkpt lat="44.1096" lon="3.09975">
        <ele>731</ele>
        <time>2026-08-21T17:15:34+00:00</time>
      </trkpt>
      <trkpt lat="44.10964" lon="3.09971">
        <ele>734</ele>
        <time>2026-08-21T17:15:37+00:00</time>
      </trkpt>
      <trkpt lat="44.10968" lon="3.09966">
        <ele>730</ele>
        <time>2026-08-21T17:15:40+00:00</time>
      </trkpt>
      <trkpt lat="44.10974" lon="3.09954">
        <ele>731</ele>
        <time>2026-08-21T17:15:43+00:00</time>
      </trkpt>
      <trkpt lat="44.10977" lon="3.0995">
        <ele>731</ele>
        <time>2026-08-21T17:15:46+00:00</time>
      </trkpt>
      <trkpt lat="44.10981" lon="3.09951">
        <ele>735</ele>
        <time>2026-08-21T17:15:49+00:00</time>
      </trkpt>
      <trkpt lat="44.10991" lon="3.09959">
        <ele>731</ele>
        <time>2026-08-21T17:15:52+00:00</time>
      </trkpt>
      <trkpt lat="44.10997" lon="3.09962">
        <ele>735</ele>
        <time>2026-08-21T17:15:55+00:00</time>
      </trkpt>
      <trkpt lat="44.11003" lon="3.09962">
        <ele>734</ele>
        <time>2026-08-21T17:15:58+00:00</time>
      </trkpt>
      <trkpt lat="44.11015" lon="3.09962">
        <ele>731</ele>
        <time>2026-08-21T17:16:01+00:00</time>
      </trkpt>
      <trkpt lat="44.11034" lon="3.09966">
        <ele>732</ele>
        <time>2026-08-21T17:16:04+00:00</time>
      </trkpt>
      <trkpt lat="44.11039" lon="3.09964">
        <ele>732</ele>
        <time>2026-08-21T17:16:07+00:00</time>
      </trkpt>
      <trkpt lat="44.11044" lon="3.0996">
        <ele>734</ele>
        <time>2026-08-21T17:16:10+00:00</time>
      </trkpt>
      <trkpt lat="44.1105" lon="3.09957">
        <ele>731</ele>
        <time>2026-08-21T17:16:13+00:00</time>
      </trkpt>
      <trkpt lat="44.1106" lon="3.09956">
        <ele>734</ele>
        <time>2026-08-21T17:16:16+00:00</time>
      </trkpt>
      <trkpt lat="44.11071" lon="3.09957">
        <ele>734</ele>
        <time>2026-08-21T17:16:19+00:00</time>
      </trkpt>
      <trkpt lat="44.11076" lon="3.09959">
        <ele>734</ele>
        <time>2026-08-21T17:16:22+00:00</time>
      </trkpt>
      <trkpt lat="44.1108" lon="3.09961">
        <ele>735</ele>
        <time>2026-08-21T17:16:25+00:00</time>
      </trkpt>
      <trkpt lat="44.11083" lon="3.09965">
        <ele>732</ele>
        <time>2026-08-21T17:16:28+00:00</time>
      </trkpt>
      <trkpt lat="44.11084" lon="3.0997">
        <ele>737</ele>
        <time>2026-08-21T17:16:31+00:00</time>
      </trkpt>
      <trkpt lat="44.11086" lon="3.09974">
        <ele>737</ele>
        <time>2026-08-21T17:16:34+00:00</time>
      </trkpt>
      <trkpt lat="44.11095" lon="3.09984">
        <ele>734</ele>
        <time>2026-08-21T17:16:37+00:00</time>
      </trkpt>
      <trkpt lat="44.11099" lon="3.09987">
        <ele>736</ele>
        <time>2026-08-21T17:16:40+00:00</time>
      </trkpt>
      <trkpt lat="44.11104" lon="3.09985">
        <ele>732</ele>
        <time>2026-08-21T17:16:43+00:00</time>
      </trkpt>
      <trkpt lat="44.11108" lon="3.09982">
        <ele>732</ele>
        <time>2026-08-21T17:16:46+00:00</time>
      </trkpt>
      <trkpt lat="44.11111" lon="3.09976">
        <ele>734</ele>
        <time>2026-08-21T17:16:49+00:00</time>
      </trkpt>
      <trkpt lat="44.11114" lon="3.09962">
        <ele>730</ele>
        <time>2026-08-21T17:16:52+00:00</time>
      </trkpt>
      <trkpt lat="44.11118" lon="3.09957">
        <ele>721</ele>
        <time>2026-08-21T17:16:55+00:00</time>
      </trkpt>
      <trkpt lat="44.11124" lon="3.09957">
        <ele>731</ele>
        <time>2026-08-21T17:16:58+00:00</time>
      </trkpt>
      <trkpt lat="44.11131" lon="3.0996">
        <ele>723</ele>
        <time>2026-08-21T17:17:01+00:00</time>
      </trkpt>
      <trkpt lat="44.11161" lon="3.09981">
        <ele>731</ele>
        <time>2026-08-21T17:17:04+00:00</time>
      </trkpt>
      <trkpt lat="44.11169" lon="3.09989">
        <ele>728</ele>
        <time>2026-08-21T17:17:07+00:00</time>
      </trkpt>
      <trkpt lat="44.11173" lon="3.09991">
        <ele>730</ele>
        <time>2026-08-21T17:17:10+00:00</time>
      </trkpt>
      <trkpt lat="44.11178" lon="3.0999">
        <ele>730</ele>
        <time>2026-08-21T17:17:13+00:00</time>
      </trkpt>
      <trkpt lat="44.11183" lon="3.09991">
        <ele>731</ele>
        <time>2026-08-21T17:17:16+00:00</time>
      </trkpt>
      <trkpt lat="44.11189" lon="3.09994">
        <ele>731</ele>
        <time>2026-08-21T17:17:19+00:00</time>
      </trkpt>
      <trkpt lat="44.11193" lon="3.09997">
        <ele>728</ele>
        <time>2026-08-21T17:17:22+00:00</time>
      </trkpt>
      <trkpt lat="44.11197" lon="3.09998">
        <ele>728</ele>
        <time>2026-08-21T17:17:25+00:00</time>
      </trkpt>
      <trkpt lat="44.11202" lon="3.09998">
        <ele>729</ele>
        <time>2026-08-21T17:17:28+00:00</time>
      </trkpt>
      <trkpt lat="44.11208" lon="3.1">
        <ele>732</ele>
        <time>2026-08-21T17:17:31+00:00</time>
      </trkpt>
      <trkpt lat="44.11213" lon="3.10005">
        <ele>729</ele>
        <time>2026-08-21T17:17:34+00:00</time>
      </trkpt>
      <trkpt lat="44.11217" lon="3.10011">
        <ele>731</ele>
        <time>2026-08-21T17:17:37+00:00</time>
      </trkpt>
      <trkpt lat="44.1122" lon="3.1002">
        <ele>729</ele>
        <time>2026-08-21T17:17:40+00:00</time>
      </trkpt>
      <trkpt lat="44.11227" lon="3.10031">
        <ele>734</ele>
        <time>2026-08-21T17:17:43+00:00</time>
      </trkpt>
      <trkpt lat="44.11234" lon="3.1004">
        <ele>729</ele>
        <time>2026-08-21T17:17:46+00:00</time>
      </trkpt>
      <trkpt lat="44.11239" lon="3.10043">
        <ele>731</ele>
        <time>2026-08-21T17:17:49+00:00</time>
      </trkpt>
      <trkpt lat="44.11242" lon="3.10048">
        <ele>728</ele>
        <time>2026-08-21T17:17:52+00:00</time>
      </trkpt>
      <trkpt lat="44.11244" lon="3.10054">
        <ele>728</ele>
        <time>2026-08-21T17:17:55+00:00</time>
      </trkpt>
      <trkpt lat="44.11241" lon="3.10068">
        <ele>728</ele>
        <time>2026-08-21T17:17:58+00:00</time>
      </trkpt>
      <trkpt lat="44.11242" lon="3.10075">
        <ele>727</ele>
        <time>2026-08-21T17:18:01+00:00</time>
      </trkpt>
      <trkpt lat="44.11246" lon="3.10082">
        <ele>729</ele>
        <time>2026-08-21T17:18:04+00:00</time>
      </trkpt>
      <trkpt lat="44.11255" lon="3.10095">
        <ele>728</ele>
        <time>2026-08-21T17:18:07+00:00</time>
      </trkpt>
      <trkpt lat="44.11256" lon="3.10099">
        <ele>728</ele>
        <time>2026-08-21T17:18:10+00:00</time>
      </trkpt>
      <trkpt lat="44.11258" lon="3.10103">
        <ele>729</ele>
        <time>2026-08-21T17:18:13+00:00</time>
      </trkpt>
      <trkpt lat="44.1126" lon="3.10118">
        <ele>730</ele>
        <time>2026-08-21T17:18:16+00:00</time>
      </trkpt>
      <trkpt lat="44.11262" lon="3.10121">
        <ele>720</ele>
        <time>2026-08-21T17:18:19+00:00</time>
      </trkpt>
      <trkpt lat="44.11266" lon="3.10117">
        <ele>722</ele>
        <time>2026-08-21T17:18:22+00:00</time>
      </trkpt>
      <trkpt lat="44.1127" lon="3.10112">
        <ele>717</ele>
        <time>2026-08-21T17:18:25+00:00</time>
      </trkpt>
      <trkpt lat="44.11273" lon="3.10112">
        <ele>717</ele>
        <time>2026-08-21T17:18:28+00:00</time>
      </trkpt>
      <trkpt lat="44.11276" lon="3.10133">
        <ele>714</ele>
        <time>2026-08-21T17:18:31+00:00</time>
      </trkpt>
      <trkpt lat="44.11278" lon="3.10141">
        <ele>714</ele>
        <time>2026-08-21T17:18:34+00:00</time>
      </trkpt>
      <trkpt lat="44.11282" lon="3.10148">
        <ele>707</ele>
        <time>2026-08-21T17:18:37+00:00</time>
      </trkpt>
      <trkpt lat="44.11285" lon="3.10153">
        <ele>709</ele>
        <time>2026-08-21T17:18:40+00:00</time>
      </trkpt>
      <trkpt lat="44.11289" lon="3.10154">
        <ele>709</ele>
        <time>2026-08-21T17:18:43+00:00</time>
      </trkpt>
      <trkpt lat="44.11293" lon="3.10151">
        <ele>702</ele>
        <time>2026-08-21T17:18:46+00:00</time>
      </trkpt>
      <trkpt lat="44.11296" lon="3.10146">
        <ele>697</ele>
        <time>2026-08-21T17:18:49+00:00</time>
      </trkpt>
      <trkpt lat="44.11302" lon="3.10139">
        <ele>690</ele>
        <time>2026-08-21T17:18:52+00:00</time>
      </trkpt>
      <trkpt lat="44.11304" lon="3.10134">
        <ele>690</ele>
        <time>2026-08-21T17:18:55+00:00</time>
      </trkpt>
      <trkpt lat="44.11306" lon="3.10122">
        <ele>688</ele>
        <time>2026-08-21T17:18:58+00:00</time>
      </trkpt>
      <trkpt lat="44.1131" lon="3.10114">
        <ele>680</ele>
        <time>2026-08-21T17:19:01+00:00</time>
      </trkpt>
      <trkpt lat="44.11312" lon="3.10108">
        <ele>678</ele>
        <time>2026-08-21T17:19:04+00:00</time>
      </trkpt>
      <trkpt lat="44.11313" lon="3.10101">
        <ele>678</ele>
        <time>2026-08-21T17:19:07+00:00</time>
      </trkpt>
      <trkpt lat="44.11314" lon="3.10084">
        <ele>674</ele>
        <time>2026-08-21T17:19:10+00:00</time>
      </trkpt>
      <trkpt lat="44.11316" lon="3.10064">
        <ele>671</ele>
        <time>2026-08-21T17:19:13+00:00</time>
      </trkpt>
      <trkpt lat="44.11317" lon="3.10041">
        <ele>668</ele>
        <time>2026-08-21T17:19:16+00:00</time>
      </trkpt>
      <trkpt lat="44.11319" lon="3.10021">
        <ele>663</ele>
        <time>2026-08-21T17:19:19+00:00</time>
      </trkpt>
      <trkpt lat="44.11319" lon="3.1001">
        <ele>661</ele>
        <time>2026-08-21T17:19:22+00:00</time>
      </trkpt>
      <trkpt lat="44.11317" lon="3.10001">
        <ele>659</ele>
        <time>2026-08-21T17:19:25+00:00</time>
      </trkpt>
      <trkpt lat="44.11313" lon="3.09993">
        <ele>655</ele>
        <time>2026-08-21T17:19:28+00:00</time>
      </trkpt>
      <trkpt lat="44.11303" lon="3.09983">
        <ele>656</ele>
        <time>2026-08-21T17:19:31+00:00</time>
      </trkpt>
      <trkpt lat="44.11305" lon="3.09982">
        <ele>656</ele>
        <time>2026-08-21T17:19:34+00:00</time>
      </trkpt>
      <trkpt lat="44.11308" lon="3.09982">
        <ele>656</ele>
        <time>2026-08-21T17:19:37+00:00</time>
      </trkpt>
      <trkpt lat="44.11311" lon="3.09982">
        <ele>653</ele>
        <time>2026-08-21T17:19:40+00:00</time>
      </trkpt>
      <trkpt lat="44.11318" lon="3.09985">
        <ele>653</ele>
        <time>2026-08-21T17:19:43+00:00</time>
      </trkpt>
      <trkpt lat="44.11324" lon="3.09985">
        <ele>647</ele>
        <time>2026-08-21T17:19:46+00:00</time>
      </trkpt>
      <trkpt lat="44.11329" lon="3.09984">
        <ele>647</ele>
        <time>2026-08-21T17:19:49+00:00</time>
      </trkpt>
      <trkpt lat="44.11331" lon="3.09979">
        <ele>641</ele>
        <time>2026-08-21T17:19:52+00:00</time>
      </trkpt>
      <trkpt lat="44.11331" lon="3.09972">
        <ele>641</ele>
        <time>2026-08-21T17:19:55+00:00</time>
      </trkpt>
      <trkpt lat="44.11333" lon="3.09967">
        <ele>637</ele>
        <time>2026-08-21T17:19:58+00:00</time>
      </trkpt>
      <trkpt lat="44.11338" lon="3.09958">
        <ele>635</ele>
        <time>2026-08-21T17:20:01+00:00</time>
      </trkpt>
      <trkpt lat="44.11344" lon="3.09954">
        <ele>631</ele>
        <time>2026-08-21T17:20:04+00:00</time>
      </trkpt>
      <trkpt lat="44.1135" lon="3.09948">
        <ele>623</ele>
        <time>2026-08-21T17:20:07+00:00</time>
      </trkpt>
      <trkpt lat="44.11353" lon="3.09947">
        <ele>623</ele>
        <time>2026-08-21T17:20:10+00:00</time>
      </trkpt>
      <trkpt lat="44.11355" lon="3.09946">
        <ele>623</ele>
        <time>2026-08-21T17:20:13+00:00</time>
      </trkpt>
      <trkpt lat="44.11366" lon="3.09946">
        <ele>621</ele>
        <time>2026-08-21T17:20:16+00:00</time>
      </trkpt>
      <trkpt lat="44.11371" lon="3.09944">
        <ele>617</ele>
        <time>2026-08-21T17:20:19+00:00</time>
      </trkpt>
      <trkpt lat="44.11377" lon="3.09944">
        <ele>617</ele>
        <time>2026-08-21T17:20:22+00:00</time>
      </trkpt>
      <trkpt lat="44.11384" lon="3.09949">
        <ele>612</ele>
        <time>2026-08-21T17:20:25+00:00</time>
      </trkpt>
      <trkpt lat="44.1139" lon="3.09959">
        <ele>614</ele>
        <time>2026-08-21T17:20:28+00:00</time>
      </trkpt>
      <trkpt lat="44.11396" lon="3.09977">
        <ele>613</ele>
        <time>2026-08-21T17:20:31+00:00</time>
      </trkpt>
      <trkpt lat="44.11399" lon="3.09979">
        <ele>613</ele>
        <time>2026-08-21T17:20:34+00:00</time>
      </trkpt>
      <trkpt lat="44.11403" lon="3.09979">
        <ele>609</ele>
        <time>2026-08-21T17:20:37+00:00</time>
      </trkpt>
      <trkpt lat="44.11406" lon="3.09973">
        <ele>609</ele>
        <time>2026-08-21T17:20:40+00:00</time>
      </trkpt>
      <trkpt lat="44.11408" lon="3.09968">
        <ele>607</ele>
        <time>2026-08-21T17:20:43+00:00</time>
      </trkpt>
      <trkpt lat="44.11411" lon="3.09964">
        <ele>602</ele>
        <time>2026-08-21T17:20:46+00:00</time>
      </trkpt>
      <trkpt lat="44.11424" lon="3.09966">
        <ele>599</ele>
        <time>2026-08-21T17:20:49+00:00</time>
      </trkpt>
      <trkpt lat="44.1143" lon="3.09964">
        <ele>597</ele>
        <time>2026-08-21T17:20:52+00:00</time>
      </trkpt>
      <trkpt lat="44.11436" lon="3.0996">
        <ele>597</ele>
        <time>2026-08-21T17:20:55+00:00</time>
      </trkpt>
      <trkpt lat="44.1144" lon="3.09954">
        <ele>594</ele>
        <time>2026-08-21T17:20:58+00:00</time>
      </trkpt>
      <trkpt lat="44.11441" lon="3.09947">
        <ele>588</ele>
        <time>2026-08-21T17:21:01+00:00</time>
      </trkpt>
      <trkpt lat="44.11442" lon="3.0993">
        <ele>585</ele>
        <time>2026-08-21T17:21:04+00:00</time>
      </trkpt>
      <trkpt lat="44.11445" lon="3.09927">
        <ele>583</ele>
        <time>2026-08-21T17:21:07+00:00</time>
      </trkpt>
      <trkpt lat="44.11454" lon="3.09931">
        <ele>580</ele>
        <time>2026-08-21T17:21:10+00:00</time>
      </trkpt>
      <trkpt lat="44.11461" lon="3.09926">
        <ele>576</ele>
        <time>2026-08-21T17:21:13+00:00</time>
      </trkpt>
      <trkpt lat="44.1147" lon="3.09927">
        <ele>569</ele>
        <time>2026-08-21T17:21:16+00:00</time>
      </trkpt>
      <trkpt lat="44.11474" lon="3.09926">
        <ele>569</ele>
        <time>2026-08-21T17:21:19+00:00</time>
      </trkpt>
      <trkpt lat="44.11478" lon="3.09919">
        <ele>568</ele>
        <time>2026-08-21T17:21:22+00:00</time>
      </trkpt>
      <trkpt lat="44.11481" lon="3.09909">
        <ele>563</ele>
        <time>2026-08-21T17:21:25+00:00</time>
      </trkpt>
      <trkpt lat="44.11487" lon="3.09871">
        <ele>560</ele>
        <time>2026-08-21T17:21:28+00:00</time>
      </trkpt>
      <trkpt lat="44.11496" lon="3.09848">
        <ele>553</ele>
        <time>2026-08-21T17:21:31+00:00</time>
      </trkpt>
      <trkpt lat="44.11509" lon="3.09817">
        <ele>546</ele>
        <time>2026-08-21T17:21:34+00:00</time>
      </trkpt>
      <trkpt lat="44.11512" lon="3.09806">
        <ele>544</ele>
        <time>2026-08-21T17:21:37+00:00</time>
      </trkpt>
      <trkpt lat="44.11514" lon="3.09795">
        <ele>542</ele>
        <time>2026-08-21T17:21:40+00:00</time>
      </trkpt>
      <trkpt lat="44.11514" lon="3.09783">
        <ele>540</ele>
        <time>2026-08-21T17:21:43+00:00</time>
      </trkpt>
      <trkpt lat="44.11515" lon="3.09747">
        <ele>533</ele>
        <time>2026-08-21T17:21:46+00:00</time>
      </trkpt>
      <trkpt lat="44.11514" lon="3.09725">
        <ele>529</ele>
        <time>2026-08-21T17:21:49+00:00</time>
      </trkpt>
      <trkpt lat="44.11516" lon="3.09694">
        <ele>525</ele>
        <time>2026-08-21T17:21:52+00:00</time>
      </trkpt>
      <trkpt lat="44.11515" lon="3.09684">
        <ele>523</ele>
        <time>2026-08-21T17:21:55+00:00</time>
      </trkpt>
      <trkpt lat="44.11511" lon="3.09661">
        <ele>521</ele>
        <time>2026-08-21T17:21:58+00:00</time>
      </trkpt>
      <trkpt lat="44.11503" lon="3.09623">
        <ele>517</ele>
        <time>2026-08-21T17:22:01+00:00</time>
      </trkpt>
      <trkpt lat="44.11491" lon="3.09567">
        <ele>510</ele>
        <time>2026-08-21T17:22:04+00:00</time>
      </trkpt>
      <trkpt lat="44.11486" lon="3.09546">
        <ele>508</ele>
        <time>2026-08-21T17:22:07+00:00</time>
      </trkpt>
      <trkpt lat="44.1148" lon="3.09526">
        <ele>507</ele>
        <time>2026-08-21T17:22:10+00:00</time>
      </trkpt>
      <trkpt lat="44.11471" lon="3.09471">
        <ele>502</ele>
        <time>2026-08-21T17:22:13+00:00</time>
      </trkpt>
      <trkpt lat="44.1147" lon="3.0946">
        <ele>500</ele>
        <time>2026-08-21T17:22:16+00:00</time>
      </trkpt>
      <trkpt lat="44.11472" lon="3.09448">
        <ele>498</ele>
        <time>2026-08-21T17:22:19+00:00</time>
      </trkpt>
      <trkpt lat="44.1148" lon="3.09426">
        <ele>496</ele>
        <time>2026-08-21T17:22:22+00:00</time>
      </trkpt>
      <trkpt lat="44.1148" lon="3.09417">
        <ele>494</ele>
        <time>2026-08-21T17:22:25+00:00</time>
      </trkpt>
      <trkpt lat="44.11476" lon="3.0941">
        <ele>493</ele>
        <time>2026-08-21T17:22:28+00:00</time>
      </trkpt>
      <trkpt lat="44.11468" lon="3.09406">
        <ele>491</ele>
        <time>2026-08-21T17:22:31+00:00</time>
      </trkpt>
      <trkpt lat="44.11451" lon="3.09397">
        <ele>489</ele>
        <time>2026-08-21T17:22:34+00:00</time>
      </trkpt>
      <trkpt lat="44.11444" lon="3.09391">
        <ele>488</ele>
        <time>2026-08-21T17:22:37+00:00</time>
      </trkpt>
      <trkpt lat="44.11438" lon="3.09383">
        <ele>485</ele>
        <time>2026-08-21T17:22:40+00:00</time>
      </trkpt>
      <trkpt lat="44.11428" lon="3.09367">
        <ele>481</ele>
        <time>2026-08-21T17:22:43+00:00</time>
      </trkpt>
      <trkpt lat="44.11423" lon="3.0936">
        <ele>481</ele>
        <time>2026-08-21T17:22:46+00:00</time>
      </trkpt>
      <trkpt lat="44.11423" lon="3.09356">
        <ele>480</ele>
        <time>2026-08-21T17:22:49+00:00</time>
      </trkpt>
      <trkpt lat="44.11425" lon="3.09353">
        <ele>480</ele>
        <time>2026-08-21T17:22:52+00:00</time>
      </trkpt>
      <trkpt lat="44.11428" lon="3.09352">
        <ele>480</ele>
        <time>2026-08-21T17:22:55+00:00</time>
      </trkpt>
      <trkpt lat="44.11458" lon="3.09355">
        <ele>477</ele>
        <time>2026-08-21T17:22:58+00:00</time>
      </trkpt>
      <trkpt lat="44.11468" lon="3.09354">
        <ele>476</ele>
        <time>2026-08-21T17:23:01+00:00</time>
      </trkpt>
      <trkpt lat="44.11503" lon="3.09347">
        <ele>473</ele>
        <time>2026-08-21T17:23:04+00:00</time>
      </trkpt>
      <trkpt lat="44.11516" lon="3.09344">
        <ele>472</ele>
        <time>2026-08-21T17:23:07+00:00</time>
      </trkpt>
      <trkpt lat="44.11538" lon="3.09338">
        <ele>470</ele>
        <time>2026-08-21T17:23:10+00:00</time>
      </trkpt>
      <trkpt lat="44.11564" lon="3.09328">
        <ele>466</ele>
        <time>2026-08-21T17:23:13+00:00</time>
      </trkpt>
      <trkpt lat="44.11583" lon="3.09324">
        <ele>466</ele>
        <time>2026-08-21T17:23:16+00:00</time>
      </trkpt>
      <trkpt lat="44.11601" lon="3.09322">
        <ele>465</ele>
        <time>2026-08-21T17:23:19+00:00</time>
      </trkpt>
      <trkpt lat="44.11618" lon="3.09322">
        <ele>464</ele>
        <time>2026-08-21T17:23:22+00:00</time>
      </trkpt>
      <trkpt lat="44.11624" lon="3.09318">
        <ele>462</ele>
        <time>2026-08-21T17:23:25+00:00</time>
      </trkpt>
      <trkpt lat="44.11626" lon="3.0931">
        <ele>462</ele>
        <time>2026-08-21T17:23:28+00:00</time>
      </trkpt>
      <trkpt lat="44.11623" lon="3.093">
        <ele>460</ele>
        <time>2026-08-21T17:23:31+00:00</time>
      </trkpt>
      <trkpt lat="44.11615" lon="3.09278">
        <ele>457</ele>
        <time>2026-08-21T17:23:34+00:00</time>
      </trkpt>
      <trkpt lat="44.1161" lon="3.09268">
        <ele>456</ele>
        <time>2026-08-21T17:23:37+00:00</time>
      </trkpt>
      <trkpt lat="44.11603" lon="3.09259">
        <ele>455</ele>
        <time>2026-08-21T17:23:40+00:00</time>
      </trkpt>
      <trkpt lat="44.11588" lon="3.09242">
        <ele>453</ele>
        <time>2026-08-21T17:23:43+00:00</time>
      </trkpt>
      <trkpt lat="44.11573" lon="3.09228">
        <ele>450</ele>
        <time>2026-08-21T17:23:46+00:00</time>
      </trkpt>
      <trkpt lat="44.11564" lon="3.09224">
        <ele>448</ele>
        <time>2026-08-21T17:23:49+00:00</time>
      </trkpt>
      <trkpt lat="44.11555" lon="3.09221">
        <ele>448</ele>
        <time>2026-08-21T17:23:52+00:00</time>
      </trkpt>
      <trkpt lat="44.11547" lon="3.09216">
        <ele>446</ele>
        <time>2026-08-21T17:23:55+00:00</time>
      </trkpt>
      <trkpt lat="44.11544" lon="3.09207">
        <ele>444</ele>
        <time>2026-08-21T17:23:58+00:00</time>
      </trkpt>
      <trkpt lat="44.11545" lon="3.09199">
        <ele>442</ele>
        <time>2026-08-21T17:24:01+00:00</time>
      </trkpt>
      <trkpt lat="44.11543" lon="3.09194">
        <ele>442</ele>
        <time>2026-08-21T17:24:04+00:00</time>
      </trkpt>
      <trkpt lat="44.11541" lon="3.0919">
        <ele>440</ele>
        <time>2026-08-21T17:24:07+00:00</time>
      </trkpt>
      <trkpt lat="44.11532" lon="3.09181">
        <ele>440</ele>
        <time>2026-08-21T17:24:10+00:00</time>
      </trkpt>
      <trkpt lat="44.1151" lon="3.09163">
        <ele>435</ele>
        <time>2026-08-21T17:24:13+00:00</time>
      </trkpt>
      <trkpt lat="44.11503" lon="3.09155">
        <ele>432</ele>
        <time>2026-08-21T17:24:16+00:00</time>
      </trkpt>
      <trkpt lat="44.11496" lon="3.09146">
        <ele>431</ele>
        <time>2026-08-21T17:24:19+00:00</time>
      </trkpt>
      <trkpt lat="44.11483" lon="3.09126">
        <ele>430</ele>
        <time>2026-08-21T17:24:22+00:00</time>
      </trkpt>
      <trkpt lat="44.1147" lon="3.09108">
        <ele>425</ele>
        <time>2026-08-21T17:24:25+00:00</time>
      </trkpt>
      <trkpt lat="44.11456" lon="3.0909">
        <ele>428</ele>
        <time>2026-08-21T17:24:28+00:00</time>
      </trkpt>
      <trkpt lat="44.11441" lon="3.09074">
        <ele>419</ele>
        <time>2026-08-21T17:24:31+00:00</time>
      </trkpt>
      <trkpt lat="44.11434" lon="3.09065">
        <ele>419</ele>
        <time>2026-08-21T17:24:34+00:00</time>
      </trkpt>
      <trkpt lat="44.11427" lon="3.09055">
        <ele>417</ele>
        <time>2026-08-21T17:24:37+00:00</time>
      </trkpt>
      <trkpt lat="44.11422" lon="3.09045">
        <ele>413</ele>
        <time>2026-08-21T17:24:40+00:00</time>
      </trkpt>
      <trkpt lat="44.11417" lon="3.09033">
        <ele>414</ele>
        <time>2026-08-21T17:24:43+00:00</time>
      </trkpt>
      <trkpt lat="44.11414" lon="3.09021">
        <ele>411</ele>
        <time>2026-08-21T17:24:46+00:00</time>
      </trkpt>
      <trkpt lat="44.11411" lon="3.09008">
        <ele>408</ele>
        <time>2026-08-21T17:24:49+00:00</time>
      </trkpt>
      <trkpt lat="44.11408" lon="3.08998">
        <ele>407</ele>
        <time>2026-08-21T17:24:52+00:00</time>
      </trkpt>
      <trkpt lat="44.11403" lon="3.08988">
        <ele>404</ele>
        <time>2026-08-21T17:24:55+00:00</time>
      </trkpt>
      <trkpt lat="44.114" lon="3.08978">
        <ele>401</ele>
        <time>2026-08-21T17:24:58+00:00</time>
      </trkpt>
      <trkpt lat="44.11396" lon="3.08968">
        <ele>399</ele>
        <time>2026-08-21T17:25:01+00:00</time>
      </trkpt>
      <trkpt lat="44.11395" lon="3.0896">
        <ele>397</ele>
        <time>2026-08-21T17:25:04+00:00</time>
      </trkpt>
      <trkpt lat="44.11404" lon="3.08949">
        <ele>394</ele>
        <time>2026-08-21T17:25:07+00:00</time>
      </trkpt>
      <trkpt lat="44.11409" lon="3.08942">
        <ele>394</ele>
        <time>2026-08-21T17:25:10+00:00</time>
      </trkpt>
      <trkpt lat="44.11415" lon="3.08938">
        <ele>391</ele>
        <time>2026-08-21T17:25:13+00:00</time>
      </trkpt>
      <trkpt lat="44.11419" lon="3.08933">
        <ele>391</ele>
        <time>2026-08-21T17:25:16+00:00</time>
      </trkpt>
      <trkpt lat="44.11421" lon="3.08925">
        <ele>388</ele>
        <time>2026-08-21T17:25:19+00:00</time>
      </trkpt>
      <trkpt lat="44.11426" lon="3.08918">
        <ele>386</ele>
        <time>2026-08-21T17:25:22+00:00</time>
      </trkpt>
      <trkpt lat="44.11434" lon="3.08914">
        <ele>385</ele>
        <time>2026-08-21T17:25:25+00:00</time>
      </trkpt>
      <trkpt lat="44.11443" lon="3.08915">
        <ele>387</ele>
        <time>2026-08-21T17:25:28+00:00</time>
      </trkpt>
      <trkpt lat="44.11452" lon="3.08917">
        <ele>384</ele>
        <time>2026-08-21T17:25:31+00:00</time>
      </trkpt>
      <trkpt lat="44.1146" lon="3.08921">
        <ele>386</ele>
        <time>2026-08-21T17:25:34+00:00</time>
      </trkpt>
      <trkpt lat="44.11467" lon="3.08927">
        <ele>390</ele>
        <time>2026-08-21T17:25:37+00:00</time>
      </trkpt>
      <trkpt lat="44.1147" lon="3.08936">
        <ele>387</ele>
        <time>2026-08-21T17:25:40+00:00</time>
      </trkpt>
      <trkpt lat="44.1147" lon="3.08945">
        <ele>390</ele>
        <time>2026-08-21T17:25:43+00:00</time>
      </trkpt>
      <trkpt lat="44.11467" lon="3.08952">
        <ele>393</ele>
        <time>2026-08-21T17:25:46+00:00</time>
      </trkpt>
      <trkpt lat="44.11461" lon="3.08955">
        <ele>393</ele>
        <time>2026-08-21T17:25:49+00:00</time>
      </trkpt>
      <trkpt lat="44.11454" lon="3.08956">
        <ele>393</ele>
        <time>2026-08-21T17:25:52+00:00</time>
      </trkpt>
      <trkpt lat="44.11445" lon="3.08955">
        <ele>393</ele>
        <time>2026-08-21T17:25:55+00:00</time>
      </trkpt>
      <trkpt lat="44.11429" lon="3.08952">
        <ele>395</ele>
        <time>2026-08-21T17:25:58+00:00</time>
      </trkpt>
    </trkseg>
  </trk>
</gpx>
