<?xml version="1.0" encoding="UTF-8" ?>
<gpx version="1.1" xmlns:xsi="http://www.w3.org/2001/XMLSchema-instance"
    xmlns="http://www.topografix.com/GPX/1/1"
    xsi:schemaLocation="http://www.topografix.com/GPX/1/1 http://www.topografix.com/GPX/1/1/gpx.xsd"
    creator="Openrunner - https://www.openrunner.com" >
                <wpt lat="42.693772" lon="1.498369">
                        <ele>0</ele>
                        <name><![CDATA[Ravitaillement - Izourt]]></name>
                        <desc><![CDATA[]]></desc>
                    <sym>3</sym>
                </wpt>
            
                <wpt lat="42.664789" lon="1.489552">
                        <ele>0</ele>
                        <name><![CDATA[Ravitaillement - Refuge du Fourcat]]></name>
                        <desc><![CDATA[]]></desc>
                    <sym>3</sym>
                </wpt>
            
                <wpt lat="42.656709" lon="1.448313">
                        <ele>0</ele>
                        <name><![CDATA[Ravitaillement - Soulcem 1]]></name>
                        <desc><![CDATA[]]></desc>
                    <sym>3</sym>
                </wpt>
            
                <wpt lat="42.632093" lon="1.481704">
                        <ele>0</ele>
                        <name><![CDATA[Ravitaillement - Coma d'Arcalis]]></name>
                        <desc><![CDATA[]]></desc>
                    <sym>3</sym>
                </wpt>
            
                <wpt lat="42.628360" lon="1.450816">
                        <ele>0</ele>
                        <name><![CDATA[Ravitaillement - La Crouts]]></name>
                        <desc><![CDATA[]]></desc>
                    <sym>3</sym>
                </wpt>
            
                <wpt lat="42.656891" lon="1.448364">
                        <ele>0</ele>
                        <name><![CDATA[Ravitaillement - Soulcem 2]]></name>
                        <desc><![CDATA[]]></desc>
                    <sym>3</sym>
                </wpt>
            
                <wpt lat="42.691239" lon="1.396543">
                        <ele>0</ele>
                        <name><![CDATA[Ravitaillement - Refuge du Pinet]]></name>
                        <desc><![CDATA[]]></desc>
                    <sym>3</sym>
                </wpt>
            
                <wpt lat="42.710283" lon="1.425015">
                        <ele>0</ele>
                        <name><![CDATA[Ravitaillement - Lartigue]]></name>
                        <desc><![CDATA[]]></desc>
                    <sym>3</sym>
                </wpt>
            
                <wpt lat="42.765172" lon="1.413578">
                        <ele>0</ele>
                        <name><![CDATA[Ravitaillement - Refuge de Basiès]]></name>
                        <desc><![CDATA[]]></desc>
                    <sym>3</sym>
                </wpt>
            
                <wpt lat="42.710282" lon="1.425011">
                        <ele>0</ele>
                        <name><![CDATA[Barrière horaire - 42h de course]]></name>
                        <desc><![CDATA[]]></desc>
                    <sym>53</sym>
                </wpt>
            
                <wpt lat="42.671917" lon="1.406008">
                        <ele>0</ele>
                        <name><![CDATA[Point d'eau - Montcalm 3077m]]></name>
                        <desc><![CDATA[]]></desc>
                    <sym>104</sym>
                </wpt>
            
                <wpt lat="42.656920" lon="1.448370">
                        <ele>0</ele>
                        <name><![CDATA[Barrière horaire - 30h de course]]></name>
                        <desc><![CDATA[]]></desc>
                    <sym>53</sym>
                </wpt>
            
                <wpt lat="42.656694" lon="1.448311">
                        <ele>0</ele>
                        <name><![CDATA[Barrière horaire - 14h de course]]></name>
                        <desc><![CDATA[]]></desc>
                    <sym>53</sym>
                </wpt>
            
                <wpt lat="42.656974" lon="1.448244">
                        <ele>0</ele>
                        <name><![CDATA[MODIFICATION ORAGE - Barrière horaire - 24h de course]]></name>
                        <desc><![CDATA[]]></desc>
                    <sym>53</sym>
                </wpt>
            
                <wpt lat="42.710125" lon="1.425112">
                        <ele>0</ele>
                        <name><![CDATA[MODIFICATION ORAGE - Barrière horaire 27h de course]]></name>
                        <desc><![CDATA[]]></desc>
                    <sym>53</sym>
                </wpt>
            
                <wpt lat="42.765271" lon="1.413241">
                        <ele>0</ele>
                        <name><![CDATA[MODIFICATION ORAGE - Barrière horaire 30h de course]]></name>
                        <desc><![CDATA[]]></desc>
                    <sym>53</sym>
                </wpt>
            
                <wpt lat="42.628695" lon="1.450978">
                        <ele>0</ele>
                        <name><![CDATA[MODIFICATION ORAGE - Barrière horaire 23h de course]]></name>
                        <desc><![CDATA[]]></desc>
                    <sym>53</sym>
                </wpt>
            	<trk>
	                   <name>PICaPICA-15876168</name>
						<trkseg>
					<trkpt lat="42.762760" lon="1.480000">
						<ele>747</ele>
						<time>2026-08-13T05:08:17Z</time>
					</trkpt>
					<trkpt lat="42.763140" lon="1.480060">
						<ele>746</ele>
						<time>2026-08-13T05:08:36Z</time>
					</trkpt>
					<trkpt lat="42.763480" lon="1.480020">
						<ele>745</ele>
						<time>2026-08-13T05:08:53Z</time>
					</trkpt>
					<trkpt lat="42.763580" lon="1.480160">
						<ele>744</ele>
						<time>2026-08-13T05:09:00Z</time>
					</trkpt>
					<trkpt lat="42.763900" lon="1.480030">
						<ele>743</ele>
						<time>2026-08-13T05:09:17Z</time>
					</trkpt>
					<trkpt lat="42.763730" lon="1.479790">
						<ele>745</ele>
						<time>2026-08-13T05:09:29Z</time>
					</trkpt>
					<trkpt lat="42.763640" lon="1.477780">
						<ele>748</ele>
						<time>2026-08-13T05:10:43Z</time>
					</trkpt>
					<trkpt lat="42.763480" lon="1.477410">
						<ele>751</ele>
						<time>2026-08-13T05:10:59Z</time>
					</trkpt>
					<trkpt lat="42.762470" lon="1.477440">
						<ele>753</ele>
						<time>2026-08-13T05:11:50Z</time>
					</trkpt>
					<trkpt lat="42.761240" lon="1.477710">
						<ele>753</ele>
						<time>2026-08-13T05:12:52Z</time>
					</trkpt>
					<trkpt lat="42.760950" lon="1.477570">
						<ele>755</ele>
						<time>2026-08-13T05:13:07Z</time>
					</trkpt>
					<trkpt lat="42.760680" lon="1.477330">
						<ele>758</ele>
						<time>2026-08-13T05:13:24Z</time>
					</trkpt>
					<trkpt lat="42.759350" lon="1.477210">
						<ele>762</ele>
						<time>2026-08-13T05:14:30Z</time>
					</trkpt>
					<trkpt lat="42.758930" lon="1.477480">
						<ele>766</ele>
						<time>2026-08-13T05:14:53Z</time>
					</trkpt>
					<trkpt lat="42.758820" lon="1.477450">
						<ele>768</ele>
						<time>2026-08-13T05:14:59Z</time>
					</trkpt>
					<trkpt lat="42.758800" lon="1.477640">
						<ele>770</ele>
						<time>2026-08-13T05:15:06Z</time>
					</trkpt>
					<trkpt lat="42.758820" lon="1.477810">
						<ele>771</ele>
						<time>2026-08-13T05:15:12Z</time>
					</trkpt>
					<trkpt lat="42.758700" lon="1.477790">
						<ele>773</ele>
						<time>2026-08-13T05:15:19Z</time>
					</trkpt>
					<trkpt lat="42.758540" lon="1.477580">
						<ele>774</ele>
						<time>2026-08-13T05:15:30Z</time>
					</trkpt>
					<trkpt lat="42.758450" lon="1.477510">
						<ele>774</ele>
						<time>2026-08-13T05:15:35Z</time>
					</trkpt>
					<trkpt lat="42.758730" lon="1.478320">
						<ele>778</ele>
						<time>2026-08-13T05:16:08Z</time>
					</trkpt>
					<trkpt lat="42.758770" lon="1.478560">
						<ele>780</ele>
						<time>2026-08-13T05:16:17Z</time>
					</trkpt>
					<trkpt lat="42.758810" lon="1.478970">
						<ele>782</ele>
						<time>2026-08-13T05:16:32Z</time>
					</trkpt>
					<trkpt lat="42.758660" lon="1.479640">
						<ele>794</ele>
						<time>2026-08-13T05:16:58Z</time>
					</trkpt>
					<trkpt lat="42.758650" lon="1.479870">
						<ele>797</ele>
						<time>2026-08-13T05:17:06Z</time>
					</trkpt>
					<trkpt lat="42.758800" lon="1.480340">
						<ele>798</ele>
						<time>2026-08-13T05:17:25Z</time>
					</trkpt>
					<trkpt lat="42.758820" lon="1.480770">
						<ele>805</ele>
						<time>2026-08-13T05:17:41Z</time>
					</trkpt>
					<trkpt lat="42.758930" lon="1.481000">
						<ele>805</ele>
						<time>2026-08-13T05:17:51Z</time>
					</trkpt>
					<trkpt lat="42.758990" lon="1.481810">
						<ele>819</ele>
						<time>2026-08-13T05:18:21Z</time>
					</trkpt>
					<trkpt lat="42.759290" lon="1.482570">
						<ele>826</ele>
						<time>2026-08-13T05:18:53Z</time>
					</trkpt>
					<trkpt lat="42.759860" lon="1.484400">
						<ele>870</ele>
						<time>2026-08-13T05:20:06Z</time>
					</trkpt>
					<trkpt lat="42.760100" lon="1.484670">
						<ele>872</ele>
						<time>2026-08-13T05:20:21Z</time>
					</trkpt>
					<trkpt lat="42.760840" lon="1.485610">
						<ele>882</ele>
						<time>2026-08-13T05:21:12Z</time>
					</trkpt>
					<trkpt lat="42.761270" lon="1.487280">
						<ele>898</ele>
						<time>2026-08-13T05:22:17Z</time>
					</trkpt>
					<trkpt lat="42.761720" lon="1.487820">
						<ele>896</ele>
						<time>2026-08-13T05:22:47Z</time>
					</trkpt>
					<trkpt lat="42.761800" lon="1.488600">
						<ele>902</ele>
						<time>2026-08-13T05:23:16Z</time>
					</trkpt>
					<trkpt lat="42.761770" lon="1.489100">
						<ele>903</ele>
						<time>2026-08-13T05:23:34Z</time>
					</trkpt>
					<trkpt lat="42.761590" lon="1.489190">
						<ele>904</ele>
						<time>2026-08-13T05:23:44Z</time>
					</trkpt>
					<trkpt lat="42.761570" lon="1.489360">
						<ele>904</ele>
						<time>2026-08-13T05:23:50Z</time>
					</trkpt>
					<trkpt lat="42.761160" lon="1.490020">
						<ele>907</ele>
						<time>2026-08-13T05:24:22Z</time>
					</trkpt>
					<trkpt lat="42.760440" lon="1.490730">
						<ele>926</ele>
						<time>2026-08-13T05:25:06Z</time>
					</trkpt>
					<trkpt lat="42.760300" lon="1.491260">
						<ele>932</ele>
						<time>2026-08-13T05:25:27Z</time>
					</trkpt>
					<trkpt lat="42.760140" lon="1.491460">
						<ele>939</ele>
						<time>2026-08-13T05:25:38Z</time>
					</trkpt>
					<trkpt lat="42.760020" lon="1.492320">
						<ele>951</ele>
						<time>2026-08-13T05:26:10Z</time>
					</trkpt>
					<trkpt lat="42.760090" lon="1.492790">
						<ele>952</ele>
						<time>2026-08-13T05:26:28Z</time>
					</trkpt>
					<trkpt lat="42.759600" lon="1.494830">
						<ele>982</ele>
						<time>2026-08-13T05:27:47Z</time>
					</trkpt>
					<trkpt lat="42.759130" lon="1.495620">
						<ele>996</ele>
						<time>2026-08-13T05:28:24Z</time>
					</trkpt>
					<trkpt lat="42.758940" lon="1.496350">
						<ele>998</ele>
						<time>2026-08-13T05:28:52Z</time>
					</trkpt>
					<trkpt lat="42.758570" lon="1.496850">
						<ele>1009</ele>
						<time>2026-08-13T05:29:18Z</time>
					</trkpt>
					<trkpt lat="42.758360" lon="1.497450">
						<ele>1015</ele>
						<time>2026-08-13T05:29:43Z</time>
					</trkpt>
					<trkpt lat="42.758240" lon="1.498120">
						<ele>1024</ele>
						<time>2026-08-13T05:30:08Z</time>
					</trkpt>
					<trkpt lat="42.758250" lon="1.498820">
						<ele>1026</ele>
						<time>2026-08-13T05:30:34Z</time>
					</trkpt>
					<trkpt lat="42.758350" lon="1.499220">
						<ele>1024</ele>
						<time>2026-08-13T05:30:49Z</time>
					</trkpt>
					<trkpt lat="42.757400" lon="1.500100">
						<ele>1050</ele>
						<time>2026-08-13T05:31:47Z</time>
					</trkpt>
					<trkpt lat="42.757260" lon="1.500340">
						<ele>1053</ele>
						<time>2026-08-13T05:31:58Z</time>
					</trkpt>
					<trkpt lat="42.756380" lon="1.500630">
						<ele>1071</ele>
						<time>2026-08-13T05:32:44Z</time>
					</trkpt>
					<trkpt lat="42.755950" lon="1.500450">
						<ele>1078</ele>
						<time>2026-08-13T05:33:06Z</time>
					</trkpt>
					<trkpt lat="42.754720" lon="1.501740">
						<ele>1086</ele>
						<time>2026-08-13T05:34:24Z</time>
					</trkpt>
					<trkpt lat="42.754640" lon="1.502300">
						<ele>1087</ele>
						<time>2026-08-13T05:34:45Z</time>
					</trkpt>
					<trkpt lat="42.755490" lon="1.502880">
						<ele>1086</ele>
						<time>2026-08-13T05:35:32Z</time>
					</trkpt>
					<trkpt lat="42.755470" lon="1.503420">
						<ele>1094</ele>
						<time>2026-08-13T05:35:52Z</time>
					</trkpt>
					<trkpt lat="42.754160" lon="1.503470">
						<ele>1100</ele>
						<time>2026-08-13T05:36:58Z</time>
					</trkpt>
					<trkpt lat="42.753450" lon="1.503330">
						<ele>1103</ele>
						<time>2026-08-13T05:37:34Z</time>
					</trkpt>
					<trkpt lat="42.752270" lon="1.503250">
						<ele>1114</ele>
						<time>2026-08-13T05:38:33Z</time>
					</trkpt>
					<trkpt lat="42.752300" lon="1.503350">
						<ele>1114</ele>
						<time>2026-08-13T05:38:37Z</time>
					</trkpt>
					<trkpt lat="42.751440" lon="1.503560">
						<ele>1125</ele>
						<time>2026-08-13T05:39:20Z</time>
					</trkpt>
					<trkpt lat="42.751050" lon="1.504110">
						<ele>1133</ele>
						<time>2026-08-13T05:39:49Z</time>
					</trkpt>
					<trkpt lat="42.750850" lon="1.504290">
						<ele>1136</ele>
						<time>2026-08-13T05:40:01Z</time>
					</trkpt>
					<trkpt lat="42.750430" lon="1.504330">
						<ele>1141</ele>
						<time>2026-08-13T05:40:22Z</time>
					</trkpt>
					<trkpt lat="42.750230" lon="1.504380">
						<ele>1143</ele>
						<time>2026-08-13T05:40:32Z</time>
					</trkpt>
					<trkpt lat="42.750080" lon="1.504530">
						<ele>1146</ele>
						<time>2026-08-13T05:40:41Z</time>
					</trkpt>
					<trkpt lat="42.750090" lon="1.504690">
						<ele>1147</ele>
						<time>2026-08-13T05:40:47Z</time>
					</trkpt>
					<trkpt lat="42.749870" lon="1.504900">
						<ele>1151</ele>
						<time>2026-08-13T05:41:00Z</time>
					</trkpt>
					<trkpt lat="42.749110" lon="1.505520">
						<ele>1165</ele>
						<time>2026-08-13T05:41:45Z</time>
					</trkpt>
					<trkpt lat="42.748100" lon="1.506630">
						<ele>1187</ele>
						<time>2026-08-13T05:42:50Z</time>
					</trkpt>
					<trkpt lat="42.746610" lon="1.507670">
						<ele>1213</ele>
						<time>2026-08-13T05:44:14Z</time>
					</trkpt>
					<trkpt lat="42.746220" lon="1.507580">
						<ele>1222</ele>
						<time>2026-08-13T05:44:33Z</time>
					</trkpt>
					<trkpt lat="42.744940" lon="1.507430">
						<ele>1265</ele>
						<time>2026-08-13T05:45:38Z</time>
					</trkpt>
					<trkpt lat="42.744530" lon="1.507950">
						<ele>1283</ele>
						<time>2026-08-13T05:46:06Z</time>
					</trkpt>
					<trkpt lat="42.743670" lon="1.507620">
						<ele>1315</ele>
						<time>2026-08-13T05:46:50Z</time>
					</trkpt>
					<trkpt lat="42.743080" lon="1.507920">
						<ele>1335</ele>
						<time>2026-08-13T05:47:22Z</time>
					</trkpt>
					<trkpt lat="42.742070" lon="1.508230">
						<ele>1371</ele>
						<time>2026-08-13T05:48:14Z</time>
					</trkpt>
					<trkpt lat="42.741810" lon="1.508510">
						<ele>1384</ele>
						<time>2026-08-13T05:48:30Z</time>
					</trkpt>
					<trkpt lat="42.741550" lon="1.508550">
						<ele>1392</ele>
						<time>2026-08-13T05:48:43Z</time>
					</trkpt>
					<trkpt lat="42.741380" lon="1.508840">
						<ele>1402</ele>
						<time>2026-08-13T05:48:57Z</time>
					</trkpt>
					<trkpt lat="42.740960" lon="1.508890">
						<ele>1417</ele>
						<time>2026-08-13T05:49:18Z</time>
					</trkpt>
					<trkpt lat="42.740820" lon="1.509160">
						<ele>1431</ele>
						<time>2026-08-13T05:49:30Z</time>
					</trkpt>
					<trkpt lat="42.740220" lon="1.509330">
						<ele>1450</ele>
						<time>2026-08-13T05:50:01Z</time>
					</trkpt>
					<trkpt lat="42.739470" lon="1.510250">
						<ele>1493</ele>
						<time>2026-08-13T05:50:51Z</time>
					</trkpt>
					<trkpt lat="42.739220" lon="1.510170">
						<ele>1502</ele>
						<time>2026-08-13T05:51:04Z</time>
					</trkpt>
					<trkpt lat="42.738410" lon="1.511230">
						<ele>1549</ele>
						<time>2026-08-13T05:52:00Z</time>
					</trkpt>
					<trkpt lat="42.738210" lon="1.511330">
						<ele>1556</ele>
						<time>2026-08-13T05:52:11Z</time>
					</trkpt>
					<trkpt lat="42.738130" lon="1.511760">
						<ele>1567</ele>
						<time>2026-08-13T05:52:27Z</time>
					</trkpt>
					<trkpt lat="42.737130" lon="1.512600">
						<ele>1603</ele>
						<time>2026-08-13T05:53:26Z</time>
					</trkpt>
					<trkpt lat="42.735420" lon="1.514190">
						<ele>1686</ele>
						<time>2026-08-13T05:55:10Z</time>
					</trkpt>
					<trkpt lat="42.733980" lon="1.515920">
						<ele>1764</ele>
						<time>2026-08-13T05:56:46Z</time>
					</trkpt>
					<trkpt lat="42.732690" lon="1.516690">
						<ele>1810</ele>
						<time>2026-08-13T05:57:56Z</time>
					</trkpt>
					<trkpt lat="42.731660" lon="1.518000">
						<ele>1858</ele>
						<time>2026-08-13T05:59:07Z</time>
					</trkpt>
					<trkpt lat="42.731110" lon="1.519200">
						<ele>1886</ele>
						<time>2026-08-13T05:59:59Z</time>
					</trkpt>
					<trkpt lat="42.730920" lon="1.519450">
						<ele>1900</ele>
						<time>2026-08-13T06:00:12Z</time>
					</trkpt>
					<trkpt lat="42.730720" lon="1.520060">
						<ele>1922</ele>
						<time>2026-08-13T06:00:37Z</time>
					</trkpt>
					<trkpt lat="42.730750" lon="1.520310">
						<ele>1926</ele>
						<time>2026-08-13T06:00:46Z</time>
					</trkpt>
					<trkpt lat="42.730510" lon="1.520800">
						<ele>1946</ele>
						<time>2026-08-13T06:01:08Z</time>
					</trkpt>
					<trkpt lat="42.730320" lon="1.521050">
						<ele>1959</ele>
						<time>2026-08-13T06:01:21Z</time>
					</trkpt>
					<trkpt lat="42.730170" lon="1.521190">
						<ele>1970</ele>
						<time>2026-08-13T06:01:30Z</time>
					</trkpt>
					<trkpt lat="42.730090" lon="1.521230">
						<ele>1975</ele>
						<time>2026-08-13T06:01:34Z</time>
					</trkpt>
					<trkpt lat="42.729900" lon="1.521490">
						<ele>1989</ele>
						<time>2026-08-13T06:01:48Z</time>
					</trkpt>
					<trkpt lat="42.729910" lon="1.521580">
						<ele>1992</ele>
						<time>2026-08-13T06:01:51Z</time>
					</trkpt>
					<trkpt lat="42.729840" lon="1.521680">
						<ele>1997</ele>
						<time>2026-08-13T06:01:56Z</time>
					</trkpt>
					<trkpt lat="42.729870" lon="1.521830">
						<ele>1999</ele>
						<time>2026-08-13T06:02:02Z</time>
					</trkpt>
					<trkpt lat="42.729790" lon="1.521890">
						<ele>2003</ele>
						<time>2026-08-13T06:02:07Z</time>
					</trkpt>
					<trkpt lat="42.729830" lon="1.522090">
						<ele>2005</ele>
						<time>2026-08-13T06:02:14Z</time>
					</trkpt>
					<trkpt lat="42.729710" lon="1.522380">
						<ele>2018</ele>
						<time>2026-08-13T06:02:26Z</time>
					</trkpt>
					<trkpt lat="42.729570" lon="1.522510">
						<ele>2030</ele>
						<time>2026-08-13T06:02:35Z</time>
					</trkpt>
					<trkpt lat="42.729550" lon="1.522580">
						<ele>2032</ele>
						<time>2026-08-13T06:02:38Z</time>
					</trkpt>
					<trkpt lat="42.729470" lon="1.522640">
						<ele>2037</ele>
						<time>2026-08-13T06:02:42Z</time>
					</trkpt>
					<trkpt lat="42.729380" lon="1.522690">
						<ele>2043</ele>
						<time>2026-08-13T06:02:47Z</time>
					</trkpt>
					<trkpt lat="42.729280" lon="1.522700">
						<ele>2050</ele>
						<time>2026-08-13T06:02:52Z</time>
					</trkpt>
					<trkpt lat="42.729230" lon="1.522770">
						<ele>2054</ele>
						<time>2026-08-13T06:02:56Z</time>
					</trkpt>
					<trkpt lat="42.729180" lon="1.522750">
						<ele>2057</ele>
						<time>2026-08-13T06:02:58Z</time>
					</trkpt>
					<trkpt lat="42.729020" lon="1.522830">
						<ele>2062</ele>
						<time>2026-08-13T06:03:07Z</time>
					</trkpt>
					<trkpt lat="42.728920" lon="1.522940">
						<ele>2067</ele>
						<time>2026-08-13T06:03:13Z</time>
					</trkpt>
					<trkpt lat="42.728750" lon="1.523030">
						<ele>2075</ele>
						<time>2026-08-13T06:03:22Z</time>
					</trkpt>
					<trkpt lat="42.728610" lon="1.523320">
						<ele>2088</ele>
						<time>2026-08-13T06:03:35Z</time>
					</trkpt>
					<trkpt lat="42.728610" lon="1.523420">
						<ele>2090</ele>
						<time>2026-08-13T06:03:39Z</time>
					</trkpt>
					<trkpt lat="42.728560" lon="1.523540">
						<ele>2095</ele>
						<time>2026-08-13T06:03:44Z</time>
					</trkpt>
					<trkpt lat="42.728470" lon="1.523590">
						<ele>2101</ele>
						<time>2026-08-13T06:03:49Z</time>
					</trkpt>
					<trkpt lat="42.728430" lon="1.523660">
						<ele>2105</ele>
						<time>2026-08-13T06:03:52Z</time>
					</trkpt>
					<trkpt lat="42.728370" lon="1.523680">
						<ele>2109</ele>
						<time>2026-08-13T06:03:55Z</time>
					</trkpt>
					<trkpt lat="42.728330" lon="1.523640">
						<ele>2110</ele>
						<time>2026-08-13T06:03:58Z</time>
					</trkpt>
					<trkpt lat="42.728260" lon="1.523660">
						<ele>2114</ele>
						<time>2026-08-13T06:04:01Z</time>
					</trkpt>
					<trkpt lat="42.728210" lon="1.523630">
						<ele>2115</ele>
						<time>2026-08-13T06:04:04Z</time>
					</trkpt>
					<trkpt lat="42.728160" lon="1.523690">
						<ele>2119</ele>
						<time>2026-08-13T06:04:07Z</time>
					</trkpt>
					<trkpt lat="42.728000" lon="1.523780">
						<ele>2129</ele>
						<time>2026-08-13T06:04:16Z</time>
					</trkpt>
					<trkpt lat="42.727960" lon="1.524050">
						<ele>2141</ele>
						<time>2026-08-13T06:04:26Z</time>
					</trkpt>
					<trkpt lat="42.727780" lon="1.524150">
						<ele>2154</ele>
						<time>2026-08-13T06:04:36Z</time>
					</trkpt>
					<trkpt lat="42.727660" lon="1.524380">
						<ele>2167</ele>
						<time>2026-08-13T06:04:46Z</time>
					</trkpt>
					<trkpt lat="42.727170" lon="1.524950">
						<ele>2195</ele>
						<time>2026-08-13T06:05:18Z</time>
					</trkpt>
					<trkpt lat="42.726620" lon="1.524620">
						<ele>2197</ele>
						<time>2026-08-13T06:05:48Z</time>
					</trkpt>
					<trkpt lat="42.726330" lon="1.524480">
						<ele>2190</ele>
						<time>2026-08-13T06:06:04Z</time>
					</trkpt>
					<trkpt lat="42.725860" lon="1.524160">
						<ele>2193</ele>
						<time>2026-08-13T06:06:30Z</time>
					</trkpt>
					<trkpt lat="42.725610" lon="1.524050">
						<ele>2188</ele>
						<time>2026-08-13T06:06:43Z</time>
					</trkpt>
					<trkpt lat="42.725140" lon="1.523970">
						<ele>2186</ele>
						<time>2026-08-13T06:07:07Z</time>
					</trkpt>
					<trkpt lat="42.724770" lon="1.523780">
						<ele>2185</ele>
						<time>2026-08-13T06:07:27Z</time>
					</trkpt>
					<trkpt lat="42.722800" lon="1.521590">
						<ele>2252</ele>
						<time>2026-08-13T06:09:34Z</time>
					</trkpt>
					<trkpt lat="42.722840" lon="1.521400">
						<ele>2251</ele>
						<time>2026-08-13T06:09:41Z</time>
					</trkpt>
					<trkpt lat="42.722560" lon="1.521330">
						<ele>2267</ele>
						<time>2026-08-13T06:09:56Z</time>
					</trkpt>
					<trkpt lat="42.722220" lon="1.520770">
						<ele>2286</ele>
						<time>2026-08-13T06:10:22Z</time>
					</trkpt>
					<trkpt lat="42.721890" lon="1.520460">
						<ele>2301</ele>
						<time>2026-08-13T06:10:42Z</time>
					</trkpt>
					<trkpt lat="42.721860" lon="1.520290">
						<ele>2306</ele>
						<time>2026-08-13T06:10:49Z</time>
					</trkpt>
					<trkpt lat="42.721500" lon="1.519990">
						<ele>2336</ele>
						<time>2026-08-13T06:11:10Z</time>
					</trkpt>
					<trkpt lat="42.721300" lon="1.519960">
						<ele>2345</ele>
						<time>2026-08-13T06:11:20Z</time>
					</trkpt>
					<trkpt lat="42.721150" lon="1.519840">
						<ele>2356</ele>
						<time>2026-08-13T06:11:29Z</time>
					</trkpt>
					<trkpt lat="42.721020" lon="1.519590">
						<ele>2370</ele>
						<time>2026-08-13T06:11:40Z</time>
					</trkpt>
					<trkpt lat="42.720910" lon="1.519540">
						<ele>2378</ele>
						<time>2026-08-13T06:11:46Z</time>
					</trkpt>
					<trkpt lat="42.720800" lon="1.519590">
						<ele>2381</ele>
						<time>2026-08-13T06:11:52Z</time>
					</trkpt>
					<trkpt lat="42.720740" lon="1.519470">
						<ele>2384</ele>
						<time>2026-08-13T06:11:57Z</time>
					</trkpt>
					<trkpt lat="42.720770" lon="1.519410">
						<ele>2387</ele>
						<time>2026-08-13T06:12:00Z</time>
					</trkpt>
					<trkpt lat="42.720620" lon="1.519340">
						<ele>2388</ele>
						<time>2026-08-13T06:12:07Z</time>
					</trkpt>
					<trkpt lat="42.720730" lon="1.519230">
						<ele>2394</ele>
						<time>2026-08-13T06:12:14Z</time>
					</trkpt>
					<trkpt lat="42.720590" lon="1.519070">
						<ele>2396</ele>
						<time>2026-08-13T06:12:23Z</time>
					</trkpt>
					<trkpt lat="42.720620" lon="1.518950">
						<ele>2398</ele>
						<time>2026-08-13T06:12:28Z</time>
					</trkpt>
					<trkpt lat="42.720580" lon="1.518900">
						<ele>2399</ele>
						<time>2026-08-13T06:12:31Z</time>
					</trkpt>
					<trkpt lat="42.720570" lon="1.518820">
						<ele>2400</ele>
						<time>2026-08-13T06:12:34Z</time>
					</trkpt>
					<trkpt lat="42.720460" lon="1.518770">
						<ele>2402</ele>
						<time>2026-08-13T06:12:40Z</time>
					</trkpt>
					<trkpt lat="42.720420" lon="1.518580">
						<ele>2407</ele>
						<time>2026-08-13T06:12:47Z</time>
					</trkpt>
					<trkpt lat="42.720250" lon="1.518330">
						<ele>2418</ele>
						<time>2026-08-13T06:12:59Z</time>
					</trkpt>
					<trkpt lat="42.720020" lon="1.518060">
						<ele>2431</ele>
						<time>2026-08-13T06:13:15Z</time>
					</trkpt>
					<trkpt lat="42.719870" lon="1.517820">
						<ele>2434</ele>
						<time>2026-08-13T06:13:26Z</time>
					</trkpt>
					<trkpt lat="42.719670" lon="1.517690">
						<ele>2434</ele>
						<time>2026-08-13T06:13:37Z</time>
					</trkpt>
					<trkpt lat="42.719580" lon="1.517420">
						<ele>2440</ele>
						<time>2026-08-13T06:13:48Z</time>
					</trkpt>
					<trkpt lat="42.719620" lon="1.517120">
						<ele>2443</ele>
						<time>2026-08-13T06:13:59Z</time>
					</trkpt>
					<trkpt lat="42.719560" lon="1.516790">
						<ele>2446</ele>
						<time>2026-08-13T06:14:12Z</time>
					</trkpt>
					<trkpt lat="42.718710" lon="1.516880">
						<ele>2429</ele>
						<time>2026-08-13T06:14:55Z</time>
					</trkpt>
					<trkpt lat="42.717810" lon="1.516530">
						<ele>2410</ele>
						<time>2026-08-13T06:15:41Z</time>
					</trkpt>
					<trkpt lat="42.716950" lon="1.516480">
						<ele>2392</ele>
						<time>2026-08-13T06:16:24Z</time>
					</trkpt>
					<trkpt lat="42.716740" lon="1.516340">
						<ele>2385</ele>
						<time>2026-08-13T06:16:36Z</time>
					</trkpt>
					<trkpt lat="42.714890" lon="1.516500">
						<ele>2342</ele>
						<time>2026-08-13T06:18:09Z</time>
					</trkpt>
					<trkpt lat="42.714470" lon="1.516350">
						<ele>2331</ele>
						<time>2026-08-13T06:18:31Z</time>
					</trkpt>
					<trkpt lat="42.713720" lon="1.516550">
						<ele>2326</ele>
						<time>2026-08-13T06:19:09Z</time>
					</trkpt>
					<trkpt lat="42.713270" lon="1.516870">
						<ele>2320</ele>
						<time>2026-08-13T06:19:34Z</time>
					</trkpt>
					<trkpt lat="42.712450" lon="1.516880">
						<ele>2315</ele>
						<time>2026-08-13T06:20:15Z</time>
					</trkpt>
					<trkpt lat="42.711620" lon="1.517180">
						<ele>2318</ele>
						<time>2026-08-13T06:20:58Z</time>
					</trkpt>
					<trkpt lat="42.710940" lon="1.517280">
						<ele>2321</ele>
						<time>2026-08-13T06:21:33Z</time>
					</trkpt>
					<trkpt lat="42.709670" lon="1.517350">
						<ele>2331</ele>
						<time>2026-08-13T06:22:36Z</time>
					</trkpt>
					<trkpt lat="42.708510" lon="1.517090">
						<ele>2335</ele>
						<time>2026-08-13T06:23:35Z</time>
					</trkpt>
					<trkpt lat="42.707770" lon="1.516810">
						<ele>2338</ele>
						<time>2026-08-13T06:24:13Z</time>
					</trkpt>
					<trkpt lat="42.706620" lon="1.516200">
						<ele>2335</ele>
						<time>2026-08-13T06:25:15Z</time>
					</trkpt>
					<trkpt lat="42.706150" lon="1.515760">
						<ele>2333</ele>
						<time>2026-08-13T06:25:44Z</time>
					</trkpt>
					<trkpt lat="42.705620" lon="1.515540">
						<ele>2328</ele>
						<time>2026-08-13T06:26:11Z</time>
					</trkpt>
					<trkpt lat="42.706040" lon="1.515300">
						<ele>2317</ele>
						<time>2026-08-13T06:26:34Z</time>
					</trkpt>
					<trkpt lat="42.705680" lon="1.515140">
						<ele>2313</ele>
						<time>2026-08-13T06:26:53Z</time>
					</trkpt>
					<trkpt lat="42.706310" lon="1.514800">
						<ele>2289</ele>
						<time>2026-08-13T06:27:27Z</time>
					</trkpt>
					<trkpt lat="42.706140" lon="1.514660">
						<ele>2282</ele>
						<time>2026-08-13T06:27:37Z</time>
					</trkpt>
					<trkpt lat="42.706510" lon="1.514550">
						<ele>2271</ele>
						<time>2026-08-13T06:27:56Z</time>
					</trkpt>
					<trkpt lat="42.705920" lon="1.514100">
						<ele>2249</ele>
						<time>2026-08-13T06:28:30Z</time>
					</trkpt>
					<trkpt lat="42.706580" lon="1.513910">
						<ele>2232</ele>
						<time>2026-08-13T06:29:04Z</time>
					</trkpt>
					<trkpt lat="42.705920" lon="1.513510">
						<ele>2214</ele>
						<time>2026-08-13T06:29:40Z</time>
					</trkpt>
					<trkpt lat="42.706450" lon="1.513230">
						<ele>2194</ele>
						<time>2026-08-13T06:30:08Z</time>
					</trkpt>
					<trkpt lat="42.706010" lon="1.512950">
						<ele>2182</ele>
						<time>2026-08-13T06:30:33Z</time>
					</trkpt>
					<trkpt lat="42.706610" lon="1.512730">
						<ele>2164</ele>
						<time>2026-08-13T06:31:04Z</time>
					</trkpt>
					<trkpt lat="42.706320" lon="1.512510">
						<ele>2155</ele>
						<time>2026-08-13T06:31:20Z</time>
					</trkpt>
					<trkpt lat="42.706990" lon="1.512220">
						<ele>2131</ele>
						<time>2026-08-13T06:31:55Z</time>
					</trkpt>
					<trkpt lat="42.706730" lon="1.512080">
						<ele>2130</ele>
						<time>2026-08-13T06:32:09Z</time>
					</trkpt>
					<trkpt lat="42.706920" lon="1.511940">
						<ele>2119</ele>
						<time>2026-08-13T06:32:20Z</time>
					</trkpt>
					<trkpt lat="42.706380" lon="1.511640">
						<ele>2112</ele>
						<time>2026-08-13T06:32:49Z</time>
					</trkpt>
					<trkpt lat="42.706670" lon="1.511510">
						<ele>2103</ele>
						<time>2026-08-13T06:33:05Z</time>
					</trkpt>
					<trkpt lat="42.706420" lon="1.511240">
						<ele>2091</ele>
						<time>2026-08-13T06:33:21Z</time>
					</trkpt>
					<trkpt lat="42.706690" lon="1.511280">
						<ele>2091</ele>
						<time>2026-08-13T06:33:34Z</time>
					</trkpt>
					<trkpt lat="42.706460" lon="1.511060">
						<ele>2081</ele>
						<time>2026-08-13T06:33:48Z</time>
					</trkpt>
					<trkpt lat="42.706710" lon="1.510980">
						<ele>2074</ele>
						<time>2026-08-13T06:34:01Z</time>
					</trkpt>
					<trkpt lat="42.706580" lon="1.510830">
						<ele>2068</ele>
						<time>2026-08-13T06:34:10Z</time>
					</trkpt>
					<trkpt lat="42.706990" lon="1.510720">
						<ele>2055</ele>
						<time>2026-08-13T06:34:31Z</time>
					</trkpt>
					<trkpt lat="42.706750" lon="1.510530">
						<ele>2048</ele>
						<time>2026-08-13T06:34:45Z</time>
					</trkpt>
					<trkpt lat="42.707210" lon="1.510450">
						<ele>2037</ele>
						<time>2026-08-13T06:35:08Z</time>
					</trkpt>
					<trkpt lat="42.707270" lon="1.510390">
						<ele>2033</ele>
						<time>2026-08-13T06:35:11Z</time>
					</trkpt>
					<trkpt lat="42.706970" lon="1.510080">
						<ele>2020</ele>
						<time>2026-08-13T06:35:30Z</time>
					</trkpt>
					<trkpt lat="42.707130" lon="1.509920">
						<ele>2010</ele>
						<time>2026-08-13T06:35:40Z</time>
					</trkpt>
					<trkpt lat="42.706920" lon="1.509690">
						<ele>2001</ele>
						<time>2026-08-13T06:35:54Z</time>
					</trkpt>
					<trkpt lat="42.707160" lon="1.509610">
						<ele>1994</ele>
						<time>2026-08-13T06:36:06Z</time>
					</trkpt>
					<trkpt lat="42.706950" lon="1.509410">
						<ele>1986</ele>
						<time>2026-08-13T06:36:19Z</time>
					</trkpt>
					<trkpt lat="42.706660" lon="1.509210">
						<ele>1981</ele>
						<time>2026-08-13T06:36:35Z</time>
					</trkpt>
					<trkpt lat="42.707840" lon="1.509140">
						<ele>1957</ele>
						<time>2026-08-13T06:37:34Z</time>
					</trkpt>
					<trkpt lat="42.707460" lon="1.508820">
						<ele>1948</ele>
						<time>2026-08-13T06:37:57Z</time>
					</trkpt>
					<trkpt lat="42.707740" lon="1.508630">
						<ele>1936</ele>
						<time>2026-08-13T06:38:12Z</time>
					</trkpt>
					<trkpt lat="42.707580" lon="1.508480">
						<ele>1930</ele>
						<time>2026-08-13T06:38:22Z</time>
					</trkpt>
					<trkpt lat="42.707680" lon="1.508340">
						<ele>1923</ele>
						<time>2026-08-13T06:38:29Z</time>
					</trkpt>
					<trkpt lat="42.707520" lon="1.508290">
						<ele>1922</ele>
						<time>2026-08-13T06:38:37Z</time>
					</trkpt>
					<trkpt lat="42.706980" lon="1.508000">
						<ele>1913</ele>
						<time>2026-08-13T06:39:07Z</time>
					</trkpt>
					<trkpt lat="42.707410" lon="1.507530">
						<ele>1888</ele>
						<time>2026-08-13T06:39:34Z</time>
					</trkpt>
					<trkpt lat="42.707100" lon="1.507240">
						<ele>1877</ele>
						<time>2026-08-13T06:39:53Z</time>
					</trkpt>
					<trkpt lat="42.707530" lon="1.507240">
						<ele>1875</ele>
						<time>2026-08-13T06:40:14Z</time>
					</trkpt>
					<trkpt lat="42.706950" lon="1.506730">
						<ele>1858</ele>
						<time>2026-08-13T06:40:49Z</time>
					</trkpt>
					<trkpt lat="42.706610" lon="1.506370">
						<ele>1846</ele>
						<time>2026-08-13T06:41:11Z</time>
					</trkpt>
					<trkpt lat="42.706580" lon="1.506130">
						<ele>1837</ele>
						<time>2026-08-13T06:41:20Z</time>
					</trkpt>
					<trkpt lat="42.707170" lon="1.506000">
						<ele>1827</ele>
						<time>2026-08-13T06:41:49Z</time>
					</trkpt>
					<trkpt lat="42.707180" lon="1.505920">
						<ele>1824</ele>
						<time>2026-08-13T06:41:52Z</time>
					</trkpt>
					<trkpt lat="42.707440" lon="1.505990">
						<ele>1825</ele>
						<time>2026-08-13T06:42:06Z</time>
					</trkpt>
					<trkpt lat="42.707580" lon="1.505080">
						<ele>1793</ele>
						<time>2026-08-13T06:42:40Z</time>
					</trkpt>
					<trkpt lat="42.707300" lon="1.504640">
						<ele>1780</ele>
						<time>2026-08-13T06:43:01Z</time>
					</trkpt>
					<trkpt lat="42.706750" lon="1.504550">
						<ele>1775</ele>
						<time>2026-08-13T06:43:29Z</time>
					</trkpt>
					<trkpt lat="42.706130" lon="1.504580">
						<ele>1775</ele>
						<time>2026-08-13T06:44:00Z</time>
					</trkpt>
					<trkpt lat="42.704480" lon="1.503570">
						<ele>1747</ele>
						<time>2026-08-13T06:45:31Z</time>
					</trkpt>
					<trkpt lat="42.704440" lon="1.503320">
						<ele>1737</ele>
						<time>2026-08-13T06:45:40Z</time>
					</trkpt>
					<trkpt lat="42.703340" lon="1.502770">
						<ele>1735</ele>
						<time>2026-08-13T06:46:39Z</time>
					</trkpt>
					<trkpt lat="42.702530" lon="1.502620">
						<ele>1751</ele>
						<time>2026-08-13T06:47:20Z</time>
					</trkpt>
					<trkpt lat="42.702110" lon="1.502420">
						<ele>1757</ele>
						<time>2026-08-13T06:47:42Z</time>
					</trkpt>
					<trkpt lat="42.701920" lon="1.502170">
						<ele>1753</ele>
						<time>2026-08-13T06:47:55Z</time>
					</trkpt>
					<trkpt lat="42.701380" lon="1.501680">
						<ele>1750</ele>
						<time>2026-08-13T06:48:28Z</time>
					</trkpt>
					<trkpt lat="42.700390" lon="1.500960">
						<ele>1744</ele>
						<time>2026-08-13T06:49:24Z</time>
					</trkpt>
					<trkpt lat="42.700280" lon="1.500960">
						<ele>1747</ele>
						<time>2026-08-13T06:49:29Z</time>
					</trkpt>
					<trkpt lat="42.700150" lon="1.500800">
						<ele>1742</ele>
						<time>2026-08-13T06:49:38Z</time>
					</trkpt>
					<trkpt lat="42.698670" lon="1.500280">
						<ele>1739</ele>
						<time>2026-08-13T06:50:54Z</time>
					</trkpt>
					<trkpt lat="42.698490" lon="1.500140">
						<ele>1737</ele>
						<time>2026-08-13T06:51:05Z</time>
					</trkpt>
					<trkpt lat="42.697870" lon="1.499980">
						<ele>1733</ele>
						<time>2026-08-13T06:51:36Z</time>
					</trkpt>
					<trkpt lat="42.697640" lon="1.499870">
						<ele>1730</ele>
						<time>2026-08-13T06:51:49Z</time>
					</trkpt>
					<trkpt lat="42.696550" lon="1.499630">
						<ele>1717</ele>
						<time>2026-08-13T06:52:44Z</time>
					</trkpt>
					<trkpt lat="42.696490" lon="1.499800">
						<ele>1723</ele>
						<time>2026-08-13T06:52:51Z</time>
					</trkpt>
					<trkpt lat="42.696390" lon="1.499770">
						<ele>1721</ele>
						<time>2026-08-13T06:52:56Z</time>
					</trkpt>
					<trkpt lat="42.695730" lon="1.499350">
						<ele>1702</ele>
						<time>2026-08-13T06:53:32Z</time>
					</trkpt>
					<trkpt lat="42.694920" lon="1.499230">
						<ele>1692</ele>
						<time>2026-08-13T06:54:13Z</time>
					</trkpt>
					<trkpt lat="42.694640" lon="1.498990">
						<ele>1681</ele>
						<time>2026-08-13T06:54:30Z</time>
					</trkpt>
					<trkpt lat="42.694590" lon="1.498560">
						<ele>1668</ele>
						<time>2026-08-13T06:54:46Z</time>
					</trkpt>
					<trkpt lat="42.694340" lon="1.498260">
						<ele>1661</ele>
						<time>2026-08-13T06:55:02Z</time>
					</trkpt>
					<trkpt lat="42.694110" lon="1.498370">
						<ele>1663</ele>
						<time>2026-08-13T06:55:15Z</time>
					</trkpt>
					<trkpt lat="42.693850" lon="1.498330">
						<ele>1661</ele>
						<time>2026-08-13T06:55:28Z</time>
					</trkpt>
					<trkpt lat="42.693772" lon="1.498369">
						<ele>1661</ele>
						<time>2026-08-13T06:55:32Z</time>
					</trkpt>
					<trkpt lat="42.693330" lon="1.498590">
						<ele>1664</ele>
						<time>2026-08-13T06:55:55Z</time>
					</trkpt>
					<trkpt lat="42.693190" lon="1.498820">
						<ele>1668</ele>
						<time>2026-08-13T06:56:06Z</time>
					</trkpt>
					<trkpt lat="42.693000" lon="1.498900">
						<ele>1669</ele>
						<time>2026-08-13T06:56:16Z</time>
					</trkpt>
					<trkpt lat="42.692810" lon="1.498800">
						<ele>1665</ele>
						<time>2026-08-13T06:56:27Z</time>
					</trkpt>
					<trkpt lat="42.692660" lon="1.498910">
						<ele>1666</ele>
						<time>2026-08-13T06:56:35Z</time>
					</trkpt>
					<trkpt lat="42.692610" lon="1.499030">
						<ele>1669</ele>
						<time>2026-08-13T06:56:40Z</time>
					</trkpt>
					<trkpt lat="42.692590" lon="1.499440">
						<ele>1678</ele>
						<time>2026-08-13T06:56:55Z</time>
					</trkpt>
					<trkpt lat="42.692310" lon="1.500010">
						<ele>1688</ele>
						<time>2026-08-13T06:57:20Z</time>
					</trkpt>
					<trkpt lat="42.691390" lon="1.500450">
						<ele>1700</ele>
						<time>2026-08-13T06:58:09Z</time>
					</trkpt>
					<trkpt lat="42.690360" lon="1.501030">
						<ele>1715</ele>
						<time>2026-08-13T06:59:05Z</time>
					</trkpt>
					<trkpt lat="42.689800" lon="1.501530">
						<ele>1722</ele>
						<time>2026-08-13T06:59:39Z</time>
					</trkpt>
					<trkpt lat="42.689780" lon="1.501710">
						<ele>1731</ele>
						<time>2026-08-13T06:59:45Z</time>
					</trkpt>
					<trkpt lat="42.689430" lon="1.502010">
						<ele>1740</ele>
						<time>2026-08-13T07:00:06Z</time>
					</trkpt>
					<trkpt lat="42.689220" lon="1.502140">
						<ele>1744</ele>
						<time>2026-08-13T07:00:18Z</time>
					</trkpt>
					<trkpt lat="42.689070" lon="1.502190">
						<ele>1743</ele>
						<time>2026-08-13T07:00:25Z</time>
					</trkpt>
					<trkpt lat="42.689080" lon="1.502300">
						<ele>1751</ele>
						<time>2026-08-13T07:00:29Z</time>
					</trkpt>
					<trkpt lat="42.688940" lon="1.502380">
						<ele>1751</ele>
						<time>2026-08-13T07:00:37Z</time>
					</trkpt>
					<trkpt lat="42.688790" lon="1.502510">
						<ele>1754</ele>
						<time>2026-08-13T07:00:46Z</time>
					</trkpt>
					<trkpt lat="42.688700" lon="1.502690">
						<ele>1761</ele>
						<time>2026-08-13T07:00:54Z</time>
					</trkpt>
					<trkpt lat="42.688550" lon="1.502760">
						<ele>1760</ele>
						<time>2026-08-13T07:01:02Z</time>
					</trkpt>
					<trkpt lat="42.688170" lon="1.503060">
						<ele>1766</ele>
						<time>2026-08-13T07:01:24Z</time>
					</trkpt>
					<trkpt lat="42.688060" lon="1.503190">
						<ele>1771</ele>
						<time>2026-08-13T07:01:31Z</time>
					</trkpt>
					<trkpt lat="42.688040" lon="1.503100">
						<ele>1765</ele>
						<time>2026-08-13T07:01:35Z</time>
					</trkpt>
					<trkpt lat="42.687950" lon="1.503100">
						<ele>1764</ele>
						<time>2026-08-13T07:01:39Z</time>
					</trkpt>
					<trkpt lat="42.687550" lon="1.503270">
						<ele>1765</ele>
						<time>2026-08-13T07:02:00Z</time>
					</trkpt>
					<trkpt lat="42.687330" lon="1.503420">
						<ele>1770</ele>
						<time>2026-08-13T07:02:12Z</time>
					</trkpt>
					<trkpt lat="42.686540" lon="1.503830">
						<ele>1782</ele>
						<time>2026-08-13T07:02:55Z</time>
					</trkpt>
					<trkpt lat="42.685380" lon="1.504690">
						<ele>1804</ele>
						<time>2026-08-13T07:04:01Z</time>
					</trkpt>
					<trkpt lat="42.685160" lon="1.504690">
						<ele>1805</ele>
						<time>2026-08-13T07:04:12Z</time>
					</trkpt>
					<trkpt lat="42.684930" lon="1.504820">
						<ele>1812</ele>
						<time>2026-08-13T07:04:24Z</time>
					</trkpt>
					<trkpt lat="42.684720" lon="1.504880">
						<ele>1817</ele>
						<time>2026-08-13T07:04:35Z</time>
					</trkpt>
					<trkpt lat="42.684660" lon="1.504920">
						<ele>1819</ele>
						<time>2026-08-13T07:04:38Z</time>
					</trkpt>
					<trkpt lat="42.684570" lon="1.504920">
						<ele>1820</ele>
						<time>2026-08-13T07:04:43Z</time>
					</trkpt>
					<trkpt lat="42.684480" lon="1.505050">
						<ele>1827</ele>
						<time>2026-08-13T07:04:49Z</time>
					</trkpt>
					<trkpt lat="42.684250" lon="1.505040">
						<ele>1828</ele>
						<time>2026-08-13T07:05:01Z</time>
					</trkpt>
					<trkpt lat="42.684030" lon="1.505100">
						<ele>1834</ele>
						<time>2026-08-13T07:05:12Z</time>
					</trkpt>
					<trkpt lat="42.683900" lon="1.505250">
						<ele>1844</ele>
						<time>2026-08-13T07:05:21Z</time>
					</trkpt>
					<trkpt lat="42.683510" lon="1.505300">
						<ele>1852</ele>
						<time>2026-08-13T07:05:40Z</time>
					</trkpt>
					<trkpt lat="42.683290" lon="1.505210">
						<ele>1853</ele>
						<time>2026-08-13T07:05:52Z</time>
					</trkpt>
					<trkpt lat="42.683230" lon="1.505300">
						<ele>1860</ele>
						<time>2026-08-13T07:05:56Z</time>
					</trkpt>
					<trkpt lat="42.683120" lon="1.505360">
						<ele>1869</ele>
						<time>2026-08-13T07:06:02Z</time>
					</trkpt>
					<trkpt lat="42.683100" lon="1.505680">
						<ele>1881</ele>
						<time>2026-08-13T07:06:14Z</time>
					</trkpt>
					<trkpt lat="42.683280" lon="1.505810">
						<ele>1876</ele>
						<time>2026-08-13T07:06:24Z</time>
					</trkpt>
					<trkpt lat="42.683320" lon="1.506000">
						<ele>1884</ele>
						<time>2026-08-13T07:06:31Z</time>
					</trkpt>
					<trkpt lat="42.683270" lon="1.506130">
						<ele>1894</ele>
						<time>2026-08-13T07:06:37Z</time>
					</trkpt>
					<trkpt lat="42.683120" lon="1.506370">
						<ele>1914</ele>
						<time>2026-08-13T07:06:48Z</time>
					</trkpt>
					<trkpt lat="42.683160" lon="1.506560">
						<ele>1922</ele>
						<time>2026-08-13T07:06:56Z</time>
					</trkpt>
					<trkpt lat="42.683150" lon="1.506850">
						<ele>1939</ele>
						<time>2026-08-13T07:07:06Z</time>
					</trkpt>
					<trkpt lat="42.683020" lon="1.507060">
						<ele>1954</ele>
						<time>2026-08-13T07:07:16Z</time>
					</trkpt>
					<trkpt lat="42.682760" lon="1.506930">
						<ele>1954</ele>
						<time>2026-08-13T07:07:30Z</time>
					</trkpt>
					<trkpt lat="42.682500" lon="1.506890">
						<ele>1960</ele>
						<time>2026-08-13T07:07:43Z</time>
					</trkpt>
					<trkpt lat="42.681910" lon="1.506440">
						<ele>1968</ele>
						<time>2026-08-13T07:08:17Z</time>
					</trkpt>
					<trkpt lat="42.681590" lon="1.506320">
						<ele>1978</ele>
						<time>2026-08-13T07:08:34Z</time>
					</trkpt>
					<trkpt lat="42.681550" lon="1.506110">
						<ele>1974</ele>
						<time>2026-08-13T07:08:42Z</time>
					</trkpt>
					<trkpt lat="42.681410" lon="1.505830">
						<ele>1970</ele>
						<time>2026-08-13T07:08:54Z</time>
					</trkpt>
					<trkpt lat="42.681290" lon="1.505770">
						<ele>1973</ele>
						<time>2026-08-13T07:09:01Z</time>
					</trkpt>
					<trkpt lat="42.681140" lon="1.505930">
						<ele>1980</ele>
						<time>2026-08-13T07:09:10Z</time>
					</trkpt>
					<trkpt lat="42.679730" lon="1.506420">
						<ele>2022</ele>
						<time>2026-08-13T07:10:23Z</time>
					</trkpt>
					<trkpt lat="42.679440" lon="1.506380">
						<ele>2032</ele>
						<time>2026-08-13T07:10:38Z</time>
					</trkpt>
					<trkpt lat="42.679310" lon="1.506550">
						<ele>2034</ele>
						<time>2026-08-13T07:10:47Z</time>
					</trkpt>
					<trkpt lat="42.679220" lon="1.506450">
						<ele>2038</ele>
						<time>2026-08-13T07:10:52Z</time>
					</trkpt>
					<trkpt lat="42.679170" lon="1.506150">
						<ele>2045</ele>
						<time>2026-08-13T07:11:04Z</time>
					</trkpt>
					<trkpt lat="42.678890" lon="1.506270">
						<ele>2056</ele>
						<time>2026-08-13T07:11:19Z</time>
					</trkpt>
					<trkpt lat="42.678340" lon="1.506170">
						<ele>2083</ele>
						<time>2026-08-13T07:11:46Z</time>
					</trkpt>
					<trkpt lat="42.678060" lon="1.506050">
						<ele>2086</ele>
						<time>2026-08-13T07:12:01Z</time>
					</trkpt>
					<trkpt lat="42.678310" lon="1.505890">
						<ele>2087</ele>
						<time>2026-08-13T07:12:15Z</time>
					</trkpt>
					<trkpt lat="42.678690" lon="1.505340">
						<ele>2090</ele>
						<time>2026-08-13T07:12:43Z</time>
					</trkpt>
					<trkpt lat="42.678850" lon="1.505260">
						<ele>2086</ele>
						<time>2026-08-13T07:12:51Z</time>
					</trkpt>
					<trkpt lat="42.678370" lon="1.504930">
						<ele>2116</ele>
						<time>2026-08-13T07:13:18Z</time>
					</trkpt>
					<trkpt lat="42.678260" lon="1.504680">
						<ele>2122</ele>
						<time>2026-08-13T07:13:29Z</time>
					</trkpt>
					<trkpt lat="42.677490" lon="1.504050">
						<ele>2149</ele>
						<time>2026-08-13T07:14:14Z</time>
					</trkpt>
					<trkpt lat="42.677020" lon="1.503930">
						<ele>2163</ele>
						<time>2026-08-13T07:14:38Z</time>
					</trkpt>
					<trkpt lat="42.676530" lon="1.504000">
						<ele>2172</ele>
						<time>2026-08-13T07:15:02Z</time>
					</trkpt>
					<trkpt lat="42.675620" lon="1.503620">
						<ele>2210</ele>
						<time>2026-08-13T07:15:50Z</time>
					</trkpt>
					<trkpt lat="42.675170" lon="1.503660">
						<ele>2236</ele>
						<time>2026-08-13T07:16:12Z</time>
					</trkpt>
					<trkpt lat="42.674550" lon="1.504530">
						<ele>2253</ele>
						<time>2026-08-13T07:16:57Z</time>
					</trkpt>
					<trkpt lat="42.674250" lon="1.505310">
						<ele>2260</ele>
						<time>2026-08-13T07:17:29Z</time>
					</trkpt>
					<trkpt lat="42.673590" lon="1.506020">
						<ele>2282</ele>
						<time>2026-08-13T07:18:12Z</time>
					</trkpt>
					<trkpt lat="42.672840" lon="1.506580">
						<ele>2292</ele>
						<time>2026-08-13T07:18:54Z</time>
					</trkpt>
					<trkpt lat="42.672490" lon="1.506650">
						<ele>2298</ele>
						<time>2026-08-13T07:19:12Z</time>
					</trkpt>
					<trkpt lat="42.672230" lon="1.506430">
						<ele>2305</ele>
						<time>2026-08-13T07:19:27Z</time>
					</trkpt>
					<trkpt lat="42.672020" lon="1.506640">
						<ele>2301</ele>
						<time>2026-08-13T07:19:40Z</time>
					</trkpt>
					<trkpt lat="42.671180" lon="1.506100">
						<ele>2315</ele>
						<time>2026-08-13T07:20:27Z</time>
					</trkpt>
					<trkpt lat="42.670290" lon="1.506460">
						<ele>2307</ele>
						<time>2026-08-13T07:21:13Z</time>
					</trkpt>
					<trkpt lat="42.670060" lon="1.506260">
						<ele>2309</ele>
						<time>2026-08-13T07:21:27Z</time>
					</trkpt>
					<trkpt lat="42.669800" lon="1.505500">
						<ele>2315</ele>
						<time>2026-08-13T07:21:58Z</time>
					</trkpt>
					<trkpt lat="42.669490" lon="1.505100">
						<ele>2315</ele>
						<time>2026-08-13T07:22:19Z</time>
					</trkpt>
					<trkpt lat="42.668880" lon="1.504140">
						<ele>2322</ele>
						<time>2026-08-13T07:23:06Z</time>
					</trkpt>
					<trkpt lat="42.668310" lon="1.503970">
						<ele>2327</ele>
						<time>2026-08-13T07:23:35Z</time>
					</trkpt>
					<trkpt lat="42.667760" lon="1.503680">
						<ele>2352</ele>
						<time>2026-08-13T07:24:05Z</time>
					</trkpt>
					<trkpt lat="42.667520" lon="1.503500">
						<ele>2363</ele>
						<time>2026-08-13T07:24:18Z</time>
					</trkpt>
					<trkpt lat="42.667440" lon="1.503290">
						<ele>2368</ele>
						<time>2026-08-13T07:24:27Z</time>
					</trkpt>
					<trkpt lat="42.667000" lon="1.503090">
						<ele>2384</ele>
						<time>2026-08-13T07:24:50Z</time>
					</trkpt>
					<trkpt lat="42.666810" lon="1.503110">
						<ele>2391</ele>
						<time>2026-08-13T07:25:00Z</time>
					</trkpt>
					<trkpt lat="42.666370" lon="1.502710">
						<ele>2394</ele>
						<time>2026-08-13T07:25:26Z</time>
					</trkpt>
					<trkpt lat="42.666220" lon="1.502500">
						<ele>2390</ele>
						<time>2026-08-13T07:25:37Z</time>
					</trkpt>
					<trkpt lat="42.665770" lon="1.502390">
						<ele>2382</ele>
						<time>2026-08-13T07:26:00Z</time>
					</trkpt>
					<trkpt lat="42.665690" lon="1.502110">
						<ele>2376</ele>
						<time>2026-08-13T07:26:11Z</time>
					</trkpt>
					<trkpt lat="42.665180" lon="1.502010">
						<ele>2354</ele>
						<time>2026-08-13T07:26:37Z</time>
					</trkpt>
					<trkpt lat="42.664680" lon="1.501800">
						<ele>2337</ele>
						<time>2026-08-13T07:27:03Z</time>
					</trkpt>
					<trkpt lat="42.664240" lon="1.501680">
						<ele>2325</ele>
						<time>2026-08-13T07:27:25Z</time>
					</trkpt>
					<trkpt lat="42.664100" lon="1.501500">
						<ele>2319</ele>
						<time>2026-08-13T07:27:35Z</time>
					</trkpt>
					<trkpt lat="42.663690" lon="1.501280">
						<ele>2318</ele>
						<time>2026-08-13T07:27:57Z</time>
					</trkpt>
					<trkpt lat="42.663540" lon="1.500940">
						<ele>2315</ele>
						<time>2026-08-13T07:28:12Z</time>
					</trkpt>
					<trkpt lat="42.662960" lon="1.500830">
						<ele>2325</ele>
						<time>2026-08-13T07:28:41Z</time>
					</trkpt>
					<trkpt lat="42.662680" lon="1.500490">
						<ele>2326</ele>
						<time>2026-08-13T07:29:00Z</time>
					</trkpt>
					<trkpt lat="42.662410" lon="1.500480">
						<ele>2335</ele>
						<time>2026-08-13T07:29:13Z</time>
					</trkpt>
					<trkpt lat="42.662070" lon="1.500430">
						<ele>2352</ele>
						<time>2026-08-13T07:29:30Z</time>
					</trkpt>
					<trkpt lat="42.662020" lon="1.500620">
						<ele>2355</ele>
						<time>2026-08-13T07:29:38Z</time>
					</trkpt>
					<trkpt lat="42.661810" lon="1.500560">
						<ele>2365</ele>
						<time>2026-08-13T07:29:49Z</time>
					</trkpt>
					<trkpt lat="42.661610" lon="1.500610">
						<ele>2374</ele>
						<time>2026-08-13T07:29:59Z</time>
					</trkpt>
					<trkpt lat="42.661310" lon="1.500440">
						<ele>2388</ele>
						<time>2026-08-13T07:30:15Z</time>
					</trkpt>
					<trkpt lat="42.661110" lon="1.500540">
						<ele>2393</ele>
						<time>2026-08-13T07:30:26Z</time>
					</trkpt>
					<trkpt lat="42.661100" lon="1.500920">
						<ele>2387</ele>
						<time>2026-08-13T07:30:40Z</time>
					</trkpt>
					<trkpt lat="42.660970" lon="1.501100">
						<ele>2392</ele>
						<time>2026-08-13T07:30:49Z</time>
					</trkpt>
					<trkpt lat="42.660910" lon="1.501450">
						<ele>2395</ele>
						<time>2026-08-13T07:31:02Z</time>
					</trkpt>
					<trkpt lat="42.660760" lon="1.501630">
						<ele>2399</ele>
						<time>2026-08-13T07:31:12Z</time>
					</trkpt>
					<trkpt lat="42.660350" lon="1.501890">
						<ele>2404</ele>
						<time>2026-08-13T07:31:35Z</time>
					</trkpt>
					<trkpt lat="42.660040" lon="1.501900">
						<ele>2407</ele>
						<time>2026-08-13T07:31:50Z</time>
					</trkpt>
					<trkpt lat="42.659380" lon="1.502220">
						<ele>2416</ele>
						<time>2026-08-13T07:32:26Z</time>
					</trkpt>
					<trkpt lat="42.657920" lon="1.501560">
						<ele>2459</ele>
						<time>2026-08-13T07:33:42Z</time>
					</trkpt>
					<trkpt lat="42.657260" lon="1.500920">
						<ele>2476</ele>
						<time>2026-08-13T07:34:23Z</time>
					</trkpt>
					<trkpt lat="42.656790" lon="1.500970">
						<ele>2479</ele>
						<time>2026-08-13T07:34:47Z</time>
					</trkpt>
					<trkpt lat="42.656310" lon="1.501150">
						<ele>2480</ele>
						<time>2026-08-13T07:35:12Z</time>
					</trkpt>
					<trkpt lat="42.655960" lon="1.500920">
						<ele>2477</ele>
						<time>2026-08-13T07:35:31Z</time>
					</trkpt>
					<trkpt lat="42.655340" lon="1.500800">
						<ele>2474</ele>
						<time>2026-08-13T07:36:02Z</time>
					</trkpt>
					<trkpt lat="42.654360" lon="1.500810">
						<ele>2463</ele>
						<time>2026-08-13T07:36:51Z</time>
					</trkpt>
					<trkpt lat="42.654040" lon="1.500970">
						<ele>2458</ele>
						<time>2026-08-13T07:37:08Z</time>
					</trkpt>
					<trkpt lat="42.653450" lon="1.501010">
						<ele>2455</ele>
						<time>2026-08-13T07:37:38Z</time>
					</trkpt>
					<trkpt lat="42.653310" lon="1.500950">
						<ele>2455</ele>
						<time>2026-08-13T07:37:45Z</time>
					</trkpt>
					<trkpt lat="42.652810" lon="1.500350">
						<ele>2459</ele>
						<time>2026-08-13T07:38:19Z</time>
					</trkpt>
					<trkpt lat="42.652320" lon="1.500070">
						<ele>2461</ele>
						<time>2026-08-13T07:38:45Z</time>
					</trkpt>
					<trkpt lat="42.651650" lon="1.500220">
						<ele>2453</ele>
						<time>2026-08-13T07:39:19Z</time>
					</trkpt>
					<trkpt lat="42.650930" lon="1.499900">
						<ele>2473</ele>
						<time>2026-08-13T07:39:57Z</time>
					</trkpt>
					<trkpt lat="42.650520" lon="1.499650">
						<ele>2494</ele>
						<time>2026-08-13T07:40:20Z</time>
					</trkpt>
					<trkpt lat="42.650210" lon="1.499900">
						<ele>2502</ele>
						<time>2026-08-13T07:40:38Z</time>
					</trkpt>
					<trkpt lat="42.649840" lon="1.499830">
						<ele>2516</ele>
						<time>2026-08-13T07:40:56Z</time>
					</trkpt>
					<trkpt lat="42.649600" lon="1.499660">
						<ele>2522</ele>
						<time>2026-08-13T07:41:10Z</time>
					</trkpt>
					<trkpt lat="42.649490" lon="1.499470">
						<ele>2527</ele>
						<time>2026-08-13T07:41:19Z</time>
					</trkpt>
					<trkpt lat="42.649280" lon="1.499200">
						<ele>2534</ele>
						<time>2026-08-13T07:41:33Z</time>
					</trkpt>
					<trkpt lat="42.649120" lon="1.498510">
						<ele>2559</ele>
						<time>2026-08-13T07:42:00Z</time>
					</trkpt>
					<trkpt lat="42.648740" lon="1.498490">
						<ele>2563</ele>
						<time>2026-08-13T07:42:19Z</time>
					</trkpt>
					<trkpt lat="42.648340" lon="1.498840">
						<ele>2574</ele>
						<time>2026-08-13T07:42:43Z</time>
					</trkpt>
					<trkpt lat="42.648250" lon="1.498440">
						<ele>2570</ele>
						<time>2026-08-13T07:42:58Z</time>
					</trkpt>
					<trkpt lat="42.648310" lon="1.498220">
						<ele>2566</ele>
						<time>2026-08-13T07:43:07Z</time>
					</trkpt>
					<trkpt lat="42.647970" lon="1.498760">
						<ele>2594</ele>
						<time>2026-08-13T07:43:33Z</time>
					</trkpt>
					<trkpt lat="42.647780" lon="1.498400">
						<ele>2588</ele>
						<time>2026-08-13T07:43:49Z</time>
					</trkpt>
					<trkpt lat="42.647730" lon="1.498100">
						<ele>2577</ele>
						<time>2026-08-13T07:44:01Z</time>
					</trkpt>
					<trkpt lat="42.647790" lon="1.497970">
						<ele>2572</ele>
						<time>2026-08-13T07:44:06Z</time>
					</trkpt>
					<trkpt lat="42.647700" lon="1.497840">
						<ele>2567</ele>
						<time>2026-08-13T07:44:13Z</time>
					</trkpt>
					<trkpt lat="42.647730" lon="1.497510">
						<ele>2555</ele>
						<time>2026-08-13T07:44:25Z</time>
					</trkpt>
					<trkpt lat="42.647790" lon="1.497190">
						<ele>2543</ele>
						<time>2026-08-13T07:44:37Z</time>
					</trkpt>
					<trkpt lat="42.647850" lon="1.496470">
						<ele>2518</ele>
						<time>2026-08-13T07:45:04Z</time>
					</trkpt>
					<trkpt lat="42.647730" lon="1.496290">
						<ele>2507</ele>
						<time>2026-08-13T07:45:13Z</time>
					</trkpt>
					<trkpt lat="42.647630" lon="1.496070">
						<ele>2495</ele>
						<time>2026-08-13T07:45:22Z</time>
					</trkpt>
					<trkpt lat="42.647500" lon="1.495700">
						<ele>2479</ele>
						<time>2026-08-13T07:45:37Z</time>
					</trkpt>
					<trkpt lat="42.647220" lon="1.494620">
						<ele>2460</ele>
						<time>2026-08-13T07:46:20Z</time>
					</trkpt>
					<trkpt lat="42.646720" lon="1.494080">
						<ele>2453</ele>
						<time>2026-08-13T07:46:52Z</time>
					</trkpt>
					<trkpt lat="42.646110" lon="1.493730">
						<ele>2451</ele>
						<time>2026-08-13T07:47:25Z</time>
					</trkpt>
					<trkpt lat="42.645700" lon="1.493410">
						<ele>2444</ele>
						<time>2026-08-13T07:47:48Z</time>
					</trkpt>
					<trkpt lat="42.645540" lon="1.493480">
						<ele>2447</ele>
						<time>2026-08-13T07:47:57Z</time>
					</trkpt>
					<trkpt lat="42.645380" lon="1.492740">
						<ele>2437</ele>
						<time>2026-08-13T07:48:25Z</time>
					</trkpt>
					<trkpt lat="42.645210" lon="1.492460">
						<ele>2434</ele>
						<time>2026-08-13T07:48:39Z</time>
					</trkpt>
					<trkpt lat="42.645050" lon="1.491860">
						<ele>2427</ele>
						<time>2026-08-13T07:49:02Z</time>
					</trkpt>
					<trkpt lat="42.645470" lon="1.492020">
						<ele>2431</ele>
						<time>2026-08-13T07:49:24Z</time>
					</trkpt>
					<trkpt lat="42.645830" lon="1.491780">
						<ele>2431</ele>
						<time>2026-08-13T07:49:44Z</time>
					</trkpt>
					<trkpt lat="42.646320" lon="1.491740">
						<ele>2436</ele>
						<time>2026-08-13T07:50:08Z</time>
					</trkpt>
					<trkpt lat="42.646450" lon="1.491700">
						<ele>2438</ele>
						<time>2026-08-13T07:50:15Z</time>
					</trkpt>
					<trkpt lat="42.646630" lon="1.491800">
						<ele>2441</ele>
						<time>2026-08-13T07:50:25Z</time>
					</trkpt>
					<trkpt lat="42.646940" lon="1.491820">
						<ele>2445</ele>
						<time>2026-08-13T07:50:40Z</time>
					</trkpt>
					<trkpt lat="42.647450" lon="1.491620">
						<ele>2449</ele>
						<time>2026-08-13T07:51:07Z</time>
					</trkpt>
					<trkpt lat="42.647620" lon="1.491880">
						<ele>2457</ele>
						<time>2026-08-13T07:51:20Z</time>
					</trkpt>
					<trkpt lat="42.647600" lon="1.492070">
						<ele>2460</ele>
						<time>2026-08-13T07:51:27Z</time>
					</trkpt>
					<trkpt lat="42.647760" lon="1.492230">
						<ele>2466</ele>
						<time>2026-08-13T07:51:37Z</time>
					</trkpt>
					<trkpt lat="42.648220" lon="1.492320">
						<ele>2480</ele>
						<time>2026-08-13T07:52:00Z</time>
					</trkpt>
					<trkpt lat="42.648380" lon="1.492490">
						<ele>2489</ele>
						<time>2026-08-13T07:52:10Z</time>
					</trkpt>
					<trkpt lat="42.648460" lon="1.492770">
						<ele>2496</ele>
						<time>2026-08-13T07:52:21Z</time>
					</trkpt>
					<trkpt lat="42.648560" lon="1.492840">
						<ele>2502</ele>
						<time>2026-08-13T07:52:27Z</time>
					</trkpt>
					<trkpt lat="42.648650" lon="1.493140">
						<ele>2510</ele>
						<time>2026-08-13T07:52:39Z</time>
					</trkpt>
					<trkpt lat="42.648690" lon="1.493000">
						<ele>2510</ele>
						<time>2026-08-13T07:52:44Z</time>
					</trkpt>
					<trkpt lat="42.648780" lon="1.493010">
						<ele>2515</ele>
						<time>2026-08-13T07:52:49Z</time>
					</trkpt>
					<trkpt lat="42.648850" lon="1.492850">
						<ele>2516</ele>
						<time>2026-08-13T07:52:56Z</time>
					</trkpt>
					<trkpt lat="42.648970" lon="1.492830">
						<ele>2521</ele>
						<time>2026-08-13T07:53:02Z</time>
					</trkpt>
					<trkpt lat="42.649470" lon="1.491810">
						<ele>2538</ele>
						<time>2026-08-13T07:53:47Z</time>
					</trkpt>
					<trkpt lat="42.649800" lon="1.491630">
						<ele>2556</ele>
						<time>2026-08-13T07:54:05Z</time>
					</trkpt>
					<trkpt lat="42.650140" lon="1.491170">
						<ele>2573</ele>
						<time>2026-08-13T07:54:29Z</time>
					</trkpt>
					<trkpt lat="42.650250" lon="1.490640">
						<ele>2573</ele>
						<time>2026-08-13T07:54:49Z</time>
					</trkpt>
					<trkpt lat="42.650560" lon="1.489960">
						<ele>2584</ele>
						<time>2026-08-13T07:55:18Z</time>
					</trkpt>
					<trkpt lat="42.650810" lon="1.489580">
						<ele>2602</ele>
						<time>2026-08-13T07:55:37Z</time>
					</trkpt>
					<trkpt lat="42.651070" lon="1.489240">
						<ele>2624</ele>
						<time>2026-08-13T07:55:55Z</time>
					</trkpt>
					<trkpt lat="42.651060" lon="1.488870">
						<ele>2622</ele>
						<time>2026-08-13T07:56:09Z</time>
					</trkpt>
					<trkpt lat="42.651310" lon="1.488290">
						<ele>2640</ele>
						<time>2026-08-13T07:56:34Z</time>
					</trkpt>
					<trkpt lat="42.651570" lon="1.488160">
						<ele>2660</ele>
						<time>2026-08-13T07:56:47Z</time>
					</trkpt>
					<trkpt lat="42.651830" lon="1.487960">
						<ele>2661</ele>
						<time>2026-08-13T07:57:02Z</time>
					</trkpt>
					<trkpt lat="42.651940" lon="1.488240">
						<ele>2665</ele>
						<time>2026-08-13T07:57:14Z</time>
					</trkpt>
					<trkpt lat="42.652140" lon="1.488280">
						<ele>2665</ele>
						<time>2026-08-13T07:57:24Z</time>
					</trkpt>
					<trkpt lat="42.652250" lon="1.487990">
						<ele>2653</ele>
						<time>2026-08-13T07:57:36Z</time>
					</trkpt>
					<trkpt lat="42.652600" lon="1.488060">
						<ele>2645</ele>
						<time>2026-08-13T07:57:54Z</time>
					</trkpt>
					<trkpt lat="42.652590" lon="1.487900">
						<ele>2637</ele>
						<time>2026-08-13T07:58:00Z</time>
					</trkpt>
					<trkpt lat="42.652790" lon="1.487430">
						<ele>2603</ele>
						<time>2026-08-13T07:58:20Z</time>
					</trkpt>
					<trkpt lat="42.653300" lon="1.487850">
						<ele>2589</ele>
						<time>2026-08-13T07:58:50Z</time>
					</trkpt>
					<trkpt lat="42.653540" lon="1.487770">
						<ele>2570</ele>
						<time>2026-08-13T07:59:02Z</time>
					</trkpt>
					<trkpt lat="42.653850" lon="1.487440">
						<ele>2538</ele>
						<time>2026-08-13T07:59:22Z</time>
					</trkpt>
					<trkpt lat="42.654080" lon="1.487500">
						<ele>2525</ele>
						<time>2026-08-13T07:59:33Z</time>
					</trkpt>
					<trkpt lat="42.654370" lon="1.486940">
						<ele>2508</ele>
						<time>2026-08-13T07:59:59Z</time>
					</trkpt>
					<trkpt lat="42.654620" lon="1.487120">
						<ele>2501</ele>
						<time>2026-08-13T08:00:13Z</time>
					</trkpt>
					<trkpt lat="42.654630" lon="1.486900">
						<ele>2498</ele>
						<time>2026-08-13T08:00:21Z</time>
					</trkpt>
					<trkpt lat="42.654860" lon="1.486530">
						<ele>2485</ele>
						<time>2026-08-13T08:00:39Z</time>
					</trkpt>
					<trkpt lat="42.655010" lon="1.486110">
						<ele>2473</ele>
						<time>2026-08-13T08:00:56Z</time>
					</trkpt>
					<trkpt lat="42.655800" lon="1.485910">
						<ele>2449</ele>
						<time>2026-08-13T08:01:36Z</time>
					</trkpt>
					<trkpt lat="42.656230" lon="1.485360">
						<ele>2449</ele>
						<time>2026-08-13T08:02:06Z</time>
					</trkpt>
					<trkpt lat="42.656880" lon="1.485350">
						<ele>2443</ele>
						<time>2026-08-13T08:02:38Z</time>
					</trkpt>
					<trkpt lat="42.657570" lon="1.485230">
						<ele>2439</ele>
						<time>2026-08-13T08:03:13Z</time>
					</trkpt>
					<trkpt lat="42.658010" lon="1.484920">
						<ele>2445</ele>
						<time>2026-08-13T08:03:38Z</time>
					</trkpt>
					<trkpt lat="42.658890" lon="1.484940">
						<ele>2447</ele>
						<time>2026-08-13T08:04:22Z</time>
					</trkpt>
					<trkpt lat="42.659400" lon="1.485130">
						<ele>2445</ele>
						<time>2026-08-13T08:04:48Z</time>
					</trkpt>
					<trkpt lat="42.659640" lon="1.484930">
						<ele>2453</ele>
						<time>2026-08-13T08:05:02Z</time>
					</trkpt>
					<trkpt lat="42.660060" lon="1.485640">
						<ele>2428</ele>
						<time>2026-08-13T08:05:36Z</time>
					</trkpt>
					<trkpt lat="42.660290" lon="1.485870">
						<ele>2425</ele>
						<time>2026-08-13T08:05:50Z</time>
					</trkpt>
					<trkpt lat="42.660610" lon="1.485990">
						<ele>2430</ele>
						<time>2026-08-13T08:06:07Z</time>
					</trkpt>
					<trkpt lat="42.660890" lon="1.485930">
						<ele>2439</ele>
						<time>2026-08-13T08:06:21Z</time>
					</trkpt>
					<trkpt lat="42.661090" lon="1.486120">
						<ele>2435</ele>
						<time>2026-08-13T08:06:33Z</time>
					</trkpt>
					<trkpt lat="42.661350" lon="1.486320">
						<ele>2430</ele>
						<time>2026-08-13T08:06:48Z</time>
					</trkpt>
					<trkpt lat="42.661620" lon="1.486480">
						<ele>2426</ele>
						<time>2026-08-13T08:07:03Z</time>
					</trkpt>
					<trkpt lat="42.661840" lon="1.486500">
						<ele>2430</ele>
						<time>2026-08-13T08:07:14Z</time>
					</trkpt>
					<trkpt lat="42.662380" lon="1.486760">
						<ele>2432</ele>
						<time>2026-08-13T08:07:43Z</time>
					</trkpt>
					<trkpt lat="42.662530" lon="1.487060">
						<ele>2424</ele>
						<time>2026-08-13T08:07:56Z</time>
					</trkpt>
					<trkpt lat="42.662890" lon="1.487120">
						<ele>2424</ele>
						<time>2026-08-13T08:08:14Z</time>
					</trkpt>
					<trkpt lat="42.663030" lon="1.487020">
						<ele>2428</ele>
						<time>2026-08-13T08:08:22Z</time>
					</trkpt>
					<trkpt lat="42.663410" lon="1.487150">
						<ele>2426</ele>
						<time>2026-08-13T08:08:42Z</time>
					</trkpt>
					<trkpt lat="42.663820" lon="1.487450">
						<ele>2421</ele>
						<time>2026-08-13T08:09:05Z</time>
					</trkpt>
					<trkpt lat="42.664020" lon="1.487700">
						<ele>2422</ele>
						<time>2026-08-13T08:09:19Z</time>
					</trkpt>
					<trkpt lat="42.664190" lon="1.487760">
						<ele>2423</ele>
						<time>2026-08-13T08:09:27Z</time>
					</trkpt>
					<trkpt lat="42.664280" lon="1.488010">
						<ele>2423</ele>
						<time>2026-08-13T08:09:38Z</time>
					</trkpt>
					<trkpt lat="42.664550" lon="1.488490">
						<ele>2423</ele>
						<time>2026-08-13T08:10:00Z</time>
					</trkpt>
					<trkpt lat="42.664510" lon="1.488930">
						<ele>2430</ele>
						<time>2026-08-13T08:10:16Z</time>
					</trkpt>
					<trkpt lat="42.664590" lon="1.489220">
						<ele>2433</ele>
						<time>2026-08-13T08:10:28Z</time>
					</trkpt>
					<trkpt lat="42.664690" lon="1.489430">
						<ele>2433</ele>
						<time>2026-08-13T08:10:37Z</time>
					</trkpt>
					<trkpt lat="42.664789" lon="1.489552">
						<ele>2434</ele>
						<time>2026-08-13T08:10:43Z</time>
					</trkpt>
					<trkpt lat="42.664860" lon="1.489640">
						<ele>2435</ele>
						<time>2026-08-13T08:10:48Z</time>
					</trkpt>
					<trkpt lat="42.664540" lon="1.489060">
						<ele>2432</ele>
						<time>2026-08-13T08:11:15Z</time>
					</trkpt>
					<trkpt lat="42.664510" lon="1.488830">
						<ele>2428</ele>
						<time>2026-08-13T08:11:24Z</time>
					</trkpt>
					<trkpt lat="42.664550" lon="1.488570">
						<ele>2424</ele>
						<time>2026-08-13T08:11:33Z</time>
					</trkpt>
					<trkpt lat="42.664510" lon="1.488390">
						<ele>2422</ele>
						<time>2026-08-13T08:11:40Z</time>
					</trkpt>
					<trkpt lat="42.664430" lon="1.488270">
						<ele>2422</ele>
						<time>2026-08-13T08:11:46Z</time>
					</trkpt>
					<trkpt lat="42.664240" lon="1.487780">
						<ele>2422</ele>
						<time>2026-08-13T08:12:07Z</time>
					</trkpt>
					<trkpt lat="42.663110" lon="1.487080">
						<ele>2427</ele>
						<time>2026-08-13T08:13:09Z</time>
					</trkpt>
					<trkpt lat="42.662850" lon="1.487040">
						<ele>2426</ele>
						<time>2026-08-13T08:13:22Z</time>
					</trkpt>
					<trkpt lat="42.662720" lon="1.486620">
						<ele>2439</ele>
						<time>2026-08-13T08:13:39Z</time>
					</trkpt>
					<trkpt lat="42.662530" lon="1.486490">
						<ele>2446</ele>
						<time>2026-08-13T08:13:49Z</time>
					</trkpt>
					<trkpt lat="42.662060" lon="1.485930">
						<ele>2463</ele>
						<time>2026-08-13T08:14:20Z</time>
					</trkpt>
					<trkpt lat="42.661710" lon="1.485710">
						<ele>2466</ele>
						<time>2026-08-13T08:14:40Z</time>
					</trkpt>
					<trkpt lat="42.661470" lon="1.485410">
						<ele>2473</ele>
						<time>2026-08-13T08:14:56Z</time>
					</trkpt>
					<trkpt lat="42.661150" lon="1.485190">
						<ele>2477</ele>
						<time>2026-08-13T08:15:14Z</time>
					</trkpt>
					<trkpt lat="42.661040" lon="1.485000">
						<ele>2483</ele>
						<time>2026-08-13T08:15:23Z</time>
					</trkpt>
					<trkpt lat="42.660610" lon="1.484080">
						<ele>2495</ele>
						<time>2026-08-13T08:16:03Z</time>
					</trkpt>
					<trkpt lat="42.660020" lon="1.483930">
						<ele>2486</ele>
						<time>2026-08-13T08:16:33Z</time>
					</trkpt>
					<trkpt lat="42.659810" lon="1.483540">
						<ele>2488</ele>
						<time>2026-08-13T08:16:51Z</time>
					</trkpt>
					<trkpt lat="42.659720" lon="1.483270">
						<ele>2490</ele>
						<time>2026-08-13T08:17:02Z</time>
					</trkpt>
					<trkpt lat="42.659280" lon="1.482840">
						<ele>2490</ele>
						<time>2026-08-13T08:17:29Z</time>
					</trkpt>
					<trkpt lat="42.658750" lon="1.482450">
						<ele>2496</ele>
						<time>2026-08-13T08:17:59Z</time>
					</trkpt>
					<trkpt lat="42.658450" lon="1.481990">
						<ele>2506</ele>
						<time>2026-08-13T08:18:22Z</time>
					</trkpt>
					<trkpt lat="42.658090" lon="1.481050">
						<ele>2522</ele>
						<time>2026-08-13T08:19:01Z</time>
					</trkpt>
					<trkpt lat="42.658000" lon="1.480580">
						<ele>2526</ele>
						<time>2026-08-13T08:19:19Z</time>
					</trkpt>
					<trkpt lat="42.657950" lon="1.480070">
						<ele>2530</ele>
						<time>2026-08-13T08:19:37Z</time>
					</trkpt>
					<trkpt lat="42.657700" lon="1.479720">
						<ele>2540</ele>
						<time>2026-08-13T08:19:55Z</time>
					</trkpt>
					<trkpt lat="42.657560" lon="1.479110">
						<ele>2553</ele>
						<time>2026-08-13T08:20:19Z</time>
					</trkpt>
					<trkpt lat="42.657660" lon="1.478750">
						<ele>2561</ele>
						<time>2026-08-13T08:20:33Z</time>
					</trkpt>
					<trkpt lat="42.657160" lon="1.477490">
						<ele>2596</ele>
						<time>2026-08-13T08:21:26Z</time>
					</trkpt>
					<trkpt lat="42.657110" lon="1.476990">
						<ele>2613</ele>
						<time>2026-08-13T08:21:44Z</time>
					</trkpt>
					<trkpt lat="42.657240" lon="1.476630">
						<ele>2627</ele>
						<time>2026-08-13T08:21:59Z</time>
					</trkpt>
					<trkpt lat="42.657220" lon="1.476400">
						<ele>2638</ele>
						<time>2026-08-13T08:22:08Z</time>
					</trkpt>
					<trkpt lat="42.657340" lon="1.476270">
						<ele>2646</ele>
						<time>2026-08-13T08:22:15Z</time>
					</trkpt>
					<trkpt lat="42.657510" lon="1.475750">
						<ele>2678</ele>
						<time>2026-08-13T08:22:36Z</time>
					</trkpt>
					<trkpt lat="42.657770" lon="1.475610">
						<ele>2699</ele>
						<time>2026-08-13T08:22:50Z</time>
					</trkpt>
					<trkpt lat="42.657990" lon="1.475750">
						<ele>2708</ele>
						<time>2026-08-13T08:23:02Z</time>
					</trkpt>
					<trkpt lat="42.658240" lon="1.475590">
						<ele>2725</ele>
						<time>2026-08-13T08:23:16Z</time>
					</trkpt>
					<trkpt lat="42.658160" lon="1.475140">
						<ele>2729</ele>
						<time>2026-08-13T08:23:33Z</time>
					</trkpt>
					<trkpt lat="42.658750" lon="1.475680">
						<ele>2740</ele>
						<time>2026-08-13T08:24:09Z</time>
					</trkpt>
					<trkpt lat="42.659070" lon="1.475740">
						<ele>2749</ele>
						<time>2026-08-13T08:24:25Z</time>
					</trkpt>
					<trkpt lat="42.659460" lon="1.475540">
						<ele>2751</ele>
						<time>2026-08-13T08:24:46Z</time>
					</trkpt>
					<trkpt lat="42.659850" lon="1.475400">
						<ele>2754</ele>
						<time>2026-08-13T08:25:06Z</time>
					</trkpt>
					<trkpt lat="42.660310" lon="1.475430">
						<ele>2762</ele>
						<time>2026-08-13T08:25:29Z</time>
					</trkpt>
					<trkpt lat="42.660710" lon="1.475210">
						<ele>2778</ele>
						<time>2026-08-13T08:25:51Z</time>
					</trkpt>
					<trkpt lat="42.660950" lon="1.475340">
						<ele>2781</ele>
						<time>2026-08-13T08:26:04Z</time>
					</trkpt>
					<trkpt lat="42.661650" lon="1.475450">
						<ele>2808</ele>
						<time>2026-08-13T08:26:39Z</time>
					</trkpt>
					<trkpt lat="42.661900" lon="1.475470">
						<ele>2810</ele>
						<time>2026-08-13T08:26:51Z</time>
					</trkpt>
					<trkpt lat="42.662010" lon="1.475420">
						<ele>2811</ele>
						<time>2026-08-13T08:26:57Z</time>
					</trkpt>
					<trkpt lat="42.662090" lon="1.475500">
						<ele>2811</ele>
						<time>2026-08-13T08:27:02Z</time>
					</trkpt>
					<trkpt lat="42.662210" lon="1.475420">
						<ele>2811</ele>
						<time>2026-08-13T08:27:09Z</time>
					</trkpt>
					<trkpt lat="42.662260" lon="1.475530">
						<ele>2811</ele>
						<time>2026-08-13T08:27:14Z</time>
					</trkpt>
					<trkpt lat="42.662310" lon="1.475580">
						<ele>2812</ele>
						<time>2026-08-13T08:27:17Z</time>
					</trkpt>
					<trkpt lat="42.662400" lon="1.475590">
						<ele>2812</ele>
						<time>2026-08-13T08:27:21Z</time>
					</trkpt>
					<trkpt lat="42.662530" lon="1.475420">
						<ele>2812</ele>
						<time>2026-08-13T08:27:30Z</time>
					</trkpt>
					<trkpt lat="42.662590" lon="1.475430">
						<ele>2811</ele>
						<time>2026-08-13T08:27:33Z</time>
					</trkpt>
					<trkpt lat="42.662550" lon="1.475410">
						<ele>2812</ele>
						<time>2026-08-13T08:27:35Z</time>
					</trkpt>
					<trkpt lat="42.662400" lon="1.475570">
						<ele>2812</ele>
						<time>2026-08-13T08:27:45Z</time>
					</trkpt>
					<trkpt lat="42.662290" lon="1.475550">
						<ele>2812</ele>
						<time>2026-08-13T08:27:51Z</time>
					</trkpt>
					<trkpt lat="42.662200" lon="1.475430">
						<ele>2811</ele>
						<time>2026-08-13T08:27:57Z</time>
					</trkpt>
					<trkpt lat="42.662080" lon="1.475480">
						<ele>2811</ele>
						<time>2026-08-13T08:28:03Z</time>
					</trkpt>
					<trkpt lat="42.662000" lon="1.475430">
						<ele>2811</ele>
						<time>2026-08-13T08:28:08Z</time>
					</trkpt>
					<trkpt lat="42.661900" lon="1.475480">
						<ele>2810</ele>
						<time>2026-08-13T08:28:13Z</time>
					</trkpt>
					<trkpt lat="42.661300" lon="1.475420">
						<ele>2794</ele>
						<time>2026-08-13T08:28:43Z</time>
					</trkpt>
					<trkpt lat="42.661020" lon="1.475350">
						<ele>2784</ele>
						<time>2026-08-13T08:28:57Z</time>
					</trkpt>
					<trkpt lat="42.660710" lon="1.475200">
						<ele>2778</ele>
						<time>2026-08-13T08:29:14Z</time>
					</trkpt>
					<trkpt lat="42.660400" lon="1.475420">
						<ele>2764</ele>
						<time>2026-08-13T08:29:31Z</time>
					</trkpt>
					<trkpt lat="42.660150" lon="1.475470">
						<ele>2757</ele>
						<time>2026-08-13T08:29:44Z</time>
					</trkpt>
					<trkpt lat="42.660010" lon="1.475290">
						<ele>2758</ele>
						<time>2026-08-13T08:29:53Z</time>
					</trkpt>
					<trkpt lat="42.659940" lon="1.475130">
						<ele>2760</ele>
						<time>2026-08-13T08:30:00Z</time>
					</trkpt>
					<trkpt lat="42.659640" lon="1.474690">
						<ele>2748</ele>
						<time>2026-08-13T08:30:22Z</time>
					</trkpt>
					<trkpt lat="42.659540" lon="1.474180">
						<ele>2733</ele>
						<time>2026-08-13T08:30:42Z</time>
					</trkpt>
					<trkpt lat="42.659450" lon="1.474100">
						<ele>2728</ele>
						<time>2026-08-13T08:30:47Z</time>
					</trkpt>
					<trkpt lat="42.659410" lon="1.473910">
						<ele>2721</ele>
						<time>2026-08-13T08:30:55Z</time>
					</trkpt>
					<trkpt lat="42.659290" lon="1.473680">
						<ele>2711</ele>
						<time>2026-08-13T08:31:05Z</time>
					</trkpt>
					<trkpt lat="42.659130" lon="1.473520">
						<ele>2703</ele>
						<time>2026-08-13T08:31:15Z</time>
					</trkpt>
					<trkpt lat="42.659010" lon="1.473510">
						<ele>2704</ele>
						<time>2026-08-13T08:31:21Z</time>
					</trkpt>
					<trkpt lat="42.658760" lon="1.473430">
						<ele>2704</ele>
						<time>2026-08-13T08:31:34Z</time>
					</trkpt>
					<trkpt lat="42.658550" lon="1.473200">
						<ele>2701</ele>
						<time>2026-08-13T08:31:47Z</time>
					</trkpt>
					<trkpt lat="42.658600" lon="1.472880">
						<ele>2693</ele>
						<time>2026-08-13T08:31:59Z</time>
					</trkpt>
					<trkpt lat="42.658560" lon="1.472810">
						<ele>2692</ele>
						<time>2026-08-13T08:32:02Z</time>
					</trkpt>
					<trkpt lat="42.658660" lon="1.472350">
						<ele>2679</ele>
						<time>2026-08-13T08:32:20Z</time>
					</trkpt>
					<trkpt lat="42.658730" lon="1.472130">
						<ele>2672</ele>
						<time>2026-08-13T08:32:29Z</time>
					</trkpt>
					<trkpt lat="42.658870" lon="1.471900">
						<ele>2661</ele>
						<time>2026-08-13T08:32:40Z</time>
					</trkpt>
					<trkpt lat="42.658890" lon="1.471680">
						<ele>2654</ele>
						<time>2026-08-13T08:32:48Z</time>
					</trkpt>
					<trkpt lat="42.658960" lon="1.471570">
						<ele>2648</ele>
						<time>2026-08-13T08:32:53Z</time>
					</trkpt>
					<trkpt lat="42.658950" lon="1.471430">
						<ele>2644</ele>
						<time>2026-08-13T08:32:59Z</time>
					</trkpt>
					<trkpt lat="42.659000" lon="1.471350">
						<ele>2639</ele>
						<time>2026-08-13T08:33:02Z</time>
					</trkpt>
					<trkpt lat="42.658980" lon="1.471190">
						<ele>2635</ele>
						<time>2026-08-13T08:33:08Z</time>
					</trkpt>
					<trkpt lat="42.659030" lon="1.471060">
						<ele>2629</ele>
						<time>2026-08-13T08:33:14Z</time>
					</trkpt>
					<trkpt lat="42.659000" lon="1.470860">
						<ele>2624</ele>
						<time>2026-08-13T08:33:21Z</time>
					</trkpt>
					<trkpt lat="42.659170" lon="1.470690">
						<ele>2609</ele>
						<time>2026-08-13T08:33:32Z</time>
					</trkpt>
					<trkpt lat="42.659200" lon="1.470530">
						<ele>2602</ele>
						<time>2026-08-13T08:33:38Z</time>
					</trkpt>
					<trkpt lat="42.659150" lon="1.470390">
						<ele>2598</ele>
						<time>2026-08-13T08:33:44Z</time>
					</trkpt>
					<trkpt lat="42.659290" lon="1.470310">
						<ele>2592</ele>
						<time>2026-08-13T08:33:51Z</time>
					</trkpt>
					<trkpt lat="42.659300" lon="1.470230">
						<ele>2588</ele>
						<time>2026-08-13T08:33:54Z</time>
					</trkpt>
					<trkpt lat="42.659250" lon="1.470130">
						<ele>2585</ele>
						<time>2026-08-13T08:33:59Z</time>
					</trkpt>
					<trkpt lat="42.659250" lon="1.470050">
						<ele>2581</ele>
						<time>2026-08-13T08:34:02Z</time>
					</trkpt>
					<trkpt lat="42.659290" lon="1.470000">
						<ele>2579</ele>
						<time>2026-08-13T08:34:04Z</time>
					</trkpt>
					<trkpt lat="42.659270" lon="1.469930">
						<ele>2576</ele>
						<time>2026-08-13T08:34:07Z</time>
					</trkpt>
					<trkpt lat="42.659340" lon="1.469910">
						<ele>2573</ele>
						<time>2026-08-13T08:34:11Z</time>
					</trkpt>
					<trkpt lat="42.659360" lon="1.469850">
						<ele>2570</ele>
						<time>2026-08-13T08:34:13Z</time>
					</trkpt>
					<trkpt lat="42.659420" lon="1.469830">
						<ele>2568</ele>
						<time>2026-08-13T08:34:16Z</time>
					</trkpt>
					<trkpt lat="42.659410" lon="1.469760">
						<ele>2565</ele>
						<time>2026-08-13T08:34:19Z</time>
					</trkpt>
					<trkpt lat="42.659470" lon="1.469740">
						<ele>2563</ele>
						<time>2026-08-13T08:34:22Z</time>
					</trkpt>
					<trkpt lat="42.659450" lon="1.469690">
						<ele>2561</ele>
						<time>2026-08-13T08:34:24Z</time>
					</trkpt>
					<trkpt lat="42.659490" lon="1.469670">
						<ele>2559</ele>
						<time>2026-08-13T08:34:26Z</time>
					</trkpt>
					<trkpt lat="42.659450" lon="1.469630">
						<ele>2558</ele>
						<time>2026-08-13T08:34:29Z</time>
					</trkpt>
					<trkpt lat="42.659430" lon="1.469560">
						<ele>2555</ele>
						<time>2026-08-13T08:34:31Z</time>
					</trkpt>
					<trkpt lat="42.659420" lon="1.469520">
						<ele>2554</ele>
						<time>2026-08-13T08:34:33Z</time>
					</trkpt>
					<trkpt lat="42.659450" lon="1.469490">
						<ele>2551</ele>
						<time>2026-08-13T08:34:35Z</time>
					</trkpt>
					<trkpt lat="42.659410" lon="1.469440">
						<ele>2550</ele>
						<time>2026-08-13T08:34:38Z</time>
					</trkpt>
					<trkpt lat="42.659400" lon="1.469340">
						<ele>2546</ele>
						<time>2026-08-13T08:34:41Z</time>
					</trkpt>
					<trkpt lat="42.659480" lon="1.469310">
						<ele>2542</ele>
						<time>2026-08-13T08:34:45Z</time>
					</trkpt>
					<trkpt lat="42.659470" lon="1.469250">
						<ele>2540</ele>
						<time>2026-08-13T08:34:48Z</time>
					</trkpt>
					<trkpt lat="42.659540" lon="1.469210">
						<ele>2536</ele>
						<time>2026-08-13T08:34:52Z</time>
					</trkpt>
					<trkpt lat="42.659540" lon="1.469170">
						<ele>2534</ele>
						<time>2026-08-13T08:34:53Z</time>
					</trkpt>
					<trkpt lat="42.659580" lon="1.469160">
						<ele>2533</ele>
						<time>2026-08-13T08:34:55Z</time>
					</trkpt>
					<trkpt lat="42.659560" lon="1.469110">
						<ele>2531</ele>
						<time>2026-08-13T08:34:57Z</time>
					</trkpt>
					<trkpt lat="42.659590" lon="1.469100">
						<ele>2530</ele>
						<time>2026-08-13T08:34:59Z</time>
					</trkpt>
					<trkpt lat="42.659570" lon="1.469040">
						<ele>2527</ele>
						<time>2026-08-13T08:35:01Z</time>
					</trkpt>
					<trkpt lat="42.659600" lon="1.468970">
						<ele>2523</ele>
						<time>2026-08-13T08:35:04Z</time>
					</trkpt>
					<trkpt lat="42.659580" lon="1.468850">
						<ele>2517</ele>
						<time>2026-08-13T08:35:09Z</time>
					</trkpt>
					<trkpt lat="42.659540" lon="1.468750">
						<ele>2513</ele>
						<time>2026-08-13T08:35:13Z</time>
					</trkpt>
					<trkpt lat="42.659470" lon="1.468670">
						<ele>2511</ele>
						<time>2026-08-13T08:35:17Z</time>
					</trkpt>
					<trkpt lat="42.659540" lon="1.468610">
						<ele>2506</ele>
						<time>2026-08-13T08:35:22Z</time>
					</trkpt>
					<trkpt lat="42.659560" lon="1.468410">
						<ele>2496</ele>
						<time>2026-08-13T08:35:29Z</time>
					</trkpt>
					<trkpt lat="42.659610" lon="1.468290">
						<ele>2489</ele>
						<time>2026-08-13T08:35:34Z</time>
					</trkpt>
					<trkpt lat="42.659570" lon="1.468190">
						<ele>2485</ele>
						<time>2026-08-13T08:35:38Z</time>
					</trkpt>
					<trkpt lat="42.659590" lon="1.468080">
						<ele>2479</ele>
						<time>2026-08-13T08:35:42Z</time>
					</trkpt>
					<trkpt lat="42.659690" lon="1.468000">
						<ele>2474</ele>
						<time>2026-08-13T08:35:48Z</time>
					</trkpt>
					<trkpt lat="42.659700" lon="1.467750">
						<ele>2462</ele>
						<time>2026-08-13T08:35:57Z</time>
					</trkpt>
					<trkpt lat="42.659660" lon="1.467630">
						<ele>2457</ele>
						<time>2026-08-13T08:36:02Z</time>
					</trkpt>
					<trkpt lat="42.659500" lon="1.467460">
						<ele>2451</ele>
						<time>2026-08-13T08:36:12Z</time>
					</trkpt>
					<trkpt lat="42.659580" lon="1.467300">
						<ele>2442</ele>
						<time>2026-08-13T08:36:20Z</time>
					</trkpt>
					<trkpt lat="42.659550" lon="1.467200">
						<ele>2437</ele>
						<time>2026-08-13T08:36:24Z</time>
					</trkpt>
					<trkpt lat="42.659630" lon="1.467140">
						<ele>2434</ele>
						<time>2026-08-13T08:36:28Z</time>
					</trkpt>
					<trkpt lat="42.659590" lon="1.467010">
						<ele>2428</ele>
						<time>2026-08-13T08:36:33Z</time>
					</trkpt>
					<trkpt lat="42.659720" lon="1.466830">
						<ele>2418</ele>
						<time>2026-08-13T08:36:43Z</time>
					</trkpt>
					<trkpt lat="42.659770" lon="1.466640">
						<ele>2409</ele>
						<time>2026-08-13T08:36:50Z</time>
					</trkpt>
					<trkpt lat="42.659690" lon="1.466300">
						<ele>2397</ele>
						<time>2026-08-13T08:37:03Z</time>
					</trkpt>
					<trkpt lat="42.659890" lon="1.465580">
						<ele>2370</ele>
						<time>2026-08-13T08:37:31Z</time>
					</trkpt>
					<trkpt lat="42.659890" lon="1.465440">
						<ele>2365</ele>
						<time>2026-08-13T08:37:37Z</time>
					</trkpt>
					<trkpt lat="42.659950" lon="1.465220">
						<ele>2358</ele>
						<time>2026-08-13T08:37:45Z</time>
					</trkpt>
					<trkpt lat="42.659950" lon="1.465100">
						<ele>2354</ele>
						<time>2026-08-13T08:37:50Z</time>
					</trkpt>
					<trkpt lat="42.659840" lon="1.464970">
						<ele>2347</ele>
						<time>2026-08-13T08:37:57Z</time>
					</trkpt>
					<trkpt lat="42.659820" lon="1.464780">
						<ele>2338</ele>
						<time>2026-08-13T08:38:04Z</time>
					</trkpt>
					<trkpt lat="42.659700" lon="1.464370">
						<ele>2317</ele>
						<time>2026-08-13T08:38:20Z</time>
					</trkpt>
					<trkpt lat="42.659600" lon="1.464270">
						<ele>2309</ele>
						<time>2026-08-13T08:38:26Z</time>
					</trkpt>
					<trkpt lat="42.659640" lon="1.464070">
						<ele>2300</ele>
						<time>2026-08-13T08:38:34Z</time>
					</trkpt>
					<trkpt lat="42.659650" lon="1.463660">
						<ele>2278</ele>
						<time>2026-08-13T08:38:49Z</time>
					</trkpt>
					<trkpt lat="42.659720" lon="1.463540">
						<ele>2274</ele>
						<time>2026-08-13T08:38:55Z</time>
					</trkpt>
					<trkpt lat="42.659720" lon="1.463200">
						<ele>2257</ele>
						<time>2026-08-13T08:39:07Z</time>
					</trkpt>
					<trkpt lat="42.659680" lon="1.463130">
						<ele>2253</ele>
						<time>2026-08-13T08:39:11Z</time>
					</trkpt>
					<trkpt lat="42.659710" lon="1.463020">
						<ele>2249</ele>
						<time>2026-08-13T08:39:15Z</time>
					</trkpt>
					<trkpt lat="42.659640" lon="1.462930">
						<ele>2242</ele>
						<time>2026-08-13T08:39:20Z</time>
					</trkpt>
					<trkpt lat="42.659610" lon="1.462750">
						<ele>2233</ele>
						<time>2026-08-13T08:39:27Z</time>
					</trkpt>
					<trkpt lat="42.659640" lon="1.462570">
						<ele>2226</ele>
						<time>2026-08-13T08:39:33Z</time>
					</trkpt>
					<trkpt lat="42.659400" lon="1.461690">
						<ele>2179</ele>
						<time>2026-08-13T08:40:08Z</time>
					</trkpt>
					<trkpt lat="42.659200" lon="1.461590">
						<ele>2163</ele>
						<time>2026-08-13T08:40:19Z</time>
					</trkpt>
					<trkpt lat="42.659120" lon="1.461430">
						<ele>2154</ele>
						<time>2026-08-13T08:40:26Z</time>
					</trkpt>
					<trkpt lat="42.659050" lon="1.461420">
						<ele>2152</ele>
						<time>2026-08-13T08:40:29Z</time>
					</trkpt>
					<trkpt lat="42.658950" lon="1.461260">
						<ele>2144</ele>
						<time>2026-08-13T08:40:37Z</time>
					</trkpt>
					<trkpt lat="42.658870" lon="1.461200">
						<ele>2140</ele>
						<time>2026-08-13T08:40:41Z</time>
					</trkpt>
					<trkpt lat="42.658870" lon="1.461130">
						<ele>2138</ele>
						<time>2026-08-13T08:40:44Z</time>
					</trkpt>
					<trkpt lat="42.658680" lon="1.460820">
						<ele>2121</ele>
						<time>2026-08-13T08:40:59Z</time>
					</trkpt>
					<trkpt lat="42.658630" lon="1.460590">
						<ele>2113</ele>
						<time>2026-08-13T08:41:08Z</time>
					</trkpt>
					<trkpt lat="42.658440" lon="1.460340">
						<ele>2101</ele>
						<time>2026-08-13T08:41:21Z</time>
					</trkpt>
					<trkpt lat="42.658240" lon="1.459990">
						<ele>2089</ele>
						<time>2026-08-13T08:41:37Z</time>
					</trkpt>
					<trkpt lat="42.658080" lon="1.459560">
						<ele>2079</ele>
						<time>2026-08-13T08:41:55Z</time>
					</trkpt>
					<trkpt lat="42.657890" lon="1.459200">
						<ele>2071</ele>
						<time>2026-08-13T08:42:11Z</time>
					</trkpt>
					<trkpt lat="42.657750" lon="1.459070">
						<ele>2069</ele>
						<time>2026-08-13T08:42:20Z</time>
					</trkpt>
					<trkpt lat="42.657590" lon="1.458990">
						<ele>2069</ele>
						<time>2026-08-13T08:42:28Z</time>
					</trkpt>
					<trkpt lat="42.657380" lon="1.458790">
						<ele>2068</ele>
						<time>2026-08-13T08:42:41Z</time>
					</trkpt>
					<trkpt lat="42.657330" lon="1.458510">
						<ele>2065</ele>
						<time>2026-08-13T08:42:52Z</time>
					</trkpt>
					<trkpt lat="42.657380" lon="1.458190">
						<ele>2057</ele>
						<time>2026-08-13T08:43:04Z</time>
					</trkpt>
					<trkpt lat="42.657290" lon="1.457820">
						<ele>2047</ele>
						<time>2026-08-13T08:43:18Z</time>
					</trkpt>
					<trkpt lat="42.657330" lon="1.456960">
						<ele>2017</ele>
						<time>2026-08-13T08:43:50Z</time>
					</trkpt>
					<trkpt lat="42.657190" lon="1.456690">
						<ele>2007</ele>
						<time>2026-08-13T08:44:02Z</time>
					</trkpt>
					<trkpt lat="42.656950" lon="1.456530">
						<ele>2001</ele>
						<time>2026-08-13T08:44:15Z</time>
					</trkpt>
					<trkpt lat="42.657090" lon="1.456210">
						<ele>1988</ele>
						<time>2026-08-13T08:44:29Z</time>
					</trkpt>
					<trkpt lat="42.657090" lon="1.456130">
						<ele>1985</ele>
						<time>2026-08-13T08:44:32Z</time>
					</trkpt>
					<trkpt lat="42.657170" lon="1.456070">
						<ele>1983</ele>
						<time>2026-08-13T08:44:37Z</time>
					</trkpt>
					<trkpt lat="42.657450" lon="1.455540">
						<ele>1964</ele>
						<time>2026-08-13T08:45:01Z</time>
					</trkpt>
					<trkpt lat="42.657610" lon="1.455360">
						<ele>1956</ele>
						<time>2026-08-13T08:45:11Z</time>
					</trkpt>
					<trkpt lat="42.657720" lon="1.455110">
						<ele>1944</ele>
						<time>2026-08-13T08:45:22Z</time>
					</trkpt>
					<trkpt lat="42.657560" lon="1.454990">
						<ele>1942</ele>
						<time>2026-08-13T08:45:31Z</time>
					</trkpt>
					<trkpt lat="42.657520" lon="1.454830">
						<ele>1934</ele>
						<time>2026-08-13T08:45:37Z</time>
					</trkpt>
					<trkpt lat="42.657680" lon="1.454510">
						<ele>1916</ele>
						<time>2026-08-13T08:45:51Z</time>
					</trkpt>
					<trkpt lat="42.657620" lon="1.454480">
						<ele>1915</ele>
						<time>2026-08-13T08:45:55Z</time>
					</trkpt>
					<trkpt lat="42.657610" lon="1.454330">
						<ele>1908</ele>
						<time>2026-08-13T08:46:00Z</time>
					</trkpt>
					<trkpt lat="42.657280" lon="1.454130">
						<ele>1895</ele>
						<time>2026-08-13T08:46:18Z</time>
					</trkpt>
					<trkpt lat="42.657310" lon="1.453940">
						<ele>1887</ele>
						<time>2026-08-13T08:46:25Z</time>
					</trkpt>
					<trkpt lat="42.656540" lon="1.453760">
						<ele>1861</ele>
						<time>2026-08-13T08:47:04Z</time>
					</trkpt>
					<trkpt lat="42.656200" lon="1.453830">
						<ele>1854</ele>
						<time>2026-08-13T08:47:22Z</time>
					</trkpt>
					<trkpt lat="42.655710" lon="1.453650">
						<ele>1832</ele>
						<time>2026-08-13T08:47:47Z</time>
					</trkpt>
					<trkpt lat="42.655150" lon="1.453270">
						<ele>1805</ele>
						<time>2026-08-13T08:48:18Z</time>
					</trkpt>
					<trkpt lat="42.655040" lon="1.453270">
						<ele>1803</ele>
						<time>2026-08-13T08:48:24Z</time>
					</trkpt>
					<trkpt lat="42.655000" lon="1.453130">
						<ele>1796</ele>
						<time>2026-08-13T08:48:29Z</time>
					</trkpt>
					<trkpt lat="42.654730" lon="1.453080">
						<ele>1789</ele>
						<time>2026-08-13T08:48:43Z</time>
					</trkpt>
					<trkpt lat="42.654600" lon="1.452930">
						<ele>1780</ele>
						<time>2026-08-13T08:48:52Z</time>
					</trkpt>
					<trkpt lat="42.654400" lon="1.452930">
						<ele>1777</ele>
						<time>2026-08-13T08:49:02Z</time>
					</trkpt>
					<trkpt lat="42.654300" lon="1.453060">
						<ele>1782</ele>
						<time>2026-08-13T08:49:08Z</time>
					</trkpt>
					<trkpt lat="42.654080" lon="1.453100">
						<ele>1780</ele>
						<time>2026-08-13T08:49:20Z</time>
					</trkpt>
					<trkpt lat="42.654000" lon="1.452990">
						<ele>1773</ele>
						<time>2026-08-13T08:49:25Z</time>
					</trkpt>
					<trkpt lat="42.653680" lon="1.452940">
						<ele>1764</ele>
						<time>2026-08-13T08:49:41Z</time>
					</trkpt>
					<trkpt lat="42.653580" lon="1.452830">
						<ele>1757</ele>
						<time>2026-08-13T08:49:48Z</time>
					</trkpt>
					<trkpt lat="42.653500" lon="1.452840">
						<ele>1755</ele>
						<time>2026-08-13T08:49:52Z</time>
					</trkpt>
					<trkpt lat="42.653480" lon="1.452730">
						<ele>1750</ele>
						<time>2026-08-13T08:49:56Z</time>
					</trkpt>
					<trkpt lat="42.653350" lon="1.452580">
						<ele>1741</ele>
						<time>2026-08-13T08:50:05Z</time>
					</trkpt>
					<trkpt lat="42.653360" lon="1.452490">
						<ele>1737</ele>
						<time>2026-08-13T08:50:08Z</time>
					</trkpt>
					<trkpt lat="42.653300" lon="1.452160">
						<ele>1724</ele>
						<time>2026-08-13T08:50:20Z</time>
					</trkpt>
					<trkpt lat="42.653360" lon="1.451840">
						<ele>1711</ele>
						<time>2026-08-13T08:50:33Z</time>
					</trkpt>
					<trkpt lat="42.653330" lon="1.451570">
						<ele>1702</ele>
						<time>2026-08-13T08:50:43Z</time>
					</trkpt>
					<trkpt lat="42.653400" lon="1.451400">
						<ele>1698</ele>
						<time>2026-08-13T08:50:50Z</time>
					</trkpt>
					<trkpt lat="42.653520" lon="1.451310">
						<ele>1697</ele>
						<time>2026-08-13T08:50:57Z</time>
					</trkpt>
					<trkpt lat="42.653810" lon="1.450960">
						<ele>1692</ele>
						<time>2026-08-13T08:51:16Z</time>
					</trkpt>
					<trkpt lat="42.654450" lon="1.449580">
						<ele>1664</ele>
						<time>2026-08-13T08:52:16Z</time>
					</trkpt>
					<trkpt lat="42.654780" lon="1.449270">
						<ele>1657</ele>
						<time>2026-08-13T08:52:36Z</time>
					</trkpt>
					<trkpt lat="42.655740" lon="1.448990">
						<ele>1650</ele>
						<time>2026-08-13T08:53:25Z</time>
					</trkpt>
					<trkpt lat="42.656200" lon="1.448220">
						<ele>1640</ele>
						<time>2026-08-13T08:54:02Z</time>
					</trkpt>
					<trkpt lat="42.656694" lon="1.448311">
						<ele>1636</ele>
						<time>2026-08-13T08:54:26Z</time>
					</trkpt>
					<trkpt lat="42.656709" lon="1.448313">
						<ele>1636</ele>
						<time>2026-08-13T08:54:27Z</time>
					</trkpt>
					<trkpt lat="42.656800" lon="1.448330">
						<ele>1635</ele>
						<time>2026-08-13T08:54:32Z</time>
					</trkpt>
					<trkpt lat="42.656060" lon="1.448500">
						<ele>1644</ele>
						<time>2026-08-13T08:55:10Z</time>
					</trkpt>
					<trkpt lat="42.655740" lon="1.448980">
						<ele>1650</ele>
						<time>2026-08-13T08:55:34Z</time>
					</trkpt>
					<trkpt lat="42.654910" lon="1.449210">
						<ele>1656</ele>
						<time>2026-08-13T08:56:16Z</time>
					</trkpt>
					<trkpt lat="42.654010" lon="1.449790">
						<ele>1666</ele>
						<time>2026-08-13T08:57:06Z</time>
					</trkpt>
					<trkpt lat="42.653540" lon="1.449930">
						<ele>1665</ele>
						<time>2026-08-13T08:57:30Z</time>
					</trkpt>
					<trkpt lat="42.652990" lon="1.449950">
						<ele>1666</ele>
						<time>2026-08-13T08:57:57Z</time>
					</trkpt>
					<trkpt lat="42.652820" lon="1.450110">
						<ele>1670</ele>
						<time>2026-08-13T08:58:08Z</time>
					</trkpt>
					<trkpt lat="42.651590" lon="1.450370">
						<ele>1681</ele>
						<time>2026-08-13T08:59:10Z</time>
					</trkpt>
					<trkpt lat="42.650920" lon="1.450560">
						<ele>1696</ele>
						<time>2026-08-13T08:59:44Z</time>
					</trkpt>
					<trkpt lat="42.650520" lon="1.450600">
						<ele>1705</ele>
						<time>2026-08-13T09:00:04Z</time>
					</trkpt>
					<trkpt lat="42.650440" lon="1.450840">
						<ele>1708</ele>
						<time>2026-08-13T09:00:14Z</time>
					</trkpt>
					<trkpt lat="42.650270" lon="1.450720">
						<ele>1711</ele>
						<time>2026-08-13T09:00:24Z</time>
					</trkpt>
					<trkpt lat="42.650010" lon="1.450970">
						<ele>1721</ele>
						<time>2026-08-13T09:00:40Z</time>
					</trkpt>
					<trkpt lat="42.649830" lon="1.450880">
						<ele>1724</ele>
						<time>2026-08-13T09:00:49Z</time>
					</trkpt>
					<trkpt lat="42.649660" lon="1.450500">
						<ele>1727</ele>
						<time>2026-08-13T09:01:06Z</time>
					</trkpt>
					<trkpt lat="42.649270" lon="1.450370">
						<ele>1736</ele>
						<time>2026-08-13T09:01:26Z</time>
					</trkpt>
					<trkpt lat="42.648830" lon="1.450390">
						<ele>1746</ele>
						<time>2026-08-13T09:01:48Z</time>
					</trkpt>
					<trkpt lat="42.648120" lon="1.449960">
						<ele>1752</ele>
						<time>2026-08-13T09:02:27Z</time>
					</trkpt>
					<trkpt lat="42.647850" lon="1.449500">
						<ele>1758</ele>
						<time>2026-08-13T09:02:48Z</time>
					</trkpt>
					<trkpt lat="42.647590" lon="1.449540">
						<ele>1762</ele>
						<time>2026-08-13T09:03:01Z</time>
					</trkpt>
					<trkpt lat="42.646590" lon="1.449060">
						<ele>1776</ele>
						<time>2026-08-13T09:03:54Z</time>
					</trkpt>
					<trkpt lat="42.646480" lon="1.449100">
						<ele>1777</ele>
						<time>2026-08-13T09:04:00Z</time>
					</trkpt>
					<trkpt lat="42.646500" lon="1.448900">
						<ele>1779</ele>
						<time>2026-08-13T09:04:07Z</time>
					</trkpt>
					<trkpt lat="42.646460" lon="1.448740">
						<ele>1781</ele>
						<time>2026-08-13T09:04:14Z</time>
					</trkpt>
					<trkpt lat="42.646100" lon="1.448780">
						<ele>1785</ele>
						<time>2026-08-13T09:04:32Z</time>
					</trkpt>
					<trkpt lat="42.645870" lon="1.448770">
						<ele>1788</ele>
						<time>2026-08-13T09:04:43Z</time>
					</trkpt>
					<trkpt lat="42.645730" lon="1.448800">
						<ele>1791</ele>
						<time>2026-08-13T09:04:50Z</time>
					</trkpt>
					<trkpt lat="42.645610" lon="1.448750">
						<ele>1795</ele>
						<time>2026-08-13T09:04:57Z</time>
					</trkpt>
					<trkpt lat="42.645480" lon="1.448630">
						<ele>1798</ele>
						<time>2026-08-13T09:05:05Z</time>
					</trkpt>
					<trkpt lat="42.645660" lon="1.448460">
						<ele>1794</ele>
						<time>2026-08-13T09:05:15Z</time>
					</trkpt>
					<trkpt lat="42.645390" lon="1.448410">
						<ele>1801</ele>
						<time>2026-08-13T09:05:29Z</time>
					</trkpt>
					<trkpt lat="42.645340" lon="1.448300">
						<ele>1803</ele>
						<time>2026-08-13T09:05:34Z</time>
					</trkpt>
					<trkpt lat="42.645160" lon="1.448310">
						<ele>1807</ele>
						<time>2026-08-13T09:05:43Z</time>
					</trkpt>
					<trkpt lat="42.645210" lon="1.448200">
						<ele>1809</ele>
						<time>2026-08-13T09:05:48Z</time>
					</trkpt>
					<trkpt lat="42.645130" lon="1.448210">
						<ele>1810</ele>
						<time>2026-08-13T09:05:52Z</time>
					</trkpt>
					<trkpt lat="42.644930" lon="1.448440">
						<ele>1811</ele>
						<time>2026-08-13T09:06:05Z</time>
					</trkpt>
					<trkpt lat="42.644500" lon="1.448830">
						<ele>1816</ele>
						<time>2026-08-13T09:06:31Z</time>
					</trkpt>
					<trkpt lat="42.644500" lon="1.449120">
						<ele>1812</ele>
						<time>2026-08-13T09:06:41Z</time>
					</trkpt>
					<trkpt lat="42.644560" lon="1.449500">
						<ele>1819</ele>
						<time>2026-08-13T09:06:56Z</time>
					</trkpt>
					<trkpt lat="42.644330" lon="1.449490">
						<ele>1819</ele>
						<time>2026-08-13T09:07:07Z</time>
					</trkpt>
					<trkpt lat="42.643060" lon="1.450310">
						<ele>1829</ele>
						<time>2026-08-13T09:08:18Z</time>
					</trkpt>
					<trkpt lat="42.642720" lon="1.450370">
						<ele>1826</ele>
						<time>2026-08-13T09:08:35Z</time>
					</trkpt>
					<trkpt lat="42.642190" lon="1.450750">
						<ele>1826</ele>
						<time>2026-08-13T09:09:05Z</time>
					</trkpt>
					<trkpt lat="42.642030" lon="1.450750">
						<ele>1825</ele>
						<time>2026-08-13T09:09:13Z</time>
					</trkpt>
					<trkpt lat="42.641870" lon="1.450880">
						<ele>1827</ele>
						<time>2026-08-13T09:09:22Z</time>
					</trkpt>
					<trkpt lat="42.641460" lon="1.450760">
						<ele>1824</ele>
						<time>2026-08-13T09:09:43Z</time>
					</trkpt>
					<trkpt lat="42.641170" lon="1.450890">
						<ele>1829</ele>
						<time>2026-08-13T09:09:58Z</time>
					</trkpt>
					<trkpt lat="42.640740" lon="1.450930">
						<ele>1832</ele>
						<time>2026-08-13T09:10:20Z</time>
					</trkpt>
					<trkpt lat="42.640460" lon="1.450780">
						<ele>1827</ele>
						<time>2026-08-13T09:10:35Z</time>
					</trkpt>
					<trkpt lat="42.639610" lon="1.451000">
						<ele>1834</ele>
						<time>2026-08-13T09:11:18Z</time>
					</trkpt>
					<trkpt lat="42.639310" lon="1.451010">
						<ele>1834</ele>
						<time>2026-08-13T09:11:33Z</time>
					</trkpt>
					<trkpt lat="42.639080" lon="1.451060">
						<ele>1836</ele>
						<time>2026-08-13T09:11:45Z</time>
					</trkpt>
					<trkpt lat="42.638710" lon="1.451350">
						<ele>1845</ele>
						<time>2026-08-13T09:12:06Z</time>
					</trkpt>
					<trkpt lat="42.638280" lon="1.451140">
						<ele>1838</ele>
						<time>2026-08-13T09:12:29Z</time>
					</trkpt>
					<trkpt lat="42.637700" lon="1.451080">
						<ele>1840</ele>
						<time>2026-08-13T09:12:58Z</time>
					</trkpt>
					<trkpt lat="42.637340" lon="1.451130">
						<ele>1845</ele>
						<time>2026-08-13T09:13:16Z</time>
					</trkpt>
					<trkpt lat="42.637380" lon="1.451190">
						<ele>1847</ele>
						<time>2026-08-13T09:13:19Z</time>
					</trkpt>
					<trkpt lat="42.637440" lon="1.451210">
						<ele>1847</ele>
						<time>2026-08-13T09:13:22Z</time>
					</trkpt>
					<trkpt lat="42.637470" lon="1.451320">
						<ele>1851</ele>
						<time>2026-08-13T09:13:27Z</time>
					</trkpt>
					<trkpt lat="42.637440" lon="1.451370">
						<ele>1853</ele>
						<time>2026-08-13T09:13:29Z</time>
					</trkpt>
					<trkpt lat="42.637490" lon="1.451450">
						<ele>1855</ele>
						<time>2026-08-13T09:13:33Z</time>
					</trkpt>
					<trkpt lat="42.637390" lon="1.451780">
						<ele>1869</ele>
						<time>2026-08-13T09:13:46Z</time>
					</trkpt>
					<trkpt lat="42.637450" lon="1.451910">
						<ele>1873</ele>
						<time>2026-08-13T09:13:52Z</time>
					</trkpt>
					<trkpt lat="42.637390" lon="1.452000">
						<ele>1877</ele>
						<time>2026-08-13T09:13:56Z</time>
					</trkpt>
					<trkpt lat="42.637430" lon="1.452200">
						<ele>1885</ele>
						<time>2026-08-13T09:14:04Z</time>
					</trkpt>
					<trkpt lat="42.637370" lon="1.452260">
						<ele>1888</ele>
						<time>2026-08-13T09:14:08Z</time>
					</trkpt>
					<trkpt lat="42.637450" lon="1.452350">
						<ele>1891</ele>
						<time>2026-08-13T09:14:13Z</time>
					</trkpt>
					<trkpt lat="42.637420" lon="1.452420">
						<ele>1894</ele>
						<time>2026-08-13T09:14:16Z</time>
					</trkpt>
					<trkpt lat="42.637480" lon="1.452500">
						<ele>1897</ele>
						<time>2026-08-13T09:14:20Z</time>
					</trkpt>
					<trkpt lat="42.637440" lon="1.452520">
						<ele>1898</ele>
						<time>2026-08-13T09:14:22Z</time>
					</trkpt>
					<trkpt lat="42.637450" lon="1.452560">
						<ele>1900</ele>
						<time>2026-08-13T09:14:24Z</time>
					</trkpt>
					<trkpt lat="42.637350" lon="1.452640">
						<ele>1905</ele>
						<time>2026-08-13T09:14:29Z</time>
					</trkpt>
					<trkpt lat="42.637450" lon="1.452850">
						<ele>1917</ele>
						<time>2026-08-13T09:14:39Z</time>
					</trkpt>
					<trkpt lat="42.637340" lon="1.452890">
						<ele>1919</ele>
						<time>2026-08-13T09:14:44Z</time>
					</trkpt>
					<trkpt lat="42.637370" lon="1.452960">
						<ele>1923</ele>
						<time>2026-08-13T09:14:47Z</time>
					</trkpt>
					<trkpt lat="42.637300" lon="1.452990">
						<ele>1925</ele>
						<time>2026-08-13T09:14:51Z</time>
					</trkpt>
					<trkpt lat="42.637440" lon="1.453270">
						<ele>1940</ele>
						<time>2026-08-13T09:15:03Z</time>
					</trkpt>
					<trkpt lat="42.637360" lon="1.453330">
						<ele>1943</ele>
						<time>2026-08-13T09:15:08Z</time>
					</trkpt>
					<trkpt lat="42.637410" lon="1.453400">
						<ele>1948</ele>
						<time>2026-08-13T09:15:12Z</time>
					</trkpt>
					<trkpt lat="42.637370" lon="1.453450">
						<ele>1952</ele>
						<time>2026-08-13T09:15:14Z</time>
					</trkpt>
					<trkpt lat="42.637380" lon="1.453530">
						<ele>1957</ele>
						<time>2026-08-13T09:15:17Z</time>
					</trkpt>
					<trkpt lat="42.637280" lon="1.453550">
						<ele>1959</ele>
						<time>2026-08-13T09:15:22Z</time>
					</trkpt>
					<trkpt lat="42.637300" lon="1.453650">
						<ele>1966</ele>
						<time>2026-08-13T09:15:26Z</time>
					</trkpt>
					<trkpt lat="42.637250" lon="1.453670">
						<ele>1967</ele>
						<time>2026-08-13T09:15:29Z</time>
					</trkpt>
					<trkpt lat="42.637260" lon="1.453710">
						<ele>1970</ele>
						<time>2026-08-13T09:15:30Z</time>
					</trkpt>
					<trkpt lat="42.637190" lon="1.453710">
						<ele>1969</ele>
						<time>2026-08-13T09:15:34Z</time>
					</trkpt>
					<trkpt lat="42.637210" lon="1.453770">
						<ele>1973</ele>
						<time>2026-08-13T09:15:36Z</time>
					</trkpt>
					<trkpt lat="42.637170" lon="1.453780">
						<ele>1974</ele>
						<time>2026-08-13T09:15:38Z</time>
					</trkpt>
					<trkpt lat="42.637200" lon="1.453840">
						<ele>1978</ele>
						<time>2026-08-13T09:15:41Z</time>
					</trkpt>
					<trkpt lat="42.637160" lon="1.453860">
						<ele>1979</ele>
						<time>2026-08-13T09:15:43Z</time>
					</trkpt>
					<trkpt lat="42.637190" lon="1.453940">
						<ele>1985</ele>
						<time>2026-08-13T09:15:46Z</time>
					</trkpt>
					<trkpt lat="42.637150" lon="1.453940">
						<ele>1984</ele>
						<time>2026-08-13T09:15:48Z</time>
					</trkpt>
					<trkpt lat="42.637160" lon="1.454020">
						<ele>1990</ele>
						<time>2026-08-13T09:15:51Z</time>
					</trkpt>
					<trkpt lat="42.637110" lon="1.454040">
						<ele>1991</ele>
						<time>2026-08-13T09:15:54Z</time>
					</trkpt>
					<trkpt lat="42.637140" lon="1.454130">
						<ele>1997</ele>
						<time>2026-08-13T09:15:58Z</time>
					</trkpt>
					<trkpt lat="42.637020" lon="1.454120">
						<ele>1995</ele>
						<time>2026-08-13T09:16:04Z</time>
					</trkpt>
					<trkpt lat="42.637030" lon="1.454180">
						<ele>1999</ele>
						<time>2026-08-13T09:16:06Z</time>
					</trkpt>
					<trkpt lat="42.637000" lon="1.454170">
						<ele>1998</ele>
						<time>2026-08-13T09:16:08Z</time>
					</trkpt>
					<trkpt lat="42.637040" lon="1.454280">
						<ele>2006</ele>
						<time>2026-08-13T09:16:12Z</time>
					</trkpt>
					<trkpt lat="42.636980" lon="1.454300">
						<ele>2006</ele>
						<time>2026-08-13T09:16:15Z</time>
					</trkpt>
					<trkpt lat="42.636990" lon="1.454340">
						<ele>2009</ele>
						<time>2026-08-13T09:16:17Z</time>
					</trkpt>
					<trkpt lat="42.636910" lon="1.454340">
						<ele>2008</ele>
						<time>2026-08-13T09:16:21Z</time>
					</trkpt>
					<trkpt lat="42.636890" lon="1.454360">
						<ele>2009</ele>
						<time>2026-08-13T09:16:22Z</time>
					</trkpt>
					<trkpt lat="42.636910" lon="1.454430">
						<ele>2014</ele>
						<time>2026-08-13T09:16:25Z</time>
					</trkpt>
					<trkpt lat="42.636840" lon="1.454440">
						<ele>2014</ele>
						<time>2026-08-13T09:16:28Z</time>
					</trkpt>
					<trkpt lat="42.636790" lon="1.454360">
						<ele>2008</ele>
						<time>2026-08-13T09:16:32Z</time>
					</trkpt>
					<trkpt lat="42.636720" lon="1.454390">
						<ele>2010</ele>
						<time>2026-08-13T09:16:36Z</time>
					</trkpt>
					<trkpt lat="42.636860" lon="1.454770">
						<ele>2037</ele>
						<time>2026-08-13T09:16:51Z</time>
					</trkpt>
					<trkpt lat="42.636900" lon="1.455000">
						<ele>2053</ele>
						<time>2026-08-13T09:17:00Z</time>
					</trkpt>
					<trkpt lat="42.636890" lon="1.455120">
						<ele>2063</ele>
						<time>2026-08-13T09:17:05Z</time>
					</trkpt>
					<trkpt lat="42.636960" lon="1.455330">
						<ele>2081</ele>
						<time>2026-08-13T09:17:13Z</time>
					</trkpt>
					<trkpt lat="42.637190" lon="1.455430">
						<ele>2086</ele>
						<time>2026-08-13T09:17:25Z</time>
					</trkpt>
					<trkpt lat="42.637220" lon="1.455510">
						<ele>2091</ele>
						<time>2026-08-13T09:17:28Z</time>
					</trkpt>
					<trkpt lat="42.637300" lon="1.455520">
						<ele>2091</ele>
						<time>2026-08-13T09:17:32Z</time>
					</trkpt>
					<trkpt lat="42.637300" lon="1.455580">
						<ele>2095</ele>
						<time>2026-08-13T09:17:35Z</time>
					</trkpt>
					<trkpt lat="42.637370" lon="1.455610">
						<ele>2095</ele>
						<time>2026-08-13T09:17:38Z</time>
					</trkpt>
					<trkpt lat="42.637400" lon="1.455650">
						<ele>2097</ele>
						<time>2026-08-13T09:17:40Z</time>
					</trkpt>
					<trkpt lat="42.637330" lon="1.455750">
						<ele>2105</ele>
						<time>2026-08-13T09:17:46Z</time>
					</trkpt>
					<trkpt lat="42.637460" lon="1.455810">
						<ele>2104</ele>
						<time>2026-08-13T09:17:52Z</time>
					</trkpt>
					<trkpt lat="42.637540" lon="1.455880">
						<ele>2109</ele>
						<time>2026-08-13T09:17:57Z</time>
					</trkpt>
					<trkpt lat="42.637460" lon="1.455930">
						<ele>2112</ele>
						<time>2026-08-13T09:18:02Z</time>
					</trkpt>
					<trkpt lat="42.637450" lon="1.456000">
						<ele>2117</ele>
						<time>2026-08-13T09:18:04Z</time>
					</trkpt>
					<trkpt lat="42.637580" lon="1.456090">
						<ele>2125</ele>
						<time>2026-08-13T09:18:11Z</time>
					</trkpt>
					<trkpt lat="42.637530" lon="1.456140">
						<ele>2126</ele>
						<time>2026-08-13T09:18:15Z</time>
					</trkpt>
					<trkpt lat="42.637620" lon="1.456340">
						<ele>2143</ele>
						<time>2026-08-13T09:18:23Z</time>
					</trkpt>
					<trkpt lat="42.637730" lon="1.456500">
						<ele>2156</ele>
						<time>2026-08-13T09:18:31Z</time>
					</trkpt>
					<trkpt lat="42.637580" lon="1.456540">
						<ele>2154</ele>
						<time>2026-08-13T09:18:39Z</time>
					</trkpt>
					<trkpt lat="42.637690" lon="1.456710">
						<ele>2167</ele>
						<time>2026-08-13T09:18:47Z</time>
					</trkpt>
					<trkpt lat="42.637810" lon="1.456740">
						<ele>2170</ele>
						<time>2026-08-13T09:18:53Z</time>
					</trkpt>
					<trkpt lat="42.637830" lon="1.456770">
						<ele>2172</ele>
						<time>2026-08-13T09:18:55Z</time>
					</trkpt>
					<trkpt lat="42.637760" lon="1.456780">
						<ele>2171</ele>
						<time>2026-08-13T09:18:58Z</time>
					</trkpt>
					<trkpt lat="42.637720" lon="1.456870">
						<ele>2174</ele>
						<time>2026-08-13T09:19:02Z</time>
					</trkpt>
					<trkpt lat="42.637790" lon="1.456920">
						<ele>2177</ele>
						<time>2026-08-13T09:19:06Z</time>
					</trkpt>
					<trkpt lat="42.637830" lon="1.457040">
						<ele>2182</ele>
						<time>2026-08-13T09:19:11Z</time>
					</trkpt>
					<trkpt lat="42.637890" lon="1.457080">
						<ele>2185</ele>
						<time>2026-08-13T09:19:14Z</time>
					</trkpt>
					<trkpt lat="42.637890" lon="1.457200">
						<ele>2189</ele>
						<time>2026-08-13T09:19:19Z</time>
					</trkpt>
					<trkpt lat="42.637980" lon="1.457330">
						<ele>2194</ele>
						<time>2026-08-13T09:19:25Z</time>
					</trkpt>
					<trkpt lat="42.637960" lon="1.457400">
						<ele>2197</ele>
						<time>2026-08-13T09:19:28Z</time>
					</trkpt>
					<trkpt lat="42.638010" lon="1.457450">
						<ele>2199</ele>
						<time>2026-08-13T09:19:31Z</time>
					</trkpt>
					<trkpt lat="42.638040" lon="1.457560">
						<ele>2202</ele>
						<time>2026-08-13T09:19:36Z</time>
					</trkpt>
					<trkpt lat="42.637960" lon="1.457720">
						<ele>2205</ele>
						<time>2026-08-13T09:19:43Z</time>
					</trkpt>
					<trkpt lat="42.638000" lon="1.457760">
						<ele>2206</ele>
						<time>2026-08-13T09:19:45Z</time>
					</trkpt>
					<trkpt lat="42.637960" lon="1.457830">
						<ele>2208</ele>
						<time>2026-08-13T09:19:48Z</time>
					</trkpt>
					<trkpt lat="42.638050" lon="1.457890">
						<ele>2209</ele>
						<time>2026-08-13T09:19:53Z</time>
					</trkpt>
					<trkpt lat="42.638120" lon="1.457890">
						<ele>2208</ele>
						<time>2026-08-13T09:19:57Z</time>
					</trkpt>
					<trkpt lat="42.638150" lon="1.458130">
						<ele>2213</ele>
						<time>2026-08-13T09:20:06Z</time>
					</trkpt>
					<trkpt lat="42.638190" lon="1.458160">
						<ele>2214</ele>
						<time>2026-08-13T09:20:08Z</time>
					</trkpt>
					<trkpt lat="42.638280" lon="1.458440">
						<ele>2218</ele>
						<time>2026-08-13T09:20:19Z</time>
					</trkpt>
					<trkpt lat="42.638240" lon="1.458490">
						<ele>2220</ele>
						<time>2026-08-13T09:20:22Z</time>
					</trkpt>
					<trkpt lat="42.638320" lon="1.458620">
						<ele>2221</ele>
						<time>2026-08-13T09:20:28Z</time>
					</trkpt>
					<trkpt lat="42.638300" lon="1.459100">
						<ele>2230</ele>
						<time>2026-08-13T09:20:46Z</time>
					</trkpt>
					<trkpt lat="42.638340" lon="1.459280">
						<ele>2235</ele>
						<time>2026-08-13T09:20:53Z</time>
					</trkpt>
					<trkpt lat="42.638310" lon="1.459320">
						<ele>2236</ele>
						<time>2026-08-13T09:20:55Z</time>
					</trkpt>
					<trkpt lat="42.638290" lon="1.459620">
						<ele>2246</ele>
						<time>2026-08-13T09:21:06Z</time>
					</trkpt>
					<trkpt lat="42.638230" lon="1.459780">
						<ele>2250</ele>
						<time>2026-08-13T09:21:13Z</time>
					</trkpt>
					<trkpt lat="42.638230" lon="1.459960">
						<ele>2256</ele>
						<time>2026-08-13T09:21:19Z</time>
					</trkpt>
					<trkpt lat="42.638280" lon="1.460000">
						<ele>2258</ele>
						<time>2026-08-13T09:21:22Z</time>
					</trkpt>
					<trkpt lat="42.638270" lon="1.460120">
						<ele>2261</ele>
						<time>2026-08-13T09:21:27Z</time>
					</trkpt>
					<trkpt lat="42.638330" lon="1.460380">
						<ele>2269</ele>
						<time>2026-08-13T09:21:37Z</time>
					</trkpt>
					<trkpt lat="42.638420" lon="1.460310">
						<ele>2268</ele>
						<time>2026-08-13T09:21:42Z</time>
					</trkpt>
					<trkpt lat="42.638530" lon="1.460370">
						<ele>2271</ele>
						<time>2026-08-13T09:21:48Z</time>
					</trkpt>
					<trkpt lat="42.638530" lon="1.460430">
						<ele>2273</ele>
						<time>2026-08-13T09:21:50Z</time>
					</trkpt>
					<trkpt lat="42.638580" lon="1.460480">
						<ele>2275</ele>
						<time>2026-08-13T09:21:53Z</time>
					</trkpt>
					<trkpt lat="42.638560" lon="1.460640">
						<ele>2279</ele>
						<time>2026-08-13T09:21:59Z</time>
					</trkpt>
					<trkpt lat="42.638570" lon="1.460810">
						<ele>2284</ele>
						<time>2026-08-13T09:22:06Z</time>
					</trkpt>
					<trkpt lat="42.638540" lon="1.460940">
						<ele>2288</ele>
						<time>2026-08-13T09:22:11Z</time>
					</trkpt>
					<trkpt lat="42.638560" lon="1.461010">
						<ele>2291</ele>
						<time>2026-08-13T09:22:13Z</time>
					</trkpt>
					<trkpt lat="42.638540" lon="1.461180">
						<ele>2297</ele>
						<time>2026-08-13T09:22:20Z</time>
					</trkpt>
					<trkpt lat="42.638580" lon="1.461330">
						<ele>2302</ele>
						<time>2026-08-13T09:22:26Z</time>
					</trkpt>
					<trkpt lat="42.638550" lon="1.461630">
						<ele>2312</ele>
						<time>2026-08-13T09:22:37Z</time>
					</trkpt>
					<trkpt lat="42.638570" lon="1.461900">
						<ele>2322</ele>
						<time>2026-08-13T09:22:47Z</time>
					</trkpt>
					<trkpt lat="42.638550" lon="1.462140">
						<ele>2330</ele>
						<time>2026-08-13T09:22:56Z</time>
					</trkpt>
					<trkpt lat="42.638580" lon="1.462200">
						<ele>2332</ele>
						<time>2026-08-13T09:22:58Z</time>
					</trkpt>
					<trkpt lat="42.638580" lon="1.462290">
						<ele>2335</ele>
						<time>2026-08-13T09:23:02Z</time>
					</trkpt>
					<trkpt lat="42.638630" lon="1.462380">
						<ele>2339</ele>
						<time>2026-08-13T09:23:06Z</time>
					</trkpt>
					<trkpt lat="42.638610" lon="1.462590">
						<ele>2345</ele>
						<time>2026-08-13T09:23:13Z</time>
					</trkpt>
					<trkpt lat="42.638630" lon="1.462800">
						<ele>2351</ele>
						<time>2026-08-13T09:23:21Z</time>
					</trkpt>
					<trkpt lat="42.638730" lon="1.463040">
						<ele>2357</ele>
						<time>2026-08-13T09:23:31Z</time>
					</trkpt>
					<trkpt lat="42.638720" lon="1.463120">
						<ele>2360</ele>
						<time>2026-08-13T09:23:34Z</time>
					</trkpt>
					<trkpt lat="42.638790" lon="1.463230">
						<ele>2362</ele>
						<time>2026-08-13T09:23:40Z</time>
					</trkpt>
					<trkpt lat="42.638800" lon="1.463340">
						<ele>2365</ele>
						<time>2026-08-13T09:23:44Z</time>
					</trkpt>
					<trkpt lat="42.638940" lon="1.463600">
						<ele>2369</ele>
						<time>2026-08-13T09:23:56Z</time>
					</trkpt>
					<trkpt lat="42.638920" lon="1.463950">
						<ele>2375</ele>
						<time>2026-08-13T09:24:09Z</time>
					</trkpt>
					<trkpt lat="42.638890" lon="1.463990">
						<ele>2376</ele>
						<time>2026-08-13T09:24:11Z</time>
					</trkpt>
					<trkpt lat="42.638820" lon="1.463980">
						<ele>2376</ele>
						<time>2026-08-13T09:24:14Z</time>
					</trkpt>
					<trkpt lat="42.638720" lon="1.464020">
						<ele>2378</ele>
						<time>2026-08-13T09:24:19Z</time>
					</trkpt>
					<trkpt lat="42.638620" lon="1.464150">
						<ele>2381</ele>
						<time>2026-08-13T09:24:26Z</time>
					</trkpt>
					<trkpt lat="42.638550" lon="1.464150">
						<ele>2381</ele>
						<time>2026-08-13T09:24:30Z</time>
					</trkpt>
					<trkpt lat="42.638400" lon="1.464340">
						<ele>2387</ele>
						<time>2026-08-13T09:24:40Z</time>
					</trkpt>
					<trkpt lat="42.638490" lon="1.464760">
						<ele>2397</ele>
						<time>2026-08-13T09:24:56Z</time>
					</trkpt>
					<trkpt lat="42.638670" lon="1.465060">
						<ele>2403</ele>
						<time>2026-08-13T09:25:11Z</time>
					</trkpt>
					<trkpt lat="42.638900" lon="1.465310">
						<ele>2407</ele>
						<time>2026-08-13T09:25:25Z</time>
					</trkpt>
					<trkpt lat="42.639190" lon="1.465920">
						<ele>2420</ele>
						<time>2026-08-13T09:25:52Z</time>
					</trkpt>
					<trkpt lat="42.639350" lon="1.466140">
						<ele>2426</ele>
						<time>2026-08-13T09:26:03Z</time>
					</trkpt>
					<trkpt lat="42.639380" lon="1.466320">
						<ele>2430</ele>
						<time>2026-08-13T09:26:10Z</time>
					</trkpt>
					<trkpt lat="42.639560" lon="1.466530">
						<ele>2434</ele>
						<time>2026-08-13T09:26:22Z</time>
					</trkpt>
					<trkpt lat="42.639590" lon="1.466800">
						<ele>2439</ele>
						<time>2026-08-13T09:26:32Z</time>
					</trkpt>
					<trkpt lat="42.639750" lon="1.466950">
						<ele>2441</ele>
						<time>2026-08-13T09:26:42Z</time>
					</trkpt>
					<trkpt lat="42.639770" lon="1.467150">
						<ele>2444</ele>
						<time>2026-08-13T09:26:49Z</time>
					</trkpt>
					<trkpt lat="42.639830" lon="1.467200">
						<ele>2444</ele>
						<time>2026-08-13T09:26:53Z</time>
					</trkpt>
					<trkpt lat="42.639870" lon="1.467480">
						<ele>2448</ele>
						<time>2026-08-13T09:27:03Z</time>
					</trkpt>
					<trkpt lat="42.640010" lon="1.467840">
						<ele>2449</ele>
						<time>2026-08-13T09:27:18Z</time>
					</trkpt>
					<trkpt lat="42.640130" lon="1.468350">
						<ele>2453</ele>
						<time>2026-08-13T09:27:38Z</time>
					</trkpt>
					<trkpt lat="42.640230" lon="1.469560">
						<ele>2459</ele>
						<time>2026-08-13T09:28:23Z</time>
					</trkpt>
					<trkpt lat="42.640420" lon="1.469790">
						<ele>2459</ele>
						<time>2026-08-13T09:28:36Z</time>
					</trkpt>
					<trkpt lat="42.640600" lon="1.470210">
						<ele>2461</ele>
						<time>2026-08-13T09:28:53Z</time>
					</trkpt>
					<trkpt lat="42.640720" lon="1.470650">
						<ele>2462</ele>
						<time>2026-08-13T09:29:11Z</time>
					</trkpt>
					<trkpt lat="42.640810" lon="1.470840">
						<ele>2462</ele>
						<time>2026-08-13T09:29:19Z</time>
					</trkpt>
					<trkpt lat="42.641090" lon="1.471160">
						<ele>2482</ele>
						<time>2026-08-13T09:29:37Z</time>
					</trkpt>
					<trkpt lat="42.641310" lon="1.471190">
						<ele>2491</ele>
						<time>2026-08-13T09:29:48Z</time>
					</trkpt>
					<trkpt lat="42.641590" lon="1.471900">
						<ele>2509</ele>
						<time>2026-08-13T09:30:18Z</time>
					</trkpt>
					<trkpt lat="42.642040" lon="1.472640">
						<ele>2523</ele>
						<time>2026-08-13T09:30:53Z</time>
					</trkpt>
					<trkpt lat="42.642130" lon="1.473210">
						<ele>2527</ele>
						<time>2026-08-13T09:31:15Z</time>
					</trkpt>
					<trkpt lat="42.642260" lon="1.473730">
						<ele>2535</ele>
						<time>2026-08-13T09:31:35Z</time>
					</trkpt>
					<trkpt lat="42.642380" lon="1.473990">
						<ele>2540</ele>
						<time>2026-08-13T09:31:46Z</time>
					</trkpt>
					<trkpt lat="42.642460" lon="1.474240">
						<ele>2545</ele>
						<time>2026-08-13T09:31:56Z</time>
					</trkpt>
					<trkpt lat="42.642540" lon="1.474690">
						<ele>2558</ele>
						<time>2026-08-13T09:32:13Z</time>
					</trkpt>
					<trkpt lat="42.642630" lon="1.475010">
						<ele>2569</ele>
						<time>2026-08-13T09:32:26Z</time>
					</trkpt>
					<trkpt lat="42.642860" lon="1.475140">
						<ele>2576</ele>
						<time>2026-08-13T09:32:39Z</time>
					</trkpt>
					<trkpt lat="42.643080" lon="1.475340">
						<ele>2586</ele>
						<time>2026-08-13T09:32:52Z</time>
					</trkpt>
					<trkpt lat="42.643160" lon="1.475650">
						<ele>2597</ele>
						<time>2026-08-13T09:33:04Z</time>
					</trkpt>
					<trkpt lat="42.643370" lon="1.475940">
						<ele>2611</ele>
						<time>2026-08-13T09:33:19Z</time>
					</trkpt>
					<trkpt lat="42.643500" lon="1.476600">
						<ele>2641</ele>
						<time>2026-08-13T09:33:44Z</time>
					</trkpt>
					<trkpt lat="42.643420" lon="1.476970">
						<ele>2651</ele>
						<time>2026-08-13T09:33:58Z</time>
					</trkpt>
					<trkpt lat="42.643320" lon="1.477180">
						<ele>2657</ele>
						<time>2026-08-13T09:34:07Z</time>
					</trkpt>
					<trkpt lat="42.643270" lon="1.477360">
						<ele>2662</ele>
						<time>2026-08-13T09:34:14Z</time>
					</trkpt>
					<trkpt lat="42.642710" lon="1.477300">
						<ele>2658</ele>
						<time>2026-08-13T09:34:43Z</time>
					</trkpt>
					<trkpt lat="42.642360" lon="1.477200">
						<ele>2653</ele>
						<time>2026-08-13T09:35:00Z</time>
					</trkpt>
					<trkpt lat="42.642150" lon="1.477090">
						<ele>2650</ele>
						<time>2026-08-13T09:35:12Z</time>
					</trkpt>
					<trkpt lat="42.641980" lon="1.477190">
						<ele>2652</ele>
						<time>2026-08-13T09:35:21Z</time>
					</trkpt>
					<trkpt lat="42.641270" lon="1.477010">
						<ele>2661</ele>
						<time>2026-08-13T09:35:57Z</time>
					</trkpt>
					<trkpt lat="42.641180" lon="1.476940">
						<ele>2663</ele>
						<time>2026-08-13T09:36:02Z</time>
					</trkpt>
					<trkpt lat="42.640950" lon="1.477010">
						<ele>2672</ele>
						<time>2026-08-13T09:36:14Z</time>
					</trkpt>
					<trkpt lat="42.640560" lon="1.477180">
						<ele>2672</ele>
						<time>2026-08-13T09:36:35Z</time>
					</trkpt>
					<trkpt lat="42.640440" lon="1.476850">
						<ele>2669</ele>
						<time>2026-08-13T09:36:48Z</time>
					</trkpt>
					<trkpt lat="42.640390" lon="1.476610">
						<ele>2666</ele>
						<time>2026-08-13T09:36:57Z</time>
					</trkpt>
					<trkpt lat="42.640290" lon="1.476500">
						<ele>2662</ele>
						<time>2026-08-13T09:37:04Z</time>
					</trkpt>
					<trkpt lat="42.640200" lon="1.476590">
						<ele>2665</ele>
						<time>2026-08-13T09:37:09Z</time>
					</trkpt>
					<trkpt lat="42.639930" lon="1.476190">
						<ele>2654</ele>
						<time>2026-08-13T09:37:29Z</time>
					</trkpt>
					<trkpt lat="42.638330" lon="1.474450">
						<ele>2627</ele>
						<time>2026-08-13T09:39:12Z</time>
					</trkpt>
					<trkpt lat="42.638120" lon="1.474020">
						<ele>2619</ele>
						<time>2026-08-13T09:39:31Z</time>
					</trkpt>
					<trkpt lat="42.637670" lon="1.473790">
						<ele>2615</ele>
						<time>2026-08-13T09:39:55Z</time>
					</trkpt>
					<trkpt lat="42.637390" lon="1.473200">
						<ele>2622</ele>
						<time>2026-08-13T09:40:21Z</time>
					</trkpt>
					<trkpt lat="42.637130" lon="1.472810">
						<ele>2617</ele>
						<time>2026-08-13T09:40:40Z</time>
					</trkpt>
					<trkpt lat="42.636750" lon="1.472320">
						<ele>2619</ele>
						<time>2026-08-13T09:41:06Z</time>
					</trkpt>
					<trkpt lat="42.636510" lon="1.471930">
						<ele>2619</ele>
						<time>2026-08-13T09:41:25Z</time>
					</trkpt>
					<trkpt lat="42.636310" lon="1.471270">
						<ele>2625</ele>
						<time>2026-08-13T09:41:51Z</time>
					</trkpt>
					<trkpt lat="42.636050" lon="1.470520">
						<ele>2637</ele>
						<time>2026-08-13T09:42:22Z</time>
					</trkpt>
					<trkpt lat="42.635980" lon="1.470380">
						<ele>2641</ele>
						<time>2026-08-13T09:42:28Z</time>
					</trkpt>
					<trkpt lat="42.635690" lon="1.470070">
						<ele>2651</ele>
						<time>2026-08-13T09:42:47Z</time>
					</trkpt>
					<trkpt lat="42.635470" lon="1.470040">
						<ele>2651</ele>
						<time>2026-08-13T09:42:58Z</time>
					</trkpt>
					<trkpt lat="42.635340" lon="1.469890">
						<ele>2649</ele>
						<time>2026-08-13T09:43:06Z</time>
					</trkpt>
					<trkpt lat="42.634520" lon="1.469670">
						<ele>2640</ele>
						<time>2026-08-13T09:43:48Z</time>
					</trkpt>
					<trkpt lat="42.634220" lon="1.469730">
						<ele>2639</ele>
						<time>2026-08-13T09:44:03Z</time>
					</trkpt>
					<trkpt lat="42.634220" lon="1.470390">
						<ele>2638</ele>
						<time>2026-08-13T09:44:28Z</time>
					</trkpt>
					<trkpt lat="42.635080" lon="1.472350">
						<ele>2598</ele>
						<time>2026-08-13T09:45:52Z</time>
					</trkpt>
					<trkpt lat="42.635120" lon="1.472660">
						<ele>2591</ele>
						<time>2026-08-13T09:46:03Z</time>
					</trkpt>
					<trkpt lat="42.635610" lon="1.472930">
						<ele>2589</ele>
						<time>2026-08-13T09:46:30Z</time>
					</trkpt>
					<trkpt lat="42.635980" lon="1.473190">
						<ele>2586</ele>
						<time>2026-08-13T09:46:50Z</time>
					</trkpt>
					<trkpt lat="42.636510" lon="1.473430">
						<ele>2587</ele>
						<time>2026-08-13T09:47:18Z</time>
					</trkpt>
					<trkpt lat="42.636230" lon="1.473730">
						<ele>2568</ele>
						<time>2026-08-13T09:47:36Z</time>
					</trkpt>
					<trkpt lat="42.635980" lon="1.474340">
						<ele>2538</ele>
						<time>2026-08-13T09:48:02Z</time>
					</trkpt>
					<trkpt lat="42.635550" lon="1.474500">
						<ele>2524</ele>
						<time>2026-08-13T09:48:24Z</time>
					</trkpt>
					<trkpt lat="42.635460" lon="1.474760">
						<ele>2514</ele>
						<time>2026-08-13T09:48:35Z</time>
					</trkpt>
					<trkpt lat="42.634940" lon="1.474310">
						<ele>2518</ele>
						<time>2026-08-13T09:49:06Z</time>
					</trkpt>
					<trkpt lat="42.634630" lon="1.474750">
						<ele>2494</ele>
						<time>2026-08-13T09:49:28Z</time>
					</trkpt>
					<trkpt lat="42.634600" lon="1.475240">
						<ele>2476</ele>
						<time>2026-08-13T09:49:46Z</time>
					</trkpt>
					<trkpt lat="42.634790" lon="1.475390">
						<ele>2474</ele>
						<time>2026-08-13T09:49:57Z</time>
					</trkpt>
					<trkpt lat="42.634880" lon="1.475520">
						<ele>2471</ele>
						<time>2026-08-13T09:50:04Z</time>
					</trkpt>
					<trkpt lat="42.634700" lon="1.476260">
						<ele>2452</ele>
						<time>2026-08-13T09:50:32Z</time>
					</trkpt>
					<trkpt lat="42.634510" lon="1.476510">
						<ele>2445</ele>
						<time>2026-08-13T09:50:46Z</time>
					</trkpt>
					<trkpt lat="42.634210" lon="1.476520">
						<ele>2442</ele>
						<time>2026-08-13T09:51:01Z</time>
					</trkpt>
					<trkpt lat="42.634080" lon="1.476920">
						<ele>2431</ele>
						<time>2026-08-13T09:51:17Z</time>
					</trkpt>
					<trkpt lat="42.634080" lon="1.477170">
						<ele>2427</ele>
						<time>2026-08-13T09:51:26Z</time>
					</trkpt>
					<trkpt lat="42.634260" lon="1.477380">
						<ele>2433</ele>
						<time>2026-08-13T09:51:38Z</time>
					</trkpt>
					<trkpt lat="42.634220" lon="1.477550">
						<ele>2429</ele>
						<time>2026-08-13T09:51:44Z</time>
					</trkpt>
					<trkpt lat="42.634230" lon="1.477660">
						<ele>2428</ele>
						<time>2026-08-13T09:51:49Z</time>
					</trkpt>
					<trkpt lat="42.634140" lon="1.477800">
						<ele>2421</ele>
						<time>2026-08-13T09:51:55Z</time>
					</trkpt>
					<trkpt lat="42.634100" lon="1.478040">
						<ele>2412</ele>
						<time>2026-08-13T09:52:04Z</time>
					</trkpt>
					<trkpt lat="42.634120" lon="1.478150">
						<ele>2411</ele>
						<time>2026-08-13T09:52:09Z</time>
					</trkpt>
					<trkpt lat="42.634040" lon="1.478310">
						<ele>2402</ele>
						<time>2026-08-13T09:52:16Z</time>
					</trkpt>
					<trkpt lat="42.634070" lon="1.478540">
						<ele>2399</ele>
						<time>2026-08-13T09:52:24Z</time>
					</trkpt>
					<trkpt lat="42.634320" lon="1.478810">
						<ele>2409</ele>
						<time>2026-08-13T09:52:40Z</time>
					</trkpt>
					<trkpt lat="42.634310" lon="1.479010">
						<ele>2404</ele>
						<time>2026-08-13T09:52:48Z</time>
					</trkpt>
					<trkpt lat="42.633890" lon="1.479130">
						<ele>2374</ele>
						<time>2026-08-13T09:53:09Z</time>
					</trkpt>
					<trkpt lat="42.633750" lon="1.479310">
						<ele>2364</ele>
						<time>2026-08-13T09:53:19Z</time>
					</trkpt>
					<trkpt lat="42.633440" lon="1.479140">
						<ele>2346</ele>
						<time>2026-08-13T09:53:36Z</time>
					</trkpt>
					<trkpt lat="42.633340" lon="1.479240">
						<ele>2339</ele>
						<time>2026-08-13T09:53:42Z</time>
					</trkpt>
					<trkpt lat="42.633320" lon="1.479610">
						<ele>2335</ele>
						<time>2026-08-13T09:53:55Z</time>
					</trkpt>
					<trkpt lat="42.632540" lon="1.479680">
						<ele>2295</ele>
						<time>2026-08-13T09:54:35Z</time>
					</trkpt>
					<trkpt lat="42.632200" lon="1.479620">
						<ele>2283</ele>
						<time>2026-08-13T09:54:52Z</time>
					</trkpt>
					<trkpt lat="42.632140" lon="1.479800">
						<ele>2278</ele>
						<time>2026-08-13T09:54:59Z</time>
					</trkpt>
					<trkpt lat="42.631970" lon="1.479910">
						<ele>2271</ele>
						<time>2026-08-13T09:55:08Z</time>
					</trkpt>
					<trkpt lat="42.631850" lon="1.480270">
						<ele>2260</ele>
						<time>2026-08-13T09:55:23Z</time>
					</trkpt>
					<trkpt lat="42.632330" lon="1.481600">
						<ele>2246</ele>
						<time>2026-08-13T09:56:17Z</time>
					</trkpt>
					<trkpt lat="42.632210" lon="1.481850">
						<ele>2240</ele>
						<time>2026-08-13T09:56:28Z</time>
					</trkpt>
					<trkpt lat="42.632093" lon="1.481704">
						<ele>2241</ele>
						<time>2026-08-13T09:56:37Z</time>
					</trkpt>
					<trkpt lat="42.632090" lon="1.481700">
						<ele>2241</ele>
						<time>2026-08-13T09:56:37Z</time>
					</trkpt>
					<trkpt lat="42.632120" lon="1.481920">
						<ele>2238</ele>
						<time>2026-08-13T09:56:45Z</time>
					</trkpt>
					<trkpt lat="42.631910" lon="1.482110">
						<ele>2234</ele>
						<time>2026-08-13T09:56:58Z</time>
					</trkpt>
					<trkpt lat="42.631800" lon="1.482070">
						<ele>2234</ele>
						<time>2026-08-13T09:57:03Z</time>
					</trkpt>
					<trkpt lat="42.631680" lon="1.481640">
						<ele>2235</ele>
						<time>2026-08-13T09:57:20Z</time>
					</trkpt>
					<trkpt lat="42.630920" lon="1.480420">
						<ele>2245</ele>
						<time>2026-08-13T09:58:19Z</time>
					</trkpt>
					<trkpt lat="42.629660" lon="1.480120">
						<ele>2265</ele>
						<time>2026-08-13T09:59:23Z</time>
					</trkpt>
					<trkpt lat="42.629120" lon="1.479670">
						<ele>2277</ele>
						<time>2026-08-13T09:59:55Z</time>
					</trkpt>
					<trkpt lat="42.628950" lon="1.479560">
						<ele>2280</ele>
						<time>2026-08-13T10:00:04Z</time>
					</trkpt>
					<trkpt lat="42.628420" lon="1.478950">
						<ele>2289</ele>
						<time>2026-08-13T10:00:39Z</time>
					</trkpt>
					<trkpt lat="42.627940" lon="1.478790">
						<ele>2298</ele>
						<time>2026-08-13T10:01:04Z</time>
					</trkpt>
					<trkpt lat="42.627250" lon="1.478420">
						<ele>2314</ele>
						<time>2026-08-13T10:01:41Z</time>
					</trkpt>
					<trkpt lat="42.626700" lon="1.478300">
						<ele>2329</ele>
						<time>2026-08-13T10:02:09Z</time>
					</trkpt>
					<trkpt lat="42.626400" lon="1.478400">
						<ele>2333</ele>
						<time>2026-08-13T10:02:24Z</time>
					</trkpt>
					<trkpt lat="42.625850" lon="1.478330">
						<ele>2341</ele>
						<time>2026-08-13T10:02:52Z</time>
					</trkpt>
					<trkpt lat="42.625590" lon="1.478400">
						<ele>2345</ele>
						<time>2026-08-13T10:03:05Z</time>
					</trkpt>
					<trkpt lat="42.625400" lon="1.478550">
						<ele>2348</ele>
						<time>2026-08-13T10:03:16Z</time>
					</trkpt>
					<trkpt lat="42.624560" lon="1.478760">
						<ele>2357</ele>
						<time>2026-08-13T10:03:59Z</time>
					</trkpt>
					<trkpt lat="42.623590" lon="1.478780">
						<ele>2362</ele>
						<time>2026-08-13T10:04:47Z</time>
					</trkpt>
					<trkpt lat="42.622980" lon="1.478680">
						<ele>2363</ele>
						<time>2026-08-13T10:05:18Z</time>
					</trkpt>
					<trkpt lat="42.622510" lon="1.478660">
						<ele>2365</ele>
						<time>2026-08-13T10:05:42Z</time>
					</trkpt>
					<trkpt lat="42.621610" lon="1.478330">
						<ele>2368</ele>
						<time>2026-08-13T10:06:28Z</time>
					</trkpt>
					<trkpt lat="42.620700" lon="1.478420">
						<ele>2399</ele>
						<time>2026-08-13T10:07:14Z</time>
					</trkpt>
					<trkpt lat="42.620470" lon="1.478800">
						<ele>2408</ele>
						<time>2026-08-13T10:07:32Z</time>
					</trkpt>
					<trkpt lat="42.620240" lon="1.479320">
						<ele>2413</ele>
						<time>2026-08-13T10:07:54Z</time>
					</trkpt>
					<trkpt lat="42.619940" lon="1.479830">
						<ele>2422</ele>
						<time>2026-08-13T10:08:18Z</time>
					</trkpt>
					<trkpt lat="42.619760" lon="1.480350">
						<ele>2429</ele>
						<time>2026-08-13T10:08:40Z</time>
					</trkpt>
					<trkpt lat="42.619300" lon="1.480740">
						<ele>2441</ele>
						<time>2026-08-13T10:09:07Z</time>
					</trkpt>
					<trkpt lat="42.619270" lon="1.481070">
						<ele>2444</ele>
						<time>2026-08-13T10:09:19Z</time>
					</trkpt>
					<trkpt lat="42.619110" lon="1.481620">
						<ele>2455</ele>
						<time>2026-08-13T10:09:41Z</time>
					</trkpt>
					<trkpt lat="42.618890" lon="1.482090">
						<ele>2463</ele>
						<time>2026-08-13T10:10:01Z</time>
					</trkpt>
					<trkpt lat="42.618660" lon="1.482380">
						<ele>2470</ele>
						<time>2026-08-13T10:10:17Z</time>
					</trkpt>
					<trkpt lat="42.618050" lon="1.482060">
						<ele>2492</ele>
						<time>2026-08-13T10:10:50Z</time>
					</trkpt>
					<trkpt lat="42.617330" lon="1.482480">
						<ele>2515</ele>
						<time>2026-08-13T10:11:29Z</time>
					</trkpt>
					<trkpt lat="42.616730" lon="1.482530">
						<ele>2533</ele>
						<time>2026-08-13T10:11:59Z</time>
					</trkpt>
					<trkpt lat="42.616370" lon="1.482320">
						<ele>2550</ele>
						<time>2026-08-13T10:12:18Z</time>
					</trkpt>
					<trkpt lat="42.616090" lon="1.481980">
						<ele>2561</ele>
						<time>2026-08-13T10:12:37Z</time>
					</trkpt>
					<trkpt lat="42.615760" lon="1.482030">
						<ele>2577</ele>
						<time>2026-08-13T10:12:54Z</time>
					</trkpt>
					<trkpt lat="42.615510" lon="1.481840">
						<ele>2593</ele>
						<time>2026-08-13T10:13:08Z</time>
					</trkpt>
					<trkpt lat="42.615360" lon="1.481850">
						<ele>2603</ele>
						<time>2026-08-13T10:13:16Z</time>
					</trkpt>
					<trkpt lat="42.615290" lon="1.481700">
						<ele>2606</ele>
						<time>2026-08-13T10:13:22Z</time>
					</trkpt>
					<trkpt lat="42.615130" lon="1.481690">
						<ele>2617</ele>
						<time>2026-08-13T10:13:30Z</time>
					</trkpt>
					<trkpt lat="42.615130" lon="1.481740">
						<ele>2617</ele>
						<time>2026-08-13T10:13:32Z</time>
					</trkpt>
					<trkpt lat="42.615070" lon="1.481740">
						<ele>2622</ele>
						<time>2026-08-13T10:13:35Z</time>
					</trkpt>
					<trkpt lat="42.615000" lon="1.481810">
						<ele>2628</ele>
						<time>2026-08-13T10:13:39Z</time>
					</trkpt>
					<trkpt lat="42.614950" lon="1.481790">
						<ele>2630</ele>
						<time>2026-08-13T10:13:42Z</time>
					</trkpt>
					<trkpt lat="42.614850" lon="1.481860">
						<ele>2638</ele>
						<time>2026-08-13T10:13:48Z</time>
					</trkpt>
					<trkpt lat="42.614770" lon="1.481760">
						<ele>2642</ele>
						<time>2026-08-13T10:13:53Z</time>
					</trkpt>
					<trkpt lat="42.614740" lon="1.481840">
						<ele>2645</ele>
						<time>2026-08-13T10:13:56Z</time>
					</trkpt>
					<trkpt lat="42.614700" lon="1.481810">
						<ele>2647</ele>
						<time>2026-08-13T10:13:59Z</time>
					</trkpt>
					<trkpt lat="42.614630" lon="1.481830">
						<ele>2652</ele>
						<time>2026-08-13T10:14:02Z</time>
					</trkpt>
					<trkpt lat="42.614540" lon="1.481900">
						<ele>2659</ele>
						<time>2026-08-13T10:14:08Z</time>
					</trkpt>
					<trkpt lat="42.614470" lon="1.482250">
						<ele>2668</ele>
						<time>2026-08-13T10:14:21Z</time>
					</trkpt>
					<trkpt lat="42.614390" lon="1.482420">
						<ele>2676</ele>
						<time>2026-08-13T10:14:28Z</time>
					</trkpt>
					<trkpt lat="42.614400" lon="1.482480">
						<ele>2676</ele>
						<time>2026-08-13T10:14:31Z</time>
					</trkpt>
					<trkpt lat="42.614350" lon="1.482480">
						<ele>2679</ele>
						<time>2026-08-13T10:14:33Z</time>
					</trkpt>
					<trkpt lat="42.614350" lon="1.482610">
						<ele>2682</ele>
						<time>2026-08-13T10:14:38Z</time>
					</trkpt>
					<trkpt lat="42.614250" lon="1.482590">
						<ele>2688</ele>
						<time>2026-08-13T10:14:43Z</time>
					</trkpt>
					<trkpt lat="42.614160" lon="1.482520">
						<ele>2691</ele>
						<time>2026-08-13T10:14:48Z</time>
					</trkpt>
					<trkpt lat="42.613930" lon="1.482430">
						<ele>2697</ele>
						<time>2026-08-13T10:15:00Z</time>
					</trkpt>
					<trkpt lat="42.613700" lon="1.482090">
						<ele>2700</ele>
						<time>2026-08-13T10:15:17Z</time>
					</trkpt>
					<trkpt lat="42.613590" lon="1.481780">
						<ele>2701</ele>
						<time>2026-08-13T10:15:30Z</time>
					</trkpt>
					<trkpt lat="42.613550" lon="1.481580">
						<ele>2700</ele>
						<time>2026-08-13T10:15:37Z</time>
					</trkpt>
					<trkpt lat="42.613530" lon="1.481290">
						<ele>2698</ele>
						<time>2026-08-13T10:15:48Z</time>
					</trkpt>
					<trkpt lat="42.613550" lon="1.481210">
						<ele>2697</ele>
						<time>2026-08-13T10:15:51Z</time>
					</trkpt>
					<trkpt lat="42.613450" lon="1.481210">
						<ele>2698</ele>
						<time>2026-08-13T10:15:56Z</time>
					</trkpt>
					<trkpt lat="42.613390" lon="1.481180">
						<ele>2698</ele>
						<time>2026-08-13T10:15:59Z</time>
					</trkpt>
					<trkpt lat="42.613290" lon="1.481220">
						<ele>2698</ele>
						<time>2026-08-13T10:16:05Z</time>
					</trkpt>
					<trkpt lat="42.613120" lon="1.481210">
						<ele>2690</ele>
						<time>2026-08-13T10:16:13Z</time>
					</trkpt>
					<trkpt lat="42.612950" lon="1.480930">
						<ele>2677</ele>
						<time>2026-08-13T10:16:27Z</time>
					</trkpt>
					<trkpt lat="42.612880" lon="1.480900">
						<ele>2674</ele>
						<time>2026-08-13T10:16:30Z</time>
					</trkpt>
					<trkpt lat="42.612730" lon="1.480890">
						<ele>2667</ele>
						<time>2026-08-13T10:16:38Z</time>
					</trkpt>
					<trkpt lat="42.612660" lon="1.480760">
						<ele>2661</ele>
						<time>2026-08-13T10:16:44Z</time>
					</trkpt>
					<trkpt lat="42.612510" lon="1.480720">
						<ele>2653</ele>
						<time>2026-08-13T10:16:51Z</time>
					</trkpt>
					<trkpt lat="42.612360" lon="1.480750">
						<ele>2644</ele>
						<time>2026-08-13T10:16:59Z</time>
					</trkpt>
					<trkpt lat="42.612210" lon="1.480330">
						<ele>2627</ele>
						<time>2026-08-13T10:17:16Z</time>
					</trkpt>
					<trkpt lat="42.612070" lon="1.480180">
						<ele>2616</ele>
						<time>2026-08-13T10:17:25Z</time>
					</trkpt>
					<trkpt lat="42.612010" lon="1.480190">
						<ele>2613</ele>
						<time>2026-08-13T10:17:28Z</time>
					</trkpt>
					<trkpt lat="42.611980" lon="1.480150">
						<ele>2611</ele>
						<time>2026-08-13T10:17:30Z</time>
					</trkpt>
					<trkpt lat="42.611950" lon="1.480170">
						<ele>2609</ele>
						<time>2026-08-13T10:17:32Z</time>
					</trkpt>
					<trkpt lat="42.611930" lon="1.480010">
						<ele>2606</ele>
						<time>2026-08-13T10:17:38Z</time>
					</trkpt>
					<trkpt lat="42.611810" lon="1.480030">
						<ele>2600</ele>
						<time>2026-08-13T10:17:44Z</time>
					</trkpt>
					<trkpt lat="42.611760" lon="1.480070">
						<ele>2597</ele>
						<time>2026-08-13T10:17:47Z</time>
					</trkpt>
					<trkpt lat="42.611660" lon="1.479950">
						<ele>2590</ele>
						<time>2026-08-13T10:17:53Z</time>
					</trkpt>
					<trkpt lat="42.611420" lon="1.480070">
						<ele>2572</ele>
						<time>2026-08-13T10:18:06Z</time>
					</trkpt>
					<trkpt lat="42.611240" lon="1.480680">
						<ele>2561</ele>
						<time>2026-08-13T10:18:30Z</time>
					</trkpt>
					<trkpt lat="42.611040" lon="1.480870">
						<ele>2547</ele>
						<time>2026-08-13T10:18:43Z</time>
					</trkpt>
					<trkpt lat="42.610970" lon="1.481020">
						<ele>2543</ele>
						<time>2026-08-13T10:18:49Z</time>
					</trkpt>
					<trkpt lat="42.610910" lon="1.481050">
						<ele>2538</ele>
						<time>2026-08-13T10:18:52Z</time>
					</trkpt>
					<trkpt lat="42.610870" lon="1.481220">
						<ele>2537</ele>
						<time>2026-08-13T10:18:59Z</time>
					</trkpt>
					<trkpt lat="42.610560" lon="1.481760">
						<ele>2521</ele>
						<time>2026-08-13T10:19:24Z</time>
					</trkpt>
					<trkpt lat="42.610390" lon="1.482260">
						<ele>2512</ele>
						<time>2026-08-13T10:19:44Z</time>
					</trkpt>
					<trkpt lat="42.610350" lon="1.482190">
						<ele>2509</ele>
						<time>2026-08-13T10:19:48Z</time>
					</trkpt>
					<trkpt lat="42.610290" lon="1.482150">
						<ele>2505</ele>
						<time>2026-08-13T10:19:51Z</time>
					</trkpt>
					<trkpt lat="42.610270" lon="1.482050">
						<ele>2503</ele>
						<time>2026-08-13T10:19:55Z</time>
					</trkpt>
					<trkpt lat="42.610240" lon="1.482050">
						<ele>2501</ele>
						<time>2026-08-13T10:19:56Z</time>
					</trkpt>
					<trkpt lat="42.610190" lon="1.482000">
						<ele>2497</ele>
						<time>2026-08-13T10:20:00Z</time>
					</trkpt>
					<trkpt lat="42.610150" lon="1.482030">
						<ele>2494</ele>
						<time>2026-08-13T10:20:02Z</time>
					</trkpt>
					<trkpt lat="42.610100" lon="1.482030">
						<ele>2491</ele>
						<time>2026-08-13T10:20:04Z</time>
					</trkpt>
					<trkpt lat="42.610080" lon="1.482190">
						<ele>2491</ele>
						<time>2026-08-13T10:20:10Z</time>
					</trkpt>
					<trkpt lat="42.609880" lon="1.482250">
						<ele>2479</ele>
						<time>2026-08-13T10:20:21Z</time>
					</trkpt>
					<trkpt lat="42.609840" lon="1.482020">
						<ele>2477</ele>
						<time>2026-08-13T10:20:29Z</time>
					</trkpt>
					<trkpt lat="42.609720" lon="1.481870">
						<ele>2471</ele>
						<time>2026-08-13T10:20:37Z</time>
					</trkpt>
					<trkpt lat="42.609690" lon="1.481560">
						<ele>2469</ele>
						<time>2026-08-13T10:20:49Z</time>
					</trkpt>
					<trkpt lat="42.609600" lon="1.481460">
						<ele>2465</ele>
						<time>2026-08-13T10:20:55Z</time>
					</trkpt>
					<trkpt lat="42.609600" lon="1.481360">
						<ele>2464</ele>
						<time>2026-08-13T10:20:58Z</time>
					</trkpt>
					<trkpt lat="42.609540" lon="1.481410">
						<ele>2462</ele>
						<time>2026-08-13T10:21:02Z</time>
					</trkpt>
					<trkpt lat="42.609480" lon="1.481350">
						<ele>2459</ele>
						<time>2026-08-13T10:21:06Z</time>
					</trkpt>
					<trkpt lat="42.609440" lon="1.481400">
						<ele>2458</ele>
						<time>2026-08-13T10:21:08Z</time>
					</trkpt>
					<trkpt lat="42.609400" lon="1.481380">
						<ele>2457</ele>
						<time>2026-08-13T10:21:11Z</time>
					</trkpt>
					<trkpt lat="42.609280" lon="1.481600">
						<ele>2454</ele>
						<time>2026-08-13T10:21:21Z</time>
					</trkpt>
					<trkpt lat="42.609140" lon="1.481670">
						<ele>2450</ele>
						<time>2026-08-13T10:21:28Z</time>
					</trkpt>
					<trkpt lat="42.608990" lon="1.481820">
						<ele>2446</ele>
						<time>2026-08-13T10:21:37Z</time>
					</trkpt>
					<trkpt lat="42.609020" lon="1.482110">
						<ele>2443</ele>
						<time>2026-08-13T10:21:48Z</time>
					</trkpt>
					<trkpt lat="42.608980" lon="1.482450">
						<ele>2438</ele>
						<time>2026-08-13T10:22:01Z</time>
					</trkpt>
					<trkpt lat="42.609010" lon="1.482780">
						<ele>2430</ele>
						<time>2026-08-13T10:22:13Z</time>
					</trkpt>
					<trkpt lat="42.609160" lon="1.482950">
						<ele>2427</ele>
						<time>2026-08-13T10:22:23Z</time>
					</trkpt>
					<trkpt lat="42.609150" lon="1.483080">
						<ele>2424</ele>
						<time>2026-08-13T10:22:28Z</time>
					</trkpt>
					<trkpt lat="42.608970" lon="1.483230">
						<ele>2415</ele>
						<time>2026-08-13T10:22:38Z</time>
					</trkpt>
					<trkpt lat="42.608930" lon="1.483900">
						<ele>2394</ele>
						<time>2026-08-13T10:23:03Z</time>
					</trkpt>
					<trkpt lat="42.608940" lon="1.484250">
						<ele>2385</ele>
						<time>2026-08-13T10:23:16Z</time>
					</trkpt>
					<trkpt lat="42.608830" lon="1.484630">
						<ele>2377</ele>
						<time>2026-08-13T10:23:31Z</time>
					</trkpt>
					<trkpt lat="42.608640" lon="1.484820">
						<ele>2369</ele>
						<time>2026-08-13T10:23:43Z</time>
					</trkpt>
					<trkpt lat="42.608550" lon="1.484990">
						<ele>2364</ele>
						<time>2026-08-13T10:23:50Z</time>
					</trkpt>
					<trkpt lat="42.608420" lon="1.485440">
						<ele>2360</ele>
						<time>2026-08-13T10:24:08Z</time>
					</trkpt>
					<trkpt lat="42.608120" lon="1.485760">
						<ele>2355</ele>
						<time>2026-08-13T10:24:27Z</time>
					</trkpt>
					<trkpt lat="42.607950" lon="1.486240">
						<ele>2356</ele>
						<time>2026-08-13T10:24:47Z</time>
					</trkpt>
					<trkpt lat="42.608000" lon="1.486600">
						<ele>2359</ele>
						<time>2026-08-13T10:25:00Z</time>
					</trkpt>
					<trkpt lat="42.607900" lon="1.486760">
						<ele>2358</ele>
						<time>2026-08-13T10:25:08Z</time>
					</trkpt>
					<trkpt lat="42.607880" lon="1.487020">
						<ele>2360</ele>
						<time>2026-08-13T10:25:18Z</time>
					</trkpt>
					<trkpt lat="42.607540" lon="1.486980">
						<ele>2355</ele>
						<time>2026-08-13T10:25:35Z</time>
					</trkpt>
					<trkpt lat="42.607410" lon="1.487000">
						<ele>2354</ele>
						<time>2026-08-13T10:25:41Z</time>
					</trkpt>
					<trkpt lat="42.607160" lon="1.487080">
						<ele>2352</ele>
						<time>2026-08-13T10:25:54Z</time>
					</trkpt>
					<trkpt lat="42.606900" lon="1.487220">
						<ele>2349</ele>
						<time>2026-08-13T10:26:08Z</time>
					</trkpt>
					<trkpt lat="42.606810" lon="1.487340">
						<ele>2347</ele>
						<time>2026-08-13T10:26:15Z</time>
					</trkpt>
					<trkpt lat="42.606730" lon="1.487730">
						<ele>2344</ele>
						<time>2026-08-13T10:26:30Z</time>
					</trkpt>
					<trkpt lat="42.606600" lon="1.488010">
						<ele>2341</ele>
						<time>2026-08-13T10:26:42Z</time>
					</trkpt>
					<trkpt lat="42.606640" lon="1.488510">
						<ele>2336</ele>
						<time>2026-08-13T10:27:00Z</time>
					</trkpt>
					<trkpt lat="42.606480" lon="1.488860">
						<ele>2327</ele>
						<time>2026-08-13T10:27:15Z</time>
					</trkpt>
					<trkpt lat="42.606470" lon="1.489250">
						<ele>2320</ele>
						<time>2026-08-13T10:27:30Z</time>
					</trkpt>
					<trkpt lat="42.606270" lon="1.489520">
						<ele>2311</ele>
						<time>2026-08-13T10:27:44Z</time>
					</trkpt>
					<trkpt lat="42.606210" lon="1.490020">
						<ele>2302</ele>
						<time>2026-08-13T10:28:03Z</time>
					</trkpt>
					<trkpt lat="42.606030" lon="1.490500">
						<ele>2300</ele>
						<time>2026-08-13T10:28:22Z</time>
					</trkpt>
					<trkpt lat="42.605860" lon="1.490550">
						<ele>2299</ele>
						<time>2026-08-13T10:28:31Z</time>
					</trkpt>
					<trkpt lat="42.605760" lon="1.490730">
						<ele>2302</ele>
						<time>2026-08-13T10:28:39Z</time>
					</trkpt>
					<trkpt lat="42.605560" lon="1.491460">
						<ele>2315</ele>
						<time>2026-08-13T10:29:08Z</time>
					</trkpt>
					<trkpt lat="42.605400" lon="1.491570">
						<ele>2321</ele>
						<time>2026-08-13T10:29:17Z</time>
					</trkpt>
					<trkpt lat="42.605220" lon="1.491530">
						<ele>2324</ele>
						<time>2026-08-13T10:29:26Z</time>
					</trkpt>
					<trkpt lat="42.605010" lon="1.491380">
						<ele>2326</ele>
						<time>2026-08-13T10:29:38Z</time>
					</trkpt>
					<trkpt lat="42.604840" lon="1.491370">
						<ele>2334</ele>
						<time>2026-08-13T10:29:47Z</time>
					</trkpt>
					<trkpt lat="42.604780" lon="1.491540">
						<ele>2340</ele>
						<time>2026-08-13T10:29:54Z</time>
					</trkpt>
					<trkpt lat="42.604560" lon="1.491460">
						<ele>2349</ele>
						<time>2026-08-13T10:30:05Z</time>
					</trkpt>
					<trkpt lat="42.604390" lon="1.491430">
						<ele>2357</ele>
						<time>2026-08-13T10:30:14Z</time>
					</trkpt>
					<trkpt lat="42.604300" lon="1.491310">
						<ele>2359</ele>
						<time>2026-08-13T10:30:20Z</time>
					</trkpt>
					<trkpt lat="42.604290" lon="1.491180">
						<ele>2357</ele>
						<time>2026-08-13T10:30:25Z</time>
					</trkpt>
					<trkpt lat="42.603820" lon="1.490630">
						<ele>2369</ele>
						<time>2026-08-13T10:30:56Z</time>
					</trkpt>
					<trkpt lat="42.603440" lon="1.490390">
						<ele>2381</ele>
						<time>2026-08-13T10:31:17Z</time>
					</trkpt>
					<trkpt lat="42.603280" lon="1.490040">
						<ele>2384</ele>
						<time>2026-08-13T10:31:32Z</time>
					</trkpt>
					<trkpt lat="42.603160" lon="1.489970">
						<ele>2386</ele>
						<time>2026-08-13T10:31:38Z</time>
					</trkpt>
					<trkpt lat="42.602850" lon="1.490070">
						<ele>2391</ele>
						<time>2026-08-13T10:31:54Z</time>
					</trkpt>
					<trkpt lat="42.602680" lon="1.490100">
						<ele>2394</ele>
						<time>2026-08-13T10:32:03Z</time>
					</trkpt>
					<trkpt lat="42.602500" lon="1.490180">
						<ele>2397</ele>
						<time>2026-08-13T10:32:12Z</time>
					</trkpt>
					<trkpt lat="42.602340" lon="1.490430">
						<ele>2401</ele>
						<time>2026-08-13T10:32:25Z</time>
					</trkpt>
					<trkpt lat="42.602110" lon="1.490500">
						<ele>2405</ele>
						<time>2026-08-13T10:32:36Z</time>
					</trkpt>
					<trkpt lat="42.602040" lon="1.490720">
						<ele>2408</ele>
						<time>2026-08-13T10:32:45Z</time>
					</trkpt>
					<trkpt lat="42.601540" lon="1.490800">
						<ele>2420</ele>
						<time>2026-08-13T10:33:10Z</time>
					</trkpt>
					<trkpt lat="42.601270" lon="1.490800">
						<ele>2430</ele>
						<time>2026-08-13T10:33:24Z</time>
					</trkpt>
					<trkpt lat="42.600890" lon="1.490630">
						<ele>2444</ele>
						<time>2026-08-13T10:33:44Z</time>
					</trkpt>
					<trkpt lat="42.600720" lon="1.490710">
						<ele>2451</ele>
						<time>2026-08-13T10:33:53Z</time>
					</trkpt>
					<trkpt lat="42.600460" lon="1.490630">
						<ele>2462</ele>
						<time>2026-08-13T10:34:06Z</time>
					</trkpt>
					<trkpt lat="42.600350" lon="1.490730">
						<ele>2465</ele>
						<time>2026-08-13T10:34:13Z</time>
					</trkpt>
					<trkpt lat="42.600180" lon="1.490770">
						<ele>2471</ele>
						<time>2026-08-13T10:34:22Z</time>
					</trkpt>
					<trkpt lat="42.600170" lon="1.490700">
						<ele>2473</ele>
						<time>2026-08-13T10:34:24Z</time>
					</trkpt>
					<trkpt lat="42.599920" lon="1.490740">
						<ele>2482</ele>
						<time>2026-08-13T10:34:37Z</time>
					</trkpt>
					<trkpt lat="42.599870" lon="1.490310">
						<ele>2492</ele>
						<time>2026-08-13T10:34:53Z</time>
					</trkpt>
					<trkpt lat="42.599670" lon="1.490390">
						<ele>2497</ele>
						<time>2026-08-13T10:35:03Z</time>
					</trkpt>
					<trkpt lat="42.599550" lon="1.490010">
						<ele>2509</ele>
						<time>2026-08-13T10:35:18Z</time>
					</trkpt>
					<trkpt lat="42.599320" lon="1.489960">
						<ele>2518</ele>
						<time>2026-08-13T10:35:30Z</time>
					</trkpt>
					<trkpt lat="42.599080" lon="1.490070">
						<ele>2523</ele>
						<time>2026-08-13T10:35:43Z</time>
					</trkpt>
					<trkpt lat="42.598920" lon="1.490210">
						<ele>2524</ele>
						<time>2026-08-13T10:35:52Z</time>
					</trkpt>
					<trkpt lat="42.598780" lon="1.490210">
						<ele>2528</ele>
						<time>2026-08-13T10:35:59Z</time>
					</trkpt>
					<trkpt lat="42.598600" lon="1.490270">
						<ele>2533</ele>
						<time>2026-08-13T10:36:09Z</time>
					</trkpt>
					<trkpt lat="42.598480" lon="1.490440">
						<ele>2535</ele>
						<time>2026-08-13T10:36:17Z</time>
					</trkpt>
					<trkpt lat="42.598420" lon="1.490330">
						<ele>2538</ele>
						<time>2026-08-13T10:36:22Z</time>
					</trkpt>
					<trkpt lat="42.598170" lon="1.490270">
						<ele>2548</ele>
						<time>2026-08-13T10:36:35Z</time>
					</trkpt>
					<trkpt lat="42.598060" lon="1.490270">
						<ele>2552</ele>
						<time>2026-08-13T10:36:41Z</time>
					</trkpt>
					<trkpt lat="42.597990" lon="1.490370">
						<ele>2555</ele>
						<time>2026-08-13T10:36:46Z</time>
					</trkpt>
					<trkpt lat="42.597970" lon="1.490220">
						<ele>2557</ele>
						<time>2026-08-13T10:36:51Z</time>
					</trkpt>
					<trkpt lat="42.597890" lon="1.490210">
						<ele>2560</ele>
						<time>2026-08-13T10:36:55Z</time>
					</trkpt>
					<trkpt lat="42.597810" lon="1.490140">
						<ele>2564</ele>
						<time>2026-08-13T10:37:00Z</time>
					</trkpt>
					<trkpt lat="42.597730" lon="1.490270">
						<ele>2567</ele>
						<time>2026-08-13T10:37:06Z</time>
					</trkpt>
					<trkpt lat="42.597690" lon="1.490160">
						<ele>2569</ele>
						<time>2026-08-13T10:37:11Z</time>
					</trkpt>
					<trkpt lat="42.597630" lon="1.490300">
						<ele>2571</ele>
						<time>2026-08-13T10:37:17Z</time>
					</trkpt>
					<trkpt lat="42.597350" lon="1.490300">
						<ele>2568</ele>
						<time>2026-08-13T10:37:31Z</time>
					</trkpt>
					<trkpt lat="42.597260" lon="1.490030">
						<ele>2566</ele>
						<time>2026-08-13T10:37:42Z</time>
					</trkpt>
					<trkpt lat="42.597370" lon="1.489070">
						<ele>2588</ele>
						<time>2026-08-13T10:38:17Z</time>
					</trkpt>
					<trkpt lat="42.597300" lon="1.489010">
						<ele>2586</ele>
						<time>2026-08-13T10:38:22Z</time>
					</trkpt>
					<trkpt lat="42.597470" lon="1.488470">
						<ele>2610</ele>
						<time>2026-08-13T10:38:43Z</time>
					</trkpt>
					<trkpt lat="42.597620" lon="1.488090">
						<ele>2614</ele>
						<time>2026-08-13T10:38:59Z</time>
					</trkpt>
					<trkpt lat="42.598420" lon="1.486540">
						<ele>2628</ele>
						<time>2026-08-13T10:40:09Z</time>
					</trkpt>
					<trkpt lat="42.598760" lon="1.486210">
						<ele>2629</ele>
						<time>2026-08-13T10:40:30Z</time>
					</trkpt>
					<trkpt lat="42.599090" lon="1.485820">
						<ele>2641</ele>
						<time>2026-08-13T10:40:52Z</time>
					</trkpt>
					<trkpt lat="42.599230" lon="1.485490">
						<ele>2640</ele>
						<time>2026-08-13T10:41:06Z</time>
					</trkpt>
					<trkpt lat="42.599270" lon="1.485090">
						<ele>2638</ele>
						<time>2026-08-13T10:41:21Z</time>
					</trkpt>
					<trkpt lat="42.599370" lon="1.484510">
						<ele>2632</ele>
						<time>2026-08-13T10:41:42Z</time>
					</trkpt>
					<trkpt lat="42.599580" lon="1.483760">
						<ele>2629</ele>
						<time>2026-08-13T10:42:12Z</time>
					</trkpt>
					<trkpt lat="42.599820" lon="1.483090">
						<ele>2636</ele>
						<time>2026-08-13T10:42:39Z</time>
					</trkpt>
					<trkpt lat="42.600120" lon="1.482450">
						<ele>2649</ele>
						<time>2026-08-13T10:43:07Z</time>
					</trkpt>
					<trkpt lat="42.600770" lon="1.481380">
						<ele>2677</ele>
						<time>2026-08-13T10:43:59Z</time>
					</trkpt>
					<trkpt lat="42.601290" lon="1.479230">
						<ele>2715</ele>
						<time>2026-08-13T10:45:22Z</time>
					</trkpt>
					<trkpt lat="42.601170" lon="1.478260">
						<ele>2721</ele>
						<time>2026-08-13T10:45:58Z</time>
					</trkpt>
					<trkpt lat="42.601220" lon="1.478150">
						<ele>2719</ele>
						<time>2026-08-13T10:46:03Z</time>
					</trkpt>
					<trkpt lat="42.601490" lon="1.477950">
						<ele>2718</ele>
						<time>2026-08-13T10:46:18Z</time>
					</trkpt>
					<trkpt lat="42.601780" lon="1.477610">
						<ele>2716</ele>
						<time>2026-08-13T10:46:37Z</time>
					</trkpt>
					<trkpt lat="42.602580" lon="1.477200">
						<ele>2692</ele>
						<time>2026-08-13T10:47:20Z</time>
					</trkpt>
					<trkpt lat="42.603190" lon="1.476040">
						<ele>2654</ele>
						<time>2026-08-13T10:48:13Z</time>
					</trkpt>
					<trkpt lat="42.603280" lon="1.475200">
						<ele>2643</ele>
						<time>2026-08-13T10:48:44Z</time>
					</trkpt>
					<trkpt lat="42.603130" lon="1.475050">
						<ele>2636</ele>
						<time>2026-08-13T10:48:53Z</time>
					</trkpt>
					<trkpt lat="42.603120" lon="1.474770">
						<ele>2631</ele>
						<time>2026-08-13T10:49:04Z</time>
					</trkpt>
					<trkpt lat="42.602900" lon="1.474290">
						<ele>2613</ele>
						<time>2026-08-13T10:49:24Z</time>
					</trkpt>
					<trkpt lat="42.602600" lon="1.474510">
						<ele>2604</ele>
						<time>2026-08-13T10:49:42Z</time>
					</trkpt>
					<trkpt lat="42.602370" lon="1.474140">
						<ele>2584</ele>
						<time>2026-08-13T10:49:59Z</time>
					</trkpt>
					<trkpt lat="42.601980" lon="1.473690">
						<ele>2562</ele>
						<time>2026-08-13T10:50:25Z</time>
					</trkpt>
					<trkpt lat="42.601870" lon="1.473140">
						<ele>2550</ele>
						<time>2026-08-13T10:50:46Z</time>
					</trkpt>
					<trkpt lat="42.601790" lon="1.472870">
						<ele>2541</ele>
						<time>2026-08-13T10:50:57Z</time>
					</trkpt>
					<trkpt lat="42.601530" lon="1.472190">
						<ele>2518</ele>
						<time>2026-08-13T10:51:25Z</time>
					</trkpt>
					<trkpt lat="42.601410" lon="1.471630">
						<ele>2504</ele>
						<time>2026-08-13T10:51:46Z</time>
					</trkpt>
					<trkpt lat="42.601230" lon="1.471310">
						<ele>2493</ele>
						<time>2026-08-13T10:52:01Z</time>
					</trkpt>
					<trkpt lat="42.600990" lon="1.470970">
						<ele>2479</ele>
						<time>2026-08-13T10:52:19Z</time>
					</trkpt>
					<trkpt lat="42.601160" lon="1.470900">
						<ele>2489</ele>
						<time>2026-08-13T10:52:27Z</time>
					</trkpt>
					<trkpt lat="42.601120" lon="1.470580">
						<ele>2488</ele>
						<time>2026-08-13T10:52:39Z</time>
					</trkpt>
					<trkpt lat="42.600980" lon="1.470040">
						<ele>2484</ele>
						<time>2026-08-13T10:53:01Z</time>
					</trkpt>
					<trkpt lat="42.600960" lon="1.469650">
						<ele>2491</ele>
						<time>2026-08-13T10:53:15Z</time>
					</trkpt>
					<trkpt lat="42.601200" lon="1.469640">
						<ele>2504</ele>
						<time>2026-08-13T10:53:27Z</time>
					</trkpt>
					<trkpt lat="42.601440" lon="1.469900">
						<ele>2512</ele>
						<time>2026-08-13T10:53:42Z</time>
					</trkpt>
					<trkpt lat="42.601670" lon="1.470290">
						<ele>2521</ele>
						<time>2026-08-13T10:54:01Z</time>
					</trkpt>
					<trkpt lat="42.601840" lon="1.470850">
						<ele>2525</ele>
						<time>2026-08-13T10:54:23Z</time>
					</trkpt>
					<trkpt lat="42.601940" lon="1.470570">
						<ele>2533</ele>
						<time>2026-08-13T10:54:34Z</time>
					</trkpt>
					<trkpt lat="42.601980" lon="1.470320">
						<ele>2538</ele>
						<time>2026-08-13T10:54:44Z</time>
					</trkpt>
					<trkpt lat="42.601980" lon="1.469910">
						<ele>2542</ele>
						<time>2026-08-13T10:54:59Z</time>
					</trkpt>
					<trkpt lat="42.602170" lon="1.470090">
						<ele>2550</ele>
						<time>2026-08-13T10:55:11Z</time>
					</trkpt>
					<trkpt lat="42.602270" lon="1.470020">
						<ele>2557</ele>
						<time>2026-08-13T10:55:16Z</time>
					</trkpt>
					<trkpt lat="42.602300" lon="1.468930">
						<ele>2578</ele>
						<time>2026-08-13T10:55:56Z</time>
					</trkpt>
					<trkpt lat="42.602410" lon="1.468700">
						<ele>2588</ele>
						<time>2026-08-13T10:56:07Z</time>
					</trkpt>
					<trkpt lat="42.602690" lon="1.468930">
						<ele>2596</ele>
						<time>2026-08-13T10:56:23Z</time>
					</trkpt>
					<trkpt lat="42.602910" lon="1.469300">
						<ele>2599</ele>
						<time>2026-08-13T10:56:40Z</time>
					</trkpt>
					<trkpt lat="42.603090" lon="1.469460">
						<ele>2606</ele>
						<time>2026-08-13T10:56:51Z</time>
					</trkpt>
					<trkpt lat="42.603310" lon="1.469720">
						<ele>2615</ele>
						<time>2026-08-13T10:57:06Z</time>
					</trkpt>
					<trkpt lat="42.603470" lon="1.469450">
						<ele>2621</ele>
						<time>2026-08-13T10:57:19Z</time>
					</trkpt>
					<trkpt lat="42.603550" lon="1.468830">
						<ele>2625</ele>
						<time>2026-08-13T10:57:42Z</time>
					</trkpt>
					<trkpt lat="42.603630" lon="1.468550">
						<ele>2629</ele>
						<time>2026-08-13T10:57:53Z</time>
					</trkpt>
					<trkpt lat="42.603820" lon="1.468080">
						<ele>2638</ele>
						<time>2026-08-13T10:58:13Z</time>
					</trkpt>
					<trkpt lat="42.603880" lon="1.467750">
						<ele>2644</ele>
						<time>2026-08-13T10:58:25Z</time>
					</trkpt>
					<trkpt lat="42.603930" lon="1.467260">
						<ele>2653</ele>
						<time>2026-08-13T10:58:43Z</time>
					</trkpt>
					<trkpt lat="42.604110" lon="1.466930">
						<ele>2663</ele>
						<time>2026-08-13T10:58:58Z</time>
					</trkpt>
					<trkpt lat="42.604290" lon="1.466780">
						<ele>2670</ele>
						<time>2026-08-13T10:59:09Z</time>
					</trkpt>
					<trkpt lat="42.604410" lon="1.467020">
						<ele>2668</ele>
						<time>2026-08-13T10:59:20Z</time>
					</trkpt>
					<trkpt lat="42.604570" lon="1.467020">
						<ele>2672</ele>
						<time>2026-08-13T10:59:28Z</time>
					</trkpt>
					<trkpt lat="42.604740" lon="1.467100">
						<ele>2674</ele>
						<time>2026-08-13T10:59:37Z</time>
					</trkpt>
					<trkpt lat="42.604760" lon="1.466850">
						<ele>2680</ele>
						<time>2026-08-13T10:59:46Z</time>
					</trkpt>
					<trkpt lat="42.604870" lon="1.466300">
						<ele>2698</ele>
						<time>2026-08-13T11:00:07Z</time>
					</trkpt>
					<trkpt lat="42.605150" lon="1.465880">
						<ele>2719</ele>
						<time>2026-08-13T11:00:28Z</time>
					</trkpt>
					<trkpt lat="42.605270" lon="1.465940">
						<ele>2721</ele>
						<time>2026-08-13T11:00:34Z</time>
					</trkpt>
					<trkpt lat="42.605750" lon="1.465810">
						<ele>2743</ele>
						<time>2026-08-13T11:00:59Z</time>
					</trkpt>
					<trkpt lat="42.606270" lon="1.466100">
						<ele>2751</ele>
						<time>2026-08-13T11:01:27Z</time>
					</trkpt>
					<trkpt lat="42.606410" lon="1.467030">
						<ele>2726</ele>
						<time>2026-08-13T11:02:02Z</time>
					</trkpt>
					<trkpt lat="42.606420" lon="1.467460">
						<ele>2718</ele>
						<time>2026-08-13T11:02:18Z</time>
					</trkpt>
					<trkpt lat="42.606700" lon="1.467230">
						<ele>2729</ele>
						<time>2026-08-13T11:02:34Z</time>
					</trkpt>
					<trkpt lat="42.606750" lon="1.467110">
						<ele>2730</ele>
						<time>2026-08-13T11:02:39Z</time>
					</trkpt>
					<trkpt lat="42.606850" lon="1.467120">
						<ele>2726</ele>
						<time>2026-08-13T11:02:44Z</time>
					</trkpt>
					<trkpt lat="42.606860" lon="1.467250">
						<ele>2723</ele>
						<time>2026-08-13T11:02:49Z</time>
					</trkpt>
					<trkpt lat="42.607000" lon="1.467270">
						<ele>2717</ele>
						<time>2026-08-13T11:02:56Z</time>
					</trkpt>
					<trkpt lat="42.607150" lon="1.467160">
						<ele>2714</ele>
						<time>2026-08-13T11:03:04Z</time>
					</trkpt>
					<trkpt lat="42.607270" lon="1.467230">
						<ele>2708</ele>
						<time>2026-08-13T11:03:11Z</time>
					</trkpt>
					<trkpt lat="42.607410" lon="1.467140">
						<ele>2706</ele>
						<time>2026-08-13T11:03:19Z</time>
					</trkpt>
					<trkpt lat="42.607540" lon="1.467140">
						<ele>2700</ele>
						<time>2026-08-13T11:03:25Z</time>
					</trkpt>
					<trkpt lat="42.607640" lon="1.467320">
						<ele>2688</ele>
						<time>2026-08-13T11:03:34Z</time>
					</trkpt>
					<trkpt lat="42.607700" lon="1.467620">
						<ele>2678</ele>
						<time>2026-08-13T11:03:45Z</time>
					</trkpt>
					<trkpt lat="42.607900" lon="1.468110">
						<ele>2668</ele>
						<time>2026-08-13T11:04:06Z</time>
					</trkpt>
					<trkpt lat="42.608100" lon="1.468080">
						<ele>2656</ele>
						<time>2026-08-13T11:04:16Z</time>
					</trkpt>
					<trkpt lat="42.608530" lon="1.468190">
						<ele>2634</ele>
						<time>2026-08-13T11:04:38Z</time>
					</trkpt>
					<trkpt lat="42.608460" lon="1.467980">
						<ele>2635</ele>
						<time>2026-08-13T11:04:46Z</time>
					</trkpt>
					<trkpt lat="42.608600" lon="1.467790">
						<ele>2627</ele>
						<time>2026-08-13T11:04:56Z</time>
					</trkpt>
					<trkpt lat="42.608760" lon="1.467890">
						<ele>2620</ele>
						<time>2026-08-13T11:05:05Z</time>
					</trkpt>
					<trkpt lat="42.609010" lon="1.467860">
						<ele>2608</ele>
						<time>2026-08-13T11:05:17Z</time>
					</trkpt>
					<trkpt lat="42.609300" lon="1.467920">
						<ele>2596</ele>
						<time>2026-08-13T11:05:32Z</time>
					</trkpt>
					<trkpt lat="42.609470" lon="1.467780">
						<ele>2587</ele>
						<time>2026-08-13T11:05:42Z</time>
					</trkpt>
					<trkpt lat="42.609660" lon="1.467880">
						<ele>2580</ele>
						<time>2026-08-13T11:05:52Z</time>
					</trkpt>
					<trkpt lat="42.609740" lon="1.467610">
						<ele>2572</ele>
						<time>2026-08-13T11:06:03Z</time>
					</trkpt>
					<trkpt lat="42.609930" lon="1.467590">
						<ele>2564</ele>
						<time>2026-08-13T11:06:12Z</time>
					</trkpt>
					<trkpt lat="42.610180" lon="1.467610">
						<ele>2551</ele>
						<time>2026-08-13T11:06:25Z</time>
					</trkpt>
					<trkpt lat="42.610250" lon="1.467760">
						<ele>2549</ele>
						<time>2026-08-13T11:06:32Z</time>
					</trkpt>
					<trkpt lat="42.610340" lon="1.467570">
						<ele>2542</ele>
						<time>2026-08-13T11:06:40Z</time>
					</trkpt>
					<trkpt lat="42.610430" lon="1.467740">
						<ele>2538</ele>
						<time>2026-08-13T11:06:48Z</time>
					</trkpt>
					<trkpt lat="42.610680" lon="1.467840">
						<ele>2524</ele>
						<time>2026-08-13T11:07:01Z</time>
					</trkpt>
					<trkpt lat="42.610880" lon="1.467800">
						<ele>2511</ele>
						<time>2026-08-13T11:07:11Z</time>
					</trkpt>
					<trkpt lat="42.610980" lon="1.468020">
						<ele>2504</ele>
						<time>2026-08-13T11:07:20Z</time>
					</trkpt>
					<trkpt lat="42.610810" lon="1.468230">
						<ele>2516</ele>
						<time>2026-08-13T11:07:32Z</time>
					</trkpt>
					<trkpt lat="42.610940" lon="1.468660">
						<ele>2511</ele>
						<time>2026-08-13T11:07:49Z</time>
					</trkpt>
					<trkpt lat="42.611090" lon="1.468770">
						<ele>2502</ele>
						<time>2026-08-13T11:07:57Z</time>
					</trkpt>
					<trkpt lat="42.611120" lon="1.469010">
						<ele>2503</ele>
						<time>2026-08-13T11:08:06Z</time>
					</trkpt>
					<trkpt lat="42.611440" lon="1.469340">
						<ele>2488</ele>
						<time>2026-08-13T11:08:26Z</time>
					</trkpt>
					<trkpt lat="42.611720" lon="1.469300">
						<ele>2469</ele>
						<time>2026-08-13T11:08:41Z</time>
					</trkpt>
					<trkpt lat="42.611770" lon="1.468970">
						<ele>2461</ele>
						<time>2026-08-13T11:08:53Z</time>
					</trkpt>
					<trkpt lat="42.612190" lon="1.469020">
						<ele>2452</ele>
						<time>2026-08-13T11:09:14Z</time>
					</trkpt>
					<trkpt lat="42.612210" lon="1.468860">
						<ele>2450</ele>
						<time>2026-08-13T11:09:20Z</time>
					</trkpt>
					<trkpt lat="42.612700" lon="1.468660">
						<ele>2441</ele>
						<time>2026-08-13T11:09:46Z</time>
					</trkpt>
					<trkpt lat="42.612940" lon="1.468810">
						<ele>2439</ele>
						<time>2026-08-13T11:09:59Z</time>
					</trkpt>
					<trkpt lat="42.612980" lon="1.468530">
						<ele>2438</ele>
						<time>2026-08-13T11:10:09Z</time>
					</trkpt>
					<trkpt lat="42.613530" lon="1.468660">
						<ele>2431</ele>
						<time>2026-08-13T11:10:37Z</time>
					</trkpt>
					<trkpt lat="42.613720" lon="1.468930">
						<ele>2428</ele>
						<time>2026-08-13T11:10:51Z</time>
					</trkpt>
					<trkpt lat="42.613860" lon="1.468970">
						<ele>2425</ele>
						<time>2026-08-13T11:10:58Z</time>
					</trkpt>
					<trkpt lat="42.613860" lon="1.468710">
						<ele>2424</ele>
						<time>2026-08-13T11:11:08Z</time>
					</trkpt>
					<trkpt lat="42.614110" lon="1.468740">
						<ele>2419</ele>
						<time>2026-08-13T11:11:20Z</time>
					</trkpt>
					<trkpt lat="42.614430" lon="1.468940">
						<ele>2411</ele>
						<time>2026-08-13T11:11:38Z</time>
					</trkpt>
					<trkpt lat="42.614880" lon="1.468840">
						<ele>2396</ele>
						<time>2026-08-13T11:12:01Z</time>
					</trkpt>
					<trkpt lat="42.615110" lon="1.468840">
						<ele>2388</ele>
						<time>2026-08-13T11:12:12Z</time>
					</trkpt>
					<trkpt lat="42.615390" lon="1.468790">
						<ele>2377</ele>
						<time>2026-08-13T11:12:26Z</time>
					</trkpt>
					<trkpt lat="42.615650" lon="1.468250">
						<ele>2359</ele>
						<time>2026-08-13T11:12:50Z</time>
					</trkpt>
					<trkpt lat="42.615570" lon="1.467990">
						<ele>2357</ele>
						<time>2026-08-13T11:13:01Z</time>
					</trkpt>
					<trkpt lat="42.615760" lon="1.467430">
						<ele>2341</ele>
						<time>2026-08-13T11:13:23Z</time>
					</trkpt>
					<trkpt lat="42.615800" lon="1.467810">
						<ele>2346</ele>
						<time>2026-08-13T11:13:37Z</time>
					</trkpt>
					<trkpt lat="42.616010" lon="1.468000">
						<ele>2345</ele>
						<time>2026-08-13T11:13:50Z</time>
					</trkpt>
					<trkpt lat="42.616300" lon="1.468410">
						<ele>2343</ele>
						<time>2026-08-13T11:14:11Z</time>
					</trkpt>
					<trkpt lat="42.616710" lon="1.468370">
						<ele>2333</ele>
						<time>2026-08-13T11:14:32Z</time>
					</trkpt>
					<trkpt lat="42.616960" lon="1.468470">
						<ele>2331</ele>
						<time>2026-08-13T11:14:45Z</time>
					</trkpt>
					<trkpt lat="42.617050" lon="1.468120">
						<ele>2326</ele>
						<time>2026-08-13T11:14:58Z</time>
					</trkpt>
					<trkpt lat="42.617180" lon="1.468310">
						<ele>2326</ele>
						<time>2026-08-13T11:15:08Z</time>
					</trkpt>
					<trkpt lat="42.617660" lon="1.468260">
						<ele>2320</ele>
						<time>2026-08-13T11:15:32Z</time>
					</trkpt>
					<trkpt lat="42.617760" lon="1.468100">
						<ele>2318</ele>
						<time>2026-08-13T11:15:40Z</time>
					</trkpt>
					<trkpt lat="42.618200" lon="1.468440">
						<ele>2321</ele>
						<time>2026-08-13T11:16:05Z</time>
					</trkpt>
					<trkpt lat="42.618330" lon="1.468360">
						<ele>2318</ele>
						<time>2026-08-13T11:16:12Z</time>
					</trkpt>
					<trkpt lat="42.618510" lon="1.468350">
						<ele>2318</ele>
						<time>2026-08-13T11:16:21Z</time>
					</trkpt>
					<trkpt lat="42.618610" lon="1.468000">
						<ele>2310</ele>
						<time>2026-08-13T11:16:35Z</time>
					</trkpt>
					<trkpt lat="42.618570" lon="1.467730">
						<ele>2303</ele>
						<time>2026-08-13T11:16:45Z</time>
					</trkpt>
					<trkpt lat="42.618490" lon="1.467540">
						<ele>2300</ele>
						<time>2026-08-13T11:16:53Z</time>
					</trkpt>
					<trkpt lat="42.618610" lon="1.467400">
						<ele>2294</ele>
						<time>2026-08-13T11:17:01Z</time>
					</trkpt>
					<trkpt lat="42.618580" lon="1.467170">
						<ele>2288</ele>
						<time>2026-08-13T11:17:10Z</time>
					</trkpt>
					<trkpt lat="42.618890" lon="1.467070">
						<ele>2275</ele>
						<time>2026-08-13T11:17:26Z</time>
					</trkpt>
					<trkpt lat="42.618940" lon="1.466910">
						<ele>2266</ele>
						<time>2026-08-13T11:17:32Z</time>
					</trkpt>
					<trkpt lat="42.618830" lon="1.466930">
						<ele>2271</ele>
						<time>2026-08-13T11:17:38Z</time>
					</trkpt>
					<trkpt lat="42.618740" lon="1.466830">
						<ele>2271</ele>
						<time>2026-08-13T11:17:43Z</time>
					</trkpt>
					<trkpt lat="42.618910" lon="1.466770">
						<ele>2261</ele>
						<time>2026-08-13T11:17:52Z</time>
					</trkpt>
					<trkpt lat="42.618850" lon="1.466650">
						<ele>2259</ele>
						<time>2026-08-13T11:17:58Z</time>
					</trkpt>
					<trkpt lat="42.618840" lon="1.466470">
						<ele>2256</ele>
						<time>2026-08-13T11:18:04Z</time>
					</trkpt>
					<trkpt lat="42.618930" lon="1.466490">
						<ele>2252</ele>
						<time>2026-08-13T11:18:09Z</time>
					</trkpt>
					<trkpt lat="42.618940" lon="1.466340">
						<ele>2248</ele>
						<time>2026-08-13T11:18:14Z</time>
					</trkpt>
					<trkpt lat="42.619140" lon="1.466410">
						<ele>2240</ele>
						<time>2026-08-13T11:18:25Z</time>
					</trkpt>
					<trkpt lat="42.619340" lon="1.466250">
						<ele>2234</ele>
						<time>2026-08-13T11:18:36Z</time>
					</trkpt>
					<trkpt lat="42.619750" lon="1.465820">
						<ele>2220</ele>
						<time>2026-08-13T11:19:02Z</time>
					</trkpt>
					<trkpt lat="42.620090" lon="1.465560">
						<ele>2216</ele>
						<time>2026-08-13T11:19:22Z</time>
					</trkpt>
					<trkpt lat="42.620440" lon="1.465050">
						<ele>2209</ele>
						<time>2026-08-13T11:19:47Z</time>
					</trkpt>
					<trkpt lat="42.620960" lon="1.464540">
						<ele>2197</ele>
						<time>2026-08-13T11:20:19Z</time>
					</trkpt>
					<trkpt lat="42.621020" lon="1.463960">
						<ele>2187</ele>
						<time>2026-08-13T11:20:41Z</time>
					</trkpt>
					<trkpt lat="42.621190" lon="1.463650">
						<ele>2183</ele>
						<time>2026-08-13T11:20:55Z</time>
					</trkpt>
					<trkpt lat="42.621520" lon="1.463680">
						<ele>2183</ele>
						<time>2026-08-13T11:21:12Z</time>
					</trkpt>
					<trkpt lat="42.621930" lon="1.462870">
						<ele>2169</ele>
						<time>2026-08-13T11:21:48Z</time>
					</trkpt>
					<trkpt lat="42.621800" lon="1.462560">
						<ele>2161</ele>
						<time>2026-08-13T11:22:01Z</time>
					</trkpt>
					<trkpt lat="42.621990" lon="1.462160">
						<ele>2155</ele>
						<time>2026-08-13T11:22:19Z</time>
					</trkpt>
					<trkpt lat="42.622040" lon="1.461320">
						<ele>2142</ele>
						<time>2026-08-13T11:22:50Z</time>
					</trkpt>
					<trkpt lat="42.622120" lon="1.460970">
						<ele>2139</ele>
						<time>2026-08-13T11:23:03Z</time>
					</trkpt>
					<trkpt lat="42.622190" lon="1.460430">
						<ele>2135</ele>
						<time>2026-08-13T11:23:23Z</time>
					</trkpt>
					<trkpt lat="42.622320" lon="1.459930">
						<ele>2129</ele>
						<time>2026-08-13T11:23:43Z</time>
					</trkpt>
					<trkpt lat="42.622570" lon="1.459200">
						<ele>2116</ele>
						<time>2026-08-13T11:24:13Z</time>
					</trkpt>
					<trkpt lat="42.622610" lon="1.458920">
						<ele>2114</ele>
						<time>2026-08-13T11:24:23Z</time>
					</trkpt>
					<trkpt lat="42.622780" lon="1.458480">
						<ele>2110</ele>
						<time>2026-08-13T11:24:41Z</time>
					</trkpt>
					<trkpt lat="42.622850" lon="1.458060">
						<ele>2104</ele>
						<time>2026-08-13T11:24:57Z</time>
					</trkpt>
					<trkpt lat="42.623140" lon="1.457890">
						<ele>2098</ele>
						<time>2026-08-13T11:25:13Z</time>
					</trkpt>
					<trkpt lat="42.623280" lon="1.457580">
						<ele>2090</ele>
						<time>2026-08-13T11:25:26Z</time>
					</trkpt>
					<trkpt lat="42.623470" lon="1.456590">
						<ele>2067</ele>
						<time>2026-08-13T11:26:04Z</time>
					</trkpt>
					<trkpt lat="42.623450" lon="1.456050">
						<ele>2057</ele>
						<time>2026-08-13T11:26:24Z</time>
					</trkpt>
					<trkpt lat="42.623540" lon="1.455730">
						<ele>2047</ele>
						<time>2026-08-13T11:26:37Z</time>
					</trkpt>
					<trkpt lat="42.623790" lon="1.455830">
						<ele>2045</ele>
						<time>2026-08-13T11:26:50Z</time>
					</trkpt>
					<trkpt lat="42.623830" lon="1.455960">
						<ele>2047</ele>
						<time>2026-08-13T11:26:55Z</time>
					</trkpt>
					<trkpt lat="42.623920" lon="1.455720">
						<ele>2039</ele>
						<time>2026-08-13T11:27:05Z</time>
					</trkpt>
					<trkpt lat="42.623910" lon="1.455470">
						<ele>2032</ele>
						<time>2026-08-13T11:27:14Z</time>
					</trkpt>
					<trkpt lat="42.624110" lon="1.455530">
						<ele>2029</ele>
						<time>2026-08-13T11:27:24Z</time>
					</trkpt>
					<trkpt lat="42.623990" lon="1.454900">
						<ele>2013</ele>
						<time>2026-08-13T11:27:48Z</time>
					</trkpt>
					<trkpt lat="42.624190" lon="1.454470">
						<ele>1992</ele>
						<time>2026-08-13T11:28:07Z</time>
					</trkpt>
					<trkpt lat="42.624560" lon="1.454340">
						<ele>1987</ele>
						<time>2026-08-13T11:28:26Z</time>
					</trkpt>
					<trkpt lat="42.624870" lon="1.453580">
						<ele>1953</ele>
						<time>2026-08-13T11:28:58Z</time>
					</trkpt>
					<trkpt lat="42.625320" lon="1.453040">
						<ele>1924</ele>
						<time>2026-08-13T11:29:28Z</time>
					</trkpt>
					<trkpt lat="42.625660" lon="1.452980">
						<ele>1919</ele>
						<time>2026-08-13T11:29:45Z</time>
					</trkpt>
					<trkpt lat="42.626330" lon="1.452400">
						<ele>1891</ele>
						<time>2026-08-13T11:30:25Z</time>
					</trkpt>
					<trkpt lat="42.627820" lon="1.451860">
						<ele>1881</ele>
						<time>2026-08-13T11:31:42Z</time>
					</trkpt>
					<trkpt lat="42.628370" lon="1.451450">
						<ele>1870</ele>
						<time>2026-08-13T11:32:14Z</time>
					</trkpt>
					<trkpt lat="42.628320" lon="1.451290">
						<ele>1866</ele>
						<time>2026-08-13T11:32:20Z</time>
					</trkpt>
					<trkpt lat="42.628060" lon="1.451210">
						<ele>1863</ele>
						<time>2026-08-13T11:32:33Z</time>
					</trkpt>
					<trkpt lat="42.628350" lon="1.450840">
						<ele>1856</ele>
						<time>2026-08-13T11:32:53Z</time>
					</trkpt>
					<trkpt lat="42.628360" lon="1.450816">
						<ele>1856</ele>
						<time>2026-08-13T11:32:54Z</time>
					</trkpt>
					<trkpt lat="42.628630" lon="1.450170">
						<ele>1853</ele>
						<time>2026-08-13T11:33:22Z</time>
					</trkpt>
					<trkpt lat="42.628880" lon="1.449710">
						<ele>1853</ele>
						<time>2026-08-13T11:33:43Z</time>
					</trkpt>
					<trkpt lat="42.629200" lon="1.449400">
						<ele>1853</ele>
						<time>2026-08-13T11:34:02Z</time>
					</trkpt>
					<trkpt lat="42.629590" lon="1.449280">
						<ele>1851</ele>
						<time>2026-08-13T11:34:22Z</time>
					</trkpt>
					<trkpt lat="42.629790" lon="1.448960">
						<ele>1854</ele>
						<time>2026-08-13T11:34:38Z</time>
					</trkpt>
					<trkpt lat="42.630180" lon="1.448640">
						<ele>1857</ele>
						<time>2026-08-13T11:35:01Z</time>
					</trkpt>
					<trkpt lat="42.630680" lon="1.448350">
						<ele>1853</ele>
						<time>2026-08-13T11:35:28Z</time>
					</trkpt>
					<trkpt lat="42.631200" lon="1.448280">
						<ele>1848</ele>
						<time>2026-08-13T11:35:54Z</time>
					</trkpt>
					<trkpt lat="42.631250" lon="1.447790">
						<ele>1861</ele>
						<time>2026-08-13T11:36:12Z</time>
					</trkpt>
					<trkpt lat="42.631250" lon="1.447500">
						<ele>1869</ele>
						<time>2026-08-13T11:36:23Z</time>
					</trkpt>
					<trkpt lat="42.631050" lon="1.447440">
						<ele>1875</ele>
						<time>2026-08-13T11:36:33Z</time>
					</trkpt>
					<trkpt lat="42.630080" lon="1.447530">
						<ele>1885</ele>
						<time>2026-08-13T11:37:22Z</time>
					</trkpt>
					<trkpt lat="42.629640" lon="1.447200">
						<ele>1909</ele>
						<time>2026-08-13T11:37:47Z</time>
					</trkpt>
					<trkpt lat="42.629340" lon="1.447240">
						<ele>1914</ele>
						<time>2026-08-13T11:38:02Z</time>
					</trkpt>
					<trkpt lat="42.629360" lon="1.447030">
						<ele>1924</ele>
						<time>2026-08-13T11:38:10Z</time>
					</trkpt>
					<trkpt lat="42.629140" lon="1.446710">
						<ele>1943</ele>
						<time>2026-08-13T11:38:26Z</time>
					</trkpt>
					<trkpt lat="42.629230" lon="1.446140">
						<ele>1979</ele>
						<time>2026-08-13T11:38:47Z</time>
					</trkpt>
					<trkpt lat="42.628960" lon="1.446260">
						<ele>1974</ele>
						<time>2026-08-13T11:39:02Z</time>
					</trkpt>
					<trkpt lat="42.628670" lon="1.446160">
						<ele>1984</ele>
						<time>2026-08-13T11:39:17Z</time>
					</trkpt>
					<trkpt lat="42.628810" lon="1.446000">
						<ele>1993</ele>
						<time>2026-08-13T11:39:26Z</time>
					</trkpt>
					<trkpt lat="42.628530" lon="1.446090">
						<ele>1989</ele>
						<time>2026-08-13T11:39:40Z</time>
					</trkpt>
					<trkpt lat="42.628620" lon="1.445890">
						<ele>2001</ele>
						<time>2026-08-13T11:39:49Z</time>
					</trkpt>
					<trkpt lat="42.628390" lon="1.445950">
						<ele>1999</ele>
						<time>2026-08-13T11:40:00Z</time>
					</trkpt>
					<trkpt lat="42.628380" lon="1.445770">
						<ele>2010</ele>
						<time>2026-08-13T11:40:07Z</time>
					</trkpt>
					<trkpt lat="42.628080" lon="1.445560">
						<ele>2026</ele>
						<time>2026-08-13T11:40:24Z</time>
					</trkpt>
					<trkpt lat="42.628260" lon="1.445230">
						<ele>2039</ele>
						<time>2026-08-13T11:40:39Z</time>
					</trkpt>
					<trkpt lat="42.628710" lon="1.444900">
						<ele>2050</ele>
						<time>2026-08-13T11:41:05Z</time>
					</trkpt>
					<trkpt lat="42.628300" lon="1.444630">
						<ele>2063</ele>
						<time>2026-08-13T11:41:27Z</time>
					</trkpt>
					<trkpt lat="42.628670" lon="1.444360">
						<ele>2073</ele>
						<time>2026-08-13T11:41:49Z</time>
					</trkpt>
					<trkpt lat="42.628640" lon="1.443980">
						<ele>2089</ele>
						<time>2026-08-13T11:42:03Z</time>
					</trkpt>
					<trkpt lat="42.628370" lon="1.443970">
						<ele>2088</ele>
						<time>2026-08-13T11:42:16Z</time>
					</trkpt>
					<trkpt lat="42.628010" lon="1.443370">
						<ele>2119</ele>
						<time>2026-08-13T11:42:45Z</time>
					</trkpt>
					<trkpt lat="42.628050" lon="1.443170">
						<ele>2129</ele>
						<time>2026-08-13T11:42:52Z</time>
					</trkpt>
					<trkpt lat="42.627280" lon="1.443190">
						<ele>2145</ele>
						<time>2026-08-13T11:43:31Z</time>
					</trkpt>
					<trkpt lat="42.627090" lon="1.443420">
						<ele>2140</ele>
						<time>2026-08-13T11:43:44Z</time>
					</trkpt>
					<trkpt lat="42.626370" lon="1.443680">
						<ele>2153</ele>
						<time>2026-08-13T11:44:21Z</time>
					</trkpt>
					<trkpt lat="42.626400" lon="1.443350">
						<ele>2163</ele>
						<time>2026-08-13T11:44:33Z</time>
					</trkpt>
					<trkpt lat="42.626030" lon="1.442730">
						<ele>2183</ele>
						<time>2026-08-13T11:45:02Z</time>
					</trkpt>
					<trkpt lat="42.625700" lon="1.442360">
						<ele>2193</ele>
						<time>2026-08-13T11:45:24Z</time>
					</trkpt>
					<trkpt lat="42.625180" lon="1.440810">
						<ele>2234</ele>
						<time>2026-08-13T11:46:27Z</time>
					</trkpt>
					<trkpt lat="42.625230" lon="1.439690">
						<ele>2256</ele>
						<time>2026-08-13T11:47:08Z</time>
					</trkpt>
					<trkpt lat="42.625550" lon="1.439060">
						<ele>2275</ele>
						<time>2026-08-13T11:47:36Z</time>
					</trkpt>
					<trkpt lat="42.625920" lon="1.437410">
						<ele>2302</ele>
						<time>2026-08-13T11:48:40Z</time>
					</trkpt>
					<trkpt lat="42.625620" lon="1.437260">
						<ele>2302</ele>
						<time>2026-08-13T11:48:56Z</time>
					</trkpt>
					<trkpt lat="42.625690" lon="1.436490">
						<ele>2301</ele>
						<time>2026-08-13T11:49:24Z</time>
					</trkpt>
					<trkpt lat="42.625390" lon="1.435490">
						<ele>2301</ele>
						<time>2026-08-13T11:50:04Z</time>
					</trkpt>
					<trkpt lat="42.625020" lon="1.434130">
						<ele>2306</ele>
						<time>2026-08-13T11:50:57Z</time>
					</trkpt>
					<trkpt lat="42.624510" lon="1.433650">
						<ele>2325</ele>
						<time>2026-08-13T11:51:28Z</time>
					</trkpt>
					<trkpt lat="42.624090" lon="1.433780">
						<ele>2334</ele>
						<time>2026-08-13T11:51:50Z</time>
					</trkpt>
					<trkpt lat="42.623560" lon="1.433450">
						<ele>2342</ele>
						<time>2026-08-13T11:52:19Z</time>
					</trkpt>
					<trkpt lat="42.622750" lon="1.433740">
						<ele>2355</ele>
						<time>2026-08-13T11:53:01Z</time>
					</trkpt>
					<trkpt lat="42.622090" lon="1.433740">
						<ele>2360</ele>
						<time>2026-08-13T11:53:34Z</time>
					</trkpt>
					<trkpt lat="42.621420" lon="1.432910">
						<ele>2380</ele>
						<time>2026-08-13T11:54:19Z</time>
					</trkpt>
					<trkpt lat="42.620520" lon="1.432420">
						<ele>2409</ele>
						<time>2026-08-13T11:55:08Z</time>
					</trkpt>
					<trkpt lat="42.619780" lon="1.431080">
						<ele>2451</ele>
						<time>2026-08-13T11:56:10Z</time>
					</trkpt>
					<trkpt lat="42.619380" lon="1.429870">
						<ele>2472</ele>
						<time>2026-08-13T11:56:58Z</time>
					</trkpt>
					<trkpt lat="42.618550" lon="1.428220">
						<ele>2512</ele>
						<time>2026-08-13T11:58:12Z</time>
					</trkpt>
					<trkpt lat="42.618690" lon="1.428010">
						<ele>2514</ele>
						<time>2026-08-13T11:58:22Z</time>
					</trkpt>
					<trkpt lat="42.619020" lon="1.427840">
						<ele>2521</ele>
						<time>2026-08-13T11:58:40Z</time>
					</trkpt>
					<trkpt lat="42.619370" lon="1.428090">
						<ele>2529</ele>
						<time>2026-08-13T11:59:00Z</time>
					</trkpt>
					<trkpt lat="42.619480" lon="1.427940">
						<ele>2537</ele>
						<time>2026-08-13T11:59:08Z</time>
					</trkpt>
					<trkpt lat="42.619840" lon="1.427750">
						<ele>2557</ele>
						<time>2026-08-13T11:59:27Z</time>
					</trkpt>
					<trkpt lat="42.619940" lon="1.427960">
						<ele>2559</ele>
						<time>2026-08-13T11:59:36Z</time>
					</trkpt>
					<trkpt lat="42.620190" lon="1.427710">
						<ele>2572</ele>
						<time>2026-08-13T11:59:52Z</time>
					</trkpt>
					<trkpt lat="42.620290" lon="1.427450">
						<ele>2579</ele>
						<time>2026-08-13T12:00:03Z</time>
					</trkpt>
					<trkpt lat="42.620410" lon="1.427410">
						<ele>2584</ele>
						<time>2026-08-13T12:00:09Z</time>
					</trkpt>
					<trkpt lat="42.620550" lon="1.427150">
						<ele>2591</ele>
						<time>2026-08-13T12:00:21Z</time>
					</trkpt>
					<trkpt lat="42.620710" lon="1.427110">
						<ele>2598</ele>
						<time>2026-08-13T12:00:29Z</time>
					</trkpt>
					<trkpt lat="42.621170" lon="1.426440">
						<ele>2624</ele>
						<time>2026-08-13T12:01:03Z</time>
					</trkpt>
					<trkpt lat="42.621120" lon="1.426270">
						<ele>2627</ele>
						<time>2026-08-13T12:01:09Z</time>
					</trkpt>
					<trkpt lat="42.621280" lon="1.426080">
						<ele>2640</ele>
						<time>2026-08-13T12:01:20Z</time>
					</trkpt>
					<trkpt lat="42.621300" lon="1.425910">
						<ele>2646</ele>
						<time>2026-08-13T12:01:26Z</time>
					</trkpt>
					<trkpt lat="42.621490" lon="1.425860">
						<ele>2657</ele>
						<time>2026-08-13T12:01:36Z</time>
					</trkpt>
					<trkpt lat="42.621580" lon="1.425710">
						<ele>2666</ele>
						<time>2026-08-13T12:01:43Z</time>
					</trkpt>
					<trkpt lat="42.621690" lon="1.425690">
						<ele>2670</ele>
						<time>2026-08-13T12:01:49Z</time>
					</trkpt>
					<trkpt lat="42.621800" lon="1.425540">
						<ele>2672</ele>
						<time>2026-08-13T12:01:56Z</time>
					</trkpt>
					<trkpt lat="42.621980" lon="1.425480">
						<ele>2672</ele>
						<time>2026-08-13T12:02:06Z</time>
					</trkpt>
					<trkpt lat="42.621980" lon="1.425150">
						<ele>2682</ele>
						<time>2026-08-13T12:02:18Z</time>
					</trkpt>
					<trkpt lat="42.622090" lon="1.424360">
						<ele>2711</ele>
						<time>2026-08-13T12:02:47Z</time>
					</trkpt>
					<trkpt lat="42.622180" lon="1.424100">
						<ele>2724</ele>
						<time>2026-08-13T12:02:58Z</time>
					</trkpt>
					<trkpt lat="42.622050" lon="1.423930">
						<ele>2725</ele>
						<time>2026-08-13T12:03:07Z</time>
					</trkpt>
					<trkpt lat="42.622130" lon="1.423760">
						<ele>2734</ele>
						<time>2026-08-13T12:03:14Z</time>
					</trkpt>
					<trkpt lat="42.622620" lon="1.423290">
						<ele>2760</ele>
						<time>2026-08-13T12:03:44Z</time>
					</trkpt>
					<trkpt lat="42.622750" lon="1.422900">
						<ele>2763</ele>
						<time>2026-08-13T12:04:00Z</time>
					</trkpt>
					<trkpt lat="42.622940" lon="1.422770">
						<ele>2767</ele>
						<time>2026-08-13T12:04:11Z</time>
					</trkpt>
					<trkpt lat="42.623020" lon="1.422600">
						<ele>2772</ele>
						<time>2026-08-13T12:04:18Z</time>
					</trkpt>
					<trkpt lat="42.623440" lon="1.422390">
						<ele>2787</ele>
						<time>2026-08-13T12:04:41Z</time>
					</trkpt>
					<trkpt lat="42.623920" lon="1.422020">
						<ele>2810</ele>
						<time>2026-08-13T12:05:08Z</time>
					</trkpt>
					<trkpt lat="42.624010" lon="1.421830">
						<ele>2822</ele>
						<time>2026-08-13T12:05:17Z</time>
					</trkpt>
					<trkpt lat="42.624170" lon="1.422040">
						<ele>2818</ele>
						<time>2026-08-13T12:05:28Z</time>
					</trkpt>
					<trkpt lat="42.624390" lon="1.421850">
						<ele>2824</ele>
						<time>2026-08-13T12:05:41Z</time>
					</trkpt>
					<trkpt lat="42.624640" lon="1.420800">
						<ele>2857</ele>
						<time>2026-08-13T12:06:21Z</time>
					</trkpt>
					<trkpt lat="42.624800" lon="1.420520">
						<ele>2863</ele>
						<time>2026-08-13T12:06:35Z</time>
					</trkpt>
					<trkpt lat="42.624990" lon="1.420410">
						<ele>2871</ele>
						<time>2026-08-13T12:06:45Z</time>
					</trkpt>
					<trkpt lat="42.625430" lon="1.420280">
						<ele>2864</ele>
						<time>2026-08-13T12:07:07Z</time>
					</trkpt>
					<trkpt lat="42.625530" lon="1.420090">
						<ele>2865</ele>
						<time>2026-08-13T12:07:16Z</time>
					</trkpt>
					<trkpt lat="42.625730" lon="1.419830">
						<ele>2856</ele>
						<time>2026-08-13T12:07:30Z</time>
					</trkpt>
					<trkpt lat="42.625840" lon="1.419620">
						<ele>2847</ele>
						<time>2026-08-13T12:07:39Z</time>
					</trkpt>
					<trkpt lat="42.625970" lon="1.419490">
						<ele>2837</ele>
						<time>2026-08-13T12:07:47Z</time>
					</trkpt>
					<trkpt lat="42.626130" lon="1.419390">
						<ele>2828</ele>
						<time>2026-08-13T12:07:56Z</time>
					</trkpt>
					<trkpt lat="42.626760" lon="1.419640">
						<ele>2812</ele>
						<time>2026-08-13T12:08:29Z</time>
					</trkpt>
					<trkpt lat="42.627040" lon="1.419510">
						<ele>2792</ele>
						<time>2026-08-13T12:08:44Z</time>
					</trkpt>
					<trkpt lat="42.627550" lon="1.419640">
						<ele>2766</ele>
						<time>2026-08-13T12:09:10Z</time>
					</trkpt>
					<trkpt lat="42.628020" lon="1.419300">
						<ele>2741</ele>
						<time>2026-08-13T12:09:36Z</time>
					</trkpt>
					<trkpt lat="42.628370" lon="1.419390">
						<ele>2727</ele>
						<time>2026-08-13T12:09:54Z</time>
					</trkpt>
					<trkpt lat="42.628750" lon="1.419170">
						<ele>2697</ele>
						<time>2026-08-13T12:10:15Z</time>
					</trkpt>
					<trkpt lat="42.629250" lon="1.419040">
						<ele>2659</ele>
						<time>2026-08-13T12:10:40Z</time>
					</trkpt>
					<trkpt lat="42.630330" lon="1.418960">
						<ele>2595</ele>
						<time>2026-08-13T12:11:35Z</time>
					</trkpt>
					<trkpt lat="42.630700" lon="1.418740">
						<ele>2579</ele>
						<time>2026-08-13T12:11:55Z</time>
					</trkpt>
					<trkpt lat="42.630860" lon="1.419170">
						<ele>2574</ele>
						<time>2026-08-13T12:12:13Z</time>
					</trkpt>
					<trkpt lat="42.630930" lon="1.419640">
						<ele>2571</ele>
						<time>2026-08-13T12:12:30Z</time>
					</trkpt>
					<trkpt lat="42.630960" lon="1.420070">
						<ele>2565</ele>
						<time>2026-08-13T12:12:46Z</time>
					</trkpt>
					<trkpt lat="42.630940" lon="1.420530">
						<ele>2549</ele>
						<time>2026-08-13T12:13:03Z</time>
					</trkpt>
					<trkpt lat="42.631230" lon="1.420630">
						<ele>2548</ele>
						<time>2026-08-13T12:13:18Z</time>
					</trkpt>
					<trkpt lat="42.631560" lon="1.421360">
						<ele>2514</ele>
						<time>2026-08-13T12:13:50Z</time>
					</trkpt>
					<trkpt lat="42.631470" lon="1.421810">
						<ele>2499</ele>
						<time>2026-08-13T12:14:07Z</time>
					</trkpt>
					<trkpt lat="42.631670" lon="1.422660">
						<ele>2457</ele>
						<time>2026-08-13T12:14:40Z</time>
					</trkpt>
					<trkpt lat="42.631830" lon="1.422970">
						<ele>2449</ele>
						<time>2026-08-13T12:14:54Z</time>
					</trkpt>
					<trkpt lat="42.631630" lon="1.423340">
						<ele>2434</ele>
						<time>2026-08-13T12:15:10Z</time>
					</trkpt>
					<trkpt lat="42.632570" lon="1.424240">
						<ele>2402</ele>
						<time>2026-08-13T12:16:08Z</time>
					</trkpt>
					<trkpt lat="42.632730" lon="1.424820">
						<ele>2383</ele>
						<time>2026-08-13T12:16:31Z</time>
					</trkpt>
					<trkpt lat="42.632610" lon="1.425300">
						<ele>2367</ele>
						<time>2026-08-13T12:16:49Z</time>
					</trkpt>
					<trkpt lat="42.633500" lon="1.426290">
						<ele>2329</ele>
						<time>2026-08-13T12:17:47Z</time>
					</trkpt>
					<trkpt lat="42.633990" lon="1.427140">
						<ele>2311</ele>
						<time>2026-08-13T12:18:27Z</time>
					</trkpt>
					<trkpt lat="42.634420" lon="1.427510">
						<ele>2304</ele>
						<time>2026-08-13T12:18:52Z</time>
					</trkpt>
					<trkpt lat="42.634700" lon="1.427360">
						<ele>2310</ele>
						<time>2026-08-13T12:19:07Z</time>
					</trkpt>
					<trkpt lat="42.634950" lon="1.428060">
						<ele>2299</ele>
						<time>2026-08-13T12:19:36Z</time>
					</trkpt>
					<trkpt lat="42.635070" lon="1.428710">
						<ele>2295</ele>
						<time>2026-08-13T12:20:01Z</time>
					</trkpt>
					<trkpt lat="42.634950" lon="1.430370">
						<ele>2269</ele>
						<time>2026-08-13T12:21:02Z</time>
					</trkpt>
					<trkpt lat="42.634640" lon="1.431470">
						<ele>2226</ele>
						<time>2026-08-13T12:21:45Z</time>
					</trkpt>
					<trkpt lat="42.634760" lon="1.432170">
						<ele>2200</ele>
						<time>2026-08-13T12:22:12Z</time>
					</trkpt>
					<trkpt lat="42.634460" lon="1.433800">
						<ele>2165</ele>
						<time>2026-08-13T12:23:14Z</time>
					</trkpt>
					<trkpt lat="42.634500" lon="1.434610">
						<ele>2160</ele>
						<time>2026-08-13T12:23:44Z</time>
					</trkpt>
					<trkpt lat="42.634480" lon="1.435780">
						<ele>2163</ele>
						<time>2026-08-13T12:24:27Z</time>
					</trkpt>
					<trkpt lat="42.634700" lon="1.435780">
						<ele>2159</ele>
						<time>2026-08-13T12:24:38Z</time>
					</trkpt>
					<trkpt lat="42.634840" lon="1.435820">
						<ele>2157</ele>
						<time>2026-08-13T12:24:45Z</time>
					</trkpt>
					<trkpt lat="42.635000" lon="1.435970">
						<ele>2156</ele>
						<time>2026-08-13T12:24:55Z</time>
					</trkpt>
					<trkpt lat="42.635220" lon="1.436080">
						<ele>2153</ele>
						<time>2026-08-13T12:25:06Z</time>
					</trkpt>
					<trkpt lat="42.635440" lon="1.436120">
						<ele>2148</ele>
						<time>2026-08-13T12:25:17Z</time>
					</trkpt>
					<trkpt lat="42.635570" lon="1.436380">
						<ele>2146</ele>
						<time>2026-08-13T12:25:29Z</time>
					</trkpt>
					<trkpt lat="42.635680" lon="1.436680">
						<ele>2143</ele>
						<time>2026-08-13T12:25:41Z</time>
					</trkpt>
					<trkpt lat="42.635810" lon="1.436850">
						<ele>2139</ele>
						<time>2026-08-13T12:25:50Z</time>
					</trkpt>
					<trkpt lat="42.636010" lon="1.437040">
						<ele>2135</ele>
						<time>2026-08-13T12:26:03Z</time>
					</trkpt>
					<trkpt lat="42.636330" lon="1.437080">
						<ele>2127</ele>
						<time>2026-08-13T12:26:19Z</time>
					</trkpt>
					<trkpt lat="42.636480" lon="1.437170">
						<ele>2124</ele>
						<time>2026-08-13T12:26:27Z</time>
					</trkpt>
					<trkpt lat="42.636750" lon="1.436950">
						<ele>2122</ele>
						<time>2026-08-13T12:26:43Z</time>
					</trkpt>
					<trkpt lat="42.636720" lon="1.436660">
						<ele>2123</ele>
						<time>2026-08-13T12:26:53Z</time>
					</trkpt>
					<trkpt lat="42.637050" lon="1.436330">
						<ele>2137</ele>
						<time>2026-08-13T12:27:14Z</time>
					</trkpt>
					<trkpt lat="42.637160" lon="1.436080">
						<ele>2144</ele>
						<time>2026-08-13T12:27:25Z</time>
					</trkpt>
					<trkpt lat="42.637180" lon="1.435620">
						<ele>2153</ele>
						<time>2026-08-13T12:27:42Z</time>
					</trkpt>
					<trkpt lat="42.637350" lon="1.435100">
						<ele>2165</ele>
						<time>2026-08-13T12:28:03Z</time>
					</trkpt>
					<trkpt lat="42.637740" lon="1.434810">
						<ele>2183</ele>
						<time>2026-08-13T12:28:25Z</time>
					</trkpt>
					<trkpt lat="42.638210" lon="1.435000">
						<ele>2201</ele>
						<time>2026-08-13T12:28:49Z</time>
					</trkpt>
					<trkpt lat="42.638370" lon="1.434920">
						<ele>2209</ele>
						<time>2026-08-13T12:28:58Z</time>
					</trkpt>
					<trkpt lat="42.638580" lon="1.435120">
						<ele>2216</ele>
						<time>2026-08-13T12:29:11Z</time>
					</trkpt>
					<trkpt lat="42.638690" lon="1.435070">
						<ele>2221</ele>
						<time>2026-08-13T12:29:16Z</time>
					</trkpt>
					<trkpt lat="42.638860" lon="1.435620">
						<ele>2227</ele>
						<time>2026-08-13T12:29:38Z</time>
					</trkpt>
					<trkpt lat="42.639140" lon="1.435780">
						<ele>2240</ele>
						<time>2026-08-13T12:29:54Z</time>
					</trkpt>
					<trkpt lat="42.639290" lon="1.435800">
						<ele>2243</ele>
						<time>2026-08-13T12:30:01Z</time>
					</trkpt>
					<trkpt lat="42.639370" lon="1.436030">
						<ele>2244</ele>
						<time>2026-08-13T12:30:11Z</time>
					</trkpt>
					<trkpt lat="42.639780" lon="1.436330">
						<ele>2251</ele>
						<time>2026-08-13T12:30:34Z</time>
					</trkpt>
					<trkpt lat="42.640240" lon="1.436270">
						<ele>2261</ele>
						<time>2026-08-13T12:30:57Z</time>
					</trkpt>
					<trkpt lat="42.640730" lon="1.436530">
						<ele>2272</ele>
						<time>2026-08-13T12:31:23Z</time>
					</trkpt>
					<trkpt lat="42.640900" lon="1.436480">
						<ele>2278</ele>
						<time>2026-08-13T12:31:32Z</time>
					</trkpt>
					<trkpt lat="42.641050" lon="1.436310">
						<ele>2284</ele>
						<time>2026-08-13T12:31:42Z</time>
					</trkpt>
					<trkpt lat="42.641270" lon="1.436310">
						<ele>2291</ele>
						<time>2026-08-13T12:31:53Z</time>
					</trkpt>
					<trkpt lat="42.641460" lon="1.436160">
						<ele>2300</ele>
						<time>2026-08-13T12:32:04Z</time>
					</trkpt>
					<trkpt lat="42.641570" lon="1.436160">
						<ele>2303</ele>
						<time>2026-08-13T12:32:09Z</time>
					</trkpt>
					<trkpt lat="42.641730" lon="1.436100">
						<ele>2311</ele>
						<time>2026-08-13T12:32:18Z</time>
					</trkpt>
					<trkpt lat="42.641850" lon="1.435950">
						<ele>2319</ele>
						<time>2026-08-13T12:32:26Z</time>
					</trkpt>
					<trkpt lat="42.642010" lon="1.435860">
						<ele>2328</ele>
						<time>2026-08-13T12:32:34Z</time>
					</trkpt>
					<trkpt lat="42.642010" lon="1.435690">
						<ele>2331</ele>
						<time>2026-08-13T12:32:41Z</time>
					</trkpt>
					<trkpt lat="42.642150" lon="1.435600">
						<ele>2339</ele>
						<time>2026-08-13T12:32:48Z</time>
					</trkpt>
					<trkpt lat="42.642180" lon="1.435330">
						<ele>2345</ele>
						<time>2026-08-13T12:32:58Z</time>
					</trkpt>
					<trkpt lat="42.642340" lon="1.435330">
						<ele>2351</ele>
						<time>2026-08-13T12:33:06Z</time>
					</trkpt>
					<trkpt lat="42.642420" lon="1.435130">
						<ele>2356</ele>
						<time>2026-08-13T12:33:15Z</time>
					</trkpt>
					<trkpt lat="42.642960" lon="1.434850">
						<ele>2384</ele>
						<time>2026-08-13T12:33:44Z</time>
					</trkpt>
					<trkpt lat="42.643100" lon="1.434920">
						<ele>2390</ele>
						<time>2026-08-13T12:33:51Z</time>
					</trkpt>
					<trkpt lat="42.642980" lon="1.435240">
						<ele>2383</ele>
						<time>2026-08-13T12:34:04Z</time>
					</trkpt>
					<trkpt lat="42.643080" lon="1.435480">
						<ele>2389</ele>
						<time>2026-08-13T12:34:15Z</time>
					</trkpt>
					<trkpt lat="42.643450" lon="1.435390">
						<ele>2411</ele>
						<time>2026-08-13T12:34:33Z</time>
					</trkpt>
					<trkpt lat="42.643620" lon="1.435410">
						<ele>2423</ele>
						<time>2026-08-13T12:34:42Z</time>
					</trkpt>
					<trkpt lat="42.643750" lon="1.435280">
						<ele>2432</ele>
						<time>2026-08-13T12:34:50Z</time>
					</trkpt>
					<trkpt lat="42.643890" lon="1.435330">
						<ele>2442</ele>
						<time>2026-08-13T12:34:57Z</time>
					</trkpt>
					<trkpt lat="42.643970" lon="1.435090">
						<ele>2445</ele>
						<time>2026-08-13T12:35:07Z</time>
					</trkpt>
					<trkpt lat="42.644160" lon="1.435110">
						<ele>2459</ele>
						<time>2026-08-13T12:35:17Z</time>
					</trkpt>
					<trkpt lat="42.644310" lon="1.434790">
						<ele>2463</ele>
						<time>2026-08-13T12:35:30Z</time>
					</trkpt>
					<trkpt lat="42.644350" lon="1.434270">
						<ele>2463</ele>
						<time>2026-08-13T12:35:50Z</time>
					</trkpt>
					<trkpt lat="42.644430" lon="1.434050">
						<ele>2464</ele>
						<time>2026-08-13T12:35:59Z</time>
					</trkpt>
					<trkpt lat="42.644680" lon="1.434060">
						<ele>2465</ele>
						<time>2026-08-13T12:36:11Z</time>
					</trkpt>
					<trkpt lat="42.644840" lon="1.433930">
						<ele>2464</ele>
						<time>2026-08-13T12:36:21Z</time>
					</trkpt>
					<trkpt lat="42.645030" lon="1.433360">
						<ele>2450</ele>
						<time>2026-08-13T12:36:44Z</time>
					</trkpt>
					<trkpt lat="42.645230" lon="1.433160">
						<ele>2441</ele>
						<time>2026-08-13T12:36:56Z</time>
					</trkpt>
					<trkpt lat="42.645330" lon="1.432920">
						<ele>2435</ele>
						<time>2026-08-13T12:37:06Z</time>
					</trkpt>
					<trkpt lat="42.645530" lon="1.432800">
						<ele>2427</ele>
						<time>2026-08-13T12:37:17Z</time>
					</trkpt>
					<trkpt lat="42.646220" lon="1.431980">
						<ele>2409</ele>
						<time>2026-08-13T12:38:03Z</time>
					</trkpt>
					<trkpt lat="42.646230" lon="1.431610">
						<ele>2410</ele>
						<time>2026-08-13T12:38:17Z</time>
					</trkpt>
					<trkpt lat="42.646320" lon="1.431200">
						<ele>2412</ele>
						<time>2026-08-13T12:38:32Z</time>
					</trkpt>
					<trkpt lat="42.646440" lon="1.430990">
						<ele>2409</ele>
						<time>2026-08-13T12:38:42Z</time>
					</trkpt>
					<trkpt lat="42.646890" lon="1.430350">
						<ele>2398</ele>
						<time>2026-08-13T12:39:15Z</time>
					</trkpt>
					<trkpt lat="42.646690" lon="1.429790">
						<ele>2402</ele>
						<time>2026-08-13T12:39:38Z</time>
					</trkpt>
					<trkpt lat="42.646430" lon="1.429620">
						<ele>2404</ele>
						<time>2026-08-13T12:39:52Z</time>
					</trkpt>
					<trkpt lat="42.646700" lon="1.429040">
						<ele>2392</ele>
						<time>2026-08-13T12:40:17Z</time>
					</trkpt>
					<trkpt lat="42.646970" lon="1.428090">
						<ele>2368</ele>
						<time>2026-08-13T12:40:55Z</time>
					</trkpt>
					<trkpt lat="42.646680" lon="1.427880">
						<ele>2380</ele>
						<time>2026-08-13T12:41:11Z</time>
					</trkpt>
					<trkpt lat="42.646650" lon="1.427470">
						<ele>2378</ele>
						<time>2026-08-13T12:41:26Z</time>
					</trkpt>
					<trkpt lat="42.646500" lon="1.427110">
						<ele>2381</ele>
						<time>2026-08-13T12:41:42Z</time>
					</trkpt>
					<trkpt lat="42.646590" lon="1.426680">
						<ele>2379</ele>
						<time>2026-08-13T12:41:58Z</time>
					</trkpt>
					<trkpt lat="42.646720" lon="1.426530">
						<ele>2375</ele>
						<time>2026-08-13T12:42:07Z</time>
					</trkpt>
					<trkpt lat="42.646870" lon="1.426060">
						<ele>2368</ele>
						<time>2026-08-13T12:42:26Z</time>
					</trkpt>
					<trkpt lat="42.647170" lon="1.425640">
						<ele>2350</ele>
						<time>2026-08-13T12:42:47Z</time>
					</trkpt>
					<trkpt lat="42.647190" lon="1.425420">
						<ele>2345</ele>
						<time>2026-08-13T12:42:55Z</time>
					</trkpt>
					<trkpt lat="42.647420" lon="1.425330">
						<ele>2332</ele>
						<time>2026-08-13T12:43:07Z</time>
					</trkpt>
					<trkpt lat="42.647440" lon="1.424880">
						<ele>2323</ele>
						<time>2026-08-13T12:43:24Z</time>
					</trkpt>
					<trkpt lat="42.647620" lon="1.424930">
						<ele>2313</ele>
						<time>2026-08-13T12:43:33Z</time>
					</trkpt>
					<trkpt lat="42.647610" lon="1.424790">
						<ele>2312</ele>
						<time>2026-08-13T12:43:38Z</time>
					</trkpt>
					<trkpt lat="42.647680" lon="1.424860">
						<ele>2308</ele>
						<time>2026-08-13T12:43:43Z</time>
					</trkpt>
					<trkpt lat="42.647720" lon="1.424760">
						<ele>2305</ele>
						<time>2026-08-13T12:43:47Z</time>
					</trkpt>
					<trkpt lat="42.647710" lon="1.424520">
						<ele>2303</ele>
						<time>2026-08-13T12:43:56Z</time>
					</trkpt>
					<trkpt lat="42.647830" lon="1.424550">
						<ele>2297</ele>
						<time>2026-08-13T12:44:02Z</time>
					</trkpt>
					<trkpt lat="42.647800" lon="1.424450">
						<ele>2298</ele>
						<time>2026-08-13T12:44:06Z</time>
					</trkpt>
					<trkpt lat="42.647860" lon="1.424470">
						<ele>2295</ele>
						<time>2026-08-13T12:44:09Z</time>
					</trkpt>
					<trkpt lat="42.647860" lon="1.424360">
						<ele>2294</ele>
						<time>2026-08-13T12:44:13Z</time>
					</trkpt>
					<trkpt lat="42.647970" lon="1.424400">
						<ele>2289</ele>
						<time>2026-08-13T12:44:19Z</time>
					</trkpt>
					<trkpt lat="42.647980" lon="1.424300">
						<ele>2289</ele>
						<time>2026-08-13T12:44:22Z</time>
					</trkpt>
					<trkpt lat="42.648220" lon="1.424560">
						<ele>2276</ele>
						<time>2026-08-13T12:44:38Z</time>
					</trkpt>
					<trkpt lat="42.648300" lon="1.424510">
						<ele>2273</ele>
						<time>2026-08-13T12:44:42Z</time>
					</trkpt>
					<trkpt lat="42.648540" lon="1.424650">
						<ele>2266</ele>
						<time>2026-08-13T12:44:55Z</time>
					</trkpt>
					<trkpt lat="42.648620" lon="1.424610">
						<ele>2266</ele>
						<time>2026-08-13T12:44:59Z</time>
					</trkpt>
					<trkpt lat="42.648690" lon="1.424520">
						<ele>2266</ele>
						<time>2026-08-13T12:45:04Z</time>
					</trkpt>
					<trkpt lat="42.648850" lon="1.424570">
						<ele>2263</ele>
						<time>2026-08-13T12:45:12Z</time>
					</trkpt>
					<trkpt lat="42.648810" lon="1.424890">
						<ele>2258</ele>
						<time>2026-08-13T12:45:24Z</time>
					</trkpt>
					<trkpt lat="42.648850" lon="1.425010">
						<ele>2255</ele>
						<time>2026-08-13T12:45:29Z</time>
					</trkpt>
					<trkpt lat="42.648860" lon="1.425220">
						<ele>2249</ele>
						<time>2026-08-13T12:45:37Z</time>
					</trkpt>
					<trkpt lat="42.648930" lon="1.425280">
						<ele>2246</ele>
						<time>2026-08-13T12:45:41Z</time>
					</trkpt>
					<trkpt lat="42.649130" lon="1.425660">
						<ele>2228</ele>
						<time>2026-08-13T12:45:58Z</time>
					</trkpt>
					<trkpt lat="42.649220" lon="1.425770">
						<ele>2225</ele>
						<time>2026-08-13T12:46:04Z</time>
					</trkpt>
					<trkpt lat="42.649270" lon="1.425920">
						<ele>2223</ele>
						<time>2026-08-13T12:46:10Z</time>
					</trkpt>
					<trkpt lat="42.649390" lon="1.426000">
						<ele>2227</ele>
						<time>2026-08-13T12:46:17Z</time>
					</trkpt>
					<trkpt lat="42.649460" lon="1.426400">
						<ele>2218</ele>
						<time>2026-08-13T12:46:32Z</time>
					</trkpt>
					<trkpt lat="42.649460" lon="1.426830">
						<ele>2207</ele>
						<time>2026-08-13T12:46:48Z</time>
					</trkpt>
					<trkpt lat="42.649700" lon="1.427260">
						<ele>2201</ele>
						<time>2026-08-13T12:47:08Z</time>
					</trkpt>
					<trkpt lat="42.649890" lon="1.427540">
						<ele>2192</ele>
						<time>2026-08-13T12:47:22Z</time>
					</trkpt>
					<trkpt lat="42.650110" lon="1.427500">
						<ele>2198</ele>
						<time>2026-08-13T12:47:33Z</time>
					</trkpt>
					<trkpt lat="42.650170" lon="1.427690">
						<ele>2197</ele>
						<time>2026-08-13T12:47:41Z</time>
					</trkpt>
					<trkpt lat="42.650130" lon="1.427780">
						<ele>2193</ele>
						<time>2026-08-13T12:47:44Z</time>
					</trkpt>
					<trkpt lat="42.650070" lon="1.428210">
						<ele>2181</ele>
						<time>2026-08-13T12:48:01Z</time>
					</trkpt>
					<trkpt lat="42.650100" lon="1.428470">
						<ele>2179</ele>
						<time>2026-08-13T12:48:10Z</time>
					</trkpt>
					<trkpt lat="42.650220" lon="1.428650">
						<ele>2184</ele>
						<time>2026-08-13T12:48:19Z</time>
					</trkpt>
					<trkpt lat="42.650250" lon="1.428780">
						<ele>2184</ele>
						<time>2026-08-13T12:48:24Z</time>
					</trkpt>
					<trkpt lat="42.650400" lon="1.429080">
						<ele>2187</ele>
						<time>2026-08-13T12:48:38Z</time>
					</trkpt>
					<trkpt lat="42.650670" lon="1.429490">
						<ele>2189</ele>
						<time>2026-08-13T12:48:58Z</time>
					</trkpt>
					<trkpt lat="42.650670" lon="1.429820">
						<ele>2184</ele>
						<time>2026-08-13T12:49:10Z</time>
					</trkpt>
					<trkpt lat="42.650760" lon="1.430220">
						<ele>2180</ele>
						<time>2026-08-13T12:49:25Z</time>
					</trkpt>
					<trkpt lat="42.651140" lon="1.430770">
						<ele>2185</ele>
						<time>2026-08-13T12:49:53Z</time>
					</trkpt>
					<trkpt lat="42.651200" lon="1.430930">
						<ele>2186</ele>
						<time>2026-08-13T12:50:00Z</time>
					</trkpt>
					<trkpt lat="42.651340" lon="1.431110">
						<ele>2186</ele>
						<time>2026-08-13T12:50:09Z</time>
					</trkpt>
					<trkpt lat="42.652040" lon="1.431680">
						<ele>2180</ele>
						<time>2026-08-13T12:50:50Z</time>
					</trkpt>
					<trkpt lat="42.652360" lon="1.432030">
						<ele>2175</ele>
						<time>2026-08-13T12:51:11Z</time>
					</trkpt>
					<trkpt lat="42.652510" lon="1.432140">
						<ele>2173</ele>
						<time>2026-08-13T12:51:19Z</time>
					</trkpt>
					<trkpt lat="42.652780" lon="1.432610">
						<ele>2151</ele>
						<time>2026-08-13T12:51:41Z</time>
					</trkpt>
					<trkpt lat="42.652990" lon="1.432700">
						<ele>2148</ele>
						<time>2026-08-13T12:51:52Z</time>
					</trkpt>
					<trkpt lat="42.653110" lon="1.432700">
						<ele>2148</ele>
						<time>2026-08-13T12:51:58Z</time>
					</trkpt>
					<trkpt lat="42.653320" lon="1.432520">
						<ele>2155</ele>
						<time>2026-08-13T12:52:11Z</time>
					</trkpt>
					<trkpt lat="42.653300" lon="1.432850">
						<ele>2141</ele>
						<time>2026-08-13T12:52:23Z</time>
					</trkpt>
					<trkpt lat="42.653250" lon="1.433010">
						<ele>2135</ele>
						<time>2026-08-13T12:52:29Z</time>
					</trkpt>
					<trkpt lat="42.653270" lon="1.433100">
						<ele>2131</ele>
						<time>2026-08-13T12:52:33Z</time>
					</trkpt>
					<trkpt lat="42.653450" lon="1.433400">
						<ele>2114</ele>
						<time>2026-08-13T12:52:47Z</time>
					</trkpt>
					<trkpt lat="42.653440" lon="1.433640">
						<ele>2102</ele>
						<time>2026-08-13T12:52:56Z</time>
					</trkpt>
					<trkpt lat="42.653570" lon="1.433760">
						<ele>2092</ele>
						<time>2026-08-13T12:53:04Z</time>
					</trkpt>
					<trkpt lat="42.653570" lon="1.433880">
						<ele>2086</ele>
						<time>2026-08-13T12:53:08Z</time>
					</trkpt>
					<trkpt lat="42.653500" lon="1.433880">
						<ele>2089</ele>
						<time>2026-08-13T12:53:12Z</time>
					</trkpt>
					<trkpt lat="42.653530" lon="1.433970">
						<ele>2083</ele>
						<time>2026-08-13T12:53:15Z</time>
					</trkpt>
					<trkpt lat="42.653630" lon="1.434150">
						<ele>2071</ele>
						<time>2026-08-13T12:53:24Z</time>
					</trkpt>
					<trkpt lat="42.653770" lon="1.434120">
						<ele>2068</ele>
						<time>2026-08-13T12:53:31Z</time>
					</trkpt>
					<trkpt lat="42.653720" lon="1.434330">
						<ele>2061</ele>
						<time>2026-08-13T12:53:39Z</time>
					</trkpt>
					<trkpt lat="42.653890" lon="1.434260">
						<ele>2058</ele>
						<time>2026-08-13T12:53:48Z</time>
					</trkpt>
					<trkpt lat="42.654110" lon="1.434220">
						<ele>2052</ele>
						<time>2026-08-13T12:53:59Z</time>
					</trkpt>
					<trkpt lat="42.654160" lon="1.434270">
						<ele>2048</ele>
						<time>2026-08-13T12:54:02Z</time>
					</trkpt>
					<trkpt lat="42.654260" lon="1.434120">
						<ele>2050</ele>
						<time>2026-08-13T12:54:09Z</time>
					</trkpt>
					<trkpt lat="42.654320" lon="1.434100">
						<ele>2048</ele>
						<time>2026-08-13T12:54:12Z</time>
					</trkpt>
					<trkpt lat="42.654410" lon="1.434330">
						<ele>2031</ele>
						<time>2026-08-13T12:54:22Z</time>
					</trkpt>
					<trkpt lat="42.654450" lon="1.434270">
						<ele>2032</ele>
						<time>2026-08-13T12:54:25Z</time>
					</trkpt>
					<trkpt lat="42.654510" lon="1.434450">
						<ele>2020</ele>
						<time>2026-08-13T12:54:32Z</time>
					</trkpt>
					<trkpt lat="42.654490" lon="1.434200">
						<ele>2033</ele>
						<time>2026-08-13T12:54:42Z</time>
					</trkpt>
					<trkpt lat="42.654560" lon="1.434300">
						<ele>2025</ele>
						<time>2026-08-13T12:54:47Z</time>
					</trkpt>
					<trkpt lat="42.654570" lon="1.434140">
						<ele>2032</ele>
						<time>2026-08-13T12:54:53Z</time>
					</trkpt>
					<trkpt lat="42.654650" lon="1.434220">
						<ele>2023</ele>
						<time>2026-08-13T12:54:58Z</time>
					</trkpt>
					<trkpt lat="42.654640" lon="1.434100">
						<ele>2030</ele>
						<time>2026-08-13T12:55:02Z</time>
					</trkpt>
					<trkpt lat="42.654710" lon="1.434140">
						<ele>2024</ele>
						<time>2026-08-13T12:55:06Z</time>
					</trkpt>
					<trkpt lat="42.654760" lon="1.434020">
						<ele>2029</ele>
						<time>2026-08-13T12:55:11Z</time>
					</trkpt>
					<trkpt lat="42.654820" lon="1.434400">
						<ele>2006</ele>
						<time>2026-08-13T12:55:25Z</time>
					</trkpt>
					<trkpt lat="42.654780" lon="1.434570">
						<ele>2000</ele>
						<time>2026-08-13T12:55:32Z</time>
					</trkpt>
					<trkpt lat="42.654870" lon="1.434830">
						<ele>1983</ele>
						<time>2026-08-13T12:55:42Z</time>
					</trkpt>
					<trkpt lat="42.655000" lon="1.434870">
						<ele>1975</ele>
						<time>2026-08-13T12:55:49Z</time>
					</trkpt>
					<trkpt lat="42.655120" lon="1.434750">
						<ele>1981</ele>
						<time>2026-08-13T12:55:56Z</time>
					</trkpt>
					<trkpt lat="42.655170" lon="1.435020">
						<ele>1969</ele>
						<time>2026-08-13T12:56:07Z</time>
					</trkpt>
					<trkpt lat="42.655140" lon="1.435220">
						<ele>1961</ele>
						<time>2026-08-13T12:56:14Z</time>
					</trkpt>
					<trkpt lat="42.655270" lon="1.435630">
						<ele>1943</ele>
						<time>2026-08-13T12:56:31Z</time>
					</trkpt>
					<trkpt lat="42.655350" lon="1.435800">
						<ele>1935</ele>
						<time>2026-08-13T12:56:38Z</time>
					</trkpt>
					<trkpt lat="42.655380" lon="1.436030">
						<ele>1931</ele>
						<time>2026-08-13T12:56:47Z</time>
					</trkpt>
					<trkpt lat="42.655680" lon="1.436290">
						<ele>1923</ele>
						<time>2026-08-13T12:57:04Z</time>
					</trkpt>
					<trkpt lat="42.655950" lon="1.436870">
						<ele>1910</ele>
						<time>2026-08-13T12:57:30Z</time>
					</trkpt>
					<trkpt lat="42.656130" lon="1.437060">
						<ele>1903</ele>
						<time>2026-08-13T12:57:41Z</time>
					</trkpt>
					<trkpt lat="42.655990" lon="1.437300">
						<ele>1895</ele>
						<time>2026-08-13T12:57:52Z</time>
					</trkpt>
					<trkpt lat="42.656200" lon="1.437340">
						<ele>1891</ele>
						<time>2026-08-13T12:58:03Z</time>
					</trkpt>
					<trkpt lat="42.656230" lon="1.437540">
						<ele>1882</ele>
						<time>2026-08-13T12:58:10Z</time>
					</trkpt>
					<trkpt lat="42.656510" lon="1.437900">
						<ele>1861</ele>
						<time>2026-08-13T12:58:30Z</time>
					</trkpt>
					<trkpt lat="42.656720" lon="1.437620">
						<ele>1869</ele>
						<time>2026-08-13T12:58:44Z</time>
					</trkpt>
					<trkpt lat="42.656880" lon="1.438540">
						<ele>1828</ele>
						<time>2026-08-13T12:59:19Z</time>
					</trkpt>
					<trkpt lat="42.657130" lon="1.438910">
						<ele>1811</ele>
						<time>2026-08-13T12:59:38Z</time>
					</trkpt>
					<trkpt lat="42.657000" lon="1.439290">
						<ele>1801</ele>
						<time>2026-08-13T12:59:53Z</time>
					</trkpt>
					<trkpt lat="42.657160" lon="1.440200">
						<ele>1779</ele>
						<time>2026-08-13T13:00:28Z</time>
					</trkpt>
					<trkpt lat="42.656910" lon="1.440500">
						<ele>1783</ele>
						<time>2026-08-13T13:00:44Z</time>
					</trkpt>
					<trkpt lat="42.656910" lon="1.441400">
						<ele>1765</ele>
						<time>2026-08-13T13:01:17Z</time>
					</trkpt>
					<trkpt lat="42.657160" lon="1.441440">
						<ele>1752</ele>
						<time>2026-08-13T13:01:30Z</time>
					</trkpt>
					<trkpt lat="42.657000" lon="1.442170">
						<ele>1740</ele>
						<time>2026-08-13T13:01:58Z</time>
					</trkpt>
					<trkpt lat="42.657190" lon="1.442640">
						<ele>1715</ele>
						<time>2026-08-13T13:02:18Z</time>
					</trkpt>
					<trkpt lat="42.656940" lon="1.443200">
						<ele>1704</ele>
						<time>2026-08-13T13:02:42Z</time>
					</trkpt>
					<trkpt lat="42.656720" lon="1.443970">
						<ele>1688</ele>
						<time>2026-08-13T13:03:12Z</time>
					</trkpt>
					<trkpt lat="42.656740" lon="1.445130">
						<ele>1648</ele>
						<time>2026-08-13T13:03:55Z</time>
					</trkpt>
					<trkpt lat="42.657040" lon="1.445740">
						<ele>1630</ele>
						<time>2026-08-13T13:04:22Z</time>
					</trkpt>
					<trkpt lat="42.657260" lon="1.445960">
						<ele>1623</ele>
						<time>2026-08-13T13:04:36Z</time>
					</trkpt>
					<trkpt lat="42.657450" lon="1.446490">
						<ele>1619</ele>
						<time>2026-08-13T13:04:57Z</time>
					</trkpt>
					<trkpt lat="42.656750" lon="1.447300">
						<ele>1633</ele>
						<time>2026-08-13T13:05:43Z</time>
					</trkpt>
					<trkpt lat="42.656190" lon="1.448210">
						<ele>1640</ele>
						<time>2026-08-13T13:06:27Z</time>
					</trkpt>
					<trkpt lat="42.656891" lon="1.448364">
						<ele>1635</ele>
						<time>2026-08-13T13:07:03Z</time>
					</trkpt>
					<trkpt lat="42.656920" lon="1.448370">
						<ele>1635</ele>
						<time>2026-08-13T13:07:04Z</time>
					</trkpt>
					<trkpt lat="42.657010" lon="1.448390">
						<ele>1635</ele>
						<time>2026-08-13T13:07:09Z</time>
					</trkpt>
					<trkpt lat="42.657440" lon="1.446440">
						<ele>1619</ele>
						<time>2026-08-13T13:08:24Z</time>
					</trkpt>
					<trkpt lat="42.657300" lon="1.446010">
						<ele>1622</ele>
						<time>2026-08-13T13:08:41Z</time>
					</trkpt>
					<trkpt lat="42.657610" lon="1.445550">
						<ele>1617</ele>
						<time>2026-08-13T13:09:04Z</time>
					</trkpt>
					<trkpt lat="42.657830" lon="1.444840">
						<ele>1619</ele>
						<time>2026-08-13T13:09:32Z</time>
					</trkpt>
					<trkpt lat="42.658500" lon="1.444160">
						<ele>1606</ele>
						<time>2026-08-13T13:10:14Z</time>
					</trkpt>
					<trkpt lat="42.659080" lon="1.443740">
						<ele>1604</ele>
						<time>2026-08-13T13:10:47Z</time>
					</trkpt>
					<trkpt lat="42.659470" lon="1.443280">
						<ele>1607</ele>
						<time>2026-08-13T13:11:13Z</time>
					</trkpt>
					<trkpt lat="42.659820" lon="1.443130">
						<ele>1608</ele>
						<time>2026-08-13T13:11:31Z</time>
					</trkpt>
					<trkpt lat="42.660240" lon="1.443240">
						<ele>1598</ele>
						<time>2026-08-13T13:11:53Z</time>
					</trkpt>
					<trkpt lat="42.660610" lon="1.443440">
						<ele>1591</ele>
						<time>2026-08-13T13:12:12Z</time>
					</trkpt>
					<trkpt lat="42.661260" lon="1.443440">
						<ele>1600</ele>
						<time>2026-08-13T13:12:45Z</time>
					</trkpt>
					<trkpt lat="42.661780" lon="1.443630">
						<ele>1601</ele>
						<time>2026-08-13T13:13:12Z</time>
					</trkpt>
					<trkpt lat="42.662930" lon="1.443680">
						<ele>1603</ele>
						<time>2026-08-13T13:14:09Z</time>
					</trkpt>
					<trkpt lat="42.663300" lon="1.443620">
						<ele>1607</ele>
						<time>2026-08-13T13:14:28Z</time>
					</trkpt>
					<trkpt lat="42.663600" lon="1.443420">
						<ele>1610</ele>
						<time>2026-08-13T13:14:45Z</time>
					</trkpt>
					<trkpt lat="42.664120" lon="1.442520">
						<ele>1613</ele>
						<time>2026-08-13T13:15:27Z</time>
					</trkpt>
					<trkpt lat="42.664370" lon="1.442020">
						<ele>1615</ele>
						<time>2026-08-13T13:15:49Z</time>
					</trkpt>
					<trkpt lat="42.664870" lon="1.441320">
						<ele>1608</ele>
						<time>2026-08-13T13:16:25Z</time>
					</trkpt>
					<trkpt lat="42.665320" lon="1.440790">
						<ele>1611</ele>
						<time>2026-08-13T13:16:55Z</time>
					</trkpt>
					<trkpt lat="42.665780" lon="1.440750">
						<ele>1604</ele>
						<time>2026-08-13T13:17:18Z</time>
					</trkpt>
					<trkpt lat="42.665860" lon="1.440430">
						<ele>1615</ele>
						<time>2026-08-13T13:17:30Z</time>
					</trkpt>
					<trkpt lat="42.665990" lon="1.440310">
						<ele>1628</ele>
						<time>2026-08-13T13:17:38Z</time>
					</trkpt>
					<trkpt lat="42.665920" lon="1.440210">
						<ele>1627</ele>
						<time>2026-08-13T13:17:43Z</time>
					</trkpt>
					<trkpt lat="42.665990" lon="1.440160">
						<ele>1633</ele>
						<time>2026-08-13T13:17:47Z</time>
					</trkpt>
					<trkpt lat="42.665990" lon="1.440010">
						<ele>1638</ele>
						<time>2026-08-13T13:17:53Z</time>
					</trkpt>
					<trkpt lat="42.666110" lon="1.439940">
						<ele>1649</ele>
						<time>2026-08-13T13:17:59Z</time>
					</trkpt>
					<trkpt lat="42.665950" lon="1.439340">
						<ele>1661</ele>
						<time>2026-08-13T13:18:23Z</time>
					</trkpt>
					<trkpt lat="42.665890" lon="1.438360">
						<ele>1699</ele>
						<time>2026-08-13T13:18:59Z</time>
					</trkpt>
					<trkpt lat="42.665690" lon="1.437830">
						<ele>1711</ele>
						<time>2026-08-13T13:19:21Z</time>
					</trkpt>
					<trkpt lat="42.666060" lon="1.437950">
						<ele>1725</ele>
						<time>2026-08-13T13:19:40Z</time>
					</trkpt>
					<trkpt lat="42.666210" lon="1.436780">
						<ele>1776</ele>
						<time>2026-08-13T13:20:24Z</time>
					</trkpt>
					<trkpt lat="42.666340" lon="1.436210">
						<ele>1801</ele>
						<time>2026-08-13T13:20:46Z</time>
					</trkpt>
					<trkpt lat="42.666130" lon="1.435620">
						<ele>1814</ele>
						<time>2026-08-13T13:21:10Z</time>
					</trkpt>
					<trkpt lat="42.665870" lon="1.435570">
						<ele>1804</ele>
						<time>2026-08-13T13:21:23Z</time>
					</trkpt>
					<trkpt lat="42.665660" lon="1.435010">
						<ele>1840</ele>
						<time>2026-08-13T13:21:46Z</time>
					</trkpt>
					<trkpt lat="42.665640" lon="1.433310">
						<ele>1927</ele>
						<time>2026-08-13T13:22:49Z</time>
					</trkpt>
					<trkpt lat="42.665720" lon="1.432820">
						<ele>1950</ele>
						<time>2026-08-13T13:23:07Z</time>
					</trkpt>
					<trkpt lat="42.665420" lon="1.431980">
						<ele>1983</ele>
						<time>2026-08-13T13:23:41Z</time>
					</trkpt>
					<trkpt lat="42.664790" lon="1.431010">
						<ele>2029</ele>
						<time>2026-08-13T13:24:29Z</time>
					</trkpt>
					<trkpt lat="42.664510" lon="1.430810">
						<ele>2039</ele>
						<time>2026-08-13T13:24:45Z</time>
					</trkpt>
					<trkpt lat="42.664500" lon="1.430490">
						<ele>2059</ele>
						<time>2026-08-13T13:24:57Z</time>
					</trkpt>
					<trkpt lat="42.664180" lon="1.430000">
						<ele>2087</ele>
						<time>2026-08-13T13:25:21Z</time>
					</trkpt>
					<trkpt lat="42.663510" lon="1.429620">
						<ele>2091</ele>
						<time>2026-08-13T13:25:57Z</time>
					</trkpt>
					<trkpt lat="42.663400" lon="1.428990">
						<ele>2121</ele>
						<time>2026-08-13T13:26:21Z</time>
					</trkpt>
					<trkpt lat="42.663380" lon="1.428520">
						<ele>2150</ele>
						<time>2026-08-13T13:26:38Z</time>
					</trkpt>
					<trkpt lat="42.663300" lon="1.428170">
						<ele>2171</ele>
						<time>2026-08-13T13:26:52Z</time>
					</trkpt>
					<trkpt lat="42.663020" lon="1.427930">
						<ele>2186</ele>
						<time>2026-08-13T13:27:08Z</time>
					</trkpt>
					<trkpt lat="42.662880" lon="1.427320">
						<ele>2213</ele>
						<time>2026-08-13T13:27:32Z</time>
					</trkpt>
					<trkpt lat="42.663340" lon="1.426440">
						<ele>2278</ele>
						<time>2026-08-13T13:28:12Z</time>
					</trkpt>
					<trkpt lat="42.663710" lon="1.426290">
						<ele>2313</ele>
						<time>2026-08-13T13:28:31Z</time>
					</trkpt>
					<trkpt lat="42.663860" lon="1.425980">
						<ele>2340</ele>
						<time>2026-08-13T13:28:45Z</time>
					</trkpt>
					<trkpt lat="42.663900" lon="1.425190">
						<ele>2392</ele>
						<time>2026-08-13T13:29:14Z</time>
					</trkpt>
					<trkpt lat="42.663380" lon="1.424330">
						<ele>2408</ele>
						<time>2026-08-13T13:29:55Z</time>
					</trkpt>
					<trkpt lat="42.662630" lon="1.423640">
						<ele>2390</ele>
						<time>2026-08-13T13:30:40Z</time>
					</trkpt>
					<trkpt lat="42.662070" lon="1.421650">
						<ele>2426</ele>
						<time>2026-08-13T13:31:58Z</time>
					</trkpt>
					<trkpt lat="42.662270" lon="1.420300">
						<ele>2437</ele>
						<time>2026-08-13T13:32:49Z</time>
					</trkpt>
					<trkpt lat="42.663000" lon="1.419240">
						<ele>2426</ele>
						<time>2026-08-13T13:33:43Z</time>
					</trkpt>
					<trkpt lat="42.663350" lon="1.418070">
						<ele>2438</ele>
						<time>2026-08-13T13:34:29Z</time>
					</trkpt>
					<trkpt lat="42.662980" lon="1.416780">
						<ele>2445</ele>
						<time>2026-08-13T13:35:20Z</time>
					</trkpt>
					<trkpt lat="42.663420" lon="1.415540">
						<ele>2463</ele>
						<time>2026-08-13T13:36:11Z</time>
					</trkpt>
					<trkpt lat="42.663260" lon="1.414940">
						<ele>2466</ele>
						<time>2026-08-13T13:36:34Z</time>
					</trkpt>
					<trkpt lat="42.663670" lon="1.414020">
						<ele>2521</ele>
						<time>2026-08-13T13:37:14Z</time>
					</trkpt>
					<trkpt lat="42.663640" lon="1.413250">
						<ele>2537</ele>
						<time>2026-08-13T13:37:42Z</time>
					</trkpt>
					<trkpt lat="42.664160" lon="1.411820">
						<ele>2581</ele>
						<time>2026-08-13T13:38:41Z</time>
					</trkpt>
					<trkpt lat="42.664620" lon="1.410350">
						<ele>2626</ele>
						<time>2026-08-13T13:39:40Z</time>
					</trkpt>
					<trkpt lat="42.665090" lon="1.409340">
						<ele>2651</ele>
						<time>2026-08-13T13:40:24Z</time>
					</trkpt>
					<trkpt lat="42.666020" lon="1.407560">
						<ele>2683</ele>
						<time>2026-08-13T13:41:44Z</time>
					</trkpt>
					<trkpt lat="42.666740" lon="1.406640">
						<ele>2712</ele>
						<time>2026-08-13T13:42:33Z</time>
					</trkpt>
					<trkpt lat="42.667050" lon="1.406320">
						<ele>2732</ele>
						<time>2026-08-13T13:42:53Z</time>
					</trkpt>
					<trkpt lat="42.667870" lon="1.405850">
						<ele>2758</ele>
						<time>2026-08-13T13:43:37Z</time>
					</trkpt>
					<trkpt lat="42.668200" lon="1.405400">
						<ele>2790</ele>
						<time>2026-08-13T13:44:01Z</time>
					</trkpt>
					<trkpt lat="42.668530" lon="1.405150">
						<ele>2808</ele>
						<time>2026-08-13T13:44:20Z</time>
					</trkpt>
					<trkpt lat="42.669010" lon="1.404610">
						<ele>2831</ele>
						<time>2026-08-13T13:44:51Z</time>
					</trkpt>
					<trkpt lat="42.669240" lon="1.404270">
						<ele>2842</ele>
						<time>2026-08-13T13:45:08Z</time>
					</trkpt>
					<trkpt lat="42.669570" lon="1.404030">
						<ele>2874</ele>
						<time>2026-08-13T13:45:27Z</time>
					</trkpt>
					<trkpt lat="42.669960" lon="1.403190">
						<ele>2939</ele>
						<time>2026-08-13T13:46:03Z</time>
					</trkpt>
					<trkpt lat="42.670230" lon="1.403160">
						<ele>2953</ele>
						<time>2026-08-13T13:46:17Z</time>
					</trkpt>
					<trkpt lat="42.670650" lon="1.402760">
						<ele>2986</ele>
						<time>2026-08-13T13:46:42Z</time>
					</trkpt>
					<trkpt lat="42.670710" lon="1.402400">
						<ele>2992</ele>
						<time>2026-08-13T13:46:56Z</time>
					</trkpt>
					<trkpt lat="42.670800" lon="1.402190">
						<ele>2985</ele>
						<time>2026-08-13T13:47:05Z</time>
					</trkpt>
					<trkpt lat="42.671050" lon="1.402430">
						<ele>3000</ele>
						<time>2026-08-13T13:47:20Z</time>
					</trkpt>
					<trkpt lat="42.671240" lon="1.402540">
						<ele>3008</ele>
						<time>2026-08-13T13:47:30Z</time>
					</trkpt>
					<trkpt lat="42.671340" lon="1.402560">
						<ele>3011</ele>
						<time>2026-08-13T13:47:36Z</time>
					</trkpt>
					<trkpt lat="42.671510" lon="1.402520">
						<ele>3016</ele>
						<time>2026-08-13T13:47:44Z</time>
					</trkpt>
					<trkpt lat="42.671690" lon="1.402680">
						<ele>3022</ele>
						<time>2026-08-13T13:47:55Z</time>
					</trkpt>
					<trkpt lat="42.671790" lon="1.402900">
						<ele>3022</ele>
						<time>2026-08-13T13:48:04Z</time>
					</trkpt>
					<trkpt lat="42.671750" lon="1.403030">
						<ele>3024</ele>
						<time>2026-08-13T13:48:10Z</time>
					</trkpt>
					<trkpt lat="42.671750" lon="1.403490">
						<ele>3027</ele>
						<time>2026-08-13T13:48:27Z</time>
					</trkpt>
					<trkpt lat="42.671840" lon="1.403980">
						<ele>3028</ele>
						<time>2026-08-13T13:48:45Z</time>
					</trkpt>
					<trkpt lat="42.671840" lon="1.404170">
						<ele>3029</ele>
						<time>2026-08-13T13:48:52Z</time>
					</trkpt>
					<trkpt lat="42.671940" lon="1.404370">
						<ele>3027</ele>
						<time>2026-08-13T13:49:01Z</time>
					</trkpt>
					<trkpt lat="42.672000" lon="1.404640">
						<ele>3028</ele>
						<time>2026-08-13T13:49:11Z</time>
					</trkpt>
					<trkpt lat="42.671970" lon="1.405070">
						<ele>3030</ele>
						<time>2026-08-13T13:49:27Z</time>
					</trkpt>
					<trkpt lat="42.672010" lon="1.405470">
						<ele>3038</ele>
						<time>2026-08-13T13:49:42Z</time>
					</trkpt>
					<trkpt lat="42.671910" lon="1.406060">
						<ele>3048</ele>
						<time>2026-08-13T13:50:04Z</time>
					</trkpt>
					<trkpt lat="42.671917" lon="1.406008">
						<ele>3048</ele>
						<time>2026-08-13T13:50:06Z</time>
					</trkpt>
					<trkpt lat="42.672020" lon="1.405250">
						<ele>3034</ele>
						<time>2026-08-13T13:50:35Z</time>
					</trkpt>
					<trkpt lat="42.671800" lon="1.403680">
						<ele>3027</ele>
						<time>2026-08-13T13:51:34Z</time>
					</trkpt>
					<trkpt lat="42.671760" lon="1.403200">
						<ele>3025</ele>
						<time>2026-08-13T13:51:51Z</time>
					</trkpt>
					<trkpt lat="42.671760" lon="1.402760">
						<ele>3021</ele>
						<time>2026-08-13T13:52:07Z</time>
					</trkpt>
					<trkpt lat="42.671620" lon="1.402570">
						<ele>3020</ele>
						<time>2026-08-13T13:52:17Z</time>
					</trkpt>
					<trkpt lat="42.671430" lon="1.402540">
						<ele>3014</ele>
						<time>2026-08-13T13:52:27Z</time>
					</trkpt>
					<trkpt lat="42.670970" lon="1.402360">
						<ele>2995</ele>
						<time>2026-08-13T13:52:51Z</time>
					</trkpt>
					<trkpt lat="42.670940" lon="1.402250">
						<ele>2990</ele>
						<time>2026-08-13T13:52:55Z</time>
					</trkpt>
					<trkpt lat="42.670800" lon="1.402190">
						<ele>2985</ele>
						<time>2026-08-13T13:53:03Z</time>
					</trkpt>
					<trkpt lat="42.670630" lon="1.402180">
						<ele>2986</ele>
						<time>2026-08-13T13:53:11Z</time>
					</trkpt>
					<trkpt lat="42.670270" lon="1.402100">
						<ele>2987</ele>
						<time>2026-08-13T13:53:29Z</time>
					</trkpt>
					<trkpt lat="42.669980" lon="1.401970">
						<ele>2989</ele>
						<time>2026-08-13T13:53:45Z</time>
					</trkpt>
					<trkpt lat="42.669710" lon="1.401760">
						<ele>2998</ele>
						<time>2026-08-13T13:54:00Z</time>
					</trkpt>
					<trkpt lat="42.669710" lon="1.401630">
						<ele>3000</ele>
						<time>2026-08-13T13:54:05Z</time>
					</trkpt>
					<trkpt lat="42.669520" lon="1.401260">
						<ele>3003</ele>
						<time>2026-08-13T13:54:22Z</time>
					</trkpt>
					<trkpt lat="42.669410" lon="1.401240">
						<ele>3008</ele>
						<time>2026-08-13T13:54:27Z</time>
					</trkpt>
					<trkpt lat="42.669220" lon="1.400950">
						<ele>3018</ele>
						<time>2026-08-13T13:54:41Z</time>
					</trkpt>
					<trkpt lat="42.669080" lon="1.400910">
						<ele>3020</ele>
						<time>2026-08-13T13:54:49Z</time>
					</trkpt>
					<trkpt lat="42.668970" lon="1.400720">
						<ele>3018</ele>
						<time>2026-08-13T13:54:57Z</time>
					</trkpt>
					<trkpt lat="42.668930" lon="1.400460">
						<ele>3015</ele>
						<time>2026-08-13T13:55:07Z</time>
					</trkpt>
					<trkpt lat="42.668700" lon="1.400380">
						<ele>3015</ele>
						<time>2026-08-13T13:55:19Z</time>
					</trkpt>
					<trkpt lat="42.668400" lon="1.400040">
						<ele>3015</ele>
						<time>2026-08-13T13:55:39Z</time>
					</trkpt>
					<trkpt lat="42.668430" lon="1.399800">
						<ele>3016</ele>
						<time>2026-08-13T13:55:48Z</time>
					</trkpt>
					<trkpt lat="42.668410" lon="1.399600">
						<ele>3018</ele>
						<time>2026-08-13T13:55:55Z</time>
					</trkpt>
					<trkpt lat="42.668450" lon="1.399290">
						<ele>3020</ele>
						<time>2026-08-13T13:56:07Z</time>
					</trkpt>
					<trkpt lat="42.668500" lon="1.399110">
						<ele>3023</ele>
						<time>2026-08-13T13:56:14Z</time>
					</trkpt>
					<trkpt lat="42.668470" lon="1.399030">
						<ele>3026</ele>
						<time>2026-08-13T13:56:17Z</time>
					</trkpt>
					<trkpt lat="42.668290" lon="1.398920">
						<ele>3033</ele>
						<time>2026-08-13T13:56:27Z</time>
					</trkpt>
					<trkpt lat="42.668230" lon="1.398740">
						<ele>3040</ele>
						<time>2026-08-13T13:56:34Z</time>
					</trkpt>
					<trkpt lat="42.668160" lon="1.398320">
						<ele>3058</ele>
						<time>2026-08-13T13:56:50Z</time>
					</trkpt>
					<trkpt lat="42.667980" lon="1.397820">
						<ele>3077</ele>
						<time>2026-08-13T13:57:10Z</time>
					</trkpt>
					<trkpt lat="42.667980" lon="1.397710">
						<ele>3080</ele>
						<time>2026-08-13T13:57:15Z</time>
					</trkpt>
					<trkpt lat="42.667720" lon="1.397390">
						<ele>3088</ele>
						<time>2026-08-13T13:57:32Z</time>
					</trkpt>
					<trkpt lat="42.667600" lon="1.397580">
						<ele>3087</ele>
						<time>2026-08-13T13:57:41Z</time>
					</trkpt>
					<trkpt lat="42.667260" lon="1.397650">
						<ele>3084</ele>
						<time>2026-08-13T13:57:59Z</time>
					</trkpt>
					<trkpt lat="42.667120" lon="1.397800">
						<ele>3082</ele>
						<time>2026-08-13T13:58:07Z</time>
					</trkpt>
					<trkpt lat="42.666960" lon="1.397920">
						<ele>3084</ele>
						<time>2026-08-13T13:58:17Z</time>
					</trkpt>
					<trkpt lat="42.667220" lon="1.397710">
						<ele>3083</ele>
						<time>2026-08-13T13:58:32Z</time>
					</trkpt>
					<trkpt lat="42.667320" lon="1.397660">
						<ele>3084</ele>
						<time>2026-08-13T13:58:37Z</time>
					</trkpt>
					<trkpt lat="42.667550" lon="1.397600">
						<ele>3086</ele>
						<time>2026-08-13T13:58:49Z</time>
					</trkpt>
					<trkpt lat="42.667660" lon="1.397520">
						<ele>3089</ele>
						<time>2026-08-13T13:58:55Z</time>
					</trkpt>
					<trkpt lat="42.667790" lon="1.397350">
						<ele>3088</ele>
						<time>2026-08-13T13:59:04Z</time>
					</trkpt>
					<trkpt lat="42.667880" lon="1.397180">
						<ele>3088</ele>
						<time>2026-08-13T13:59:12Z</time>
					</trkpt>
					<trkpt lat="42.667950" lon="1.396970">
						<ele>3089</ele>
						<time>2026-08-13T13:59:20Z</time>
					</trkpt>
					<trkpt lat="42.668040" lon="1.396850">
						<ele>3090</ele>
						<time>2026-08-13T13:59:27Z</time>
					</trkpt>
					<trkpt lat="42.667890" lon="1.397100">
						<ele>3088</ele>
						<time>2026-08-13T13:59:38Z</time>
					</trkpt>
					<trkpt lat="42.667810" lon="1.397300">
						<ele>3088</ele>
						<time>2026-08-13T13:59:47Z</time>
					</trkpt>
					<trkpt lat="42.667690" lon="1.397430">
						<ele>3089</ele>
						<time>2026-08-13T13:59:54Z</time>
					</trkpt>
					<trkpt lat="42.667790" lon="1.397520">
						<ele>3088</ele>
						<time>2026-08-13T14:00:00Z</time>
					</trkpt>
					<trkpt lat="42.667890" lon="1.397570">
						<ele>3086</ele>
						<time>2026-08-13T14:00:06Z</time>
					</trkpt>
					<trkpt lat="42.667900" lon="1.397660">
						<ele>3083</ele>
						<time>2026-08-13T14:00:09Z</time>
					</trkpt>
					<trkpt lat="42.667970" lon="1.397780">
						<ele>3078</ele>
						<time>2026-08-13T14:00:15Z</time>
					</trkpt>
					<trkpt lat="42.668060" lon="1.398020">
						<ele>3069</ele>
						<time>2026-08-13T14:00:25Z</time>
					</trkpt>
					<trkpt lat="42.668120" lon="1.398300">
						<ele>3059</ele>
						<time>2026-08-13T14:00:35Z</time>
					</trkpt>
					<trkpt lat="42.668200" lon="1.398440">
						<ele>3053</ele>
						<time>2026-08-13T14:00:42Z</time>
					</trkpt>
					<trkpt lat="42.668270" lon="1.398860">
						<ele>3035</ele>
						<time>2026-08-13T14:00:58Z</time>
					</trkpt>
					<trkpt lat="42.668400" lon="1.398920">
						<ele>3032</ele>
						<time>2026-08-13T14:01:05Z</time>
					</trkpt>
					<trkpt lat="42.668450" lon="1.399230">
						<ele>3021</ele>
						<time>2026-08-13T14:01:16Z</time>
					</trkpt>
					<trkpt lat="42.668560" lon="1.399080">
						<ele>3023</ele>
						<time>2026-08-13T14:01:24Z</time>
					</trkpt>
					<trkpt lat="42.668650" lon="1.399310">
						<ele>3018</ele>
						<time>2026-08-13T14:01:34Z</time>
					</trkpt>
					<trkpt lat="42.668870" lon="1.399320">
						<ele>3015</ele>
						<time>2026-08-13T14:01:45Z</time>
					</trkpt>
					<trkpt lat="42.669060" lon="1.399280">
						<ele>3014</ele>
						<time>2026-08-13T14:01:54Z</time>
					</trkpt>
					<trkpt lat="42.669100" lon="1.399480">
						<ele>3012</ele>
						<time>2026-08-13T14:02:02Z</time>
					</trkpt>
					<trkpt lat="42.669240" lon="1.399490">
						<ele>3007</ele>
						<time>2026-08-13T14:02:09Z</time>
					</trkpt>
					<trkpt lat="42.669420" lon="1.399400">
						<ele>2999</ele>
						<time>2026-08-13T14:02:19Z</time>
					</trkpt>
					<trkpt lat="42.669500" lon="1.399290">
						<ele>2996</ele>
						<time>2026-08-13T14:02:24Z</time>
					</trkpt>
					<trkpt lat="42.669600" lon="1.399420">
						<ele>2990</ele>
						<time>2026-08-13T14:02:31Z</time>
					</trkpt>
					<trkpt lat="42.669780" lon="1.399380">
						<ele>2982</ele>
						<time>2026-08-13T14:02:40Z</time>
					</trkpt>
					<trkpt lat="42.669930" lon="1.399390">
						<ele>2974</ele>
						<time>2026-08-13T14:02:48Z</time>
					</trkpt>
					<trkpt lat="42.669970" lon="1.399640">
						<ele>2969</ele>
						<time>2026-08-13T14:02:57Z</time>
					</trkpt>
					<trkpt lat="42.670190" lon="1.399870">
						<ele>2957</ele>
						<time>2026-08-13T14:03:11Z</time>
					</trkpt>
					<trkpt lat="42.670340" lon="1.399970">
						<ele>2950</ele>
						<time>2026-08-13T14:03:20Z</time>
					</trkpt>
					<trkpt lat="42.670540" lon="1.400210">
						<ele>2944</ele>
						<time>2026-08-13T14:03:33Z</time>
					</trkpt>
					<trkpt lat="42.670620" lon="1.400180">
						<ele>2941</ele>
						<time>2026-08-13T14:03:37Z</time>
					</trkpt>
					<trkpt lat="42.670870" lon="1.400330">
						<ele>2935</ele>
						<time>2026-08-13T14:03:51Z</time>
					</trkpt>
					<trkpt lat="42.670960" lon="1.400570">
						<ele>2939</ele>
						<time>2026-08-13T14:04:01Z</time>
					</trkpt>
					<trkpt lat="42.671120" lon="1.400500">
						<ele>2937</ele>
						<time>2026-08-13T14:04:09Z</time>
					</trkpt>
					<trkpt lat="42.671260" lon="1.400030">
						<ele>2922</ele>
						<time>2026-08-13T14:04:28Z</time>
					</trkpt>
					<trkpt lat="42.671260" lon="1.399790">
						<ele>2918</ele>
						<time>2026-08-13T14:04:36Z</time>
					</trkpt>
					<trkpt lat="42.671330" lon="1.399640">
						<ele>2915</ele>
						<time>2026-08-13T14:04:43Z</time>
					</trkpt>
					<trkpt lat="42.671410" lon="1.399170">
						<ele>2905</ele>
						<time>2026-08-13T14:05:01Z</time>
					</trkpt>
					<trkpt lat="42.671390" lon="1.398380">
						<ele>2895</ele>
						<time>2026-08-13T14:05:30Z</time>
					</trkpt>
					<trkpt lat="42.671450" lon="1.398070">
						<ele>2885</ele>
						<time>2026-08-13T14:05:42Z</time>
					</trkpt>
					<trkpt lat="42.671350" lon="1.397850">
						<ele>2879</ele>
						<time>2026-08-13T14:05:51Z</time>
					</trkpt>
					<trkpt lat="42.671320" lon="1.397660">
						<ele>2873</ele>
						<time>2026-08-13T14:05:58Z</time>
					</trkpt>
					<trkpt lat="42.671350" lon="1.397430">
						<ele>2867</ele>
						<time>2026-08-13T14:06:07Z</time>
					</trkpt>
					<trkpt lat="42.671280" lon="1.397220">
						<ele>2863</ele>
						<time>2026-08-13T14:06:15Z</time>
					</trkpt>
					<trkpt lat="42.671240" lon="1.396970">
						<ele>2859</ele>
						<time>2026-08-13T14:06:25Z</time>
					</trkpt>
					<trkpt lat="42.671220" lon="1.396150">
						<ele>2846</ele>
						<time>2026-08-13T14:06:55Z</time>
					</trkpt>
					<trkpt lat="42.671250" lon="1.395690">
						<ele>2835</ele>
						<time>2026-08-13T14:07:12Z</time>
					</trkpt>
					<trkpt lat="42.671170" lon="1.394700">
						<ele>2804</ele>
						<time>2026-08-13T14:07:49Z</time>
					</trkpt>
					<trkpt lat="42.671250" lon="1.394770">
						<ele>2802</ele>
						<time>2026-08-13T14:07:53Z</time>
					</trkpt>
					<trkpt lat="42.671330" lon="1.394630">
						<ele>2796</ele>
						<time>2026-08-13T14:08:00Z</time>
					</trkpt>
					<trkpt lat="42.671350" lon="1.394500">
						<ele>2792</ele>
						<time>2026-08-13T14:08:05Z</time>
					</trkpt>
					<trkpt lat="42.671080" lon="1.393660">
						<ele>2785</ele>
						<time>2026-08-13T14:08:39Z</time>
					</trkpt>
					<trkpt lat="42.670790" lon="1.393090">
						<ele>2787</ele>
						<time>2026-08-13T14:09:04Z</time>
					</trkpt>
					<trkpt lat="42.670560" lon="1.392960">
						<ele>2800</ele>
						<time>2026-08-13T14:09:17Z</time>
					</trkpt>
					<trkpt lat="42.670260" lon="1.392610">
						<ele>2812</ele>
						<time>2026-08-13T14:09:36Z</time>
					</trkpt>
					<trkpt lat="42.670130" lon="1.392760">
						<ele>2820</ele>
						<time>2026-08-13T14:09:45Z</time>
					</trkpt>
					<trkpt lat="42.669740" lon="1.391840">
						<ele>2834</ele>
						<time>2026-08-13T14:10:24Z</time>
					</trkpt>
					<trkpt lat="42.669640" lon="1.391550">
						<ele>2839</ele>
						<time>2026-08-13T14:10:36Z</time>
					</trkpt>
					<trkpt lat="42.669500" lon="1.391670">
						<ele>2840</ele>
						<time>2026-08-13T14:10:44Z</time>
					</trkpt>
					<trkpt lat="42.669380" lon="1.391600">
						<ele>2846</ele>
						<time>2026-08-13T14:10:51Z</time>
					</trkpt>
					<trkpt lat="42.669370" lon="1.391300">
						<ele>2856</ele>
						<time>2026-08-13T14:11:02Z</time>
					</trkpt>
					<trkpt lat="42.669230" lon="1.391060">
						<ele>2870</ele>
						<time>2026-08-13T14:11:13Z</time>
					</trkpt>
					<trkpt lat="42.669050" lon="1.390590">
						<ele>2894</ele>
						<time>2026-08-13T14:11:32Z</time>
					</trkpt>
					<trkpt lat="42.669110" lon="1.390300">
						<ele>2906</ele>
						<time>2026-08-13T14:11:43Z</time>
					</trkpt>
					<trkpt lat="42.668920" lon="1.390070">
						<ele>2917</ele>
						<time>2026-08-13T14:11:56Z</time>
					</trkpt>
					<trkpt lat="42.668860" lon="1.389850">
						<ele>2927</ele>
						<time>2026-08-13T14:12:05Z</time>
					</trkpt>
					<trkpt lat="42.668710" lon="1.389610">
						<ele>2936</ele>
						<time>2026-08-13T14:12:16Z</time>
					</trkpt>
					<trkpt lat="42.668760" lon="1.389430">
						<ele>2943</ele>
						<time>2026-08-13T14:12:23Z</time>
					</trkpt>
					<trkpt lat="42.668850" lon="1.389270">
						<ele>2950</ele>
						<time>2026-08-13T14:12:31Z</time>
					</trkpt>
					<trkpt lat="42.669090" lon="1.389260">
						<ele>2954</ele>
						<time>2026-08-13T14:12:43Z</time>
					</trkpt>
					<trkpt lat="42.669240" lon="1.389130">
						<ele>2960</ele>
						<time>2026-08-13T14:12:52Z</time>
					</trkpt>
					<trkpt lat="42.669130" lon="1.388920">
						<ele>2974</ele>
						<time>2026-08-13T14:13:01Z</time>
					</trkpt>
					<trkpt lat="42.669030" lon="1.388900">
						<ele>2974</ele>
						<time>2026-08-13T14:13:06Z</time>
					</trkpt>
					<trkpt lat="42.668880" lon="1.388760">
						<ele>2979</ele>
						<time>2026-08-13T14:13:15Z</time>
					</trkpt>
					<trkpt lat="42.668700" lon="1.388730">
						<ele>2977</ele>
						<time>2026-08-13T14:13:24Z</time>
					</trkpt>
					<trkpt lat="42.668610" lon="1.388660">
						<ele>2979</ele>
						<time>2026-08-13T14:13:30Z</time>
					</trkpt>
					<trkpt lat="42.668420" lon="1.388720">
						<ele>2972</ele>
						<time>2026-08-13T14:13:39Z</time>
					</trkpt>
					<trkpt lat="42.668370" lon="1.388640">
						<ele>2975</ele>
						<time>2026-08-13T14:13:43Z</time>
					</trkpt>
					<trkpt lat="42.668480" lon="1.388460">
						<ele>2988</ele>
						<time>2026-08-13T14:13:52Z</time>
					</trkpt>
					<trkpt lat="42.668410" lon="1.388300">
						<ele>2995</ele>
						<time>2026-08-13T14:13:59Z</time>
					</trkpt>
					<trkpt lat="42.668430" lon="1.387990">
						<ele>3015</ele>
						<time>2026-08-13T14:14:10Z</time>
					</trkpt>
					<trkpt lat="42.668560" lon="1.387740">
						<ele>3031</ele>
						<time>2026-08-13T14:14:21Z</time>
					</trkpt>
					<trkpt lat="42.668570" lon="1.387620">
						<ele>3038</ele>
						<time>2026-08-13T14:14:26Z</time>
					</trkpt>
					<trkpt lat="42.668740" lon="1.387490">
						<ele>3044</ele>
						<time>2026-08-13T14:14:36Z</time>
					</trkpt>
					<trkpt lat="42.668560" lon="1.387640">
						<ele>3037</ele>
						<time>2026-08-13T14:14:46Z</time>
					</trkpt>
					<trkpt lat="42.668510" lon="1.387780">
						<ele>3028</ele>
						<time>2026-08-13T14:14:52Z</time>
					</trkpt>
					<trkpt lat="42.668370" lon="1.388280">
						<ele>2995</ele>
						<time>2026-08-13T14:15:12Z</time>
					</trkpt>
					<trkpt lat="42.668460" lon="1.388390">
						<ele>2991</ele>
						<time>2026-08-13T14:15:18Z</time>
					</trkpt>
					<trkpt lat="42.668470" lon="1.388470">
						<ele>2987</ele>
						<time>2026-08-13T14:15:21Z</time>
					</trkpt>
					<trkpt lat="42.668390" lon="1.388670">
						<ele>2974</ele>
						<time>2026-08-13T14:15:29Z</time>
					</trkpt>
					<trkpt lat="42.668410" lon="1.388720">
						<ele>2972</ele>
						<time>2026-08-13T14:15:31Z</time>
					</trkpt>
					<trkpt lat="42.668600" lon="1.388670">
						<ele>2978</ele>
						<time>2026-08-13T14:15:41Z</time>
					</trkpt>
					<trkpt lat="42.668690" lon="1.388740">
						<ele>2976</ele>
						<time>2026-08-13T14:15:46Z</time>
					</trkpt>
					<trkpt lat="42.668880" lon="1.388770">
						<ele>2978</ele>
						<time>2026-08-13T14:15:56Z</time>
					</trkpt>
					<trkpt lat="42.669140" lon="1.388940">
						<ele>2973</ele>
						<time>2026-08-13T14:16:10Z</time>
					</trkpt>
					<trkpt lat="42.669220" lon="1.389140">
						<ele>2960</ele>
						<time>2026-08-13T14:16:18Z</time>
					</trkpt>
					<trkpt lat="42.669090" lon="1.389270">
						<ele>2954</ele>
						<time>2026-08-13T14:16:27Z</time>
					</trkpt>
					<trkpt lat="42.668870" lon="1.389270">
						<ele>2951</ele>
						<time>2026-08-13T14:16:38Z</time>
					</trkpt>
					<trkpt lat="42.668770" lon="1.389340">
						<ele>2947</ele>
						<time>2026-08-13T14:16:43Z</time>
					</trkpt>
					<trkpt lat="42.668740" lon="1.389520">
						<ele>2939</ele>
						<time>2026-08-13T14:16:50Z</time>
					</trkpt>
					<trkpt lat="42.668810" lon="1.389800">
						<ele>2929</ele>
						<time>2026-08-13T14:17:01Z</time>
					</trkpt>
					<trkpt lat="42.669030" lon="1.390180">
						<ele>2912</ele>
						<time>2026-08-13T14:17:19Z</time>
					</trkpt>
					<trkpt lat="42.669130" lon="1.390260">
						<ele>2908</ele>
						<time>2026-08-13T14:17:24Z</time>
					</trkpt>
					<trkpt lat="42.669140" lon="1.390370">
						<ele>2902</ele>
						<time>2026-08-13T14:17:29Z</time>
					</trkpt>
					<trkpt lat="42.669030" lon="1.390530">
						<ele>2897</ele>
						<time>2026-08-13T14:17:37Z</time>
					</trkpt>
					<trkpt lat="42.669110" lon="1.390730">
						<ele>2887</ele>
						<time>2026-08-13T14:17:45Z</time>
					</trkpt>
					<trkpt lat="42.669110" lon="1.390880">
						<ele>2880</ele>
						<time>2026-08-13T14:17:50Z</time>
					</trkpt>
					<trkpt lat="42.669190" lon="1.390940">
						<ele>2876</ele>
						<time>2026-08-13T14:17:55Z</time>
					</trkpt>
					<trkpt lat="42.669240" lon="1.391170">
						<ele>2865</ele>
						<time>2026-08-13T14:18:04Z</time>
					</trkpt>
					<trkpt lat="42.669340" lon="1.391230">
						<ele>2859</ele>
						<time>2026-08-13T14:18:09Z</time>
					</trkpt>
					<trkpt lat="42.669420" lon="1.391450">
						<ele>2849</ele>
						<time>2026-08-13T14:18:18Z</time>
					</trkpt>
					<trkpt lat="42.669500" lon="1.391490">
						<ele>2845</ele>
						<time>2026-08-13T14:18:23Z</time>
					</trkpt>
					<trkpt lat="42.669800" lon="1.391850">
						<ele>2832</ele>
						<time>2026-08-13T14:18:43Z</time>
					</trkpt>
					<trkpt lat="42.670030" lon="1.392360">
						<ele>2821</ele>
						<time>2026-08-13T14:19:05Z</time>
					</trkpt>
					<trkpt lat="42.670030" lon="1.392600">
						<ele>2823</ele>
						<time>2026-08-13T14:19:13Z</time>
					</trkpt>
					<trkpt lat="42.670080" lon="1.392650">
						<ele>2821</ele>
						<time>2026-08-13T14:19:17Z</time>
					</trkpt>
					<trkpt lat="42.670260" lon="1.392550">
						<ele>2811</ele>
						<time>2026-08-13T14:19:26Z</time>
					</trkpt>
					<trkpt lat="42.670420" lon="1.392830">
						<ele>2806</ele>
						<time>2026-08-13T14:19:39Z</time>
					</trkpt>
					<trkpt lat="42.670540" lon="1.392960">
						<ele>2801</ele>
						<time>2026-08-13T14:19:47Z</time>
					</trkpt>
					<trkpt lat="42.670680" lon="1.393000">
						<ele>2793</ele>
						<time>2026-08-13T14:19:54Z</time>
					</trkpt>
					<trkpt lat="42.670850" lon="1.393150">
						<ele>2784</ele>
						<time>2026-08-13T14:20:04Z</time>
					</trkpt>
					<trkpt lat="42.670920" lon="1.393370">
						<ele>2783</ele>
						<time>2026-08-13T14:20:13Z</time>
					</trkpt>
					<trkpt lat="42.671180" lon="1.393860">
						<ele>2785</ele>
						<time>2026-08-13T14:20:35Z</time>
					</trkpt>
					<trkpt lat="42.671380" lon="1.394540">
						<ele>2791</ele>
						<time>2026-08-13T14:21:02Z</time>
					</trkpt>
					<trkpt lat="42.671550" lon="1.394180">
						<ele>2775</ele>
						<time>2026-08-13T14:21:18Z</time>
					</trkpt>
					<trkpt lat="42.671880" lon="1.393220">
						<ele>2758</ele>
						<time>2026-08-13T14:21:57Z</time>
					</trkpt>
					<trkpt lat="42.672020" lon="1.393060">
						<ele>2755</ele>
						<time>2026-08-13T14:22:06Z</time>
					</trkpt>
					<trkpt lat="42.672310" lon="1.392940">
						<ele>2751</ele>
						<time>2026-08-13T14:22:21Z</time>
					</trkpt>
					<trkpt lat="42.672630" lon="1.392940">
						<ele>2747</ele>
						<time>2026-08-13T14:22:37Z</time>
					</trkpt>
					<trkpt lat="42.672880" lon="1.392960">
						<ele>2744</ele>
						<time>2026-08-13T14:22:50Z</time>
					</trkpt>
					<trkpt lat="42.673060" lon="1.393160">
						<ele>2739</ele>
						<time>2026-08-13T14:23:02Z</time>
					</trkpt>
					<trkpt lat="42.673280" lon="1.393200">
						<ele>2735</ele>
						<time>2026-08-13T14:23:13Z</time>
					</trkpt>
					<trkpt lat="42.673580" lon="1.393070">
						<ele>2732</ele>
						<time>2026-08-13T14:23:28Z</time>
					</trkpt>
					<trkpt lat="42.673650" lon="1.393080">
						<ele>2730</ele>
						<time>2026-08-13T14:23:32Z</time>
					</trkpt>
					<trkpt lat="42.673800" lon="1.392910">
						<ele>2727</ele>
						<time>2026-08-13T14:23:42Z</time>
					</trkpt>
					<trkpt lat="42.674260" lon="1.392790">
						<ele>2713</ele>
						<time>2026-08-13T14:24:05Z</time>
					</trkpt>
					<trkpt lat="42.674820" lon="1.392360">
						<ele>2679</ele>
						<time>2026-08-13T14:24:37Z</time>
					</trkpt>
					<trkpt lat="42.675040" lon="1.392270">
						<ele>2668</ele>
						<time>2026-08-13T14:24:49Z</time>
					</trkpt>
					<trkpt lat="42.675300" lon="1.392020">
						<ele>2658</ele>
						<time>2026-08-13T14:25:05Z</time>
					</trkpt>
					<trkpt lat="42.675620" lon="1.391760">
						<ele>2642</ele>
						<time>2026-08-13T14:25:23Z</time>
					</trkpt>
					<trkpt lat="42.675820" lon="1.391420">
						<ele>2637</ele>
						<time>2026-08-13T14:25:39Z</time>
					</trkpt>
					<trkpt lat="42.675950" lon="1.391390">
						<ele>2630</ele>
						<time>2026-08-13T14:25:46Z</time>
					</trkpt>
					<trkpt lat="42.676080" lon="1.391170">
						<ele>2630</ele>
						<time>2026-08-13T14:25:56Z</time>
					</trkpt>
					<trkpt lat="42.676130" lon="1.391130">
						<ele>2629</ele>
						<time>2026-08-13T14:25:59Z</time>
					</trkpt>
					<trkpt lat="42.676330" lon="1.391210">
						<ele>2615</ele>
						<time>2026-08-13T14:26:10Z</time>
					</trkpt>
					<trkpt lat="42.676570" lon="1.391060">
						<ele>2609</ele>
						<time>2026-08-13T14:26:23Z</time>
					</trkpt>
					<trkpt lat="42.676880" lon="1.391040">
						<ele>2598</ele>
						<time>2026-08-13T14:26:39Z</time>
					</trkpt>
					<trkpt lat="42.677260" lon="1.391290">
						<ele>2568</ele>
						<time>2026-08-13T14:27:00Z</time>
					</trkpt>
					<trkpt lat="42.677420" lon="1.391320">
						<ele>2559</ele>
						<time>2026-08-13T14:27:08Z</time>
					</trkpt>
					<trkpt lat="42.677750" lon="1.391510">
						<ele>2535</ele>
						<time>2026-08-13T14:27:26Z</time>
					</trkpt>
					<trkpt lat="42.677660" lon="1.391710">
						<ele>2522</ele>
						<time>2026-08-13T14:27:34Z</time>
					</trkpt>
					<trkpt lat="42.677760" lon="1.391730">
						<ele>2519</ele>
						<time>2026-08-13T14:27:39Z</time>
					</trkpt>
					<trkpt lat="42.677770" lon="1.391850">
						<ele>2512</ele>
						<time>2026-08-13T14:27:44Z</time>
					</trkpt>
					<trkpt lat="42.677850" lon="1.391840">
						<ele>2511</ele>
						<time>2026-08-13T14:27:48Z</time>
					</trkpt>
					<trkpt lat="42.677850" lon="1.391910">
						<ele>2507</ele>
						<time>2026-08-13T14:27:50Z</time>
					</trkpt>
					<trkpt lat="42.677920" lon="1.391930">
						<ele>2504</ele>
						<time>2026-08-13T14:27:54Z</time>
					</trkpt>
					<trkpt lat="42.677990" lon="1.391900">
						<ele>2505</ele>
						<time>2026-08-13T14:27:58Z</time>
					</trkpt>
					<trkpt lat="42.678210" lon="1.392040">
						<ele>2492</ele>
						<time>2026-08-13T14:28:10Z</time>
					</trkpt>
					<trkpt lat="42.678490" lon="1.392160">
						<ele>2482</ele>
						<time>2026-08-13T14:28:24Z</time>
					</trkpt>
					<trkpt lat="42.678490" lon="1.392240">
						<ele>2478</ele>
						<time>2026-08-13T14:28:27Z</time>
					</trkpt>
					<trkpt lat="42.678560" lon="1.392240">
						<ele>2478</ele>
						<time>2026-08-13T14:28:31Z</time>
					</trkpt>
					<trkpt lat="42.678600" lon="1.392300">
						<ele>2475</ele>
						<time>2026-08-13T14:28:34Z</time>
					</trkpt>
					<trkpt lat="42.678650" lon="1.392300">
						<ele>2475</ele>
						<time>2026-08-13T14:28:36Z</time>
					</trkpt>
					<trkpt lat="42.678680" lon="1.392390">
						<ele>2470</ele>
						<time>2026-08-13T14:28:40Z</time>
					</trkpt>
					<trkpt lat="42.678790" lon="1.392460">
						<ele>2467</ele>
						<time>2026-08-13T14:28:46Z</time>
					</trkpt>
					<trkpt lat="42.678790" lon="1.392530">
						<ele>2464</ele>
						<time>2026-08-13T14:28:49Z</time>
					</trkpt>
					<trkpt lat="42.678930" lon="1.392430">
						<ele>2469</ele>
						<time>2026-08-13T14:28:57Z</time>
					</trkpt>
					<trkpt lat="42.679000" lon="1.392470">
						<ele>2467</ele>
						<time>2026-08-13T14:29:00Z</time>
					</trkpt>
					<trkpt lat="42.679050" lon="1.392390">
						<ele>2471</ele>
						<time>2026-08-13T14:29:04Z</time>
					</trkpt>
					<trkpt lat="42.679320" lon="1.392510">
						<ele>2459</ele>
						<time>2026-08-13T14:29:18Z</time>
					</trkpt>
					<trkpt lat="42.679460" lon="1.392480">
						<ele>2455</ele>
						<time>2026-08-13T14:29:26Z</time>
					</trkpt>
					<trkpt lat="42.679610" lon="1.392550">
						<ele>2446</ele>
						<time>2026-08-13T14:29:34Z</time>
					</trkpt>
					<trkpt lat="42.679730" lon="1.392530">
						<ele>2442</ele>
						<time>2026-08-13T14:29:40Z</time>
					</trkpt>
					<trkpt lat="42.679880" lon="1.392590">
						<ele>2434</ele>
						<time>2026-08-13T14:29:47Z</time>
					</trkpt>
					<trkpt lat="42.680050" lon="1.392550">
						<ele>2431</ele>
						<time>2026-08-13T14:29:56Z</time>
					</trkpt>
					<trkpt lat="42.680900" lon="1.392890">
						<ele>2432</ele>
						<time>2026-08-13T14:30:40Z</time>
					</trkpt>
					<trkpt lat="42.681000" lon="1.393380">
						<ele>2425</ele>
						<time>2026-08-13T14:30:59Z</time>
					</trkpt>
					<trkpt lat="42.681110" lon="1.393720">
						<ele>2430</ele>
						<time>2026-08-13T14:31:13Z</time>
					</trkpt>
					<trkpt lat="42.681270" lon="1.393610">
						<ele>2429</ele>
						<time>2026-08-13T14:31:22Z</time>
					</trkpt>
					<trkpt lat="42.681400" lon="1.393720">
						<ele>2432</ele>
						<time>2026-08-13T14:31:29Z</time>
					</trkpt>
					<trkpt lat="42.681780" lon="1.393620">
						<ele>2427</ele>
						<time>2026-08-13T14:31:49Z</time>
					</trkpt>
					<trkpt lat="42.681930" lon="1.393730">
						<ele>2424</ele>
						<time>2026-08-13T14:31:57Z</time>
					</trkpt>
					<trkpt lat="42.682030" lon="1.393910">
						<ele>2424</ele>
						<time>2026-08-13T14:32:06Z</time>
					</trkpt>
					<trkpt lat="42.682280" lon="1.393910">
						<ele>2414</ele>
						<time>2026-08-13T14:32:18Z</time>
					</trkpt>
					<trkpt lat="42.682350" lon="1.393990">
						<ele>2413</ele>
						<time>2026-08-13T14:32:23Z</time>
					</trkpt>
					<trkpt lat="42.682460" lon="1.394200">
						<ele>2413</ele>
						<time>2026-08-13T14:32:32Z</time>
					</trkpt>
					<trkpt lat="42.682740" lon="1.394310">
						<ele>2412</ele>
						<time>2026-08-13T14:32:47Z</time>
					</trkpt>
					<trkpt lat="42.682960" lon="1.394430">
						<ele>2413</ele>
						<time>2026-08-13T14:32:59Z</time>
					</trkpt>
					<trkpt lat="42.683220" lon="1.394530">
						<ele>2412</ele>
						<time>2026-08-13T14:33:12Z</time>
					</trkpt>
					<trkpt lat="42.683410" lon="1.394560">
						<ele>2408</ele>
						<time>2026-08-13T14:33:22Z</time>
					</trkpt>
					<trkpt lat="42.683660" lon="1.394580">
						<ele>2399</ele>
						<time>2026-08-13T14:33:34Z</time>
					</trkpt>
					<trkpt lat="42.683690" lon="1.394530">
						<ele>2396</ele>
						<time>2026-08-13T14:33:37Z</time>
					</trkpt>
					<trkpt lat="42.683780" lon="1.394540">
						<ele>2393</ele>
						<time>2026-08-13T14:33:41Z</time>
					</trkpt>
					<trkpt lat="42.683860" lon="1.394520">
						<ele>2390</ele>
						<time>2026-08-13T14:33:45Z</time>
					</trkpt>
					<trkpt lat="42.683940" lon="1.394600">
						<ele>2390</ele>
						<time>2026-08-13T14:33:50Z</time>
					</trkpt>
					<trkpt lat="42.684080" lon="1.394610">
						<ele>2385</ele>
						<time>2026-08-13T14:33:57Z</time>
					</trkpt>
					<trkpt lat="42.684220" lon="1.394670">
						<ele>2382</ele>
						<time>2026-08-13T14:34:05Z</time>
					</trkpt>
					<trkpt lat="42.684590" lon="1.394980">
						<ele>2383</ele>
						<time>2026-08-13T14:34:26Z</time>
					</trkpt>
					<trkpt lat="42.685050" lon="1.395220">
						<ele>2383</ele>
						<time>2026-08-13T14:34:51Z</time>
					</trkpt>
					<trkpt lat="42.685330" lon="1.395440">
						<ele>2386</ele>
						<time>2026-08-13T14:35:07Z</time>
					</trkpt>
					<trkpt lat="42.685500" lon="1.395500">
						<ele>2383</ele>
						<time>2026-08-13T14:35:16Z</time>
					</trkpt>
					<trkpt lat="42.685740" lon="1.395740">
						<ele>2385</ele>
						<time>2026-08-13T14:35:31Z</time>
					</trkpt>
					<trkpt lat="42.685870" lon="1.395820">
						<ele>2385</ele>
						<time>2026-08-13T14:35:38Z</time>
					</trkpt>
					<trkpt lat="42.686050" lon="1.395840">
						<ele>2382</ele>
						<time>2026-08-13T14:35:47Z</time>
					</trkpt>
					<trkpt lat="42.686210" lon="1.395940">
						<ele>2383</ele>
						<time>2026-08-13T14:35:56Z</time>
					</trkpt>
					<trkpt lat="42.686420" lon="1.395910">
						<ele>2378</ele>
						<time>2026-08-13T14:36:06Z</time>
					</trkpt>
					<trkpt lat="42.686600" lon="1.396100">
						<ele>2379</ele>
						<time>2026-08-13T14:36:18Z</time>
					</trkpt>
					<trkpt lat="42.686810" lon="1.396090">
						<ele>2374</ele>
						<time>2026-08-13T14:36:28Z</time>
					</trkpt>
					<trkpt lat="42.687060" lon="1.396130">
						<ele>2368</ele>
						<time>2026-08-13T14:36:41Z</time>
					</trkpt>
					<trkpt lat="42.687100" lon="1.396170">
						<ele>2368</ele>
						<time>2026-08-13T14:36:43Z</time>
					</trkpt>
					<trkpt lat="42.687170" lon="1.396140">
						<ele>2365</ele>
						<time>2026-08-13T14:36:47Z</time>
					</trkpt>
					<trkpt lat="42.687250" lon="1.396060">
						<ele>2362</ele>
						<time>2026-08-13T14:36:52Z</time>
					</trkpt>
					<trkpt lat="42.687470" lon="1.396050">
						<ele>2356</ele>
						<time>2026-08-13T14:37:03Z</time>
					</trkpt>
					<trkpt lat="42.687530" lon="1.396120">
						<ele>2356</ele>
						<time>2026-08-13T14:37:07Z</time>
					</trkpt>
					<trkpt lat="42.687680" lon="1.396100">
						<ele>2352</ele>
						<time>2026-08-13T14:37:14Z</time>
					</trkpt>
					<trkpt lat="42.687780" lon="1.396030">
						<ele>2348</ele>
						<time>2026-08-13T14:37:20Z</time>
					</trkpt>
					<trkpt lat="42.687790" lon="1.395940">
						<ele>2347</ele>
						<time>2026-08-13T14:37:23Z</time>
					</trkpt>
					<trkpt lat="42.687870" lon="1.395940">
						<ele>2345</ele>
						<time>2026-08-13T14:37:27Z</time>
					</trkpt>
					<trkpt lat="42.687920" lon="1.395900">
						<ele>2344</ele>
						<time>2026-08-13T14:37:30Z</time>
					</trkpt>
					<trkpt lat="42.688000" lon="1.395900">
						<ele>2342</ele>
						<time>2026-08-13T14:37:34Z</time>
					</trkpt>
					<trkpt lat="42.688050" lon="1.395930">
						<ele>2341</ele>
						<time>2026-08-13T14:37:37Z</time>
					</trkpt>
					<trkpt lat="42.688190" lon="1.395920">
						<ele>2337</ele>
						<time>2026-08-13T14:37:44Z</time>
					</trkpt>
					<trkpt lat="42.688290" lon="1.395950">
						<ele>2335</ele>
						<time>2026-08-13T14:37:49Z</time>
					</trkpt>
					<trkpt lat="42.688390" lon="1.395910">
						<ele>2331</ele>
						<time>2026-08-13T14:37:54Z</time>
					</trkpt>
					<trkpt lat="42.688440" lon="1.395960">
						<ele>2330</ele>
						<time>2026-08-13T14:37:58Z</time>
					</trkpt>
					<trkpt lat="42.688510" lon="1.395930">
						<ele>2327</ele>
						<time>2026-08-13T14:38:01Z</time>
					</trkpt>
					<trkpt lat="42.688670" lon="1.395650">
						<ele>2313</ele>
						<time>2026-08-13T14:38:14Z</time>
					</trkpt>
					<trkpt lat="42.688800" lon="1.395650">
						<ele>2309</ele>
						<time>2026-08-13T14:38:21Z</time>
					</trkpt>
					<trkpt lat="42.688870" lon="1.395690">
						<ele>2308</ele>
						<time>2026-08-13T14:38:25Z</time>
					</trkpt>
					<trkpt lat="42.688930" lon="1.395580">
						<ele>2301</ele>
						<time>2026-08-13T14:38:30Z</time>
					</trkpt>
					<trkpt lat="42.688990" lon="1.395580">
						<ele>2299</ele>
						<time>2026-08-13T14:38:33Z</time>
					</trkpt>
					<trkpt lat="42.689030" lon="1.395690">
						<ele>2302</ele>
						<time>2026-08-13T14:38:37Z</time>
					</trkpt>
					<trkpt lat="42.689100" lon="1.395690">
						<ele>2300</ele>
						<time>2026-08-13T14:38:41Z</time>
					</trkpt>
					<trkpt lat="42.689150" lon="1.395600">
						<ele>2295</ele>
						<time>2026-08-13T14:38:45Z</time>
					</trkpt>
					<trkpt lat="42.689160" lon="1.395520">
						<ele>2292</ele>
						<time>2026-08-13T14:38:48Z</time>
					</trkpt>
					<trkpt lat="42.689220" lon="1.395460">
						<ele>2287</ele>
						<time>2026-08-13T14:38:52Z</time>
					</trkpt>
					<trkpt lat="42.689410" lon="1.395660">
						<ele>2285</ele>
						<time>2026-08-13T14:39:04Z</time>
					</trkpt>
					<trkpt lat="42.689530" lon="1.395350">
						<ele>2274</ele>
						<time>2026-08-13T14:39:16Z</time>
					</trkpt>
					<trkpt lat="42.689810" lon="1.395370">
						<ele>2266</ele>
						<time>2026-08-13T14:39:30Z</time>
					</trkpt>
					<trkpt lat="42.689900" lon="1.395430">
						<ele>2263</ele>
						<time>2026-08-13T14:39:35Z</time>
					</trkpt>
					<trkpt lat="42.689960" lon="1.395390">
						<ele>2261</ele>
						<time>2026-08-13T14:39:39Z</time>
					</trkpt>
					<trkpt lat="42.689970" lon="1.395290">
						<ele>2262</ele>
						<time>2026-08-13T14:39:43Z</time>
					</trkpt>
					<trkpt lat="42.690030" lon="1.395290">
						<ele>2260</ele>
						<time>2026-08-13T14:39:46Z</time>
					</trkpt>
					<trkpt lat="42.690100" lon="1.395160">
						<ele>2259</ele>
						<time>2026-08-13T14:39:51Z</time>
					</trkpt>
					<trkpt lat="42.690220" lon="1.395010">
						<ele>2256</ele>
						<time>2026-08-13T14:40:00Z</time>
					</trkpt>
					<trkpt lat="42.690400" lon="1.395080">
						<ele>2249</ele>
						<time>2026-08-13T14:40:09Z</time>
					</trkpt>
					<trkpt lat="42.690510" lon="1.394910">
						<ele>2245</ele>
						<time>2026-08-13T14:40:17Z</time>
					</trkpt>
					<trkpt lat="42.690590" lon="1.394950">
						<ele>2243</ele>
						<time>2026-08-13T14:40:22Z</time>
					</trkpt>
					<trkpt lat="42.690640" lon="1.395070">
						<ele>2242</ele>
						<time>2026-08-13T14:40:27Z</time>
					</trkpt>
					<trkpt lat="42.690710" lon="1.395150">
						<ele>2239</ele>
						<time>2026-08-13T14:40:31Z</time>
					</trkpt>
					<trkpt lat="42.690800" lon="1.395110">
						<ele>2236</ele>
						<time>2026-08-13T14:40:36Z</time>
					</trkpt>
					<trkpt lat="42.690870" lon="1.395150">
						<ele>2234</ele>
						<time>2026-08-13T14:40:40Z</time>
					</trkpt>
					<trkpt lat="42.690910" lon="1.395220">
						<ele>2233</ele>
						<time>2026-08-13T14:40:43Z</time>
					</trkpt>
					<trkpt lat="42.691060" lon="1.395190">
						<ele>2229</ele>
						<time>2026-08-13T14:40:51Z</time>
					</trkpt>
					<trkpt lat="42.691140" lon="1.395470">
						<ele>2227</ele>
						<time>2026-08-13T14:41:02Z</time>
					</trkpt>
					<trkpt lat="42.691360" lon="1.395860">
						<ele>2225</ele>
						<time>2026-08-13T14:41:20Z</time>
					</trkpt>
					<trkpt lat="42.691390" lon="1.396020">
						<ele>2225</ele>
						<time>2026-08-13T14:41:26Z</time>
					</trkpt>
					<trkpt lat="42.691239" lon="1.396543">
						<ele>2228</ele>
						<time>2026-08-13T14:41:46Z</time>
					</trkpt>
					<trkpt lat="42.691220" lon="1.396610">
						<ele>2228</ele>
						<time>2026-08-13T14:41:49Z</time>
					</trkpt>
					<trkpt lat="42.691330" lon="1.397280">
						<ele>2227</ele>
						<time>2026-08-13T14:42:14Z</time>
					</trkpt>
					<trkpt lat="42.691280" lon="1.397920">
						<ele>2227</ele>
						<time>2026-08-13T14:42:38Z</time>
					</trkpt>
					<trkpt lat="42.691470" lon="1.398610">
						<ele>2210</ele>
						<time>2026-08-13T14:43:05Z</time>
					</trkpt>
					<trkpt lat="42.691490" lon="1.399020">
						<ele>2202</ele>
						<time>2026-08-13T14:43:20Z</time>
					</trkpt>
					<trkpt lat="42.691410" lon="1.399960">
						<ele>2194</ele>
						<time>2026-08-13T14:43:55Z</time>
					</trkpt>
					<trkpt lat="42.691820" lon="1.401140">
						<ele>2156</ele>
						<time>2026-08-13T14:44:43Z</time>
					</trkpt>
					<trkpt lat="42.692150" lon="1.401790">
						<ele>2126</ele>
						<time>2026-08-13T14:45:12Z</time>
					</trkpt>
					<trkpt lat="42.692510" lon="1.402280">
						<ele>2106</ele>
						<time>2026-08-13T14:45:38Z</time>
					</trkpt>
					<trkpt lat="42.692770" lon="1.402560">
						<ele>2091</ele>
						<time>2026-08-13T14:45:54Z</time>
					</trkpt>
					<trkpt lat="42.692670" lon="1.402820">
						<ele>2094</ele>
						<time>2026-08-13T14:46:05Z</time>
					</trkpt>
					<trkpt lat="42.693100" lon="1.402860">
						<ele>2072</ele>
						<time>2026-08-13T14:46:27Z</time>
					</trkpt>
					<trkpt lat="42.693300" lon="1.403930">
						<ele>2060</ele>
						<time>2026-08-13T14:47:07Z</time>
					</trkpt>
					<trkpt lat="42.693760" lon="1.404680">
						<ele>2047</ele>
						<time>2026-08-13T14:47:43Z</time>
					</trkpt>
					<trkpt lat="42.694340" lon="1.405110">
						<ele>2031</ele>
						<time>2026-08-13T14:48:16Z</time>
					</trkpt>
					<trkpt lat="42.694800" lon="1.405350">
						<ele>2015</ele>
						<time>2026-08-13T14:48:41Z</time>
					</trkpt>
					<trkpt lat="42.695340" lon="1.405430">
						<ele>1990</ele>
						<time>2026-08-13T14:49:08Z</time>
					</trkpt>
					<trkpt lat="42.696080" lon="1.405370">
						<ele>1955</ele>
						<time>2026-08-13T14:49:45Z</time>
					</trkpt>
					<trkpt lat="42.696470" lon="1.405740">
						<ele>1945</ele>
						<time>2026-08-13T14:50:09Z</time>
					</trkpt>
					<trkpt lat="42.696220" lon="1.406160">
						<ele>1955</ele>
						<time>2026-08-13T14:50:29Z</time>
					</trkpt>
					<trkpt lat="42.696310" lon="1.406680">
						<ele>1954</ele>
						<time>2026-08-13T14:50:48Z</time>
					</trkpt>
					<trkpt lat="42.696800" lon="1.407130">
						<ele>1941</ele>
						<time>2026-08-13T14:51:18Z</time>
					</trkpt>
					<trkpt lat="42.696980" lon="1.407950">
						<ele>1939</ele>
						<time>2026-08-13T14:51:49Z</time>
					</trkpt>
					<trkpt lat="42.697640" lon="1.408140">
						<ele>1927</ele>
						<time>2026-08-13T14:52:23Z</time>
					</trkpt>
					<trkpt lat="42.698160" lon="1.407970">
						<ele>1908</ele>
						<time>2026-08-13T14:52:50Z</time>
					</trkpt>
					<trkpt lat="42.698590" lon="1.407670">
						<ele>1884</ele>
						<time>2026-08-13T14:53:14Z</time>
					</trkpt>
					<trkpt lat="42.698900" lon="1.407670">
						<ele>1867</ele>
						<time>2026-08-13T14:53:30Z</time>
					</trkpt>
					<trkpt lat="42.699610" lon="1.407300">
						<ele>1832</ele>
						<time>2026-08-13T14:54:08Z</time>
					</trkpt>
					<trkpt lat="42.700340" lon="1.406640">
						<ele>1796</ele>
						<time>2026-08-13T14:54:52Z</time>
					</trkpt>
					<trkpt lat="42.700290" lon="1.405910">
						<ele>1786</ele>
						<time>2026-08-13T14:55:19Z</time>
					</trkpt>
					<trkpt lat="42.700560" lon="1.406010">
						<ele>1777</ele>
						<time>2026-08-13T14:55:33Z</time>
					</trkpt>
					<trkpt lat="42.701200" lon="1.406590">
						<ele>1755</ele>
						<time>2026-08-13T14:56:11Z</time>
					</trkpt>
					<trkpt lat="42.701740" lon="1.406530">
						<ele>1726</ele>
						<time>2026-08-13T14:56:38Z</time>
					</trkpt>
					<trkpt lat="42.702310" lon="1.406310">
						<ele>1698</ele>
						<time>2026-08-13T14:57:08Z</time>
					</trkpt>
					<trkpt lat="42.702390" lon="1.405630">
						<ele>1677</ele>
						<time>2026-08-13T14:57:33Z</time>
					</trkpt>
					<trkpt lat="42.703550" lon="1.405930">
						<ele>1645</ele>
						<time>2026-08-13T14:58:32Z</time>
					</trkpt>
					<trkpt lat="42.704510" lon="1.406590">
						<ele>1604</ele>
						<time>2026-08-13T14:59:26Z</time>
					</trkpt>
					<trkpt lat="42.705020" lon="1.406250">
						<ele>1568</ele>
						<time>2026-08-13T14:59:54Z</time>
					</trkpt>
					<trkpt lat="42.705790" lon="1.408140">
						<ele>1527</ele>
						<time>2026-08-13T15:01:14Z</time>
					</trkpt>
					<trkpt lat="42.706230" lon="1.407820">
						<ele>1508</ele>
						<time>2026-08-13T15:01:39Z</time>
					</trkpt>
					<trkpt lat="42.706470" lon="1.408160">
						<ele>1495</ele>
						<time>2026-08-13T15:01:56Z</time>
					</trkpt>
					<trkpt lat="42.706580" lon="1.410440">
						<ele>1466</ele>
						<time>2026-08-13T15:03:20Z</time>
					</trkpt>
					<trkpt lat="42.706650" lon="1.410200">
						<ele>1464</ele>
						<time>2026-08-13T15:03:30Z</time>
					</trkpt>
					<trkpt lat="42.707010" lon="1.411220">
						<ele>1430</ele>
						<time>2026-08-13T15:04:11Z</time>
					</trkpt>
					<trkpt lat="42.706820" lon="1.412590">
						<ele>1424</ele>
						<time>2026-08-13T15:05:03Z</time>
					</trkpt>
					<trkpt lat="42.706780" lon="1.414330">
						<ele>1396</ele>
						<time>2026-08-13T15:06:07Z</time>
					</trkpt>
					<trkpt lat="42.706710" lon="1.415190">
						<ele>1390</ele>
						<time>2026-08-13T15:06:38Z</time>
					</trkpt>
					<trkpt lat="42.706630" lon="1.415190">
						<ele>1396</ele>
						<time>2026-08-13T15:06:42Z</time>
					</trkpt>
					<trkpt lat="42.707070" lon="1.417070">
						<ele>1348</ele>
						<time>2026-08-13T15:07:55Z</time>
					</trkpt>
					<trkpt lat="42.707210" lon="1.416690">
						<ele>1339</ele>
						<time>2026-08-13T15:08:11Z</time>
					</trkpt>
					<trkpt lat="42.707810" lon="1.416090">
						<ele>1302</ele>
						<time>2026-08-13T15:08:48Z</time>
					</trkpt>
					<trkpt lat="42.707870" lon="1.416070">
						<ele>1298</ele>
						<time>2026-08-13T15:08:51Z</time>
					</trkpt>
					<trkpt lat="42.707920" lon="1.416090">
						<ele>1295</ele>
						<time>2026-08-13T15:08:54Z</time>
					</trkpt>
					<trkpt lat="42.707950" lon="1.416000">
						<ele>1293</ele>
						<time>2026-08-13T15:08:57Z</time>
					</trkpt>
					<trkpt lat="42.708010" lon="1.416030">
						<ele>1289</ele>
						<time>2026-08-13T15:09:00Z</time>
					</trkpt>
					<trkpt lat="42.708090" lon="1.415960">
						<ele>1283</ele>
						<time>2026-08-13T15:09:05Z</time>
					</trkpt>
					<trkpt lat="42.708110" lon="1.415800">
						<ele>1282</ele>
						<time>2026-08-13T15:09:11Z</time>
					</trkpt>
					<trkpt lat="42.708170" lon="1.415850">
						<ele>1278</ele>
						<time>2026-08-13T15:09:15Z</time>
					</trkpt>
					<trkpt lat="42.708190" lon="1.415780">
						<ele>1277</ele>
						<time>2026-08-13T15:09:17Z</time>
					</trkpt>
					<trkpt lat="42.708220" lon="1.415780">
						<ele>1274</ele>
						<time>2026-08-13T15:09:19Z</time>
					</trkpt>
					<trkpt lat="42.708250" lon="1.415670">
						<ele>1273</ele>
						<time>2026-08-13T15:09:23Z</time>
					</trkpt>
					<trkpt lat="42.708280" lon="1.415660">
						<ele>1270</ele>
						<time>2026-08-13T15:09:25Z</time>
					</trkpt>
					<trkpt lat="42.708280" lon="1.415590">
						<ele>1271</ele>
						<time>2026-08-13T15:09:27Z</time>
					</trkpt>
					<trkpt lat="42.708320" lon="1.415570">
						<ele>1268</ele>
						<time>2026-08-13T15:09:30Z</time>
					</trkpt>
					<trkpt lat="42.708330" lon="1.415340">
						<ele>1267</ele>
						<time>2026-08-13T15:09:38Z</time>
					</trkpt>
					<trkpt lat="42.708470" lon="1.415330">
						<ele>1264</ele>
						<time>2026-08-13T15:09:45Z</time>
					</trkpt>
					<trkpt lat="42.708510" lon="1.415300">
						<ele>1263</ele>
						<time>2026-08-13T15:09:47Z</time>
					</trkpt>
					<trkpt lat="42.708620" lon="1.415330">
						<ele>1260</ele>
						<time>2026-08-13T15:09:53Z</time>
					</trkpt>
					<trkpt lat="42.708690" lon="1.415290">
						<ele>1258</ele>
						<time>2026-08-13T15:09:57Z</time>
					</trkpt>
					<trkpt lat="42.708730" lon="1.415350">
						<ele>1257</ele>
						<time>2026-08-13T15:10:00Z</time>
					</trkpt>
					<trkpt lat="42.708910" lon="1.415280">
						<ele>1253</ele>
						<time>2026-08-13T15:10:09Z</time>
					</trkpt>
					<trkpt lat="42.709090" lon="1.417320">
						<ele>1233</ele>
						<time>2026-08-13T15:11:25Z</time>
					</trkpt>
					<trkpt lat="42.709290" lon="1.417850">
						<ele>1229</ele>
						<time>2026-08-13T15:11:47Z</time>
					</trkpt>
					<trkpt lat="42.709400" lon="1.418920">
						<ele>1227</ele>
						<time>2026-08-13T15:12:26Z</time>
					</trkpt>
					<trkpt lat="42.709400" lon="1.419220">
						<ele>1226</ele>
						<time>2026-08-13T15:12:37Z</time>
					</trkpt>
					<trkpt lat="42.709270" lon="1.420000">
						<ele>1216</ele>
						<time>2026-08-13T15:13:07Z</time>
					</trkpt>
					<trkpt lat="42.709210" lon="1.420530">
						<ele>1209</ele>
						<time>2026-08-13T15:13:26Z</time>
					</trkpt>
					<trkpt lat="42.709370" lon="1.420870">
						<ele>1216</ele>
						<time>2026-08-13T15:13:41Z</time>
					</trkpt>
					<trkpt lat="42.709450" lon="1.421310">
						<ele>1217</ele>
						<time>2026-08-13T15:13:58Z</time>
					</trkpt>
					<trkpt lat="42.709540" lon="1.421580">
						<ele>1219</ele>
						<time>2026-08-13T15:14:09Z</time>
					</trkpt>
					<trkpt lat="42.709550" lon="1.422310">
						<ele>1211</ele>
						<time>2026-08-13T15:14:36Z</time>
					</trkpt>
					<trkpt lat="42.709700" lon="1.423320">
						<ele>1203</ele>
						<time>2026-08-13T15:15:14Z</time>
					</trkpt>
					<trkpt lat="42.709840" lon="1.423590">
						<ele>1201</ele>
						<time>2026-08-13T15:15:26Z</time>
					</trkpt>
					<trkpt lat="42.709950" lon="1.423960">
						<ele>1196</ele>
						<time>2026-08-13T15:15:40Z</time>
					</trkpt>
					<trkpt lat="42.710040" lon="1.424510">
						<ele>1189</ele>
						<time>2026-08-13T15:16:01Z</time>
					</trkpt>
					<trkpt lat="42.710282" lon="1.425011">
						<ele>1192</ele>
						<time>2026-08-13T15:16:24Z</time>
					</trkpt>
					<trkpt lat="42.710283" lon="1.425015">
						<ele>1192</ele>
						<time>2026-08-13T15:16:24Z</time>
					</trkpt>
					<trkpt lat="42.710310" lon="1.425070">
						<ele>1192</ele>
						<time>2026-08-13T15:16:26Z</time>
					</trkpt>
					<trkpt lat="42.710510" lon="1.424740">
						<ele>1205</ele>
						<time>2026-08-13T15:16:41Z</time>
					</trkpt>
					<trkpt lat="42.710680" lon="1.424570">
						<ele>1214</ele>
						<time>2026-08-13T15:16:52Z</time>
					</trkpt>
					<trkpt lat="42.710670" lon="1.424470">
						<ele>1215</ele>
						<time>2026-08-13T15:16:56Z</time>
					</trkpt>
					<trkpt lat="42.710550" lon="1.424360">
						<ele>1212</ele>
						<time>2026-08-13T15:17:03Z</time>
					</trkpt>
					<trkpt lat="42.710360" lon="1.423230">
						<ele>1226</ele>
						<time>2026-08-13T15:17:46Z</time>
					</trkpt>
					<trkpt lat="42.710070" lon="1.422840">
						<ele>1216</ele>
						<time>2026-08-13T15:18:06Z</time>
					</trkpt>
					<trkpt lat="42.710050" lon="1.422470">
						<ele>1221</ele>
						<time>2026-08-13T15:18:20Z</time>
					</trkpt>
					<trkpt lat="42.710190" lon="1.422040">
						<ele>1240</ele>
						<time>2026-08-13T15:18:37Z</time>
					</trkpt>
					<trkpt lat="42.710230" lon="1.421660">
						<ele>1252</ele>
						<time>2026-08-13T15:18:51Z</time>
					</trkpt>
					<trkpt lat="42.710330" lon="1.421230">
						<ele>1267</ele>
						<time>2026-08-13T15:19:08Z</time>
					</trkpt>
					<trkpt lat="42.710420" lon="1.420400">
						<ele>1284</ele>
						<time>2026-08-13T15:19:39Z</time>
					</trkpt>
					<trkpt lat="42.710740" lon="1.419350">
						<ele>1313</ele>
						<time>2026-08-13T15:20:20Z</time>
					</trkpt>
					<trkpt lat="42.710800" lon="1.418910">
						<ele>1320</ele>
						<time>2026-08-13T15:20:37Z</time>
					</trkpt>
					<trkpt lat="42.711260" lon="1.417620">
						<ele>1355</ele>
						<time>2026-08-13T15:21:29Z</time>
					</trkpt>
					<trkpt lat="42.711450" lon="1.416960">
						<ele>1369</ele>
						<time>2026-08-13T15:21:56Z</time>
					</trkpt>
					<trkpt lat="42.711490" lon="1.414620">
						<ele>1384</ele>
						<time>2026-08-13T15:23:22Z</time>
					</trkpt>
					<trkpt lat="42.711660" lon="1.413930">
						<ele>1392</ele>
						<time>2026-08-13T15:23:48Z</time>
					</trkpt>
					<trkpt lat="42.711920" lon="1.412590">
						<ele>1389</ele>
						<time>2026-08-13T15:24:39Z</time>
					</trkpt>
					<trkpt lat="42.712700" lon="1.411870">
						<ele>1429</ele>
						<time>2026-08-13T15:25:26Z</time>
					</trkpt>
					<trkpt lat="42.712400" lon="1.411430">
						<ele>1409</ele>
						<time>2026-08-13T15:25:49Z</time>
					</trkpt>
					<trkpt lat="42.712360" lon="1.410630">
						<ele>1412</ele>
						<time>2026-08-13T15:26:18Z</time>
					</trkpt>
					<trkpt lat="42.712570" lon="1.410090">
						<ele>1427</ele>
						<time>2026-08-13T15:26:41Z</time>
					</trkpt>
					<trkpt lat="42.712340" lon="1.409570">
						<ele>1422</ele>
						<time>2026-08-13T15:27:03Z</time>
					</trkpt>
					<trkpt lat="42.712110" lon="1.408860">
						<ele>1423</ele>
						<time>2026-08-13T15:27:31Z</time>
					</trkpt>
					<trkpt lat="42.711340" lon="1.407310">
						<ele>1412</ele>
						<time>2026-08-13T15:28:40Z</time>
					</trkpt>
					<trkpt lat="42.711180" lon="1.406380">
						<ele>1416</ele>
						<time>2026-08-13T15:29:15Z</time>
					</trkpt>
					<trkpt lat="42.711210" lon="1.404720">
						<ele>1407</ele>
						<time>2026-08-13T15:30:16Z</time>
					</trkpt>
					<trkpt lat="42.711410" lon="1.404040">
						<ele>1397</ele>
						<time>2026-08-13T15:30:43Z</time>
					</trkpt>
					<trkpt lat="42.711610" lon="1.403870">
						<ele>1403</ele>
						<time>2026-08-13T15:30:55Z</time>
					</trkpt>
					<trkpt lat="42.711470" lon="1.403720">
						<ele>1393</ele>
						<time>2026-08-13T15:31:04Z</time>
					</trkpt>
					<trkpt lat="42.712270" lon="1.402950">
						<ele>1410</ele>
						<time>2026-08-13T15:31:53Z</time>
					</trkpt>
					<trkpt lat="42.712640" lon="1.402730">
						<ele>1415</ele>
						<time>2026-08-13T15:32:13Z</time>
					</trkpt>
					<trkpt lat="42.713380" lon="1.402440">
						<ele>1425</ele>
						<time>2026-08-13T15:32:52Z</time>
					</trkpt>
					<trkpt lat="42.713560" lon="1.402490">
						<ele>1430</ele>
						<time>2026-08-13T15:33:01Z</time>
					</trkpt>
					<trkpt lat="42.713880" lon="1.402230">
						<ele>1438</ele>
						<time>2026-08-13T15:33:20Z</time>
					</trkpt>
					<trkpt lat="42.714260" lon="1.402210">
						<ele>1450</ele>
						<time>2026-08-13T15:33:39Z</time>
					</trkpt>
					<trkpt lat="42.714690" lon="1.401970">
						<ele>1466</ele>
						<time>2026-08-13T15:34:02Z</time>
					</trkpt>
					<trkpt lat="42.714950" lon="1.401790">
						<ele>1468</ele>
						<time>2026-08-13T15:34:16Z</time>
					</trkpt>
					<trkpt lat="42.715220" lon="1.401440">
						<ele>1471</ele>
						<time>2026-08-13T15:34:35Z</time>
					</trkpt>
					<trkpt lat="42.715390" lon="1.401350">
						<ele>1476</ele>
						<time>2026-08-13T15:34:44Z</time>
					</trkpt>
					<trkpt lat="42.715680" lon="1.401140">
						<ele>1482</ele>
						<time>2026-08-13T15:35:01Z</time>
					</trkpt>
					<trkpt lat="42.715830" lon="1.400870">
						<ele>1476</ele>
						<time>2026-08-13T15:35:13Z</time>
					</trkpt>
					<trkpt lat="42.716070" lon="1.400790">
						<ele>1485</ele>
						<time>2026-08-13T15:35:26Z</time>
					</trkpt>
					<trkpt lat="42.716250" lon="1.400860">
						<ele>1492</ele>
						<time>2026-08-13T15:35:35Z</time>
					</trkpt>
					<trkpt lat="42.716460" lon="1.400720">
						<ele>1499</ele>
						<time>2026-08-13T15:35:47Z</time>
					</trkpt>
					<trkpt lat="42.716590" lon="1.400760">
						<ele>1504</ele>
						<time>2026-08-13T15:35:53Z</time>
					</trkpt>
					<trkpt lat="42.715790" lon="1.402020">
						<ele>1525</ele>
						<time>2026-08-13T15:36:54Z</time>
					</trkpt>
					<trkpt lat="42.715910" lon="1.402110">
						<ele>1538</ele>
						<time>2026-08-13T15:37:01Z</time>
					</trkpt>
					<trkpt lat="42.716160" lon="1.401850">
						<ele>1536</ele>
						<time>2026-08-13T15:37:17Z</time>
					</trkpt>
					<trkpt lat="42.716730" lon="1.401680">
						<ele>1555</ele>
						<time>2026-08-13T15:37:46Z</time>
					</trkpt>
					<trkpt lat="42.717120" lon="1.401290">
						<ele>1556</ele>
						<time>2026-08-13T15:38:11Z</time>
					</trkpt>
					<trkpt lat="42.717490" lon="1.401310">
						<ele>1577</ele>
						<time>2026-08-13T15:38:29Z</time>
					</trkpt>
					<trkpt lat="42.717730" lon="1.400960">
						<ele>1575</ele>
						<time>2026-08-13T15:38:47Z</time>
					</trkpt>
					<trkpt lat="42.718270" lon="1.400280">
						<ele>1593</ele>
						<time>2026-08-13T15:39:23Z</time>
					</trkpt>
					<trkpt lat="42.718150" lon="1.400910">
						<ele>1599</ele>
						<time>2026-08-13T15:39:47Z</time>
					</trkpt>
					<trkpt lat="42.717810" lon="1.401620">
						<ele>1608</ele>
						<time>2026-08-13T15:40:19Z</time>
					</trkpt>
					<trkpt lat="42.718000" lon="1.401370">
						<ele>1608</ele>
						<time>2026-08-13T15:40:32Z</time>
					</trkpt>
					<trkpt lat="42.718230" lon="1.401200">
						<ele>1615</ele>
						<time>2026-08-13T15:40:45Z</time>
					</trkpt>
					<trkpt lat="42.718690" lon="1.400720">
						<ele>1626</ele>
						<time>2026-08-13T15:41:14Z</time>
					</trkpt>
					<trkpt lat="42.718100" lon="1.402080">
						<ele>1651</ele>
						<time>2026-08-13T15:42:12Z</time>
					</trkpt>
					<trkpt lat="42.718720" lon="1.401430">
						<ele>1652</ele>
						<time>2026-08-13T15:42:51Z</time>
					</trkpt>
					<trkpt lat="42.719340" lon="1.400960">
						<ele>1672</ele>
						<time>2026-08-13T15:43:27Z</time>
					</trkpt>
					<trkpt lat="42.719310" lon="1.400700">
						<ele>1663</ele>
						<time>2026-08-13T15:43:36Z</time>
					</trkpt>
					<trkpt lat="42.719820" lon="1.400420">
						<ele>1692</ele>
						<time>2026-08-13T15:44:04Z</time>
					</trkpt>
					<trkpt lat="42.719820" lon="1.400130">
						<ele>1688</ele>
						<time>2026-08-13T15:44:14Z</time>
					</trkpt>
					<trkpt lat="42.719960" lon="1.399940">
						<ele>1698</ele>
						<time>2026-08-13T15:44:24Z</time>
					</trkpt>
					<trkpt lat="42.720090" lon="1.400120">
						<ele>1710</ele>
						<time>2026-08-13T15:44:34Z</time>
					</trkpt>
					<trkpt lat="42.720000" lon="1.400330">
						<ele>1704</ele>
						<time>2026-08-13T15:44:43Z</time>
					</trkpt>
					<trkpt lat="42.720060" lon="1.400650">
						<ele>1713</ele>
						<time>2026-08-13T15:44:55Z</time>
					</trkpt>
					<trkpt lat="42.719750" lon="1.401030">
						<ele>1701</ele>
						<time>2026-08-13T15:45:16Z</time>
					</trkpt>
					<trkpt lat="42.719900" lon="1.401060">
						<ele>1712</ele>
						<time>2026-08-13T15:45:23Z</time>
					</trkpt>
					<trkpt lat="42.720050" lon="1.400990">
						<ele>1720</ele>
						<time>2026-08-13T15:45:31Z</time>
					</trkpt>
					<trkpt lat="42.719930" lon="1.401310">
						<ele>1723</ele>
						<time>2026-08-13T15:45:44Z</time>
					</trkpt>
					<trkpt lat="42.719930" lon="1.401630">
						<ele>1735</ele>
						<time>2026-08-13T15:45:56Z</time>
					</trkpt>
					<trkpt lat="42.719690" lon="1.401800">
						<ele>1729</ele>
						<time>2026-08-13T15:46:10Z</time>
					</trkpt>
					<trkpt lat="42.719600" lon="1.402150">
						<ele>1742</ele>
						<time>2026-08-13T15:46:23Z</time>
					</trkpt>
					<trkpt lat="42.719790" lon="1.401930">
						<ele>1744</ele>
						<time>2026-08-13T15:46:36Z</time>
					</trkpt>
					<trkpt lat="42.720110" lon="1.401930">
						<ele>1766</ele>
						<time>2026-08-13T15:46:52Z</time>
					</trkpt>
					<trkpt lat="42.720260" lon="1.401670">
						<ele>1759</ele>
						<time>2026-08-13T15:47:04Z</time>
					</trkpt>
					<trkpt lat="42.720460" lon="1.401600">
						<ele>1771</ele>
						<time>2026-08-13T15:47:14Z</time>
					</trkpt>
					<trkpt lat="42.720530" lon="1.401380">
						<ele>1771</ele>
						<time>2026-08-13T15:47:23Z</time>
					</trkpt>
					<trkpt lat="42.720910" lon="1.401330">
						<ele>1798</ele>
						<time>2026-08-13T15:47:42Z</time>
					</trkpt>
					<trkpt lat="42.721160" lon="1.401390">
						<ele>1816</ele>
						<time>2026-08-13T15:47:55Z</time>
					</trkpt>
					<trkpt lat="42.721410" lon="1.401000">
						<ele>1822</ele>
						<time>2026-08-13T15:48:14Z</time>
					</trkpt>
					<trkpt lat="42.721560" lon="1.401060">
						<ele>1833</ele>
						<time>2026-08-13T15:48:22Z</time>
					</trkpt>
					<trkpt lat="42.721720" lon="1.400980">
						<ele>1842</ele>
						<time>2026-08-13T15:48:30Z</time>
					</trkpt>
					<trkpt lat="42.721870" lon="1.400950">
						<ele>1855</ele>
						<time>2026-08-13T15:48:38Z</time>
					</trkpt>
					<trkpt lat="42.721940" lon="1.400800">
						<ele>1857</ele>
						<time>2026-08-13T15:48:44Z</time>
					</trkpt>
					<trkpt lat="42.721980" lon="1.400630">
						<ele>1862</ele>
						<time>2026-08-13T15:48:51Z</time>
					</trkpt>
					<trkpt lat="42.722340" lon="1.400630">
						<ele>1893</ele>
						<time>2026-08-13T15:49:09Z</time>
					</trkpt>
					<trkpt lat="42.722400" lon="1.400500">
						<ele>1899</ele>
						<time>2026-08-13T15:49:15Z</time>
					</trkpt>
					<trkpt lat="42.722650" lon="1.400610">
						<ele>1918</ele>
						<time>2026-08-13T15:49:28Z</time>
					</trkpt>
					<trkpt lat="42.723020" lon="1.400530">
						<ele>1946</ele>
						<time>2026-08-13T15:49:47Z</time>
					</trkpt>
					<trkpt lat="42.723100" lon="1.400690">
						<ele>1951</ele>
						<time>2026-08-13T15:49:54Z</time>
					</trkpt>
					<trkpt lat="42.723300" lon="1.400570">
						<ele>1966</ele>
						<time>2026-08-13T15:50:05Z</time>
					</trkpt>
					<trkpt lat="42.723430" lon="1.400700">
						<ele>1978</ele>
						<time>2026-08-13T15:50:13Z</time>
					</trkpt>
					<trkpt lat="42.723490" lon="1.400510">
						<ele>1984</ele>
						<time>2026-08-13T15:50:20Z</time>
					</trkpt>
					<trkpt lat="42.723780" lon="1.400510">
						<ele>2013</ele>
						<time>2026-08-13T15:50:35Z</time>
					</trkpt>
					<trkpt lat="42.723990" lon="1.400430">
						<ele>2032</ele>
						<time>2026-08-13T15:50:46Z</time>
					</trkpt>
					<trkpt lat="42.724280" lon="1.400550">
						<ele>2060</ele>
						<time>2026-08-13T15:51:01Z</time>
					</trkpt>
					<trkpt lat="42.724400" lon="1.400330">
						<ele>2062</ele>
						<time>2026-08-13T15:51:11Z</time>
					</trkpt>
					<trkpt lat="42.724700" lon="1.400210">
						<ele>2079</ele>
						<time>2026-08-13T15:51:27Z</time>
					</trkpt>
					<trkpt lat="42.724900" lon="1.399940">
						<ele>2083</ele>
						<time>2026-08-13T15:51:41Z</time>
					</trkpt>
					<trkpt lat="42.725050" lon="1.399600">
						<ele>2088</ele>
						<time>2026-08-13T15:51:55Z</time>
					</trkpt>
					<trkpt lat="42.725170" lon="1.399450">
						<ele>2092</ele>
						<time>2026-08-13T15:52:03Z</time>
					</trkpt>
					<trkpt lat="42.725170" lon="1.399280">
						<ele>2090</ele>
						<time>2026-08-13T15:52:10Z</time>
					</trkpt>
					<trkpt lat="42.725400" lon="1.399280">
						<ele>2101</ele>
						<time>2026-08-13T15:52:21Z</time>
					</trkpt>
					<trkpt lat="42.725790" lon="1.399020">
						<ele>2120</ele>
						<time>2026-08-13T15:52:43Z</time>
					</trkpt>
					<trkpt lat="42.726250" lon="1.399020">
						<ele>2146</ele>
						<time>2026-08-13T15:53:06Z</time>
					</trkpt>
					<trkpt lat="42.726920" lon="1.398640">
						<ele>2182</ele>
						<time>2026-08-13T15:53:42Z</time>
					</trkpt>
					<trkpt lat="42.727040" lon="1.398260">
						<ele>2188</ele>
						<time>2026-08-13T15:53:57Z</time>
					</trkpt>
					<trkpt lat="42.727330" lon="1.398250">
						<ele>2203</ele>
						<time>2026-08-13T15:54:12Z</time>
					</trkpt>
					<trkpt lat="42.727500" lon="1.398060">
						<ele>2212</ele>
						<time>2026-08-13T15:54:23Z</time>
					</trkpt>
					<trkpt lat="42.727640" lon="1.398010">
						<ele>2219</ele>
						<time>2026-08-13T15:54:30Z</time>
					</trkpt>
					<trkpt lat="42.727890" lon="1.397570">
						<ele>2231</ele>
						<time>2026-08-13T15:54:51Z</time>
					</trkpt>
					<trkpt lat="42.728220" lon="1.397410">
						<ele>2248</ele>
						<time>2026-08-13T15:55:08Z</time>
					</trkpt>
					<trkpt lat="42.728490" lon="1.397220">
						<ele>2262</ele>
						<time>2026-08-13T15:55:23Z</time>
					</trkpt>
					<trkpt lat="42.728830" lon="1.397060">
						<ele>2280</ele>
						<time>2026-08-13T15:55:41Z</time>
					</trkpt>
					<trkpt lat="42.728830" lon="1.396910">
						<ele>2281</ele>
						<time>2026-08-13T15:55:47Z</time>
					</trkpt>
					<trkpt lat="42.729030" lon="1.396920">
						<ele>2291</ele>
						<time>2026-08-13T15:55:57Z</time>
					</trkpt>
					<trkpt lat="42.729200" lon="1.396580">
						<ele>2302</ele>
						<time>2026-08-13T15:56:12Z</time>
					</trkpt>
					<trkpt lat="42.729240" lon="1.396320">
						<ele>2306</ele>
						<time>2026-08-13T15:56:22Z</time>
					</trkpt>
					<trkpt lat="42.729150" lon="1.396160">
						<ele>2304</ele>
						<time>2026-08-13T15:56:29Z</time>
					</trkpt>
					<trkpt lat="42.729380" lon="1.396120">
						<ele>2315</ele>
						<time>2026-08-13T15:56:41Z</time>
					</trkpt>
					<trkpt lat="42.729430" lon="1.395950">
						<ele>2319</ele>
						<time>2026-08-13T15:56:48Z</time>
					</trkpt>
					<trkpt lat="42.729680" lon="1.395830">
						<ele>2331</ele>
						<time>2026-08-13T15:57:01Z</time>
					</trkpt>
					<trkpt lat="42.729710" lon="1.395500">
						<ele>2337</ele>
						<time>2026-08-13T15:57:13Z</time>
					</trkpt>
					<trkpt lat="42.730040" lon="1.395420">
						<ele>2354</ele>
						<time>2026-08-13T15:57:30Z</time>
					</trkpt>
					<trkpt lat="42.730070" lon="1.395180">
						<ele>2360</ele>
						<time>2026-08-13T15:57:39Z</time>
					</trkpt>
					<trkpt lat="42.730170" lon="1.395200">
						<ele>2364</ele>
						<time>2026-08-13T15:57:44Z</time>
					</trkpt>
					<trkpt lat="42.730200" lon="1.394870">
						<ele>2371</ele>
						<time>2026-08-13T15:57:56Z</time>
					</trkpt>
					<trkpt lat="42.730680" lon="1.394590">
						<ele>2399</ele>
						<time>2026-08-13T15:58:22Z</time>
					</trkpt>
					<trkpt lat="42.730760" lon="1.394410">
						<ele>2405</ele>
						<time>2026-08-13T15:58:30Z</time>
					</trkpt>
					<trkpt lat="42.730980" lon="1.394430">
						<ele>2416</ele>
						<time>2026-08-13T15:58:41Z</time>
					</trkpt>
					<trkpt lat="42.731010" lon="1.394300">
						<ele>2419</ele>
						<time>2026-08-13T15:58:46Z</time>
					</trkpt>
					<trkpt lat="42.731120" lon="1.394310">
						<ele>2424</ele>
						<time>2026-08-13T15:58:51Z</time>
					</trkpt>
					<trkpt lat="42.731290" lon="1.394200">
						<ele>2434</ele>
						<time>2026-08-13T15:59:01Z</time>
					</trkpt>
					<trkpt lat="42.731400" lon="1.394000">
						<ele>2444</ele>
						<time>2026-08-13T15:59:10Z</time>
					</trkpt>
					<trkpt lat="42.731570" lon="1.394050">
						<ele>2451</ele>
						<time>2026-08-13T15:59:19Z</time>
					</trkpt>
					<trkpt lat="42.731760" lon="1.393930">
						<ele>2463</ele>
						<time>2026-08-13T15:59:29Z</time>
					</trkpt>
					<trkpt lat="42.732030" lon="1.393930">
						<ele>2476</ele>
						<time>2026-08-13T15:59:43Z</time>
					</trkpt>
					<trkpt lat="42.732280" lon="1.393840">
						<ele>2491</ele>
						<time>2026-08-13T15:59:56Z</time>
					</trkpt>
					<trkpt lat="42.732170" lon="1.393680">
						<ele>2488</ele>
						<time>2026-08-13T16:00:04Z</time>
					</trkpt>
					<trkpt lat="42.732140" lon="1.393390">
						<ele>2491</ele>
						<time>2026-08-13T16:00:15Z</time>
					</trkpt>
					<trkpt lat="42.732250" lon="1.393020">
						<ele>2502</ele>
						<time>2026-08-13T16:00:29Z</time>
					</trkpt>
					<trkpt lat="42.732590" lon="1.393140">
						<ele>2517</ele>
						<time>2026-08-13T16:00:47Z</time>
					</trkpt>
					<trkpt lat="42.732740" lon="1.393000">
						<ele>2527</ele>
						<time>2026-08-13T16:00:56Z</time>
					</trkpt>
					<trkpt lat="42.732790" lon="1.392810">
						<ele>2531</ele>
						<time>2026-08-13T16:01:03Z</time>
					</trkpt>
					<trkpt lat="42.732970" lon="1.392920">
						<ele>2540</ele>
						<time>2026-08-13T16:01:13Z</time>
					</trkpt>
					<trkpt lat="42.733000" lon="1.393050">
						<ele>2540</ele>
						<time>2026-08-13T16:01:18Z</time>
					</trkpt>
					<trkpt lat="42.733100" lon="1.393050">
						<ele>2546</ele>
						<time>2026-08-13T16:01:23Z</time>
					</trkpt>
					<trkpt lat="42.733130" lon="1.392890">
						<ele>2548</ele>
						<time>2026-08-13T16:01:29Z</time>
					</trkpt>
					<trkpt lat="42.733420" lon="1.392810">
						<ele>2564</ele>
						<time>2026-08-13T16:01:44Z</time>
					</trkpt>
					<trkpt lat="42.733620" lon="1.392890">
						<ele>2573</ele>
						<time>2026-08-13T16:01:54Z</time>
					</trkpt>
					<trkpt lat="42.733850" lon="1.392830">
						<ele>2585</ele>
						<time>2026-08-13T16:02:06Z</time>
					</trkpt>
					<trkpt lat="42.734190" lon="1.392860">
						<ele>2601</ele>
						<time>2026-08-13T16:02:23Z</time>
					</trkpt>
					<trkpt lat="42.734280" lon="1.392610">
						<ele>2606</ele>
						<time>2026-08-13T16:02:33Z</time>
					</trkpt>
					<trkpt lat="42.734340" lon="1.392310">
						<ele>2614</ele>
						<time>2026-08-13T16:02:45Z</time>
					</trkpt>
					<trkpt lat="42.734520" lon="1.392310">
						<ele>2620</ele>
						<time>2026-08-13T16:02:54Z</time>
					</trkpt>
					<trkpt lat="42.734630" lon="1.391960">
						<ele>2631</ele>
						<time>2026-08-13T16:03:08Z</time>
					</trkpt>
					<trkpt lat="42.734900" lon="1.391850">
						<ele>2642</ele>
						<time>2026-08-13T16:03:22Z</time>
					</trkpt>
					<trkpt lat="42.734880" lon="1.391690">
						<ele>2645</ele>
						<time>2026-08-13T16:03:28Z</time>
					</trkpt>
					<trkpt lat="42.734810" lon="1.391470">
						<ele>2639</ele>
						<time>2026-08-13T16:03:37Z</time>
					</trkpt>
					<trkpt lat="42.734600" lon="1.391130">
						<ele>2632</ele>
						<time>2026-08-13T16:03:53Z</time>
					</trkpt>
					<trkpt lat="42.734840" lon="1.391570">
						<ele>2642</ele>
						<time>2026-08-13T16:04:13Z</time>
					</trkpt>
					<trkpt lat="42.734970" lon="1.391660">
						<ele>2648</ele>
						<time>2026-08-13T16:04:21Z</time>
					</trkpt>
					<trkpt lat="42.735080" lon="1.391700">
						<ele>2645</ele>
						<time>2026-08-13T16:04:26Z</time>
					</trkpt>
					<trkpt lat="42.735150" lon="1.391840">
						<ele>2639</ele>
						<time>2026-08-13T16:04:32Z</time>
					</trkpt>
					<trkpt lat="42.735260" lon="1.391740">
						<ele>2637</ele>
						<time>2026-08-13T16:04:39Z</time>
					</trkpt>
					<trkpt lat="42.735590" lon="1.391740">
						<ele>2623</ele>
						<time>2026-08-13T16:04:56Z</time>
					</trkpt>
					<trkpt lat="42.735950" lon="1.391470">
						<ele>2607</ele>
						<time>2026-08-13T16:05:16Z</time>
					</trkpt>
					<trkpt lat="42.736380" lon="1.391450">
						<ele>2587</ele>
						<time>2026-08-13T16:05:38Z</time>
					</trkpt>
					<trkpt lat="42.736620" lon="1.391130">
						<ele>2577</ele>
						<time>2026-08-13T16:05:55Z</time>
					</trkpt>
					<trkpt lat="42.736760" lon="1.391130">
						<ele>2571</ele>
						<time>2026-08-13T16:06:02Z</time>
					</trkpt>
					<trkpt lat="42.736890" lon="1.390990">
						<ele>2565</ele>
						<time>2026-08-13T16:06:10Z</time>
					</trkpt>
					<trkpt lat="42.736900" lon="1.391170">
						<ele>2564</ele>
						<time>2026-08-13T16:06:16Z</time>
					</trkpt>
					<trkpt lat="42.737010" lon="1.391030">
						<ele>2559</ele>
						<time>2026-08-13T16:06:24Z</time>
					</trkpt>
					<trkpt lat="42.737040" lon="1.391180">
						<ele>2557</ele>
						<time>2026-08-13T16:06:30Z</time>
					</trkpt>
					<trkpt lat="42.737280" lon="1.390600">
						<ele>2545</ele>
						<time>2026-08-13T16:06:54Z</time>
					</trkpt>
					<trkpt lat="42.737480" lon="1.390410">
						<ele>2536</ele>
						<time>2026-08-13T16:07:06Z</time>
					</trkpt>
					<trkpt lat="42.737600" lon="1.390540">
						<ele>2534</ele>
						<time>2026-08-13T16:07:14Z</time>
					</trkpt>
					<trkpt lat="42.738380" lon="1.390630">
						<ele>2516</ele>
						<time>2026-08-13T16:07:53Z</time>
					</trkpt>
					<trkpt lat="42.738520" lon="1.390690">
						<ele>2514</ele>
						<time>2026-08-13T16:08:01Z</time>
					</trkpt>
					<trkpt lat="42.738850" lon="1.390580">
						<ele>2512</ele>
						<time>2026-08-13T16:08:18Z</time>
					</trkpt>
					<trkpt lat="42.739030" lon="1.390480">
						<ele>2512</ele>
						<time>2026-08-13T16:08:27Z</time>
					</trkpt>
					<trkpt lat="42.739280" lon="1.390480">
						<ele>2507</ele>
						<time>2026-08-13T16:08:40Z</time>
					</trkpt>
					<trkpt lat="42.739370" lon="1.390670">
						<ele>2500</ele>
						<time>2026-08-13T16:08:48Z</time>
					</trkpt>
					<trkpt lat="42.739600" lon="1.390740">
						<ele>2492</ele>
						<time>2026-08-13T16:09:00Z</time>
					</trkpt>
					<trkpt lat="42.740280" lon="1.390740">
						<ele>2469</ele>
						<time>2026-08-13T16:09:34Z</time>
					</trkpt>
					<trkpt lat="42.740740" lon="1.390540">
						<ele>2460</ele>
						<time>2026-08-13T16:09:58Z</time>
					</trkpt>
					<trkpt lat="42.741160" lon="1.390450">
						<ele>2453</ele>
						<time>2026-08-13T16:10:19Z</time>
					</trkpt>
					<trkpt lat="42.741940" lon="1.390450">
						<ele>2440</ele>
						<time>2026-08-13T16:10:58Z</time>
					</trkpt>
					<trkpt lat="42.742270" lon="1.390820">
						<ele>2428</ele>
						<time>2026-08-13T16:11:20Z</time>
					</trkpt>
					<trkpt lat="42.742900" lon="1.391020">
						<ele>2428</ele>
						<time>2026-08-13T16:11:52Z</time>
					</trkpt>
					<trkpt lat="42.743230" lon="1.391510">
						<ele>2414</ele>
						<time>2026-08-13T16:12:17Z</time>
					</trkpt>
					<trkpt lat="42.743110" lon="1.392000">
						<ele>2396</ele>
						<time>2026-08-13T16:12:36Z</time>
					</trkpt>
					<trkpt lat="42.743100" lon="1.392350">
						<ele>2386</ele>
						<time>2026-08-13T16:12:48Z</time>
					</trkpt>
					<trkpt lat="42.743010" lon="1.392670">
						<ele>2379</ele>
						<time>2026-08-13T16:13:01Z</time>
					</trkpt>
					<trkpt lat="42.742950" lon="1.393020">
						<ele>2376</ele>
						<time>2026-08-13T16:13:14Z</time>
					</trkpt>
					<trkpt lat="42.742970" lon="1.393260">
						<ele>2374</ele>
						<time>2026-08-13T16:13:23Z</time>
					</trkpt>
					<trkpt lat="42.742870" lon="1.393720">
						<ele>2369</ele>
						<time>2026-08-13T16:13:41Z</time>
					</trkpt>
					<trkpt lat="42.742900" lon="1.393860">
						<ele>2367</ele>
						<time>2026-08-13T16:13:46Z</time>
					</trkpt>
					<trkpt lat="42.742280" lon="1.395170">
						<ele>2348</ele>
						<time>2026-08-13T16:14:43Z</time>
					</trkpt>
					<trkpt lat="42.742300" lon="1.395480">
						<ele>2340</ele>
						<time>2026-08-13T16:14:55Z</time>
					</trkpt>
					<trkpt lat="42.742090" lon="1.395980">
						<ele>2330</ele>
						<time>2026-08-13T16:15:16Z</time>
					</trkpt>
					<trkpt lat="42.741940" lon="1.396000">
						<ele>2331</ele>
						<time>2026-08-13T16:15:24Z</time>
					</trkpt>
					<trkpt lat="42.741800" lon="1.396230">
						<ele>2330</ele>
						<time>2026-08-13T16:15:35Z</time>
					</trkpt>
					<trkpt lat="42.741510" lon="1.396520">
						<ele>2329</ele>
						<time>2026-08-13T16:15:53Z</time>
					</trkpt>
					<trkpt lat="42.741390" lon="1.396860">
						<ele>2327</ele>
						<time>2026-08-13T16:16:06Z</time>
					</trkpt>
					<trkpt lat="42.741000" lon="1.397190">
						<ele>2324</ele>
						<time>2026-08-13T16:16:29Z</time>
					</trkpt>
					<trkpt lat="42.740740" lon="1.397530">
						<ele>2324</ele>
						<time>2026-08-13T16:16:47Z</time>
					</trkpt>
					<trkpt lat="42.740480" lon="1.398040">
						<ele>2322</ele>
						<time>2026-08-13T16:17:10Z</time>
					</trkpt>
					<trkpt lat="42.740280" lon="1.398370">
						<ele>2317</ele>
						<time>2026-08-13T16:17:26Z</time>
					</trkpt>
					<trkpt lat="42.740140" lon="1.398820">
						<ele>2313</ele>
						<time>2026-08-13T16:17:44Z</time>
					</trkpt>
					<trkpt lat="42.740410" lon="1.399520">
						<ele>2311</ele>
						<time>2026-08-13T16:18:13Z</time>
					</trkpt>
					<trkpt lat="42.741030" lon="1.400110">
						<ele>2295</ele>
						<time>2026-08-13T16:18:51Z</time>
					</trkpt>
					<trkpt lat="42.741070" lon="1.400930">
						<ele>2273</ele>
						<time>2026-08-13T16:19:21Z</time>
					</trkpt>
					<trkpt lat="42.741370" lon="1.401270">
						<ele>2259</ele>
						<time>2026-08-13T16:19:41Z</time>
					</trkpt>
					<trkpt lat="42.741670" lon="1.402330">
						<ele>2242</ele>
						<time>2026-08-13T16:20:22Z</time>
					</trkpt>
					<trkpt lat="42.741600" lon="1.402510">
						<ele>2240</ele>
						<time>2026-08-13T16:20:30Z</time>
					</trkpt>
					<trkpt lat="42.741620" lon="1.402750">
						<ele>2238</ele>
						<time>2026-08-13T16:20:39Z</time>
					</trkpt>
					<trkpt lat="42.741760" lon="1.403320">
						<ele>2229</ele>
						<time>2026-08-13T16:21:01Z</time>
					</trkpt>
					<trkpt lat="42.741730" lon="1.403910">
						<ele>2226</ele>
						<time>2026-08-13T16:21:23Z</time>
					</trkpt>
					<trkpt lat="42.741800" lon="1.404060">
						<ele>2222</ele>
						<time>2026-08-13T16:21:29Z</time>
					</trkpt>
					<trkpt lat="42.741600" lon="1.404250">
						<ele>2228</ele>
						<time>2026-08-13T16:21:41Z</time>
					</trkpt>
					<trkpt lat="42.741690" lon="1.404680">
						<ele>2227</ele>
						<time>2026-08-13T16:21:58Z</time>
					</trkpt>
					<trkpt lat="42.742050" lon="1.405650">
						<ele>2214</ele>
						<time>2026-08-13T16:22:38Z</time>
					</trkpt>
					<trkpt lat="42.742440" lon="1.406460">
						<ele>2212</ele>
						<time>2026-08-13T16:23:13Z</time>
					</trkpt>
					<trkpt lat="42.742680" lon="1.407110">
						<ele>2221</ele>
						<time>2026-08-13T16:23:40Z</time>
					</trkpt>
					<trkpt lat="42.742980" lon="1.407620">
						<ele>2225</ele>
						<time>2026-08-13T16:24:04Z</time>
					</trkpt>
					<trkpt lat="42.743440" lon="1.407580">
						<ele>2209</ele>
						<time>2026-08-13T16:24:27Z</time>
					</trkpt>
					<trkpt lat="42.743940" lon="1.407840">
						<ele>2197</ele>
						<time>2026-08-13T16:24:54Z</time>
					</trkpt>
					<trkpt lat="42.744730" lon="1.408420">
						<ele>2188</ele>
						<time>2026-08-13T16:25:39Z</time>
					</trkpt>
					<trkpt lat="42.744870" lon="1.408650">
						<ele>2186</ele>
						<time>2026-08-13T16:25:50Z</time>
					</trkpt>
					<trkpt lat="42.745250" lon="1.408650">
						<ele>2185</ele>
						<time>2026-08-13T16:26:09Z</time>
					</trkpt>
					<trkpt lat="42.745480" lon="1.408460">
						<ele>2185</ele>
						<time>2026-08-13T16:26:22Z</time>
					</trkpt>
					<trkpt lat="42.746240" lon="1.408330">
						<ele>2178</ele>
						<time>2026-08-13T16:27:01Z</time>
					</trkpt>
					<trkpt lat="42.746560" lon="1.408330">
						<ele>2172</ele>
						<time>2026-08-13T16:27:17Z</time>
					</trkpt>
					<trkpt lat="42.746780" lon="1.408220">
						<ele>2164</ele>
						<time>2026-08-13T16:27:28Z</time>
					</trkpt>
					<trkpt lat="42.747750" lon="1.407970">
						<ele>2131</ele>
						<time>2026-08-13T16:28:18Z</time>
					</trkpt>
					<trkpt lat="42.748050" lon="1.408030">
						<ele>2125</ele>
						<time>2026-08-13T16:28:33Z</time>
					</trkpt>
					<trkpt lat="42.748290" lon="1.407970">
						<ele>2118</ele>
						<time>2026-08-13T16:28:45Z</time>
					</trkpt>
					<trkpt lat="42.748600" lon="1.407730">
						<ele>2102</ele>
						<time>2026-08-13T16:29:03Z</time>
					</trkpt>
					<trkpt lat="42.748900" lon="1.407670">
						<ele>2088</ele>
						<time>2026-08-13T16:29:18Z</time>
					</trkpt>
					<trkpt lat="42.749230" lon="1.407170">
						<ele>2062</ele>
						<time>2026-08-13T16:29:43Z</time>
					</trkpt>
					<trkpt lat="42.749080" lon="1.406590">
						<ele>2050</ele>
						<time>2026-08-13T16:30:05Z</time>
					</trkpt>
					<trkpt lat="42.749230" lon="1.405840">
						<ele>2019</ele>
						<time>2026-08-13T16:30:34Z</time>
					</trkpt>
					<trkpt lat="42.748820" lon="1.405220">
						<ele>2005</ele>
						<time>2026-08-13T16:31:05Z</time>
					</trkpt>
					<trkpt lat="42.749080" lon="1.404150">
						<ele>1958</ele>
						<time>2026-08-13T16:31:46Z</time>
					</trkpt>
					<trkpt lat="42.749010" lon="1.403850">
						<ele>1952</ele>
						<time>2026-08-13T16:31:58Z</time>
					</trkpt>
					<trkpt lat="42.749450" lon="1.403700">
						<ele>1938</ele>
						<time>2026-08-13T16:32:20Z</time>
					</trkpt>
					<trkpt lat="42.749450" lon="1.403070">
						<ele>1927</ele>
						<time>2026-08-13T16:32:43Z</time>
					</trkpt>
					<trkpt lat="42.749820" lon="1.402880">
						<ele>1913</ele>
						<time>2026-08-13T16:33:03Z</time>
					</trkpt>
					<trkpt lat="42.750020" lon="1.402540">
						<ele>1904</ele>
						<time>2026-08-13T16:33:19Z</time>
					</trkpt>
					<trkpt lat="42.750240" lon="1.402520">
						<ele>1894</ele>
						<time>2026-08-13T16:33:30Z</time>
					</trkpt>
					<trkpt lat="42.750460" lon="1.402260">
						<ele>1883</ele>
						<time>2026-08-13T16:33:45Z</time>
					</trkpt>
					<trkpt lat="42.750460" lon="1.402710">
						<ele>1885</ele>
						<time>2026-08-13T16:34:01Z</time>
					</trkpt>
					<trkpt lat="42.750970" lon="1.402540">
						<ele>1865</ele>
						<time>2026-08-13T16:34:28Z</time>
					</trkpt>
					<trkpt lat="42.751680" lon="1.402820">
						<ele>1851</ele>
						<time>2026-08-13T16:35:05Z</time>
					</trkpt>
					<trkpt lat="42.752290" lon="1.403120">
						<ele>1844</ele>
						<time>2026-08-13T16:35:37Z</time>
					</trkpt>
					<trkpt lat="42.752370" lon="1.403760">
						<ele>1839</ele>
						<time>2026-08-13T16:36:01Z</time>
					</trkpt>
					<trkpt lat="42.753000" lon="1.404100">
						<ele>1829</ele>
						<time>2026-08-13T16:36:35Z</time>
					</trkpt>
					<trkpt lat="42.753250" lon="1.404640">
						<ele>1826</ele>
						<time>2026-08-13T16:36:58Z</time>
					</trkpt>
					<trkpt lat="42.754640" lon="1.405390">
						<ele>1813</ele>
						<time>2026-08-13T16:38:13Z</time>
					</trkpt>
					<trkpt lat="42.755430" lon="1.405430">
						<ele>1794</ele>
						<time>2026-08-13T16:38:53Z</time>
					</trkpt>
					<trkpt lat="42.756230" lon="1.405890">
						<ele>1781</ele>
						<time>2026-08-13T16:39:36Z</time>
					</trkpt>
					<trkpt lat="42.757330" lon="1.405970">
						<ele>1756</ele>
						<time>2026-08-13T16:40:31Z</time>
					</trkpt>
					<trkpt lat="42.757930" lon="1.406380">
						<ele>1737</ele>
						<time>2026-08-13T16:41:05Z</time>
					</trkpt>
					<trkpt lat="42.758400" lon="1.407430">
						<ele>1720</ele>
						<time>2026-08-13T16:41:50Z</time>
					</trkpt>
					<trkpt lat="42.758810" lon="1.407600">
						<ele>1714</ele>
						<time>2026-08-13T16:42:12Z</time>
					</trkpt>
					<trkpt lat="42.759590" lon="1.408140">
						<ele>1712</ele>
						<time>2026-08-13T16:42:55Z</time>
					</trkpt>
					<trkpt lat="42.760180" lon="1.408330">
						<ele>1705</ele>
						<time>2026-08-13T16:43:26Z</time>
					</trkpt>
					<trkpt lat="42.760770" lon="1.408630">
						<ele>1700</ele>
						<time>2026-08-13T16:43:57Z</time>
					</trkpt>
					<trkpt lat="42.760880" lon="1.408780">
						<ele>1700</ele>
						<time>2026-08-13T16:44:05Z</time>
					</trkpt>
					<trkpt lat="42.761300" lon="1.410150">
						<ele>1696</ele>
						<time>2026-08-13T16:44:59Z</time>
					</trkpt>
					<trkpt lat="42.761610" lon="1.410810">
						<ele>1691</ele>
						<time>2026-08-13T16:45:28Z</time>
					</trkpt>
					<trkpt lat="42.761950" lon="1.411330">
						<ele>1690</ele>
						<time>2026-08-13T16:45:54Z</time>
					</trkpt>
					<trkpt lat="42.762260" lon="1.411890">
						<ele>1685</ele>
						<time>2026-08-13T16:46:20Z</time>
					</trkpt>
					<trkpt lat="42.762800" lon="1.412340">
						<ele>1672</ele>
						<time>2026-08-13T16:46:51Z</time>
					</trkpt>
					<trkpt lat="42.763360" lon="1.413560">
						<ele>1658</ele>
						<time>2026-08-13T16:47:44Z</time>
					</trkpt>
					<trkpt lat="42.763550" lon="1.413480">
						<ele>1657</ele>
						<time>2026-08-13T16:47:54Z</time>
					</trkpt>
					<trkpt lat="42.764080" lon="1.413430">
						<ele>1656</ele>
						<time>2026-08-13T16:48:21Z</time>
					</trkpt>
					<trkpt lat="42.764340" lon="1.413190">
						<ele>1657</ele>
						<time>2026-08-13T16:48:36Z</time>
					</trkpt>
					<trkpt lat="42.764610" lon="1.413270">
						<ele>1656</ele>
						<time>2026-08-13T16:48:50Z</time>
					</trkpt>
					<trkpt lat="42.765172" lon="1.413578">
						<ele>1655</ele>
						<time>2026-08-13T16:49:21Z</time>
					</trkpt>
					<trkpt lat="42.765230" lon="1.413610">
						<ele>1655</ele>
						<time>2026-08-13T16:49:24Z</time>
					</trkpt>
					<trkpt lat="42.765540" lon="1.413820">
						<ele>1655</ele>
						<time>2026-08-13T16:49:41Z</time>
					</trkpt>
					<trkpt lat="42.766230" lon="1.414230">
						<ele>1661</ele>
						<time>2026-08-13T16:50:19Z</time>
					</trkpt>
					<trkpt lat="42.766390" lon="1.414830">
						<ele>1661</ele>
						<time>2026-08-13T16:50:42Z</time>
					</trkpt>
					<trkpt lat="42.766800" lon="1.414620">
						<ele>1667</ele>
						<time>2026-08-13T16:51:04Z</time>
					</trkpt>
					<trkpt lat="42.767270" lon="1.414530">
						<ele>1679</ele>
						<time>2026-08-13T16:51:28Z</time>
					</trkpt>
					<trkpt lat="42.767840" lon="1.414620">
						<ele>1697</ele>
						<time>2026-08-13T16:51:57Z</time>
					</trkpt>
					<trkpt lat="42.768080" lon="1.414530">
						<ele>1706</ele>
						<time>2026-08-13T16:52:09Z</time>
					</trkpt>
					<trkpt lat="42.768330" lon="1.414190">
						<ele>1718</ele>
						<time>2026-08-13T16:52:27Z</time>
					</trkpt>
					<trkpt lat="42.768660" lon="1.413890">
						<ele>1736</ele>
						<time>2026-08-13T16:52:47Z</time>
					</trkpt>
					<trkpt lat="42.769190" lon="1.414100">
						<ele>1762</ele>
						<time>2026-08-13T16:53:14Z</time>
					</trkpt>
					<trkpt lat="42.769590" lon="1.412750">
						<ele>1808</ele>
						<time>2026-08-13T16:54:08Z</time>
					</trkpt>
					<trkpt lat="42.769870" lon="1.412090">
						<ele>1830</ele>
						<time>2026-08-13T16:54:36Z</time>
					</trkpt>
					<trkpt lat="42.770160" lon="1.412130">
						<ele>1847</ele>
						<time>2026-08-13T16:54:50Z</time>
					</trkpt>
					<trkpt lat="42.770570" lon="1.412640">
						<ele>1868</ele>
						<time>2026-08-13T16:55:18Z</time>
					</trkpt>
					<trkpt lat="42.770850" lon="1.412260">
						<ele>1884</ele>
						<time>2026-08-13T16:55:38Z</time>
					</trkpt>
					<trkpt lat="42.771650" lon="1.412040">
						<ele>1914</ele>
						<time>2026-08-13T16:56:19Z</time>
					</trkpt>
					<trkpt lat="42.772620" lon="1.411700">
						<ele>1941</ele>
						<time>2026-08-13T16:57:09Z</time>
					</trkpt>
					<trkpt lat="42.772730" lon="1.411510">
						<ele>1942</ele>
						<time>2026-08-13T16:57:18Z</time>
					</trkpt>
					<trkpt lat="42.773370" lon="1.411220">
						<ele>1930</ele>
						<time>2026-08-13T16:57:51Z</time>
					</trkpt>
					<trkpt lat="42.773940" lon="1.410470">
						<ele>1920</ele>
						<time>2026-08-13T16:58:31Z</time>
					</trkpt>
					<trkpt lat="42.774310" lon="1.410420">
						<ele>1909</ele>
						<time>2026-08-13T16:58:50Z</time>
					</trkpt>
					<trkpt lat="42.774440" lon="1.410310">
						<ele>1905</ele>
						<time>2026-08-13T16:58:57Z</time>
					</trkpt>
					<trkpt lat="42.774770" lon="1.410230">
						<ele>1894</ele>
						<time>2026-08-13T16:59:14Z</time>
					</trkpt>
					<trkpt lat="42.774960" lon="1.410290">
						<ele>1888</ele>
						<time>2026-08-13T16:59:24Z</time>
					</trkpt>
					<trkpt lat="42.775160" lon="1.410170">
						<ele>1883</ele>
						<time>2026-08-13T16:59:35Z</time>
					</trkpt>
					<trkpt lat="42.775810" lon="1.409110">
						<ele>1874</ele>
						<time>2026-08-13T17:00:26Z</time>
					</trkpt>
					<trkpt lat="42.776170" lon="1.407830">
						<ele>1883</ele>
						<time>2026-08-13T17:01:16Z</time>
					</trkpt>
					<trkpt lat="42.776360" lon="1.407520">
						<ele>1884</ele>
						<time>2026-08-13T17:01:31Z</time>
					</trkpt>
					<trkpt lat="42.776380" lon="1.407270">
						<ele>1882</ele>
						<time>2026-08-13T17:01:40Z</time>
					</trkpt>
					<trkpt lat="42.776510" lon="1.407040">
						<ele>1878</ele>
						<time>2026-08-13T17:01:51Z</time>
					</trkpt>
					<trkpt lat="42.776830" lon="1.406670">
						<ele>1871</ele>
						<time>2026-08-13T17:02:12Z</time>
					</trkpt>
					<trkpt lat="42.777000" lon="1.406580">
						<ele>1869</ele>
						<time>2026-08-13T17:02:21Z</time>
					</trkpt>
					<trkpt lat="42.777260" lon="1.406260">
						<ele>1869</ele>
						<time>2026-08-13T17:02:38Z</time>
					</trkpt>
					<trkpt lat="42.777390" lon="1.406050">
						<ele>1870</ele>
						<time>2026-08-13T17:02:48Z</time>
					</trkpt>
					<trkpt lat="42.777330" lon="1.405940">
						<ele>1872</ele>
						<time>2026-08-13T17:02:53Z</time>
					</trkpt>
					<trkpt lat="42.777440" lon="1.405500">
						<ele>1878</ele>
						<time>2026-08-13T17:03:10Z</time>
					</trkpt>
					<trkpt lat="42.777630" lon="1.405330">
						<ele>1877</ele>
						<time>2026-08-13T17:03:22Z</time>
					</trkpt>
					<trkpt lat="42.778030" lon="1.404720">
						<ele>1880</ele>
						<time>2026-08-13T17:03:52Z</time>
					</trkpt>
					<trkpt lat="42.778600" lon="1.404360">
						<ele>1881</ele>
						<time>2026-08-13T17:04:23Z</time>
					</trkpt>
					<trkpt lat="42.779440" lon="1.404280">
						<ele>1863</ele>
						<time>2026-08-13T17:05:05Z</time>
					</trkpt>
					<trkpt lat="42.779650" lon="1.403920">
						<ele>1861</ele>
						<time>2026-08-13T17:05:22Z</time>
					</trkpt>
					<trkpt lat="42.780330" lon="1.404060">
						<ele>1830</ele>
						<time>2026-08-13T17:05:57Z</time>
					</trkpt>
					<trkpt lat="42.780960" lon="1.404300">
						<ele>1799</ele>
						<time>2026-08-13T17:06:29Z</time>
					</trkpt>
					<trkpt lat="42.781290" lon="1.404230">
						<ele>1795</ele>
						<time>2026-08-13T17:06:46Z</time>
					</trkpt>
					<trkpt lat="42.781350" lon="1.404590">
						<ele>1785</ele>
						<time>2026-08-13T17:07:00Z</time>
					</trkpt>
					<trkpt lat="42.781260" lon="1.404590">
						<ele>1785</ele>
						<time>2026-08-13T17:07:04Z</time>
					</trkpt>
					<trkpt lat="42.781210" lon="1.404930">
						<ele>1775</ele>
						<time>2026-08-13T17:07:17Z</time>
					</trkpt>
					<trkpt lat="42.781360" lon="1.405070">
						<ele>1771</ele>
						<time>2026-08-13T17:07:26Z</time>
					</trkpt>
					<trkpt lat="42.781580" lon="1.405170">
						<ele>1769</ele>
						<time>2026-08-13T17:07:38Z</time>
					</trkpt>
					<trkpt lat="42.781480" lon="1.405360">
						<ele>1760</ele>
						<time>2026-08-13T17:07:46Z</time>
					</trkpt>
					<trkpt lat="42.781640" lon="1.405530">
						<ele>1753</ele>
						<time>2026-08-13T17:07:56Z</time>
					</trkpt>
					<trkpt lat="42.782270" lon="1.406030">
						<ele>1743</ele>
						<time>2026-08-13T17:08:33Z</time>
					</trkpt>
					<trkpt lat="42.782110" lon="1.406220">
						<ele>1730</ele>
						<time>2026-08-13T17:08:44Z</time>
					</trkpt>
					<trkpt lat="42.782070" lon="1.406380">
						<ele>1721</ele>
						<time>2026-08-13T17:08:50Z</time>
					</trkpt>
					<trkpt lat="42.782110" lon="1.406570">
						<ele>1712</ele>
						<time>2026-08-13T17:08:57Z</time>
					</trkpt>
					<trkpt lat="42.782100" lon="1.406660">
						<ele>1707</ele>
						<time>2026-08-13T17:09:00Z</time>
					</trkpt>
					<trkpt lat="42.782160" lon="1.406750">
						<ele>1704</ele>
						<time>2026-08-13T17:09:05Z</time>
					</trkpt>
					<trkpt lat="42.782140" lon="1.406820">
						<ele>1700</ele>
						<time>2026-08-13T17:09:08Z</time>
					</trkpt>
					<trkpt lat="42.782190" lon="1.406920">
						<ele>1696</ele>
						<time>2026-08-13T17:09:12Z</time>
					</trkpt>
					<trkpt lat="42.782150" lon="1.407030">
						<ele>1690</ele>
						<time>2026-08-13T17:09:17Z</time>
					</trkpt>
					<trkpt lat="42.782270" lon="1.407110">
						<ele>1688</ele>
						<time>2026-08-13T17:09:23Z</time>
					</trkpt>
					<trkpt lat="42.782260" lon="1.407210">
						<ele>1683</ele>
						<time>2026-08-13T17:09:27Z</time>
					</trkpt>
					<trkpt lat="42.782190" lon="1.407270">
						<ele>1679</ele>
						<time>2026-08-13T17:09:31Z</time>
					</trkpt>
					<trkpt lat="42.782240" lon="1.407470">
						<ele>1670</ele>
						<time>2026-08-13T17:09:39Z</time>
					</trkpt>
					<trkpt lat="42.782260" lon="1.407810">
						<ele>1660</ele>
						<time>2026-08-13T17:09:51Z</time>
					</trkpt>
					<trkpt lat="42.782300" lon="1.408020">
						<ele>1655</ele>
						<time>2026-08-13T17:09:59Z</time>
					</trkpt>
					<trkpt lat="42.782450" lon="1.407990">
						<ele>1661</ele>
						<time>2026-08-13T17:10:07Z</time>
					</trkpt>
					<trkpt lat="42.782430" lon="1.408140">
						<ele>1657</ele>
						<time>2026-08-13T17:10:13Z</time>
					</trkpt>
					<trkpt lat="42.782470" lon="1.408330">
						<ele>1654</ele>
						<time>2026-08-13T17:10:20Z</time>
					</trkpt>
					<trkpt lat="42.782430" lon="1.408430">
						<ele>1649</ele>
						<time>2026-08-13T17:10:24Z</time>
					</trkpt>
					<trkpt lat="42.782470" lon="1.408730">
						<ele>1643</ele>
						<time>2026-08-13T17:10:35Z</time>
					</trkpt>
					<trkpt lat="42.782620" lon="1.408880">
						<ele>1647</ele>
						<time>2026-08-13T17:10:44Z</time>
					</trkpt>
					<trkpt lat="42.782550" lon="1.409040">
						<ele>1639</ele>
						<time>2026-08-13T17:10:51Z</time>
					</trkpt>
					<trkpt lat="42.782630" lon="1.409540">
						<ele>1629</ele>
						<time>2026-08-13T17:11:10Z</time>
					</trkpt>
					<trkpt lat="42.782730" lon="1.409870">
						<ele>1626</ele>
						<time>2026-08-13T17:11:23Z</time>
					</trkpt>
					<trkpt lat="42.782750" lon="1.410250">
						<ele>1618</ele>
						<time>2026-08-13T17:11:37Z</time>
					</trkpt>
					<trkpt lat="42.782830" lon="1.410460">
						<ele>1619</ele>
						<time>2026-08-13T17:11:46Z</time>
					</trkpt>
					<trkpt lat="42.782730" lon="1.410730">
						<ele>1609</ele>
						<time>2026-08-13T17:11:57Z</time>
					</trkpt>
					<trkpt lat="42.782770" lon="1.412240">
						<ele>1584</ele>
						<time>2026-08-13T17:12:53Z</time>
					</trkpt>
					<trkpt lat="42.782760" lon="1.413080">
						<ele>1574</ele>
						<time>2026-08-13T17:13:23Z</time>
					</trkpt>
					<trkpt lat="42.782510" lon="1.413710">
						<ele>1560</ele>
						<time>2026-08-13T17:13:50Z</time>
					</trkpt>
					<trkpt lat="42.782290" lon="1.414070">
						<ele>1554</ele>
						<time>2026-08-13T17:14:07Z</time>
					</trkpt>
					<trkpt lat="42.782220" lon="1.414290">
						<ele>1553</ele>
						<time>2026-08-13T17:14:16Z</time>
					</trkpt>
					<trkpt lat="42.781690" lon="1.414690">
						<ele>1537</ele>
						<time>2026-08-13T17:14:46Z</time>
					</trkpt>
					<trkpt lat="42.781540" lon="1.414960">
						<ele>1536</ele>
						<time>2026-08-13T17:14:58Z</time>
					</trkpt>
					<trkpt lat="42.781200" lon="1.415100">
						<ele>1529</ele>
						<time>2026-08-13T17:15:16Z</time>
					</trkpt>
					<trkpt lat="42.780870" lon="1.415630">
						<ele>1522</ele>
						<time>2026-08-13T17:15:42Z</time>
					</trkpt>
					<trkpt lat="42.780750" lon="1.415900">
						<ele>1521</ele>
						<time>2026-08-13T17:15:53Z</time>
					</trkpt>
					<trkpt lat="42.780420" lon="1.416460">
						<ele>1516</ele>
						<time>2026-08-13T17:16:20Z</time>
					</trkpt>
					<trkpt lat="42.780290" lon="1.417010">
						<ele>1512</ele>
						<time>2026-08-13T17:16:41Z</time>
					</trkpt>
					<trkpt lat="42.780180" lon="1.417180">
						<ele>1508</ele>
						<time>2026-08-13T17:16:49Z</time>
					</trkpt>
					<trkpt lat="42.780040" lon="1.417620">
						<ele>1503</ele>
						<time>2026-08-13T17:17:07Z</time>
					</trkpt>
					<trkpt lat="42.779940" lon="1.418270">
						<ele>1505</ele>
						<time>2026-08-13T17:17:31Z</time>
					</trkpt>
					<trkpt lat="42.779890" lon="1.418870">
						<ele>1505</ele>
						<time>2026-08-13T17:17:53Z</time>
					</trkpt>
					<trkpt lat="42.779880" lon="1.420400">
						<ele>1499</ele>
						<time>2026-08-13T17:18:50Z</time>
					</trkpt>
					<trkpt lat="42.779990" lon="1.422410">
						<ele>1475</ele>
						<time>2026-08-13T17:20:04Z</time>
					</trkpt>
					<trkpt lat="42.780060" lon="1.422940">
						<ele>1470</ele>
						<time>2026-08-13T17:20:23Z</time>
					</trkpt>
					<trkpt lat="42.780230" lon="1.423320">
						<ele>1475</ele>
						<time>2026-08-13T17:20:40Z</time>
					</trkpt>
					<trkpt lat="42.780240" lon="1.425870">
						<ele>1456</ele>
						<time>2026-08-13T17:22:13Z</time>
					</trkpt>
					<trkpt lat="42.780070" lon="1.427630">
						<ele>1443</ele>
						<time>2026-08-13T17:23:19Z</time>
					</trkpt>
					<trkpt lat="42.779990" lon="1.427990">
						<ele>1439</ele>
						<time>2026-08-13T17:23:32Z</time>
					</trkpt>
					<trkpt lat="42.780190" lon="1.429840">
						<ele>1453</ele>
						<time>2026-08-13T17:24:41Z</time>
					</trkpt>
					<trkpt lat="42.780090" lon="1.430270">
						<ele>1444</ele>
						<time>2026-08-13T17:24:58Z</time>
					</trkpt>
					<trkpt lat="42.780040" lon="1.430790">
						<ele>1437</ele>
						<time>2026-08-13T17:25:17Z</time>
					</trkpt>
					<trkpt lat="42.779900" lon="1.431560">
						<ele>1438</ele>
						<time>2026-08-13T17:25:46Z</time>
					</trkpt>
					<trkpt lat="42.779600" lon="1.432640">
						<ele>1437</ele>
						<time>2026-08-13T17:26:29Z</time>
					</trkpt>
					<trkpt lat="42.779410" lon="1.433120">
						<ele>1429</ele>
						<time>2026-08-13T17:26:49Z</time>
					</trkpt>
					<trkpt lat="42.779040" lon="1.434270">
						<ele>1421</ele>
						<time>2026-08-13T17:27:35Z</time>
					</trkpt>
					<trkpt lat="42.778870" lon="1.434970">
						<ele>1422</ele>
						<time>2026-08-13T17:28:02Z</time>
					</trkpt>
					<trkpt lat="42.778810" lon="1.435490">
						<ele>1419</ele>
						<time>2026-08-13T17:28:21Z</time>
					</trkpt>
					<trkpt lat="42.778740" lon="1.435770">
						<ele>1414</ele>
						<time>2026-08-13T17:28:32Z</time>
					</trkpt>
					<trkpt lat="42.778240" lon="1.437250">
						<ele>1395</ele>
						<time>2026-08-13T17:29:32Z</time>
					</trkpt>
					<trkpt lat="42.777940" lon="1.437650">
						<ele>1386</ele>
						<time>2026-08-13T17:29:53Z</time>
					</trkpt>
					<trkpt lat="42.777810" lon="1.438040">
						<ele>1384</ele>
						<time>2026-08-13T17:30:09Z</time>
					</trkpt>
					<trkpt lat="42.777420" lon="1.438880">
						<ele>1370</ele>
						<time>2026-08-13T17:30:45Z</time>
					</trkpt>
					<trkpt lat="42.777460" lon="1.439210">
						<ele>1372</ele>
						<time>2026-08-13T17:30:57Z</time>
					</trkpt>
					<trkpt lat="42.777650" lon="1.439480">
						<ele>1376</ele>
						<time>2026-08-13T17:31:11Z</time>
					</trkpt>
					<trkpt lat="42.777830" lon="1.440500">
						<ele>1367</ele>
						<time>2026-08-13T17:31:50Z</time>
					</trkpt>
					<trkpt lat="42.777850" lon="1.440900">
						<ele>1359</ele>
						<time>2026-08-13T17:32:04Z</time>
					</trkpt>
					<trkpt lat="42.777970" lon="1.441660">
						<ele>1353</ele>
						<time>2026-08-13T17:32:33Z</time>
					</trkpt>
					<trkpt lat="42.778070" lon="1.441820">
						<ele>1357</ele>
						<time>2026-08-13T17:32:41Z</time>
					</trkpt>
					<trkpt lat="42.778140" lon="1.442110">
						<ele>1359</ele>
						<time>2026-08-13T17:32:52Z</time>
					</trkpt>
					<trkpt lat="42.777970" lon="1.442910">
						<ele>1355</ele>
						<time>2026-08-13T17:33:22Z</time>
					</trkpt>
					<trkpt lat="42.777680" lon="1.444750">
						<ele>1344</ele>
						<time>2026-08-13T17:34:32Z</time>
					</trkpt>
					<trkpt lat="42.777760" lon="1.445310">
						<ele>1344</ele>
						<time>2026-08-13T17:34:52Z</time>
					</trkpt>
					<trkpt lat="42.777880" lon="1.445600">
						<ele>1349</ele>
						<time>2026-08-13T17:35:05Z</time>
					</trkpt>
					<trkpt lat="42.777730" lon="1.446400">
						<ele>1338</ele>
						<time>2026-08-13T17:35:35Z</time>
					</trkpt>
					<trkpt lat="42.777730" lon="1.447200">
						<ele>1336</ele>
						<time>2026-08-13T17:36:04Z</time>
					</trkpt>
					<trkpt lat="42.777600" lon="1.448500">
						<ele>1328</ele>
						<time>2026-08-13T17:36:53Z</time>
					</trkpt>
					<trkpt lat="42.777660" lon="1.449020">
						<ele>1330</ele>
						<time>2026-08-13T17:37:12Z</time>
					</trkpt>
					<trkpt lat="42.777560" lon="1.449640">
						<ele>1322</ele>
						<time>2026-08-13T17:37:35Z</time>
					</trkpt>
					<trkpt lat="42.777550" lon="1.450880">
						<ele>1311</ele>
						<time>2026-08-13T17:38:21Z</time>
					</trkpt>
					<trkpt lat="42.777740" lon="1.451250">
						<ele>1322</ele>
						<time>2026-08-13T17:38:37Z</time>
					</trkpt>
					<trkpt lat="42.777380" lon="1.452130">
						<ele>1305</ele>
						<time>2026-08-13T17:39:14Z</time>
					</trkpt>
					<trkpt lat="42.777200" lon="1.453130">
						<ele>1302</ele>
						<time>2026-08-13T17:39:52Z</time>
					</trkpt>
					<trkpt lat="42.777230" lon="1.454500">
						<ele>1299</ele>
						<time>2026-08-13T17:40:43Z</time>
					</trkpt>
					<trkpt lat="42.777440" lon="1.455490">
						<ele>1298</ele>
						<time>2026-08-13T17:41:20Z</time>
					</trkpt>
					<trkpt lat="42.778130" lon="1.457140">
						<ele>1302</ele>
						<time>2026-08-13T17:42:30Z</time>
					</trkpt>
					<trkpt lat="42.778040" lon="1.458030">
						<ele>1277</ele>
						<time>2026-08-13T17:43:03Z</time>
					</trkpt>
					<trkpt lat="42.778230" lon="1.458360">
						<ele>1289</ele>
						<time>2026-08-13T17:43:19Z</time>
					</trkpt>
					<trkpt lat="42.778300" lon="1.458810">
						<ele>1289</ele>
						<time>2026-08-13T17:43:35Z</time>
					</trkpt>
					<trkpt lat="42.778140" lon="1.459730">
						<ele>1265</ele>
						<time>2026-08-13T17:44:10Z</time>
					</trkpt>
					<trkpt lat="42.778080" lon="1.461240">
						<ele>1239</ele>
						<time>2026-08-13T17:45:06Z</time>
					</trkpt>
					<trkpt lat="42.778100" lon="1.461910">
						<ele>1227</ele>
						<time>2026-08-13T17:45:30Z</time>
					</trkpt>
					<trkpt lat="42.778210" lon="1.462510">
						<ele>1218</ele>
						<time>2026-08-13T17:45:53Z</time>
					</trkpt>
					<trkpt lat="42.777780" lon="1.464590">
						<ele>1168</ele>
						<time>2026-08-13T17:47:12Z</time>
					</trkpt>
					<trkpt lat="42.777070" lon="1.467120">
						<ele>1144</ele>
						<time>2026-08-13T17:48:52Z</time>
					</trkpt>
					<trkpt lat="42.776790" lon="1.468490">
						<ele>1154</ele>
						<time>2026-08-13T17:49:44Z</time>
					</trkpt>
					<trkpt lat="42.776660" lon="1.469020">
						<ele>1158</ele>
						<time>2026-08-13T17:50:05Z</time>
					</trkpt>
					<trkpt lat="42.776110" lon="1.470670">
						<ele>1146</ele>
						<time>2026-08-13T17:51:11Z</time>
					</trkpt>
					<trkpt lat="42.775970" lon="1.471420">
						<ele>1157</ele>
						<time>2026-08-13T17:51:40Z</time>
					</trkpt>
					<trkpt lat="42.775850" lon="1.471870">
						<ele>1165</ele>
						<time>2026-08-13T17:51:57Z</time>
					</trkpt>
					<trkpt lat="42.775660" lon="1.472900">
						<ele>1154</ele>
						<time>2026-08-13T17:52:36Z</time>
					</trkpt>
					<trkpt lat="42.775550" lon="1.473190">
						<ele>1151</ele>
						<time>2026-08-13T17:52:48Z</time>
					</trkpt>
					<trkpt lat="42.775580" lon="1.473370">
						<ele>1150</ele>
						<time>2026-08-13T17:52:55Z</time>
					</trkpt>
					<trkpt lat="42.775100" lon="1.473520">
						<ele>1149</ele>
						<time>2026-08-13T17:53:20Z</time>
					</trkpt>
					<trkpt lat="42.774760" lon="1.473810">
						<ele>1139</ele>
						<time>2026-08-13T17:53:40Z</time>
					</trkpt>
					<trkpt lat="42.774640" lon="1.473990">
						<ele>1135</ele>
						<time>2026-08-13T17:53:49Z</time>
					</trkpt>
					<trkpt lat="42.774340" lon="1.474190">
						<ele>1126</ele>
						<time>2026-08-13T17:54:05Z</time>
					</trkpt>
					<trkpt lat="42.774030" lon="1.474190">
						<ele>1117</ele>
						<time>2026-08-13T17:54:21Z</time>
					</trkpt>
					<trkpt lat="42.773790" lon="1.474340">
						<ele>1109</ele>
						<time>2026-08-13T17:54:34Z</time>
					</trkpt>
					<trkpt lat="42.773510" lon="1.474270">
						<ele>1101</ele>
						<time>2026-08-13T17:54:48Z</time>
					</trkpt>
					<trkpt lat="42.773280" lon="1.474270">
						<ele>1094</ele>
						<time>2026-08-13T17:55:00Z</time>
					</trkpt>
					<trkpt lat="42.773120" lon="1.474200">
						<ele>1086</ele>
						<time>2026-08-13T17:55:08Z</time>
					</trkpt>
					<trkpt lat="42.772820" lon="1.474770">
						<ele>1081</ele>
						<time>2026-08-13T17:55:34Z</time>
					</trkpt>
					<trkpt lat="42.772580" lon="1.474540">
						<ele>1069</ele>
						<time>2026-08-13T17:55:49Z</time>
					</trkpt>
					<trkpt lat="42.772010" lon="1.475550">
						<ele>1051</ele>
						<time>2026-08-13T17:56:36Z</time>
					</trkpt>
					<trkpt lat="42.771750" lon="1.475850">
						<ele>1042</ele>
						<time>2026-08-13T17:56:53Z</time>
					</trkpt>
					<trkpt lat="42.771610" lon="1.476230">
						<ele>1038</ele>
						<time>2026-08-13T17:57:08Z</time>
					</trkpt>
					<trkpt lat="42.771580" lon="1.476400">
						<ele>1038</ele>
						<time>2026-08-13T17:57:15Z</time>
					</trkpt>
					<trkpt lat="42.771410" lon="1.475820">
						<ele>1021</ele>
						<time>2026-08-13T17:57:38Z</time>
					</trkpt>
					<trkpt lat="42.771510" lon="1.475100">
						<ele>1014</ele>
						<time>2026-08-13T17:58:05Z</time>
					</trkpt>
					<trkpt lat="42.771550" lon="1.474470">
						<ele>1000</ele>
						<time>2026-08-13T17:58:28Z</time>
					</trkpt>
					<trkpt lat="42.771880" lon="1.473220">
						<ele>991</ele>
						<time>2026-08-13T17:59:17Z</time>
					</trkpt>
					<trkpt lat="42.771960" lon="1.472750">
						<ele>982</ele>
						<time>2026-08-13T17:59:34Z</time>
					</trkpt>
					<trkpt lat="42.771980" lon="1.472350">
						<ele>971</ele>
						<time>2026-08-13T17:59:49Z</time>
					</trkpt>
					<trkpt lat="42.772090" lon="1.471910">
						<ele>966</ele>
						<time>2026-08-13T18:00:06Z</time>
					</trkpt>
					<trkpt lat="42.772260" lon="1.470750">
						<ele>943</ele>
						<time>2026-08-13T18:00:50Z</time>
					</trkpt>
					<trkpt lat="42.772410" lon="1.469920">
						<ele>929</ele>
						<time>2026-08-13T18:01:21Z</time>
					</trkpt>
					<trkpt lat="42.772020" lon="1.470080">
						<ele>915</ele>
						<time>2026-08-13T18:01:41Z</time>
					</trkpt>
					<trkpt lat="42.771610" lon="1.469910">
						<ele>894</ele>
						<time>2026-08-13T18:02:03Z</time>
					</trkpt>
					<trkpt lat="42.771180" lon="1.470060">
						<ele>884</ele>
						<time>2026-08-13T18:02:25Z</time>
					</trkpt>
					<trkpt lat="42.770640" lon="1.471250">
						<ele>881</ele>
						<time>2026-08-13T18:03:16Z</time>
					</trkpt>
					<trkpt lat="42.770550" lon="1.471420">
						<ele>880</ele>
						<time>2026-08-13T18:03:24Z</time>
					</trkpt>
					<trkpt lat="42.770450" lon="1.471530">
						<ele>878</ele>
						<time>2026-08-13T18:03:31Z</time>
					</trkpt>
					<trkpt lat="42.770370" lon="1.471730">
						<ele>878</ele>
						<time>2026-08-13T18:03:39Z</time>
					</trkpt>
					<trkpt lat="42.770280" lon="1.471710">
						<ele>875</ele>
						<time>2026-08-13T18:03:43Z</time>
					</trkpt>
					<trkpt lat="42.770100" lon="1.471870">
						<ele>872</ele>
						<time>2026-08-13T18:03:54Z</time>
					</trkpt>
					<trkpt lat="42.769880" lon="1.471730">
						<ele>863</ele>
						<time>2026-08-13T18:04:06Z</time>
					</trkpt>
					<trkpt lat="42.769420" lon="1.471980">
						<ele>849</ele>
						<time>2026-08-13T18:04:31Z</time>
					</trkpt>
					<trkpt lat="42.769460" lon="1.471850">
						<ele>849</ele>
						<time>2026-08-13T18:04:36Z</time>
					</trkpt>
					<trkpt lat="42.769160" lon="1.472070">
						<ele>841</ele>
						<time>2026-08-13T18:04:53Z</time>
					</trkpt>
					<trkpt lat="42.768800" lon="1.472460">
						<ele>834</ele>
						<time>2026-08-13T18:05:16Z</time>
					</trkpt>
					<trkpt lat="42.768520" lon="1.472590">
						<ele>824</ele>
						<time>2026-08-13T18:05:31Z</time>
					</trkpt>
					<trkpt lat="42.768140" lon="1.473170">
						<ele>819</ele>
						<time>2026-08-13T18:06:00Z</time>
					</trkpt>
					<trkpt lat="42.767750" lon="1.474220">
						<ele>810</ele>
						<time>2026-08-13T18:06:43Z</time>
					</trkpt>
					<trkpt lat="42.767550" lon="1.475140">
						<ele>804</ele>
						<time>2026-08-13T18:07:18Z</time>
					</trkpt>
					<trkpt lat="42.767290" lon="1.476110">
						<ele>788</ele>
						<time>2026-08-13T18:07:56Z</time>
					</trkpt>
					<trkpt lat="42.767310" lon="1.476510">
						<ele>782</ele>
						<time>2026-08-13T18:08:11Z</time>
					</trkpt>
					<trkpt lat="42.767290" lon="1.476630">
						<ele>780</ele>
						<time>2026-08-13T18:08:15Z</time>
					</trkpt>
					<trkpt lat="42.767160" lon="1.476760">
						<ele>774</ele>
						<time>2026-08-13T18:08:23Z</time>
					</trkpt>
					<trkpt lat="42.767290" lon="1.477230">
						<ele>769</ele>
						<time>2026-08-13T18:08:42Z</time>
					</trkpt>
					<trkpt lat="42.767290" lon="1.477370">
						<ele>766</ele>
						<time>2026-08-13T18:08:47Z</time>
					</trkpt>
					<trkpt lat="42.767260" lon="1.477500">
						<ele>763</ele>
						<time>2026-08-13T18:08:52Z</time>
					</trkpt>
					<trkpt lat="42.767310" lon="1.477670">
						<ele>761</ele>
						<time>2026-08-13T18:08:59Z</time>
					</trkpt>
					<trkpt lat="42.767190" lon="1.477890">
						<ele>756</ele>
						<time>2026-08-13T18:09:09Z</time>
					</trkpt>
					<trkpt lat="42.767070" lon="1.478030">
						<ele>752</ele>
						<time>2026-08-13T18:09:17Z</time>
					</trkpt>
					<trkpt lat="42.766880" lon="1.477970">
						<ele>750</ele>
						<time>2026-08-13T18:09:27Z</time>
					</trkpt>
					<trkpt lat="42.766630" lon="1.478000">
						<ele>747</ele>
						<time>2026-08-13T18:09:39Z</time>
					</trkpt>
					<trkpt lat="42.766330" lon="1.478390">
						<ele>743</ele>
						<time>2026-08-13T18:10:00Z</time>
					</trkpt>
					<trkpt lat="42.766070" lon="1.478530">
						<ele>742</ele>
						<time>2026-08-13T18:10:14Z</time>
					</trkpt>
					<trkpt lat="42.764970" lon="1.478680">
						<ele>740</ele>
						<time>2026-08-13T18:11:09Z</time>
					</trkpt>
					<trkpt lat="42.763800" lon="1.478980">
						<ele>747</ele>
						<time>2026-08-13T18:12:09Z</time>
					</trkpt>
					<trkpt lat="42.763680" lon="1.478990">
						<ele>748</ele>
						<time>2026-08-13T18:12:15Z</time>
					</trkpt>
					<trkpt lat="42.763720" lon="1.479640">
						<ele>745</ele>
						<time>2026-08-13T18:12:39Z</time>
					</trkpt>
					<trkpt lat="42.763880" lon="1.479970">
						<ele>743</ele>
						<time>2026-08-13T18:12:53Z</time>
					</trkpt>
					<trkpt lat="42.763640" lon="1.480130">
						<ele>744</ele>
						<time>2026-08-13T18:13:07Z</time>
					</trkpt>
					<trkpt lat="42.763540" lon="1.480060">
						<ele>745</ele>
						<time>2026-08-13T18:13:12Z</time>
					</trkpt>
					<trkpt lat="42.763270" lon="1.480030">
						<ele>746</ele>
						<time>2026-08-13T18:13:26Z</time>
					</trkpt>
					<trkpt lat="42.763060" lon="1.480060">
						<ele>746</ele>
						<time>2026-08-13T18:13:36Z</time>
					</trkpt>
					<trkpt lat="42.762850" lon="1.480010">
						<ele>747</ele>
						<time>2026-08-13T18:13:47Z</time>
					</trkpt>
					</trkseg>
				</trk>
			</gpx>