<?xml version="1.0" encoding="UTF-8"?>
<gpx xmlns="http://www.topografix.com/GPX/1/1" xmlns:xsi="http://www.w3.org/2001/XMLSchema-instance" version="1.1" creator="Trace de Trail" xsi:schemaLocation="http://www.topografix.com/GPX/1/1 http://www.topografix.com/GPX/1/1/gpx.xsd">
  <metadata>
    <name>TRAIL DU PETIT SAINT BERNARD 2026 - TPSB 68KM</name>
    <desc>Parcours créé sur Trace de Trail</desc>
    <link href="https://tracedetrail.fr/fr/trace/349499">
      <text>Cartographie du parcours</text>
    </link>
    <time>2026-08-23T05:36:49+00:00</time>
  </metadata>
  <trk>
    <name>TRAIL DU PETIT SAINT BERNARD 2026 - TPSB 68KM sur TraceDeTrail.fr</name>
    <src>Trace de Trail</src>
    <trkseg>
      <trkpt lat="45.69561" lon="6.73379">
        <ele>1546</ele>
        <time>2026-08-23T05:36:49+00:00</time>
      </trkpt>
      <trkpt lat="45.69604" lon="6.73387">
        <ele>1547</ele>
        <time>2026-08-23T05:36:52+00:00</time>
      </trkpt>
      <trkpt lat="45.69646" lon="6.73372">
        <ele>1548</ele>
        <time>2026-08-23T05:36:55+00:00</time>
      </trkpt>
      <trkpt lat="45.69659" lon="6.73365">
        <ele>1549</ele>
        <time>2026-08-23T05:36:58+00:00</time>
      </trkpt>
      <trkpt lat="45.69673" lon="6.73369">
        <ele>1551</ele>
        <time>2026-08-23T05:37:01+00:00</time>
      </trkpt>
      <trkpt lat="45.69689" lon="6.73383">
        <ele>1550</ele>
        <time>2026-08-23T05:37:04+00:00</time>
      </trkpt>
      <trkpt lat="45.69702" lon="6.73392">
        <ele>1551</ele>
        <time>2026-08-23T05:37:07+00:00</time>
      </trkpt>
      <trkpt lat="45.69723" lon="6.73443">
        <ele>1550</ele>
        <time>2026-08-23T05:37:10+00:00</time>
      </trkpt>
      <trkpt lat="45.69729" lon="6.7346">
        <ele>1552</ele>
        <time>2026-08-23T05:37:13+00:00</time>
      </trkpt>
      <trkpt lat="45.69732" lon="6.73493">
        <ele>1549</ele>
        <time>2026-08-23T05:37:16+00:00</time>
      </trkpt>
      <trkpt lat="45.69748" lon="6.73521">
        <ele>1548</ele>
        <time>2026-08-23T05:37:19+00:00</time>
      </trkpt>
      <trkpt lat="45.69766" lon="6.73553">
        <ele>1548</ele>
        <time>2026-08-23T05:37:22+00:00</time>
      </trkpt>
      <trkpt lat="45.69781" lon="6.73581">
        <ele>1549</ele>
        <time>2026-08-23T05:37:25+00:00</time>
      </trkpt>
      <trkpt lat="45.69798" lon="6.73612">
        <ele>1549</ele>
        <time>2026-08-23T05:37:28+00:00</time>
      </trkpt>
      <trkpt lat="45.69817" lon="6.73643">
        <ele>1549</ele>
        <time>2026-08-23T05:37:31+00:00</time>
      </trkpt>
      <trkpt lat="45.69831" lon="6.7366">
        <ele>1550</ele>
        <time>2026-08-23T05:37:34+00:00</time>
      </trkpt>
      <trkpt lat="45.69841" lon="6.73675">
        <ele>1551</ele>
        <time>2026-08-23T05:37:37+00:00</time>
      </trkpt>
      <trkpt lat="45.69866" lon="6.737">
        <ele>1552</ele>
        <time>2026-08-23T05:37:40+00:00</time>
      </trkpt>
      <trkpt lat="45.6987" lon="6.73715">
        <ele>1551</ele>
        <time>2026-08-23T05:37:43+00:00</time>
      </trkpt>
      <trkpt lat="45.69888" lon="6.73729">
        <ele>1552</ele>
        <time>2026-08-23T05:37:46+00:00</time>
      </trkpt>
      <trkpt lat="45.69909" lon="6.73746">
        <ele>1553</ele>
        <time>2026-08-23T05:37:49+00:00</time>
      </trkpt>
      <trkpt lat="45.69937" lon="6.73773">
        <ele>1554</ele>
        <time>2026-08-23T05:37:52+00:00</time>
      </trkpt>
      <trkpt lat="45.69964" lon="6.73812">
        <ele>1556</ele>
        <time>2026-08-23T05:37:55+00:00</time>
      </trkpt>
      <trkpt lat="45.69979" lon="6.7384">
        <ele>1556</ele>
        <time>2026-08-23T05:37:58+00:00</time>
      </trkpt>
      <trkpt lat="45.69981" lon="6.73886">
        <ele>1557</ele>
        <time>2026-08-23T05:38:01+00:00</time>
      </trkpt>
      <trkpt lat="45.69998" lon="6.73911">
        <ele>1558</ele>
        <time>2026-08-23T05:38:04+00:00</time>
      </trkpt>
      <trkpt lat="45.70017" lon="6.73937">
        <ele>1560</ele>
        <time>2026-08-23T05:38:07+00:00</time>
      </trkpt>
      <trkpt lat="45.70044" lon="6.73962">
        <ele>1564</ele>
        <time>2026-08-23T05:38:10+00:00</time>
      </trkpt>
      <trkpt lat="45.70055" lon="6.73976">
        <ele>1565</ele>
        <time>2026-08-23T05:38:13+00:00</time>
      </trkpt>
      <trkpt lat="45.70068" lon="6.73985">
        <ele>1564</ele>
        <time>2026-08-23T05:38:16+00:00</time>
      </trkpt>
      <trkpt lat="45.70085" lon="6.73991">
        <ele>1565</ele>
        <time>2026-08-23T05:38:19+00:00</time>
      </trkpt>
      <trkpt lat="45.70101" lon="6.74009">
        <ele>1565</ele>
        <time>2026-08-23T05:38:22+00:00</time>
      </trkpt>
      <trkpt lat="45.70117" lon="6.74045">
        <ele>1567</ele>
        <time>2026-08-23T05:38:25+00:00</time>
      </trkpt>
      <trkpt lat="45.70124" lon="6.74079">
        <ele>1569</ele>
        <time>2026-08-23T05:38:28+00:00</time>
      </trkpt>
      <trkpt lat="45.70131" lon="6.74116">
        <ele>1573</ele>
        <time>2026-08-23T05:38:31+00:00</time>
      </trkpt>
      <trkpt lat="45.70135" lon="6.74146">
        <ele>1575</ele>
        <time>2026-08-23T05:38:34+00:00</time>
      </trkpt>
      <trkpt lat="45.70148" lon="6.74202">
        <ele>1576</ele>
        <time>2026-08-23T05:38:37+00:00</time>
      </trkpt>
      <trkpt lat="45.70159" lon="6.74232">
        <ele>1583</ele>
        <time>2026-08-23T05:38:40+00:00</time>
      </trkpt>
      <trkpt lat="45.7017" lon="6.74262">
        <ele>1588</ele>
        <time>2026-08-23T05:38:43+00:00</time>
      </trkpt>
      <trkpt lat="45.70179" lon="6.74296">
        <ele>1588</ele>
        <time>2026-08-23T05:38:46+00:00</time>
      </trkpt>
      <trkpt lat="45.70189" lon="6.74335">
        <ele>1593</ele>
        <time>2026-08-23T05:38:49+00:00</time>
      </trkpt>
      <trkpt lat="45.70206" lon="6.74373">
        <ele>1601</ele>
        <time>2026-08-23T05:38:52+00:00</time>
      </trkpt>
      <trkpt lat="45.70221" lon="6.74387">
        <ele>1606</ele>
        <time>2026-08-23T05:38:55+00:00</time>
      </trkpt>
      <trkpt lat="45.7023" lon="6.74403">
        <ele>1607</ele>
        <time>2026-08-23T05:38:58+00:00</time>
      </trkpt>
      <trkpt lat="45.7024" lon="6.7442">
        <ele>1607</ele>
        <time>2026-08-23T05:39:01+00:00</time>
      </trkpt>
      <trkpt lat="45.70249" lon="6.74425">
        <ele>1608</ele>
        <time>2026-08-23T05:39:04+00:00</time>
      </trkpt>
      <trkpt lat="45.70271" lon="6.74443">
        <ele>1610</ele>
        <time>2026-08-23T05:39:07+00:00</time>
      </trkpt>
      <trkpt lat="45.70309" lon="6.74473">
        <ele>1611</ele>
        <time>2026-08-23T05:39:10+00:00</time>
      </trkpt>
      <trkpt lat="45.70337" lon="6.74504">
        <ele>1614</ele>
        <time>2026-08-23T05:39:13+00:00</time>
      </trkpt>
      <trkpt lat="45.70353" lon="6.74534">
        <ele>1616</ele>
        <time>2026-08-23T05:39:16+00:00</time>
      </trkpt>
      <trkpt lat="45.70362" lon="6.74541">
        <ele>1617</ele>
        <time>2026-08-23T05:39:19+00:00</time>
      </trkpt>
      <trkpt lat="45.70374" lon="6.74574">
        <ele>1618</ele>
        <time>2026-08-23T05:39:22+00:00</time>
      </trkpt>
      <trkpt lat="45.70388" lon="6.74602">
        <ele>1622</ele>
        <time>2026-08-23T05:39:25+00:00</time>
      </trkpt>
      <trkpt lat="45.70409" lon="6.7463">
        <ele>1625</ele>
        <time>2026-08-23T05:39:28+00:00</time>
      </trkpt>
      <trkpt lat="45.70433" lon="6.74681">
        <ele>1629</ele>
        <time>2026-08-23T05:39:31+00:00</time>
      </trkpt>
      <trkpt lat="45.70444" lon="6.747">
        <ele>1629</ele>
        <time>2026-08-23T05:39:34+00:00</time>
      </trkpt>
      <trkpt lat="45.70456" lon="6.74717">
        <ele>1629</ele>
        <time>2026-08-23T05:39:37+00:00</time>
      </trkpt>
      <trkpt lat="45.70471" lon="6.74738">
        <ele>1631</ele>
        <time>2026-08-23T05:39:40+00:00</time>
      </trkpt>
      <trkpt lat="45.70487" lon="6.74757">
        <ele>1633</ele>
        <time>2026-08-23T05:39:43+00:00</time>
      </trkpt>
      <trkpt lat="45.70513" lon="6.74778">
        <ele>1636</ele>
        <time>2026-08-23T05:39:46+00:00</time>
      </trkpt>
      <trkpt lat="45.70522" lon="6.748">
        <ele>1635</ele>
        <time>2026-08-23T05:39:49+00:00</time>
      </trkpt>
      <trkpt lat="45.70534" lon="6.74819">
        <ele>1636</ele>
        <time>2026-08-23T05:39:52+00:00</time>
      </trkpt>
      <trkpt lat="45.70542" lon="6.74826">
        <ele>1635</ele>
        <time>2026-08-23T05:39:55+00:00</time>
      </trkpt>
      <trkpt lat="45.70576" lon="6.74846">
        <ele>1636</ele>
        <time>2026-08-23T05:39:58+00:00</time>
      </trkpt>
      <trkpt lat="45.70593" lon="6.74858">
        <ele>1637</ele>
        <time>2026-08-23T05:40:01+00:00</time>
      </trkpt>
      <trkpt lat="45.70606" lon="6.74866">
        <ele>1638</ele>
        <time>2026-08-23T05:40:04+00:00</time>
      </trkpt>
      <trkpt lat="45.70628" lon="6.74883">
        <ele>1638</ele>
        <time>2026-08-23T05:40:07+00:00</time>
      </trkpt>
      <trkpt lat="45.70646" lon="6.74909">
        <ele>1644</ele>
        <time>2026-08-23T05:40:10+00:00</time>
      </trkpt>
      <trkpt lat="45.70669" lon="6.74942">
        <ele>1646</ele>
        <time>2026-08-23T05:40:13+00:00</time>
      </trkpt>
      <trkpt lat="45.70679" lon="6.74965">
        <ele>1647</ele>
        <time>2026-08-23T05:40:16+00:00</time>
      </trkpt>
      <trkpt lat="45.70707" lon="6.75012">
        <ele>1653</ele>
        <time>2026-08-23T05:40:19+00:00</time>
      </trkpt>
      <trkpt lat="45.7071" lon="6.75026">
        <ele>1653</ele>
        <time>2026-08-23T05:40:22+00:00</time>
      </trkpt>
      <trkpt lat="45.70727" lon="6.75048">
        <ele>1656</ele>
        <time>2026-08-23T05:40:25+00:00</time>
      </trkpt>
      <trkpt lat="45.70749" lon="6.75077">
        <ele>1657</ele>
        <time>2026-08-23T05:40:28+00:00</time>
      </trkpt>
      <trkpt lat="45.70763" lon="6.75086">
        <ele>1659</ele>
        <time>2026-08-23T05:40:31+00:00</time>
      </trkpt>
      <trkpt lat="45.70775" lon="6.75103">
        <ele>1660</ele>
        <time>2026-08-23T05:40:34+00:00</time>
      </trkpt>
      <trkpt lat="45.70782" lon="6.7511">
        <ele>1663</ele>
        <time>2026-08-23T05:40:37+00:00</time>
      </trkpt>
      <trkpt lat="45.70793" lon="6.75116">
        <ele>1662</ele>
        <time>2026-08-23T05:40:40+00:00</time>
      </trkpt>
      <trkpt lat="45.70805" lon="6.75121">
        <ele>1662</ele>
        <time>2026-08-23T05:40:43+00:00</time>
      </trkpt>
      <trkpt lat="45.70818" lon="6.75133">
        <ele>1662</ele>
        <time>2026-08-23T05:40:46+00:00</time>
      </trkpt>
      <trkpt lat="45.70853" lon="6.75151">
        <ele>1665</ele>
        <time>2026-08-23T05:40:49+00:00</time>
      </trkpt>
      <trkpt lat="45.70886" lon="6.75167">
        <ele>1668</ele>
        <time>2026-08-23T05:40:52+00:00</time>
      </trkpt>
      <trkpt lat="45.70902" lon="6.75178">
        <ele>1668</ele>
        <time>2026-08-23T05:40:55+00:00</time>
      </trkpt>
      <trkpt lat="45.70918" lon="6.75192">
        <ele>1668</ele>
        <time>2026-08-23T05:40:58+00:00</time>
      </trkpt>
      <trkpt lat="45.7094" lon="6.75211">
        <ele>1671</ele>
        <time>2026-08-23T05:41:01+00:00</time>
      </trkpt>
      <trkpt lat="45.70972" lon="6.75243">
        <ele>1675</ele>
        <time>2026-08-23T05:41:04+00:00</time>
      </trkpt>
      <trkpt lat="45.70986" lon="6.75249">
        <ele>1677</ele>
        <time>2026-08-23T05:41:07+00:00</time>
      </trkpt>
      <trkpt lat="45.71001" lon="6.75254">
        <ele>1678</ele>
        <time>2026-08-23T05:41:10+00:00</time>
      </trkpt>
      <trkpt lat="45.71012" lon="6.75254">
        <ele>1680</ele>
        <time>2026-08-23T05:41:13+00:00</time>
      </trkpt>
      <trkpt lat="45.71025" lon="6.75261">
        <ele>1679</ele>
        <time>2026-08-23T05:41:16+00:00</time>
      </trkpt>
      <trkpt lat="45.71048" lon="6.75271">
        <ele>1680</ele>
        <time>2026-08-23T05:41:19+00:00</time>
      </trkpt>
      <trkpt lat="45.71073" lon="6.75282">
        <ele>1684</ele>
        <time>2026-08-23T05:41:22+00:00</time>
      </trkpt>
      <trkpt lat="45.71084" lon="6.75285">
        <ele>1686</ele>
        <time>2026-08-23T05:41:25+00:00</time>
      </trkpt>
      <trkpt lat="45.711" lon="6.75284">
        <ele>1686</ele>
        <time>2026-08-23T05:41:28+00:00</time>
      </trkpt>
      <trkpt lat="45.71116" lon="6.75284">
        <ele>1686</ele>
        <time>2026-08-23T05:41:31+00:00</time>
      </trkpt>
      <trkpt lat="45.71134" lon="6.75289">
        <ele>1692</ele>
        <time>2026-08-23T05:41:34+00:00</time>
      </trkpt>
      <trkpt lat="45.71154" lon="6.75294">
        <ele>1692</ele>
        <time>2026-08-23T05:41:37+00:00</time>
      </trkpt>
      <trkpt lat="45.71167" lon="6.75309">
        <ele>1691</ele>
        <time>2026-08-23T05:41:40+00:00</time>
      </trkpt>
      <trkpt lat="45.71183" lon="6.75326">
        <ele>1697</ele>
        <time>2026-08-23T05:41:43+00:00</time>
      </trkpt>
      <trkpt lat="45.71205" lon="6.7535">
        <ele>1698</ele>
        <time>2026-08-23T05:41:46+00:00</time>
      </trkpt>
      <trkpt lat="45.71235" lon="6.75374">
        <ele>1699</ele>
        <time>2026-08-23T05:41:49+00:00</time>
      </trkpt>
      <trkpt lat="45.71247" lon="6.75387">
        <ele>1703</ele>
        <time>2026-08-23T05:41:52+00:00</time>
      </trkpt>
      <trkpt lat="45.71259" lon="6.75404">
        <ele>1704</ele>
        <time>2026-08-23T05:41:55+00:00</time>
      </trkpt>
      <trkpt lat="45.71271" lon="6.75423">
        <ele>1706</ele>
        <time>2026-08-23T05:41:58+00:00</time>
      </trkpt>
      <trkpt lat="45.71292" lon="6.75448">
        <ele>1707</ele>
        <time>2026-08-23T05:42:01+00:00</time>
      </trkpt>
      <trkpt lat="45.71319" lon="6.75482">
        <ele>1708</ele>
        <time>2026-08-23T05:42:04+00:00</time>
      </trkpt>
      <trkpt lat="45.71351" lon="6.75508">
        <ele>1714</ele>
        <time>2026-08-23T05:42:07+00:00</time>
      </trkpt>
      <trkpt lat="45.71394" lon="6.7552">
        <ele>1722</ele>
        <time>2026-08-23T05:42:10+00:00</time>
      </trkpt>
      <trkpt lat="45.71409" lon="6.75522">
        <ele>1718</ele>
        <time>2026-08-23T05:42:13+00:00</time>
      </trkpt>
      <trkpt lat="45.71422" lon="6.7553">
        <ele>1722</ele>
        <time>2026-08-23T05:42:16+00:00</time>
      </trkpt>
      <trkpt lat="45.71453" lon="6.75554">
        <ele>1723</ele>
        <time>2026-08-23T05:42:19+00:00</time>
      </trkpt>
      <trkpt lat="45.71483" lon="6.75584">
        <ele>1732</ele>
        <time>2026-08-23T05:42:22+00:00</time>
      </trkpt>
      <trkpt lat="45.71511" lon="6.75608">
        <ele>1733</ele>
        <time>2026-08-23T05:42:25+00:00</time>
      </trkpt>
      <trkpt lat="45.7154" lon="6.75633">
        <ele>1734</ele>
        <time>2026-08-23T05:42:28+00:00</time>
      </trkpt>
      <trkpt lat="45.71578" lon="6.75666">
        <ele>1740</ele>
        <time>2026-08-23T05:42:31+00:00</time>
      </trkpt>
      <trkpt lat="45.71594" lon="6.75678">
        <ele>1744</ele>
        <time>2026-08-23T05:42:34+00:00</time>
      </trkpt>
      <trkpt lat="45.71608" lon="6.75692">
        <ele>1746</ele>
        <time>2026-08-23T05:42:37+00:00</time>
      </trkpt>
      <trkpt lat="45.71618" lon="6.75701">
        <ele>1747</ele>
        <time>2026-08-23T05:42:40+00:00</time>
      </trkpt>
      <trkpt lat="45.71631" lon="6.75708">
        <ele>1748</ele>
        <time>2026-08-23T05:42:43+00:00</time>
      </trkpt>
      <trkpt lat="45.71646" lon="6.75719">
        <ele>1754</ele>
        <time>2026-08-23T05:42:46+00:00</time>
      </trkpt>
      <trkpt lat="45.71659" lon="6.75729">
        <ele>1751</ele>
        <time>2026-08-23T05:42:49+00:00</time>
      </trkpt>
      <trkpt lat="45.71693" lon="6.75758">
        <ele>1754</ele>
        <time>2026-08-23T05:42:52+00:00</time>
      </trkpt>
      <trkpt lat="45.71708" lon="6.7577">
        <ele>1759</ele>
        <time>2026-08-23T05:42:55+00:00</time>
      </trkpt>
      <trkpt lat="45.71722" lon="6.75783">
        <ele>1758</ele>
        <time>2026-08-23T05:42:58+00:00</time>
      </trkpt>
      <trkpt lat="45.71739" lon="6.75799">
        <ele>1763</ele>
        <time>2026-08-23T05:43:01+00:00</time>
      </trkpt>
      <trkpt lat="45.71753" lon="6.75815">
        <ele>1765</ele>
        <time>2026-08-23T05:43:04+00:00</time>
      </trkpt>
      <trkpt lat="45.71766" lon="6.75826">
        <ele>1764</ele>
        <time>2026-08-23T05:43:07+00:00</time>
      </trkpt>
      <trkpt lat="45.71786" lon="6.75846">
        <ele>1765</ele>
        <time>2026-08-23T05:43:10+00:00</time>
      </trkpt>
      <trkpt lat="45.71809" lon="6.75869">
        <ele>1771</ele>
        <time>2026-08-23T05:43:13+00:00</time>
      </trkpt>
      <trkpt lat="45.71837" lon="6.75903">
        <ele>1772</ele>
        <time>2026-08-23T05:43:16+00:00</time>
      </trkpt>
      <trkpt lat="45.71869" lon="6.75932">
        <ele>1778</ele>
        <time>2026-08-23T05:43:19+00:00</time>
      </trkpt>
      <trkpt lat="45.71885" lon="6.75952">
        <ele>1781</ele>
        <time>2026-08-23T05:43:22+00:00</time>
      </trkpt>
      <trkpt lat="45.719" lon="6.75965">
        <ele>1780</ele>
        <time>2026-08-23T05:43:25+00:00</time>
      </trkpt>
      <trkpt lat="45.71913" lon="6.75984">
        <ele>1782</ele>
        <time>2026-08-23T05:43:28+00:00</time>
      </trkpt>
      <trkpt lat="45.71926" lon="6.75997">
        <ele>1785</ele>
        <time>2026-08-23T05:43:31+00:00</time>
      </trkpt>
      <trkpt lat="45.71941" lon="6.76021">
        <ele>1783</ele>
        <time>2026-08-23T05:43:34+00:00</time>
      </trkpt>
      <trkpt lat="45.71959" lon="6.76037">
        <ele>1784</ele>
        <time>2026-08-23T05:43:37+00:00</time>
      </trkpt>
      <trkpt lat="45.71991" lon="6.76074">
        <ele>1787</ele>
        <time>2026-08-23T05:43:40+00:00</time>
      </trkpt>
      <trkpt lat="45.72021" lon="6.76105">
        <ele>1791</ele>
        <time>2026-08-23T05:43:43+00:00</time>
      </trkpt>
      <trkpt lat="45.72041" lon="6.76123">
        <ele>1792</ele>
        <time>2026-08-23T05:43:46+00:00</time>
      </trkpt>
      <trkpt lat="45.72062" lon="6.76142">
        <ele>1793</ele>
        <time>2026-08-23T05:43:49+00:00</time>
      </trkpt>
      <trkpt lat="45.72097" lon="6.76165">
        <ele>1794</ele>
        <time>2026-08-23T05:43:52+00:00</time>
      </trkpt>
      <trkpt lat="45.72119" lon="6.76183">
        <ele>1793</ele>
        <time>2026-08-23T05:43:55+00:00</time>
      </trkpt>
      <trkpt lat="45.72145" lon="6.76205">
        <ele>1794</ele>
        <time>2026-08-23T05:43:58+00:00</time>
      </trkpt>
      <trkpt lat="45.72161" lon="6.76226">
        <ele>1794</ele>
        <time>2026-08-23T05:44:01+00:00</time>
      </trkpt>
      <trkpt lat="45.72179" lon="6.76252">
        <ele>1794</ele>
        <time>2026-08-23T05:44:04+00:00</time>
      </trkpt>
      <trkpt lat="45.72194" lon="6.76266">
        <ele>1795</ele>
        <time>2026-08-23T05:44:07+00:00</time>
      </trkpt>
      <trkpt lat="45.72208" lon="6.76289">
        <ele>1795</ele>
        <time>2026-08-23T05:44:10+00:00</time>
      </trkpt>
      <trkpt lat="45.72231" lon="6.76324">
        <ele>1799</ele>
        <time>2026-08-23T05:44:13+00:00</time>
      </trkpt>
      <trkpt lat="45.72246" lon="6.76343">
        <ele>1799</ele>
        <time>2026-08-23T05:44:16+00:00</time>
      </trkpt>
      <trkpt lat="45.72283" lon="6.76364">
        <ele>1800</ele>
        <time>2026-08-23T05:44:19+00:00</time>
      </trkpt>
      <trkpt lat="45.72316" lon="6.7639">
        <ele>1800</ele>
        <time>2026-08-23T05:44:22+00:00</time>
      </trkpt>
      <trkpt lat="45.72329" lon="6.76399">
        <ele>1799</ele>
        <time>2026-08-23T05:44:25+00:00</time>
      </trkpt>
      <trkpt lat="45.72343" lon="6.76414">
        <ele>1797</ele>
        <time>2026-08-23T05:44:28+00:00</time>
      </trkpt>
      <trkpt lat="45.72357" lon="6.76432">
        <ele>1796</ele>
        <time>2026-08-23T05:44:31+00:00</time>
      </trkpt>
      <trkpt lat="45.72371" lon="6.76455">
        <ele>1797</ele>
        <time>2026-08-23T05:44:34+00:00</time>
      </trkpt>
      <trkpt lat="45.7238" lon="6.76465">
        <ele>1794</ele>
        <time>2026-08-23T05:44:37+00:00</time>
      </trkpt>
      <trkpt lat="45.72404" lon="6.76496">
        <ele>1796</ele>
        <time>2026-08-23T05:44:40+00:00</time>
      </trkpt>
      <trkpt lat="45.72413" lon="6.76517">
        <ele>1795</ele>
        <time>2026-08-23T05:44:43+00:00</time>
      </trkpt>
      <trkpt lat="45.72428" lon="6.76521">
        <ele>1796</ele>
        <time>2026-08-23T05:44:46+00:00</time>
      </trkpt>
      <trkpt lat="45.72445" lon="6.76523">
        <ele>1796</ele>
        <time>2026-08-23T05:44:49+00:00</time>
      </trkpt>
      <trkpt lat="45.72455" lon="6.76517">
        <ele>1796</ele>
        <time>2026-08-23T05:44:52+00:00</time>
      </trkpt>
      <trkpt lat="45.72462" lon="6.76503">
        <ele>1795</ele>
        <time>2026-08-23T05:44:55+00:00</time>
      </trkpt>
      <trkpt lat="45.72472" lon="6.76489">
        <ele>1794</ele>
        <time>2026-08-23T05:44:58+00:00</time>
      </trkpt>
      <trkpt lat="45.72479" lon="6.76487">
        <ele>1797</ele>
        <time>2026-08-23T05:45:01+00:00</time>
      </trkpt>
      <trkpt lat="45.72484" lon="6.76477">
        <ele>1795</ele>
        <time>2026-08-23T05:45:04+00:00</time>
      </trkpt>
      <trkpt lat="45.72491" lon="6.76468">
        <ele>1792</ele>
        <time>2026-08-23T05:45:07+00:00</time>
      </trkpt>
      <trkpt lat="45.7252" lon="6.7647">
        <ele>1788</ele>
        <time>2026-08-23T05:45:10+00:00</time>
      </trkpt>
      <trkpt lat="45.72524" lon="6.76481">
        <ele>1788</ele>
        <time>2026-08-23T05:45:13+00:00</time>
      </trkpt>
      <trkpt lat="45.7252" lon="6.76509">
        <ele>1788</ele>
        <time>2026-08-23T05:45:16+00:00</time>
      </trkpt>
      <trkpt lat="45.72516" lon="6.7654">
        <ele>1789</ele>
        <time>2026-08-23T05:45:19+00:00</time>
      </trkpt>
      <trkpt lat="45.72532" lon="6.76568">
        <ele>1788</ele>
        <time>2026-08-23T05:45:22+00:00</time>
      </trkpt>
      <trkpt lat="45.72554" lon="6.76596">
        <ele>1788</ele>
        <time>2026-08-23T05:45:25+00:00</time>
      </trkpt>
      <trkpt lat="45.72573" lon="6.76618">
        <ele>1786</ele>
        <time>2026-08-23T05:45:28+00:00</time>
      </trkpt>
      <trkpt lat="45.72593" lon="6.76643">
        <ele>1784</ele>
        <time>2026-08-23T05:45:31+00:00</time>
      </trkpt>
      <trkpt lat="45.72607" lon="6.76663">
        <ele>1784</ele>
        <time>2026-08-23T05:45:34+00:00</time>
      </trkpt>
      <trkpt lat="45.72621" lon="6.76678">
        <ele>1783</ele>
        <time>2026-08-23T05:45:37+00:00</time>
      </trkpt>
      <trkpt lat="45.72631" lon="6.76685">
        <ele>1785</ele>
        <time>2026-08-23T05:45:40+00:00</time>
      </trkpt>
      <trkpt lat="45.72654" lon="6.76704">
        <ele>1785</ele>
        <time>2026-08-23T05:45:43+00:00</time>
      </trkpt>
      <trkpt lat="45.72684" lon="6.76729">
        <ele>1786</ele>
        <time>2026-08-23T05:45:46+00:00</time>
      </trkpt>
      <trkpt lat="45.72717" lon="6.76747">
        <ele>1788</ele>
        <time>2026-08-23T05:45:49+00:00</time>
      </trkpt>
      <trkpt lat="45.72728" lon="6.7675">
        <ele>1789</ele>
        <time>2026-08-23T05:45:52+00:00</time>
      </trkpt>
      <trkpt lat="45.72743" lon="6.7675">
        <ele>1786</ele>
        <time>2026-08-23T05:45:55+00:00</time>
      </trkpt>
      <trkpt lat="45.72747" lon="6.76769">
        <ele>1789</ele>
        <time>2026-08-23T05:45:58+00:00</time>
      </trkpt>
      <trkpt lat="45.72742" lon="6.76795">
        <ele>1784</ele>
        <time>2026-08-23T05:46:01+00:00</time>
      </trkpt>
      <trkpt lat="45.72734" lon="6.76828">
        <ele>1778</ele>
        <time>2026-08-23T05:46:04+00:00</time>
      </trkpt>
      <trkpt lat="45.72726" lon="6.76865">
        <ele>1775</ele>
        <time>2026-08-23T05:46:07+00:00</time>
      </trkpt>
      <trkpt lat="45.72725" lon="6.7689">
        <ele>1773</ele>
        <time>2026-08-23T05:46:10+00:00</time>
      </trkpt>
      <trkpt lat="45.72727" lon="6.76901">
        <ele>1774</ele>
        <time>2026-08-23T05:46:13+00:00</time>
      </trkpt>
      <trkpt lat="45.72739" lon="6.76905">
        <ele>1773</ele>
        <time>2026-08-23T05:46:16+00:00</time>
      </trkpt>
      <trkpt lat="45.72756" lon="6.76919">
        <ele>1774</ele>
        <time>2026-08-23T05:46:19+00:00</time>
      </trkpt>
      <trkpt lat="45.72775" lon="6.76936">
        <ele>1778</ele>
        <time>2026-08-23T05:46:22+00:00</time>
      </trkpt>
      <trkpt lat="45.72792" lon="6.76959">
        <ele>1780</ele>
        <time>2026-08-23T05:46:25+00:00</time>
      </trkpt>
      <trkpt lat="45.72803" lon="6.76964">
        <ele>1781</ele>
        <time>2026-08-23T05:46:28+00:00</time>
      </trkpt>
      <trkpt lat="45.72819" lon="6.7696">
        <ele>1781</ele>
        <time>2026-08-23T05:46:31+00:00</time>
      </trkpt>
      <trkpt lat="45.72836" lon="6.76973">
        <ele>1787</ele>
        <time>2026-08-23T05:46:34+00:00</time>
      </trkpt>
      <trkpt lat="45.72849" lon="6.76977">
        <ele>1786</ele>
        <time>2026-08-23T05:46:37+00:00</time>
      </trkpt>
      <trkpt lat="45.72865" lon="6.76979">
        <ele>1787</ele>
        <time>2026-08-23T05:46:40+00:00</time>
      </trkpt>
      <trkpt lat="45.72878" lon="6.76991">
        <ele>1792</ele>
        <time>2026-08-23T05:46:43+00:00</time>
      </trkpt>
      <trkpt lat="45.72896" lon="6.77017">
        <ele>1796</ele>
        <time>2026-08-23T05:46:46+00:00</time>
      </trkpt>
      <trkpt lat="45.72914" lon="6.77047">
        <ele>1798</ele>
        <time>2026-08-23T05:46:49+00:00</time>
      </trkpt>
      <trkpt lat="45.72923" lon="6.77058">
        <ele>1799</ele>
        <time>2026-08-23T05:46:52+00:00</time>
      </trkpt>
      <trkpt lat="45.72939" lon="6.77074">
        <ele>1801</ele>
        <time>2026-08-23T05:46:55+00:00</time>
      </trkpt>
      <trkpt lat="45.72967" lon="6.77106">
        <ele>1804</ele>
        <time>2026-08-23T05:46:58+00:00</time>
      </trkpt>
      <trkpt lat="45.72981" lon="6.77128">
        <ele>1806</ele>
        <time>2026-08-23T05:47:01+00:00</time>
      </trkpt>
      <trkpt lat="45.72997" lon="6.77145">
        <ele>1809</ele>
        <time>2026-08-23T05:47:04+00:00</time>
      </trkpt>
      <trkpt lat="45.73003" lon="6.77171">
        <ele>1811</ele>
        <time>2026-08-23T05:47:07+00:00</time>
      </trkpt>
      <trkpt lat="45.73004" lon="6.77203">
        <ele>1813</ele>
        <time>2026-08-23T05:47:10+00:00</time>
      </trkpt>
      <trkpt lat="45.73003" lon="6.77233">
        <ele>1816</ele>
        <time>2026-08-23T05:47:13+00:00</time>
      </trkpt>
      <trkpt lat="45.73006" lon="6.77252">
        <ele>1818</ele>
        <time>2026-08-23T05:47:16+00:00</time>
      </trkpt>
      <trkpt lat="45.73017" lon="6.7727">
        <ele>1818</ele>
        <time>2026-08-23T05:47:19+00:00</time>
      </trkpt>
      <trkpt lat="45.73028" lon="6.77293">
        <ele>1822</ele>
        <time>2026-08-23T05:47:22+00:00</time>
      </trkpt>
      <trkpt lat="45.73061" lon="6.77333">
        <ele>1826</ele>
        <time>2026-08-23T05:47:25+00:00</time>
      </trkpt>
      <trkpt lat="45.73075" lon="6.77346">
        <ele>1827</ele>
        <time>2026-08-23T05:47:28+00:00</time>
      </trkpt>
      <trkpt lat="45.73088" lon="6.7736">
        <ele>1828</ele>
        <time>2026-08-23T05:47:31+00:00</time>
      </trkpt>
      <trkpt lat="45.73104" lon="6.77391">
        <ele>1832</ele>
        <time>2026-08-23T05:47:34+00:00</time>
      </trkpt>
      <trkpt lat="45.73129" lon="6.7743">
        <ele>1835</ele>
        <time>2026-08-23T05:47:37+00:00</time>
      </trkpt>
      <trkpt lat="45.73142" lon="6.77453">
        <ele>1837</ele>
        <time>2026-08-23T05:47:40+00:00</time>
      </trkpt>
      <trkpt lat="45.73155" lon="6.77467">
        <ele>1837</ele>
        <time>2026-08-23T05:47:43+00:00</time>
      </trkpt>
      <trkpt lat="45.73168" lon="6.77477">
        <ele>1839</ele>
        <time>2026-08-23T05:47:46+00:00</time>
      </trkpt>
      <trkpt lat="45.73178" lon="6.77482">
        <ele>1842</ele>
        <time>2026-08-23T05:47:49+00:00</time>
      </trkpt>
      <trkpt lat="45.73193" lon="6.77488">
        <ele>1843</ele>
        <time>2026-08-23T05:47:52+00:00</time>
      </trkpt>
      <trkpt lat="45.73206" lon="6.77496">
        <ele>1844</ele>
        <time>2026-08-23T05:47:55+00:00</time>
      </trkpt>
      <trkpt lat="45.73222" lon="6.77512">
        <ele>1847</ele>
        <time>2026-08-23T05:47:58+00:00</time>
      </trkpt>
      <trkpt lat="45.73237" lon="6.77538">
        <ele>1849</ele>
        <time>2026-08-23T05:48:01+00:00</time>
      </trkpt>
      <trkpt lat="45.73253" lon="6.77563">
        <ele>1852</ele>
        <time>2026-08-23T05:48:04+00:00</time>
      </trkpt>
      <trkpt lat="45.73263" lon="6.77588">
        <ele>1854</ele>
        <time>2026-08-23T05:48:07+00:00</time>
      </trkpt>
      <trkpt lat="45.73265" lon="6.77599">
        <ele>1855</ele>
        <time>2026-08-23T05:48:10+00:00</time>
      </trkpt>
      <trkpt lat="45.73279" lon="6.77614">
        <ele>1856</ele>
        <time>2026-08-23T05:48:13+00:00</time>
      </trkpt>
      <trkpt lat="45.73295" lon="6.77639">
        <ele>1858</ele>
        <time>2026-08-23T05:48:16+00:00</time>
      </trkpt>
      <trkpt lat="45.73313" lon="6.77666">
        <ele>1859</ele>
        <time>2026-08-23T05:48:19+00:00</time>
      </trkpt>
      <trkpt lat="45.73327" lon="6.77681">
        <ele>1862</ele>
        <time>2026-08-23T05:48:22+00:00</time>
      </trkpt>
      <trkpt lat="45.73338" lon="6.77699">
        <ele>1862</ele>
        <time>2026-08-23T05:48:25+00:00</time>
      </trkpt>
      <trkpt lat="45.73347" lon="6.7771">
        <ele>1861</ele>
        <time>2026-08-23T05:48:28+00:00</time>
      </trkpt>
      <trkpt lat="45.73361" lon="6.77722">
        <ele>1864</ele>
        <time>2026-08-23T05:48:31+00:00</time>
      </trkpt>
      <trkpt lat="45.73376" lon="6.77723">
        <ele>1864</ele>
        <time>2026-08-23T05:48:34+00:00</time>
      </trkpt>
      <trkpt lat="45.73392" lon="6.77732">
        <ele>1866</ele>
        <time>2026-08-23T05:48:37+00:00</time>
      </trkpt>
      <trkpt lat="45.73406" lon="6.77738">
        <ele>1865</ele>
        <time>2026-08-23T05:48:40+00:00</time>
      </trkpt>
      <trkpt lat="45.73421" lon="6.77747">
        <ele>1867</ele>
        <time>2026-08-23T05:48:43+00:00</time>
      </trkpt>
      <trkpt lat="45.73435" lon="6.77748">
        <ele>1868</ele>
        <time>2026-08-23T05:48:46+00:00</time>
      </trkpt>
      <trkpt lat="45.73446" lon="6.77762">
        <ele>1870</ele>
        <time>2026-08-23T05:48:49+00:00</time>
      </trkpt>
      <trkpt lat="45.73464" lon="6.77775">
        <ele>1870</ele>
        <time>2026-08-23T05:48:52+00:00</time>
      </trkpt>
      <trkpt lat="45.73477" lon="6.77782">
        <ele>1872</ele>
        <time>2026-08-23T05:48:55+00:00</time>
      </trkpt>
      <trkpt lat="45.73487" lon="6.77792">
        <ele>1872</ele>
        <time>2026-08-23T05:48:58+00:00</time>
      </trkpt>
      <trkpt lat="45.73502" lon="6.77803">
        <ele>1873</ele>
        <time>2026-08-23T05:49:01+00:00</time>
      </trkpt>
      <trkpt lat="45.73504" lon="6.77826">
        <ele>1872</ele>
        <time>2026-08-23T05:49:04+00:00</time>
      </trkpt>
      <trkpt lat="45.73507" lon="6.7785">
        <ele>1872</ele>
        <time>2026-08-23T05:49:07+00:00</time>
      </trkpt>
      <trkpt lat="45.73521" lon="6.77849">
        <ele>1865</ele>
        <time>2026-08-23T05:49:10+00:00</time>
      </trkpt>
      <trkpt lat="45.73529" lon="6.77847">
        <ele>1870</ele>
        <time>2026-08-23T05:49:13+00:00</time>
      </trkpt>
      <trkpt lat="45.73539" lon="6.77836">
        <ele>1863</ele>
        <time>2026-08-23T05:49:16+00:00</time>
      </trkpt>
      <trkpt lat="45.73551" lon="6.77819">
        <ele>1870</ele>
        <time>2026-08-23T05:49:19+00:00</time>
      </trkpt>
      <trkpt lat="45.73578" lon="6.77817">
        <ele>1870</ele>
        <time>2026-08-23T05:49:22+00:00</time>
      </trkpt>
      <trkpt lat="45.73582" lon="6.77818">
        <ele>1869</ele>
        <time>2026-08-23T05:49:25+00:00</time>
      </trkpt>
      <trkpt lat="45.73584" lon="6.77839">
        <ele>1874</ele>
        <time>2026-08-23T05:49:28+00:00</time>
      </trkpt>
      <trkpt lat="45.73591" lon="6.77856">
        <ele>1876</ele>
        <time>2026-08-23T05:49:31+00:00</time>
      </trkpt>
      <trkpt lat="45.736" lon="6.77868">
        <ele>1878</ele>
        <time>2026-08-23T05:49:34+00:00</time>
      </trkpt>
      <trkpt lat="45.73602" lon="6.77876">
        <ele>1877</ele>
        <time>2026-08-23T05:49:37+00:00</time>
      </trkpt>
      <trkpt lat="45.73606" lon="6.77888">
        <ele>1879</ele>
        <time>2026-08-23T05:49:40+00:00</time>
      </trkpt>
      <trkpt lat="45.7361" lon="6.77894">
        <ele>1881</ele>
        <time>2026-08-23T05:49:43+00:00</time>
      </trkpt>
      <trkpt lat="45.73612" lon="6.77903">
        <ele>1882</ele>
        <time>2026-08-23T05:49:46+00:00</time>
      </trkpt>
      <trkpt lat="45.73617" lon="6.77936">
        <ele>1886</ele>
        <time>2026-08-23T05:49:49+00:00</time>
      </trkpt>
      <trkpt lat="45.73605" lon="6.77935">
        <ele>1889</ele>
        <time>2026-08-23T05:49:52+00:00</time>
      </trkpt>
      <trkpt lat="45.73592" lon="6.7793">
        <ele>1891</ele>
        <time>2026-08-23T05:49:55+00:00</time>
      </trkpt>
      <trkpt lat="45.73578" lon="6.77929">
        <ele>1896</ele>
        <time>2026-08-23T05:49:58+00:00</time>
      </trkpt>
      <trkpt lat="45.73571" lon="6.77924">
        <ele>1896</ele>
        <time>2026-08-23T05:50:01+00:00</time>
      </trkpt>
      <trkpt lat="45.73559" lon="6.77922">
        <ele>1899</ele>
        <time>2026-08-23T05:50:04+00:00</time>
      </trkpt>
      <trkpt lat="45.73547" lon="6.77918">
        <ele>1899</ele>
        <time>2026-08-23T05:50:07+00:00</time>
      </trkpt>
      <trkpt lat="45.73547" lon="6.77925">
        <ele>1900</ele>
        <time>2026-08-23T05:50:10+00:00</time>
      </trkpt>
      <trkpt lat="45.73554" lon="6.77932">
        <ele>1902</ele>
        <time>2026-08-23T05:50:13+00:00</time>
      </trkpt>
      <trkpt lat="45.73569" lon="6.77974">
        <ele>1909</ele>
        <time>2026-08-23T05:50:16+00:00</time>
      </trkpt>
      <trkpt lat="45.73581" lon="6.77997">
        <ele>1909</ele>
        <time>2026-08-23T05:50:19+00:00</time>
      </trkpt>
      <trkpt lat="45.73597" lon="6.78013">
        <ele>1913</ele>
        <time>2026-08-23T05:50:22+00:00</time>
      </trkpt>
      <trkpt lat="45.73602" lon="6.78019">
        <ele>1914</ele>
        <time>2026-08-23T05:50:25+00:00</time>
      </trkpt>
      <trkpt lat="45.73604" lon="6.78051">
        <ele>1918</ele>
        <time>2026-08-23T05:50:28+00:00</time>
      </trkpt>
      <trkpt lat="45.73611" lon="6.78065">
        <ele>1919</ele>
        <time>2026-08-23T05:50:31+00:00</time>
      </trkpt>
      <trkpt lat="45.73622" lon="6.78073">
        <ele>1920</ele>
        <time>2026-08-23T05:50:34+00:00</time>
      </trkpt>
      <trkpt lat="45.7363" lon="6.78089">
        <ele>1924</ele>
        <time>2026-08-23T05:50:37+00:00</time>
      </trkpt>
      <trkpt lat="45.73647" lon="6.78117">
        <ele>1927</ele>
        <time>2026-08-23T05:50:40+00:00</time>
      </trkpt>
      <trkpt lat="45.73659" lon="6.78133">
        <ele>1930</ele>
        <time>2026-08-23T05:50:43+00:00</time>
      </trkpt>
      <trkpt lat="45.73659" lon="6.78142">
        <ele>1934</ele>
        <time>2026-08-23T05:50:46+00:00</time>
      </trkpt>
      <trkpt lat="45.7363" lon="6.78141">
        <ele>1936</ele>
        <time>2026-08-23T05:50:49+00:00</time>
      </trkpt>
      <trkpt lat="45.73606" lon="6.78133">
        <ele>1938</ele>
        <time>2026-08-23T05:50:52+00:00</time>
      </trkpt>
      <trkpt lat="45.73578" lon="6.78129">
        <ele>1942</ele>
        <time>2026-08-23T05:50:55+00:00</time>
      </trkpt>
      <trkpt lat="45.73544" lon="6.78122">
        <ele>1949</ele>
        <time>2026-08-23T05:50:58+00:00</time>
      </trkpt>
      <trkpt lat="45.7353" lon="6.78118">
        <ele>1953</ele>
        <time>2026-08-23T05:51:01+00:00</time>
      </trkpt>
      <trkpt lat="45.73513" lon="6.78115">
        <ele>1955</ele>
        <time>2026-08-23T05:51:04+00:00</time>
      </trkpt>
      <trkpt lat="45.73499" lon="6.78125">
        <ele>1956</ele>
        <time>2026-08-23T05:51:07+00:00</time>
      </trkpt>
      <trkpt lat="45.735" lon="6.7813">
        <ele>1956</ele>
        <time>2026-08-23T05:51:10+00:00</time>
      </trkpt>
      <trkpt lat="45.73536" lon="6.7816">
        <ele>1964</ele>
        <time>2026-08-23T05:51:13+00:00</time>
      </trkpt>
      <trkpt lat="45.73571" lon="6.78193">
        <ele>1972</ele>
        <time>2026-08-23T05:51:16+00:00</time>
      </trkpt>
      <trkpt lat="45.73588" lon="6.78221">
        <ele>1980</ele>
        <time>2026-08-23T05:51:19+00:00</time>
      </trkpt>
      <trkpt lat="45.73575" lon="6.78212">
        <ele>1982</ele>
        <time>2026-08-23T05:51:22+00:00</time>
      </trkpt>
      <trkpt lat="45.73567" lon="6.78203">
        <ele>1981</ele>
        <time>2026-08-23T05:51:25+00:00</time>
      </trkpt>
      <trkpt lat="45.73552" lon="6.78201">
        <ele>1983</ele>
        <time>2026-08-23T05:51:28+00:00</time>
      </trkpt>
      <trkpt lat="45.73542" lon="6.78201">
        <ele>1985</ele>
        <time>2026-08-23T05:51:31+00:00</time>
      </trkpt>
      <trkpt lat="45.73514" lon="6.78207">
        <ele>1989</ele>
        <time>2026-08-23T05:51:34+00:00</time>
      </trkpt>
      <trkpt lat="45.73482" lon="6.782">
        <ele>1989</ele>
        <time>2026-08-23T05:51:37+00:00</time>
      </trkpt>
      <trkpt lat="45.73476" lon="6.78198">
        <ele>1991</ele>
        <time>2026-08-23T05:51:40+00:00</time>
      </trkpt>
      <trkpt lat="45.73471" lon="6.78199">
        <ele>1991</ele>
        <time>2026-08-23T05:51:43+00:00</time>
      </trkpt>
      <trkpt lat="45.73479" lon="6.78216">
        <ele>2002</ele>
        <time>2026-08-23T05:51:46+00:00</time>
      </trkpt>
      <trkpt lat="45.73466" lon="6.78216">
        <ele>1999</ele>
        <time>2026-08-23T05:51:49+00:00</time>
      </trkpt>
      <trkpt lat="45.7348" lon="6.78233">
        <ele>2009</ele>
        <time>2026-08-23T05:51:52+00:00</time>
      </trkpt>
      <trkpt lat="45.7347" lon="6.78236">
        <ele>2009</ele>
        <time>2026-08-23T05:51:55+00:00</time>
      </trkpt>
      <trkpt lat="45.73475" lon="6.78248">
        <ele>2011</ele>
        <time>2026-08-23T05:51:58+00:00</time>
      </trkpt>
      <trkpt lat="45.73489" lon="6.78252">
        <ele>2011</ele>
        <time>2026-08-23T05:52:01+00:00</time>
      </trkpt>
      <trkpt lat="45.73516" lon="6.78263">
        <ele>2020</ele>
        <time>2026-08-23T05:52:04+00:00</time>
      </trkpt>
      <trkpt lat="45.73497" lon="6.78268">
        <ele>2020</ele>
        <time>2026-08-23T05:52:07+00:00</time>
      </trkpt>
      <trkpt lat="45.73485" lon="6.78281">
        <ele>2025</ele>
        <time>2026-08-23T05:52:10+00:00</time>
      </trkpt>
      <trkpt lat="45.73475" lon="6.7828">
        <ele>2024</ele>
        <time>2026-08-23T05:52:13+00:00</time>
      </trkpt>
      <trkpt lat="45.73488" lon="6.78292">
        <ele>2028</ele>
        <time>2026-08-23T05:52:16+00:00</time>
      </trkpt>
      <trkpt lat="45.73486" lon="6.783">
        <ele>2028</ele>
        <time>2026-08-23T05:52:19+00:00</time>
      </trkpt>
      <trkpt lat="45.73479" lon="6.78299">
        <ele>2025</ele>
        <time>2026-08-23T05:52:22+00:00</time>
      </trkpt>
      <trkpt lat="45.73482" lon="6.78313">
        <ele>2036</ele>
        <time>2026-08-23T05:52:25+00:00</time>
      </trkpt>
      <trkpt lat="45.73483" lon="6.78327">
        <ele>2032</ele>
        <time>2026-08-23T05:52:28+00:00</time>
      </trkpt>
      <trkpt lat="45.73482" lon="6.78341">
        <ele>2041</ele>
        <time>2026-08-23T05:52:31+00:00</time>
      </trkpt>
      <trkpt lat="45.73484" lon="6.78361">
        <ele>2026</ele>
        <time>2026-08-23T05:52:34+00:00</time>
      </trkpt>
      <trkpt lat="45.73472" lon="6.78355">
        <ele>2026</ele>
        <time>2026-08-23T05:52:37+00:00</time>
      </trkpt>
      <trkpt lat="45.73469" lon="6.78372">
        <ele>2020</ele>
        <time>2026-08-23T05:52:40+00:00</time>
      </trkpt>
      <trkpt lat="45.73463" lon="6.78382">
        <ele>2020</ele>
        <time>2026-08-23T05:52:43+00:00</time>
      </trkpt>
      <trkpt lat="45.73457" lon="6.78387">
        <ele>2015</ele>
        <time>2026-08-23T05:52:46+00:00</time>
      </trkpt>
      <trkpt lat="45.73452" lon="6.78401">
        <ele>2017</ele>
        <time>2026-08-23T05:52:49+00:00</time>
      </trkpt>
      <trkpt lat="45.73435" lon="6.78407">
        <ele>2009</ele>
        <time>2026-08-23T05:52:52+00:00</time>
      </trkpt>
      <trkpt lat="45.73431" lon="6.78422">
        <ele>2014</ele>
        <time>2026-08-23T05:52:55+00:00</time>
      </trkpt>
      <trkpt lat="45.73411" lon="6.78454">
        <ele>2011</ele>
        <time>2026-08-23T05:52:58+00:00</time>
      </trkpt>
      <trkpt lat="45.73403" lon="6.78474">
        <ele>2006</ele>
        <time>2026-08-23T05:53:01+00:00</time>
      </trkpt>
      <trkpt lat="45.73396" lon="6.78475">
        <ele>2012</ele>
        <time>2026-08-23T05:53:04+00:00</time>
      </trkpt>
      <trkpt lat="45.73391" lon="6.78477">
        <ele>2008</ele>
        <time>2026-08-23T05:53:07+00:00</time>
      </trkpt>
      <trkpt lat="45.73391" lon="6.78468">
        <ele>2009</ele>
        <time>2026-08-23T05:53:10+00:00</time>
      </trkpt>
      <trkpt lat="45.7339" lon="6.78455">
        <ele>2014</ele>
        <time>2026-08-23T05:53:13+00:00</time>
      </trkpt>
      <trkpt lat="45.73378" lon="6.78443">
        <ele>2017</ele>
        <time>2026-08-23T05:53:16+00:00</time>
      </trkpt>
      <trkpt lat="45.7337" lon="6.78445">
        <ele>2021</ele>
        <time>2026-08-23T05:53:19+00:00</time>
      </trkpt>
      <trkpt lat="45.73363" lon="6.78448">
        <ele>2021</ele>
        <time>2026-08-23T05:53:22+00:00</time>
      </trkpt>
      <trkpt lat="45.73333" lon="6.78423">
        <ele>2028</ele>
        <time>2026-08-23T05:53:25+00:00</time>
      </trkpt>
      <trkpt lat="45.73319" lon="6.78405">
        <ele>2034</ele>
        <time>2026-08-23T05:53:28+00:00</time>
      </trkpt>
      <trkpt lat="45.73316" lon="6.78413">
        <ele>2035</ele>
        <time>2026-08-23T05:53:31+00:00</time>
      </trkpt>
      <trkpt lat="45.7331" lon="6.78409">
        <ele>2038</ele>
        <time>2026-08-23T05:53:34+00:00</time>
      </trkpt>
      <trkpt lat="45.73298" lon="6.7839">
        <ele>2046</ele>
        <time>2026-08-23T05:53:37+00:00</time>
      </trkpt>
      <trkpt lat="45.73294" lon="6.78393">
        <ele>2046</ele>
        <time>2026-08-23T05:53:40+00:00</time>
      </trkpt>
      <trkpt lat="45.73288" lon="6.78374">
        <ele>2048</ele>
        <time>2026-08-23T05:53:43+00:00</time>
      </trkpt>
      <trkpt lat="45.73286" lon="6.78328">
        <ele>2051</ele>
        <time>2026-08-23T05:53:46+00:00</time>
      </trkpt>
      <trkpt lat="45.73279" lon="6.78338">
        <ele>2055</ele>
        <time>2026-08-23T05:53:49+00:00</time>
      </trkpt>
      <trkpt lat="45.73259" lon="6.78334">
        <ele>2060</ele>
        <time>2026-08-23T05:53:52+00:00</time>
      </trkpt>
      <trkpt lat="45.73237" lon="6.78329">
        <ele>2069</ele>
        <time>2026-08-23T05:53:55+00:00</time>
      </trkpt>
      <trkpt lat="45.73229" lon="6.78322">
        <ele>2073</ele>
        <time>2026-08-23T05:53:58+00:00</time>
      </trkpt>
      <trkpt lat="45.73215" lon="6.78313">
        <ele>2071</ele>
        <time>2026-08-23T05:54:01+00:00</time>
      </trkpt>
      <trkpt lat="45.73205" lon="6.78305">
        <ele>2071</ele>
        <time>2026-08-23T05:54:04+00:00</time>
      </trkpt>
      <trkpt lat="45.73198" lon="6.78304">
        <ele>2075</ele>
        <time>2026-08-23T05:54:07+00:00</time>
      </trkpt>
      <trkpt lat="45.73194" lon="6.78295">
        <ele>2070</ele>
        <time>2026-08-23T05:54:10+00:00</time>
      </trkpt>
      <trkpt lat="45.73192" lon="6.78287">
        <ele>2070</ele>
        <time>2026-08-23T05:54:13+00:00</time>
      </trkpt>
      <trkpt lat="45.73181" lon="6.78274">
        <ele>2070</ele>
        <time>2026-08-23T05:54:16+00:00</time>
      </trkpt>
      <trkpt lat="45.73173" lon="6.78271">
        <ele>2075</ele>
        <time>2026-08-23T05:54:19+00:00</time>
      </trkpt>
      <trkpt lat="45.73166" lon="6.78275">
        <ele>2077</ele>
        <time>2026-08-23T05:54:22+00:00</time>
      </trkpt>
      <trkpt lat="45.73161" lon="6.78273">
        <ele>2073</ele>
        <time>2026-08-23T05:54:25+00:00</time>
      </trkpt>
      <trkpt lat="45.73149" lon="6.7826">
        <ele>2072</ele>
        <time>2026-08-23T05:54:28+00:00</time>
      </trkpt>
      <trkpt lat="45.73129" lon="6.78254">
        <ele>2076</ele>
        <time>2026-08-23T05:54:31+00:00</time>
      </trkpt>
      <trkpt lat="45.73103" lon="6.78246">
        <ele>2089</ele>
        <time>2026-08-23T05:54:34+00:00</time>
      </trkpt>
      <trkpt lat="45.73107" lon="6.78262">
        <ele>2100</ele>
        <time>2026-08-23T05:54:37+00:00</time>
      </trkpt>
      <trkpt lat="45.73102" lon="6.78261">
        <ele>2100</ele>
        <time>2026-08-23T05:54:40+00:00</time>
      </trkpt>
      <trkpt lat="45.73095" lon="6.78258">
        <ele>2100</ele>
        <time>2026-08-23T05:54:43+00:00</time>
      </trkpt>
      <trkpt lat="45.73091" lon="6.78259">
        <ele>2100</ele>
        <time>2026-08-23T05:54:46+00:00</time>
      </trkpt>
      <trkpt lat="45.73085" lon="6.78258">
        <ele>2105</ele>
        <time>2026-08-23T05:54:49+00:00</time>
      </trkpt>
      <trkpt lat="45.73081" lon="6.78252">
        <ele>2105</ele>
        <time>2026-08-23T05:54:52+00:00</time>
      </trkpt>
      <trkpt lat="45.73059" lon="6.78247">
        <ele>2107</ele>
        <time>2026-08-23T05:54:55+00:00</time>
      </trkpt>
      <trkpt lat="45.73053" lon="6.78242">
        <ele>2117</ele>
        <time>2026-08-23T05:54:58+00:00</time>
      </trkpt>
      <trkpt lat="45.7305" lon="6.7823">
        <ele>2119</ele>
        <time>2026-08-23T05:55:01+00:00</time>
      </trkpt>
      <trkpt lat="45.73053" lon="6.78216">
        <ele>2108</ele>
        <time>2026-08-23T05:55:04+00:00</time>
      </trkpt>
      <trkpt lat="45.73047" lon="6.78209">
        <ele>2114</ele>
        <time>2026-08-23T05:55:07+00:00</time>
      </trkpt>
      <trkpt lat="45.73033" lon="6.78198">
        <ele>2110</ele>
        <time>2026-08-23T05:55:10+00:00</time>
      </trkpt>
      <trkpt lat="45.73017" lon="6.78202">
        <ele>2110</ele>
        <time>2026-08-23T05:55:13+00:00</time>
      </trkpt>
      <trkpt lat="45.73005" lon="6.78209">
        <ele>2112</ele>
        <time>2026-08-23T05:55:16+00:00</time>
      </trkpt>
      <trkpt lat="45.73001" lon="6.78203">
        <ele>2112</ele>
        <time>2026-08-23T05:55:19+00:00</time>
      </trkpt>
      <trkpt lat="45.72998" lon="6.78197">
        <ele>2121</ele>
        <time>2026-08-23T05:55:22+00:00</time>
      </trkpt>
      <trkpt lat="45.72995" lon="6.78187">
        <ele>2121</ele>
        <time>2026-08-23T05:55:25+00:00</time>
      </trkpt>
      <trkpt lat="45.72993" lon="6.78158">
        <ele>2118</ele>
        <time>2026-08-23T05:55:28+00:00</time>
      </trkpt>
      <trkpt lat="45.72974" lon="6.78149">
        <ele>2124</ele>
        <time>2026-08-23T05:55:31+00:00</time>
      </trkpt>
      <trkpt lat="45.7296" lon="6.78147">
        <ele>2129</ele>
        <time>2026-08-23T05:55:34+00:00</time>
      </trkpt>
      <trkpt lat="45.72946" lon="6.78152">
        <ele>2133</ele>
        <time>2026-08-23T05:55:37+00:00</time>
      </trkpt>
      <trkpt lat="45.72947" lon="6.78165">
        <ele>2135</ele>
        <time>2026-08-23T05:55:40+00:00</time>
      </trkpt>
      <trkpt lat="45.72938" lon="6.78162">
        <ele>2141</ele>
        <time>2026-08-23T05:55:43+00:00</time>
      </trkpt>
      <trkpt lat="45.72924" lon="6.78156">
        <ele>2141</ele>
        <time>2026-08-23T05:55:46+00:00</time>
      </trkpt>
      <trkpt lat="45.72914" lon="6.78159">
        <ele>2144</ele>
        <time>2026-08-23T05:55:49+00:00</time>
      </trkpt>
      <trkpt lat="45.72902" lon="6.78152">
        <ele>2148</ele>
        <time>2026-08-23T05:55:52+00:00</time>
      </trkpt>
      <trkpt lat="45.72888" lon="6.78155">
        <ele>2152</ele>
        <time>2026-08-23T05:55:55+00:00</time>
      </trkpt>
      <trkpt lat="45.72877" lon="6.78156">
        <ele>2156</ele>
        <time>2026-08-23T05:55:58+00:00</time>
      </trkpt>
      <trkpt lat="45.72862" lon="6.78156">
        <ele>2158</ele>
        <time>2026-08-23T05:56:01+00:00</time>
      </trkpt>
      <trkpt lat="45.72845" lon="6.78155">
        <ele>2164</ele>
        <time>2026-08-23T05:56:04+00:00</time>
      </trkpt>
      <trkpt lat="45.72831" lon="6.78149">
        <ele>2164</ele>
        <time>2026-08-23T05:56:07+00:00</time>
      </trkpt>
      <trkpt lat="45.72823" lon="6.78151">
        <ele>2170</ele>
        <time>2026-08-23T05:56:10+00:00</time>
      </trkpt>
      <trkpt lat="45.72814" lon="6.78148">
        <ele>2171</ele>
        <time>2026-08-23T05:56:13+00:00</time>
      </trkpt>
      <trkpt lat="45.72806" lon="6.78156">
        <ele>2174</ele>
        <time>2026-08-23T05:56:16+00:00</time>
      </trkpt>
      <trkpt lat="45.72783" lon="6.78159">
        <ele>2175</ele>
        <time>2026-08-23T05:56:19+00:00</time>
      </trkpt>
      <trkpt lat="45.72768" lon="6.78163">
        <ele>2180</ele>
        <time>2026-08-23T05:56:22+00:00</time>
      </trkpt>
      <trkpt lat="45.72759" lon="6.78164">
        <ele>2184</ele>
        <time>2026-08-23T05:56:25+00:00</time>
      </trkpt>
      <trkpt lat="45.72756" lon="6.78168">
        <ele>2184</ele>
        <time>2026-08-23T05:56:28+00:00</time>
      </trkpt>
      <trkpt lat="45.72749" lon="6.78166">
        <ele>2186</ele>
        <time>2026-08-23T05:56:31+00:00</time>
      </trkpt>
      <trkpt lat="45.72732" lon="6.78165">
        <ele>2188</ele>
        <time>2026-08-23T05:56:34+00:00</time>
      </trkpt>
      <trkpt lat="45.72726" lon="6.78168">
        <ele>2190</ele>
        <time>2026-08-23T05:56:37+00:00</time>
      </trkpt>
      <trkpt lat="45.72701" lon="6.7817">
        <ele>2193</ele>
        <time>2026-08-23T05:56:40+00:00</time>
      </trkpt>
      <trkpt lat="45.72694" lon="6.78178">
        <ele>2198</ele>
        <time>2026-08-23T05:56:43+00:00</time>
      </trkpt>
      <trkpt lat="45.72672" lon="6.78185">
        <ele>2202</ele>
        <time>2026-08-23T05:56:46+00:00</time>
      </trkpt>
      <trkpt lat="45.72643" lon="6.78191">
        <ele>2209</ele>
        <time>2026-08-23T05:56:49+00:00</time>
      </trkpt>
      <trkpt lat="45.72632" lon="6.78195">
        <ele>2210</ele>
        <time>2026-08-23T05:56:52+00:00</time>
      </trkpt>
      <trkpt lat="45.72613" lon="6.78196">
        <ele>2215</ele>
        <time>2026-08-23T05:56:55+00:00</time>
      </trkpt>
      <trkpt lat="45.72597" lon="6.78212">
        <ele>2223</ele>
        <time>2026-08-23T05:56:58+00:00</time>
      </trkpt>
      <trkpt lat="45.72566" lon="6.78237">
        <ele>2234</ele>
        <time>2026-08-23T05:57:01+00:00</time>
      </trkpt>
      <trkpt lat="45.72578" lon="6.78252">
        <ele>2236</ele>
        <time>2026-08-23T05:57:04+00:00</time>
      </trkpt>
      <trkpt lat="45.72587" lon="6.78259">
        <ele>2237</ele>
        <time>2026-08-23T05:57:07+00:00</time>
      </trkpt>
      <trkpt lat="45.72572" lon="6.78279">
        <ele>2245</ele>
        <time>2026-08-23T05:57:10+00:00</time>
      </trkpt>
      <trkpt lat="45.72549" lon="6.78297">
        <ele>2255</ele>
        <time>2026-08-23T05:57:13+00:00</time>
      </trkpt>
      <trkpt lat="45.72538" lon="6.78311">
        <ele>2262</ele>
        <time>2026-08-23T05:57:16+00:00</time>
      </trkpt>
      <trkpt lat="45.72522" lon="6.78319">
        <ele>2263</ele>
        <time>2026-08-23T05:57:19+00:00</time>
      </trkpt>
      <trkpt lat="45.72506" lon="6.78328">
        <ele>2270</ele>
        <time>2026-08-23T05:57:22+00:00</time>
      </trkpt>
      <trkpt lat="45.7252" lon="6.78346">
        <ele>2278</ele>
        <time>2026-08-23T05:57:25+00:00</time>
      </trkpt>
      <trkpt lat="45.7253" lon="6.78349">
        <ele>2278</ele>
        <time>2026-08-23T05:57:28+00:00</time>
      </trkpt>
      <trkpt lat="45.72537" lon="6.78366">
        <ele>2287</ele>
        <time>2026-08-23T05:57:31+00:00</time>
      </trkpt>
      <trkpt lat="45.72514" lon="6.78385">
        <ele>2294</ele>
        <time>2026-08-23T05:57:34+00:00</time>
      </trkpt>
      <trkpt lat="45.72503" lon="6.78398">
        <ele>2299</ele>
        <time>2026-08-23T05:57:37+00:00</time>
      </trkpt>
      <trkpt lat="45.72498" lon="6.78403">
        <ele>2297</ele>
        <time>2026-08-23T05:57:40+00:00</time>
      </trkpt>
      <trkpt lat="45.72491" lon="6.78425">
        <ele>2301</ele>
        <time>2026-08-23T05:57:43+00:00</time>
      </trkpt>
      <trkpt lat="45.72481" lon="6.78425">
        <ele>2301</ele>
        <time>2026-08-23T05:57:46+00:00</time>
      </trkpt>
      <trkpt lat="45.72466" lon="6.78423">
        <ele>2304</ele>
        <time>2026-08-23T05:57:49+00:00</time>
      </trkpt>
      <trkpt lat="45.72461" lon="6.78429">
        <ele>2302</ele>
        <time>2026-08-23T05:57:52+00:00</time>
      </trkpt>
      <trkpt lat="45.72455" lon="6.78432">
        <ele>2306</ele>
        <time>2026-08-23T05:57:55+00:00</time>
      </trkpt>
      <trkpt lat="45.72445" lon="6.78432">
        <ele>2308</ele>
        <time>2026-08-23T05:57:58+00:00</time>
      </trkpt>
      <trkpt lat="45.7244" lon="6.78431">
        <ele>2303</ele>
        <time>2026-08-23T05:58:01+00:00</time>
      </trkpt>
      <trkpt lat="45.72431" lon="6.78436">
        <ele>2303</ele>
        <time>2026-08-23T05:58:04+00:00</time>
      </trkpt>
      <trkpt lat="45.72413" lon="6.78449">
        <ele>2304</ele>
        <time>2026-08-23T05:58:07+00:00</time>
      </trkpt>
      <trkpt lat="45.72409" lon="6.78444">
        <ele>2307</ele>
        <time>2026-08-23T05:58:10+00:00</time>
      </trkpt>
      <trkpt lat="45.72401" lon="6.78437">
        <ele>2303</ele>
        <time>2026-08-23T05:58:13+00:00</time>
      </trkpt>
      <trkpt lat="45.72391" lon="6.78435">
        <ele>2304</ele>
        <time>2026-08-23T05:58:16+00:00</time>
      </trkpt>
      <trkpt lat="45.72383" lon="6.78432">
        <ele>2312</ele>
        <time>2026-08-23T05:58:19+00:00</time>
      </trkpt>
      <trkpt lat="45.72372" lon="6.78403">
        <ele>2319</ele>
        <time>2026-08-23T05:58:22+00:00</time>
      </trkpt>
      <trkpt lat="45.72362" lon="6.78391">
        <ele>2322</ele>
        <time>2026-08-23T05:58:25+00:00</time>
      </trkpt>
      <trkpt lat="45.72353" lon="6.78383">
        <ele>2324</ele>
        <time>2026-08-23T05:58:28+00:00</time>
      </trkpt>
      <trkpt lat="45.72339" lon="6.78377">
        <ele>2331</ele>
        <time>2026-08-23T05:58:31+00:00</time>
      </trkpt>
      <trkpt lat="45.72324" lon="6.78367">
        <ele>2337</ele>
        <time>2026-08-23T05:58:34+00:00</time>
      </trkpt>
      <trkpt lat="45.72309" lon="6.78357">
        <ele>2340</ele>
        <time>2026-08-23T05:58:37+00:00</time>
      </trkpt>
      <trkpt lat="45.72299" lon="6.78355">
        <ele>2345</ele>
        <time>2026-08-23T05:58:40+00:00</time>
      </trkpt>
      <trkpt lat="45.72291" lon="6.78351">
        <ele>2345</ele>
        <time>2026-08-23T05:58:43+00:00</time>
      </trkpt>
      <trkpt lat="45.72287" lon="6.78353">
        <ele>2350</ele>
        <time>2026-08-23T05:58:46+00:00</time>
      </trkpt>
      <trkpt lat="45.72289" lon="6.78366">
        <ele>2353</ele>
        <time>2026-08-23T05:58:49+00:00</time>
      </trkpt>
      <trkpt lat="45.72296" lon="6.78375">
        <ele>2350</ele>
        <time>2026-08-23T05:58:52+00:00</time>
      </trkpt>
      <trkpt lat="45.723" lon="6.78383">
        <ele>2354</ele>
        <time>2026-08-23T05:58:55+00:00</time>
      </trkpt>
      <trkpt lat="45.72303" lon="6.78405">
        <ele>2362</ele>
        <time>2026-08-23T05:58:58+00:00</time>
      </trkpt>
      <trkpt lat="45.72281" lon="6.78393">
        <ele>2367</ele>
        <time>2026-08-23T05:59:01+00:00</time>
      </trkpt>
      <trkpt lat="45.72271" lon="6.78391">
        <ele>2371</ele>
        <time>2026-08-23T05:59:04+00:00</time>
      </trkpt>
      <trkpt lat="45.72262" lon="6.78373">
        <ele>2376</ele>
        <time>2026-08-23T05:59:07+00:00</time>
      </trkpt>
      <trkpt lat="45.7226" lon="6.7839">
        <ele>2387</ele>
        <time>2026-08-23T05:59:10+00:00</time>
      </trkpt>
      <trkpt lat="45.72249" lon="6.78371">
        <ele>2389</ele>
        <time>2026-08-23T05:59:13+00:00</time>
      </trkpt>
      <trkpt lat="45.72238" lon="6.78359">
        <ele>2387</ele>
        <time>2026-08-23T05:59:16+00:00</time>
      </trkpt>
      <trkpt lat="45.72241" lon="6.78373">
        <ele>2389</ele>
        <time>2026-08-23T05:59:19+00:00</time>
      </trkpt>
      <trkpt lat="45.72231" lon="6.78367">
        <ele>2390</ele>
        <time>2026-08-23T05:59:22+00:00</time>
      </trkpt>
      <trkpt lat="45.72226" lon="6.78365">
        <ele>2395</ele>
        <time>2026-08-23T05:59:25+00:00</time>
      </trkpt>
      <trkpt lat="45.72225" lon="6.78396">
        <ele>2406</ele>
        <time>2026-08-23T05:59:28+00:00</time>
      </trkpt>
      <trkpt lat="45.72223" lon="6.7841">
        <ele>2408</ele>
        <time>2026-08-23T05:59:31+00:00</time>
      </trkpt>
      <trkpt lat="45.7222" lon="6.7841">
        <ele>2412</ele>
        <time>2026-08-23T05:59:34+00:00</time>
      </trkpt>
      <trkpt lat="45.72222" lon="6.78434">
        <ele>2415</ele>
        <time>2026-08-23T05:59:37+00:00</time>
      </trkpt>
      <trkpt lat="45.72224" lon="6.78459">
        <ele>2419</ele>
        <time>2026-08-23T05:59:40+00:00</time>
      </trkpt>
      <trkpt lat="45.72231" lon="6.78469">
        <ele>2419</ele>
        <time>2026-08-23T05:59:43+00:00</time>
      </trkpt>
      <trkpt lat="45.72223" lon="6.78472">
        <ele>2426</ele>
        <time>2026-08-23T05:59:46+00:00</time>
      </trkpt>
      <trkpt lat="45.7221" lon="6.78473">
        <ele>2439</ele>
        <time>2026-08-23T05:59:49+00:00</time>
      </trkpt>
      <trkpt lat="45.72217" lon="6.78489">
        <ele>2434</ele>
        <time>2026-08-23T05:59:52+00:00</time>
      </trkpt>
      <trkpt lat="45.72209" lon="6.78491">
        <ele>2445</ele>
        <time>2026-08-23T05:59:55+00:00</time>
      </trkpt>
      <trkpt lat="45.72194" lon="6.78491">
        <ele>2448</ele>
        <time>2026-08-23T05:59:58+00:00</time>
      </trkpt>
      <trkpt lat="45.72196" lon="6.78504">
        <ele>2450</ele>
        <time>2026-08-23T06:00:01+00:00</time>
      </trkpt>
      <trkpt lat="45.72193" lon="6.78531">
        <ele>2459</ele>
        <time>2026-08-23T06:00:04+00:00</time>
      </trkpt>
      <trkpt lat="45.7219" lon="6.7855">
        <ele>2463</ele>
        <time>2026-08-23T06:00:07+00:00</time>
      </trkpt>
      <trkpt lat="45.72193" lon="6.78561">
        <ele>2463</ele>
        <time>2026-08-23T06:00:10+00:00</time>
      </trkpt>
      <trkpt lat="45.72195" lon="6.78565">
        <ele>2463</ele>
        <time>2026-08-23T06:00:13+00:00</time>
      </trkpt>
      <trkpt lat="45.72192" lon="6.78587">
        <ele>2466</ele>
        <time>2026-08-23T06:00:16+00:00</time>
      </trkpt>
      <trkpt lat="45.72193" lon="6.78617">
        <ele>2469</ele>
        <time>2026-08-23T06:00:19+00:00</time>
      </trkpt>
      <trkpt lat="45.72194" lon="6.78628">
        <ele>2470</ele>
        <time>2026-08-23T06:00:22+00:00</time>
      </trkpt>
      <trkpt lat="45.72194" lon="6.78665">
        <ele>2481</ele>
        <time>2026-08-23T06:00:25+00:00</time>
      </trkpt>
      <trkpt lat="45.72196" lon="6.78678">
        <ele>2484</ele>
        <time>2026-08-23T06:00:28+00:00</time>
      </trkpt>
      <trkpt lat="45.72199" lon="6.78692">
        <ele>2495</ele>
        <time>2026-08-23T06:00:31+00:00</time>
      </trkpt>
      <trkpt lat="45.72202" lon="6.78699">
        <ele>2490</ele>
        <time>2026-08-23T06:00:34+00:00</time>
      </trkpt>
      <trkpt lat="45.72203" lon="6.78712">
        <ele>2496</ele>
        <time>2026-08-23T06:00:37+00:00</time>
      </trkpt>
      <trkpt lat="45.72202" lon="6.78718">
        <ele>2496</ele>
        <time>2026-08-23T06:00:40+00:00</time>
      </trkpt>
      <trkpt lat="45.722" lon="6.78722">
        <ele>2505</ele>
        <time>2026-08-23T06:00:43+00:00</time>
      </trkpt>
      <trkpt lat="45.72199" lon="6.78727">
        <ele>2505</ele>
        <time>2026-08-23T06:00:46+00:00</time>
      </trkpt>
      <trkpt lat="45.72194" lon="6.78733">
        <ele>2507</ele>
        <time>2026-08-23T06:00:49+00:00</time>
      </trkpt>
      <trkpt lat="45.72194" lon="6.7874">
        <ele>2507</ele>
        <time>2026-08-23T06:00:52+00:00</time>
      </trkpt>
      <trkpt lat="45.72197" lon="6.78747">
        <ele>2510</ele>
        <time>2026-08-23T06:00:55+00:00</time>
      </trkpt>
      <trkpt lat="45.72205" lon="6.7875">
        <ele>2506</ele>
        <time>2026-08-23T06:00:58+00:00</time>
      </trkpt>
      <trkpt lat="45.72213" lon="6.78747">
        <ele>2508</ele>
        <time>2026-08-23T06:01:01+00:00</time>
      </trkpt>
      <trkpt lat="45.72211" lon="6.78759">
        <ele>2516</ele>
        <time>2026-08-23T06:01:04+00:00</time>
      </trkpt>
      <trkpt lat="45.72202" lon="6.78774">
        <ele>2522</ele>
        <time>2026-08-23T06:01:07+00:00</time>
      </trkpt>
      <trkpt lat="45.72198" lon="6.78775">
        <ele>2523</ele>
        <time>2026-08-23T06:01:10+00:00</time>
      </trkpt>
      <trkpt lat="45.72191" lon="6.78782">
        <ele>2527</ele>
        <time>2026-08-23T06:01:13+00:00</time>
      </trkpt>
      <trkpt lat="45.72187" lon="6.78784">
        <ele>2528</ele>
        <time>2026-08-23T06:01:16+00:00</time>
      </trkpt>
      <trkpt lat="45.72184" lon="6.78789">
        <ele>2528</ele>
        <time>2026-08-23T06:01:19+00:00</time>
      </trkpt>
      <trkpt lat="45.7218" lon="6.78792">
        <ele>2534</ele>
        <time>2026-08-23T06:01:22+00:00</time>
      </trkpt>
      <trkpt lat="45.72181" lon="6.78797">
        <ele>2531</ele>
        <time>2026-08-23T06:01:25+00:00</time>
      </trkpt>
      <trkpt lat="45.72186" lon="6.78803">
        <ele>2535</ele>
        <time>2026-08-23T06:01:28+00:00</time>
      </trkpt>
      <trkpt lat="45.72188" lon="6.78808">
        <ele>2535</ele>
        <time>2026-08-23T06:01:31+00:00</time>
      </trkpt>
      <trkpt lat="45.72193" lon="6.78811">
        <ele>2541</ele>
        <time>2026-08-23T06:01:34+00:00</time>
      </trkpt>
      <trkpt lat="45.72189" lon="6.78829">
        <ele>2545</ele>
        <time>2026-08-23T06:01:37+00:00</time>
      </trkpt>
      <trkpt lat="45.72187" lon="6.78844">
        <ele>2552</ele>
        <time>2026-08-23T06:01:40+00:00</time>
      </trkpt>
      <trkpt lat="45.72182" lon="6.78849">
        <ele>2552</ele>
        <time>2026-08-23T06:01:43+00:00</time>
      </trkpt>
      <trkpt lat="45.72179" lon="6.78853">
        <ele>2557</ele>
        <time>2026-08-23T06:01:46+00:00</time>
      </trkpt>
      <trkpt lat="45.72175" lon="6.78855">
        <ele>2557</ele>
        <time>2026-08-23T06:01:49+00:00</time>
      </trkpt>
      <trkpt lat="45.72172" lon="6.7886">
        <ele>2557</ele>
        <time>2026-08-23T06:01:52+00:00</time>
      </trkpt>
      <trkpt lat="45.72163" lon="6.78864">
        <ele>2563</ele>
        <time>2026-08-23T06:01:55+00:00</time>
      </trkpt>
      <trkpt lat="45.72157" lon="6.78874">
        <ele>2572</ele>
        <time>2026-08-23T06:01:58+00:00</time>
      </trkpt>
      <trkpt lat="45.72149" lon="6.78876">
        <ele>2580</ele>
        <time>2026-08-23T06:02:01+00:00</time>
      </trkpt>
      <trkpt lat="45.72141" lon="6.78876">
        <ele>2580</ele>
        <time>2026-08-23T06:02:04+00:00</time>
      </trkpt>
      <trkpt lat="45.72134" lon="6.78885">
        <ele>2587</ele>
        <time>2026-08-23T06:02:07+00:00</time>
      </trkpt>
      <trkpt lat="45.72131" lon="6.78891">
        <ele>2590</ele>
        <time>2026-08-23T06:02:10+00:00</time>
      </trkpt>
      <trkpt lat="45.72128" lon="6.789">
        <ele>2596</ele>
        <time>2026-08-23T06:02:13+00:00</time>
      </trkpt>
      <trkpt lat="45.72122" lon="6.78901">
        <ele>2599</ele>
        <time>2026-08-23T06:02:16+00:00</time>
      </trkpt>
      <trkpt lat="45.72123" lon="6.78912">
        <ele>2602</ele>
        <time>2026-08-23T06:02:19+00:00</time>
      </trkpt>
      <trkpt lat="45.72117" lon="6.78913">
        <ele>2612</ele>
        <time>2026-08-23T06:02:22+00:00</time>
      </trkpt>
      <trkpt lat="45.7212" lon="6.78929">
        <ele>2613</ele>
        <time>2026-08-23T06:02:25+00:00</time>
      </trkpt>
      <trkpt lat="45.72121" lon="6.78946">
        <ele>2603</ele>
        <time>2026-08-23T06:02:28+00:00</time>
      </trkpt>
      <trkpt lat="45.72112" lon="6.78957">
        <ele>2607</ele>
        <time>2026-08-23T06:02:31+00:00</time>
      </trkpt>
      <trkpt lat="45.72102" lon="6.78964">
        <ele>2600</ele>
        <time>2026-08-23T06:02:34+00:00</time>
      </trkpt>
      <trkpt lat="45.72085" lon="6.78997">
        <ele>2597</ele>
        <time>2026-08-23T06:02:37+00:00</time>
      </trkpt>
      <trkpt lat="45.7205" lon="6.79003">
        <ele>2589</ele>
        <time>2026-08-23T06:02:40+00:00</time>
      </trkpt>
      <trkpt lat="45.72031" lon="6.79027">
        <ele>2587</ele>
        <time>2026-08-23T06:02:43+00:00</time>
      </trkpt>
      <trkpt lat="45.72009" lon="6.79056">
        <ele>2585</ele>
        <time>2026-08-23T06:02:46+00:00</time>
      </trkpt>
      <trkpt lat="45.71986" lon="6.79068">
        <ele>2581</ele>
        <time>2026-08-23T06:02:49+00:00</time>
      </trkpt>
      <trkpt lat="45.71961" lon="6.79079">
        <ele>2578</ele>
        <time>2026-08-23T06:02:52+00:00</time>
      </trkpt>
      <trkpt lat="45.71934" lon="6.79072">
        <ele>2572</ele>
        <time>2026-08-23T06:02:55+00:00</time>
      </trkpt>
      <trkpt lat="45.71921" lon="6.79077">
        <ele>2571</ele>
        <time>2026-08-23T06:02:58+00:00</time>
      </trkpt>
      <trkpt lat="45.71911" lon="6.79099">
        <ele>2570</ele>
        <time>2026-08-23T06:03:01+00:00</time>
      </trkpt>
      <trkpt lat="45.7187" lon="6.79102">
        <ele>2560</ele>
        <time>2026-08-23T06:03:04+00:00</time>
      </trkpt>
      <trkpt lat="45.71848" lon="6.7908">
        <ele>2553</ele>
        <time>2026-08-23T06:03:07+00:00</time>
      </trkpt>
      <trkpt lat="45.71815" lon="6.79056">
        <ele>2548</ele>
        <time>2026-08-23T06:03:10+00:00</time>
      </trkpt>
      <trkpt lat="45.71787" lon="6.79073">
        <ele>2541</ele>
        <time>2026-08-23T06:03:13+00:00</time>
      </trkpt>
      <trkpt lat="45.71763" lon="6.79086">
        <ele>2538</ele>
        <time>2026-08-23T06:03:16+00:00</time>
      </trkpt>
      <trkpt lat="45.71736" lon="6.79102">
        <ele>2531</ele>
        <time>2026-08-23T06:03:19+00:00</time>
      </trkpt>
      <trkpt lat="45.71708" lon="6.79119">
        <ele>2529</ele>
        <time>2026-08-23T06:03:22+00:00</time>
      </trkpt>
      <trkpt lat="45.71658" lon="6.79149">
        <ele>2526</ele>
        <time>2026-08-23T06:03:25+00:00</time>
      </trkpt>
      <trkpt lat="45.71632" lon="6.79164">
        <ele>2526</ele>
        <time>2026-08-23T06:03:28+00:00</time>
      </trkpt>
      <trkpt lat="45.71593" lon="6.79185">
        <ele>2524</ele>
        <time>2026-08-23T06:03:31+00:00</time>
      </trkpt>
      <trkpt lat="45.71567" lon="6.79198">
        <ele>2522</ele>
        <time>2026-08-23T06:03:34+00:00</time>
      </trkpt>
      <trkpt lat="45.71532" lon="6.79216">
        <ele>2520</ele>
        <time>2026-08-23T06:03:37+00:00</time>
      </trkpt>
      <trkpt lat="45.71504" lon="6.79231">
        <ele>2514</ele>
        <time>2026-08-23T06:03:40+00:00</time>
      </trkpt>
      <trkpt lat="45.71474" lon="6.79228">
        <ele>2509</ele>
        <time>2026-08-23T06:03:43+00:00</time>
      </trkpt>
      <trkpt lat="45.71421" lon="6.79222">
        <ele>2500</ele>
        <time>2026-08-23T06:03:46+00:00</time>
      </trkpt>
      <trkpt lat="45.71393" lon="6.79227">
        <ele>2489</ele>
        <time>2026-08-23T06:03:49+00:00</time>
      </trkpt>
      <trkpt lat="45.71353" lon="6.79233">
        <ele>2476</ele>
        <time>2026-08-23T06:03:52+00:00</time>
      </trkpt>
      <trkpt lat="45.71325" lon="6.79258">
        <ele>2469</ele>
        <time>2026-08-23T06:03:55+00:00</time>
      </trkpt>
      <trkpt lat="45.71306" lon="6.79259">
        <ele>2464</ele>
        <time>2026-08-23T06:03:58+00:00</time>
      </trkpt>
      <trkpt lat="45.71284" lon="6.79283">
        <ele>2458</ele>
        <time>2026-08-23T06:04:01+00:00</time>
      </trkpt>
      <trkpt lat="45.71251" lon="6.79319">
        <ele>2449</ele>
        <time>2026-08-23T06:04:04+00:00</time>
      </trkpt>
      <trkpt lat="45.71234" lon="6.79346">
        <ele>2441</ele>
        <time>2026-08-23T06:04:07+00:00</time>
      </trkpt>
      <trkpt lat="45.71214" lon="6.79379">
        <ele>2434</ele>
        <time>2026-08-23T06:04:10+00:00</time>
      </trkpt>
      <trkpt lat="45.71196" lon="6.7941">
        <ele>2429</ele>
        <time>2026-08-23T06:04:13+00:00</time>
      </trkpt>
      <trkpt lat="45.7118" lon="6.7944">
        <ele>2422</ele>
        <time>2026-08-23T06:04:16+00:00</time>
      </trkpt>
      <trkpt lat="45.7116" lon="6.7948">
        <ele>2416</ele>
        <time>2026-08-23T06:04:19+00:00</time>
      </trkpt>
      <trkpt lat="45.71138" lon="6.79503">
        <ele>2410</ele>
        <time>2026-08-23T06:04:22+00:00</time>
      </trkpt>
      <trkpt lat="45.71128" lon="6.79548">
        <ele>2404</ele>
        <time>2026-08-23T06:04:25+00:00</time>
      </trkpt>
      <trkpt lat="45.71113" lon="6.79562">
        <ele>2399</ele>
        <time>2026-08-23T06:04:28+00:00</time>
      </trkpt>
      <trkpt lat="45.71109" lon="6.79584">
        <ele>2395</ele>
        <time>2026-08-23T06:04:31+00:00</time>
      </trkpt>
      <trkpt lat="45.71092" lon="6.79592">
        <ele>2394</ele>
        <time>2026-08-23T06:04:34+00:00</time>
      </trkpt>
      <trkpt lat="45.71088" lon="6.79613">
        <ele>2392</ele>
        <time>2026-08-23T06:04:37+00:00</time>
      </trkpt>
      <trkpt lat="45.71083" lon="6.79634">
        <ele>2389</ele>
        <time>2026-08-23T06:04:40+00:00</time>
      </trkpt>
      <trkpt lat="45.71059" lon="6.79676">
        <ele>2380</ele>
        <time>2026-08-23T06:04:43+00:00</time>
      </trkpt>
      <trkpt lat="45.71038" lon="6.79691">
        <ele>2376</ele>
        <time>2026-08-23T06:04:46+00:00</time>
      </trkpt>
      <trkpt lat="45.71019" lon="6.79723">
        <ele>2371</ele>
        <time>2026-08-23T06:04:49+00:00</time>
      </trkpt>
      <trkpt lat="45.71004" lon="6.7975">
        <ele>2367</ele>
        <time>2026-08-23T06:04:52+00:00</time>
      </trkpt>
      <trkpt lat="45.70988" lon="6.79779">
        <ele>2361</ele>
        <time>2026-08-23T06:04:55+00:00</time>
      </trkpt>
      <trkpt lat="45.70958" lon="6.79788">
        <ele>2360</ele>
        <time>2026-08-23T06:04:58+00:00</time>
      </trkpt>
      <trkpt lat="45.7094" lon="6.7982">
        <ele>2355</ele>
        <time>2026-08-23T06:05:01+00:00</time>
      </trkpt>
      <trkpt lat="45.70912" lon="6.79872">
        <ele>2350</ele>
        <time>2026-08-23T06:05:04+00:00</time>
      </trkpt>
      <trkpt lat="45.70892" lon="6.79894">
        <ele>2347</ele>
        <time>2026-08-23T06:05:07+00:00</time>
      </trkpt>
      <trkpt lat="45.7087" lon="6.79919">
        <ele>2340</ele>
        <time>2026-08-23T06:05:10+00:00</time>
      </trkpt>
      <trkpt lat="45.70849" lon="6.79941">
        <ele>2333</ele>
        <time>2026-08-23T06:05:13+00:00</time>
      </trkpt>
      <trkpt lat="45.70834" lon="6.79944">
        <ele>2332</ele>
        <time>2026-08-23T06:05:16+00:00</time>
      </trkpt>
      <trkpt lat="45.70826" lon="6.79955">
        <ele>2330</ele>
        <time>2026-08-23T06:05:19+00:00</time>
      </trkpt>
      <trkpt lat="45.70805" lon="6.79961">
        <ele>2327</ele>
        <time>2026-08-23T06:05:22+00:00</time>
      </trkpt>
      <trkpt lat="45.70786" lon="6.79961">
        <ele>2328</ele>
        <time>2026-08-23T06:05:25+00:00</time>
      </trkpt>
      <trkpt lat="45.70781" lon="6.79946">
        <ele>2331</ele>
        <time>2026-08-23T06:05:28+00:00</time>
      </trkpt>
      <trkpt lat="45.70767" lon="6.79937">
        <ele>2328</ele>
        <time>2026-08-23T06:05:31+00:00</time>
      </trkpt>
      <trkpt lat="45.70752" lon="6.79938">
        <ele>2329</ele>
        <time>2026-08-23T06:05:34+00:00</time>
      </trkpt>
      <trkpt lat="45.70729" lon="6.79937">
        <ele>2328</ele>
        <time>2026-08-23T06:05:37+00:00</time>
      </trkpt>
      <trkpt lat="45.70706" lon="6.79946">
        <ele>2328</ele>
        <time>2026-08-23T06:05:40+00:00</time>
      </trkpt>
      <trkpt lat="45.70698" lon="6.7995">
        <ele>2326</ele>
        <time>2026-08-23T06:05:43+00:00</time>
      </trkpt>
      <trkpt lat="45.70696" lon="6.79985">
        <ele>2319</ele>
        <time>2026-08-23T06:05:46+00:00</time>
      </trkpt>
      <trkpt lat="45.70676" lon="6.80032">
        <ele>2310</ele>
        <time>2026-08-23T06:05:49+00:00</time>
      </trkpt>
      <trkpt lat="45.70653" lon="6.80071">
        <ele>2304</ele>
        <time>2026-08-23T06:05:52+00:00</time>
      </trkpt>
      <trkpt lat="45.70629" lon="6.80088">
        <ele>2299</ele>
        <time>2026-08-23T06:05:55+00:00</time>
      </trkpt>
      <trkpt lat="45.70599" lon="6.8011">
        <ele>2294</ele>
        <time>2026-08-23T06:05:58+00:00</time>
      </trkpt>
      <trkpt lat="45.70571" lon="6.80149">
        <ele>2289</ele>
        <time>2026-08-23T06:06:01+00:00</time>
      </trkpt>
      <trkpt lat="45.7056" lon="6.80173">
        <ele>2284</ele>
        <time>2026-08-23T06:06:04+00:00</time>
      </trkpt>
      <trkpt lat="45.70547" lon="6.80188">
        <ele>2282</ele>
        <time>2026-08-23T06:06:07+00:00</time>
      </trkpt>
      <trkpt lat="45.70532" lon="6.80212">
        <ele>2279</ele>
        <time>2026-08-23T06:06:10+00:00</time>
      </trkpt>
      <trkpt lat="45.70505" lon="6.80239">
        <ele>2274</ele>
        <time>2026-08-23T06:06:13+00:00</time>
      </trkpt>
      <trkpt lat="45.70485" lon="6.80264">
        <ele>2267</ele>
        <time>2026-08-23T06:06:16+00:00</time>
      </trkpt>
      <trkpt lat="45.70459" lon="6.80296">
        <ele>2262</ele>
        <time>2026-08-23T06:06:19+00:00</time>
      </trkpt>
      <trkpt lat="45.70431" lon="6.80343">
        <ele>2252</ele>
        <time>2026-08-23T06:06:22+00:00</time>
      </trkpt>
      <trkpt lat="45.70413" lon="6.80357">
        <ele>2248</ele>
        <time>2026-08-23T06:06:25+00:00</time>
      </trkpt>
      <trkpt lat="45.70401" lon="6.80387">
        <ele>2243</ele>
        <time>2026-08-23T06:06:28+00:00</time>
      </trkpt>
      <trkpt lat="45.70389" lon="6.80418">
        <ele>2233</ele>
        <time>2026-08-23T06:06:31+00:00</time>
      </trkpt>
      <trkpt lat="45.70369" lon="6.8045">
        <ele>2229</ele>
        <time>2026-08-23T06:06:34+00:00</time>
      </trkpt>
      <trkpt lat="45.70353" lon="6.80472">
        <ele>2228</ele>
        <time>2026-08-23T06:06:37+00:00</time>
      </trkpt>
      <trkpt lat="45.70339" lon="6.80511">
        <ele>2225</ele>
        <time>2026-08-23T06:06:40+00:00</time>
      </trkpt>
      <trkpt lat="45.70327" lon="6.80533">
        <ele>2223</ele>
        <time>2026-08-23T06:06:43+00:00</time>
      </trkpt>
      <trkpt lat="45.70321" lon="6.80532">
        <ele>2223</ele>
        <time>2026-08-23T06:06:46+00:00</time>
      </trkpt>
      <trkpt lat="45.70328" lon="6.80505">
        <ele>2223</ele>
        <time>2026-08-23T06:06:49+00:00</time>
      </trkpt>
      <trkpt lat="45.70324" lon="6.80504">
        <ele>2223</ele>
        <time>2026-08-23T06:06:52+00:00</time>
      </trkpt>
      <trkpt lat="45.70312" lon="6.80516">
        <ele>2222</ele>
        <time>2026-08-23T06:06:55+00:00</time>
      </trkpt>
      <trkpt lat="45.7031" lon="6.80527">
        <ele>2222</ele>
        <time>2026-08-23T06:06:58+00:00</time>
      </trkpt>
      <trkpt lat="45.70302" lon="6.80531">
        <ele>2223</ele>
        <time>2026-08-23T06:07:01+00:00</time>
      </trkpt>
      <trkpt lat="45.70283" lon="6.80527">
        <ele>2221</ele>
        <time>2026-08-23T06:07:04+00:00</time>
      </trkpt>
      <trkpt lat="45.70267" lon="6.80531">
        <ele>2218</ele>
        <time>2026-08-23T06:07:07+00:00</time>
      </trkpt>
      <trkpt lat="45.70262" lon="6.80533">
        <ele>2218</ele>
        <time>2026-08-23T06:07:10+00:00</time>
      </trkpt>
      <trkpt lat="45.70247" lon="6.80552">
        <ele>2216</ele>
        <time>2026-08-23T06:07:13+00:00</time>
      </trkpt>
      <trkpt lat="45.70236" lon="6.80553">
        <ele>2214</ele>
        <time>2026-08-23T06:07:16+00:00</time>
      </trkpt>
      <trkpt lat="45.7022" lon="6.80577">
        <ele>2215</ele>
        <time>2026-08-23T06:07:19+00:00</time>
      </trkpt>
      <trkpt lat="45.702" lon="6.80596">
        <ele>2214</ele>
        <time>2026-08-23T06:07:22+00:00</time>
      </trkpt>
      <trkpt lat="45.7017" lon="6.80628">
        <ele>2209</ele>
        <time>2026-08-23T06:07:25+00:00</time>
      </trkpt>
      <trkpt lat="45.70152" lon="6.80627">
        <ele>2208</ele>
        <time>2026-08-23T06:07:28+00:00</time>
      </trkpt>
      <trkpt lat="45.70138" lon="6.8064">
        <ele>2203</ele>
        <time>2026-08-23T06:07:31+00:00</time>
      </trkpt>
      <trkpt lat="45.70115" lon="6.80673">
        <ele>2196</ele>
        <time>2026-08-23T06:07:34+00:00</time>
      </trkpt>
      <trkpt lat="45.70095" lon="6.80683">
        <ele>2194</ele>
        <time>2026-08-23T06:07:37+00:00</time>
      </trkpt>
      <trkpt lat="45.70091" lon="6.80692">
        <ele>2193</ele>
        <time>2026-08-23T06:07:40+00:00</time>
      </trkpt>
      <trkpt lat="45.7009" lon="6.80709">
        <ele>2192</ele>
        <time>2026-08-23T06:07:43+00:00</time>
      </trkpt>
      <trkpt lat="45.70076" lon="6.80721">
        <ele>2192</ele>
        <time>2026-08-23T06:07:46+00:00</time>
      </trkpt>
      <trkpt lat="45.7005" lon="6.80735">
        <ele>2188</ele>
        <time>2026-08-23T06:07:49+00:00</time>
      </trkpt>
      <trkpt lat="45.70034" lon="6.80742">
        <ele>2186</ele>
        <time>2026-08-23T06:07:52+00:00</time>
      </trkpt>
      <trkpt lat="45.70035" lon="6.80748">
        <ele>2186</ele>
        <time>2026-08-23T06:07:55+00:00</time>
      </trkpt>
      <trkpt lat="45.70048" lon="6.8076">
        <ele>2182</ele>
        <time>2026-08-23T06:07:58+00:00</time>
      </trkpt>
      <trkpt lat="45.70053" lon="6.80769">
        <ele>2180</ele>
        <time>2026-08-23T06:08:01+00:00</time>
      </trkpt>
      <trkpt lat="45.70028" lon="6.80773">
        <ele>2176</ele>
        <time>2026-08-23T06:08:04+00:00</time>
      </trkpt>
      <trkpt lat="45.69998" lon="6.80777">
        <ele>2174</ele>
        <time>2026-08-23T06:08:07+00:00</time>
      </trkpt>
      <trkpt lat="45.69968" lon="6.80779">
        <ele>2174</ele>
        <time>2026-08-23T06:08:10+00:00</time>
      </trkpt>
      <trkpt lat="45.69945" lon="6.80799">
        <ele>2175</ele>
        <time>2026-08-23T06:08:13+00:00</time>
      </trkpt>
      <trkpt lat="45.69931" lon="6.80809">
        <ele>2176</ele>
        <time>2026-08-23T06:08:16+00:00</time>
      </trkpt>
      <trkpt lat="45.69915" lon="6.80814">
        <ele>2175</ele>
        <time>2026-08-23T06:08:19+00:00</time>
      </trkpt>
      <trkpt lat="45.69897" lon="6.80827">
        <ele>2172</ele>
        <time>2026-08-23T06:08:22+00:00</time>
      </trkpt>
      <trkpt lat="45.69873" lon="6.8083">
        <ele>2170</ele>
        <time>2026-08-23T06:08:25+00:00</time>
      </trkpt>
      <trkpt lat="45.69844" lon="6.80853">
        <ele>2165</ele>
        <time>2026-08-23T06:08:28+00:00</time>
      </trkpt>
      <trkpt lat="45.69822" lon="6.80866">
        <ele>2164</ele>
        <time>2026-08-23T06:08:31+00:00</time>
      </trkpt>
      <trkpt lat="45.69809" lon="6.80884">
        <ele>2163</ele>
        <time>2026-08-23T06:08:34+00:00</time>
      </trkpt>
      <trkpt lat="45.69798" lon="6.80898">
        <ele>2160</ele>
        <time>2026-08-23T06:08:37+00:00</time>
      </trkpt>
      <trkpt lat="45.69785" lon="6.80906">
        <ele>2155</ele>
        <time>2026-08-23T06:08:40+00:00</time>
      </trkpt>
      <trkpt lat="45.69768" lon="6.80925">
        <ele>2156</ele>
        <time>2026-08-23T06:08:43+00:00</time>
      </trkpt>
      <trkpt lat="45.69742" lon="6.80937">
        <ele>2154</ele>
        <time>2026-08-23T06:08:46+00:00</time>
      </trkpt>
      <trkpt lat="45.69706" lon="6.80954">
        <ele>2150</ele>
        <time>2026-08-23T06:08:49+00:00</time>
      </trkpt>
      <trkpt lat="45.69687" lon="6.80957">
        <ele>2147</ele>
        <time>2026-08-23T06:08:52+00:00</time>
      </trkpt>
      <trkpt lat="45.69655" lon="6.80967">
        <ele>2142</ele>
        <time>2026-08-23T06:08:55+00:00</time>
      </trkpt>
      <trkpt lat="45.6963" lon="6.80979">
        <ele>2140</ele>
        <time>2026-08-23T06:08:58+00:00</time>
      </trkpt>
      <trkpt lat="45.696" lon="6.80993">
        <ele>2140</ele>
        <time>2026-08-23T06:09:01+00:00</time>
      </trkpt>
      <trkpt lat="45.69582" lon="6.80996">
        <ele>2139</ele>
        <time>2026-08-23T06:09:04+00:00</time>
      </trkpt>
      <trkpt lat="45.69562" lon="6.81001">
        <ele>2140</ele>
        <time>2026-08-23T06:09:07+00:00</time>
      </trkpt>
      <trkpt lat="45.69545" lon="6.81014">
        <ele>2134</ele>
        <time>2026-08-23T06:09:10+00:00</time>
      </trkpt>
      <trkpt lat="45.69529" lon="6.81043">
        <ele>2133</ele>
        <time>2026-08-23T06:09:13+00:00</time>
      </trkpt>
      <trkpt lat="45.6952" lon="6.81044">
        <ele>2133</ele>
        <time>2026-08-23T06:09:16+00:00</time>
      </trkpt>
      <trkpt lat="45.69509" lon="6.81048">
        <ele>2133</ele>
        <time>2026-08-23T06:09:19+00:00</time>
      </trkpt>
      <trkpt lat="45.69486" lon="6.81064">
        <ele>2133</ele>
        <time>2026-08-23T06:09:22+00:00</time>
      </trkpt>
      <trkpt lat="45.69456" lon="6.81083">
        <ele>2129</ele>
        <time>2026-08-23T06:09:25+00:00</time>
      </trkpt>
      <trkpt lat="45.69428" lon="6.81102">
        <ele>2127</ele>
        <time>2026-08-23T06:09:28+00:00</time>
      </trkpt>
      <trkpt lat="45.69422" lon="6.81115">
        <ele>2129</ele>
        <time>2026-08-23T06:09:31+00:00</time>
      </trkpt>
      <trkpt lat="45.69402" lon="6.81129">
        <ele>2125</ele>
        <time>2026-08-23T06:09:34+00:00</time>
      </trkpt>
      <trkpt lat="45.69376" lon="6.81147">
        <ele>2124</ele>
        <time>2026-08-23T06:09:37+00:00</time>
      </trkpt>
      <trkpt lat="45.69362" lon="6.81155">
        <ele>2124</ele>
        <time>2026-08-23T06:09:40+00:00</time>
      </trkpt>
      <trkpt lat="45.69341" lon="6.8117">
        <ele>2117</ele>
        <time>2026-08-23T06:09:43+00:00</time>
      </trkpt>
      <trkpt lat="45.69324" lon="6.8118">
        <ele>2117</ele>
        <time>2026-08-23T06:09:46+00:00</time>
      </trkpt>
      <trkpt lat="45.69308" lon="6.81204">
        <ele>2116</ele>
        <time>2026-08-23T06:09:49+00:00</time>
      </trkpt>
      <trkpt lat="45.69292" lon="6.81214">
        <ele>2115</ele>
        <time>2026-08-23T06:09:52+00:00</time>
      </trkpt>
      <trkpt lat="45.69283" lon="6.81221">
        <ele>2116</ele>
        <time>2026-08-23T06:09:55+00:00</time>
      </trkpt>
      <trkpt lat="45.69268" lon="6.81237">
        <ele>2112</ele>
        <time>2026-08-23T06:09:58+00:00</time>
      </trkpt>
      <trkpt lat="45.69247" lon="6.81257">
        <ele>2110</ele>
        <time>2026-08-23T06:10:01+00:00</time>
      </trkpt>
      <trkpt lat="45.69233" lon="6.81269">
        <ele>2109</ele>
        <time>2026-08-23T06:10:04+00:00</time>
      </trkpt>
      <trkpt lat="45.6923" lon="6.81284">
        <ele>2109</ele>
        <time>2026-08-23T06:10:07+00:00</time>
      </trkpt>
      <trkpt lat="45.69229" lon="6.8131">
        <ele>2104</ele>
        <time>2026-08-23T06:10:10+00:00</time>
      </trkpt>
      <trkpt lat="45.69222" lon="6.81306">
        <ele>2104</ele>
        <time>2026-08-23T06:10:13+00:00</time>
      </trkpt>
      <trkpt lat="45.69211" lon="6.81309">
        <ele>2102</ele>
        <time>2026-08-23T06:10:16+00:00</time>
      </trkpt>
      <trkpt lat="45.69193" lon="6.81317">
        <ele>2102</ele>
        <time>2026-08-23T06:10:19+00:00</time>
      </trkpt>
      <trkpt lat="45.69171" lon="6.81334">
        <ele>2097</ele>
        <time>2026-08-23T06:10:22+00:00</time>
      </trkpt>
      <trkpt lat="45.69145" lon="6.81353">
        <ele>2094</ele>
        <time>2026-08-23T06:10:25+00:00</time>
      </trkpt>
      <trkpt lat="45.69126" lon="6.81375">
        <ele>2092</ele>
        <time>2026-08-23T06:10:28+00:00</time>
      </trkpt>
      <trkpt lat="45.69091" lon="6.8142">
        <ele>2086</ele>
        <time>2026-08-23T06:10:31+00:00</time>
      </trkpt>
      <trkpt lat="45.69084" lon="6.81432">
        <ele>2085</ele>
        <time>2026-08-23T06:10:34+00:00</time>
      </trkpt>
      <trkpt lat="45.69078" lon="6.81445">
        <ele>2083</ele>
        <time>2026-08-23T06:10:37+00:00</time>
      </trkpt>
      <trkpt lat="45.69074" lon="6.81471">
        <ele>2084</ele>
        <time>2026-08-23T06:10:40+00:00</time>
      </trkpt>
      <trkpt lat="45.69054" lon="6.81492">
        <ele>2082</ele>
        <time>2026-08-23T06:10:43+00:00</time>
      </trkpt>
      <trkpt lat="45.69031" lon="6.81515">
        <ele>2081</ele>
        <time>2026-08-23T06:10:46+00:00</time>
      </trkpt>
      <trkpt lat="45.68996" lon="6.8155">
        <ele>2080</ele>
        <time>2026-08-23T06:10:49+00:00</time>
      </trkpt>
      <trkpt lat="45.68981" lon="6.8157">
        <ele>2080</ele>
        <time>2026-08-23T06:10:52+00:00</time>
      </trkpt>
      <trkpt lat="45.68961" lon="6.81585">
        <ele>2078</ele>
        <time>2026-08-23T06:10:55+00:00</time>
      </trkpt>
      <trkpt lat="45.6895" lon="6.81589">
        <ele>2075</ele>
        <time>2026-08-23T06:10:58+00:00</time>
      </trkpt>
      <trkpt lat="45.68927" lon="6.81599">
        <ele>2071</ele>
        <time>2026-08-23T06:11:01+00:00</time>
      </trkpt>
      <trkpt lat="45.68908" lon="6.81627">
        <ele>2071</ele>
        <time>2026-08-23T06:11:04+00:00</time>
      </trkpt>
      <trkpt lat="45.68893" lon="6.81633">
        <ele>2071</ele>
        <time>2026-08-23T06:11:07+00:00</time>
      </trkpt>
      <trkpt lat="45.68877" lon="6.81645">
        <ele>2069</ele>
        <time>2026-08-23T06:11:10+00:00</time>
      </trkpt>
      <trkpt lat="45.6886" lon="6.81659">
        <ele>2067</ele>
        <time>2026-08-23T06:11:13+00:00</time>
      </trkpt>
      <trkpt lat="45.68834" lon="6.8166">
        <ele>2066</ele>
        <time>2026-08-23T06:11:16+00:00</time>
      </trkpt>
      <trkpt lat="45.68814" lon="6.81678">
        <ele>2065</ele>
        <time>2026-08-23T06:11:19+00:00</time>
      </trkpt>
      <trkpt lat="45.68793" lon="6.81696">
        <ele>2065</ele>
        <time>2026-08-23T06:11:22+00:00</time>
      </trkpt>
      <trkpt lat="45.68767" lon="6.81701">
        <ele>2064</ele>
        <time>2026-08-23T06:11:25+00:00</time>
      </trkpt>
      <trkpt lat="45.68726" lon="6.81706">
        <ele>2061</ele>
        <time>2026-08-23T06:11:28+00:00</time>
      </trkpt>
      <trkpt lat="45.68714" lon="6.81699">
        <ele>2059</ele>
        <time>2026-08-23T06:11:31+00:00</time>
      </trkpt>
      <trkpt lat="45.68701" lon="6.81697">
        <ele>2058</ele>
        <time>2026-08-23T06:11:34+00:00</time>
      </trkpt>
      <trkpt lat="45.68663" lon="6.81702">
        <ele>2054</ele>
        <time>2026-08-23T06:11:37+00:00</time>
      </trkpt>
      <trkpt lat="45.68618" lon="6.8172">
        <ele>2054</ele>
        <time>2026-08-23T06:11:40+00:00</time>
      </trkpt>
      <trkpt lat="45.68578" lon="6.81725">
        <ele>2054</ele>
        <time>2026-08-23T06:11:43+00:00</time>
      </trkpt>
      <trkpt lat="45.68547" lon="6.81714">
        <ele>2051</ele>
        <time>2026-08-23T06:11:46+00:00</time>
      </trkpt>
      <trkpt lat="45.6851" lon="6.81698">
        <ele>2051</ele>
        <time>2026-08-23T06:11:49+00:00</time>
      </trkpt>
      <trkpt lat="45.68479" lon="6.81686">
        <ele>2052</ele>
        <time>2026-08-23T06:11:52+00:00</time>
      </trkpt>
      <trkpt lat="45.68456" lon="6.81686">
        <ele>2054</ele>
        <time>2026-08-23T06:11:55+00:00</time>
      </trkpt>
      <trkpt lat="45.68441" lon="6.81696">
        <ele>2056</ele>
        <time>2026-08-23T06:11:58+00:00</time>
      </trkpt>
      <trkpt lat="45.68426" lon="6.81689">
        <ele>2058</ele>
        <time>2026-08-23T06:12:01+00:00</time>
      </trkpt>
      <trkpt lat="45.68405" lon="6.81672">
        <ele>2061</ele>
        <time>2026-08-23T06:12:04+00:00</time>
      </trkpt>
      <trkpt lat="45.68397" lon="6.81671">
        <ele>2061</ele>
        <time>2026-08-23T06:12:07+00:00</time>
      </trkpt>
      <trkpt lat="45.68389" lon="6.81712">
        <ele>2065</ele>
        <time>2026-08-23T06:12:10+00:00</time>
      </trkpt>
      <trkpt lat="45.68377" lon="6.8173">
        <ele>2070</ele>
        <time>2026-08-23T06:12:13+00:00</time>
      </trkpt>
      <trkpt lat="45.68355" lon="6.81754">
        <ele>2070</ele>
        <time>2026-08-23T06:12:16+00:00</time>
      </trkpt>
      <trkpt lat="45.6833" lon="6.81761">
        <ele>2070</ele>
        <time>2026-08-23T06:12:19+00:00</time>
      </trkpt>
      <trkpt lat="45.68299" lon="6.8177">
        <ele>2070</ele>
        <time>2026-08-23T06:12:22+00:00</time>
      </trkpt>
      <trkpt lat="45.68272" lon="6.81792">
        <ele>2079</ele>
        <time>2026-08-23T06:12:25+00:00</time>
      </trkpt>
      <trkpt lat="45.68218" lon="6.81836">
        <ele>2096</ele>
        <time>2026-08-23T06:12:28+00:00</time>
      </trkpt>
      <trkpt lat="45.68198" lon="6.81854">
        <ele>2106</ele>
        <time>2026-08-23T06:12:31+00:00</time>
      </trkpt>
      <trkpt lat="45.68178" lon="6.81872">
        <ele>2112</ele>
        <time>2026-08-23T06:12:34+00:00</time>
      </trkpt>
      <trkpt lat="45.68153" lon="6.81893">
        <ele>2116</ele>
        <time>2026-08-23T06:12:37+00:00</time>
      </trkpt>
      <trkpt lat="45.68112" lon="6.81927">
        <ele>2126</ele>
        <time>2026-08-23T06:12:40+00:00</time>
      </trkpt>
      <trkpt lat="45.6809" lon="6.81948">
        <ele>2126</ele>
        <time>2026-08-23T06:12:43+00:00</time>
      </trkpt>
      <trkpt lat="45.68063" lon="6.81975">
        <ele>2127</ele>
        <time>2026-08-23T06:12:46+00:00</time>
      </trkpt>
      <trkpt lat="45.68036" lon="6.81989">
        <ele>2126</ele>
        <time>2026-08-23T06:12:49+00:00</time>
      </trkpt>
      <trkpt lat="45.68009" lon="6.82004">
        <ele>2126</ele>
        <time>2026-08-23T06:12:52+00:00</time>
      </trkpt>
      <trkpt lat="45.67987" lon="6.82017">
        <ele>2127</ele>
        <time>2026-08-23T06:12:55+00:00</time>
      </trkpt>
      <trkpt lat="45.67965" lon="6.82029">
        <ele>2128</ele>
        <time>2026-08-23T06:12:58+00:00</time>
      </trkpt>
      <trkpt lat="45.67937" lon="6.82046">
        <ele>2131</ele>
        <time>2026-08-23T06:13:01+00:00</time>
      </trkpt>
      <trkpt lat="45.67913" lon="6.82059">
        <ele>2133</ele>
        <time>2026-08-23T06:13:04+00:00</time>
      </trkpt>
      <trkpt lat="45.67887" lon="6.82075">
        <ele>2134</ele>
        <time>2026-08-23T06:13:07+00:00</time>
      </trkpt>
      <trkpt lat="45.67847" lon="6.821">
        <ele>2132</ele>
        <time>2026-08-23T06:13:10+00:00</time>
      </trkpt>
      <trkpt lat="45.6782" lon="6.82115">
        <ele>2133</ele>
        <time>2026-08-23T06:13:13+00:00</time>
      </trkpt>
      <trkpt lat="45.67777" lon="6.8214">
        <ele>2134</ele>
        <time>2026-08-23T06:13:16+00:00</time>
      </trkpt>
      <trkpt lat="45.67757" lon="6.82158">
        <ele>2134</ele>
        <time>2026-08-23T06:13:19+00:00</time>
      </trkpt>
      <trkpt lat="45.67735" lon="6.82178">
        <ele>2125</ele>
        <time>2026-08-23T06:13:22+00:00</time>
      </trkpt>
      <trkpt lat="45.67715" lon="6.82203">
        <ele>2118</ele>
        <time>2026-08-23T06:13:25+00:00</time>
      </trkpt>
      <trkpt lat="45.6769" lon="6.82236">
        <ele>2104</ele>
        <time>2026-08-23T06:13:28+00:00</time>
      </trkpt>
      <trkpt lat="45.6766" lon="6.82277">
        <ele>2099</ele>
        <time>2026-08-23T06:13:31+00:00</time>
      </trkpt>
      <trkpt lat="45.6765" lon="6.8231">
        <ele>2098</ele>
        <time>2026-08-23T06:13:34+00:00</time>
      </trkpt>
      <trkpt lat="45.67637" lon="6.82348">
        <ele>2098</ele>
        <time>2026-08-23T06:13:37+00:00</time>
      </trkpt>
      <trkpt lat="45.67615" lon="6.82383">
        <ele>2101</ele>
        <time>2026-08-23T06:13:40+00:00</time>
      </trkpt>
      <trkpt lat="45.67603" lon="6.82396">
        <ele>2102</ele>
        <time>2026-08-23T06:13:43+00:00</time>
      </trkpt>
      <trkpt lat="45.67578" lon="6.82402">
        <ele>2102</ele>
        <time>2026-08-23T06:13:46+00:00</time>
      </trkpt>
      <trkpt lat="45.67529" lon="6.82415">
        <ele>2102</ele>
        <time>2026-08-23T06:13:49+00:00</time>
      </trkpt>
      <trkpt lat="45.67504" lon="6.82421">
        <ele>2102</ele>
        <time>2026-08-23T06:13:52+00:00</time>
      </trkpt>
      <trkpt lat="45.67476" lon="6.82427">
        <ele>2102</ele>
        <time>2026-08-23T06:13:55+00:00</time>
      </trkpt>
      <trkpt lat="45.67449" lon="6.82434">
        <ele>2102</ele>
        <time>2026-08-23T06:13:58+00:00</time>
      </trkpt>
      <trkpt lat="45.67407" lon="6.82461">
        <ele>2106</ele>
        <time>2026-08-23T06:14:01+00:00</time>
      </trkpt>
      <trkpt lat="45.67381" lon="6.82481">
        <ele>2109</ele>
        <time>2026-08-23T06:14:04+00:00</time>
      </trkpt>
      <trkpt lat="45.67338" lon="6.82515">
        <ele>2115</ele>
        <time>2026-08-23T06:14:07+00:00</time>
      </trkpt>
      <trkpt lat="45.67319" lon="6.8254">
        <ele>2120</ele>
        <time>2026-08-23T06:14:10+00:00</time>
      </trkpt>
      <trkpt lat="45.67295" lon="6.82571">
        <ele>2127</ele>
        <time>2026-08-23T06:14:13+00:00</time>
      </trkpt>
      <trkpt lat="45.6727" lon="6.82605">
        <ele>2137</ele>
        <time>2026-08-23T06:14:16+00:00</time>
      </trkpt>
      <trkpt lat="45.67239" lon="6.82603">
        <ele>2144</ele>
        <time>2026-08-23T06:14:19+00:00</time>
      </trkpt>
      <trkpt lat="45.67213" lon="6.82602">
        <ele>2146</ele>
        <time>2026-08-23T06:14:22+00:00</time>
      </trkpt>
      <trkpt lat="45.6718" lon="6.82601">
        <ele>2155</ele>
        <time>2026-08-23T06:14:25+00:00</time>
      </trkpt>
      <trkpt lat="45.6715" lon="6.82605">
        <ele>2159</ele>
        <time>2026-08-23T06:14:28+00:00</time>
      </trkpt>
      <trkpt lat="45.67142" lon="6.82614">
        <ele>2162</ele>
        <time>2026-08-23T06:14:31+00:00</time>
      </trkpt>
      <trkpt lat="45.67109" lon="6.82595">
        <ele>2165</ele>
        <time>2026-08-23T06:14:34+00:00</time>
      </trkpt>
      <trkpt lat="45.67099" lon="6.8259">
        <ele>2172</ele>
        <time>2026-08-23T06:14:37+00:00</time>
      </trkpt>
      <trkpt lat="45.67085" lon="6.82592">
        <ele>2171</ele>
        <time>2026-08-23T06:14:40+00:00</time>
      </trkpt>
      <trkpt lat="45.67054" lon="6.82619">
        <ele>2177</ele>
        <time>2026-08-23T06:14:43+00:00</time>
      </trkpt>
      <trkpt lat="45.67043" lon="6.82626">
        <ele>2182</ele>
        <time>2026-08-23T06:14:46+00:00</time>
      </trkpt>
      <trkpt lat="45.67025" lon="6.82591">
        <ele>2192</ele>
        <time>2026-08-23T06:14:49+00:00</time>
      </trkpt>
      <trkpt lat="45.67008" lon="6.82581">
        <ele>2196</ele>
        <time>2026-08-23T06:14:52+00:00</time>
      </trkpt>
      <trkpt lat="45.67006" lon="6.82611">
        <ele>2200</ele>
        <time>2026-08-23T06:14:55+00:00</time>
      </trkpt>
      <trkpt lat="45.67004" lon="6.82657">
        <ele>2209</ele>
        <time>2026-08-23T06:14:58+00:00</time>
      </trkpt>
      <trkpt lat="45.66994" lon="6.82678">
        <ele>2215</ele>
        <time>2026-08-23T06:15:01+00:00</time>
      </trkpt>
      <trkpt lat="45.67003" lon="6.82705">
        <ele>2222</ele>
        <time>2026-08-23T06:15:04+00:00</time>
      </trkpt>
      <trkpt lat="45.66997" lon="6.82717">
        <ele>2228</ele>
        <time>2026-08-23T06:15:07+00:00</time>
      </trkpt>
      <trkpt lat="45.67004" lon="6.82736">
        <ele>2230</ele>
        <time>2026-08-23T06:15:10+00:00</time>
      </trkpt>
      <trkpt lat="45.66996" lon="6.82749">
        <ele>2237</ele>
        <time>2026-08-23T06:15:13+00:00</time>
      </trkpt>
      <trkpt lat="45.66998" lon="6.82761">
        <ele>2246</ele>
        <time>2026-08-23T06:15:16+00:00</time>
      </trkpt>
      <trkpt lat="45.66993" lon="6.82775">
        <ele>2249</ele>
        <time>2026-08-23T06:15:19+00:00</time>
      </trkpt>
      <trkpt lat="45.6699" lon="6.82787">
        <ele>2255</ele>
        <time>2026-08-23T06:15:22+00:00</time>
      </trkpt>
      <trkpt lat="45.66977" lon="6.82797">
        <ele>2261</ele>
        <time>2026-08-23T06:15:25+00:00</time>
      </trkpt>
      <trkpt lat="45.66973" lon="6.82828">
        <ele>2275</ele>
        <time>2026-08-23T06:15:28+00:00</time>
      </trkpt>
      <trkpt lat="45.66957" lon="6.82835">
        <ele>2285</ele>
        <time>2026-08-23T06:15:31+00:00</time>
      </trkpt>
      <trkpt lat="45.66957" lon="6.82856">
        <ele>2293</ele>
        <time>2026-08-23T06:15:34+00:00</time>
      </trkpt>
      <trkpt lat="45.66949" lon="6.82855">
        <ele>2296</ele>
        <time>2026-08-23T06:15:37+00:00</time>
      </trkpt>
      <trkpt lat="45.66954" lon="6.82902">
        <ele>2315</ele>
        <time>2026-08-23T06:15:40+00:00</time>
      </trkpt>
      <trkpt lat="45.66944" lon="6.82906">
        <ele>2319</ele>
        <time>2026-08-23T06:15:43+00:00</time>
      </trkpt>
      <trkpt lat="45.66938" lon="6.82916">
        <ele>2331</ele>
        <time>2026-08-23T06:15:46+00:00</time>
      </trkpt>
      <trkpt lat="45.66929" lon="6.82916">
        <ele>2334</ele>
        <time>2026-08-23T06:15:49+00:00</time>
      </trkpt>
      <trkpt lat="45.66927" lon="6.82929">
        <ele>2339</ele>
        <time>2026-08-23T06:15:52+00:00</time>
      </trkpt>
      <trkpt lat="45.66912" lon="6.82917">
        <ele>2339</ele>
        <time>2026-08-23T06:15:55+00:00</time>
      </trkpt>
      <trkpt lat="45.66894" lon="6.82902">
        <ele>2348</ele>
        <time>2026-08-23T06:15:58+00:00</time>
      </trkpt>
      <trkpt lat="45.66857" lon="6.82866">
        <ele>2359</ele>
        <time>2026-08-23T06:16:01+00:00</time>
      </trkpt>
      <trkpt lat="45.66834" lon="6.82859">
        <ele>2363</ele>
        <time>2026-08-23T06:16:04+00:00</time>
      </trkpt>
      <trkpt lat="45.66815" lon="6.82849">
        <ele>2369</ele>
        <time>2026-08-23T06:16:07+00:00</time>
      </trkpt>
      <trkpt lat="45.66817" lon="6.82871">
        <ele>2385</ele>
        <time>2026-08-23T06:16:10+00:00</time>
      </trkpt>
      <trkpt lat="45.66806" lon="6.8287">
        <ele>2381</ele>
        <time>2026-08-23T06:16:13+00:00</time>
      </trkpt>
      <trkpt lat="45.6681" lon="6.82892">
        <ele>2396</ele>
        <time>2026-08-23T06:16:16+00:00</time>
      </trkpt>
      <trkpt lat="45.66794" lon="6.82893">
        <ele>2399</ele>
        <time>2026-08-23T06:16:19+00:00</time>
      </trkpt>
      <trkpt lat="45.66815" lon="6.82936">
        <ele>2416</ele>
        <time>2026-08-23T06:16:22+00:00</time>
      </trkpt>
      <trkpt lat="45.66792" lon="6.82939">
        <ele>2421</ele>
        <time>2026-08-23T06:16:25+00:00</time>
      </trkpt>
      <trkpt lat="45.66779" lon="6.82939">
        <ele>2426</ele>
        <time>2026-08-23T06:16:28+00:00</time>
      </trkpt>
      <trkpt lat="45.66786" lon="6.82967">
        <ele>2438</ele>
        <time>2026-08-23T06:16:31+00:00</time>
      </trkpt>
      <trkpt lat="45.66766" lon="6.82974">
        <ele>2447</ele>
        <time>2026-08-23T06:16:34+00:00</time>
      </trkpt>
      <trkpt lat="45.6677" lon="6.83">
        <ele>2461</ele>
        <time>2026-08-23T06:16:37+00:00</time>
      </trkpt>
      <trkpt lat="45.66748" lon="6.82991">
        <ele>2469</ele>
        <time>2026-08-23T06:16:40+00:00</time>
      </trkpt>
      <trkpt lat="45.66709" lon="6.82976">
        <ele>2477</ele>
        <time>2026-08-23T06:16:43+00:00</time>
      </trkpt>
      <trkpt lat="45.66697" lon="6.82968">
        <ele>2490</ele>
        <time>2026-08-23T06:16:46+00:00</time>
      </trkpt>
      <trkpt lat="45.66687" lon="6.8296">
        <ele>2484</ele>
        <time>2026-08-23T06:16:49+00:00</time>
      </trkpt>
      <trkpt lat="45.66675" lon="6.82943">
        <ele>2495</ele>
        <time>2026-08-23T06:16:52+00:00</time>
      </trkpt>
      <trkpt lat="45.66663" lon="6.82937">
        <ele>2486</ele>
        <time>2026-08-23T06:16:55+00:00</time>
      </trkpt>
      <trkpt lat="45.66648" lon="6.82932">
        <ele>2492</ele>
        <time>2026-08-23T06:16:58+00:00</time>
      </trkpt>
      <trkpt lat="45.66631" lon="6.82929">
        <ele>2489</ele>
        <time>2026-08-23T06:17:01+00:00</time>
      </trkpt>
      <trkpt lat="45.66617" lon="6.8293">
        <ele>2496</ele>
        <time>2026-08-23T06:17:04+00:00</time>
      </trkpt>
      <trkpt lat="45.66593" lon="6.82927">
        <ele>2501</ele>
        <time>2026-08-23T06:17:07+00:00</time>
      </trkpt>
      <trkpt lat="45.66578" lon="6.82927">
        <ele>2500</ele>
        <time>2026-08-23T06:17:10+00:00</time>
      </trkpt>
      <trkpt lat="45.66562" lon="6.82934">
        <ele>2505</ele>
        <time>2026-08-23T06:17:13+00:00</time>
      </trkpt>
      <trkpt lat="45.66546" lon="6.82941">
        <ele>2506</ele>
        <time>2026-08-23T06:17:16+00:00</time>
      </trkpt>
      <trkpt lat="45.66539" lon="6.8295">
        <ele>2506</ele>
        <time>2026-08-23T06:17:19+00:00</time>
      </trkpt>
      <trkpt lat="45.66527" lon="6.82963">
        <ele>2504</ele>
        <time>2026-08-23T06:17:22+00:00</time>
      </trkpt>
      <trkpt lat="45.66517" lon="6.82971">
        <ele>2507</ele>
        <time>2026-08-23T06:17:25+00:00</time>
      </trkpt>
      <trkpt lat="45.6651" lon="6.82973">
        <ele>2501</ele>
        <time>2026-08-23T06:17:28+00:00</time>
      </trkpt>
      <trkpt lat="45.66509" lon="6.8299">
        <ele>2508</ele>
        <time>2026-08-23T06:17:31+00:00</time>
      </trkpt>
      <trkpt lat="45.66497" lon="6.83005">
        <ele>2505</ele>
        <time>2026-08-23T06:17:34+00:00</time>
      </trkpt>
      <trkpt lat="45.6649" lon="6.83028">
        <ele>2512</ele>
        <time>2026-08-23T06:17:37+00:00</time>
      </trkpt>
      <trkpt lat="45.66481" lon="6.83056">
        <ele>2512</ele>
        <time>2026-08-23T06:17:40+00:00</time>
      </trkpt>
      <trkpt lat="45.66459" lon="6.8309">
        <ele>2508</ele>
        <time>2026-08-23T06:17:43+00:00</time>
      </trkpt>
      <trkpt lat="45.6645" lon="6.83101">
        <ele>2507</ele>
        <time>2026-08-23T06:17:46+00:00</time>
      </trkpt>
      <trkpt lat="45.66445" lon="6.8313">
        <ele>2505</ele>
        <time>2026-08-23T06:17:49+00:00</time>
      </trkpt>
      <trkpt lat="45.66439" lon="6.83168">
        <ele>2494</ele>
        <time>2026-08-23T06:17:52+00:00</time>
      </trkpt>
      <trkpt lat="45.6644" lon="6.83197">
        <ele>2482</ele>
        <time>2026-08-23T06:17:55+00:00</time>
      </trkpt>
      <trkpt lat="45.66446" lon="6.8323">
        <ele>2483</ele>
        <time>2026-08-23T06:17:58+00:00</time>
      </trkpt>
      <trkpt lat="45.66452" lon="6.83268">
        <ele>2477</ele>
        <time>2026-08-23T06:18:01+00:00</time>
      </trkpt>
      <trkpt lat="45.66459" lon="6.83318">
        <ele>2472</ele>
        <time>2026-08-23T06:18:04+00:00</time>
      </trkpt>
      <trkpt lat="45.66469" lon="6.83347">
        <ele>2471</ele>
        <time>2026-08-23T06:18:07+00:00</time>
      </trkpt>
      <trkpt lat="45.66482" lon="6.83381">
        <ele>2461</ele>
        <time>2026-08-23T06:18:10+00:00</time>
      </trkpt>
      <trkpt lat="45.66499" lon="6.83428">
        <ele>2457</ele>
        <time>2026-08-23T06:18:13+00:00</time>
      </trkpt>
      <trkpt lat="45.66512" lon="6.83459">
        <ele>2453</ele>
        <time>2026-08-23T06:18:16+00:00</time>
      </trkpt>
      <trkpt lat="45.66526" lon="6.83497">
        <ele>2445</ele>
        <time>2026-08-23T06:18:19+00:00</time>
      </trkpt>
      <trkpt lat="45.66538" lon="6.83535">
        <ele>2434</ele>
        <time>2026-08-23T06:18:22+00:00</time>
      </trkpt>
      <trkpt lat="45.66558" lon="6.83598">
        <ele>2428</ele>
        <time>2026-08-23T06:18:25+00:00</time>
      </trkpt>
      <trkpt lat="45.66591" lon="6.8363">
        <ele>2423</ele>
        <time>2026-08-23T06:18:28+00:00</time>
      </trkpt>
      <trkpt lat="45.66596" lon="6.83641">
        <ele>2419</ele>
        <time>2026-08-23T06:18:31+00:00</time>
      </trkpt>
      <trkpt lat="45.66598" lon="6.83684">
        <ele>2421</ele>
        <time>2026-08-23T06:18:34+00:00</time>
      </trkpt>
      <trkpt lat="45.666" lon="6.83727">
        <ele>2418</ele>
        <time>2026-08-23T06:18:37+00:00</time>
      </trkpt>
      <trkpt lat="45.66603" lon="6.83782">
        <ele>2409</ele>
        <time>2026-08-23T06:18:40+00:00</time>
      </trkpt>
      <trkpt lat="45.666" lon="6.83822">
        <ele>2408</ele>
        <time>2026-08-23T06:18:43+00:00</time>
      </trkpt>
      <trkpt lat="45.66595" lon="6.83882">
        <ele>2404</ele>
        <time>2026-08-23T06:18:46+00:00</time>
      </trkpt>
      <trkpt lat="45.66592" lon="6.83908">
        <ele>2400</ele>
        <time>2026-08-23T06:18:49+00:00</time>
      </trkpt>
      <trkpt lat="45.66591" lon="6.83936">
        <ele>2397</ele>
        <time>2026-08-23T06:18:52+00:00</time>
      </trkpt>
      <trkpt lat="45.66591" lon="6.83983">
        <ele>2394</ele>
        <time>2026-08-23T06:18:55+00:00</time>
      </trkpt>
      <trkpt lat="45.66591" lon="6.84031">
        <ele>2388</ele>
        <time>2026-08-23T06:18:58+00:00</time>
      </trkpt>
      <trkpt lat="45.66591" lon="6.84096">
        <ele>2382</ele>
        <time>2026-08-23T06:19:01+00:00</time>
      </trkpt>
      <trkpt lat="45.66577" lon="6.84122">
        <ele>2377</ele>
        <time>2026-08-23T06:19:04+00:00</time>
      </trkpt>
      <trkpt lat="45.66565" lon="6.84152">
        <ele>2377</ele>
        <time>2026-08-23T06:19:07+00:00</time>
      </trkpt>
      <trkpt lat="45.66553" lon="6.84182">
        <ele>2376</ele>
        <time>2026-08-23T06:19:10+00:00</time>
      </trkpt>
      <trkpt lat="45.66551" lon="6.84225">
        <ele>2373</ele>
        <time>2026-08-23T06:19:13+00:00</time>
      </trkpt>
      <trkpt lat="45.66548" lon="6.843">
        <ele>2362</ele>
        <time>2026-08-23T06:19:16+00:00</time>
      </trkpt>
      <trkpt lat="45.66514" lon="6.84344">
        <ele>2353</ele>
        <time>2026-08-23T06:19:19+00:00</time>
      </trkpt>
      <trkpt lat="45.66479" lon="6.84383">
        <ele>2348</ele>
        <time>2026-08-23T06:19:22+00:00</time>
      </trkpt>
      <trkpt lat="45.66454" lon="6.84383">
        <ele>2339</ele>
        <time>2026-08-23T06:19:25+00:00</time>
      </trkpt>
      <trkpt lat="45.66427" lon="6.84383">
        <ele>2327</ele>
        <time>2026-08-23T06:19:28+00:00</time>
      </trkpt>
      <trkpt lat="45.66398" lon="6.84353">
        <ele>2324</ele>
        <time>2026-08-23T06:19:31+00:00</time>
      </trkpt>
      <trkpt lat="45.66374" lon="6.84374">
        <ele>2319</ele>
        <time>2026-08-23T06:19:34+00:00</time>
      </trkpt>
      <trkpt lat="45.66363" lon="6.8441">
        <ele>2314</ele>
        <time>2026-08-23T06:19:37+00:00</time>
      </trkpt>
      <trkpt lat="45.66375" lon="6.84424">
        <ele>2307</ele>
        <time>2026-08-23T06:19:40+00:00</time>
      </trkpt>
      <trkpt lat="45.6638" lon="6.84452">
        <ele>2311</ele>
        <time>2026-08-23T06:19:43+00:00</time>
      </trkpt>
      <trkpt lat="45.66388" lon="6.84491">
        <ele>2306</ele>
        <time>2026-08-23T06:19:46+00:00</time>
      </trkpt>
      <trkpt lat="45.6641" lon="6.84549">
        <ele>2302</ele>
        <time>2026-08-23T06:19:49+00:00</time>
      </trkpt>
      <trkpt lat="45.66413" lon="6.84591">
        <ele>2301</ele>
        <time>2026-08-23T06:19:52+00:00</time>
      </trkpt>
      <trkpt lat="45.66425" lon="6.8461">
        <ele>2299</ele>
        <time>2026-08-23T06:19:55+00:00</time>
      </trkpt>
      <trkpt lat="45.66412" lon="6.84639">
        <ele>2294</ele>
        <time>2026-08-23T06:19:58+00:00</time>
      </trkpt>
      <trkpt lat="45.66413" lon="6.84653">
        <ele>2291</ele>
        <time>2026-08-23T06:20:01+00:00</time>
      </trkpt>
      <trkpt lat="45.66425" lon="6.84679">
        <ele>2288</ele>
        <time>2026-08-23T06:20:04+00:00</time>
      </trkpt>
      <trkpt lat="45.66424" lon="6.84722">
        <ele>2275</ele>
        <time>2026-08-23T06:20:07+00:00</time>
      </trkpt>
      <trkpt lat="45.66435" lon="6.84749">
        <ele>2274</ele>
        <time>2026-08-23T06:20:10+00:00</time>
      </trkpt>
      <trkpt lat="45.66436" lon="6.84781">
        <ele>2267</ele>
        <time>2026-08-23T06:20:13+00:00</time>
      </trkpt>
      <trkpt lat="45.6644" lon="6.84809">
        <ele>2264</ele>
        <time>2026-08-23T06:20:16+00:00</time>
      </trkpt>
      <trkpt lat="45.6645" lon="6.84819">
        <ele>2265</ele>
        <time>2026-08-23T06:20:19+00:00</time>
      </trkpt>
      <trkpt lat="45.66443" lon="6.84858">
        <ele>2261</ele>
        <time>2026-08-23T06:20:22+00:00</time>
      </trkpt>
      <trkpt lat="45.66451" lon="6.84871">
        <ele>2258</ele>
        <time>2026-08-23T06:20:25+00:00</time>
      </trkpt>
      <trkpt lat="45.66452" lon="6.84899">
        <ele>2256</ele>
        <time>2026-08-23T06:20:28+00:00</time>
      </trkpt>
      <trkpt lat="45.66453" lon="6.8493">
        <ele>2254</ele>
        <time>2026-08-23T06:20:31+00:00</time>
      </trkpt>
      <trkpt lat="45.66451" lon="6.84966">
        <ele>2253</ele>
        <time>2026-08-23T06:20:34+00:00</time>
      </trkpt>
      <trkpt lat="45.66461" lon="6.85006">
        <ele>2253</ele>
        <time>2026-08-23T06:20:37+00:00</time>
      </trkpt>
      <trkpt lat="45.66472" lon="6.8504">
        <ele>2253</ele>
        <time>2026-08-23T06:20:40+00:00</time>
      </trkpt>
      <trkpt lat="45.66489" lon="6.85071">
        <ele>2251</ele>
        <time>2026-08-23T06:20:43+00:00</time>
      </trkpt>
      <trkpt lat="45.66507" lon="6.85105">
        <ele>2250</ele>
        <time>2026-08-23T06:20:46+00:00</time>
      </trkpt>
      <trkpt lat="45.66537" lon="6.85164">
        <ele>2250</ele>
        <time>2026-08-23T06:20:49+00:00</time>
      </trkpt>
      <trkpt lat="45.66557" lon="6.85199">
        <ele>2250</ele>
        <time>2026-08-23T06:20:52+00:00</time>
      </trkpt>
      <trkpt lat="45.66577" lon="6.85234">
        <ele>2250</ele>
        <time>2026-08-23T06:20:55+00:00</time>
      </trkpt>
      <trkpt lat="45.66598" lon="6.8527">
        <ele>2258</ele>
        <time>2026-08-23T06:20:58+00:00</time>
      </trkpt>
      <trkpt lat="45.66608" lon="6.85289">
        <ele>2259</ele>
        <time>2026-08-23T06:21:01+00:00</time>
      </trkpt>
      <trkpt lat="45.66624" lon="6.85294">
        <ele>2257</ele>
        <time>2026-08-23T06:21:04+00:00</time>
      </trkpt>
      <trkpt lat="45.6664" lon="6.853">
        <ele>2257</ele>
        <time>2026-08-23T06:21:07+00:00</time>
      </trkpt>
      <trkpt lat="45.66641" lon="6.85331">
        <ele>2256</ele>
        <time>2026-08-23T06:21:10+00:00</time>
      </trkpt>
      <trkpt lat="45.66647" lon="6.85348">
        <ele>2260</ele>
        <time>2026-08-23T06:21:13+00:00</time>
      </trkpt>
      <trkpt lat="45.66654" lon="6.85365">
        <ele>2257</ele>
        <time>2026-08-23T06:21:16+00:00</time>
      </trkpt>
      <trkpt lat="45.6667" lon="6.8539">
        <ele>2255</ele>
        <time>2026-08-23T06:21:19+00:00</time>
      </trkpt>
      <trkpt lat="45.66687" lon="6.85416">
        <ele>2256</ele>
        <time>2026-08-23T06:21:22+00:00</time>
      </trkpt>
      <trkpt lat="45.66716" lon="6.85465">
        <ele>2256</ele>
        <time>2026-08-23T06:21:25+00:00</time>
      </trkpt>
      <trkpt lat="45.66728" lon="6.8548">
        <ele>2254</ele>
        <time>2026-08-23T06:21:28+00:00</time>
      </trkpt>
      <trkpt lat="45.66752" lon="6.85488">
        <ele>2256</ele>
        <time>2026-08-23T06:21:31+00:00</time>
      </trkpt>
      <trkpt lat="45.66776" lon="6.85489">
        <ele>2253</ele>
        <time>2026-08-23T06:21:34+00:00</time>
      </trkpt>
      <trkpt lat="45.66793" lon="6.855">
        <ele>2257</ele>
        <time>2026-08-23T06:21:37+00:00</time>
      </trkpt>
      <trkpt lat="45.66818" lon="6.85514">
        <ele>2250</ele>
        <time>2026-08-23T06:21:40+00:00</time>
      </trkpt>
      <trkpt lat="45.66839" lon="6.85521">
        <ele>2246</ele>
        <time>2026-08-23T06:21:43+00:00</time>
      </trkpt>
      <trkpt lat="45.66846" lon="6.85531">
        <ele>2245</ele>
        <time>2026-08-23T06:21:46+00:00</time>
      </trkpt>
      <trkpt lat="45.66844" lon="6.85548">
        <ele>2246</ele>
        <time>2026-08-23T06:21:49+00:00</time>
      </trkpt>
      <trkpt lat="45.66854" lon="6.85571">
        <ele>2245</ele>
        <time>2026-08-23T06:21:52+00:00</time>
      </trkpt>
      <trkpt lat="45.66855" lon="6.85619">
        <ele>2245</ele>
        <time>2026-08-23T06:21:55+00:00</time>
      </trkpt>
      <trkpt lat="45.66867" lon="6.85639">
        <ele>2244</ele>
        <time>2026-08-23T06:21:58+00:00</time>
      </trkpt>
      <trkpt lat="45.66878" lon="6.8567">
        <ele>2243</ele>
        <time>2026-08-23T06:22:01+00:00</time>
      </trkpt>
      <trkpt lat="45.66864" lon="6.85681">
        <ele>2244</ele>
        <time>2026-08-23T06:22:04+00:00</time>
      </trkpt>
      <trkpt lat="45.66855" lon="6.85694">
        <ele>2242</ele>
        <time>2026-08-23T06:22:07+00:00</time>
      </trkpt>
      <trkpt lat="45.66844" lon="6.85689">
        <ele>2238</ele>
        <time>2026-08-23T06:22:10+00:00</time>
      </trkpt>
      <trkpt lat="45.66835" lon="6.85713">
        <ele>2236</ele>
        <time>2026-08-23T06:22:13+00:00</time>
      </trkpt>
      <trkpt lat="45.66825" lon="6.85738">
        <ele>2233</ele>
        <time>2026-08-23T06:22:16+00:00</time>
      </trkpt>
      <trkpt lat="45.66845" lon="6.85788">
        <ele>2232</ele>
        <time>2026-08-23T06:22:19+00:00</time>
      </trkpt>
      <trkpt lat="45.66861" lon="6.85817">
        <ele>2232</ele>
        <time>2026-08-23T06:22:22+00:00</time>
      </trkpt>
      <trkpt lat="45.66876" lon="6.85819">
        <ele>2233</ele>
        <time>2026-08-23T06:22:25+00:00</time>
      </trkpt>
      <trkpt lat="45.66889" lon="6.85819">
        <ele>2230</ele>
        <time>2026-08-23T06:22:28+00:00</time>
      </trkpt>
      <trkpt lat="45.6689" lon="6.85849">
        <ele>2228</ele>
        <time>2026-08-23T06:22:31+00:00</time>
      </trkpt>
      <trkpt lat="45.66896" lon="6.85906">
        <ele>2228</ele>
        <time>2026-08-23T06:22:34+00:00</time>
      </trkpt>
      <trkpt lat="45.66906" lon="6.85925">
        <ele>2229</ele>
        <time>2026-08-23T06:22:37+00:00</time>
      </trkpt>
      <trkpt lat="45.66926" lon="6.85943">
        <ele>2228</ele>
        <time>2026-08-23T06:22:40+00:00</time>
      </trkpt>
      <trkpt lat="45.6693" lon="6.85971">
        <ele>2229</ele>
        <time>2026-08-23T06:22:43+00:00</time>
      </trkpt>
      <trkpt lat="45.66928" lon="6.85987">
        <ele>2229</ele>
        <time>2026-08-23T06:22:46+00:00</time>
      </trkpt>
      <trkpt lat="45.66938" lon="6.85987">
        <ele>2228</ele>
        <time>2026-08-23T06:22:49+00:00</time>
      </trkpt>
      <trkpt lat="45.66937" lon="6.86007">
        <ele>2230</ele>
        <time>2026-08-23T06:22:52+00:00</time>
      </trkpt>
      <trkpt lat="45.66939" lon="6.86031">
        <ele>2228</ele>
        <time>2026-08-23T06:22:55+00:00</time>
      </trkpt>
      <trkpt lat="45.66942" lon="6.86055">
        <ele>2226</ele>
        <time>2026-08-23T06:22:58+00:00</time>
      </trkpt>
      <trkpt lat="45.66961" lon="6.861">
        <ele>2224</ele>
        <time>2026-08-23T06:23:01+00:00</time>
      </trkpt>
      <trkpt lat="45.66978" lon="6.86148">
        <ele>2218</ele>
        <time>2026-08-23T06:23:04+00:00</time>
      </trkpt>
      <trkpt lat="45.66978" lon="6.86179">
        <ele>2215</ele>
        <time>2026-08-23T06:23:07+00:00</time>
      </trkpt>
      <trkpt lat="45.66988" lon="6.86204">
        <ele>2215</ele>
        <time>2026-08-23T06:23:10+00:00</time>
      </trkpt>
      <trkpt lat="45.66995" lon="6.8622">
        <ele>2214</ele>
        <time>2026-08-23T06:23:13+00:00</time>
      </trkpt>
      <trkpt lat="45.67006" lon="6.86251">
        <ele>2212</ele>
        <time>2026-08-23T06:23:16+00:00</time>
      </trkpt>
      <trkpt lat="45.67035" lon="6.86286">
        <ele>2207</ele>
        <time>2026-08-23T06:23:19+00:00</time>
      </trkpt>
      <trkpt lat="45.67048" lon="6.86304">
        <ele>2204</ele>
        <time>2026-08-23T06:23:22+00:00</time>
      </trkpt>
      <trkpt lat="45.67064" lon="6.86307">
        <ele>2204</ele>
        <time>2026-08-23T06:23:25+00:00</time>
      </trkpt>
      <trkpt lat="45.67092" lon="6.86334">
        <ele>2200</ele>
        <time>2026-08-23T06:23:28+00:00</time>
      </trkpt>
      <trkpt lat="45.671" lon="6.86337">
        <ele>2200</ele>
        <time>2026-08-23T06:23:31+00:00</time>
      </trkpt>
      <trkpt lat="45.67113" lon="6.86337">
        <ele>2199</ele>
        <time>2026-08-23T06:23:34+00:00</time>
      </trkpt>
      <trkpt lat="45.67128" lon="6.86338">
        <ele>2198</ele>
        <time>2026-08-23T06:23:37+00:00</time>
      </trkpt>
      <trkpt lat="45.67134" lon="6.86341">
        <ele>2198</ele>
        <time>2026-08-23T06:23:40+00:00</time>
      </trkpt>
      <trkpt lat="45.67135" lon="6.86351">
        <ele>2195</ele>
        <time>2026-08-23T06:23:43+00:00</time>
      </trkpt>
      <trkpt lat="45.67115" lon="6.86385">
        <ele>2197</ele>
        <time>2026-08-23T06:23:46+00:00</time>
      </trkpt>
      <trkpt lat="45.67096" lon="6.86424">
        <ele>2193</ele>
        <time>2026-08-23T06:23:49+00:00</time>
      </trkpt>
      <trkpt lat="45.67074" lon="6.86452">
        <ele>2192</ele>
        <time>2026-08-23T06:23:52+00:00</time>
      </trkpt>
      <trkpt lat="45.67061" lon="6.86458">
        <ele>2191</ele>
        <time>2026-08-23T06:23:55+00:00</time>
      </trkpt>
      <trkpt lat="45.67052" lon="6.86459">
        <ele>2189</ele>
        <time>2026-08-23T06:23:58+00:00</time>
      </trkpt>
      <trkpt lat="45.67043" lon="6.86458">
        <ele>2187</ele>
        <time>2026-08-23T06:24:01+00:00</time>
      </trkpt>
      <trkpt lat="45.67035" lon="6.86464">
        <ele>2187</ele>
        <time>2026-08-23T06:24:04+00:00</time>
      </trkpt>
      <trkpt lat="45.67013" lon="6.8647">
        <ele>2185</ele>
        <time>2026-08-23T06:24:07+00:00</time>
      </trkpt>
      <trkpt lat="45.66975" lon="6.86504">
        <ele>2179</ele>
        <time>2026-08-23T06:24:10+00:00</time>
      </trkpt>
      <trkpt lat="45.66944" lon="6.86517">
        <ele>2176</ele>
        <time>2026-08-23T06:24:13+00:00</time>
      </trkpt>
      <trkpt lat="45.66903" lon="6.86528">
        <ele>2170</ele>
        <time>2026-08-23T06:24:16+00:00</time>
      </trkpt>
      <trkpt lat="45.66888" lon="6.86537">
        <ele>2169</ele>
        <time>2026-08-23T06:24:19+00:00</time>
      </trkpt>
      <trkpt lat="45.66881" lon="6.86551">
        <ele>2170</ele>
        <time>2026-08-23T06:24:22+00:00</time>
      </trkpt>
      <trkpt lat="45.66878" lon="6.86572">
        <ele>2164</ele>
        <time>2026-08-23T06:24:25+00:00</time>
      </trkpt>
      <trkpt lat="45.66878" lon="6.86585">
        <ele>2164</ele>
        <time>2026-08-23T06:24:28+00:00</time>
      </trkpt>
      <trkpt lat="45.66886" lon="6.86619">
        <ele>2164</ele>
        <time>2026-08-23T06:24:31+00:00</time>
      </trkpt>
      <trkpt lat="45.66904" lon="6.86648">
        <ele>2161</ele>
        <time>2026-08-23T06:24:34+00:00</time>
      </trkpt>
      <trkpt lat="45.66913" lon="6.86696">
        <ele>2156</ele>
        <time>2026-08-23T06:24:37+00:00</time>
      </trkpt>
      <trkpt lat="45.66913" lon="6.86724">
        <ele>2154</ele>
        <time>2026-08-23T06:24:40+00:00</time>
      </trkpt>
      <trkpt lat="45.66906" lon="6.86761">
        <ele>2150</ele>
        <time>2026-08-23T06:24:43+00:00</time>
      </trkpt>
      <trkpt lat="45.66897" lon="6.86811">
        <ele>2148</ele>
        <time>2026-08-23T06:24:46+00:00</time>
      </trkpt>
      <trkpt lat="45.66889" lon="6.86857">
        <ele>2146</ele>
        <time>2026-08-23T06:24:49+00:00</time>
      </trkpt>
      <trkpt lat="45.66884" lon="6.86889">
        <ele>2144</ele>
        <time>2026-08-23T06:24:52+00:00</time>
      </trkpt>
      <trkpt lat="45.66883" lon="6.86918">
        <ele>2142</ele>
        <time>2026-08-23T06:24:55+00:00</time>
      </trkpt>
      <trkpt lat="45.66887" lon="6.86936">
        <ele>2140</ele>
        <time>2026-08-23T06:24:58+00:00</time>
      </trkpt>
      <trkpt lat="45.66887" lon="6.86973">
        <ele>2136</ele>
        <time>2026-08-23T06:25:01+00:00</time>
      </trkpt>
      <trkpt lat="45.66892" lon="6.86999">
        <ele>2136</ele>
        <time>2026-08-23T06:25:04+00:00</time>
      </trkpt>
      <trkpt lat="45.669" lon="6.87032">
        <ele>2129</ele>
        <time>2026-08-23T06:25:07+00:00</time>
      </trkpt>
      <trkpt lat="45.66924" lon="6.87079">
        <ele>2129</ele>
        <time>2026-08-23T06:25:10+00:00</time>
      </trkpt>
      <trkpt lat="45.66943" lon="6.87112">
        <ele>2127</ele>
        <time>2026-08-23T06:25:13+00:00</time>
      </trkpt>
      <trkpt lat="45.66954" lon="6.87145">
        <ele>2126</ele>
        <time>2026-08-23T06:25:16+00:00</time>
      </trkpt>
      <trkpt lat="45.66962" lon="6.87175">
        <ele>2125</ele>
        <time>2026-08-23T06:25:19+00:00</time>
      </trkpt>
      <trkpt lat="45.6698" lon="6.87221">
        <ele>2120</ele>
        <time>2026-08-23T06:25:22+00:00</time>
      </trkpt>
      <trkpt lat="45.66986" lon="6.87234">
        <ele>2120</ele>
        <time>2026-08-23T06:25:25+00:00</time>
      </trkpt>
      <trkpt lat="45.66991" lon="6.87242">
        <ele>2120</ele>
        <time>2026-08-23T06:25:28+00:00</time>
      </trkpt>
      <trkpt lat="45.66996" lon="6.87247">
        <ele>2120</ele>
        <time>2026-08-23T06:25:31+00:00</time>
      </trkpt>
      <trkpt lat="45.66997" lon="6.87256">
        <ele>2120</ele>
        <time>2026-08-23T06:25:34+00:00</time>
      </trkpt>
      <trkpt lat="45.67024" lon="6.87277">
        <ele>2122</ele>
        <time>2026-08-23T06:25:37+00:00</time>
      </trkpt>
      <trkpt lat="45.67028" lon="6.87281">
        <ele>2122</ele>
        <time>2026-08-23T06:25:40+00:00</time>
      </trkpt>
      <trkpt lat="45.67024" lon="6.87294">
        <ele>2124</ele>
        <time>2026-08-23T06:25:43+00:00</time>
      </trkpt>
      <trkpt lat="45.67034" lon="6.87301">
        <ele>2124</ele>
        <time>2026-08-23T06:25:46+00:00</time>
      </trkpt>
      <trkpt lat="45.67042" lon="6.87305">
        <ele>2123</ele>
        <time>2026-08-23T06:25:49+00:00</time>
      </trkpt>
      <trkpt lat="45.67049" lon="6.8731">
        <ele>2123</ele>
        <time>2026-08-23T06:25:52+00:00</time>
      </trkpt>
      <trkpt lat="45.67063" lon="6.87324">
        <ele>2124</ele>
        <time>2026-08-23T06:25:55+00:00</time>
      </trkpt>
      <trkpt lat="45.67069" lon="6.87331">
        <ele>2125</ele>
        <time>2026-08-23T06:25:58+00:00</time>
      </trkpt>
      <trkpt lat="45.67079" lon="6.87346">
        <ele>2125</ele>
        <time>2026-08-23T06:26:01+00:00</time>
      </trkpt>
      <trkpt lat="45.67082" lon="6.87339">
        <ele>2125</ele>
        <time>2026-08-23T06:26:04+00:00</time>
      </trkpt>
      <trkpt lat="45.67088" lon="6.87344">
        <ele>2125</ele>
        <time>2026-08-23T06:26:07+00:00</time>
      </trkpt>
      <trkpt lat="45.67095" lon="6.87345">
        <ele>2125</ele>
        <time>2026-08-23T06:26:10+00:00</time>
      </trkpt>
      <trkpt lat="45.67099" lon="6.8735">
        <ele>2125</ele>
        <time>2026-08-23T06:26:13+00:00</time>
      </trkpt>
      <trkpt lat="45.67099" lon="6.87369">
        <ele>2126</ele>
        <time>2026-08-23T06:26:16+00:00</time>
      </trkpt>
      <trkpt lat="45.67101" lon="6.87379">
        <ele>2128</ele>
        <time>2026-08-23T06:26:19+00:00</time>
      </trkpt>
      <trkpt lat="45.671" lon="6.87387">
        <ele>2128</ele>
        <time>2026-08-23T06:26:22+00:00</time>
      </trkpt>
      <trkpt lat="45.67104" lon="6.87395">
        <ele>2131</ele>
        <time>2026-08-23T06:26:25+00:00</time>
      </trkpt>
      <trkpt lat="45.6711" lon="6.87403">
        <ele>2134</ele>
        <time>2026-08-23T06:26:28+00:00</time>
      </trkpt>
      <trkpt lat="45.67113" lon="6.87406">
        <ele>2134</ele>
        <time>2026-08-23T06:26:31+00:00</time>
      </trkpt>
      <trkpt lat="45.6712" lon="6.87406">
        <ele>2134</ele>
        <time>2026-08-23T06:26:34+00:00</time>
      </trkpt>
      <trkpt lat="45.67121" lon="6.87412">
        <ele>2143</ele>
        <time>2026-08-23T06:26:37+00:00</time>
      </trkpt>
      <trkpt lat="45.6712" lon="6.87418">
        <ele>2142</ele>
        <time>2026-08-23T06:26:40+00:00</time>
      </trkpt>
      <trkpt lat="45.67117" lon="6.87425">
        <ele>2144</ele>
        <time>2026-08-23T06:26:43+00:00</time>
      </trkpt>
      <trkpt lat="45.67113" lon="6.87429">
        <ele>2144</ele>
        <time>2026-08-23T06:26:46+00:00</time>
      </trkpt>
      <trkpt lat="45.67115" lon="6.87442">
        <ele>2144</ele>
        <time>2026-08-23T06:26:49+00:00</time>
      </trkpt>
      <trkpt lat="45.67121" lon="6.87448">
        <ele>2146</ele>
        <time>2026-08-23T06:26:52+00:00</time>
      </trkpt>
      <trkpt lat="45.67133" lon="6.87465">
        <ele>2148</ele>
        <time>2026-08-23T06:26:55+00:00</time>
      </trkpt>
      <trkpt lat="45.67142" lon="6.87476">
        <ele>2147</ele>
        <time>2026-08-23T06:26:58+00:00</time>
      </trkpt>
      <trkpt lat="45.67153" lon="6.87484">
        <ele>2148</ele>
        <time>2026-08-23T06:27:01+00:00</time>
      </trkpt>
      <trkpt lat="45.67161" lon="6.87494">
        <ele>2150</ele>
        <time>2026-08-23T06:27:04+00:00</time>
      </trkpt>
      <trkpt lat="45.67183" lon="6.87525">
        <ele>2150</ele>
        <time>2026-08-23T06:27:07+00:00</time>
      </trkpt>
      <trkpt lat="45.67187" lon="6.87542">
        <ele>2151</ele>
        <time>2026-08-23T06:27:10+00:00</time>
      </trkpt>
      <trkpt lat="45.67178" lon="6.87563">
        <ele>2152</ele>
        <time>2026-08-23T06:27:13+00:00</time>
      </trkpt>
      <trkpt lat="45.67179" lon="6.87584">
        <ele>2153</ele>
        <time>2026-08-23T06:27:16+00:00</time>
      </trkpt>
      <trkpt lat="45.67179" lon="6.87591">
        <ele>2153</ele>
        <time>2026-08-23T06:27:19+00:00</time>
      </trkpt>
      <trkpt lat="45.67178" lon="6.87597">
        <ele>2153</ele>
        <time>2026-08-23T06:27:22+00:00</time>
      </trkpt>
      <trkpt lat="45.67192" lon="6.87613">
        <ele>2153</ele>
        <time>2026-08-23T06:27:25+00:00</time>
      </trkpt>
      <trkpt lat="45.6721" lon="6.87627">
        <ele>2153</ele>
        <time>2026-08-23T06:27:28+00:00</time>
      </trkpt>
      <trkpt lat="45.67236" lon="6.87649">
        <ele>2152</ele>
        <time>2026-08-23T06:27:31+00:00</time>
      </trkpt>
      <trkpt lat="45.67263" lon="6.87672">
        <ele>2152</ele>
        <time>2026-08-23T06:27:34+00:00</time>
      </trkpt>
      <trkpt lat="45.6729" lon="6.87696">
        <ele>2153</ele>
        <time>2026-08-23T06:27:37+00:00</time>
      </trkpt>
      <trkpt lat="45.67319" lon="6.87721">
        <ele>2156</ele>
        <time>2026-08-23T06:27:40+00:00</time>
      </trkpt>
      <trkpt lat="45.67349" lon="6.8775">
        <ele>2156</ele>
        <time>2026-08-23T06:27:43+00:00</time>
      </trkpt>
      <trkpt lat="45.67374" lon="6.87777">
        <ele>2158</ele>
        <time>2026-08-23T06:27:46+00:00</time>
      </trkpt>
      <trkpt lat="45.67382" lon="6.87779">
        <ele>2159</ele>
        <time>2026-08-23T06:27:49+00:00</time>
      </trkpt>
      <trkpt lat="45.6739" lon="6.87783">
        <ele>2159</ele>
        <time>2026-08-23T06:27:52+00:00</time>
      </trkpt>
      <trkpt lat="45.67392" lon="6.87787">
        <ele>2160</ele>
        <time>2026-08-23T06:27:55+00:00</time>
      </trkpt>
      <trkpt lat="45.674" lon="6.87799">
        <ele>2160</ele>
        <time>2026-08-23T06:27:58+00:00</time>
      </trkpt>
      <trkpt lat="45.67421" lon="6.87822">
        <ele>2161</ele>
        <time>2026-08-23T06:28:01+00:00</time>
      </trkpt>
      <trkpt lat="45.67439" lon="6.8784">
        <ele>2161</ele>
        <time>2026-08-23T06:28:04+00:00</time>
      </trkpt>
      <trkpt lat="45.67457" lon="6.87855">
        <ele>2162</ele>
        <time>2026-08-23T06:28:07+00:00</time>
      </trkpt>
      <trkpt lat="45.67473" lon="6.87873">
        <ele>2161</ele>
        <time>2026-08-23T06:28:10+00:00</time>
      </trkpt>
      <trkpt lat="45.67496" lon="6.87894">
        <ele>2161</ele>
        <time>2026-08-23T06:28:13+00:00</time>
      </trkpt>
      <trkpt lat="45.67529" lon="6.87925">
        <ele>2161</ele>
        <time>2026-08-23T06:28:16+00:00</time>
      </trkpt>
      <trkpt lat="45.67548" lon="6.87944">
        <ele>2161</ele>
        <time>2026-08-23T06:28:19+00:00</time>
      </trkpt>
      <trkpt lat="45.67568" lon="6.87963">
        <ele>2160</ele>
        <time>2026-08-23T06:28:22+00:00</time>
      </trkpt>
      <trkpt lat="45.67598" lon="6.87991">
        <ele>2160</ele>
        <time>2026-08-23T06:28:25+00:00</time>
      </trkpt>
      <trkpt lat="45.67628" lon="6.88019">
        <ele>2160</ele>
        <time>2026-08-23T06:28:28+00:00</time>
      </trkpt>
      <trkpt lat="45.67658" lon="6.88047">
        <ele>2160</ele>
        <time>2026-08-23T06:28:31+00:00</time>
      </trkpt>
      <trkpt lat="45.67694" lon="6.88081">
        <ele>2165</ele>
        <time>2026-08-23T06:28:34+00:00</time>
      </trkpt>
      <trkpt lat="45.67722" lon="6.88107">
        <ele>2167</ele>
        <time>2026-08-23T06:28:37+00:00</time>
      </trkpt>
      <trkpt lat="45.67749" lon="6.88134">
        <ele>2170</ele>
        <time>2026-08-23T06:28:40+00:00</time>
      </trkpt>
      <trkpt lat="45.67789" lon="6.88172">
        <ele>2175</ele>
        <time>2026-08-23T06:28:43+00:00</time>
      </trkpt>
      <trkpt lat="45.67805" lon="6.88177">
        <ele>2175</ele>
        <time>2026-08-23T06:28:46+00:00</time>
      </trkpt>
      <trkpt lat="45.6782" lon="6.88183">
        <ele>2177</ele>
        <time>2026-08-23T06:28:49+00:00</time>
      </trkpt>
      <trkpt lat="45.67838" lon="6.88202">
        <ele>2179</ele>
        <time>2026-08-23T06:28:52+00:00</time>
      </trkpt>
      <trkpt lat="45.67859" lon="6.88212">
        <ele>2181</ele>
        <time>2026-08-23T06:28:55+00:00</time>
      </trkpt>
      <trkpt lat="45.67888" lon="6.88235">
        <ele>2184</ele>
        <time>2026-08-23T06:28:58+00:00</time>
      </trkpt>
      <trkpt lat="45.67912" lon="6.88245">
        <ele>2187</ele>
        <time>2026-08-23T06:29:01+00:00</time>
      </trkpt>
      <trkpt lat="45.67941" lon="6.88257">
        <ele>2188</ele>
        <time>2026-08-23T06:29:04+00:00</time>
      </trkpt>
      <trkpt lat="45.67952" lon="6.88222">
        <ele>2187</ele>
        <time>2026-08-23T06:29:07+00:00</time>
      </trkpt>
      <trkpt lat="45.67964" lon="6.88178">
        <ele>2186</ele>
        <time>2026-08-23T06:29:10+00:00</time>
      </trkpt>
      <trkpt lat="45.67979" lon="6.88146">
        <ele>2185</ele>
        <time>2026-08-23T06:29:13+00:00</time>
      </trkpt>
      <trkpt lat="45.67999" lon="6.88102">
        <ele>2183</ele>
        <time>2026-08-23T06:29:16+00:00</time>
      </trkpt>
      <trkpt lat="45.68027" lon="6.88097">
        <ele>2182</ele>
        <time>2026-08-23T06:29:19+00:00</time>
      </trkpt>
      <trkpt lat="45.68068" lon="6.8809">
        <ele>2183</ele>
        <time>2026-08-23T06:29:22+00:00</time>
      </trkpt>
      <trkpt lat="45.68095" lon="6.88107">
        <ele>2184</ele>
        <time>2026-08-23T06:29:25+00:00</time>
      </trkpt>
      <trkpt lat="45.68145" lon="6.88139">
        <ele>2195</ele>
        <time>2026-08-23T06:29:28+00:00</time>
      </trkpt>
      <trkpt lat="45.68177" lon="6.88138">
        <ele>2198</ele>
        <time>2026-08-23T06:29:31+00:00</time>
      </trkpt>
      <trkpt lat="45.6821" lon="6.88137">
        <ele>2199</ele>
        <time>2026-08-23T06:29:34+00:00</time>
      </trkpt>
      <trkpt lat="45.68248" lon="6.88136">
        <ele>2195</ele>
        <time>2026-08-23T06:29:37+00:00</time>
      </trkpt>
      <trkpt lat="45.68278" lon="6.88134">
        <ele>2192</ele>
        <time>2026-08-23T06:29:40+00:00</time>
      </trkpt>
      <trkpt lat="45.68303" lon="6.88133">
        <ele>2183</ele>
        <time>2026-08-23T06:29:43+00:00</time>
      </trkpt>
      <trkpt lat="45.68332" lon="6.88132">
        <ele>2183</ele>
        <time>2026-08-23T06:29:46+00:00</time>
      </trkpt>
      <trkpt lat="45.6835" lon="6.88148">
        <ele>2184</ele>
        <time>2026-08-23T06:29:49+00:00</time>
      </trkpt>
      <trkpt lat="45.68363" lon="6.88179">
        <ele>2191</ele>
        <time>2026-08-23T06:29:52+00:00</time>
      </trkpt>
      <trkpt lat="45.68375" lon="6.8821">
        <ele>2196</ele>
        <time>2026-08-23T06:29:55+00:00</time>
      </trkpt>
      <trkpt lat="45.68389" lon="6.88245">
        <ele>2198</ele>
        <time>2026-08-23T06:29:58+00:00</time>
      </trkpt>
      <trkpt lat="45.68408" lon="6.88277">
        <ele>2197</ele>
        <time>2026-08-23T06:30:01+00:00</time>
      </trkpt>
      <trkpt lat="45.68438" lon="6.88328">
        <ele>2197</ele>
        <time>2026-08-23T06:30:04+00:00</time>
      </trkpt>
      <trkpt lat="45.68463" lon="6.88352">
        <ele>2186</ele>
        <time>2026-08-23T06:30:07+00:00</time>
      </trkpt>
      <trkpt lat="45.68478" lon="6.88386">
        <ele>2185</ele>
        <time>2026-08-23T06:30:10+00:00</time>
      </trkpt>
      <trkpt lat="45.6848" lon="6.88421">
        <ele>2182</ele>
        <time>2026-08-23T06:30:13+00:00</time>
      </trkpt>
      <trkpt lat="45.68482" lon="6.88461">
        <ele>2174</ele>
        <time>2026-08-23T06:30:16+00:00</time>
      </trkpt>
      <trkpt lat="45.6849" lon="6.88505">
        <ele>2172</ele>
        <time>2026-08-23T06:30:19+00:00</time>
      </trkpt>
      <trkpt lat="45.68498" lon="6.88549">
        <ele>2172</ele>
        <time>2026-08-23T06:30:22+00:00</time>
      </trkpt>
      <trkpt lat="45.68507" lon="6.88596">
        <ele>2173</ele>
        <time>2026-08-23T06:30:25+00:00</time>
      </trkpt>
      <trkpt lat="45.68513" lon="6.8863">
        <ele>2174</ele>
        <time>2026-08-23T06:30:28+00:00</time>
      </trkpt>
      <trkpt lat="45.68519" lon="6.88668">
        <ele>2174</ele>
        <time>2026-08-23T06:30:31+00:00</time>
      </trkpt>
      <trkpt lat="45.6853" lon="6.88701">
        <ele>2171</ele>
        <time>2026-08-23T06:30:34+00:00</time>
      </trkpt>
      <trkpt lat="45.68543" lon="6.88739">
        <ele>2171</ele>
        <time>2026-08-23T06:30:37+00:00</time>
      </trkpt>
      <trkpt lat="45.68556" lon="6.88775">
        <ele>2167</ele>
        <time>2026-08-23T06:30:40+00:00</time>
      </trkpt>
      <trkpt lat="45.68579" lon="6.8878">
        <ele>2163</ele>
        <time>2026-08-23T06:30:43+00:00</time>
      </trkpt>
      <trkpt lat="45.68596" lon="6.88782">
        <ele>2160</ele>
        <time>2026-08-23T06:30:46+00:00</time>
      </trkpt>
      <trkpt lat="45.68613" lon="6.88781">
        <ele>2156</ele>
        <time>2026-08-23T06:30:49+00:00</time>
      </trkpt>
      <trkpt lat="45.68627" lon="6.88782">
        <ele>2153</ele>
        <time>2026-08-23T06:30:52+00:00</time>
      </trkpt>
      <trkpt lat="45.68643" lon="6.8879">
        <ele>2152</ele>
        <time>2026-08-23T06:30:55+00:00</time>
      </trkpt>
      <trkpt lat="45.68657" lon="6.88794">
        <ele>2147</ele>
        <time>2026-08-23T06:30:58+00:00</time>
      </trkpt>
      <trkpt lat="45.68675" lon="6.888">
        <ele>2148</ele>
        <time>2026-08-23T06:31:01+00:00</time>
      </trkpt>
      <trkpt lat="45.68696" lon="6.88808">
        <ele>2146</ele>
        <time>2026-08-23T06:31:04+00:00</time>
      </trkpt>
      <trkpt lat="45.6873" lon="6.88812">
        <ele>2143</ele>
        <time>2026-08-23T06:31:07+00:00</time>
      </trkpt>
      <trkpt lat="45.68759" lon="6.88812">
        <ele>2139</ele>
        <time>2026-08-23T06:31:10+00:00</time>
      </trkpt>
      <trkpt lat="45.68773" lon="6.88805">
        <ele>2134</ele>
        <time>2026-08-23T06:31:13+00:00</time>
      </trkpt>
      <trkpt lat="45.68786" lon="6.88804">
        <ele>2133</ele>
        <time>2026-08-23T06:31:16+00:00</time>
      </trkpt>
      <trkpt lat="45.68799" lon="6.88807">
        <ele>2133</ele>
        <time>2026-08-23T06:31:19+00:00</time>
      </trkpt>
      <trkpt lat="45.68808" lon="6.88798">
        <ele>2126</ele>
        <time>2026-08-23T06:31:22+00:00</time>
      </trkpt>
      <trkpt lat="45.68833" lon="6.88796">
        <ele>2123</ele>
        <time>2026-08-23T06:31:25+00:00</time>
      </trkpt>
      <trkpt lat="45.68863" lon="6.88794">
        <ele>2120</ele>
        <time>2026-08-23T06:31:28+00:00</time>
      </trkpt>
      <trkpt lat="45.68878" lon="6.88795">
        <ele>2119</ele>
        <time>2026-08-23T06:31:31+00:00</time>
      </trkpt>
      <trkpt lat="45.68892" lon="6.88792">
        <ele>2116</ele>
        <time>2026-08-23T06:31:34+00:00</time>
      </trkpt>
      <trkpt lat="45.68905" lon="6.88793">
        <ele>2116</ele>
        <time>2026-08-23T06:31:37+00:00</time>
      </trkpt>
      <trkpt lat="45.68921" lon="6.88799">
        <ele>2115</ele>
        <time>2026-08-23T06:31:40+00:00</time>
      </trkpt>
      <trkpt lat="45.68936" lon="6.88801">
        <ele>2117</ele>
        <time>2026-08-23T06:31:43+00:00</time>
      </trkpt>
      <trkpt lat="45.6895" lon="6.88809">
        <ele>2115</ele>
        <time>2026-08-23T06:31:46+00:00</time>
      </trkpt>
      <trkpt lat="45.68961" lon="6.88817">
        <ele>2115</ele>
        <time>2026-08-23T06:31:49+00:00</time>
      </trkpt>
      <trkpt lat="45.68979" lon="6.88821">
        <ele>2114</ele>
        <time>2026-08-23T06:31:52+00:00</time>
      </trkpt>
      <trkpt lat="45.69" lon="6.88826">
        <ele>2114</ele>
        <time>2026-08-23T06:31:55+00:00</time>
      </trkpt>
      <trkpt lat="45.69015" lon="6.88831">
        <ele>2112</ele>
        <time>2026-08-23T06:31:58+00:00</time>
      </trkpt>
      <trkpt lat="45.69029" lon="6.88841">
        <ele>2112</ele>
        <time>2026-08-23T06:32:01+00:00</time>
      </trkpt>
      <trkpt lat="45.69045" lon="6.88857">
        <ele>2110</ele>
        <time>2026-08-23T06:32:04+00:00</time>
      </trkpt>
      <trkpt lat="45.69055" lon="6.88864">
        <ele>2110</ele>
        <time>2026-08-23T06:32:07+00:00</time>
      </trkpt>
      <trkpt lat="45.69066" lon="6.88868">
        <ele>2108</ele>
        <time>2026-08-23T06:32:10+00:00</time>
      </trkpt>
      <trkpt lat="45.69076" lon="6.88868">
        <ele>2106</ele>
        <time>2026-08-23T06:32:13+00:00</time>
      </trkpt>
      <trkpt lat="45.69085" lon="6.88865">
        <ele>2105</ele>
        <time>2026-08-23T06:32:16+00:00</time>
      </trkpt>
      <trkpt lat="45.69098" lon="6.88859">
        <ele>2103</ele>
        <time>2026-08-23T06:32:19+00:00</time>
      </trkpt>
      <trkpt lat="45.69109" lon="6.88856">
        <ele>2104</ele>
        <time>2026-08-23T06:32:22+00:00</time>
      </trkpt>
      <trkpt lat="45.69129" lon="6.88838">
        <ele>2104</ele>
        <time>2026-08-23T06:32:25+00:00</time>
      </trkpt>
      <trkpt lat="45.69132" lon="6.88817">
        <ele>2105</ele>
        <time>2026-08-23T06:32:28+00:00</time>
      </trkpt>
      <trkpt lat="45.69132" lon="6.88794">
        <ele>2104</ele>
        <time>2026-08-23T06:32:31+00:00</time>
      </trkpt>
      <trkpt lat="45.69133" lon="6.8877">
        <ele>2104</ele>
        <time>2026-08-23T06:32:34+00:00</time>
      </trkpt>
      <trkpt lat="45.69132" lon="6.88753">
        <ele>2104</ele>
        <time>2026-08-23T06:32:37+00:00</time>
      </trkpt>
      <trkpt lat="45.69128" lon="6.88728">
        <ele>2102</ele>
        <time>2026-08-23T06:32:40+00:00</time>
      </trkpt>
      <trkpt lat="45.69123" lon="6.88703">
        <ele>2101</ele>
        <time>2026-08-23T06:32:43+00:00</time>
      </trkpt>
      <trkpt lat="45.6911" lon="6.88654">
        <ele>2097</ele>
        <time>2026-08-23T06:32:46+00:00</time>
      </trkpt>
      <trkpt lat="45.69117" lon="6.88604">
        <ele>2097</ele>
        <time>2026-08-23T06:32:49+00:00</time>
      </trkpt>
      <trkpt lat="45.69123" lon="6.88571">
        <ele>2097</ele>
        <time>2026-08-23T06:32:52+00:00</time>
      </trkpt>
      <trkpt lat="45.69129" lon="6.88536">
        <ele>2095</ele>
        <time>2026-08-23T06:32:55+00:00</time>
      </trkpt>
      <trkpt lat="45.69133" lon="6.88523">
        <ele>2095</ele>
        <time>2026-08-23T06:32:58+00:00</time>
      </trkpt>
      <trkpt lat="45.69147" lon="6.88484">
        <ele>2094</ele>
        <time>2026-08-23T06:33:01+00:00</time>
      </trkpt>
      <trkpt lat="45.69144" lon="6.88457">
        <ele>2093</ele>
        <time>2026-08-23T06:33:04+00:00</time>
      </trkpt>
      <trkpt lat="45.69145" lon="6.88407">
        <ele>2091</ele>
        <time>2026-08-23T06:33:07+00:00</time>
      </trkpt>
      <trkpt lat="45.69144" lon="6.88374">
        <ele>2091</ele>
        <time>2026-08-23T06:33:10+00:00</time>
      </trkpt>
      <trkpt lat="45.69157" lon="6.8834">
        <ele>2091</ele>
        <time>2026-08-23T06:33:13+00:00</time>
      </trkpt>
      <trkpt lat="45.69159" lon="6.88326">
        <ele>2091</ele>
        <time>2026-08-23T06:33:16+00:00</time>
      </trkpt>
      <trkpt lat="45.69141" lon="6.88301">
        <ele>2092</ele>
        <time>2026-08-23T06:33:19+00:00</time>
      </trkpt>
      <trkpt lat="45.69142" lon="6.88268">
        <ele>2093</ele>
        <time>2026-08-23T06:33:22+00:00</time>
      </trkpt>
      <trkpt lat="45.69147" lon="6.88226">
        <ele>2096</ele>
        <time>2026-08-23T06:33:25+00:00</time>
      </trkpt>
      <trkpt lat="45.69143" lon="6.88206">
        <ele>2097</ele>
        <time>2026-08-23T06:33:28+00:00</time>
      </trkpt>
      <trkpt lat="45.6915" lon="6.88187">
        <ele>2099</ele>
        <time>2026-08-23T06:33:31+00:00</time>
      </trkpt>
      <trkpt lat="45.69153" lon="6.8817">
        <ele>2101</ele>
        <time>2026-08-23T06:33:34+00:00</time>
      </trkpt>
      <trkpt lat="45.69156" lon="6.88138">
        <ele>2104</ele>
        <time>2026-08-23T06:33:37+00:00</time>
      </trkpt>
      <trkpt lat="45.6916" lon="6.88092">
        <ele>2108</ele>
        <time>2026-08-23T06:33:40+00:00</time>
      </trkpt>
      <trkpt lat="45.69169" lon="6.88075">
        <ele>2112</ele>
        <time>2026-08-23T06:33:43+00:00</time>
      </trkpt>
      <trkpt lat="45.69172" lon="6.88053">
        <ele>2116</ele>
        <time>2026-08-23T06:33:46+00:00</time>
      </trkpt>
      <trkpt lat="45.69164" lon="6.8802">
        <ele>2124</ele>
        <time>2026-08-23T06:33:49+00:00</time>
      </trkpt>
      <trkpt lat="45.69171" lon="6.87977">
        <ele>2134</ele>
        <time>2026-08-23T06:33:52+00:00</time>
      </trkpt>
      <trkpt lat="45.69165" lon="6.87959">
        <ele>2141</ele>
        <time>2026-08-23T06:33:55+00:00</time>
      </trkpt>
      <trkpt lat="45.69164" lon="6.87932">
        <ele>2145</ele>
        <time>2026-08-23T06:33:58+00:00</time>
      </trkpt>
      <trkpt lat="45.69163" lon="6.879">
        <ele>2157</ele>
        <time>2026-08-23T06:34:01+00:00</time>
      </trkpt>
      <trkpt lat="45.69147" lon="6.87869">
        <ele>2161</ele>
        <time>2026-08-23T06:34:04+00:00</time>
      </trkpt>
      <trkpt lat="45.69126" lon="6.87829">
        <ele>2170</ele>
        <time>2026-08-23T06:34:07+00:00</time>
      </trkpt>
      <trkpt lat="45.69107" lon="6.87798">
        <ele>2176</ele>
        <time>2026-08-23T06:34:10+00:00</time>
      </trkpt>
      <trkpt lat="45.69078" lon="6.87748">
        <ele>2194</ele>
        <time>2026-08-23T06:34:13+00:00</time>
      </trkpt>
      <trkpt lat="45.69057" lon="6.87728">
        <ele>2195</ele>
        <time>2026-08-23T06:34:16+00:00</time>
      </trkpt>
      <trkpt lat="45.69031" lon="6.87699">
        <ele>2197</ele>
        <time>2026-08-23T06:34:19+00:00</time>
      </trkpt>
      <trkpt lat="45.69012" lon="6.87695">
        <ele>2200</ele>
        <time>2026-08-23T06:34:22+00:00</time>
      </trkpt>
      <trkpt lat="45.69004" lon="6.87662">
        <ele>2207</ele>
        <time>2026-08-23T06:34:25+00:00</time>
      </trkpt>
      <trkpt lat="45.68994" lon="6.87626">
        <ele>2217</ele>
        <time>2026-08-23T06:34:28+00:00</time>
      </trkpt>
      <trkpt lat="45.68974" lon="6.87602">
        <ele>2219</ele>
        <time>2026-08-23T06:34:31+00:00</time>
      </trkpt>
      <trkpt lat="45.68961" lon="6.87564">
        <ele>2222</ele>
        <time>2026-08-23T06:34:34+00:00</time>
      </trkpt>
      <trkpt lat="45.68939" lon="6.87554">
        <ele>2226</ele>
        <time>2026-08-23T06:34:37+00:00</time>
      </trkpt>
      <trkpt lat="45.68931" lon="6.87524">
        <ele>2236</ele>
        <time>2026-08-23T06:34:40+00:00</time>
      </trkpt>
      <trkpt lat="45.68916" lon="6.87509">
        <ele>2237</ele>
        <time>2026-08-23T06:34:43+00:00</time>
      </trkpt>
      <trkpt lat="45.68913" lon="6.87481">
        <ele>2240</ele>
        <time>2026-08-23T06:34:46+00:00</time>
      </trkpt>
      <trkpt lat="45.68908" lon="6.87442">
        <ele>2245</ele>
        <time>2026-08-23T06:34:49+00:00</time>
      </trkpt>
      <trkpt lat="45.68909" lon="6.87431">
        <ele>2247</ele>
        <time>2026-08-23T06:34:52+00:00</time>
      </trkpt>
      <trkpt lat="45.68913" lon="6.87405">
        <ele>2253</ele>
        <time>2026-08-23T06:34:55+00:00</time>
      </trkpt>
      <trkpt lat="45.68909" lon="6.87397">
        <ele>2252</ele>
        <time>2026-08-23T06:34:58+00:00</time>
      </trkpt>
      <trkpt lat="45.68906" lon="6.8736">
        <ele>2255</ele>
        <time>2026-08-23T06:35:01+00:00</time>
      </trkpt>
      <trkpt lat="45.68912" lon="6.87333">
        <ele>2257</ele>
        <time>2026-08-23T06:35:04+00:00</time>
      </trkpt>
      <trkpt lat="45.68921" lon="6.87313">
        <ele>2258</ele>
        <time>2026-08-23T06:35:07+00:00</time>
      </trkpt>
      <trkpt lat="45.6893" lon="6.87299">
        <ele>2258</ele>
        <time>2026-08-23T06:35:10+00:00</time>
      </trkpt>
      <trkpt lat="45.68946" lon="6.87291">
        <ele>2262</ele>
        <time>2026-08-23T06:35:13+00:00</time>
      </trkpt>
      <trkpt lat="45.68964" lon="6.87286">
        <ele>2263</ele>
        <time>2026-08-23T06:35:16+00:00</time>
      </trkpt>
      <trkpt lat="45.68985" lon="6.8728">
        <ele>2266</ele>
        <time>2026-08-23T06:35:19+00:00</time>
      </trkpt>
      <trkpt lat="45.68997" lon="6.87248">
        <ele>2266</ele>
        <time>2026-08-23T06:35:22+00:00</time>
      </trkpt>
      <trkpt lat="45.69007" lon="6.87218">
        <ele>2269</ele>
        <time>2026-08-23T06:35:25+00:00</time>
      </trkpt>
      <trkpt lat="45.69026" lon="6.87195">
        <ele>2272</ele>
        <time>2026-08-23T06:35:28+00:00</time>
      </trkpt>
      <trkpt lat="45.69048" lon="6.87169">
        <ele>2277</ele>
        <time>2026-08-23T06:35:31+00:00</time>
      </trkpt>
      <trkpt lat="45.69061" lon="6.87175">
        <ele>2281</ele>
        <time>2026-08-23T06:35:34+00:00</time>
      </trkpt>
      <trkpt lat="45.69075" lon="6.87174">
        <ele>2282</ele>
        <time>2026-08-23T06:35:37+00:00</time>
      </trkpt>
      <trkpt lat="45.69089" lon="6.87183">
        <ele>2284</ele>
        <time>2026-08-23T06:35:40+00:00</time>
      </trkpt>
      <trkpt lat="45.69097" lon="6.87187">
        <ele>2285</ele>
        <time>2026-08-23T06:35:43+00:00</time>
      </trkpt>
      <trkpt lat="45.69121" lon="6.87197">
        <ele>2285</ele>
        <time>2026-08-23T06:35:46+00:00</time>
      </trkpt>
      <trkpt lat="45.69147" lon="6.87208">
        <ele>2285</ele>
        <time>2026-08-23T06:35:49+00:00</time>
      </trkpt>
      <trkpt lat="45.69166" lon="6.87211">
        <ele>2285</ele>
        <time>2026-08-23T06:35:52+00:00</time>
      </trkpt>
      <trkpt lat="45.69186" lon="6.87217">
        <ele>2284</ele>
        <time>2026-08-23T06:35:55+00:00</time>
      </trkpt>
      <trkpt lat="45.692" lon="6.87214">
        <ele>2284</ele>
        <time>2026-08-23T06:35:58+00:00</time>
      </trkpt>
      <trkpt lat="45.69208" lon="6.87185">
        <ele>2284</ele>
        <time>2026-08-23T06:36:01+00:00</time>
      </trkpt>
      <trkpt lat="45.69218" lon="6.87171">
        <ele>2284</ele>
        <time>2026-08-23T06:36:04+00:00</time>
      </trkpt>
      <trkpt lat="45.69234" lon="6.87166">
        <ele>2283</ele>
        <time>2026-08-23T06:36:07+00:00</time>
      </trkpt>
      <trkpt lat="45.69248" lon="6.87176">
        <ele>2283</ele>
        <time>2026-08-23T06:36:10+00:00</time>
      </trkpt>
      <trkpt lat="45.6926" lon="6.87189">
        <ele>2282</ele>
        <time>2026-08-23T06:36:13+00:00</time>
      </trkpt>
      <trkpt lat="45.69294" lon="6.8719">
        <ele>2278</ele>
        <time>2026-08-23T06:36:16+00:00</time>
      </trkpt>
      <trkpt lat="45.69309" lon="6.87188">
        <ele>2275</ele>
        <time>2026-08-23T06:36:19+00:00</time>
      </trkpt>
      <trkpt lat="45.69332" lon="6.87183">
        <ele>2272</ele>
        <time>2026-08-23T06:36:22+00:00</time>
      </trkpt>
      <trkpt lat="45.69345" lon="6.87178">
        <ele>2271</ele>
        <time>2026-08-23T06:36:25+00:00</time>
      </trkpt>
      <trkpt lat="45.69361" lon="6.87164">
        <ele>2267</ele>
        <time>2026-08-23T06:36:28+00:00</time>
      </trkpt>
      <trkpt lat="45.69387" lon="6.87157">
        <ele>2263</ele>
        <time>2026-08-23T06:36:31+00:00</time>
      </trkpt>
      <trkpt lat="45.69402" lon="6.87134">
        <ele>2260</ele>
        <time>2026-08-23T06:36:34+00:00</time>
      </trkpt>
      <trkpt lat="45.69439" lon="6.87116">
        <ele>2252</ele>
        <time>2026-08-23T06:36:37+00:00</time>
      </trkpt>
      <trkpt lat="45.69446" lon="6.87102">
        <ele>2249</ele>
        <time>2026-08-23T06:36:40+00:00</time>
      </trkpt>
      <trkpt lat="45.69465" lon="6.87082">
        <ele>2246</ele>
        <time>2026-08-23T06:36:43+00:00</time>
      </trkpt>
      <trkpt lat="45.69496" lon="6.8705">
        <ele>2238</ele>
        <time>2026-08-23T06:36:46+00:00</time>
      </trkpt>
      <trkpt lat="45.69518" lon="6.87039">
        <ele>2236</ele>
        <time>2026-08-23T06:36:49+00:00</time>
      </trkpt>
      <trkpt lat="45.69534" lon="6.87026">
        <ele>2232</ele>
        <time>2026-08-23T06:36:52+00:00</time>
      </trkpt>
      <trkpt lat="45.69524" lon="6.87007">
        <ele>2234</ele>
        <time>2026-08-23T06:36:55+00:00</time>
      </trkpt>
      <trkpt lat="45.69515" lon="6.8696">
        <ele>2235</ele>
        <time>2026-08-23T06:36:58+00:00</time>
      </trkpt>
      <trkpt lat="45.69501" lon="6.86919">
        <ele>2237</ele>
        <time>2026-08-23T06:37:01+00:00</time>
      </trkpt>
      <trkpt lat="45.695" lon="6.86895">
        <ele>2239</ele>
        <time>2026-08-23T06:37:04+00:00</time>
      </trkpt>
      <trkpt lat="45.69512" lon="6.86868">
        <ele>2238</ele>
        <time>2026-08-23T06:37:07+00:00</time>
      </trkpt>
      <trkpt lat="45.6952" lon="6.8686">
        <ele>2240</ele>
        <time>2026-08-23T06:37:10+00:00</time>
      </trkpt>
      <trkpt lat="45.69535" lon="6.86848">
        <ele>2239</ele>
        <time>2026-08-23T06:37:13+00:00</time>
      </trkpt>
      <trkpt lat="45.69544" lon="6.86857">
        <ele>2242</ele>
        <time>2026-08-23T06:37:16+00:00</time>
      </trkpt>
      <trkpt lat="45.69556" lon="6.86857">
        <ele>2240</ele>
        <time>2026-08-23T06:37:19+00:00</time>
      </trkpt>
      <trkpt lat="45.69573" lon="6.86838">
        <ele>2242</ele>
        <time>2026-08-23T06:37:22+00:00</time>
      </trkpt>
      <trkpt lat="45.69587" lon="6.86816">
        <ele>2244</ele>
        <time>2026-08-23T06:37:25+00:00</time>
      </trkpt>
      <trkpt lat="45.696" lon="6.86788">
        <ele>2254</ele>
        <time>2026-08-23T06:37:28+00:00</time>
      </trkpt>
      <trkpt lat="45.69605" lon="6.8677">
        <ele>2258</ele>
        <time>2026-08-23T06:37:31+00:00</time>
      </trkpt>
      <trkpt lat="45.6962" lon="6.86743">
        <ele>2257</ele>
        <time>2026-08-23T06:37:34+00:00</time>
      </trkpt>
      <trkpt lat="45.69631" lon="6.86727">
        <ele>2258</ele>
        <time>2026-08-23T06:37:37+00:00</time>
      </trkpt>
      <trkpt lat="45.69645" lon="6.86718">
        <ele>2258</ele>
        <time>2026-08-23T06:37:40+00:00</time>
      </trkpt>
      <trkpt lat="45.69652" lon="6.86712">
        <ele>2256</ele>
        <time>2026-08-23T06:37:43+00:00</time>
      </trkpt>
      <trkpt lat="45.69656" lon="6.86696">
        <ele>2262</ele>
        <time>2026-08-23T06:37:46+00:00</time>
      </trkpt>
      <trkpt lat="45.69672" lon="6.86684">
        <ele>2257</ele>
        <time>2026-08-23T06:37:49+00:00</time>
      </trkpt>
      <trkpt lat="45.69673" lon="6.86665">
        <ele>2265</ele>
        <time>2026-08-23T06:37:52+00:00</time>
      </trkpt>
      <trkpt lat="45.69666" lon="6.86649">
        <ele>2275</ele>
        <time>2026-08-23T06:37:55+00:00</time>
      </trkpt>
      <trkpt lat="45.69674" lon="6.86626">
        <ele>2278</ele>
        <time>2026-08-23T06:37:58+00:00</time>
      </trkpt>
      <trkpt lat="45.69682" lon="6.86603">
        <ele>2284</ele>
        <time>2026-08-23T06:38:01+00:00</time>
      </trkpt>
      <trkpt lat="45.69695" lon="6.86581">
        <ele>2288</ele>
        <time>2026-08-23T06:38:04+00:00</time>
      </trkpt>
      <trkpt lat="45.6971" lon="6.86551">
        <ele>2296</ele>
        <time>2026-08-23T06:38:07+00:00</time>
      </trkpt>
      <trkpt lat="45.69724" lon="6.86542">
        <ele>2295</ele>
        <time>2026-08-23T06:38:10+00:00</time>
      </trkpt>
      <trkpt lat="45.69734" lon="6.86503">
        <ele>2300</ele>
        <time>2026-08-23T06:38:13+00:00</time>
      </trkpt>
      <trkpt lat="45.69726" lon="6.86489">
        <ele>2310</ele>
        <time>2026-08-23T06:38:16+00:00</time>
      </trkpt>
      <trkpt lat="45.6972" lon="6.86481">
        <ele>2305</ele>
        <time>2026-08-23T06:38:19+00:00</time>
      </trkpt>
      <trkpt lat="45.6972" lon="6.86469">
        <ele>2316</ele>
        <time>2026-08-23T06:38:22+00:00</time>
      </trkpt>
      <trkpt lat="45.69723" lon="6.8646">
        <ele>2315</ele>
        <time>2026-08-23T06:38:25+00:00</time>
      </trkpt>
      <trkpt lat="45.69731" lon="6.86454">
        <ele>2311</ele>
        <time>2026-08-23T06:38:28+00:00</time>
      </trkpt>
      <trkpt lat="45.69734" lon="6.86441">
        <ele>2313</ele>
        <time>2026-08-23T06:38:31+00:00</time>
      </trkpt>
      <trkpt lat="45.6973" lon="6.86428">
        <ele>2322</ele>
        <time>2026-08-23T06:38:34+00:00</time>
      </trkpt>
      <trkpt lat="45.69726" lon="6.86397">
        <ele>2326</ele>
        <time>2026-08-23T06:38:37+00:00</time>
      </trkpt>
      <trkpt lat="45.69717" lon="6.86377">
        <ele>2332</ele>
        <time>2026-08-23T06:38:40+00:00</time>
      </trkpt>
      <trkpt lat="45.69724" lon="6.86359">
        <ele>2328</ele>
        <time>2026-08-23T06:38:43+00:00</time>
      </trkpt>
      <trkpt lat="45.69723" lon="6.86341">
        <ele>2332</ele>
        <time>2026-08-23T06:38:46+00:00</time>
      </trkpt>
      <trkpt lat="45.69736" lon="6.86325">
        <ele>2330</ele>
        <time>2026-08-23T06:38:49+00:00</time>
      </trkpt>
      <trkpt lat="45.69738" lon="6.86289">
        <ele>2335</ele>
        <time>2026-08-23T06:38:52+00:00</time>
      </trkpt>
      <trkpt lat="45.69749" lon="6.86287">
        <ele>2333</ele>
        <time>2026-08-23T06:38:55+00:00</time>
      </trkpt>
      <trkpt lat="45.69764" lon="6.86283">
        <ele>2336</ele>
        <time>2026-08-23T06:38:58+00:00</time>
      </trkpt>
      <trkpt lat="45.69762" lon="6.86245">
        <ele>2342</ele>
        <time>2026-08-23T06:39:01+00:00</time>
      </trkpt>
      <trkpt lat="45.69775" lon="6.86242">
        <ele>2344</ele>
        <time>2026-08-23T06:39:04+00:00</time>
      </trkpt>
      <trkpt lat="45.6978" lon="6.86216">
        <ele>2346</ele>
        <time>2026-08-23T06:39:07+00:00</time>
      </trkpt>
      <trkpt lat="45.69785" lon="6.86186">
        <ele>2354</ele>
        <time>2026-08-23T06:39:10+00:00</time>
      </trkpt>
      <trkpt lat="45.69792" lon="6.86153">
        <ele>2366</ele>
        <time>2026-08-23T06:39:13+00:00</time>
      </trkpt>
      <trkpt lat="45.69798" lon="6.86118">
        <ele>2370</ele>
        <time>2026-08-23T06:39:16+00:00</time>
      </trkpt>
      <trkpt lat="45.69809" lon="6.86091">
        <ele>2378</ele>
        <time>2026-08-23T06:39:19+00:00</time>
      </trkpt>
      <trkpt lat="45.69812" lon="6.86062">
        <ele>2390</ele>
        <time>2026-08-23T06:39:22+00:00</time>
      </trkpt>
      <trkpt lat="45.69827" lon="6.86052">
        <ele>2395</ele>
        <time>2026-08-23T06:39:25+00:00</time>
      </trkpt>
      <trkpt lat="45.69826" lon="6.86035">
        <ele>2398</ele>
        <time>2026-08-23T06:39:28+00:00</time>
      </trkpt>
      <trkpt lat="45.69838" lon="6.86027">
        <ele>2405</ele>
        <time>2026-08-23T06:39:31+00:00</time>
      </trkpt>
      <trkpt lat="45.69832" lon="6.86004">
        <ele>2410</ele>
        <time>2026-08-23T06:39:34+00:00</time>
      </trkpt>
      <trkpt lat="45.69825" lon="6.8598">
        <ele>2410</ele>
        <time>2026-08-23T06:39:37+00:00</time>
      </trkpt>
      <trkpt lat="45.69821" lon="6.85968">
        <ele>2411</ele>
        <time>2026-08-23T06:39:40+00:00</time>
      </trkpt>
      <trkpt lat="45.69825" lon="6.85955">
        <ele>2415</ele>
        <time>2026-08-23T06:39:43+00:00</time>
      </trkpt>
      <trkpt lat="45.69841" lon="6.85927">
        <ele>2424</ele>
        <time>2026-08-23T06:39:46+00:00</time>
      </trkpt>
      <trkpt lat="45.6985" lon="6.85909">
        <ele>2425</ele>
        <time>2026-08-23T06:39:49+00:00</time>
      </trkpt>
      <trkpt lat="45.69856" lon="6.85884">
        <ele>2434</ele>
        <time>2026-08-23T06:39:52+00:00</time>
      </trkpt>
      <trkpt lat="45.69863" lon="6.85856">
        <ele>2438</ele>
        <time>2026-08-23T06:39:55+00:00</time>
      </trkpt>
      <trkpt lat="45.69875" lon="6.85851">
        <ele>2441</ele>
        <time>2026-08-23T06:39:58+00:00</time>
      </trkpt>
      <trkpt lat="45.69879" lon="6.8584">
        <ele>2444</ele>
        <time>2026-08-23T06:40:01+00:00</time>
      </trkpt>
      <trkpt lat="45.69893" lon="6.85806">
        <ele>2458</ele>
        <time>2026-08-23T06:40:04+00:00</time>
      </trkpt>
      <trkpt lat="45.69893" lon="6.85783">
        <ele>2462</ele>
        <time>2026-08-23T06:40:07+00:00</time>
      </trkpt>
      <trkpt lat="45.6989" lon="6.85772">
        <ele>2464</ele>
        <time>2026-08-23T06:40:10+00:00</time>
      </trkpt>
      <trkpt lat="45.69871" lon="6.85748">
        <ele>2463</ele>
        <time>2026-08-23T06:40:13+00:00</time>
      </trkpt>
      <trkpt lat="45.69838" lon="6.85724">
        <ele>2463</ele>
        <time>2026-08-23T06:40:16+00:00</time>
      </trkpt>
      <trkpt lat="45.6984" lon="6.85715">
        <ele>2467</ele>
        <time>2026-08-23T06:40:19+00:00</time>
      </trkpt>
      <trkpt lat="45.6986" lon="6.85715">
        <ele>2474</ele>
        <time>2026-08-23T06:40:22+00:00</time>
      </trkpt>
      <trkpt lat="45.69881" lon="6.85715">
        <ele>2480</ele>
        <time>2026-08-23T06:40:25+00:00</time>
      </trkpt>
      <trkpt lat="45.69911" lon="6.85722">
        <ele>2488</ele>
        <time>2026-08-23T06:40:28+00:00</time>
      </trkpt>
      <trkpt lat="45.69922" lon="6.85723">
        <ele>2492</ele>
        <time>2026-08-23T06:40:31+00:00</time>
      </trkpt>
      <trkpt lat="45.69937" lon="6.85727">
        <ele>2497</ele>
        <time>2026-08-23T06:40:34+00:00</time>
      </trkpt>
      <trkpt lat="45.69942" lon="6.85727">
        <ele>2502</ele>
        <time>2026-08-23T06:40:37+00:00</time>
      </trkpt>
      <trkpt lat="45.69928" lon="6.85692">
        <ele>2497</ele>
        <time>2026-08-23T06:40:40+00:00</time>
      </trkpt>
      <trkpt lat="45.69908" lon="6.85667">
        <ele>2497</ele>
        <time>2026-08-23T06:40:43+00:00</time>
      </trkpt>
      <trkpt lat="45.69922" lon="6.85663">
        <ele>2502</ele>
        <time>2026-08-23T06:40:46+00:00</time>
      </trkpt>
      <trkpt lat="45.69939" lon="6.85661">
        <ele>2504</ele>
        <time>2026-08-23T06:40:49+00:00</time>
      </trkpt>
      <trkpt lat="45.69975" lon="6.85674">
        <ele>2521</ele>
        <time>2026-08-23T06:40:52+00:00</time>
      </trkpt>
      <trkpt lat="45.7001" lon="6.85691">
        <ele>2536</ele>
        <time>2026-08-23T06:40:55+00:00</time>
      </trkpt>
      <trkpt lat="45.70023" lon="6.85687">
        <ele>2541</ele>
        <time>2026-08-23T06:40:58+00:00</time>
      </trkpt>
      <trkpt lat="45.70027" lon="6.85674">
        <ele>2543</ele>
        <time>2026-08-23T06:41:01+00:00</time>
      </trkpt>
      <trkpt lat="45.70037" lon="6.85665">
        <ele>2551</ele>
        <time>2026-08-23T06:41:04+00:00</time>
      </trkpt>
      <trkpt lat="45.70049" lon="6.85658">
        <ele>2555</ele>
        <time>2026-08-23T06:41:07+00:00</time>
      </trkpt>
      <trkpt lat="45.70064" lon="6.85654">
        <ele>2555</ele>
        <time>2026-08-23T06:41:10+00:00</time>
      </trkpt>
      <trkpt lat="45.70068" lon="6.85616">
        <ele>2549</ele>
        <time>2026-08-23T06:41:13+00:00</time>
      </trkpt>
      <trkpt lat="45.70076" lon="6.85615">
        <ele>2552</ele>
        <time>2026-08-23T06:41:16+00:00</time>
      </trkpt>
      <trkpt lat="45.70092" lon="6.85601">
        <ele>2543</ele>
        <time>2026-08-23T06:41:19+00:00</time>
      </trkpt>
      <trkpt lat="45.70108" lon="6.85603">
        <ele>2541</ele>
        <time>2026-08-23T06:41:22+00:00</time>
      </trkpt>
      <trkpt lat="45.70127" lon="6.856">
        <ele>2544</ele>
        <time>2026-08-23T06:41:25+00:00</time>
      </trkpt>
      <trkpt lat="45.70152" lon="6.85597">
        <ele>2546</ele>
        <time>2026-08-23T06:41:28+00:00</time>
      </trkpt>
      <trkpt lat="45.70166" lon="6.85594">
        <ele>2548</ele>
        <time>2026-08-23T06:41:31+00:00</time>
      </trkpt>
      <trkpt lat="45.7018" lon="6.85596">
        <ele>2551</ele>
        <time>2026-08-23T06:41:34+00:00</time>
      </trkpt>
      <trkpt lat="45.70193" lon="6.85581">
        <ele>2552</ele>
        <time>2026-08-23T06:41:37+00:00</time>
      </trkpt>
      <trkpt lat="45.70204" lon="6.85558">
        <ele>2551</ele>
        <time>2026-08-23T06:41:40+00:00</time>
      </trkpt>
      <trkpt lat="45.70226" lon="6.85519">
        <ele>2552</ele>
        <time>2026-08-23T06:41:43+00:00</time>
      </trkpt>
      <trkpt lat="45.70242" lon="6.85512">
        <ele>2555</ele>
        <time>2026-08-23T06:41:46+00:00</time>
      </trkpt>
      <trkpt lat="45.70258" lon="6.85511">
        <ele>2556</ele>
        <time>2026-08-23T06:41:49+00:00</time>
      </trkpt>
      <trkpt lat="45.70266" lon="6.85513">
        <ele>2557</ele>
        <time>2026-08-23T06:41:52+00:00</time>
      </trkpt>
      <trkpt lat="45.70282" lon="6.85508">
        <ele>2555</ele>
        <time>2026-08-23T06:41:55+00:00</time>
      </trkpt>
      <trkpt lat="45.70299" lon="6.85499">
        <ele>2556</ele>
        <time>2026-08-23T06:41:58+00:00</time>
      </trkpt>
      <trkpt lat="45.70303" lon="6.85499">
        <ele>2554</ele>
        <time>2026-08-23T06:42:01+00:00</time>
      </trkpt>
      <trkpt lat="45.70327" lon="6.85508">
        <ele>2550</ele>
        <time>2026-08-23T06:42:04+00:00</time>
      </trkpt>
      <trkpt lat="45.70358" lon="6.85501">
        <ele>2548</ele>
        <time>2026-08-23T06:42:07+00:00</time>
      </trkpt>
      <trkpt lat="45.70372" lon="6.85499">
        <ele>2544</ele>
        <time>2026-08-23T06:42:10+00:00</time>
      </trkpt>
      <trkpt lat="45.70387" lon="6.85504">
        <ele>2547</ele>
        <time>2026-08-23T06:42:13+00:00</time>
      </trkpt>
      <trkpt lat="45.70399" lon="6.85506">
        <ele>2546</ele>
        <time>2026-08-23T06:42:16+00:00</time>
      </trkpt>
      <trkpt lat="45.70414" lon="6.85503">
        <ele>2546</ele>
        <time>2026-08-23T06:42:19+00:00</time>
      </trkpt>
      <trkpt lat="45.70424" lon="6.85499">
        <ele>2544</ele>
        <time>2026-08-23T06:42:22+00:00</time>
      </trkpt>
      <trkpt lat="45.70432" lon="6.85492">
        <ele>2545</ele>
        <time>2026-08-23T06:42:25+00:00</time>
      </trkpt>
      <trkpt lat="45.70439" lon="6.85457">
        <ele>2545</ele>
        <time>2026-08-23T06:42:28+00:00</time>
      </trkpt>
      <trkpt lat="45.70448" lon="6.85416">
        <ele>2544</ele>
        <time>2026-08-23T06:42:31+00:00</time>
      </trkpt>
      <trkpt lat="45.70447" lon="6.85395">
        <ele>2545</ele>
        <time>2026-08-23T06:42:34+00:00</time>
      </trkpt>
      <trkpt lat="45.70447" lon="6.85364">
        <ele>2544</ele>
        <time>2026-08-23T06:42:37+00:00</time>
      </trkpt>
      <trkpt lat="45.70451" lon="6.8534">
        <ele>2542</ele>
        <time>2026-08-23T06:42:40+00:00</time>
      </trkpt>
      <trkpt lat="45.70458" lon="6.85325">
        <ele>2541</ele>
        <time>2026-08-23T06:42:43+00:00</time>
      </trkpt>
      <trkpt lat="45.70478" lon="6.85291">
        <ele>2541</ele>
        <time>2026-08-23T06:42:46+00:00</time>
      </trkpt>
      <trkpt lat="45.70493" lon="6.85287">
        <ele>2541</ele>
        <time>2026-08-23T06:42:49+00:00</time>
      </trkpt>
      <trkpt lat="45.70508" lon="6.85282">
        <ele>2541</ele>
        <time>2026-08-23T06:42:52+00:00</time>
      </trkpt>
      <trkpt lat="45.70514" lon="6.85282">
        <ele>2541</ele>
        <time>2026-08-23T06:42:55+00:00</time>
      </trkpt>
      <trkpt lat="45.70529" lon="6.85286">
        <ele>2541</ele>
        <time>2026-08-23T06:42:58+00:00</time>
      </trkpt>
      <trkpt lat="45.70567" lon="6.85267">
        <ele>2541</ele>
        <time>2026-08-23T06:43:01+00:00</time>
      </trkpt>
      <trkpt lat="45.70578" lon="6.8526">
        <ele>2542</ele>
        <time>2026-08-23T06:43:04+00:00</time>
      </trkpt>
      <trkpt lat="45.70593" lon="6.85256">
        <ele>2541</ele>
        <time>2026-08-23T06:43:07+00:00</time>
      </trkpt>
      <trkpt lat="45.70606" lon="6.85247">
        <ele>2540</ele>
        <time>2026-08-23T06:43:10+00:00</time>
      </trkpt>
      <trkpt lat="45.70618" lon="6.85242">
        <ele>2539</ele>
        <time>2026-08-23T06:43:13+00:00</time>
      </trkpt>
      <trkpt lat="45.70628" lon="6.85242">
        <ele>2539</ele>
        <time>2026-08-23T06:43:16+00:00</time>
      </trkpt>
      <trkpt lat="45.70644" lon="6.8523">
        <ele>2536</ele>
        <time>2026-08-23T06:43:19+00:00</time>
      </trkpt>
      <trkpt lat="45.70665" lon="6.85216">
        <ele>2533</ele>
        <time>2026-08-23T06:43:22+00:00</time>
      </trkpt>
      <trkpt lat="45.70688" lon="6.85195">
        <ele>2531</ele>
        <time>2026-08-23T06:43:25+00:00</time>
      </trkpt>
      <trkpt lat="45.7071" lon="6.85183">
        <ele>2524</ele>
        <time>2026-08-23T06:43:28+00:00</time>
      </trkpt>
      <trkpt lat="45.70733" lon="6.85172">
        <ele>2521</ele>
        <time>2026-08-23T06:43:31+00:00</time>
      </trkpt>
      <trkpt lat="45.70742" lon="6.85163">
        <ele>2521</ele>
        <time>2026-08-23T06:43:34+00:00</time>
      </trkpt>
      <trkpt lat="45.70763" lon="6.85137">
        <ele>2522</ele>
        <time>2026-08-23T06:43:37+00:00</time>
      </trkpt>
      <trkpt lat="45.70775" lon="6.85117">
        <ele>2518</ele>
        <time>2026-08-23T06:43:40+00:00</time>
      </trkpt>
      <trkpt lat="45.70778" lon="6.85088">
        <ele>2520</ele>
        <time>2026-08-23T06:43:43+00:00</time>
      </trkpt>
      <trkpt lat="45.70804" lon="6.85076">
        <ele>2519</ele>
        <time>2026-08-23T06:43:46+00:00</time>
      </trkpt>
      <trkpt lat="45.7083" lon="6.85063">
        <ele>2516</ele>
        <time>2026-08-23T06:43:49+00:00</time>
      </trkpt>
      <trkpt lat="45.70865" lon="6.85044">
        <ele>2515</ele>
        <time>2026-08-23T06:43:52+00:00</time>
      </trkpt>
      <trkpt lat="45.70889" lon="6.85038">
        <ele>2513</ele>
        <time>2026-08-23T06:43:55+00:00</time>
      </trkpt>
      <trkpt lat="45.70902" lon="6.85042">
        <ele>2511</ele>
        <time>2026-08-23T06:43:58+00:00</time>
      </trkpt>
      <trkpt lat="45.70917" lon="6.85061">
        <ele>2510</ele>
        <time>2026-08-23T06:44:01+00:00</time>
      </trkpt>
      <trkpt lat="45.70938" lon="6.85054">
        <ele>2508</ele>
        <time>2026-08-23T06:44:04+00:00</time>
      </trkpt>
      <trkpt lat="45.70966" lon="6.85047">
        <ele>2502</ele>
        <time>2026-08-23T06:44:07+00:00</time>
      </trkpt>
      <trkpt lat="45.7098" lon="6.85041">
        <ele>2501</ele>
        <time>2026-08-23T06:44:10+00:00</time>
      </trkpt>
      <trkpt lat="45.70993" lon="6.85029">
        <ele>2496</ele>
        <time>2026-08-23T06:44:13+00:00</time>
      </trkpt>
      <trkpt lat="45.7102" lon="6.85041">
        <ele>2494</ele>
        <time>2026-08-23T06:44:16+00:00</time>
      </trkpt>
      <trkpt lat="45.71064" lon="6.85059">
        <ele>2486</ele>
        <time>2026-08-23T06:44:19+00:00</time>
      </trkpt>
      <trkpt lat="45.71074" lon="6.85082">
        <ele>2486</ele>
        <time>2026-08-23T06:44:22+00:00</time>
      </trkpt>
      <trkpt lat="45.71098" lon="6.85088">
        <ele>2482</ele>
        <time>2026-08-23T06:44:25+00:00</time>
      </trkpt>
      <trkpt lat="45.71127" lon="6.85082">
        <ele>2471</ele>
        <time>2026-08-23T06:44:28+00:00</time>
      </trkpt>
      <trkpt lat="45.71165" lon="6.85099">
        <ele>2463</ele>
        <time>2026-08-23T06:44:31+00:00</time>
      </trkpt>
      <trkpt lat="45.71176" lon="6.85089">
        <ele>2460</ele>
        <time>2026-08-23T06:44:34+00:00</time>
      </trkpt>
      <trkpt lat="45.71178" lon="6.85074">
        <ele>2459</ele>
        <time>2026-08-23T06:44:37+00:00</time>
      </trkpt>
      <trkpt lat="45.71193" lon="6.85056">
        <ele>2451</ele>
        <time>2026-08-23T06:44:40+00:00</time>
      </trkpt>
      <trkpt lat="45.71206" lon="6.85028">
        <ele>2449</ele>
        <time>2026-08-23T06:44:43+00:00</time>
      </trkpt>
      <trkpt lat="45.71188" lon="6.85017">
        <ele>2447</ele>
        <time>2026-08-23T06:44:46+00:00</time>
      </trkpt>
      <trkpt lat="45.71186" lon="6.84985">
        <ele>2443</ele>
        <time>2026-08-23T06:44:49+00:00</time>
      </trkpt>
      <trkpt lat="45.71188" lon="6.84972">
        <ele>2442</ele>
        <time>2026-08-23T06:44:52+00:00</time>
      </trkpt>
      <trkpt lat="45.712" lon="6.84963">
        <ele>2441</ele>
        <time>2026-08-23T06:44:55+00:00</time>
      </trkpt>
      <trkpt lat="45.71209" lon="6.84935">
        <ele>2438</ele>
        <time>2026-08-23T06:44:58+00:00</time>
      </trkpt>
      <trkpt lat="45.7123" lon="6.84907">
        <ele>2436</ele>
        <time>2026-08-23T06:45:01+00:00</time>
      </trkpt>
      <trkpt lat="45.71253" lon="6.84882">
        <ele>2436</ele>
        <time>2026-08-23T06:45:04+00:00</time>
      </trkpt>
      <trkpt lat="45.71281" lon="6.84857">
        <ele>2437</ele>
        <time>2026-08-23T06:45:07+00:00</time>
      </trkpt>
      <trkpt lat="45.71306" lon="6.84844">
        <ele>2438</ele>
        <time>2026-08-23T06:45:10+00:00</time>
      </trkpt>
      <trkpt lat="45.71323" lon="6.84846">
        <ele>2439</ele>
        <time>2026-08-23T06:45:13+00:00</time>
      </trkpt>
      <trkpt lat="45.71333" lon="6.84864">
        <ele>2440</ele>
        <time>2026-08-23T06:45:16+00:00</time>
      </trkpt>
      <trkpt lat="45.71341" lon="6.84875">
        <ele>2442</ele>
        <time>2026-08-23T06:45:19+00:00</time>
      </trkpt>
      <trkpt lat="45.71357" lon="6.84851">
        <ele>2441</ele>
        <time>2026-08-23T06:45:22+00:00</time>
      </trkpt>
      <trkpt lat="45.71368" lon="6.84842">
        <ele>2443</ele>
        <time>2026-08-23T06:45:25+00:00</time>
      </trkpt>
      <trkpt lat="45.71389" lon="6.84811">
        <ele>2444</ele>
        <time>2026-08-23T06:45:28+00:00</time>
      </trkpt>
      <trkpt lat="45.71412" lon="6.84835">
        <ele>2446</ele>
        <time>2026-08-23T06:45:31+00:00</time>
      </trkpt>
      <trkpt lat="45.71425" lon="6.84884">
        <ele>2450</ele>
        <time>2026-08-23T06:45:34+00:00</time>
      </trkpt>
      <trkpt lat="45.71434" lon="6.84894">
        <ele>2452</ele>
        <time>2026-08-23T06:45:37+00:00</time>
      </trkpt>
      <trkpt lat="45.71443" lon="6.84895">
        <ele>2453</ele>
        <time>2026-08-23T06:45:40+00:00</time>
      </trkpt>
      <trkpt lat="45.7146" lon="6.84908">
        <ele>2455</ele>
        <time>2026-08-23T06:45:43+00:00</time>
      </trkpt>
      <trkpt lat="45.71475" lon="6.84939">
        <ele>2457</ele>
        <time>2026-08-23T06:45:46+00:00</time>
      </trkpt>
      <trkpt lat="45.7149" lon="6.84938">
        <ele>2459</ele>
        <time>2026-08-23T06:45:49+00:00</time>
      </trkpt>
      <trkpt lat="45.71514" lon="6.8495">
        <ele>2462</ele>
        <time>2026-08-23T06:45:52+00:00</time>
      </trkpt>
      <trkpt lat="45.71526" lon="6.8495">
        <ele>2464</ele>
        <time>2026-08-23T06:45:55+00:00</time>
      </trkpt>
      <trkpt lat="45.71549" lon="6.84955">
        <ele>2467</ele>
        <time>2026-08-23T06:45:58+00:00</time>
      </trkpt>
      <trkpt lat="45.71566" lon="6.84964">
        <ele>2469</ele>
        <time>2026-08-23T06:46:01+00:00</time>
      </trkpt>
      <trkpt lat="45.71581" lon="6.84966">
        <ele>2471</ele>
        <time>2026-08-23T06:46:04+00:00</time>
      </trkpt>
      <trkpt lat="45.71598" lon="6.84969">
        <ele>2472</ele>
        <time>2026-08-23T06:46:07+00:00</time>
      </trkpt>
      <trkpt lat="45.71613" lon="6.84966">
        <ele>2473</ele>
        <time>2026-08-23T06:46:10+00:00</time>
      </trkpt>
      <trkpt lat="45.71639" lon="6.84945">
        <ele>2475</ele>
        <time>2026-08-23T06:46:13+00:00</time>
      </trkpt>
      <trkpt lat="45.71647" lon="6.84954">
        <ele>2474</ele>
        <time>2026-08-23T06:46:16+00:00</time>
      </trkpt>
      <trkpt lat="45.71663" lon="6.84937">
        <ele>2475</ele>
        <time>2026-08-23T06:46:19+00:00</time>
      </trkpt>
      <trkpt lat="45.7168" lon="6.84918">
        <ele>2477</ele>
        <time>2026-08-23T06:46:22+00:00</time>
      </trkpt>
      <trkpt lat="45.71692" lon="6.84894">
        <ele>2479</ele>
        <time>2026-08-23T06:46:25+00:00</time>
      </trkpt>
      <trkpt lat="45.71711" lon="6.84865">
        <ele>2482</ele>
        <time>2026-08-23T06:46:28+00:00</time>
      </trkpt>
      <trkpt lat="45.71738" lon="6.84839">
        <ele>2485</ele>
        <time>2026-08-23T06:46:31+00:00</time>
      </trkpt>
      <trkpt lat="45.7178" lon="6.84816">
        <ele>2489</ele>
        <time>2026-08-23T06:46:34+00:00</time>
      </trkpt>
      <trkpt lat="45.71809" lon="6.8478">
        <ele>2493</ele>
        <time>2026-08-23T06:46:37+00:00</time>
      </trkpt>
      <trkpt lat="45.71814" lon="6.84759">
        <ele>2493</ele>
        <time>2026-08-23T06:46:40+00:00</time>
      </trkpt>
      <trkpt lat="45.71829" lon="6.84748">
        <ele>2494</ele>
        <time>2026-08-23T06:46:43+00:00</time>
      </trkpt>
      <trkpt lat="45.71844" lon="6.84736">
        <ele>2495</ele>
        <time>2026-08-23T06:46:46+00:00</time>
      </trkpt>
      <trkpt lat="45.71885" lon="6.84716">
        <ele>2499</ele>
        <time>2026-08-23T06:46:49+00:00</time>
      </trkpt>
      <trkpt lat="45.71896" lon="6.84712">
        <ele>2499</ele>
        <time>2026-08-23T06:46:52+00:00</time>
      </trkpt>
      <trkpt lat="45.71927" lon="6.84713">
        <ele>2500</ele>
        <time>2026-08-23T06:46:55+00:00</time>
      </trkpt>
      <trkpt lat="45.71958" lon="6.84707">
        <ele>2500</ele>
        <time>2026-08-23T06:46:58+00:00</time>
      </trkpt>
      <trkpt lat="45.71968" lon="6.84703">
        <ele>2500</ele>
        <time>2026-08-23T06:47:01+00:00</time>
      </trkpt>
      <trkpt lat="45.71986" lon="6.84704">
        <ele>2498</ele>
        <time>2026-08-23T06:47:04+00:00</time>
      </trkpt>
      <trkpt lat="45.71991" lon="6.84707">
        <ele>2498</ele>
        <time>2026-08-23T06:47:07+00:00</time>
      </trkpt>
      <trkpt lat="45.71996" lon="6.84744">
        <ele>2498</ele>
        <time>2026-08-23T06:47:10+00:00</time>
      </trkpt>
      <trkpt lat="45.72013" lon="6.84785">
        <ele>2501</ele>
        <time>2026-08-23T06:47:13+00:00</time>
      </trkpt>
      <trkpt lat="45.72027" lon="6.8479">
        <ele>2502</ele>
        <time>2026-08-23T06:47:16+00:00</time>
      </trkpt>
      <trkpt lat="45.72055" lon="6.84806">
        <ele>2504</ele>
        <time>2026-08-23T06:47:19+00:00</time>
      </trkpt>
      <trkpt lat="45.7207" lon="6.84817">
        <ele>2507</ele>
        <time>2026-08-23T06:47:22+00:00</time>
      </trkpt>
      <trkpt lat="45.72086" lon="6.84824">
        <ele>2508</ele>
        <time>2026-08-23T06:47:25+00:00</time>
      </trkpt>
      <trkpt lat="45.7212" lon="6.84826">
        <ele>2509</ele>
        <time>2026-08-23T06:47:28+00:00</time>
      </trkpt>
      <trkpt lat="45.72135" lon="6.84826">
        <ele>2510</ele>
        <time>2026-08-23T06:47:31+00:00</time>
      </trkpt>
      <trkpt lat="45.72141" lon="6.84825">
        <ele>2509</ele>
        <time>2026-08-23T06:47:34+00:00</time>
      </trkpt>
      <trkpt lat="45.72153" lon="6.84817">
        <ele>2511</ele>
        <time>2026-08-23T06:47:37+00:00</time>
      </trkpt>
      <trkpt lat="45.72161" lon="6.84792">
        <ele>2509</ele>
        <time>2026-08-23T06:47:40+00:00</time>
      </trkpt>
      <trkpt lat="45.72169" lon="6.8479">
        <ele>2509</ele>
        <time>2026-08-23T06:47:43+00:00</time>
      </trkpt>
      <trkpt lat="45.72184" lon="6.84791">
        <ele>2511</ele>
        <time>2026-08-23T06:47:46+00:00</time>
      </trkpt>
      <trkpt lat="45.72218" lon="6.84769">
        <ele>2513</ele>
        <time>2026-08-23T06:47:49+00:00</time>
      </trkpt>
      <trkpt lat="45.72256" lon="6.84735">
        <ele>2517</ele>
        <time>2026-08-23T06:47:52+00:00</time>
      </trkpt>
      <trkpt lat="45.72264" lon="6.84727">
        <ele>2519</ele>
        <time>2026-08-23T06:47:55+00:00</time>
      </trkpt>
      <trkpt lat="45.7228" lon="6.84704">
        <ele>2522</ele>
        <time>2026-08-23T06:47:58+00:00</time>
      </trkpt>
      <trkpt lat="45.72309" lon="6.84678">
        <ele>2524</ele>
        <time>2026-08-23T06:48:01+00:00</time>
      </trkpt>
      <trkpt lat="45.72339" lon="6.84653">
        <ele>2529</ele>
        <time>2026-08-23T06:48:04+00:00</time>
      </trkpt>
      <trkpt lat="45.72354" lon="6.84643">
        <ele>2531</ele>
        <time>2026-08-23T06:48:07+00:00</time>
      </trkpt>
      <trkpt lat="45.7236" lon="6.84626">
        <ele>2531</ele>
        <time>2026-08-23T06:48:10+00:00</time>
      </trkpt>
      <trkpt lat="45.72383" lon="6.84613">
        <ele>2536</ele>
        <time>2026-08-23T06:48:13+00:00</time>
      </trkpt>
      <trkpt lat="45.72408" lon="6.84599">
        <ele>2540</ele>
        <time>2026-08-23T06:48:16+00:00</time>
      </trkpt>
      <trkpt lat="45.72442" lon="6.84573">
        <ele>2546</ele>
        <time>2026-08-23T06:48:19+00:00</time>
      </trkpt>
      <trkpt lat="45.72473" lon="6.84541">
        <ele>2550</ele>
        <time>2026-08-23T06:48:22+00:00</time>
      </trkpt>
      <trkpt lat="45.725" lon="6.84507">
        <ele>2553</ele>
        <time>2026-08-23T06:48:25+00:00</time>
      </trkpt>
      <trkpt lat="45.72508" lon="6.84498">
        <ele>2555</ele>
        <time>2026-08-23T06:48:28+00:00</time>
      </trkpt>
      <trkpt lat="45.72533" lon="6.84484">
        <ele>2561</ele>
        <time>2026-08-23T06:48:31+00:00</time>
      </trkpt>
      <trkpt lat="45.72553" lon="6.84464">
        <ele>2565</ele>
        <time>2026-08-23T06:48:34+00:00</time>
      </trkpt>
      <trkpt lat="45.72575" lon="6.84443">
        <ele>2570</ele>
        <time>2026-08-23T06:48:37+00:00</time>
      </trkpt>
      <trkpt lat="45.72609" lon="6.84413">
        <ele>2577</ele>
        <time>2026-08-23T06:48:40+00:00</time>
      </trkpt>
      <trkpt lat="45.72624" lon="6.84399">
        <ele>2582</ele>
        <time>2026-08-23T06:48:43+00:00</time>
      </trkpt>
      <trkpt lat="45.72634" lon="6.84379">
        <ele>2587</ele>
        <time>2026-08-23T06:48:46+00:00</time>
      </trkpt>
      <trkpt lat="45.72646" lon="6.84357">
        <ele>2590</ele>
        <time>2026-08-23T06:48:49+00:00</time>
      </trkpt>
      <trkpt lat="45.72654" lon="6.84345">
        <ele>2593</ele>
        <time>2026-08-23T06:48:52+00:00</time>
      </trkpt>
      <trkpt lat="45.72668" lon="6.84329">
        <ele>2595</ele>
        <time>2026-08-23T06:48:55+00:00</time>
      </trkpt>
      <trkpt lat="45.72683" lon="6.84314">
        <ele>2598</ele>
        <time>2026-08-23T06:48:58+00:00</time>
      </trkpt>
      <trkpt lat="45.72708" lon="6.8428">
        <ele>2603</ele>
        <time>2026-08-23T06:49:01+00:00</time>
      </trkpt>
      <trkpt lat="45.72721" lon="6.84271">
        <ele>2606</ele>
        <time>2026-08-23T06:49:04+00:00</time>
      </trkpt>
      <trkpt lat="45.72738" lon="6.84268">
        <ele>2606</ele>
        <time>2026-08-23T06:49:07+00:00</time>
      </trkpt>
      <trkpt lat="45.72756" lon="6.84265">
        <ele>2609</ele>
        <time>2026-08-23T06:49:10+00:00</time>
      </trkpt>
      <trkpt lat="45.72787" lon="6.84271">
        <ele>2616</ele>
        <time>2026-08-23T06:49:13+00:00</time>
      </trkpt>
      <trkpt lat="45.72809" lon="6.8428">
        <ele>2619</ele>
        <time>2026-08-23T06:49:16+00:00</time>
      </trkpt>
      <trkpt lat="45.72823" lon="6.84226">
        <ele>2625</ele>
        <time>2026-08-23T06:49:19+00:00</time>
      </trkpt>
      <trkpt lat="45.72844" lon="6.84205">
        <ele>2628</ele>
        <time>2026-08-23T06:49:22+00:00</time>
      </trkpt>
      <trkpt lat="45.72869" lon="6.8418">
        <ele>2631</ele>
        <time>2026-08-23T06:49:25+00:00</time>
      </trkpt>
      <trkpt lat="45.72904" lon="6.84149">
        <ele>2636</ele>
        <time>2026-08-23T06:49:28+00:00</time>
      </trkpt>
      <trkpt lat="45.72928" lon="6.84134">
        <ele>2638</ele>
        <time>2026-08-23T06:49:31+00:00</time>
      </trkpt>
      <trkpt lat="45.72953" lon="6.84127">
        <ele>2642</ele>
        <time>2026-08-23T06:49:34+00:00</time>
      </trkpt>
      <trkpt lat="45.72983" lon="6.84119">
        <ele>2644</ele>
        <time>2026-08-23T06:49:37+00:00</time>
      </trkpt>
      <trkpt lat="45.72995" lon="6.84111">
        <ele>2645</ele>
        <time>2026-08-23T06:49:40+00:00</time>
      </trkpt>
      <trkpt lat="45.73008" lon="6.84107">
        <ele>2646</ele>
        <time>2026-08-23T06:49:43+00:00</time>
      </trkpt>
      <trkpt lat="45.73021" lon="6.84105">
        <ele>2650</ele>
        <time>2026-08-23T06:49:46+00:00</time>
      </trkpt>
      <trkpt lat="45.73033" lon="6.84101">
        <ele>2651</ele>
        <time>2026-08-23T06:49:49+00:00</time>
      </trkpt>
      <trkpt lat="45.73045" lon="6.84083">
        <ele>2651</ele>
        <time>2026-08-23T06:49:52+00:00</time>
      </trkpt>
      <trkpt lat="45.73065" lon="6.84059">
        <ele>2653</ele>
        <time>2026-08-23T06:49:55+00:00</time>
      </trkpt>
      <trkpt lat="45.73091" lon="6.8403">
        <ele>2656</ele>
        <time>2026-08-23T06:49:58+00:00</time>
      </trkpt>
      <trkpt lat="45.73105" lon="6.84026">
        <ele>2657</ele>
        <time>2026-08-23T06:50:01+00:00</time>
      </trkpt>
      <trkpt lat="45.73123" lon="6.84015">
        <ele>2661</ele>
        <time>2026-08-23T06:50:04+00:00</time>
      </trkpt>
      <trkpt lat="45.73145" lon="6.84001">
        <ele>2663</ele>
        <time>2026-08-23T06:50:07+00:00</time>
      </trkpt>
      <trkpt lat="45.73161" lon="6.83984">
        <ele>2665</ele>
        <time>2026-08-23T06:50:10+00:00</time>
      </trkpt>
      <trkpt lat="45.73167" lon="6.8398">
        <ele>2665</ele>
        <time>2026-08-23T06:50:13+00:00</time>
      </trkpt>
      <trkpt lat="45.7318" lon="6.83981">
        <ele>2667</ele>
        <time>2026-08-23T06:50:16+00:00</time>
      </trkpt>
      <trkpt lat="45.73203" lon="6.83965">
        <ele>2676</ele>
        <time>2026-08-23T06:50:19+00:00</time>
      </trkpt>
      <trkpt lat="45.73231" lon="6.83945">
        <ele>2682</ele>
        <time>2026-08-23T06:50:22+00:00</time>
      </trkpt>
      <trkpt lat="45.73246" lon="6.83943">
        <ele>2687</ele>
        <time>2026-08-23T06:50:25+00:00</time>
      </trkpt>
      <trkpt lat="45.73255" lon="6.83949">
        <ele>2689</ele>
        <time>2026-08-23T06:50:28+00:00</time>
      </trkpt>
      <trkpt lat="45.73275" lon="6.84003">
        <ele>2696</ele>
        <time>2026-08-23T06:50:31+00:00</time>
      </trkpt>
      <trkpt lat="45.73289" lon="6.83996">
        <ele>2699</ele>
        <time>2026-08-23T06:50:34+00:00</time>
      </trkpt>
      <trkpt lat="45.73299" lon="6.83993">
        <ele>2702</ele>
        <time>2026-08-23T06:50:37+00:00</time>
      </trkpt>
      <trkpt lat="45.733" lon="6.8401">
        <ele>2702</ele>
        <time>2026-08-23T06:50:40+00:00</time>
      </trkpt>
      <trkpt lat="45.73308" lon="6.84034">
        <ele>2709</ele>
        <time>2026-08-23T06:50:43+00:00</time>
      </trkpt>
      <trkpt lat="45.73319" lon="6.84039">
        <ele>2712</ele>
        <time>2026-08-23T06:50:46+00:00</time>
      </trkpt>
      <trkpt lat="45.7333" lon="6.84035">
        <ele>2715</ele>
        <time>2026-08-23T06:50:49+00:00</time>
      </trkpt>
      <trkpt lat="45.73341" lon="6.84015">
        <ele>2719</ele>
        <time>2026-08-23T06:50:52+00:00</time>
      </trkpt>
      <trkpt lat="45.73344" lon="6.84021">
        <ele>2719</ele>
        <time>2026-08-23T06:50:55+00:00</time>
      </trkpt>
      <trkpt lat="45.73358" lon="6.83994">
        <ele>2719</ele>
        <time>2026-08-23T06:50:58+00:00</time>
      </trkpt>
      <trkpt lat="45.73361" lon="6.84">
        <ele>2720</ele>
        <time>2026-08-23T06:51:01+00:00</time>
      </trkpt>
      <trkpt lat="45.73367" lon="6.83995">
        <ele>2720</ele>
        <time>2026-08-23T06:51:04+00:00</time>
      </trkpt>
      <trkpt lat="45.73373" lon="6.84004">
        <ele>2720</ele>
        <time>2026-08-23T06:51:07+00:00</time>
      </trkpt>
      <trkpt lat="45.73378" lon="6.84004">
        <ele>2720</ele>
        <time>2026-08-23T06:51:10+00:00</time>
      </trkpt>
      <trkpt lat="45.73397" lon="6.83995">
        <ele>2721</ele>
        <time>2026-08-23T06:51:13+00:00</time>
      </trkpt>
      <trkpt lat="45.73395" lon="6.83972">
        <ele>2721</ele>
        <time>2026-08-23T06:51:16+00:00</time>
      </trkpt>
      <trkpt lat="45.73395" lon="6.83961">
        <ele>2721</ele>
        <time>2026-08-23T06:51:19+00:00</time>
      </trkpt>
      <trkpt lat="45.73398" lon="6.83951">
        <ele>2721</ele>
        <time>2026-08-23T06:51:22+00:00</time>
      </trkpt>
      <trkpt lat="45.73396" lon="6.83941">
        <ele>2721</ele>
        <time>2026-08-23T06:51:25+00:00</time>
      </trkpt>
      <trkpt lat="45.73394" lon="6.83904">
        <ele>2722</ele>
        <time>2026-08-23T06:51:28+00:00</time>
      </trkpt>
      <trkpt lat="45.73391" lon="6.83891">
        <ele>2723</ele>
        <time>2026-08-23T06:51:31+00:00</time>
      </trkpt>
      <trkpt lat="45.73391" lon="6.83878">
        <ele>2725</ele>
        <time>2026-08-23T06:51:34+00:00</time>
      </trkpt>
      <trkpt lat="45.73394" lon="6.83872">
        <ele>2725</ele>
        <time>2026-08-23T06:51:37+00:00</time>
      </trkpt>
      <trkpt lat="45.73392" lon="6.83858">
        <ele>2727</ele>
        <time>2026-08-23T06:51:40+00:00</time>
      </trkpt>
      <trkpt lat="45.73393" lon="6.8385">
        <ele>2727</ele>
        <time>2026-08-23T06:51:43+00:00</time>
      </trkpt>
      <trkpt lat="45.73398" lon="6.83833">
        <ele>2729</ele>
        <time>2026-08-23T06:51:46+00:00</time>
      </trkpt>
      <trkpt lat="45.73399" lon="6.83828">
        <ele>2729</ele>
        <time>2026-08-23T06:51:49+00:00</time>
      </trkpt>
      <trkpt lat="45.73398" lon="6.83813">
        <ele>2730</ele>
        <time>2026-08-23T06:51:52+00:00</time>
      </trkpt>
      <trkpt lat="45.734" lon="6.83807">
        <ele>2730</ele>
        <time>2026-08-23T06:51:55+00:00</time>
      </trkpt>
      <trkpt lat="45.73405" lon="6.83803">
        <ele>2731</ele>
        <time>2026-08-23T06:51:58+00:00</time>
      </trkpt>
      <trkpt lat="45.73412" lon="6.83799">
        <ele>2731</ele>
        <time>2026-08-23T06:52:01+00:00</time>
      </trkpt>
      <trkpt lat="45.7342" lon="6.83789">
        <ele>2729</ele>
        <time>2026-08-23T06:52:04+00:00</time>
      </trkpt>
      <trkpt lat="45.73423" lon="6.83776">
        <ele>2728</ele>
        <time>2026-08-23T06:52:07+00:00</time>
      </trkpt>
      <trkpt lat="45.73422" lon="6.83757">
        <ele>2731</ele>
        <time>2026-08-23T06:52:10+00:00</time>
      </trkpt>
      <trkpt lat="45.73418" lon="6.83715">
        <ele>2733</ele>
        <time>2026-08-23T06:52:13+00:00</time>
      </trkpt>
      <trkpt lat="45.73411" lon="6.8368">
        <ele>2733</ele>
        <time>2026-08-23T06:52:16+00:00</time>
      </trkpt>
      <trkpt lat="45.73403" lon="6.83638">
        <ele>2734</ele>
        <time>2026-08-23T06:52:19+00:00</time>
      </trkpt>
      <trkpt lat="45.73398" lon="6.8362">
        <ele>2738</ele>
        <time>2026-08-23T06:52:22+00:00</time>
      </trkpt>
      <trkpt lat="45.73394" lon="6.83603">
        <ele>2735</ele>
        <time>2026-08-23T06:52:25+00:00</time>
      </trkpt>
      <trkpt lat="45.73392" lon="6.83588">
        <ele>2738</ele>
        <time>2026-08-23T06:52:28+00:00</time>
      </trkpt>
      <trkpt lat="45.73393" lon="6.83572">
        <ele>2737</ele>
        <time>2026-08-23T06:52:31+00:00</time>
      </trkpt>
      <trkpt lat="45.73391" lon="6.83558">
        <ele>2737</ele>
        <time>2026-08-23T06:52:34+00:00</time>
      </trkpt>
      <trkpt lat="45.73391" lon="6.83546">
        <ele>2737</ele>
        <time>2026-08-23T06:52:37+00:00</time>
      </trkpt>
      <trkpt lat="45.73393" lon="6.83529">
        <ele>2732</ele>
        <time>2026-08-23T06:52:40+00:00</time>
      </trkpt>
      <trkpt lat="45.73398" lon="6.8352">
        <ele>2739</ele>
        <time>2026-08-23T06:52:43+00:00</time>
      </trkpt>
      <trkpt lat="45.73406" lon="6.83517">
        <ele>2733</ele>
        <time>2026-08-23T06:52:46+00:00</time>
      </trkpt>
      <trkpt lat="45.73414" lon="6.83518">
        <ele>2727</ele>
        <time>2026-08-23T06:52:49+00:00</time>
      </trkpt>
      <trkpt lat="45.7342" lon="6.8352">
        <ele>2727</ele>
        <time>2026-08-23T06:52:52+00:00</time>
      </trkpt>
      <trkpt lat="45.73436" lon="6.83528">
        <ele>2715</ele>
        <time>2026-08-23T06:52:55+00:00</time>
      </trkpt>
      <trkpt lat="45.73455" lon="6.83553">
        <ele>2710</ele>
        <time>2026-08-23T06:52:58+00:00</time>
      </trkpt>
      <trkpt lat="45.73473" lon="6.83578">
        <ele>2706</ele>
        <time>2026-08-23T06:53:01+00:00</time>
      </trkpt>
      <trkpt lat="45.73493" lon="6.83607">
        <ele>2700</ele>
        <time>2026-08-23T06:53:04+00:00</time>
      </trkpt>
      <trkpt lat="45.73499" lon="6.83617">
        <ele>2700</ele>
        <time>2026-08-23T06:53:07+00:00</time>
      </trkpt>
      <trkpt lat="45.73507" lon="6.83645">
        <ele>2697</ele>
        <time>2026-08-23T06:53:10+00:00</time>
      </trkpt>
      <trkpt lat="45.73515" lon="6.83681">
        <ele>2695</ele>
        <time>2026-08-23T06:53:13+00:00</time>
      </trkpt>
      <trkpt lat="45.73523" lon="6.83706">
        <ele>2693</ele>
        <time>2026-08-23T06:53:16+00:00</time>
      </trkpt>
      <trkpt lat="45.73527" lon="6.83724">
        <ele>2693</ele>
        <time>2026-08-23T06:53:19+00:00</time>
      </trkpt>
      <trkpt lat="45.73531" lon="6.83735">
        <ele>2692</ele>
        <time>2026-08-23T06:53:22+00:00</time>
      </trkpt>
      <trkpt lat="45.73534" lon="6.83737">
        <ele>2692</ele>
        <time>2026-08-23T06:53:25+00:00</time>
      </trkpt>
      <trkpt lat="45.73542" lon="6.83733">
        <ele>2689</ele>
        <time>2026-08-23T06:53:28+00:00</time>
      </trkpt>
      <trkpt lat="45.73549" lon="6.83717">
        <ele>2689</ele>
        <time>2026-08-23T06:53:31+00:00</time>
      </trkpt>
      <trkpt lat="45.73552" lon="6.83715">
        <ele>2688</ele>
        <time>2026-08-23T06:53:34+00:00</time>
      </trkpt>
      <trkpt lat="45.73555" lon="6.83714">
        <ele>2688</ele>
        <time>2026-08-23T06:53:37+00:00</time>
      </trkpt>
      <trkpt lat="45.73558" lon="6.83715">
        <ele>2688</ele>
        <time>2026-08-23T06:53:40+00:00</time>
      </trkpt>
      <trkpt lat="45.73567" lon="6.83725">
        <ele>2686</ele>
        <time>2026-08-23T06:53:43+00:00</time>
      </trkpt>
      <trkpt lat="45.73578" lon="6.83729">
        <ele>2685</ele>
        <time>2026-08-23T06:53:46+00:00</time>
      </trkpt>
      <trkpt lat="45.73584" lon="6.83729">
        <ele>2683</ele>
        <time>2026-08-23T06:53:49+00:00</time>
      </trkpt>
      <trkpt lat="45.73588" lon="6.83733">
        <ele>2683</ele>
        <time>2026-08-23T06:53:52+00:00</time>
      </trkpt>
      <trkpt lat="45.73594" lon="6.83748">
        <ele>2681</ele>
        <time>2026-08-23T06:53:55+00:00</time>
      </trkpt>
      <trkpt lat="45.73608" lon="6.83754">
        <ele>2677</ele>
        <time>2026-08-23T06:53:58+00:00</time>
      </trkpt>
      <trkpt lat="45.73616" lon="6.83754">
        <ele>2676</ele>
        <time>2026-08-23T06:54:01+00:00</time>
      </trkpt>
      <trkpt lat="45.73631" lon="6.83745">
        <ele>2675</ele>
        <time>2026-08-23T06:54:04+00:00</time>
      </trkpt>
      <trkpt lat="45.73639" lon="6.83746">
        <ele>2675</ele>
        <time>2026-08-23T06:54:07+00:00</time>
      </trkpt>
      <trkpt lat="45.73648" lon="6.83744">
        <ele>2674</ele>
        <time>2026-08-23T06:54:10+00:00</time>
      </trkpt>
      <trkpt lat="45.73654" lon="6.83745">
        <ele>2672</ele>
        <time>2026-08-23T06:54:13+00:00</time>
      </trkpt>
      <trkpt lat="45.73668" lon="6.83749">
        <ele>2669</ele>
        <time>2026-08-23T06:54:16+00:00</time>
      </trkpt>
      <trkpt lat="45.73676" lon="6.8375">
        <ele>2669</ele>
        <time>2026-08-23T06:54:19+00:00</time>
      </trkpt>
      <trkpt lat="45.73695" lon="6.83756">
        <ele>2666</ele>
        <time>2026-08-23T06:54:22+00:00</time>
      </trkpt>
      <trkpt lat="45.73707" lon="6.83771">
        <ele>2664</ele>
        <time>2026-08-23T06:54:25+00:00</time>
      </trkpt>
      <trkpt lat="45.73716" lon="6.83791">
        <ele>2661</ele>
        <time>2026-08-23T06:54:28+00:00</time>
      </trkpt>
      <trkpt lat="45.73727" lon="6.83814">
        <ele>2659</ele>
        <time>2026-08-23T06:54:31+00:00</time>
      </trkpt>
      <trkpt lat="45.73735" lon="6.8382">
        <ele>2659</ele>
        <time>2026-08-23T06:54:34+00:00</time>
      </trkpt>
      <trkpt lat="45.73742" lon="6.83821">
        <ele>2658</ele>
        <time>2026-08-23T06:54:37+00:00</time>
      </trkpt>
      <trkpt lat="45.73755" lon="6.83831">
        <ele>2657</ele>
        <time>2026-08-23T06:54:40+00:00</time>
      </trkpt>
      <trkpt lat="45.73766" lon="6.83838">
        <ele>2658</ele>
        <time>2026-08-23T06:54:43+00:00</time>
      </trkpt>
      <trkpt lat="45.7378" lon="6.83844">
        <ele>2657</ele>
        <time>2026-08-23T06:54:46+00:00</time>
      </trkpt>
      <trkpt lat="45.73808" lon="6.83868">
        <ele>2657</ele>
        <time>2026-08-23T06:54:49+00:00</time>
      </trkpt>
      <trkpt lat="45.73817" lon="6.8387">
        <ele>2658</ele>
        <time>2026-08-23T06:54:52+00:00</time>
      </trkpt>
      <trkpt lat="45.73824" lon="6.83861">
        <ele>2658</ele>
        <time>2026-08-23T06:54:55+00:00</time>
      </trkpt>
      <trkpt lat="45.73828" lon="6.8385">
        <ele>2659</ele>
        <time>2026-08-23T06:54:58+00:00</time>
      </trkpt>
      <trkpt lat="45.73828" lon="6.83839">
        <ele>2660</ele>
        <time>2026-08-23T06:55:01+00:00</time>
      </trkpt>
      <trkpt lat="45.73824" lon="6.83837">
        <ele>2660</ele>
        <time>2026-08-23T06:55:04+00:00</time>
      </trkpt>
      <trkpt lat="45.73822" lon="6.83817">
        <ele>2660</ele>
        <time>2026-08-23T06:55:07+00:00</time>
      </trkpt>
      <trkpt lat="45.73822" lon="6.83798">
        <ele>2659</ele>
        <time>2026-08-23T06:55:10+00:00</time>
      </trkpt>
      <trkpt lat="45.73823" lon="6.83776">
        <ele>2660</ele>
        <time>2026-08-23T06:55:13+00:00</time>
      </trkpt>
      <trkpt lat="45.73826" lon="6.83764">
        <ele>2659</ele>
        <time>2026-08-23T06:55:16+00:00</time>
      </trkpt>
      <trkpt lat="45.73833" lon="6.83747">
        <ele>2658</ele>
        <time>2026-08-23T06:55:19+00:00</time>
      </trkpt>
      <trkpt lat="45.73838" lon="6.83737">
        <ele>2657</ele>
        <time>2026-08-23T06:55:22+00:00</time>
      </trkpt>
      <trkpt lat="45.73844" lon="6.83714">
        <ele>2654</ele>
        <time>2026-08-23T06:55:25+00:00</time>
      </trkpt>
      <trkpt lat="45.73848" lon="6.83663">
        <ele>2651</ele>
        <time>2026-08-23T06:55:28+00:00</time>
      </trkpt>
      <trkpt lat="45.73851" lon="6.83656">
        <ele>2648</ele>
        <time>2026-08-23T06:55:31+00:00</time>
      </trkpt>
      <trkpt lat="45.73854" lon="6.83646">
        <ele>2648</ele>
        <time>2026-08-23T06:55:34+00:00</time>
      </trkpt>
      <trkpt lat="45.73864" lon="6.83653">
        <ele>2647</ele>
        <time>2026-08-23T06:55:37+00:00</time>
      </trkpt>
      <trkpt lat="45.73874" lon="6.83686">
        <ele>2646</ele>
        <time>2026-08-23T06:55:40+00:00</time>
      </trkpt>
      <trkpt lat="45.73882" lon="6.83715">
        <ele>2646</ele>
        <time>2026-08-23T06:55:43+00:00</time>
      </trkpt>
      <trkpt lat="45.73888" lon="6.83723">
        <ele>2648</ele>
        <time>2026-08-23T06:55:46+00:00</time>
      </trkpt>
      <trkpt lat="45.73892" lon="6.83725">
        <ele>2646</ele>
        <time>2026-08-23T06:55:49+00:00</time>
      </trkpt>
      <trkpt lat="45.7389" lon="6.83677">
        <ele>2644</ele>
        <time>2026-08-23T06:55:52+00:00</time>
      </trkpt>
      <trkpt lat="45.7389" lon="6.83651">
        <ele>2643</ele>
        <time>2026-08-23T06:55:55+00:00</time>
      </trkpt>
      <trkpt lat="45.73893" lon="6.8363">
        <ele>2641</ele>
        <time>2026-08-23T06:55:58+00:00</time>
      </trkpt>
      <trkpt lat="45.73897" lon="6.83612">
        <ele>2641</ele>
        <time>2026-08-23T06:56:01+00:00</time>
      </trkpt>
      <trkpt lat="45.73903" lon="6.836">
        <ele>2640</ele>
        <time>2026-08-23T06:56:04+00:00</time>
      </trkpt>
      <trkpt lat="45.73908" lon="6.83596">
        <ele>2640</ele>
        <time>2026-08-23T06:56:07+00:00</time>
      </trkpt>
      <trkpt lat="45.73922" lon="6.83588">
        <ele>2638</ele>
        <time>2026-08-23T06:56:10+00:00</time>
      </trkpt>
      <trkpt lat="45.73929" lon="6.83586">
        <ele>2636</ele>
        <time>2026-08-23T06:56:13+00:00</time>
      </trkpt>
      <trkpt lat="45.73936" lon="6.83585">
        <ele>2636</ele>
        <time>2026-08-23T06:56:16+00:00</time>
      </trkpt>
      <trkpt lat="45.73938" lon="6.8358">
        <ele>2636</ele>
        <time>2026-08-23T06:56:19+00:00</time>
      </trkpt>
      <trkpt lat="45.73941" lon="6.83568">
        <ele>2638</ele>
        <time>2026-08-23T06:56:22+00:00</time>
      </trkpt>
      <trkpt lat="45.73942" lon="6.83558">
        <ele>2638</ele>
        <time>2026-08-23T06:56:25+00:00</time>
      </trkpt>
      <trkpt lat="45.73942" lon="6.83531">
        <ele>2639</ele>
        <time>2026-08-23T06:56:28+00:00</time>
      </trkpt>
      <trkpt lat="45.73944" lon="6.83524">
        <ele>2640</ele>
        <time>2026-08-23T06:56:31+00:00</time>
      </trkpt>
      <trkpt lat="45.73946" lon="6.83504">
        <ele>2639</ele>
        <time>2026-08-23T06:56:34+00:00</time>
      </trkpt>
      <trkpt lat="45.73953" lon="6.83487">
        <ele>2640</ele>
        <time>2026-08-23T06:56:37+00:00</time>
      </trkpt>
      <trkpt lat="45.73964" lon="6.83457">
        <ele>2639</ele>
        <time>2026-08-23T06:56:40+00:00</time>
      </trkpt>
      <trkpt lat="45.73968" lon="6.83443">
        <ele>2639</ele>
        <time>2026-08-23T06:56:43+00:00</time>
      </trkpt>
      <trkpt lat="45.73969" lon="6.83431">
        <ele>2639</ele>
        <time>2026-08-23T06:56:46+00:00</time>
      </trkpt>
      <trkpt lat="45.73967" lon="6.83416">
        <ele>2638</ele>
        <time>2026-08-23T06:56:49+00:00</time>
      </trkpt>
      <trkpt lat="45.73964" lon="6.83404">
        <ele>2638</ele>
        <time>2026-08-23T06:56:52+00:00</time>
      </trkpt>
      <trkpt lat="45.73964" lon="6.83394">
        <ele>2637</ele>
        <time>2026-08-23T06:56:55+00:00</time>
      </trkpt>
      <trkpt lat="45.73966" lon="6.83376">
        <ele>2637</ele>
        <time>2026-08-23T06:56:58+00:00</time>
      </trkpt>
      <trkpt lat="45.73966" lon="6.83363">
        <ele>2637</ele>
        <time>2026-08-23T06:57:01+00:00</time>
      </trkpt>
      <trkpt lat="45.73964" lon="6.83351">
        <ele>2637</ele>
        <time>2026-08-23T06:57:04+00:00</time>
      </trkpt>
      <trkpt lat="45.73968" lon="6.8335">
        <ele>2637</ele>
        <time>2026-08-23T06:57:07+00:00</time>
      </trkpt>
      <trkpt lat="45.73973" lon="6.83351">
        <ele>2636</ele>
        <time>2026-08-23T06:57:10+00:00</time>
      </trkpt>
      <trkpt lat="45.73977" lon="6.83356">
        <ele>2636</ele>
        <time>2026-08-23T06:57:13+00:00</time>
      </trkpt>
      <trkpt lat="45.73983" lon="6.83357">
        <ele>2635</ele>
        <time>2026-08-23T06:57:16+00:00</time>
      </trkpt>
      <trkpt lat="45.73997" lon="6.83355">
        <ele>2635</ele>
        <time>2026-08-23T06:57:19+00:00</time>
      </trkpt>
      <trkpt lat="45.74001" lon="6.8335">
        <ele>2634</ele>
        <time>2026-08-23T06:57:22+00:00</time>
      </trkpt>
      <trkpt lat="45.74003" lon="6.83344">
        <ele>2634</ele>
        <time>2026-08-23T06:57:25+00:00</time>
      </trkpt>
      <trkpt lat="45.74008" lon="6.83323">
        <ele>2634</ele>
        <time>2026-08-23T06:57:28+00:00</time>
      </trkpt>
      <trkpt lat="45.7401" lon="6.83319">
        <ele>2634</ele>
        <time>2026-08-23T06:57:31+00:00</time>
      </trkpt>
      <trkpt lat="45.74018" lon="6.83311">
        <ele>2633</ele>
        <time>2026-08-23T06:57:34+00:00</time>
      </trkpt>
      <trkpt lat="45.74022" lon="6.83313">
        <ele>2633</ele>
        <time>2026-08-23T06:57:37+00:00</time>
      </trkpt>
      <trkpt lat="45.74037" lon="6.83329">
        <ele>2634</ele>
        <time>2026-08-23T06:57:40+00:00</time>
      </trkpt>
      <trkpt lat="45.74042" lon="6.83336">
        <ele>2634</ele>
        <time>2026-08-23T06:57:43+00:00</time>
      </trkpt>
      <trkpt lat="45.74049" lon="6.83341">
        <ele>2633</ele>
        <time>2026-08-23T06:57:46+00:00</time>
      </trkpt>
      <trkpt lat="45.74052" lon="6.83338">
        <ele>2634</ele>
        <time>2026-08-23T06:57:49+00:00</time>
      </trkpt>
      <trkpt lat="45.74056" lon="6.83324">
        <ele>2634</ele>
        <time>2026-08-23T06:57:52+00:00</time>
      </trkpt>
      <trkpt lat="45.74058" lon="6.83309">
        <ele>2634</ele>
        <time>2026-08-23T06:57:55+00:00</time>
      </trkpt>
      <trkpt lat="45.74059" lon="6.83297">
        <ele>2634</ele>
        <time>2026-08-23T06:57:58+00:00</time>
      </trkpt>
      <trkpt lat="45.74062" lon="6.83289">
        <ele>2635</ele>
        <time>2026-08-23T06:58:01+00:00</time>
      </trkpt>
      <trkpt lat="45.74066" lon="6.83281">
        <ele>2635</ele>
        <time>2026-08-23T06:58:04+00:00</time>
      </trkpt>
      <trkpt lat="45.7407" lon="6.8328">
        <ele>2635</ele>
        <time>2026-08-23T06:58:07+00:00</time>
      </trkpt>
      <trkpt lat="45.74086" lon="6.83287">
        <ele>2634</ele>
        <time>2026-08-23T06:58:10+00:00</time>
      </trkpt>
      <trkpt lat="45.74093" lon="6.83294">
        <ele>2635</ele>
        <time>2026-08-23T06:58:13+00:00</time>
      </trkpt>
      <trkpt lat="45.74109" lon="6.83321">
        <ele>2634</ele>
        <time>2026-08-23T06:58:16+00:00</time>
      </trkpt>
      <trkpt lat="45.7412" lon="6.83353">
        <ele>2632</ele>
        <time>2026-08-23T06:58:19+00:00</time>
      </trkpt>
      <trkpt lat="45.74132" lon="6.83367">
        <ele>2631</ele>
        <time>2026-08-23T06:58:22+00:00</time>
      </trkpt>
      <trkpt lat="45.7416" lon="6.83358">
        <ele>2631</ele>
        <time>2026-08-23T06:58:25+00:00</time>
      </trkpt>
      <trkpt lat="45.74176" lon="6.83359">
        <ele>2631</ele>
        <time>2026-08-23T06:58:28+00:00</time>
      </trkpt>
      <trkpt lat="45.74198" lon="6.83387">
        <ele>2628</ele>
        <time>2026-08-23T06:58:31+00:00</time>
      </trkpt>
      <trkpt lat="45.74206" lon="6.83399">
        <ele>2626</ele>
        <time>2026-08-23T06:58:34+00:00</time>
      </trkpt>
      <trkpt lat="45.74215" lon="6.83407">
        <ele>2625</ele>
        <time>2026-08-23T06:58:37+00:00</time>
      </trkpt>
      <trkpt lat="45.74231" lon="6.83419">
        <ele>2623</ele>
        <time>2026-08-23T06:58:40+00:00</time>
      </trkpt>
      <trkpt lat="45.74239" lon="6.83429">
        <ele>2622</ele>
        <time>2026-08-23T06:58:43+00:00</time>
      </trkpt>
      <trkpt lat="45.74253" lon="6.83429">
        <ele>2622</ele>
        <time>2026-08-23T06:58:46+00:00</time>
      </trkpt>
      <trkpt lat="45.74259" lon="6.83426">
        <ele>2622</ele>
        <time>2026-08-23T06:58:49+00:00</time>
      </trkpt>
      <trkpt lat="45.74265" lon="6.83422">
        <ele>2623</ele>
        <time>2026-08-23T06:58:52+00:00</time>
      </trkpt>
      <trkpt lat="45.74279" lon="6.83389">
        <ele>2628</ele>
        <time>2026-08-23T06:58:55+00:00</time>
      </trkpt>
      <trkpt lat="45.74284" lon="6.8338">
        <ele>2630</ele>
        <time>2026-08-23T06:58:58+00:00</time>
      </trkpt>
      <trkpt lat="45.74285" lon="6.83362">
        <ele>2631</ele>
        <time>2026-08-23T06:59:01+00:00</time>
      </trkpt>
      <trkpt lat="45.7429" lon="6.83362">
        <ele>2631</ele>
        <time>2026-08-23T06:59:04+00:00</time>
      </trkpt>
      <trkpt lat="45.74305" lon="6.83378">
        <ele>2632</ele>
        <time>2026-08-23T06:59:07+00:00</time>
      </trkpt>
      <trkpt lat="45.74315" lon="6.83385">
        <ele>2632</ele>
        <time>2026-08-23T06:59:10+00:00</time>
      </trkpt>
      <trkpt lat="45.7433" lon="6.83394">
        <ele>2632</ele>
        <time>2026-08-23T06:59:13+00:00</time>
      </trkpt>
      <trkpt lat="45.74338" lon="6.83394">
        <ele>2634</ele>
        <time>2026-08-23T06:59:16+00:00</time>
      </trkpt>
      <trkpt lat="45.74344" lon="6.83392">
        <ele>2636</ele>
        <time>2026-08-23T06:59:19+00:00</time>
      </trkpt>
      <trkpt lat="45.74351" lon="6.83386">
        <ele>2641</ele>
        <time>2026-08-23T06:59:22+00:00</time>
      </trkpt>
      <trkpt lat="45.74363" lon="6.8338">
        <ele>2644</ele>
        <time>2026-08-23T06:59:25+00:00</time>
      </trkpt>
      <trkpt lat="45.74369" lon="6.8338">
        <ele>2644</ele>
        <time>2026-08-23T06:59:28+00:00</time>
      </trkpt>
      <trkpt lat="45.74378" lon="6.83389">
        <ele>2645</ele>
        <time>2026-08-23T06:59:31+00:00</time>
      </trkpt>
      <trkpt lat="45.74395" lon="6.83396">
        <ele>2650</ele>
        <time>2026-08-23T06:59:34+00:00</time>
      </trkpt>
      <trkpt lat="45.74409" lon="6.83409">
        <ele>2645</ele>
        <time>2026-08-23T06:59:37+00:00</time>
      </trkpt>
      <trkpt lat="45.74424" lon="6.83419">
        <ele>2646</ele>
        <time>2026-08-23T06:59:40+00:00</time>
      </trkpt>
      <trkpt lat="45.74436" lon="6.83421">
        <ele>2645</ele>
        <time>2026-08-23T06:59:43+00:00</time>
      </trkpt>
      <trkpt lat="45.7445" lon="6.83425">
        <ele>2647</ele>
        <time>2026-08-23T06:59:46+00:00</time>
      </trkpt>
      <trkpt lat="45.74456" lon="6.83425">
        <ele>2651</ele>
        <time>2026-08-23T06:59:49+00:00</time>
      </trkpt>
      <trkpt lat="45.7446" lon="6.83413">
        <ele>2655</ele>
        <time>2026-08-23T06:59:52+00:00</time>
      </trkpt>
      <trkpt lat="45.74475" lon="6.83419">
        <ele>2648</ele>
        <time>2026-08-23T06:59:55+00:00</time>
      </trkpt>
      <trkpt lat="45.74486" lon="6.83429">
        <ele>2656</ele>
        <time>2026-08-23T06:59:58+00:00</time>
      </trkpt>
      <trkpt lat="45.74498" lon="6.83453">
        <ele>2646</ele>
        <time>2026-08-23T07:00:01+00:00</time>
      </trkpt>
      <trkpt lat="45.74514" lon="6.83484">
        <ele>2629</ele>
        <time>2026-08-23T07:00:04+00:00</time>
      </trkpt>
      <trkpt lat="45.74527" lon="6.83504">
        <ele>2621</ele>
        <time>2026-08-23T07:00:07+00:00</time>
      </trkpt>
      <trkpt lat="45.74534" lon="6.83516">
        <ele>2615</ele>
        <time>2026-08-23T07:00:10+00:00</time>
      </trkpt>
      <trkpt lat="45.74546" lon="6.83513">
        <ele>2621</ele>
        <time>2026-08-23T07:00:13+00:00</time>
      </trkpt>
      <trkpt lat="45.7456" lon="6.83512">
        <ele>2618</ele>
        <time>2026-08-23T07:00:16+00:00</time>
      </trkpt>
      <trkpt lat="45.74565" lon="6.8351">
        <ele>2621</ele>
        <time>2026-08-23T07:00:19+00:00</time>
      </trkpt>
      <trkpt lat="45.74577" lon="6.83489">
        <ele>2622</ele>
        <time>2026-08-23T07:00:22+00:00</time>
      </trkpt>
      <trkpt lat="45.7459" lon="6.83494">
        <ele>2627</ele>
        <time>2026-08-23T07:00:25+00:00</time>
      </trkpt>
      <trkpt lat="45.74603" lon="6.83496">
        <ele>2619</ele>
        <time>2026-08-23T07:00:28+00:00</time>
      </trkpt>
      <trkpt lat="45.74616" lon="6.83493">
        <ele>2622</ele>
        <time>2026-08-23T07:00:31+00:00</time>
      </trkpt>
      <trkpt lat="45.74633" lon="6.83494">
        <ele>2617</ele>
        <time>2026-08-23T07:00:34+00:00</time>
      </trkpt>
      <trkpt lat="45.74645" lon="6.83497">
        <ele>2616</ele>
        <time>2026-08-23T07:00:37+00:00</time>
      </trkpt>
      <trkpt lat="45.74665" lon="6.83507">
        <ele>2607</ele>
        <time>2026-08-23T07:00:40+00:00</time>
      </trkpt>
      <trkpt lat="45.74684" lon="6.83509">
        <ele>2605</ele>
        <time>2026-08-23T07:00:43+00:00</time>
      </trkpt>
      <trkpt lat="45.74699" lon="6.83506">
        <ele>2601</ele>
        <time>2026-08-23T07:00:46+00:00</time>
      </trkpt>
      <trkpt lat="45.7471" lon="6.83502">
        <ele>2601</ele>
        <time>2026-08-23T07:00:49+00:00</time>
      </trkpt>
      <trkpt lat="45.74719" lon="6.83504">
        <ele>2600</ele>
        <time>2026-08-23T07:00:52+00:00</time>
      </trkpt>
      <trkpt lat="45.74728" lon="6.83499">
        <ele>2602</ele>
        <time>2026-08-23T07:00:55+00:00</time>
      </trkpt>
      <trkpt lat="45.74741" lon="6.83497">
        <ele>2600</ele>
        <time>2026-08-23T07:00:58+00:00</time>
      </trkpt>
      <trkpt lat="45.74752" lon="6.83504">
        <ele>2592</ele>
        <time>2026-08-23T07:01:01+00:00</time>
      </trkpt>
      <trkpt lat="45.74763" lon="6.83509">
        <ele>2591</ele>
        <time>2026-08-23T07:01:04+00:00</time>
      </trkpt>
      <trkpt lat="45.74768" lon="6.83507">
        <ele>2591</ele>
        <time>2026-08-23T07:01:07+00:00</time>
      </trkpt>
      <trkpt lat="45.74777" lon="6.83501">
        <ele>2591</ele>
        <time>2026-08-23T07:01:10+00:00</time>
      </trkpt>
      <trkpt lat="45.74788" lon="6.83501">
        <ele>2590</ele>
        <time>2026-08-23T07:01:13+00:00</time>
      </trkpt>
      <trkpt lat="45.74802" lon="6.83499">
        <ele>2592</ele>
        <time>2026-08-23T07:01:16+00:00</time>
      </trkpt>
      <trkpt lat="45.74816" lon="6.83499">
        <ele>2590</ele>
        <time>2026-08-23T07:01:19+00:00</time>
      </trkpt>
      <trkpt lat="45.74832" lon="6.83495">
        <ele>2588</ele>
        <time>2026-08-23T07:01:22+00:00</time>
      </trkpt>
      <trkpt lat="45.74843" lon="6.83495">
        <ele>2590</ele>
        <time>2026-08-23T07:01:25+00:00</time>
      </trkpt>
      <trkpt lat="45.74852" lon="6.83491">
        <ele>2587</ele>
        <time>2026-08-23T07:01:28+00:00</time>
      </trkpt>
      <trkpt lat="45.74865" lon="6.83482">
        <ele>2590</ele>
        <time>2026-08-23T07:01:31+00:00</time>
      </trkpt>
      <trkpt lat="45.74875" lon="6.83477">
        <ele>2591</ele>
        <time>2026-08-23T07:01:34+00:00</time>
      </trkpt>
      <trkpt lat="45.74883" lon="6.83477">
        <ele>2590</ele>
        <time>2026-08-23T07:01:37+00:00</time>
      </trkpt>
      <trkpt lat="45.749" lon="6.83486">
        <ele>2589</ele>
        <time>2026-08-23T07:01:40+00:00</time>
      </trkpt>
      <trkpt lat="45.74918" lon="6.83488">
        <ele>2589</ele>
        <time>2026-08-23T07:01:43+00:00</time>
      </trkpt>
      <trkpt lat="45.74935" lon="6.83493">
        <ele>2585</ele>
        <time>2026-08-23T07:01:46+00:00</time>
      </trkpt>
      <trkpt lat="45.7494" lon="6.83492">
        <ele>2585</ele>
        <time>2026-08-23T07:01:49+00:00</time>
      </trkpt>
      <trkpt lat="45.74946" lon="6.83519">
        <ele>2583</ele>
        <time>2026-08-23T07:01:52+00:00</time>
      </trkpt>
      <trkpt lat="45.74952" lon="6.8354">
        <ele>2580</ele>
        <time>2026-08-23T07:01:55+00:00</time>
      </trkpt>
      <trkpt lat="45.74961" lon="6.83568">
        <ele>2584</ele>
        <time>2026-08-23T07:01:58+00:00</time>
      </trkpt>
      <trkpt lat="45.74971" lon="6.83604">
        <ele>2585</ele>
        <time>2026-08-23T07:02:01+00:00</time>
      </trkpt>
      <trkpt lat="45.74975" lon="6.83638">
        <ele>2585</ele>
        <time>2026-08-23T07:02:04+00:00</time>
      </trkpt>
      <trkpt lat="45.7498" lon="6.83671">
        <ele>2586</ele>
        <time>2026-08-23T07:02:07+00:00</time>
      </trkpt>
      <trkpt lat="45.74987" lon="6.83729">
        <ele>2586</ele>
        <time>2026-08-23T07:02:10+00:00</time>
      </trkpt>
      <trkpt lat="45.74993" lon="6.83763">
        <ele>2583</ele>
        <time>2026-08-23T07:02:13+00:00</time>
      </trkpt>
      <trkpt lat="45.74999" lon="6.83802">
        <ele>2580</ele>
        <time>2026-08-23T07:02:16+00:00</time>
      </trkpt>
      <trkpt lat="45.75008" lon="6.83851">
        <ele>2578</ele>
        <time>2026-08-23T07:02:19+00:00</time>
      </trkpt>
      <trkpt lat="45.7502" lon="6.83886">
        <ele>2578</ele>
        <time>2026-08-23T07:02:22+00:00</time>
      </trkpt>
      <trkpt lat="45.7503" lon="6.83913">
        <ele>2574</ele>
        <time>2026-08-23T07:02:25+00:00</time>
      </trkpt>
      <trkpt lat="45.7504" lon="6.83949">
        <ele>2574</ele>
        <time>2026-08-23T07:02:28+00:00</time>
      </trkpt>
      <trkpt lat="45.75052" lon="6.83984">
        <ele>2574</ele>
        <time>2026-08-23T07:02:31+00:00</time>
      </trkpt>
      <trkpt lat="45.75063" lon="6.84005">
        <ele>2581</ele>
        <time>2026-08-23T07:02:34+00:00</time>
      </trkpt>
      <trkpt lat="45.75068" lon="6.84013">
        <ele>2574</ele>
        <time>2026-08-23T07:02:37+00:00</time>
      </trkpt>
      <trkpt lat="45.75079" lon="6.84065">
        <ele>2574</ele>
        <time>2026-08-23T07:02:40+00:00</time>
      </trkpt>
      <trkpt lat="45.75083" lon="6.84094">
        <ele>2572</ele>
        <time>2026-08-23T07:02:43+00:00</time>
      </trkpt>
      <trkpt lat="45.75094" lon="6.84131">
        <ele>2570</ele>
        <time>2026-08-23T07:02:46+00:00</time>
      </trkpt>
      <trkpt lat="45.75105" lon="6.84173">
        <ele>2567</ele>
        <time>2026-08-23T07:02:49+00:00</time>
      </trkpt>
      <trkpt lat="45.75116" lon="6.84231">
        <ele>2567</ele>
        <time>2026-08-23T07:02:52+00:00</time>
      </trkpt>
      <trkpt lat="45.7512" lon="6.84266">
        <ele>2563</ele>
        <time>2026-08-23T07:02:55+00:00</time>
      </trkpt>
      <trkpt lat="45.7512" lon="6.84319">
        <ele>2560</ele>
        <time>2026-08-23T07:02:58+00:00</time>
      </trkpt>
      <trkpt lat="45.75114" lon="6.84337">
        <ele>2558</ele>
        <time>2026-08-23T07:03:01+00:00</time>
      </trkpt>
      <trkpt lat="45.75112" lon="6.8436">
        <ele>2557</ele>
        <time>2026-08-23T07:03:04+00:00</time>
      </trkpt>
      <trkpt lat="45.75117" lon="6.84402">
        <ele>2553</ele>
        <time>2026-08-23T07:03:07+00:00</time>
      </trkpt>
      <trkpt lat="45.7512" lon="6.84436">
        <ele>2552</ele>
        <time>2026-08-23T07:03:10+00:00</time>
      </trkpt>
      <trkpt lat="45.75124" lon="6.84473">
        <ele>2552</ele>
        <time>2026-08-23T07:03:13+00:00</time>
      </trkpt>
      <trkpt lat="45.75127" lon="6.84486">
        <ele>2550</ele>
        <time>2026-08-23T07:03:16+00:00</time>
      </trkpt>
      <trkpt lat="45.75133" lon="6.84496">
        <ele>2554</ele>
        <time>2026-08-23T07:03:19+00:00</time>
      </trkpt>
      <trkpt lat="45.7514" lon="6.84513">
        <ele>2551</ele>
        <time>2026-08-23T07:03:22+00:00</time>
      </trkpt>
      <trkpt lat="45.75144" lon="6.84521">
        <ele>2553</ele>
        <time>2026-08-23T07:03:25+00:00</time>
      </trkpt>
      <trkpt lat="45.75145" lon="6.84534">
        <ele>2551</ele>
        <time>2026-08-23T07:03:28+00:00</time>
      </trkpt>
      <trkpt lat="45.75145" lon="6.84556">
        <ele>2551</ele>
        <time>2026-08-23T07:03:31+00:00</time>
      </trkpt>
      <trkpt lat="45.75141" lon="6.84581">
        <ele>2545</ele>
        <time>2026-08-23T07:03:34+00:00</time>
      </trkpt>
      <trkpt lat="45.75141" lon="6.84614">
        <ele>2541</ele>
        <time>2026-08-23T07:03:37+00:00</time>
      </trkpt>
      <trkpt lat="45.75138" lon="6.84649">
        <ele>2538</ele>
        <time>2026-08-23T07:03:40+00:00</time>
      </trkpt>
      <trkpt lat="45.75138" lon="6.84664">
        <ele>2532</ele>
        <time>2026-08-23T07:03:43+00:00</time>
      </trkpt>
      <trkpt lat="45.75146" lon="6.84688">
        <ele>2537</ele>
        <time>2026-08-23T07:03:46+00:00</time>
      </trkpt>
      <trkpt lat="45.75155" lon="6.84713">
        <ele>2537</ele>
        <time>2026-08-23T07:03:49+00:00</time>
      </trkpt>
      <trkpt lat="45.75167" lon="6.84756">
        <ele>2537</ele>
        <time>2026-08-23T07:03:52+00:00</time>
      </trkpt>
      <trkpt lat="45.75178" lon="6.8478">
        <ele>2536</ele>
        <time>2026-08-23T07:03:55+00:00</time>
      </trkpt>
      <trkpt lat="45.75176" lon="6.84801">
        <ele>2538</ele>
        <time>2026-08-23T07:03:58+00:00</time>
      </trkpt>
      <trkpt lat="45.75167" lon="6.84822">
        <ele>2536</ele>
        <time>2026-08-23T07:04:01+00:00</time>
      </trkpt>
      <trkpt lat="45.75159" lon="6.84845">
        <ele>2533</ele>
        <time>2026-08-23T07:04:04+00:00</time>
      </trkpt>
      <trkpt lat="45.75154" lon="6.84874">
        <ele>2532</ele>
        <time>2026-08-23T07:04:07+00:00</time>
      </trkpt>
      <trkpt lat="45.75148" lon="6.84904">
        <ele>2527</ele>
        <time>2026-08-23T07:04:10+00:00</time>
      </trkpt>
      <trkpt lat="45.75127" lon="6.84919">
        <ele>2522</ele>
        <time>2026-08-23T07:04:13+00:00</time>
      </trkpt>
      <trkpt lat="45.75126" lon="6.84947">
        <ele>2522</ele>
        <time>2026-08-23T07:04:16+00:00</time>
      </trkpt>
      <trkpt lat="45.75131" lon="6.84975">
        <ele>2523</ele>
        <time>2026-08-23T07:04:19+00:00</time>
      </trkpt>
      <trkpt lat="45.75136" lon="6.84983">
        <ele>2522</ele>
        <time>2026-08-23T07:04:22+00:00</time>
      </trkpt>
      <trkpt lat="45.75144" lon="6.84992">
        <ele>2525</ele>
        <time>2026-08-23T07:04:25+00:00</time>
      </trkpt>
      <trkpt lat="45.75151" lon="6.85008">
        <ele>2524</ele>
        <time>2026-08-23T07:04:28+00:00</time>
      </trkpt>
      <trkpt lat="45.75152" lon="6.85037">
        <ele>2522</ele>
        <time>2026-08-23T07:04:31+00:00</time>
      </trkpt>
      <trkpt lat="45.75148" lon="6.85064">
        <ele>2521</ele>
        <time>2026-08-23T07:04:34+00:00</time>
      </trkpt>
      <trkpt lat="45.75123" lon="6.85097">
        <ele>2514</ele>
        <time>2026-08-23T07:04:37+00:00</time>
      </trkpt>
      <trkpt lat="45.75113" lon="6.85122">
        <ele>2506</ele>
        <time>2026-08-23T07:04:40+00:00</time>
      </trkpt>
      <trkpt lat="45.75113" lon="6.85146">
        <ele>2505</ele>
        <time>2026-08-23T07:04:43+00:00</time>
      </trkpt>
      <trkpt lat="45.75105" lon="6.8517">
        <ele>2503</ele>
        <time>2026-08-23T07:04:46+00:00</time>
      </trkpt>
      <trkpt lat="45.75099" lon="6.85194">
        <ele>2496</ele>
        <time>2026-08-23T07:04:49+00:00</time>
      </trkpt>
      <trkpt lat="45.75105" lon="6.85218">
        <ele>2503</ele>
        <time>2026-08-23T07:04:52+00:00</time>
      </trkpt>
      <trkpt lat="45.75117" lon="6.85234">
        <ele>2499</ele>
        <time>2026-08-23T07:04:55+00:00</time>
      </trkpt>
      <trkpt lat="45.75127" lon="6.85249">
        <ele>2503</ele>
        <time>2026-08-23T07:04:58+00:00</time>
      </trkpt>
      <trkpt lat="45.75135" lon="6.8527">
        <ele>2505</ele>
        <time>2026-08-23T07:05:01+00:00</time>
      </trkpt>
      <trkpt lat="45.75137" lon="6.85289">
        <ele>2503</ele>
        <time>2026-08-23T07:05:04+00:00</time>
      </trkpt>
      <trkpt lat="45.75137" lon="6.85322">
        <ele>2501</ele>
        <time>2026-08-23T07:05:07+00:00</time>
      </trkpt>
      <trkpt lat="45.75122" lon="6.85374">
        <ele>2496</ele>
        <time>2026-08-23T07:05:10+00:00</time>
      </trkpt>
      <trkpt lat="45.75117" lon="6.85412">
        <ele>2491</ele>
        <time>2026-08-23T07:05:13+00:00</time>
      </trkpt>
      <trkpt lat="45.75111" lon="6.85464">
        <ele>2491</ele>
        <time>2026-08-23T07:05:16+00:00</time>
      </trkpt>
      <trkpt lat="45.751" lon="6.85476">
        <ele>2485</ele>
        <time>2026-08-23T07:05:19+00:00</time>
      </trkpt>
      <trkpt lat="45.75096" lon="6.85507">
        <ele>2485</ele>
        <time>2026-08-23T07:05:22+00:00</time>
      </trkpt>
      <trkpt lat="45.75091" lon="6.8555">
        <ele>2485</ele>
        <time>2026-08-23T07:05:25+00:00</time>
      </trkpt>
      <trkpt lat="45.75092" lon="6.8558">
        <ele>2484</ele>
        <time>2026-08-23T07:05:28+00:00</time>
      </trkpt>
      <trkpt lat="45.75087" lon="6.85609">
        <ele>2478</ele>
        <time>2026-08-23T07:05:31+00:00</time>
      </trkpt>
      <trkpt lat="45.75087" lon="6.85632">
        <ele>2476</ele>
        <time>2026-08-23T07:05:34+00:00</time>
      </trkpt>
      <trkpt lat="45.75086" lon="6.85657">
        <ele>2476</ele>
        <time>2026-08-23T07:05:37+00:00</time>
      </trkpt>
      <trkpt lat="45.75085" lon="6.85685">
        <ele>2475</ele>
        <time>2026-08-23T07:05:40+00:00</time>
      </trkpt>
      <trkpt lat="45.75081" lon="6.85715">
        <ele>2474</ele>
        <time>2026-08-23T07:05:43+00:00</time>
      </trkpt>
      <trkpt lat="45.75076" lon="6.85746">
        <ele>2469</ele>
        <time>2026-08-23T07:05:46+00:00</time>
      </trkpt>
      <trkpt lat="45.75076" lon="6.85768">
        <ele>2471</ele>
        <time>2026-08-23T07:05:49+00:00</time>
      </trkpt>
      <trkpt lat="45.75069" lon="6.85788">
        <ele>2468</ele>
        <time>2026-08-23T07:05:52+00:00</time>
      </trkpt>
      <trkpt lat="45.75065" lon="6.85812">
        <ele>2470</ele>
        <time>2026-08-23T07:05:55+00:00</time>
      </trkpt>
      <trkpt lat="45.75058" lon="6.85844">
        <ele>2467</ele>
        <time>2026-08-23T07:05:58+00:00</time>
      </trkpt>
      <trkpt lat="45.75052" lon="6.85877">
        <ele>2466</ele>
        <time>2026-08-23T07:06:01+00:00</time>
      </trkpt>
      <trkpt lat="45.75042" lon="6.85916">
        <ele>2463</ele>
        <time>2026-08-23T07:06:04+00:00</time>
      </trkpt>
      <trkpt lat="45.75025" lon="6.85977">
        <ele>2459</ele>
        <time>2026-08-23T07:06:07+00:00</time>
      </trkpt>
      <trkpt lat="45.75017" lon="6.86013">
        <ele>2455</ele>
        <time>2026-08-23T07:06:10+00:00</time>
      </trkpt>
      <trkpt lat="45.75007" lon="6.86061">
        <ele>2451</ele>
        <time>2026-08-23T07:06:13+00:00</time>
      </trkpt>
      <trkpt lat="45.74997" lon="6.86096">
        <ele>2441</ele>
        <time>2026-08-23T07:06:16+00:00</time>
      </trkpt>
      <trkpt lat="45.74986" lon="6.86138">
        <ele>2435</ele>
        <time>2026-08-23T07:06:19+00:00</time>
      </trkpt>
      <trkpt lat="45.74978" lon="6.86204">
        <ele>2427</ele>
        <time>2026-08-23T07:06:22+00:00</time>
      </trkpt>
      <trkpt lat="45.74983" lon="6.86244">
        <ele>2430</ele>
        <time>2026-08-23T07:06:25+00:00</time>
      </trkpt>
      <trkpt lat="45.7501" lon="6.86252">
        <ele>2434</ele>
        <time>2026-08-23T07:06:28+00:00</time>
      </trkpt>
      <trkpt lat="45.75037" lon="6.86265">
        <ele>2435</ele>
        <time>2026-08-23T07:06:31+00:00</time>
      </trkpt>
      <trkpt lat="45.7505" lon="6.86292">
        <ele>2434</ele>
        <time>2026-08-23T07:06:34+00:00</time>
      </trkpt>
      <trkpt lat="45.75054" lon="6.86328">
        <ele>2434</ele>
        <time>2026-08-23T07:06:37+00:00</time>
      </trkpt>
      <trkpt lat="45.75059" lon="6.86373">
        <ele>2428</ele>
        <time>2026-08-23T07:06:40+00:00</time>
      </trkpt>
      <trkpt lat="45.7506" lon="6.86416">
        <ele>2425</ele>
        <time>2026-08-23T07:06:43+00:00</time>
      </trkpt>
      <trkpt lat="45.75053" lon="6.86441">
        <ele>2421</ele>
        <time>2026-08-23T07:06:46+00:00</time>
      </trkpt>
      <trkpt lat="45.75048" lon="6.86449">
        <ele>2419</ele>
        <time>2026-08-23T07:06:49+00:00</time>
      </trkpt>
      <trkpt lat="45.75054" lon="6.86462">
        <ele>2420</ele>
        <time>2026-08-23T07:06:52+00:00</time>
      </trkpt>
      <trkpt lat="45.75057" lon="6.86483">
        <ele>2421</ele>
        <time>2026-08-23T07:06:55+00:00</time>
      </trkpt>
      <trkpt lat="45.7507" lon="6.86512">
        <ele>2422</ele>
        <time>2026-08-23T07:06:58+00:00</time>
      </trkpt>
      <trkpt lat="45.75084" lon="6.86544">
        <ele>2426</ele>
        <time>2026-08-23T07:07:01+00:00</time>
      </trkpt>
      <trkpt lat="45.75099" lon="6.86559">
        <ele>2427</ele>
        <time>2026-08-23T07:07:04+00:00</time>
      </trkpt>
      <trkpt lat="45.75108" lon="6.86566">
        <ele>2428</ele>
        <time>2026-08-23T07:07:07+00:00</time>
      </trkpt>
      <trkpt lat="45.7512" lon="6.86623">
        <ele>2433</ele>
        <time>2026-08-23T07:07:10+00:00</time>
      </trkpt>
      <trkpt lat="45.75125" lon="6.8664">
        <ele>2435</ele>
        <time>2026-08-23T07:07:13+00:00</time>
      </trkpt>
      <trkpt lat="45.75141" lon="6.86678">
        <ele>2440</ele>
        <time>2026-08-23T07:07:16+00:00</time>
      </trkpt>
      <trkpt lat="45.75134" lon="6.86688">
        <ele>2441</ele>
        <time>2026-08-23T07:07:19+00:00</time>
      </trkpt>
      <trkpt lat="45.75116" lon="6.86685">
        <ele>2440</ele>
        <time>2026-08-23T07:07:22+00:00</time>
      </trkpt>
      <trkpt lat="45.7508" lon="6.86676">
        <ele>2438</ele>
        <time>2026-08-23T07:07:25+00:00</time>
      </trkpt>
      <trkpt lat="45.75069" lon="6.86679">
        <ele>2434</ele>
        <time>2026-08-23T07:07:28+00:00</time>
      </trkpt>
      <trkpt lat="45.75053" lon="6.86704">
        <ele>2437</ele>
        <time>2026-08-23T07:07:31+00:00</time>
      </trkpt>
      <trkpt lat="45.7503" lon="6.86742">
        <ele>2437</ele>
        <time>2026-08-23T07:07:34+00:00</time>
      </trkpt>
      <trkpt lat="45.75035" lon="6.86773">
        <ele>2439</ele>
        <time>2026-08-23T07:07:37+00:00</time>
      </trkpt>
      <trkpt lat="45.75034" lon="6.86811">
        <ele>2441</ele>
        <time>2026-08-23T07:07:40+00:00</time>
      </trkpt>
      <trkpt lat="45.75027" lon="6.86834">
        <ele>2439</ele>
        <time>2026-08-23T07:07:43+00:00</time>
      </trkpt>
      <trkpt lat="45.75025" lon="6.86866">
        <ele>2441</ele>
        <time>2026-08-23T07:07:46+00:00</time>
      </trkpt>
      <trkpt lat="45.75014" lon="6.86891">
        <ele>2441</ele>
        <time>2026-08-23T07:07:49+00:00</time>
      </trkpt>
      <trkpt lat="45.75007" lon="6.86924">
        <ele>2441</ele>
        <time>2026-08-23T07:07:52+00:00</time>
      </trkpt>
      <trkpt lat="45.74999" lon="6.8696">
        <ele>2441</ele>
        <time>2026-08-23T07:07:55+00:00</time>
      </trkpt>
      <trkpt lat="45.74976" lon="6.87006">
        <ele>2442</ele>
        <time>2026-08-23T07:07:58+00:00</time>
      </trkpt>
      <trkpt lat="45.74966" lon="6.87033">
        <ele>2443</ele>
        <time>2026-08-23T07:08:01+00:00</time>
      </trkpt>
      <trkpt lat="45.74943" lon="6.87068">
        <ele>2443</ele>
        <time>2026-08-23T07:08:04+00:00</time>
      </trkpt>
      <trkpt lat="45.74926" lon="6.87096">
        <ele>2443</ele>
        <time>2026-08-23T07:08:07+00:00</time>
      </trkpt>
      <trkpt lat="45.74917" lon="6.87123">
        <ele>2442</ele>
        <time>2026-08-23T07:08:10+00:00</time>
      </trkpt>
      <trkpt lat="45.74886" lon="6.87155">
        <ele>2442</ele>
        <time>2026-08-23T07:08:13+00:00</time>
      </trkpt>
      <trkpt lat="45.74863" lon="6.87181">
        <ele>2440</ele>
        <time>2026-08-23T07:08:16+00:00</time>
      </trkpt>
      <trkpt lat="45.74843" lon="6.87218">
        <ele>2439</ele>
        <time>2026-08-23T07:08:19+00:00</time>
      </trkpt>
      <trkpt lat="45.74837" lon="6.87235">
        <ele>2436</ele>
        <time>2026-08-23T07:08:22+00:00</time>
      </trkpt>
      <trkpt lat="45.74841" lon="6.87263">
        <ele>2439</ele>
        <time>2026-08-23T07:08:25+00:00</time>
      </trkpt>
      <trkpt lat="45.74851" lon="6.87301">
        <ele>2438</ele>
        <time>2026-08-23T07:08:28+00:00</time>
      </trkpt>
      <trkpt lat="45.74866" lon="6.87357">
        <ele>2433</ele>
        <time>2026-08-23T07:08:31+00:00</time>
      </trkpt>
      <trkpt lat="45.74876" lon="6.8737">
        <ele>2433</ele>
        <time>2026-08-23T07:08:34+00:00</time>
      </trkpt>
      <trkpt lat="45.7489" lon="6.87386">
        <ele>2433</ele>
        <time>2026-08-23T07:08:37+00:00</time>
      </trkpt>
      <trkpt lat="45.74906" lon="6.87399">
        <ele>2435</ele>
        <time>2026-08-23T07:08:40+00:00</time>
      </trkpt>
      <trkpt lat="45.74923" lon="6.8743">
        <ele>2433</ele>
        <time>2026-08-23T07:08:43+00:00</time>
      </trkpt>
      <trkpt lat="45.7494" lon="6.87462">
        <ele>2432</ele>
        <time>2026-08-23T07:08:46+00:00</time>
      </trkpt>
      <trkpt lat="45.74964" lon="6.87506">
        <ele>2432</ele>
        <time>2026-08-23T07:08:49+00:00</time>
      </trkpt>
      <trkpt lat="45.74965" lon="6.87545">
        <ele>2430</ele>
        <time>2026-08-23T07:08:52+00:00</time>
      </trkpt>
      <trkpt lat="45.74958" lon="6.87583">
        <ele>2430</ele>
        <time>2026-08-23T07:08:55+00:00</time>
      </trkpt>
      <trkpt lat="45.74948" lon="6.87636">
        <ele>2430</ele>
        <time>2026-08-23T07:08:58+00:00</time>
      </trkpt>
      <trkpt lat="45.74925" lon="6.8769">
        <ele>2432</ele>
        <time>2026-08-23T07:09:01+00:00</time>
      </trkpt>
      <trkpt lat="45.74913" lon="6.87698">
        <ele>2433</ele>
        <time>2026-08-23T07:09:04+00:00</time>
      </trkpt>
      <trkpt lat="45.74893" lon="6.87702">
        <ele>2433</ele>
        <time>2026-08-23T07:09:07+00:00</time>
      </trkpt>
      <trkpt lat="45.74872" lon="6.87711">
        <ele>2433</ele>
        <time>2026-08-23T07:09:10+00:00</time>
      </trkpt>
      <trkpt lat="45.74857" lon="6.87721">
        <ele>2434</ele>
        <time>2026-08-23T07:09:13+00:00</time>
      </trkpt>
      <trkpt lat="45.74844" lon="6.87728">
        <ele>2433</ele>
        <time>2026-08-23T07:09:16+00:00</time>
      </trkpt>
      <trkpt lat="45.74833" lon="6.87738">
        <ele>2433</ele>
        <time>2026-08-23T07:09:19+00:00</time>
      </trkpt>
      <trkpt lat="45.74816" lon="6.8774">
        <ele>2429</ele>
        <time>2026-08-23T07:09:22+00:00</time>
      </trkpt>
      <trkpt lat="45.74799" lon="6.87742">
        <ele>2429</ele>
        <time>2026-08-23T07:09:25+00:00</time>
      </trkpt>
      <trkpt lat="45.74785" lon="6.87758">
        <ele>2426</ele>
        <time>2026-08-23T07:09:28+00:00</time>
      </trkpt>
      <trkpt lat="45.7477" lon="6.87785">
        <ele>2430</ele>
        <time>2026-08-23T07:09:31+00:00</time>
      </trkpt>
      <trkpt lat="45.74744" lon="6.87833">
        <ele>2430</ele>
        <time>2026-08-23T07:09:34+00:00</time>
      </trkpt>
      <trkpt lat="45.74726" lon="6.87863">
        <ele>2428</ele>
        <time>2026-08-23T07:09:37+00:00</time>
      </trkpt>
      <trkpt lat="45.74709" lon="6.87889">
        <ele>2426</ele>
        <time>2026-08-23T07:09:40+00:00</time>
      </trkpt>
      <trkpt lat="45.7469" lon="6.87919">
        <ele>2426</ele>
        <time>2026-08-23T07:09:43+00:00</time>
      </trkpt>
      <trkpt lat="45.74671" lon="6.87961">
        <ele>2425</ele>
        <time>2026-08-23T07:09:46+00:00</time>
      </trkpt>
      <trkpt lat="45.74655" lon="6.88">
        <ele>2425</ele>
        <time>2026-08-23T07:09:49+00:00</time>
      </trkpt>
      <trkpt lat="45.74645" lon="6.88035">
        <ele>2425</ele>
        <time>2026-08-23T07:09:52+00:00</time>
      </trkpt>
      <trkpt lat="45.7465" lon="6.88058">
        <ele>2425</ele>
        <time>2026-08-23T07:09:55+00:00</time>
      </trkpt>
      <trkpt lat="45.74668" lon="6.88069">
        <ele>2430</ele>
        <time>2026-08-23T07:09:58+00:00</time>
      </trkpt>
      <trkpt lat="45.74682" lon="6.88081">
        <ele>2433</ele>
        <time>2026-08-23T07:10:01+00:00</time>
      </trkpt>
      <trkpt lat="45.74699" lon="6.88107">
        <ele>2436</ele>
        <time>2026-08-23T07:10:04+00:00</time>
      </trkpt>
      <trkpt lat="45.7473" lon="6.88156">
        <ele>2440</ele>
        <time>2026-08-23T07:10:07+00:00</time>
      </trkpt>
      <trkpt lat="45.74744" lon="6.88198">
        <ele>2444</ele>
        <time>2026-08-23T07:10:10+00:00</time>
      </trkpt>
      <trkpt lat="45.74758" lon="6.88239">
        <ele>2449</ele>
        <time>2026-08-23T07:10:13+00:00</time>
      </trkpt>
      <trkpt lat="45.74775" lon="6.8829">
        <ele>2452</ele>
        <time>2026-08-23T07:10:16+00:00</time>
      </trkpt>
      <trkpt lat="45.74788" lon="6.88324">
        <ele>2452</ele>
        <time>2026-08-23T07:10:19+00:00</time>
      </trkpt>
      <trkpt lat="45.74807" lon="6.8837">
        <ele>2458</ele>
        <time>2026-08-23T07:10:22+00:00</time>
      </trkpt>
      <trkpt lat="45.74819" lon="6.88401">
        <ele>2463</ele>
        <time>2026-08-23T07:10:25+00:00</time>
      </trkpt>
      <trkpt lat="45.74833" lon="6.88438">
        <ele>2472</ele>
        <time>2026-08-23T07:10:28+00:00</time>
      </trkpt>
      <trkpt lat="45.74857" lon="6.88472">
        <ele>2480</ele>
        <time>2026-08-23T07:10:31+00:00</time>
      </trkpt>
      <trkpt lat="45.74881" lon="6.88506">
        <ele>2491</ele>
        <time>2026-08-23T07:10:34+00:00</time>
      </trkpt>
      <trkpt lat="45.74917" lon="6.88558">
        <ele>2500</ele>
        <time>2026-08-23T07:10:37+00:00</time>
      </trkpt>
      <trkpt lat="45.7494" lon="6.88578">
        <ele>2509</ele>
        <time>2026-08-23T07:10:40+00:00</time>
      </trkpt>
      <trkpt lat="45.74971" lon="6.88605">
        <ele>2517</ele>
        <time>2026-08-23T07:10:43+00:00</time>
      </trkpt>
      <trkpt lat="45.74998" lon="6.8863">
        <ele>2521</ele>
        <time>2026-08-23T07:10:46+00:00</time>
      </trkpt>
      <trkpt lat="45.75024" lon="6.88646">
        <ele>2528</ele>
        <time>2026-08-23T07:10:49+00:00</time>
      </trkpt>
      <trkpt lat="45.75063" lon="6.88671">
        <ele>2538</ele>
        <time>2026-08-23T07:10:52+00:00</time>
      </trkpt>
      <trkpt lat="45.75093" lon="6.88688">
        <ele>2544</ele>
        <time>2026-08-23T07:10:55+00:00</time>
      </trkpt>
      <trkpt lat="45.75123" lon="6.88706">
        <ele>2552</ele>
        <time>2026-08-23T07:10:58+00:00</time>
      </trkpt>
      <trkpt lat="45.75159" lon="6.88726">
        <ele>2560</ele>
        <time>2026-08-23T07:11:01+00:00</time>
      </trkpt>
      <trkpt lat="45.75185" lon="6.88736">
        <ele>2566</ele>
        <time>2026-08-23T07:11:04+00:00</time>
      </trkpt>
      <trkpt lat="45.7522" lon="6.8875">
        <ele>2569</ele>
        <time>2026-08-23T07:11:07+00:00</time>
      </trkpt>
      <trkpt lat="45.75247" lon="6.88761">
        <ele>2574</ele>
        <time>2026-08-23T07:11:10+00:00</time>
      </trkpt>
      <trkpt lat="45.75288" lon="6.88778">
        <ele>2576</ele>
        <time>2026-08-23T07:11:13+00:00</time>
      </trkpt>
      <trkpt lat="45.75319" lon="6.88797">
        <ele>2579</ele>
        <time>2026-08-23T07:11:16+00:00</time>
      </trkpt>
      <trkpt lat="45.75351" lon="6.88816">
        <ele>2587</ele>
        <time>2026-08-23T07:11:19+00:00</time>
      </trkpt>
      <trkpt lat="45.75401" lon="6.88846">
        <ele>2598</ele>
        <time>2026-08-23T07:11:22+00:00</time>
      </trkpt>
      <trkpt lat="45.75434" lon="6.88854">
        <ele>2604</ele>
        <time>2026-08-23T07:11:25+00:00</time>
      </trkpt>
      <trkpt lat="45.75467" lon="6.88862">
        <ele>2609</ele>
        <time>2026-08-23T07:11:28+00:00</time>
      </trkpt>
      <trkpt lat="45.75516" lon="6.88874">
        <ele>2616</ele>
        <time>2026-08-23T07:11:31+00:00</time>
      </trkpt>
      <trkpt lat="45.75542" lon="6.889">
        <ele>2622</ele>
        <time>2026-08-23T07:11:34+00:00</time>
      </trkpt>
      <trkpt lat="45.75565" lon="6.88922">
        <ele>2627</ele>
        <time>2026-08-23T07:11:37+00:00</time>
      </trkpt>
      <trkpt lat="45.75597" lon="6.88953">
        <ele>2633</ele>
        <time>2026-08-23T07:11:40+00:00</time>
      </trkpt>
      <trkpt lat="45.75631" lon="6.88987">
        <ele>2639</ele>
        <time>2026-08-23T07:11:43+00:00</time>
      </trkpt>
      <trkpt lat="45.75654" lon="6.89013">
        <ele>2642</ele>
        <time>2026-08-23T07:11:46+00:00</time>
      </trkpt>
      <trkpt lat="45.75693" lon="6.89056">
        <ele>2652</ele>
        <time>2026-08-23T07:11:49+00:00</time>
      </trkpt>
      <trkpt lat="45.75717" lon="6.89093">
        <ele>2658</ele>
        <time>2026-08-23T07:11:52+00:00</time>
      </trkpt>
      <trkpt lat="45.75741" lon="6.8913">
        <ele>2666</ele>
        <time>2026-08-23T07:11:55+00:00</time>
      </trkpt>
      <trkpt lat="45.75789" lon="6.89203">
        <ele>2680</ele>
        <time>2026-08-23T07:11:58+00:00</time>
      </trkpt>
      <trkpt lat="45.75811" lon="6.89241">
        <ele>2688</ele>
        <time>2026-08-23T07:12:01+00:00</time>
      </trkpt>
      <trkpt lat="45.75832" lon="6.89279">
        <ele>2694</ele>
        <time>2026-08-23T07:12:04+00:00</time>
      </trkpt>
      <trkpt lat="45.75849" lon="6.89307">
        <ele>2702</ele>
        <time>2026-08-23T07:12:07+00:00</time>
      </trkpt>
      <trkpt lat="45.75868" lon="6.89341">
        <ele>2711</ele>
        <time>2026-08-23T07:12:10+00:00</time>
      </trkpt>
      <trkpt lat="45.75888" lon="6.8937">
        <ele>2718</ele>
        <time>2026-08-23T07:12:13+00:00</time>
      </trkpt>
      <trkpt lat="45.75918" lon="6.89416">
        <ele>2731</ele>
        <time>2026-08-23T07:12:16+00:00</time>
      </trkpt>
      <trkpt lat="45.75947" lon="6.89468">
        <ele>2753</ele>
        <time>2026-08-23T07:12:19+00:00</time>
      </trkpt>
      <trkpt lat="45.75966" lon="6.89492">
        <ele>2770</ele>
        <time>2026-08-23T07:12:22+00:00</time>
      </trkpt>
      <trkpt lat="45.75989" lon="6.89523">
        <ele>2789</ele>
        <time>2026-08-23T07:12:25+00:00</time>
      </trkpt>
      <trkpt lat="45.76002" lon="6.89555">
        <ele>2801</ele>
        <time>2026-08-23T07:12:28+00:00</time>
      </trkpt>
      <trkpt lat="45.76017" lon="6.89593">
        <ele>2804</ele>
        <time>2026-08-23T07:12:31+00:00</time>
      </trkpt>
      <trkpt lat="45.7606" lon="6.89598">
        <ele>2819</ele>
        <time>2026-08-23T07:12:34+00:00</time>
      </trkpt>
      <trkpt lat="45.76065" lon="6.89563">
        <ele>2830</ele>
        <time>2026-08-23T07:12:37+00:00</time>
      </trkpt>
      <trkpt lat="45.76071" lon="6.89522">
        <ele>2843</ele>
        <time>2026-08-23T07:12:40+00:00</time>
      </trkpt>
      <trkpt lat="45.76077" lon="6.89486">
        <ele>2847</ele>
        <time>2026-08-23T07:12:43+00:00</time>
      </trkpt>
      <trkpt lat="45.76082" lon="6.89449">
        <ele>2848</ele>
        <time>2026-08-23T07:12:46+00:00</time>
      </trkpt>
      <trkpt lat="45.76089" lon="6.894">
        <ele>2848</ele>
        <time>2026-08-23T07:12:49+00:00</time>
      </trkpt>
      <trkpt lat="45.7609" lon="6.89364">
        <ele>2848</ele>
        <time>2026-08-23T07:12:52+00:00</time>
      </trkpt>
      <trkpt lat="45.7609" lon="6.89322">
        <ele>2850</ele>
        <time>2026-08-23T07:12:55+00:00</time>
      </trkpt>
      <trkpt lat="45.76098" lon="6.89286">
        <ele>2850</ele>
        <time>2026-08-23T07:12:58+00:00</time>
      </trkpt>
      <trkpt lat="45.76101" lon="6.89249">
        <ele>2850</ele>
        <time>2026-08-23T07:13:01+00:00</time>
      </trkpt>
      <trkpt lat="45.76098" lon="6.89184">
        <ele>2840</ele>
        <time>2026-08-23T07:13:04+00:00</time>
      </trkpt>
      <trkpt lat="45.76098" lon="6.89148">
        <ele>2834</ele>
        <time>2026-08-23T07:13:07+00:00</time>
      </trkpt>
      <trkpt lat="45.76099" lon="6.89111">
        <ele>2829</ele>
        <time>2026-08-23T07:13:10+00:00</time>
      </trkpt>
      <trkpt lat="45.76096" lon="6.89101">
        <ele>2824</ele>
        <time>2026-08-23T07:13:13+00:00</time>
      </trkpt>
      <trkpt lat="45.76088" lon="6.89125">
        <ele>2827</ele>
        <time>2026-08-23T07:13:16+00:00</time>
      </trkpt>
      <trkpt lat="45.76081" lon="6.89125">
        <ele>2827</ele>
        <time>2026-08-23T07:13:19+00:00</time>
      </trkpt>
      <trkpt lat="45.76082" lon="6.89093">
        <ele>2821</ele>
        <time>2026-08-23T07:13:22+00:00</time>
      </trkpt>
      <trkpt lat="45.76084" lon="6.89055">
        <ele>2818</ele>
        <time>2026-08-23T07:13:25+00:00</time>
      </trkpt>
      <trkpt lat="45.76081" lon="6.89047">
        <ele>2806</ele>
        <time>2026-08-23T07:13:28+00:00</time>
      </trkpt>
      <trkpt lat="45.76071" lon="6.89075">
        <ele>2816</ele>
        <time>2026-08-23T07:13:31+00:00</time>
      </trkpt>
      <trkpt lat="45.7607" lon="6.89038">
        <ele>2808</ele>
        <time>2026-08-23T07:13:34+00:00</time>
      </trkpt>
      <trkpt lat="45.76059" lon="6.89069">
        <ele>2801</ele>
        <time>2026-08-23T07:13:37+00:00</time>
      </trkpt>
      <trkpt lat="45.76061" lon="6.89033">
        <ele>2794</ele>
        <time>2026-08-23T07:13:40+00:00</time>
      </trkpt>
      <trkpt lat="45.76066" lon="6.88997">
        <ele>2783</ele>
        <time>2026-08-23T07:13:43+00:00</time>
      </trkpt>
      <trkpt lat="45.76074" lon="6.88965">
        <ele>2776</ele>
        <time>2026-08-23T07:13:46+00:00</time>
      </trkpt>
      <trkpt lat="45.7609" lon="6.88936">
        <ele>2771</ele>
        <time>2026-08-23T07:13:49+00:00</time>
      </trkpt>
      <trkpt lat="45.76093" lon="6.88892">
        <ele>2751</ele>
        <time>2026-08-23T07:13:52+00:00</time>
      </trkpt>
      <trkpt lat="45.76091" lon="6.88857">
        <ele>2737</ele>
        <time>2026-08-23T07:13:55+00:00</time>
      </trkpt>
      <trkpt lat="45.76087" lon="6.88842">
        <ele>2744</ele>
        <time>2026-08-23T07:13:58+00:00</time>
      </trkpt>
      <trkpt lat="45.76086" lon="6.88815">
        <ele>2737</ele>
        <time>2026-08-23T07:14:01+00:00</time>
      </trkpt>
      <trkpt lat="45.76086" lon="6.88786">
        <ele>2726</ele>
        <time>2026-08-23T07:14:04+00:00</time>
      </trkpt>
      <trkpt lat="45.76074" lon="6.88803">
        <ele>2731</ele>
        <time>2026-08-23T07:14:07+00:00</time>
      </trkpt>
      <trkpt lat="45.76073" lon="6.88763">
        <ele>2719</ele>
        <time>2026-08-23T07:14:10+00:00</time>
      </trkpt>
      <trkpt lat="45.7607" lon="6.88714">
        <ele>2705</ele>
        <time>2026-08-23T07:14:13+00:00</time>
      </trkpt>
      <trkpt lat="45.76066" lon="6.88671">
        <ele>2698</ele>
        <time>2026-08-23T07:14:16+00:00</time>
      </trkpt>
      <trkpt lat="45.76061" lon="6.88627">
        <ele>2696</ele>
        <time>2026-08-23T07:14:19+00:00</time>
      </trkpt>
      <trkpt lat="45.7605" lon="6.88605">
        <ele>2698</ele>
        <time>2026-08-23T07:14:22+00:00</time>
      </trkpt>
      <trkpt lat="45.76045" lon="6.88569">
        <ele>2700</ele>
        <time>2026-08-23T07:14:25+00:00</time>
      </trkpt>
      <trkpt lat="45.76044" lon="6.88543">
        <ele>2706</ele>
        <time>2026-08-23T07:14:28+00:00</time>
      </trkpt>
      <trkpt lat="45.76039" lon="6.88518">
        <ele>2712</ele>
        <time>2026-08-23T07:14:31+00:00</time>
      </trkpt>
      <trkpt lat="45.76032" lon="6.88485">
        <ele>2717</ele>
        <time>2026-08-23T07:14:34+00:00</time>
      </trkpt>
      <trkpt lat="45.76028" lon="6.88446">
        <ele>2725</ele>
        <time>2026-08-23T07:14:37+00:00</time>
      </trkpt>
      <trkpt lat="45.76023" lon="6.88394">
        <ele>2732</ele>
        <time>2026-08-23T07:14:40+00:00</time>
      </trkpt>
      <trkpt lat="45.76028" lon="6.88368">
        <ele>2736</ele>
        <time>2026-08-23T07:14:43+00:00</time>
      </trkpt>
      <trkpt lat="45.76036" lon="6.88337">
        <ele>2737</ele>
        <time>2026-08-23T07:14:46+00:00</time>
      </trkpt>
      <trkpt lat="45.76035" lon="6.88287">
        <ele>2740</ele>
        <time>2026-08-23T07:14:49+00:00</time>
      </trkpt>
      <trkpt lat="45.76038" lon="6.88247">
        <ele>2741</ele>
        <time>2026-08-23T07:14:52+00:00</time>
      </trkpt>
      <trkpt lat="45.76045" lon="6.88212">
        <ele>2741</ele>
        <time>2026-08-23T07:14:55+00:00</time>
      </trkpt>
      <trkpt lat="45.76053" lon="6.88172">
        <ele>2742</ele>
        <time>2026-08-23T07:14:58+00:00</time>
      </trkpt>
      <trkpt lat="45.7606" lon="6.88144">
        <ele>2744</ele>
        <time>2026-08-23T07:15:01+00:00</time>
      </trkpt>
      <trkpt lat="45.76064" lon="6.88111">
        <ele>2749</ele>
        <time>2026-08-23T07:15:04+00:00</time>
      </trkpt>
      <trkpt lat="45.76066" lon="6.88081">
        <ele>2752</ele>
        <time>2026-08-23T07:15:07+00:00</time>
      </trkpt>
      <trkpt lat="45.76057" lon="6.88027">
        <ele>2761</ele>
        <time>2026-08-23T07:15:10+00:00</time>
      </trkpt>
      <trkpt lat="45.7605" lon="6.87981">
        <ele>2765</ele>
        <time>2026-08-23T07:15:13+00:00</time>
      </trkpt>
      <trkpt lat="45.7605" lon="6.87953">
        <ele>2769</ele>
        <time>2026-08-23T07:15:16+00:00</time>
      </trkpt>
      <trkpt lat="45.76059" lon="6.87931">
        <ele>2773</ele>
        <time>2026-08-23T07:15:19+00:00</time>
      </trkpt>
      <trkpt lat="45.76065" lon="6.87918">
        <ele>2772</ele>
        <time>2026-08-23T07:15:22+00:00</time>
      </trkpt>
      <trkpt lat="45.7607" lon="6.87902">
        <ele>2776</ele>
        <time>2026-08-23T07:15:25+00:00</time>
      </trkpt>
      <trkpt lat="45.76076" lon="6.87887">
        <ele>2775</ele>
        <time>2026-08-23T07:15:28+00:00</time>
      </trkpt>
      <trkpt lat="45.76085" lon="6.87878">
        <ele>2775</ele>
        <time>2026-08-23T07:15:31+00:00</time>
      </trkpt>
      <trkpt lat="45.76094" lon="6.87865">
        <ele>2775</ele>
        <time>2026-08-23T07:15:34+00:00</time>
      </trkpt>
      <trkpt lat="45.76108" lon="6.87841">
        <ele>2770</ele>
        <time>2026-08-23T07:15:37+00:00</time>
      </trkpt>
      <trkpt lat="45.7612" lon="6.87816">
        <ele>2763</ele>
        <time>2026-08-23T07:15:40+00:00</time>
      </trkpt>
      <trkpt lat="45.76131" lon="6.87789">
        <ele>2757</ele>
        <time>2026-08-23T07:15:43+00:00</time>
      </trkpt>
      <trkpt lat="45.76143" lon="6.87747">
        <ele>2751</ele>
        <time>2026-08-23T07:15:46+00:00</time>
      </trkpt>
      <trkpt lat="45.7615" lon="6.87731">
        <ele>2751</ele>
        <time>2026-08-23T07:15:49+00:00</time>
      </trkpt>
      <trkpt lat="45.76157" lon="6.87696">
        <ele>2749</ele>
        <time>2026-08-23T07:15:52+00:00</time>
      </trkpt>
      <trkpt lat="45.76159" lon="6.87682">
        <ele>2749</ele>
        <time>2026-08-23T07:15:55+00:00</time>
      </trkpt>
      <trkpt lat="45.76157" lon="6.8767">
        <ele>2748</ele>
        <time>2026-08-23T07:15:58+00:00</time>
      </trkpt>
      <trkpt lat="45.76159" lon="6.87644">
        <ele>2747</ele>
        <time>2026-08-23T07:16:01+00:00</time>
      </trkpt>
      <trkpt lat="45.76159" lon="6.87633">
        <ele>2746</ele>
        <time>2026-08-23T07:16:04+00:00</time>
      </trkpt>
      <trkpt lat="45.76157" lon="6.87625">
        <ele>2746</ele>
        <time>2026-08-23T07:16:07+00:00</time>
      </trkpt>
      <trkpt lat="45.76157" lon="6.8761">
        <ele>2744</ele>
        <time>2026-08-23T07:16:10+00:00</time>
      </trkpt>
      <trkpt lat="45.76162" lon="6.87604">
        <ele>2746</ele>
        <time>2026-08-23T07:16:13+00:00</time>
      </trkpt>
      <trkpt lat="45.7617" lon="6.87597">
        <ele>2745</ele>
        <time>2026-08-23T07:16:16+00:00</time>
      </trkpt>
      <trkpt lat="45.76172" lon="6.87578">
        <ele>2742</ele>
        <time>2026-08-23T07:16:19+00:00</time>
      </trkpt>
      <trkpt lat="45.76179" lon="6.87534">
        <ele>2736</ele>
        <time>2026-08-23T07:16:22+00:00</time>
      </trkpt>
      <trkpt lat="45.76191" lon="6.87505">
        <ele>2722</ele>
        <time>2026-08-23T07:16:25+00:00</time>
      </trkpt>
      <trkpt lat="45.76194" lon="6.87488">
        <ele>2722</ele>
        <time>2026-08-23T07:16:28+00:00</time>
      </trkpt>
      <trkpt lat="45.76203" lon="6.87466">
        <ele>2719</ele>
        <time>2026-08-23T07:16:31+00:00</time>
      </trkpt>
      <trkpt lat="45.76213" lon="6.87444">
        <ele>2718</ele>
        <time>2026-08-23T07:16:34+00:00</time>
      </trkpt>
      <trkpt lat="45.76221" lon="6.87419">
        <ele>2718</ele>
        <time>2026-08-23T07:16:37+00:00</time>
      </trkpt>
      <trkpt lat="45.76228" lon="6.87388">
        <ele>2718</ele>
        <time>2026-08-23T07:16:40+00:00</time>
      </trkpt>
      <trkpt lat="45.76233" lon="6.87375">
        <ele>2718</ele>
        <time>2026-08-23T07:16:43+00:00</time>
      </trkpt>
      <trkpt lat="45.76245" lon="6.87356">
        <ele>2718</ele>
        <time>2026-08-23T07:16:46+00:00</time>
      </trkpt>
      <trkpt lat="45.76261" lon="6.87317">
        <ele>2717</ele>
        <time>2026-08-23T07:16:49+00:00</time>
      </trkpt>
      <trkpt lat="45.76276" lon="6.87283">
        <ele>2719</ele>
        <time>2026-08-23T07:16:52+00:00</time>
      </trkpt>
      <trkpt lat="45.76283" lon="6.8726">
        <ele>2720</ele>
        <time>2026-08-23T07:16:55+00:00</time>
      </trkpt>
      <trkpt lat="45.76287" lon="6.87236">
        <ele>2721</ele>
        <time>2026-08-23T07:16:58+00:00</time>
      </trkpt>
      <trkpt lat="45.76302" lon="6.87211">
        <ele>2721</ele>
        <time>2026-08-23T07:17:01+00:00</time>
      </trkpt>
      <trkpt lat="45.76315" lon="6.87176">
        <ele>2726</ele>
        <time>2026-08-23T07:17:04+00:00</time>
      </trkpt>
      <trkpt lat="45.76326" lon="6.87149">
        <ele>2731</ele>
        <time>2026-08-23T07:17:07+00:00</time>
      </trkpt>
      <trkpt lat="45.76328" lon="6.87101">
        <ele>2733</ele>
        <time>2026-08-23T07:17:10+00:00</time>
      </trkpt>
      <trkpt lat="45.76327" lon="6.87073">
        <ele>2733</ele>
        <time>2026-08-23T07:17:13+00:00</time>
      </trkpt>
      <trkpt lat="45.76341" lon="6.87055">
        <ele>2730</ele>
        <time>2026-08-23T07:17:16+00:00</time>
      </trkpt>
      <trkpt lat="45.76359" lon="6.87034">
        <ele>2728</ele>
        <time>2026-08-23T07:17:19+00:00</time>
      </trkpt>
      <trkpt lat="45.76349" lon="6.87013">
        <ele>2730</ele>
        <time>2026-08-23T07:17:22+00:00</time>
      </trkpt>
      <trkpt lat="45.76341" lon="6.86975">
        <ele>2721</ele>
        <time>2026-08-23T07:17:25+00:00</time>
      </trkpt>
      <trkpt lat="45.76369" lon="6.86975">
        <ele>2715</ele>
        <time>2026-08-23T07:17:28+00:00</time>
      </trkpt>
      <trkpt lat="45.76381" lon="6.86998">
        <ele>2713</ele>
        <time>2026-08-23T07:17:31+00:00</time>
      </trkpt>
      <trkpt lat="45.76394" lon="6.87013">
        <ele>2706</ele>
        <time>2026-08-23T07:17:34+00:00</time>
      </trkpt>
      <trkpt lat="45.76402" lon="6.87039">
        <ele>2717</ele>
        <time>2026-08-23T07:17:37+00:00</time>
      </trkpt>
      <trkpt lat="45.76396" lon="6.8706">
        <ele>2706</ele>
        <time>2026-08-23T07:17:40+00:00</time>
      </trkpt>
      <trkpt lat="45.7638" lon="6.8708">
        <ele>2718</ele>
        <time>2026-08-23T07:17:43+00:00</time>
      </trkpt>
      <trkpt lat="45.76371" lon="6.87107">
        <ele>2715</ele>
        <time>2026-08-23T07:17:46+00:00</time>
      </trkpt>
      <trkpt lat="45.76373" lon="6.8714">
        <ele>2713</ele>
        <time>2026-08-23T07:17:49+00:00</time>
      </trkpt>
      <trkpt lat="45.76379" lon="6.87151">
        <ele>2707</ele>
        <time>2026-08-23T07:17:52+00:00</time>
      </trkpt>
      <trkpt lat="45.76378" lon="6.87167">
        <ele>2706</ele>
        <time>2026-08-23T07:17:55+00:00</time>
      </trkpt>
      <trkpt lat="45.76396" lon="6.87165">
        <ele>2689</ele>
        <time>2026-08-23T07:17:58+00:00</time>
      </trkpt>
      <trkpt lat="45.76399" lon="6.87171">
        <ele>2683</ele>
        <time>2026-08-23T07:18:01+00:00</time>
      </trkpt>
      <trkpt lat="45.76404" lon="6.8717">
        <ele>2683</ele>
        <time>2026-08-23T07:18:04+00:00</time>
      </trkpt>
      <trkpt lat="45.76407" lon="6.87173">
        <ele>2679</ele>
        <time>2026-08-23T07:18:07+00:00</time>
      </trkpt>
      <trkpt lat="45.76406" lon="6.87183">
        <ele>2676</ele>
        <time>2026-08-23T07:18:10+00:00</time>
      </trkpt>
      <trkpt lat="45.76413" lon="6.87186">
        <ele>2670</ele>
        <time>2026-08-23T07:18:13+00:00</time>
      </trkpt>
      <trkpt lat="45.76415" lon="6.87192">
        <ele>2668</ele>
        <time>2026-08-23T07:18:16+00:00</time>
      </trkpt>
      <trkpt lat="45.76409" lon="6.87194">
        <ele>2671</ele>
        <time>2026-08-23T07:18:19+00:00</time>
      </trkpt>
      <trkpt lat="45.76411" lon="6.87207">
        <ele>2664</ele>
        <time>2026-08-23T07:18:22+00:00</time>
      </trkpt>
      <trkpt lat="45.76415" lon="6.87206">
        <ele>2664</ele>
        <time>2026-08-23T07:18:25+00:00</time>
      </trkpt>
      <trkpt lat="45.76421" lon="6.87217">
        <ele>2656</ele>
        <time>2026-08-23T07:18:28+00:00</time>
      </trkpt>
      <trkpt lat="45.76428" lon="6.87235">
        <ele>2647</ele>
        <time>2026-08-23T07:18:31+00:00</time>
      </trkpt>
      <trkpt lat="45.76432" lon="6.87241">
        <ele>2638</ele>
        <time>2026-08-23T07:18:34+00:00</time>
      </trkpt>
      <trkpt lat="45.76422" lon="6.87248">
        <ele>2644</ele>
        <time>2026-08-23T07:18:37+00:00</time>
      </trkpt>
      <trkpt lat="45.76418" lon="6.87263">
        <ele>2647</ele>
        <time>2026-08-23T07:18:40+00:00</time>
      </trkpt>
      <trkpt lat="45.7641" lon="6.87263">
        <ele>2653</ele>
        <time>2026-08-23T07:18:43+00:00</time>
      </trkpt>
      <trkpt lat="45.76407" lon="6.87277">
        <ele>2650</ele>
        <time>2026-08-23T07:18:46+00:00</time>
      </trkpt>
      <trkpt lat="45.76408" lon="6.87286">
        <ele>2647</ele>
        <time>2026-08-23T07:18:49+00:00</time>
      </trkpt>
      <trkpt lat="45.76406" lon="6.87293">
        <ele>2641</ele>
        <time>2026-08-23T07:18:52+00:00</time>
      </trkpt>
      <trkpt lat="45.76409" lon="6.87297">
        <ele>2641</ele>
        <time>2026-08-23T07:18:55+00:00</time>
      </trkpt>
      <trkpt lat="45.76416" lon="6.87297">
        <ele>2635</ele>
        <time>2026-08-23T07:18:58+00:00</time>
      </trkpt>
      <trkpt lat="45.76423" lon="6.87298">
        <ele>2630</ele>
        <time>2026-08-23T07:19:01+00:00</time>
      </trkpt>
      <trkpt lat="45.76429" lon="6.873">
        <ele>2630</ele>
        <time>2026-08-23T07:19:04+00:00</time>
      </trkpt>
      <trkpt lat="45.76429" lon="6.87304">
        <ele>2628</ele>
        <time>2026-08-23T07:19:07+00:00</time>
      </trkpt>
      <trkpt lat="45.76426" lon="6.87311">
        <ele>2624</ele>
        <time>2026-08-23T07:19:10+00:00</time>
      </trkpt>
      <trkpt lat="45.76418" lon="6.87322">
        <ele>2627</ele>
        <time>2026-08-23T07:19:13+00:00</time>
      </trkpt>
      <trkpt lat="45.76425" lon="6.87327">
        <ele>2621</ele>
        <time>2026-08-23T07:19:16+00:00</time>
      </trkpt>
      <trkpt lat="45.76431" lon="6.8733">
        <ele>2617</ele>
        <time>2026-08-23T07:19:19+00:00</time>
      </trkpt>
      <trkpt lat="45.76419" lon="6.87346">
        <ele>2618</ele>
        <time>2026-08-23T07:19:22+00:00</time>
      </trkpt>
      <trkpt lat="45.76419" lon="6.87351">
        <ele>2612</ele>
        <time>2026-08-23T07:19:25+00:00</time>
      </trkpt>
      <trkpt lat="45.76421" lon="6.87363">
        <ele>2603</ele>
        <time>2026-08-23T07:19:28+00:00</time>
      </trkpt>
      <trkpt lat="45.76418" lon="6.87383">
        <ele>2602</ele>
        <time>2026-08-23T07:19:31+00:00</time>
      </trkpt>
      <trkpt lat="45.76433" lon="6.87386">
        <ele>2594</ele>
        <time>2026-08-23T07:19:34+00:00</time>
      </trkpt>
      <trkpt lat="45.76438" lon="6.87392">
        <ele>2590</ele>
        <time>2026-08-23T07:19:37+00:00</time>
      </trkpt>
      <trkpt lat="45.76444" lon="6.87403">
        <ele>2586</ele>
        <time>2026-08-23T07:19:40+00:00</time>
      </trkpt>
      <trkpt lat="45.76442" lon="6.87418">
        <ele>2580</ele>
        <time>2026-08-23T07:19:43+00:00</time>
      </trkpt>
      <trkpt lat="45.76436" lon="6.87437">
        <ele>2575</ele>
        <time>2026-08-23T07:19:46+00:00</time>
      </trkpt>
      <trkpt lat="45.76438" lon="6.87442">
        <ele>2571</ele>
        <time>2026-08-23T07:19:49+00:00</time>
      </trkpt>
      <trkpt lat="45.76442" lon="6.87444">
        <ele>2570</ele>
        <time>2026-08-23T07:19:52+00:00</time>
      </trkpt>
      <trkpt lat="45.76453" lon="6.87432">
        <ele>2568</ele>
        <time>2026-08-23T07:19:55+00:00</time>
      </trkpt>
      <trkpt lat="45.76453" lon="6.87453">
        <ele>2561</ele>
        <time>2026-08-23T07:19:58+00:00</time>
      </trkpt>
      <trkpt lat="45.76457" lon="6.87458">
        <ele>2561</ele>
        <time>2026-08-23T07:20:01+00:00</time>
      </trkpt>
      <trkpt lat="45.76458" lon="6.87466">
        <ele>2557</ele>
        <time>2026-08-23T07:20:04+00:00</time>
      </trkpt>
      <trkpt lat="45.76455" lon="6.87481">
        <ele>2546</ele>
        <time>2026-08-23T07:20:07+00:00</time>
      </trkpt>
      <trkpt lat="45.76461" lon="6.8748">
        <ele>2548</ele>
        <time>2026-08-23T07:20:10+00:00</time>
      </trkpt>
      <trkpt lat="45.76471" lon="6.87474">
        <ele>2545</ele>
        <time>2026-08-23T07:20:13+00:00</time>
      </trkpt>
      <trkpt lat="45.76468" lon="6.87492">
        <ele>2541</ele>
        <time>2026-08-23T07:20:16+00:00</time>
      </trkpt>
      <trkpt lat="45.7647" lon="6.87495">
        <ele>2541</ele>
        <time>2026-08-23T07:20:19+00:00</time>
      </trkpt>
      <trkpt lat="45.76477" lon="6.87494">
        <ele>2537</ele>
        <time>2026-08-23T07:20:22+00:00</time>
      </trkpt>
      <trkpt lat="45.76485" lon="6.8749">
        <ele>2538</ele>
        <time>2026-08-23T07:20:25+00:00</time>
      </trkpt>
      <trkpt lat="45.76483" lon="6.87514">
        <ele>2529</ele>
        <time>2026-08-23T07:20:28+00:00</time>
      </trkpt>
      <trkpt lat="45.7649" lon="6.8751">
        <ele>2532</ele>
        <time>2026-08-23T07:20:31+00:00</time>
      </trkpt>
      <trkpt lat="45.76502" lon="6.87505">
        <ele>2525</ele>
        <time>2026-08-23T07:20:34+00:00</time>
      </trkpt>
      <trkpt lat="45.76507" lon="6.87494">
        <ele>2529</ele>
        <time>2026-08-23T07:20:37+00:00</time>
      </trkpt>
      <trkpt lat="45.7651" lon="6.87504">
        <ele>2525</ele>
        <time>2026-08-23T07:20:40+00:00</time>
      </trkpt>
      <trkpt lat="45.76518" lon="6.87499">
        <ele>2524</ele>
        <time>2026-08-23T07:20:43+00:00</time>
      </trkpt>
      <trkpt lat="45.76524" lon="6.875">
        <ele>2523</ele>
        <time>2026-08-23T07:20:46+00:00</time>
      </trkpt>
      <trkpt lat="45.76531" lon="6.87504">
        <ele>2518</ele>
        <time>2026-08-23T07:20:49+00:00</time>
      </trkpt>
      <trkpt lat="45.76531" lon="6.8752">
        <ele>2514</ele>
        <time>2026-08-23T07:20:52+00:00</time>
      </trkpt>
      <trkpt lat="45.76539" lon="6.87524">
        <ele>2511</ele>
        <time>2026-08-23T07:20:55+00:00</time>
      </trkpt>
      <trkpt lat="45.76545" lon="6.87523">
        <ele>2510</ele>
        <time>2026-08-23T07:20:58+00:00</time>
      </trkpt>
      <trkpt lat="45.76554" lon="6.87523">
        <ele>2508</ele>
        <time>2026-08-23T07:21:01+00:00</time>
      </trkpt>
      <trkpt lat="45.76545" lon="6.87538">
        <ele>2502</ele>
        <time>2026-08-23T07:21:04+00:00</time>
      </trkpt>
      <trkpt lat="45.76552" lon="6.87539">
        <ele>2499</ele>
        <time>2026-08-23T07:21:07+00:00</time>
      </trkpt>
      <trkpt lat="45.76559" lon="6.87539">
        <ele>2499</ele>
        <time>2026-08-23T07:21:10+00:00</time>
      </trkpt>
      <trkpt lat="45.76567" lon="6.87537">
        <ele>2499</ele>
        <time>2026-08-23T07:21:13+00:00</time>
      </trkpt>
      <trkpt lat="45.76572" lon="6.87535">
        <ele>2495</ele>
        <time>2026-08-23T07:21:16+00:00</time>
      </trkpt>
      <trkpt lat="45.76582" lon="6.87536">
        <ele>2494</ele>
        <time>2026-08-23T07:21:19+00:00</time>
      </trkpt>
      <trkpt lat="45.7659" lon="6.87551">
        <ele>2486</ele>
        <time>2026-08-23T07:21:22+00:00</time>
      </trkpt>
      <trkpt lat="45.76598" lon="6.87554">
        <ele>2484</ele>
        <time>2026-08-23T07:21:25+00:00</time>
      </trkpt>
      <trkpt lat="45.766" lon="6.87563">
        <ele>2481</ele>
        <time>2026-08-23T07:21:28+00:00</time>
      </trkpt>
      <trkpt lat="45.76592" lon="6.8757">
        <ele>2481</ele>
        <time>2026-08-23T07:21:31+00:00</time>
      </trkpt>
      <trkpt lat="45.76596" lon="6.87573">
        <ele>2476</ele>
        <time>2026-08-23T07:21:34+00:00</time>
      </trkpt>
      <trkpt lat="45.76606" lon="6.87572">
        <ele>2474</ele>
        <time>2026-08-23T07:21:37+00:00</time>
      </trkpt>
      <trkpt lat="45.7661" lon="6.8757">
        <ele>2479</ele>
        <time>2026-08-23T07:21:40+00:00</time>
      </trkpt>
      <trkpt lat="45.76614" lon="6.87567">
        <ele>2478</ele>
        <time>2026-08-23T07:21:43+00:00</time>
      </trkpt>
      <trkpt lat="45.76618" lon="6.87566">
        <ele>2478</ele>
        <time>2026-08-23T07:21:46+00:00</time>
      </trkpt>
      <trkpt lat="45.76622" lon="6.87572">
        <ele>2473</ele>
        <time>2026-08-23T07:21:49+00:00</time>
      </trkpt>
      <trkpt lat="45.76625" lon="6.87584">
        <ele>2468</ele>
        <time>2026-08-23T07:21:52+00:00</time>
      </trkpt>
      <trkpt lat="45.7663" lon="6.87589">
        <ele>2468</ele>
        <time>2026-08-23T07:21:55+00:00</time>
      </trkpt>
      <trkpt lat="45.76634" lon="6.8759">
        <ele>2465</ele>
        <time>2026-08-23T07:21:58+00:00</time>
      </trkpt>
      <trkpt lat="45.76638" lon="6.87589">
        <ele>2465</ele>
        <time>2026-08-23T07:22:01+00:00</time>
      </trkpt>
      <trkpt lat="45.76643" lon="6.87585">
        <ele>2464</ele>
        <time>2026-08-23T07:22:04+00:00</time>
      </trkpt>
      <trkpt lat="45.76647" lon="6.87583">
        <ele>2464</ele>
        <time>2026-08-23T07:22:07+00:00</time>
      </trkpt>
      <trkpt lat="45.76651" lon="6.87588">
        <ele>2464</ele>
        <time>2026-08-23T07:22:10+00:00</time>
      </trkpt>
      <trkpt lat="45.76655" lon="6.87585">
        <ele>2464</ele>
        <time>2026-08-23T07:22:13+00:00</time>
      </trkpt>
      <trkpt lat="45.76658" lon="6.87592">
        <ele>2453</ele>
        <time>2026-08-23T07:22:16+00:00</time>
      </trkpt>
      <trkpt lat="45.76653" lon="6.87594">
        <ele>2453</ele>
        <time>2026-08-23T07:22:19+00:00</time>
      </trkpt>
      <trkpt lat="45.76643" lon="6.87612">
        <ele>2447</ele>
        <time>2026-08-23T07:22:22+00:00</time>
      </trkpt>
      <trkpt lat="45.76643" lon="6.87625">
        <ele>2445</ele>
        <time>2026-08-23T07:22:25+00:00</time>
      </trkpt>
      <trkpt lat="45.76648" lon="6.87623">
        <ele>2445</ele>
        <time>2026-08-23T07:22:28+00:00</time>
      </trkpt>
      <trkpt lat="45.76653" lon="6.8762">
        <ele>2446</ele>
        <time>2026-08-23T07:22:31+00:00</time>
      </trkpt>
      <trkpt lat="45.76657" lon="6.87622">
        <ele>2443</ele>
        <time>2026-08-23T07:22:34+00:00</time>
      </trkpt>
      <trkpt lat="45.7666" lon="6.87621">
        <ele>2443</ele>
        <time>2026-08-23T07:22:37+00:00</time>
      </trkpt>
      <trkpt lat="45.76663" lon="6.87622">
        <ele>2440</ele>
        <time>2026-08-23T07:22:40+00:00</time>
      </trkpt>
      <trkpt lat="45.76658" lon="6.87633">
        <ele>2440</ele>
        <time>2026-08-23T07:22:43+00:00</time>
      </trkpt>
      <trkpt lat="45.76659" lon="6.87655">
        <ele>2430</ele>
        <time>2026-08-23T07:22:46+00:00</time>
      </trkpt>
      <trkpt lat="45.76658" lon="6.87663">
        <ele>2427</ele>
        <time>2026-08-23T07:22:49+00:00</time>
      </trkpt>
      <trkpt lat="45.76653" lon="6.87675">
        <ele>2423</ele>
        <time>2026-08-23T07:22:52+00:00</time>
      </trkpt>
      <trkpt lat="45.76653" lon="6.8768">
        <ele>2423</ele>
        <time>2026-08-23T07:22:55+00:00</time>
      </trkpt>
      <trkpt lat="45.76651" lon="6.87694">
        <ele>2416</ele>
        <time>2026-08-23T07:22:58+00:00</time>
      </trkpt>
      <trkpt lat="45.76653" lon="6.87703">
        <ele>2413</ele>
        <time>2026-08-23T07:23:01+00:00</time>
      </trkpt>
      <trkpt lat="45.76655" lon="6.87704">
        <ele>2413</ele>
        <time>2026-08-23T07:23:04+00:00</time>
      </trkpt>
      <trkpt lat="45.76658" lon="6.87699">
        <ele>2416</ele>
        <time>2026-08-23T07:23:07+00:00</time>
      </trkpt>
      <trkpt lat="45.76666" lon="6.87698">
        <ele>2414</ele>
        <time>2026-08-23T07:23:10+00:00</time>
      </trkpt>
      <trkpt lat="45.7667" lon="6.87696">
        <ele>2414</ele>
        <time>2026-08-23T07:23:13+00:00</time>
      </trkpt>
      <trkpt lat="45.76678" lon="6.87694">
        <ele>2411</ele>
        <time>2026-08-23T07:23:16+00:00</time>
      </trkpt>
      <trkpt lat="45.7668" lon="6.87704">
        <ele>2408</ele>
        <time>2026-08-23T07:23:19+00:00</time>
      </trkpt>
      <trkpt lat="45.76687" lon="6.87703">
        <ele>2405</ele>
        <time>2026-08-23T07:23:22+00:00</time>
      </trkpt>
      <trkpt lat="45.76692" lon="6.87695">
        <ele>2402</ele>
        <time>2026-08-23T07:23:25+00:00</time>
      </trkpt>
      <trkpt lat="45.767" lon="6.87692">
        <ele>2402</ele>
        <time>2026-08-23T07:23:28+00:00</time>
      </trkpt>
      <trkpt lat="45.76708" lon="6.87687">
        <ele>2400</ele>
        <time>2026-08-23T07:23:31+00:00</time>
      </trkpt>
      <trkpt lat="45.76712" lon="6.87681">
        <ele>2398</ele>
        <time>2026-08-23T07:23:34+00:00</time>
      </trkpt>
      <trkpt lat="45.76719" lon="6.87673">
        <ele>2401</ele>
        <time>2026-08-23T07:23:37+00:00</time>
      </trkpt>
      <trkpt lat="45.76721" lon="6.87684">
        <ele>2395</ele>
        <time>2026-08-23T07:23:40+00:00</time>
      </trkpt>
      <trkpt lat="45.76722" lon="6.87697">
        <ele>2391</ele>
        <time>2026-08-23T07:23:43+00:00</time>
      </trkpt>
      <trkpt lat="45.76732" lon="6.87682">
        <ele>2391</ele>
        <time>2026-08-23T07:23:46+00:00</time>
      </trkpt>
      <trkpt lat="45.76736" lon="6.8768">
        <ele>2394</ele>
        <time>2026-08-23T07:23:49+00:00</time>
      </trkpt>
      <trkpt lat="45.76735" lon="6.87689">
        <ele>2391</ele>
        <time>2026-08-23T07:23:52+00:00</time>
      </trkpt>
      <trkpt lat="45.76738" lon="6.8769">
        <ele>2391</ele>
        <time>2026-08-23T07:23:55+00:00</time>
      </trkpt>
      <trkpt lat="45.76737" lon="6.87698">
        <ele>2388</ele>
        <time>2026-08-23T07:23:58+00:00</time>
      </trkpt>
      <trkpt lat="45.76738" lon="6.87712">
        <ele>2379</ele>
        <time>2026-08-23T07:24:01+00:00</time>
      </trkpt>
      <trkpt lat="45.76742" lon="6.87713">
        <ele>2376</ele>
        <time>2026-08-23T07:24:04+00:00</time>
      </trkpt>
      <trkpt lat="45.76749" lon="6.87707">
        <ele>2382</ele>
        <time>2026-08-23T07:24:07+00:00</time>
      </trkpt>
      <trkpt lat="45.76755" lon="6.87711">
        <ele>2369</ele>
        <time>2026-08-23T07:24:10+00:00</time>
      </trkpt>
      <trkpt lat="45.76765" lon="6.8771">
        <ele>2373</ele>
        <time>2026-08-23T07:24:13+00:00</time>
      </trkpt>
      <trkpt lat="45.76775" lon="6.87703">
        <ele>2370</ele>
        <time>2026-08-23T07:24:16+00:00</time>
      </trkpt>
      <trkpt lat="45.76785" lon="6.87705">
        <ele>2366</ele>
        <time>2026-08-23T07:24:19+00:00</time>
      </trkpt>
      <trkpt lat="45.76798" lon="6.87711">
        <ele>2356</ele>
        <time>2026-08-23T07:24:22+00:00</time>
      </trkpt>
      <trkpt lat="45.76808" lon="6.87714">
        <ele>2352</ele>
        <time>2026-08-23T07:24:25+00:00</time>
      </trkpt>
      <trkpt lat="45.76821" lon="6.87714">
        <ele>2339</ele>
        <time>2026-08-23T07:24:28+00:00</time>
      </trkpt>
      <trkpt lat="45.76829" lon="6.87711">
        <ele>2339</ele>
        <time>2026-08-23T07:24:31+00:00</time>
      </trkpt>
      <trkpt lat="45.76852" lon="6.87707">
        <ele>2336</ele>
        <time>2026-08-23T07:24:34+00:00</time>
      </trkpt>
      <trkpt lat="45.76833" lon="6.87754">
        <ele>2324</ele>
        <time>2026-08-23T07:24:37+00:00</time>
      </trkpt>
      <trkpt lat="45.76826" lon="6.87765">
        <ele>2325</ele>
        <time>2026-08-23T07:24:40+00:00</time>
      </trkpt>
      <trkpt lat="45.7682" lon="6.87783">
        <ele>2320</ele>
        <time>2026-08-23T07:24:43+00:00</time>
      </trkpt>
      <trkpt lat="45.76818" lon="6.87809">
        <ele>2312</ele>
        <time>2026-08-23T07:24:46+00:00</time>
      </trkpt>
      <trkpt lat="45.76823" lon="6.87823">
        <ele>2303</ele>
        <time>2026-08-23T07:24:49+00:00</time>
      </trkpt>
      <trkpt lat="45.76837" lon="6.8783">
        <ele>2301</ele>
        <time>2026-08-23T07:24:52+00:00</time>
      </trkpt>
      <trkpt lat="45.76855" lon="6.87835">
        <ele>2292</ele>
        <time>2026-08-23T07:24:55+00:00</time>
      </trkpt>
      <trkpt lat="45.76876" lon="6.87842">
        <ele>2284</ele>
        <time>2026-08-23T07:24:58+00:00</time>
      </trkpt>
      <trkpt lat="45.7689" lon="6.87854">
        <ele>2280</ele>
        <time>2026-08-23T07:25:01+00:00</time>
      </trkpt>
      <trkpt lat="45.76895" lon="6.87873">
        <ele>2276</ele>
        <time>2026-08-23T07:25:04+00:00</time>
      </trkpt>
      <trkpt lat="45.76899" lon="6.87898">
        <ele>2273</ele>
        <time>2026-08-23T07:25:07+00:00</time>
      </trkpt>
      <trkpt lat="45.76915" lon="6.87919">
        <ele>2266</ele>
        <time>2026-08-23T07:25:10+00:00</time>
      </trkpt>
      <trkpt lat="45.76929" lon="6.87933">
        <ele>2264</ele>
        <time>2026-08-23T07:25:13+00:00</time>
      </trkpt>
      <trkpt lat="45.76938" lon="6.87938">
        <ele>2263</ele>
        <time>2026-08-23T07:25:16+00:00</time>
      </trkpt>
      <trkpt lat="45.76942" lon="6.87947">
        <ele>2261</ele>
        <time>2026-08-23T07:25:19+00:00</time>
      </trkpt>
      <trkpt lat="45.76958" lon="6.87957">
        <ele>2260</ele>
        <time>2026-08-23T07:25:22+00:00</time>
      </trkpt>
      <trkpt lat="45.76968" lon="6.87961">
        <ele>2258</ele>
        <time>2026-08-23T07:25:25+00:00</time>
      </trkpt>
      <trkpt lat="45.76974" lon="6.87983">
        <ele>2255</ele>
        <time>2026-08-23T07:25:28+00:00</time>
      </trkpt>
      <trkpt lat="45.76988" lon="6.87999">
        <ele>2254</ele>
        <time>2026-08-23T07:25:31+00:00</time>
      </trkpt>
      <trkpt lat="45.76994" lon="6.88017">
        <ele>2251</ele>
        <time>2026-08-23T07:25:34+00:00</time>
      </trkpt>
      <trkpt lat="45.7702" lon="6.88037">
        <ele>2246</ele>
        <time>2026-08-23T07:25:37+00:00</time>
      </trkpt>
      <trkpt lat="45.77028" lon="6.88045">
        <ele>2245</ele>
        <time>2026-08-23T07:25:40+00:00</time>
      </trkpt>
      <trkpt lat="45.77029" lon="6.88053">
        <ele>2244</ele>
        <time>2026-08-23T07:25:43+00:00</time>
      </trkpt>
      <trkpt lat="45.77047" lon="6.88067">
        <ele>2241</ele>
        <time>2026-08-23T07:25:46+00:00</time>
      </trkpt>
      <trkpt lat="45.77058" lon="6.88073">
        <ele>2239</ele>
        <time>2026-08-23T07:25:49+00:00</time>
      </trkpt>
      <trkpt lat="45.77072" lon="6.88084">
        <ele>2235</ele>
        <time>2026-08-23T07:25:52+00:00</time>
      </trkpt>
      <trkpt lat="45.77081" lon="6.88108">
        <ele>2234</ele>
        <time>2026-08-23T07:25:55+00:00</time>
      </trkpt>
      <trkpt lat="45.77078" lon="6.8812">
        <ele>2236</ele>
        <time>2026-08-23T07:25:58+00:00</time>
      </trkpt>
      <trkpt lat="45.77085" lon="6.88126">
        <ele>2235</ele>
        <time>2026-08-23T07:26:01+00:00</time>
      </trkpt>
      <trkpt lat="45.77099" lon="6.88123">
        <ele>2233</ele>
        <time>2026-08-23T07:26:04+00:00</time>
      </trkpt>
      <trkpt lat="45.77108" lon="6.88122">
        <ele>2232</ele>
        <time>2026-08-23T07:26:07+00:00</time>
      </trkpt>
      <trkpt lat="45.77135" lon="6.8816">
        <ele>2228</ele>
        <time>2026-08-23T07:26:10+00:00</time>
      </trkpt>
      <trkpt lat="45.77143" lon="6.8815">
        <ele>2226</ele>
        <time>2026-08-23T07:26:13+00:00</time>
      </trkpt>
      <trkpt lat="45.77158" lon="6.88134">
        <ele>2223</ele>
        <time>2026-08-23T07:26:16+00:00</time>
      </trkpt>
      <trkpt lat="45.77159" lon="6.88124">
        <ele>2222</ele>
        <time>2026-08-23T07:26:19+00:00</time>
      </trkpt>
      <trkpt lat="45.77164" lon="6.88109">
        <ele>2218</ele>
        <time>2026-08-23T07:26:22+00:00</time>
      </trkpt>
      <trkpt lat="45.77176" lon="6.88101">
        <ele>2216</ele>
        <time>2026-08-23T07:26:25+00:00</time>
      </trkpt>
      <trkpt lat="45.77187" lon="6.88082">
        <ele>2211</ele>
        <time>2026-08-23T07:26:28+00:00</time>
      </trkpt>
      <trkpt lat="45.77199" lon="6.88085">
        <ele>2209</ele>
        <time>2026-08-23T07:26:31+00:00</time>
      </trkpt>
      <trkpt lat="45.77221" lon="6.88064">
        <ele>2202</ele>
        <time>2026-08-23T07:26:34+00:00</time>
      </trkpt>
      <trkpt lat="45.77235" lon="6.88046">
        <ele>2197</ele>
        <time>2026-08-23T07:26:37+00:00</time>
      </trkpt>
      <trkpt lat="45.7724" lon="6.88031">
        <ele>2196</ele>
        <time>2026-08-23T07:26:40+00:00</time>
      </trkpt>
      <trkpt lat="45.77251" lon="6.88018">
        <ele>2186</ele>
        <time>2026-08-23T07:26:43+00:00</time>
      </trkpt>
      <trkpt lat="45.77267" lon="6.88001">
        <ele>2183</ele>
        <time>2026-08-23T07:26:46+00:00</time>
      </trkpt>
      <trkpt lat="45.77281" lon="6.87985">
        <ele>2177</ele>
        <time>2026-08-23T07:26:49+00:00</time>
      </trkpt>
      <trkpt lat="45.77304" lon="6.87964">
        <ele>2180</ele>
        <time>2026-08-23T07:26:52+00:00</time>
      </trkpt>
      <trkpt lat="45.7729" lon="6.87962">
        <ele>2177</ele>
        <time>2026-08-23T07:26:55+00:00</time>
      </trkpt>
      <trkpt lat="45.77286" lon="6.87949">
        <ele>2178</ele>
        <time>2026-08-23T07:26:58+00:00</time>
      </trkpt>
      <trkpt lat="45.77294" lon="6.87936">
        <ele>2174</ele>
        <time>2026-08-23T07:27:01+00:00</time>
      </trkpt>
      <trkpt lat="45.77306" lon="6.87925">
        <ele>2165</ele>
        <time>2026-08-23T07:27:04+00:00</time>
      </trkpt>
      <trkpt lat="45.7731" lon="6.87906">
        <ele>2165</ele>
        <time>2026-08-23T07:27:07+00:00</time>
      </trkpt>
      <trkpt lat="45.77321" lon="6.87875">
        <ele>2160</ele>
        <time>2026-08-23T07:27:10+00:00</time>
      </trkpt>
      <trkpt lat="45.77323" lon="6.87853">
        <ele>2161</ele>
        <time>2026-08-23T07:27:13+00:00</time>
      </trkpt>
      <trkpt lat="45.77331" lon="6.8783">
        <ele>2157</ele>
        <time>2026-08-23T07:27:16+00:00</time>
      </trkpt>
      <trkpt lat="45.7734" lon="6.87817">
        <ele>2157</ele>
        <time>2026-08-23T07:27:19+00:00</time>
      </trkpt>
      <trkpt lat="45.77357" lon="6.87798">
        <ele>2146</ele>
        <time>2026-08-23T07:27:22+00:00</time>
      </trkpt>
      <trkpt lat="45.77379" lon="6.87773">
        <ele>2134</ele>
        <time>2026-08-23T07:27:25+00:00</time>
      </trkpt>
      <trkpt lat="45.7738" lon="6.87755">
        <ele>2133</ele>
        <time>2026-08-23T07:27:28+00:00</time>
      </trkpt>
      <trkpt lat="45.77382" lon="6.87742">
        <ele>2127</ele>
        <time>2026-08-23T07:27:31+00:00</time>
      </trkpt>
      <trkpt lat="45.77392" lon="6.87728">
        <ele>2120</ele>
        <time>2026-08-23T07:27:34+00:00</time>
      </trkpt>
      <trkpt lat="45.77404" lon="6.87732">
        <ele>2117</ele>
        <time>2026-08-23T07:27:37+00:00</time>
      </trkpt>
      <trkpt lat="45.77412" lon="6.87736">
        <ele>2114</ele>
        <time>2026-08-23T07:27:40+00:00</time>
      </trkpt>
      <trkpt lat="45.77421" lon="6.87729">
        <ele>2104</ele>
        <time>2026-08-23T07:27:43+00:00</time>
      </trkpt>
      <trkpt lat="45.77426" lon="6.87728">
        <ele>2104</ele>
        <time>2026-08-23T07:27:46+00:00</time>
      </trkpt>
      <trkpt lat="45.77434" lon="6.87679">
        <ele>2094</ele>
        <time>2026-08-23T07:27:49+00:00</time>
      </trkpt>
      <trkpt lat="45.77432" lon="6.87663">
        <ele>2092</ele>
        <time>2026-08-23T07:27:52+00:00</time>
      </trkpt>
      <trkpt lat="45.77438" lon="6.8766">
        <ele>2091</ele>
        <time>2026-08-23T07:27:55+00:00</time>
      </trkpt>
      <trkpt lat="45.77452" lon="6.87668">
        <ele>2088</ele>
        <time>2026-08-23T07:27:58+00:00</time>
      </trkpt>
      <trkpt lat="45.77467" lon="6.87677">
        <ele>2085</ele>
        <time>2026-08-23T07:28:01+00:00</time>
      </trkpt>
      <trkpt lat="45.7748" lon="6.87694">
        <ele>2084</ele>
        <time>2026-08-23T07:28:04+00:00</time>
      </trkpt>
      <trkpt lat="45.77487" lon="6.87699">
        <ele>2077</ele>
        <time>2026-08-23T07:28:07+00:00</time>
      </trkpt>
      <trkpt lat="45.77494" lon="6.87698">
        <ele>2073</ele>
        <time>2026-08-23T07:28:10+00:00</time>
      </trkpt>
      <trkpt lat="45.77502" lon="6.87701">
        <ele>2068</ele>
        <time>2026-08-23T07:28:13+00:00</time>
      </trkpt>
      <trkpt lat="45.77501" lon="6.87688">
        <ele>2068</ele>
        <time>2026-08-23T07:28:16+00:00</time>
      </trkpt>
      <trkpt lat="45.77512" lon="6.87677">
        <ele>2062</ele>
        <time>2026-08-23T07:28:19+00:00</time>
      </trkpt>
      <trkpt lat="45.77502" lon="6.87652">
        <ele>2066</ele>
        <time>2026-08-23T07:28:22+00:00</time>
      </trkpt>
      <trkpt lat="45.77496" lon="6.87635">
        <ele>2064</ele>
        <time>2026-08-23T07:28:25+00:00</time>
      </trkpt>
      <trkpt lat="45.77488" lon="6.8759">
        <ele>2064</ele>
        <time>2026-08-23T07:28:28+00:00</time>
      </trkpt>
      <trkpt lat="45.77481" lon="6.87581">
        <ele>2056</ele>
        <time>2026-08-23T07:28:31+00:00</time>
      </trkpt>
      <trkpt lat="45.77463" lon="6.87566">
        <ele>2062</ele>
        <time>2026-08-23T07:28:34+00:00</time>
      </trkpt>
      <trkpt lat="45.77458" lon="6.87558">
        <ele>2063</ele>
        <time>2026-08-23T07:28:37+00:00</time>
      </trkpt>
      <trkpt lat="45.77453" lon="6.8754">
        <ele>2061</ele>
        <time>2026-08-23T07:28:40+00:00</time>
      </trkpt>
      <trkpt lat="45.77449" lon="6.87514">
        <ele>2059</ele>
        <time>2026-08-23T07:28:43+00:00</time>
      </trkpt>
      <trkpt lat="45.77449" lon="6.87491">
        <ele>2056</ele>
        <time>2026-08-23T07:28:46+00:00</time>
      </trkpt>
      <trkpt lat="45.77451" lon="6.87476">
        <ele>2050</ele>
        <time>2026-08-23T07:28:49+00:00</time>
      </trkpt>
      <trkpt lat="45.77463" lon="6.87441">
        <ele>2042</ele>
        <time>2026-08-23T07:28:52+00:00</time>
      </trkpt>
      <trkpt lat="45.77471" lon="6.87408">
        <ele>2035</ele>
        <time>2026-08-23T07:28:55+00:00</time>
      </trkpt>
      <trkpt lat="45.77484" lon="6.87366">
        <ele>2028</ele>
        <time>2026-08-23T07:28:58+00:00</time>
      </trkpt>
      <trkpt lat="45.77488" lon="6.87347">
        <ele>2020</ele>
        <time>2026-08-23T07:29:01+00:00</time>
      </trkpt>
      <trkpt lat="45.77488" lon="6.87311">
        <ele>2022</ele>
        <time>2026-08-23T07:29:04+00:00</time>
      </trkpt>
      <trkpt lat="45.77494" lon="6.87267">
        <ele>2015</ele>
        <time>2026-08-23T07:29:07+00:00</time>
      </trkpt>
      <trkpt lat="45.77504" lon="6.87239">
        <ele>2009</ele>
        <time>2026-08-23T07:29:10+00:00</time>
      </trkpt>
      <trkpt lat="45.77512" lon="6.87219">
        <ele>2006</ele>
        <time>2026-08-23T07:29:13+00:00</time>
      </trkpt>
      <trkpt lat="45.77524" lon="6.872">
        <ele>2001</ele>
        <time>2026-08-23T07:29:16+00:00</time>
      </trkpt>
      <trkpt lat="45.77541" lon="6.87186">
        <ele>1988</ele>
        <time>2026-08-23T07:29:19+00:00</time>
      </trkpt>
      <trkpt lat="45.77559" lon="6.87178">
        <ele>1983</ele>
        <time>2026-08-23T07:29:22+00:00</time>
      </trkpt>
      <trkpt lat="45.77557" lon="6.87142">
        <ele>1983</ele>
        <time>2026-08-23T07:29:25+00:00</time>
      </trkpt>
      <trkpt lat="45.77547" lon="6.87088">
        <ele>1982</ele>
        <time>2026-08-23T07:29:28+00:00</time>
      </trkpt>
      <trkpt lat="45.77543" lon="6.87058">
        <ele>1981</ele>
        <time>2026-08-23T07:29:31+00:00</time>
      </trkpt>
      <trkpt lat="45.77539" lon="6.87043">
        <ele>1985</ele>
        <time>2026-08-23T07:29:34+00:00</time>
      </trkpt>
      <trkpt lat="45.7754" lon="6.87003">
        <ele>1981</ele>
        <time>2026-08-23T07:29:37+00:00</time>
      </trkpt>
      <trkpt lat="45.77529" lon="6.86976">
        <ele>1980</ele>
        <time>2026-08-23T07:29:40+00:00</time>
      </trkpt>
      <trkpt lat="45.77513" lon="6.86923">
        <ele>1974</ele>
        <time>2026-08-23T07:29:43+00:00</time>
      </trkpt>
      <trkpt lat="45.77504" lon="6.86887">
        <ele>1970</ele>
        <time>2026-08-23T07:29:46+00:00</time>
      </trkpt>
      <trkpt lat="45.77491" lon="6.86849">
        <ele>1972</ele>
        <time>2026-08-23T07:29:49+00:00</time>
      </trkpt>
      <trkpt lat="45.77476" lon="6.86818">
        <ele>1971</ele>
        <time>2026-08-23T07:29:52+00:00</time>
      </trkpt>
      <trkpt lat="45.77456" lon="6.86777">
        <ele>1971</ele>
        <time>2026-08-23T07:29:55+00:00</time>
      </trkpt>
      <trkpt lat="45.77434" lon="6.86739">
        <ele>1970</ele>
        <time>2026-08-23T07:29:58+00:00</time>
      </trkpt>
      <trkpt lat="45.77416" lon="6.86714">
        <ele>1970</ele>
        <time>2026-08-23T07:30:01+00:00</time>
      </trkpt>
      <trkpt lat="45.77406" lon="6.86693">
        <ele>1970</ele>
        <time>2026-08-23T07:30:04+00:00</time>
      </trkpt>
      <trkpt lat="45.77394" lon="6.86655">
        <ele>1965</ele>
        <time>2026-08-23T07:30:07+00:00</time>
      </trkpt>
      <trkpt lat="45.77384" lon="6.86632">
        <ele>1965</ele>
        <time>2026-08-23T07:30:10+00:00</time>
      </trkpt>
      <trkpt lat="45.77384" lon="6.86621">
        <ele>1964</ele>
        <time>2026-08-23T07:30:13+00:00</time>
      </trkpt>
      <trkpt lat="45.77387" lon="6.86567">
        <ele>1957</ele>
        <time>2026-08-23T07:30:16+00:00</time>
      </trkpt>
      <trkpt lat="45.77383" lon="6.86531">
        <ele>1956</ele>
        <time>2026-08-23T07:30:19+00:00</time>
      </trkpt>
      <trkpt lat="45.77375" lon="6.86506">
        <ele>1955</ele>
        <time>2026-08-23T07:30:22+00:00</time>
      </trkpt>
      <trkpt lat="45.77362" lon="6.86488">
        <ele>1954</ele>
        <time>2026-08-23T07:30:25+00:00</time>
      </trkpt>
      <trkpt lat="45.77342" lon="6.86467">
        <ele>1955</ele>
        <time>2026-08-23T07:30:28+00:00</time>
      </trkpt>
      <trkpt lat="45.77312" lon="6.86454">
        <ele>1961</ele>
        <time>2026-08-23T07:30:31+00:00</time>
      </trkpt>
      <trkpt lat="45.77306" lon="6.86447">
        <ele>1963</ele>
        <time>2026-08-23T07:30:34+00:00</time>
      </trkpt>
      <trkpt lat="45.7729" lon="6.86431">
        <ele>1969</ele>
        <time>2026-08-23T07:30:37+00:00</time>
      </trkpt>
      <trkpt lat="45.7728" lon="6.86401">
        <ele>1969</ele>
        <time>2026-08-23T07:30:40+00:00</time>
      </trkpt>
      <trkpt lat="45.77273" lon="6.86363">
        <ele>1963</ele>
        <time>2026-08-23T07:30:43+00:00</time>
      </trkpt>
      <trkpt lat="45.77251" lon="6.86308">
        <ele>1961</ele>
        <time>2026-08-23T07:30:46+00:00</time>
      </trkpt>
      <trkpt lat="45.77251" lon="6.86274">
        <ele>1960</ele>
        <time>2026-08-23T07:30:49+00:00</time>
      </trkpt>
      <trkpt lat="45.77251" lon="6.86239">
        <ele>1958</ele>
        <time>2026-08-23T07:30:52+00:00</time>
      </trkpt>
      <trkpt lat="45.77252" lon="6.86201">
        <ele>1957</ele>
        <time>2026-08-23T07:30:55+00:00</time>
      </trkpt>
      <trkpt lat="45.77252" lon="6.8615">
        <ele>1957</ele>
        <time>2026-08-23T07:30:58+00:00</time>
      </trkpt>
      <trkpt lat="45.77243" lon="6.86107">
        <ele>1957</ele>
        <time>2026-08-23T07:31:01+00:00</time>
      </trkpt>
      <trkpt lat="45.77236" lon="6.8608">
        <ele>1960</ele>
        <time>2026-08-23T07:31:04+00:00</time>
      </trkpt>
      <trkpt lat="45.77213" lon="6.86043">
        <ele>1962</ele>
        <time>2026-08-23T07:31:07+00:00</time>
      </trkpt>
      <trkpt lat="45.77199" lon="6.86012">
        <ele>1962</ele>
        <time>2026-08-23T07:31:10+00:00</time>
      </trkpt>
      <trkpt lat="45.77183" lon="6.85977">
        <ele>1962</ele>
        <time>2026-08-23T07:31:13+00:00</time>
      </trkpt>
      <trkpt lat="45.7717" lon="6.85946">
        <ele>1962</ele>
        <time>2026-08-23T07:31:16+00:00</time>
      </trkpt>
      <trkpt lat="45.77156" lon="6.85912">
        <ele>1964</ele>
        <time>2026-08-23T07:31:19+00:00</time>
      </trkpt>
      <trkpt lat="45.77141" lon="6.85873">
        <ele>1964</ele>
        <time>2026-08-23T07:31:22+00:00</time>
      </trkpt>
      <trkpt lat="45.77111" lon="6.85797">
        <ele>1964</ele>
        <time>2026-08-23T07:31:25+00:00</time>
      </trkpt>
      <trkpt lat="45.77099" lon="6.85761">
        <ele>1964</ele>
        <time>2026-08-23T07:31:28+00:00</time>
      </trkpt>
      <trkpt lat="45.77083" lon="6.8571">
        <ele>1964</ele>
        <time>2026-08-23T07:31:31+00:00</time>
      </trkpt>
      <trkpt lat="45.77072" lon="6.8567">
        <ele>1964</ele>
        <time>2026-08-23T07:31:34+00:00</time>
      </trkpt>
      <trkpt lat="45.77063" lon="6.85637">
        <ele>1964</ele>
        <time>2026-08-23T07:31:37+00:00</time>
      </trkpt>
      <trkpt lat="45.77053" lon="6.856">
        <ele>1964</ele>
        <time>2026-08-23T07:31:40+00:00</time>
      </trkpt>
      <trkpt lat="45.7704" lon="6.85545">
        <ele>1964</ele>
        <time>2026-08-23T07:31:43+00:00</time>
      </trkpt>
      <trkpt lat="45.77026" lon="6.85497">
        <ele>1964</ele>
        <time>2026-08-23T07:31:46+00:00</time>
      </trkpt>
      <trkpt lat="45.77016" lon="6.85459">
        <ele>1964</ele>
        <time>2026-08-23T07:31:49+00:00</time>
      </trkpt>
      <trkpt lat="45.77" lon="6.854">
        <ele>1965</ele>
        <time>2026-08-23T07:31:52+00:00</time>
      </trkpt>
      <trkpt lat="45.76991" lon="6.85368">
        <ele>1965</ele>
        <time>2026-08-23T07:31:55+00:00</time>
      </trkpt>
      <trkpt lat="45.76982" lon="6.85336">
        <ele>1966</ele>
        <time>2026-08-23T07:31:58+00:00</time>
      </trkpt>
      <trkpt lat="45.7697" lon="6.8529">
        <ele>1968</ele>
        <time>2026-08-23T07:32:01+00:00</time>
      </trkpt>
      <trkpt lat="45.76957" lon="6.85245">
        <ele>1969</ele>
        <time>2026-08-23T07:32:04+00:00</time>
      </trkpt>
      <trkpt lat="45.76948" lon="6.85211">
        <ele>1969</ele>
        <time>2026-08-23T07:32:07+00:00</time>
      </trkpt>
      <trkpt lat="45.76925" lon="6.85183">
        <ele>1970</ele>
        <time>2026-08-23T07:32:10+00:00</time>
      </trkpt>
      <trkpt lat="45.76907" lon="6.85154">
        <ele>1972</ele>
        <time>2026-08-23T07:32:13+00:00</time>
      </trkpt>
      <trkpt lat="45.76884" lon="6.85116">
        <ele>1972</ele>
        <time>2026-08-23T07:32:16+00:00</time>
      </trkpt>
      <trkpt lat="45.76865" lon="6.85072">
        <ele>1973</ele>
        <time>2026-08-23T07:32:19+00:00</time>
      </trkpt>
      <trkpt lat="45.76842" lon="6.85018">
        <ele>1974</ele>
        <time>2026-08-23T07:32:22+00:00</time>
      </trkpt>
      <trkpt lat="45.76833" lon="6.8497">
        <ele>1976</ele>
        <time>2026-08-23T07:32:25+00:00</time>
      </trkpt>
      <trkpt lat="45.76806" lon="6.84929">
        <ele>1984</ele>
        <time>2026-08-23T07:32:28+00:00</time>
      </trkpt>
      <trkpt lat="45.76792" lon="6.84903">
        <ele>1986</ele>
        <time>2026-08-23T07:32:31+00:00</time>
      </trkpt>
      <trkpt lat="45.76783" lon="6.84863">
        <ele>1988</ele>
        <time>2026-08-23T07:32:34+00:00</time>
      </trkpt>
      <trkpt lat="45.76766" lon="6.8485">
        <ele>1991</ele>
        <time>2026-08-23T07:32:37+00:00</time>
      </trkpt>
      <trkpt lat="45.76747" lon="6.84843">
        <ele>2002</ele>
        <time>2026-08-23T07:32:40+00:00</time>
      </trkpt>
      <trkpt lat="45.76731" lon="6.84806">
        <ele>2008</ele>
        <time>2026-08-23T07:32:43+00:00</time>
      </trkpt>
      <trkpt lat="45.76714" lon="6.84748">
        <ele>2021</ele>
        <time>2026-08-23T07:32:46+00:00</time>
      </trkpt>
      <trkpt lat="45.76701" lon="6.84715">
        <ele>2025</ele>
        <time>2026-08-23T07:32:49+00:00</time>
      </trkpt>
      <trkpt lat="45.76683" lon="6.84674">
        <ele>2035</ele>
        <time>2026-08-23T07:32:52+00:00</time>
      </trkpt>
      <trkpt lat="45.7667" lon="6.84645">
        <ele>2045</ele>
        <time>2026-08-23T07:32:55+00:00</time>
      </trkpt>
      <trkpt lat="45.76656" lon="6.84613">
        <ele>2047</ele>
        <time>2026-08-23T07:32:58+00:00</time>
      </trkpt>
      <trkpt lat="45.76626" lon="6.84565">
        <ele>2067</ele>
        <time>2026-08-23T07:33:01+00:00</time>
      </trkpt>
      <trkpt lat="45.76616" lon="6.84531">
        <ele>2068</ele>
        <time>2026-08-23T07:33:04+00:00</time>
      </trkpt>
      <trkpt lat="45.76603" lon="6.84491">
        <ele>2069</ele>
        <time>2026-08-23T07:33:07+00:00</time>
      </trkpt>
      <trkpt lat="45.76586" lon="6.84465">
        <ele>2077</ele>
        <time>2026-08-23T07:33:10+00:00</time>
      </trkpt>
      <trkpt lat="45.76567" lon="6.84436">
        <ele>2093</ele>
        <time>2026-08-23T07:33:13+00:00</time>
      </trkpt>
      <trkpt lat="45.76546" lon="6.84402">
        <ele>2103</ele>
        <time>2026-08-23T07:33:16+00:00</time>
      </trkpt>
      <trkpt lat="45.76517" lon="6.84352">
        <ele>2113</ele>
        <time>2026-08-23T07:33:19+00:00</time>
      </trkpt>
      <trkpt lat="45.76507" lon="6.84315">
        <ele>2121</ele>
        <time>2026-08-23T07:33:22+00:00</time>
      </trkpt>
      <trkpt lat="45.765" lon="6.84283">
        <ele>2120</ele>
        <time>2026-08-23T07:33:25+00:00</time>
      </trkpt>
      <trkpt lat="45.76517" lon="6.84255">
        <ele>2120</ele>
        <time>2026-08-23T07:33:28+00:00</time>
      </trkpt>
      <trkpt lat="45.7654" lon="6.84219">
        <ele>2121</ele>
        <time>2026-08-23T07:33:31+00:00</time>
      </trkpt>
      <trkpt lat="45.76532" lon="6.84183">
        <ele>2123</ele>
        <time>2026-08-23T07:33:34+00:00</time>
      </trkpt>
      <trkpt lat="45.76521" lon="6.84138">
        <ele>2131</ele>
        <time>2026-08-23T07:33:37+00:00</time>
      </trkpt>
      <trkpt lat="45.7651" lon="6.84096">
        <ele>2137</ele>
        <time>2026-08-23T07:33:40+00:00</time>
      </trkpt>
      <trkpt lat="45.76496" lon="6.84085">
        <ele>2142</ele>
        <time>2026-08-23T07:33:43+00:00</time>
      </trkpt>
      <trkpt lat="45.76494" lon="6.84049">
        <ele>2142</ele>
        <time>2026-08-23T07:33:46+00:00</time>
      </trkpt>
      <trkpt lat="45.76517" lon="6.84003">
        <ele>2143</ele>
        <time>2026-08-23T07:33:49+00:00</time>
      </trkpt>
      <trkpt lat="45.76527" lon="6.83949">
        <ele>2145</ele>
        <time>2026-08-23T07:33:52+00:00</time>
      </trkpt>
      <trkpt lat="45.76535" lon="6.83897">
        <ele>2147</ele>
        <time>2026-08-23T07:33:55+00:00</time>
      </trkpt>
      <trkpt lat="45.76549" lon="6.83854">
        <ele>2149</ele>
        <time>2026-08-23T07:33:58+00:00</time>
      </trkpt>
      <trkpt lat="45.76577" lon="6.83854">
        <ele>2149</ele>
        <time>2026-08-23T07:34:01+00:00</time>
      </trkpt>
      <trkpt lat="45.76603" lon="6.83876">
        <ele>2149</ele>
        <time>2026-08-23T07:34:04+00:00</time>
      </trkpt>
      <trkpt lat="45.7662" lon="6.83868">
        <ele>2149</ele>
        <time>2026-08-23T07:34:07+00:00</time>
      </trkpt>
      <trkpt lat="45.76637" lon="6.8388">
        <ele>2147</ele>
        <time>2026-08-23T07:34:10+00:00</time>
      </trkpt>
      <trkpt lat="45.7665" lon="6.83886">
        <ele>2144</ele>
        <time>2026-08-23T07:34:13+00:00</time>
      </trkpt>
      <trkpt lat="45.76653" lon="6.83871">
        <ele>2149</ele>
        <time>2026-08-23T07:34:16+00:00</time>
      </trkpt>
      <trkpt lat="45.76658" lon="6.83855">
        <ele>2150</ele>
        <time>2026-08-23T07:34:19+00:00</time>
      </trkpt>
      <trkpt lat="45.76674" lon="6.83846">
        <ele>2151</ele>
        <time>2026-08-23T07:34:22+00:00</time>
      </trkpt>
      <trkpt lat="45.76666" lon="6.8384">
        <ele>2156</ele>
        <time>2026-08-23T07:34:25+00:00</time>
      </trkpt>
      <trkpt lat="45.76667" lon="6.83822">
        <ele>2159</ele>
        <time>2026-08-23T07:34:28+00:00</time>
      </trkpt>
      <trkpt lat="45.76665" lon="6.83808">
        <ele>2164</ele>
        <time>2026-08-23T07:34:31+00:00</time>
      </trkpt>
      <trkpt lat="45.7667" lon="6.83798">
        <ele>2166</ele>
        <time>2026-08-23T07:34:34+00:00</time>
      </trkpt>
      <trkpt lat="45.76683" lon="6.8379">
        <ele>2161</ele>
        <time>2026-08-23T07:34:37+00:00</time>
      </trkpt>
      <trkpt lat="45.76701" lon="6.83799">
        <ele>2163</ele>
        <time>2026-08-23T07:34:40+00:00</time>
      </trkpt>
      <trkpt lat="45.76714" lon="6.838">
        <ele>2162</ele>
        <time>2026-08-23T07:34:43+00:00</time>
      </trkpt>
      <trkpt lat="45.76721" lon="6.8379">
        <ele>2164</ele>
        <time>2026-08-23T07:34:46+00:00</time>
      </trkpt>
      <trkpt lat="45.76718" lon="6.83725">
        <ele>2182</ele>
        <time>2026-08-23T07:34:49+00:00</time>
      </trkpt>
      <trkpt lat="45.7672" lon="6.8368">
        <ele>2194</ele>
        <time>2026-08-23T07:34:52+00:00</time>
      </trkpt>
      <trkpt lat="45.76716" lon="6.83623">
        <ele>2204</ele>
        <time>2026-08-23T07:34:55+00:00</time>
      </trkpt>
      <trkpt lat="45.76712" lon="6.83584">
        <ele>2212</ele>
        <time>2026-08-23T07:34:58+00:00</time>
      </trkpt>
      <trkpt lat="45.76709" lon="6.83571">
        <ele>2215</ele>
        <time>2026-08-23T07:35:01+00:00</time>
      </trkpt>
      <trkpt lat="45.76703" lon="6.83568">
        <ele>2217</ele>
        <time>2026-08-23T07:35:04+00:00</time>
      </trkpt>
      <trkpt lat="45.76694" lon="6.83582">
        <ele>2214</ele>
        <time>2026-08-23T07:35:07+00:00</time>
      </trkpt>
      <trkpt lat="45.76685" lon="6.83594">
        <ele>2214</ele>
        <time>2026-08-23T07:35:10+00:00</time>
      </trkpt>
      <trkpt lat="45.76679" lon="6.83605">
        <ele>2214</ele>
        <time>2026-08-23T07:35:13+00:00</time>
      </trkpt>
      <trkpt lat="45.76669" lon="6.83613">
        <ele>2212</ele>
        <time>2026-08-23T07:35:16+00:00</time>
      </trkpt>
      <trkpt lat="45.76653" lon="6.83604">
        <ele>2216</ele>
        <time>2026-08-23T07:35:19+00:00</time>
      </trkpt>
      <trkpt lat="45.76669" lon="6.83589">
        <ele>2221</ele>
        <time>2026-08-23T07:35:22+00:00</time>
      </trkpt>
      <trkpt lat="45.76665" lon="6.83593">
        <ele>2217</ele>
        <time>2026-08-23T07:35:25+00:00</time>
      </trkpt>
      <trkpt lat="45.76659" lon="6.83561">
        <ele>2228</ele>
        <time>2026-08-23T07:35:28+00:00</time>
      </trkpt>
      <trkpt lat="45.76658" lon="6.83547">
        <ele>2232</ele>
        <time>2026-08-23T07:35:31+00:00</time>
      </trkpt>
      <trkpt lat="45.76658" lon="6.83521">
        <ele>2239</ele>
        <time>2026-08-23T07:35:34+00:00</time>
      </trkpt>
      <trkpt lat="45.7665" lon="6.83478">
        <ele>2255</ele>
        <time>2026-08-23T07:35:37+00:00</time>
      </trkpt>
      <trkpt lat="45.7664" lon="6.83444">
        <ele>2270</ele>
        <time>2026-08-23T07:35:40+00:00</time>
      </trkpt>
      <trkpt lat="45.7664" lon="6.83412">
        <ele>2278</ele>
        <time>2026-08-23T07:35:43+00:00</time>
      </trkpt>
      <trkpt lat="45.76643" lon="6.8337">
        <ele>2279</ele>
        <time>2026-08-23T07:35:46+00:00</time>
      </trkpt>
      <trkpt lat="45.76648" lon="6.8336">
        <ele>2284</ele>
        <time>2026-08-23T07:35:49+00:00</time>
      </trkpt>
      <trkpt lat="45.76656" lon="6.8336">
        <ele>2280</ele>
        <time>2026-08-23T07:35:52+00:00</time>
      </trkpt>
      <trkpt lat="45.7666" lon="6.83357">
        <ele>2280</ele>
        <time>2026-08-23T07:35:55+00:00</time>
      </trkpt>
      <trkpt lat="45.76662" lon="6.83299">
        <ele>2290</ele>
        <time>2026-08-23T07:35:58+00:00</time>
      </trkpt>
      <trkpt lat="45.76668" lon="6.83286">
        <ele>2293</ele>
        <time>2026-08-23T07:36:01+00:00</time>
      </trkpt>
      <trkpt lat="45.76677" lon="6.83277">
        <ele>2293</ele>
        <time>2026-08-23T07:36:04+00:00</time>
      </trkpt>
      <trkpt lat="45.76677" lon="6.83269">
        <ele>2294</ele>
        <time>2026-08-23T07:36:07+00:00</time>
      </trkpt>
      <trkpt lat="45.76676" lon="6.83238">
        <ele>2300</ele>
        <time>2026-08-23T07:36:10+00:00</time>
      </trkpt>
      <trkpt lat="45.76675" lon="6.83205">
        <ele>2308</ele>
        <time>2026-08-23T07:36:13+00:00</time>
      </trkpt>
      <trkpt lat="45.76672" lon="6.83189">
        <ele>2311</ele>
        <time>2026-08-23T07:36:16+00:00</time>
      </trkpt>
      <trkpt lat="45.76673" lon="6.83169">
        <ele>2317</ele>
        <time>2026-08-23T07:36:19+00:00</time>
      </trkpt>
      <trkpt lat="45.76673" lon="6.83157">
        <ele>2319</ele>
        <time>2026-08-23T07:36:22+00:00</time>
      </trkpt>
      <trkpt lat="45.76662" lon="6.83139">
        <ele>2323</ele>
        <time>2026-08-23T07:36:25+00:00</time>
      </trkpt>
      <trkpt lat="45.76661" lon="6.8313">
        <ele>2326</ele>
        <time>2026-08-23T07:36:28+00:00</time>
      </trkpt>
      <trkpt lat="45.76661" lon="6.83111">
        <ele>2328</ele>
        <time>2026-08-23T07:36:31+00:00</time>
      </trkpt>
      <trkpt lat="45.76654" lon="6.83079">
        <ele>2337</ele>
        <time>2026-08-23T07:36:34+00:00</time>
      </trkpt>
      <trkpt lat="45.7665" lon="6.83053">
        <ele>2341</ele>
        <time>2026-08-23T07:36:37+00:00</time>
      </trkpt>
      <trkpt lat="45.76644" lon="6.83043">
        <ele>2344</ele>
        <time>2026-08-23T07:36:40+00:00</time>
      </trkpt>
      <trkpt lat="45.76643" lon="6.83021">
        <ele>2347</ele>
        <time>2026-08-23T07:36:43+00:00</time>
      </trkpt>
      <trkpt lat="45.76638" lon="6.83014">
        <ele>2350</ele>
        <time>2026-08-23T07:36:46+00:00</time>
      </trkpt>
      <trkpt lat="45.76637" lon="6.82984">
        <ele>2359</ele>
        <time>2026-08-23T07:36:49+00:00</time>
      </trkpt>
      <trkpt lat="45.76642" lon="6.82961">
        <ele>2362</ele>
        <time>2026-08-23T07:36:52+00:00</time>
      </trkpt>
      <trkpt lat="45.76644" lon="6.82933">
        <ele>2363</ele>
        <time>2026-08-23T07:36:55+00:00</time>
      </trkpt>
      <trkpt lat="45.76631" lon="6.82947">
        <ele>2368</ele>
        <time>2026-08-23T07:36:58+00:00</time>
      </trkpt>
      <trkpt lat="45.76623" lon="6.82952">
        <ele>2368</ele>
        <time>2026-08-23T07:37:01+00:00</time>
      </trkpt>
      <trkpt lat="45.76616" lon="6.82944">
        <ele>2372</ele>
        <time>2026-08-23T07:37:04+00:00</time>
      </trkpt>
      <trkpt lat="45.76604" lon="6.82947">
        <ele>2373</ele>
        <time>2026-08-23T07:37:07+00:00</time>
      </trkpt>
      <trkpt lat="45.76586" lon="6.82924">
        <ele>2383</ele>
        <time>2026-08-23T07:37:10+00:00</time>
      </trkpt>
      <trkpt lat="45.76569" lon="6.82902">
        <ele>2390</ele>
        <time>2026-08-23T07:37:13+00:00</time>
      </trkpt>
      <trkpt lat="45.76548" lon="6.82864">
        <ele>2404</ele>
        <time>2026-08-23T07:37:16+00:00</time>
      </trkpt>
      <trkpt lat="45.76527" lon="6.82834">
        <ele>2408</ele>
        <time>2026-08-23T07:37:19+00:00</time>
      </trkpt>
      <trkpt lat="45.76509" lon="6.82807">
        <ele>2416</ele>
        <time>2026-08-23T07:37:22+00:00</time>
      </trkpt>
      <trkpt lat="45.76491" lon="6.82765">
        <ele>2421</ele>
        <time>2026-08-23T07:37:25+00:00</time>
      </trkpt>
      <trkpt lat="45.76488" lon="6.8274">
        <ele>2427</ele>
        <time>2026-08-23T07:37:28+00:00</time>
      </trkpt>
      <trkpt lat="45.76477" lon="6.82717">
        <ele>2430</ele>
        <time>2026-08-23T07:37:31+00:00</time>
      </trkpt>
      <trkpt lat="45.76474" lon="6.82671">
        <ele>2436</ele>
        <time>2026-08-23T07:37:34+00:00</time>
      </trkpt>
      <trkpt lat="45.76468" lon="6.82629">
        <ele>2439</ele>
        <time>2026-08-23T07:37:37+00:00</time>
      </trkpt>
      <trkpt lat="45.76461" lon="6.82604">
        <ele>2441</ele>
        <time>2026-08-23T07:37:40+00:00</time>
      </trkpt>
      <trkpt lat="45.76459" lon="6.82582">
        <ele>2441</ele>
        <time>2026-08-23T07:37:43+00:00</time>
      </trkpt>
      <trkpt lat="45.7646" lon="6.82556">
        <ele>2445</ele>
        <time>2026-08-23T07:37:46+00:00</time>
      </trkpt>
      <trkpt lat="45.76466" lon="6.82536">
        <ele>2450</ele>
        <time>2026-08-23T07:37:49+00:00</time>
      </trkpt>
      <trkpt lat="45.76464" lon="6.82502">
        <ele>2452</ele>
        <time>2026-08-23T07:37:52+00:00</time>
      </trkpt>
      <trkpt lat="45.7646" lon="6.82446">
        <ele>2458</ele>
        <time>2026-08-23T07:37:55+00:00</time>
      </trkpt>
      <trkpt lat="45.76459" lon="6.82396">
        <ele>2465</ele>
        <time>2026-08-23T07:37:58+00:00</time>
      </trkpt>
      <trkpt lat="45.76457" lon="6.82361">
        <ele>2469</ele>
        <time>2026-08-23T07:38:01+00:00</time>
      </trkpt>
      <trkpt lat="45.76454" lon="6.82322">
        <ele>2474</ele>
        <time>2026-08-23T07:38:04+00:00</time>
      </trkpt>
      <trkpt lat="45.76456" lon="6.82273">
        <ele>2482</ele>
        <time>2026-08-23T07:38:07+00:00</time>
      </trkpt>
      <trkpt lat="45.76456" lon="6.82238">
        <ele>2487</ele>
        <time>2026-08-23T07:38:10+00:00</time>
      </trkpt>
      <trkpt lat="45.76456" lon="6.82202">
        <ele>2491</ele>
        <time>2026-08-23T07:38:13+00:00</time>
      </trkpt>
      <trkpt lat="45.76448" lon="6.82154">
        <ele>2492</ele>
        <time>2026-08-23T07:38:16+00:00</time>
      </trkpt>
      <trkpt lat="45.76446" lon="6.82118">
        <ele>2498</ele>
        <time>2026-08-23T07:38:19+00:00</time>
      </trkpt>
      <trkpt lat="45.76444" lon="6.82078">
        <ele>2503</ele>
        <time>2026-08-23T07:38:22+00:00</time>
      </trkpt>
      <trkpt lat="45.76449" lon="6.82039">
        <ele>2506</ele>
        <time>2026-08-23T07:38:25+00:00</time>
      </trkpt>
      <trkpt lat="45.76459" lon="6.82002">
        <ele>2516</ele>
        <time>2026-08-23T07:38:28+00:00</time>
      </trkpt>
      <trkpt lat="45.76472" lon="6.81968">
        <ele>2525</ele>
        <time>2026-08-23T07:38:31+00:00</time>
      </trkpt>
      <trkpt lat="45.76495" lon="6.81935">
        <ele>2535</ele>
        <time>2026-08-23T07:38:34+00:00</time>
      </trkpt>
      <trkpt lat="45.76494" lon="6.8192">
        <ele>2538</ele>
        <time>2026-08-23T07:38:37+00:00</time>
      </trkpt>
      <trkpt lat="45.76479" lon="6.819">
        <ele>2543</ele>
        <time>2026-08-23T07:38:40+00:00</time>
      </trkpt>
      <trkpt lat="45.76465" lon="6.81891">
        <ele>2543</ele>
        <time>2026-08-23T07:38:43+00:00</time>
      </trkpt>
      <trkpt lat="45.76461" lon="6.81881">
        <ele>2546</ele>
        <time>2026-08-23T07:38:46+00:00</time>
      </trkpt>
      <trkpt lat="45.76465" lon="6.81871">
        <ele>2548</ele>
        <time>2026-08-23T07:38:49+00:00</time>
      </trkpt>
      <trkpt lat="45.76459" lon="6.81867">
        <ele>2550</ele>
        <time>2026-08-23T07:38:52+00:00</time>
      </trkpt>
      <trkpt lat="45.76478" lon="6.81854">
        <ele>2553</ele>
        <time>2026-08-23T07:38:55+00:00</time>
      </trkpt>
      <trkpt lat="45.76459" lon="6.81849">
        <ele>2556</ele>
        <time>2026-08-23T07:38:58+00:00</time>
      </trkpt>
      <trkpt lat="45.76453" lon="6.8184">
        <ele>2561</ele>
        <time>2026-08-23T07:39:01+00:00</time>
      </trkpt>
      <trkpt lat="45.76466" lon="6.81839">
        <ele>2561</ele>
        <time>2026-08-23T07:39:04+00:00</time>
      </trkpt>
      <trkpt lat="45.76474" lon="6.81833">
        <ele>2560</ele>
        <time>2026-08-23T07:39:07+00:00</time>
      </trkpt>
      <trkpt lat="45.76462" lon="6.81825">
        <ele>2563</ele>
        <time>2026-08-23T07:39:10+00:00</time>
      </trkpt>
      <trkpt lat="45.76449" lon="6.81814">
        <ele>2566</ele>
        <time>2026-08-23T07:39:13+00:00</time>
      </trkpt>
      <trkpt lat="45.76438" lon="6.81814">
        <ele>2566</ele>
        <time>2026-08-23T07:39:16+00:00</time>
      </trkpt>
      <trkpt lat="45.76453" lon="6.81799">
        <ele>2572</ele>
        <time>2026-08-23T07:39:19+00:00</time>
      </trkpt>
      <trkpt lat="45.76437" lon="6.81796">
        <ele>2571</ele>
        <time>2026-08-23T07:39:22+00:00</time>
      </trkpt>
      <trkpt lat="45.76427" lon="6.81796">
        <ele>2571</ele>
        <time>2026-08-23T07:39:25+00:00</time>
      </trkpt>
      <trkpt lat="45.76416" lon="6.81797">
        <ele>2571</ele>
        <time>2026-08-23T07:39:28+00:00</time>
      </trkpt>
      <trkpt lat="45.76404" lon="6.81794">
        <ele>2570</ele>
        <time>2026-08-23T07:39:31+00:00</time>
      </trkpt>
      <trkpt lat="45.76398" lon="6.81799">
        <ele>2570</ele>
        <time>2026-08-23T07:39:34+00:00</time>
      </trkpt>
      <trkpt lat="45.76379" lon="6.8181">
        <ele>2568</ele>
        <time>2026-08-23T07:39:37+00:00</time>
      </trkpt>
      <trkpt lat="45.76367" lon="6.81816">
        <ele>2565</ele>
        <time>2026-08-23T07:39:40+00:00</time>
      </trkpt>
      <trkpt lat="45.76354" lon="6.81814">
        <ele>2568</ele>
        <time>2026-08-23T07:39:43+00:00</time>
      </trkpt>
      <trkpt lat="45.7634" lon="6.81807">
        <ele>2567</ele>
        <time>2026-08-23T07:39:46+00:00</time>
      </trkpt>
      <trkpt lat="45.7633" lon="6.81806">
        <ele>2568</ele>
        <time>2026-08-23T07:39:49+00:00</time>
      </trkpt>
      <trkpt lat="45.76315" lon="6.81799">
        <ele>2570</ele>
        <time>2026-08-23T07:39:52+00:00</time>
      </trkpt>
      <trkpt lat="45.76291" lon="6.81795">
        <ele>2571</ele>
        <time>2026-08-23T07:39:55+00:00</time>
      </trkpt>
      <trkpt lat="45.76287" lon="6.81793">
        <ele>2571</ele>
        <time>2026-08-23T07:39:58+00:00</time>
      </trkpt>
      <trkpt lat="45.76273" lon="6.81781">
        <ele>2571</ele>
        <time>2026-08-23T07:40:01+00:00</time>
      </trkpt>
      <trkpt lat="45.76268" lon="6.81779">
        <ele>2569</ele>
        <time>2026-08-23T07:40:04+00:00</time>
      </trkpt>
      <trkpt lat="45.76262" lon="6.81764">
        <ele>2568</ele>
        <time>2026-08-23T07:40:07+00:00</time>
      </trkpt>
      <trkpt lat="45.76255" lon="6.8176">
        <ele>2565</ele>
        <time>2026-08-23T07:40:10+00:00</time>
      </trkpt>
      <trkpt lat="45.7625" lon="6.81754">
        <ele>2563</ele>
        <time>2026-08-23T07:40:13+00:00</time>
      </trkpt>
      <trkpt lat="45.76249" lon="6.81746">
        <ele>2562</ele>
        <time>2026-08-23T07:40:16+00:00</time>
      </trkpt>
      <trkpt lat="45.7625" lon="6.81724">
        <ele>2563</ele>
        <time>2026-08-23T07:40:19+00:00</time>
      </trkpt>
      <trkpt lat="45.76243" lon="6.81713">
        <ele>2563</ele>
        <time>2026-08-23T07:40:22+00:00</time>
      </trkpt>
      <trkpt lat="45.76225" lon="6.81709">
        <ele>2558</ele>
        <time>2026-08-23T07:40:25+00:00</time>
      </trkpt>
      <trkpt lat="45.76218" lon="6.81706">
        <ele>2555</ele>
        <time>2026-08-23T07:40:28+00:00</time>
      </trkpt>
      <trkpt lat="45.7619" lon="6.8168">
        <ele>2543</ele>
        <time>2026-08-23T07:40:31+00:00</time>
      </trkpt>
      <trkpt lat="45.76177" lon="6.81678">
        <ele>2540</ele>
        <time>2026-08-23T07:40:34+00:00</time>
      </trkpt>
      <trkpt lat="45.76168" lon="6.81681">
        <ele>2539</ele>
        <time>2026-08-23T07:40:37+00:00</time>
      </trkpt>
      <trkpt lat="45.76148" lon="6.8169">
        <ele>2534</ele>
        <time>2026-08-23T07:40:40+00:00</time>
      </trkpt>
      <trkpt lat="45.76135" lon="6.81697">
        <ele>2532</ele>
        <time>2026-08-23T07:40:43+00:00</time>
      </trkpt>
      <trkpt lat="45.76111" lon="6.81713">
        <ele>2527</ele>
        <time>2026-08-23T07:40:46+00:00</time>
      </trkpt>
      <trkpt lat="45.7609" lon="6.81729">
        <ele>2518</ele>
        <time>2026-08-23T07:40:49+00:00</time>
      </trkpt>
      <trkpt lat="45.76078" lon="6.81737">
        <ele>2515</ele>
        <time>2026-08-23T07:40:52+00:00</time>
      </trkpt>
      <trkpt lat="45.76051" lon="6.81751">
        <ele>2510</ele>
        <time>2026-08-23T07:40:55+00:00</time>
      </trkpt>
      <trkpt lat="45.76039" lon="6.81759">
        <ele>2506</ele>
        <time>2026-08-23T07:40:58+00:00</time>
      </trkpt>
      <trkpt lat="45.76035" lon="6.81763">
        <ele>2506</ele>
        <time>2026-08-23T07:41:01+00:00</time>
      </trkpt>
      <trkpt lat="45.7603" lon="6.81786">
        <ele>2501</ele>
        <time>2026-08-23T07:41:04+00:00</time>
      </trkpt>
      <trkpt lat="45.76024" lon="6.81807">
        <ele>2501</ele>
        <time>2026-08-23T07:41:07+00:00</time>
      </trkpt>
      <trkpt lat="45.76016" lon="6.81817">
        <ele>2498</ele>
        <time>2026-08-23T07:41:10+00:00</time>
      </trkpt>
      <trkpt lat="45.76012" lon="6.81824">
        <ele>2497</ele>
        <time>2026-08-23T07:41:13+00:00</time>
      </trkpt>
      <trkpt lat="45.76002" lon="6.8183">
        <ele>2492</ele>
        <time>2026-08-23T07:41:16+00:00</time>
      </trkpt>
      <trkpt lat="45.75994" lon="6.8185">
        <ele>2486</ele>
        <time>2026-08-23T07:41:19+00:00</time>
      </trkpt>
      <trkpt lat="45.75987" lon="6.81862">
        <ele>2484</ele>
        <time>2026-08-23T07:41:22+00:00</time>
      </trkpt>
      <trkpt lat="45.75964" lon="6.8189">
        <ele>2477</ele>
        <time>2026-08-23T07:41:25+00:00</time>
      </trkpt>
      <trkpt lat="45.75934" lon="6.81918">
        <ele>2476</ele>
        <time>2026-08-23T07:41:28+00:00</time>
      </trkpt>
      <trkpt lat="45.75918" lon="6.81955">
        <ele>2476</ele>
        <time>2026-08-23T07:41:31+00:00</time>
      </trkpt>
      <trkpt lat="45.75887" lon="6.81971">
        <ele>2474</ele>
        <time>2026-08-23T07:41:34+00:00</time>
      </trkpt>
      <trkpt lat="45.7588" lon="6.81967">
        <ele>2477</ele>
        <time>2026-08-23T07:41:37+00:00</time>
      </trkpt>
      <trkpt lat="45.75871" lon="6.81936">
        <ele>2473</ele>
        <time>2026-08-23T07:41:40+00:00</time>
      </trkpt>
      <trkpt lat="45.75873" lon="6.81929">
        <ele>2470</ele>
        <time>2026-08-23T07:41:43+00:00</time>
      </trkpt>
      <trkpt lat="45.75868" lon="6.8192">
        <ele>2467</ele>
        <time>2026-08-23T07:41:46+00:00</time>
      </trkpt>
      <trkpt lat="45.75858" lon="6.81914">
        <ele>2467</ele>
        <time>2026-08-23T07:41:49+00:00</time>
      </trkpt>
      <trkpt lat="45.75864" lon="6.81907">
        <ele>2464</ele>
        <time>2026-08-23T07:41:52+00:00</time>
      </trkpt>
      <trkpt lat="45.75862" lon="6.81902">
        <ele>2464</ele>
        <time>2026-08-23T07:41:55+00:00</time>
      </trkpt>
      <trkpt lat="45.75855" lon="6.81901">
        <ele>2463</ele>
        <time>2026-08-23T07:41:58+00:00</time>
      </trkpt>
      <trkpt lat="45.75853" lon="6.81895">
        <ele>2458</ele>
        <time>2026-08-23T07:42:01+00:00</time>
      </trkpt>
      <trkpt lat="45.75833" lon="6.81888">
        <ele>2451</ele>
        <time>2026-08-23T07:42:04+00:00</time>
      </trkpt>
      <trkpt lat="45.75821" lon="6.81881">
        <ele>2451</ele>
        <time>2026-08-23T07:42:07+00:00</time>
      </trkpt>
      <trkpt lat="45.75811" lon="6.81877">
        <ele>2448</ele>
        <time>2026-08-23T07:42:10+00:00</time>
      </trkpt>
      <trkpt lat="45.75795" lon="6.81883">
        <ele>2444</ele>
        <time>2026-08-23T07:42:13+00:00</time>
      </trkpt>
      <trkpt lat="45.75789" lon="6.81872">
        <ele>2441</ele>
        <time>2026-08-23T07:42:16+00:00</time>
      </trkpt>
      <trkpt lat="45.75779" lon="6.81844">
        <ele>2437</ele>
        <time>2026-08-23T07:42:19+00:00</time>
      </trkpt>
      <trkpt lat="45.75763" lon="6.81823">
        <ele>2434</ele>
        <time>2026-08-23T07:42:22+00:00</time>
      </trkpt>
      <trkpt lat="45.7575" lon="6.81804">
        <ele>2427</ele>
        <time>2026-08-23T07:42:25+00:00</time>
      </trkpt>
      <trkpt lat="45.75735" lon="6.81776">
        <ele>2429</ele>
        <time>2026-08-23T07:42:28+00:00</time>
      </trkpt>
      <trkpt lat="45.75731" lon="6.81749">
        <ele>2424</ele>
        <time>2026-08-23T07:42:31+00:00</time>
      </trkpt>
      <trkpt lat="45.75727" lon="6.8174">
        <ele>2423</ele>
        <time>2026-08-23T07:42:34+00:00</time>
      </trkpt>
      <trkpt lat="45.75727" lon="6.81727">
        <ele>2422</ele>
        <time>2026-08-23T07:42:37+00:00</time>
      </trkpt>
      <trkpt lat="45.75722" lon="6.81713">
        <ele>2421</ele>
        <time>2026-08-23T07:42:40+00:00</time>
      </trkpt>
      <trkpt lat="45.75724" lon="6.81683">
        <ele>2418</ele>
        <time>2026-08-23T07:42:43+00:00</time>
      </trkpt>
      <trkpt lat="45.75727" lon="6.81654">
        <ele>2416</ele>
        <time>2026-08-23T07:42:46+00:00</time>
      </trkpt>
      <trkpt lat="45.75733" lon="6.81629">
        <ele>2416</ele>
        <time>2026-08-23T07:42:49+00:00</time>
      </trkpt>
      <trkpt lat="45.75729" lon="6.81608">
        <ele>2412</ele>
        <time>2026-08-23T07:42:52+00:00</time>
      </trkpt>
      <trkpt lat="45.75723" lon="6.81593">
        <ele>2413</ele>
        <time>2026-08-23T07:42:55+00:00</time>
      </trkpt>
      <trkpt lat="45.75724" lon="6.81574">
        <ele>2411</ele>
        <time>2026-08-23T07:42:58+00:00</time>
      </trkpt>
      <trkpt lat="45.75719" lon="6.81551">
        <ele>2405</ele>
        <time>2026-08-23T07:43:01+00:00</time>
      </trkpt>
      <trkpt lat="45.7572" lon="6.81529">
        <ele>2405</ele>
        <time>2026-08-23T07:43:04+00:00</time>
      </trkpt>
      <trkpt lat="45.75704" lon="6.8148">
        <ele>2399</ele>
        <time>2026-08-23T07:43:07+00:00</time>
      </trkpt>
      <trkpt lat="45.75692" lon="6.81471">
        <ele>2396</ele>
        <time>2026-08-23T07:43:10+00:00</time>
      </trkpt>
      <trkpt lat="45.75683" lon="6.81474">
        <ele>2392</ele>
        <time>2026-08-23T07:43:13+00:00</time>
      </trkpt>
      <trkpt lat="45.75675" lon="6.81482">
        <ele>2390</ele>
        <time>2026-08-23T07:43:16+00:00</time>
      </trkpt>
      <trkpt lat="45.75667" lon="6.81487">
        <ele>2385</ele>
        <time>2026-08-23T07:43:19+00:00</time>
      </trkpt>
      <trkpt lat="45.75662" lon="6.81495">
        <ele>2386</ele>
        <time>2026-08-23T07:43:22+00:00</time>
      </trkpt>
      <trkpt lat="45.75646" lon="6.81496">
        <ele>2373</ele>
        <time>2026-08-23T07:43:25+00:00</time>
      </trkpt>
      <trkpt lat="45.75635" lon="6.81504">
        <ele>2369</ele>
        <time>2026-08-23T07:43:28+00:00</time>
      </trkpt>
      <trkpt lat="45.75626" lon="6.81504">
        <ele>2365</ele>
        <time>2026-08-23T07:43:31+00:00</time>
      </trkpt>
      <trkpt lat="45.75622" lon="6.81507">
        <ele>2365</ele>
        <time>2026-08-23T07:43:34+00:00</time>
      </trkpt>
      <trkpt lat="45.75619" lon="6.81516">
        <ele>2363</ele>
        <time>2026-08-23T07:43:37+00:00</time>
      </trkpt>
      <trkpt lat="45.7562" lon="6.81532">
        <ele>2363</ele>
        <time>2026-08-23T07:43:40+00:00</time>
      </trkpt>
      <trkpt lat="45.75608" lon="6.81545">
        <ele>2361</ele>
        <time>2026-08-23T07:43:43+00:00</time>
      </trkpt>
      <trkpt lat="45.7558" lon="6.81569">
        <ele>2358</ele>
        <time>2026-08-23T07:43:46+00:00</time>
      </trkpt>
      <trkpt lat="45.75564" lon="6.81591">
        <ele>2355</ele>
        <time>2026-08-23T07:43:49+00:00</time>
      </trkpt>
      <trkpt lat="45.75556" lon="6.81631">
        <ele>2355</ele>
        <time>2026-08-23T07:43:52+00:00</time>
      </trkpt>
      <trkpt lat="45.75557" lon="6.8167">
        <ele>2354</ele>
        <time>2026-08-23T07:43:55+00:00</time>
      </trkpt>
      <trkpt lat="45.75563" lon="6.817">
        <ele>2354</ele>
        <time>2026-08-23T07:43:58+00:00</time>
      </trkpt>
      <trkpt lat="45.75571" lon="6.81705">
        <ele>2357</ele>
        <time>2026-08-23T07:44:01+00:00</time>
      </trkpt>
      <trkpt lat="45.75562" lon="6.81739">
        <ele>2347</ele>
        <time>2026-08-23T07:44:04+00:00</time>
      </trkpt>
      <trkpt lat="45.75543" lon="6.8178">
        <ele>2336</ele>
        <time>2026-08-23T07:44:07+00:00</time>
      </trkpt>
      <trkpt lat="45.75519" lon="6.81787">
        <ele>2325</ele>
        <time>2026-08-23T07:44:10+00:00</time>
      </trkpt>
      <trkpt lat="45.75495" lon="6.81794">
        <ele>2320</ele>
        <time>2026-08-23T07:44:13+00:00</time>
      </trkpt>
      <trkpt lat="45.75476" lon="6.81823">
        <ele>2314</ele>
        <time>2026-08-23T07:44:16+00:00</time>
      </trkpt>
      <trkpt lat="45.75459" lon="6.8186">
        <ele>2309</ele>
        <time>2026-08-23T07:44:19+00:00</time>
      </trkpt>
      <trkpt lat="45.75454" lon="6.81875">
        <ele>2309</ele>
        <time>2026-08-23T07:44:22+00:00</time>
      </trkpt>
      <trkpt lat="45.75451" lon="6.81894">
        <ele>2307</ele>
        <time>2026-08-23T07:44:25+00:00</time>
      </trkpt>
      <trkpt lat="45.75439" lon="6.81902">
        <ele>2300</ele>
        <time>2026-08-23T07:44:28+00:00</time>
      </trkpt>
      <trkpt lat="45.75427" lon="6.81918">
        <ele>2303</ele>
        <time>2026-08-23T07:44:31+00:00</time>
      </trkpt>
      <trkpt lat="45.75418" lon="6.81911">
        <ele>2293</ele>
        <time>2026-08-23T07:44:34+00:00</time>
      </trkpt>
      <trkpt lat="45.7541" lon="6.8189">
        <ele>2302</ele>
        <time>2026-08-23T07:44:37+00:00</time>
      </trkpt>
      <trkpt lat="45.75395" lon="6.81895">
        <ele>2299</ele>
        <time>2026-08-23T07:44:40+00:00</time>
      </trkpt>
      <trkpt lat="45.75379" lon="6.81866">
        <ele>2303</ele>
        <time>2026-08-23T07:44:43+00:00</time>
      </trkpt>
      <trkpt lat="45.75354" lon="6.81833">
        <ele>2305</ele>
        <time>2026-08-23T07:44:46+00:00</time>
      </trkpt>
      <trkpt lat="45.75337" lon="6.81812">
        <ele>2308</ele>
        <time>2026-08-23T07:44:49+00:00</time>
      </trkpt>
      <trkpt lat="45.7532" lon="6.81826">
        <ele>2311</ele>
        <time>2026-08-23T07:44:52+00:00</time>
      </trkpt>
      <trkpt lat="45.75308" lon="6.81826">
        <ele>2312</ele>
        <time>2026-08-23T07:44:55+00:00</time>
      </trkpt>
      <trkpt lat="45.75285" lon="6.81812">
        <ele>2316</ele>
        <time>2026-08-23T07:44:58+00:00</time>
      </trkpt>
      <trkpt lat="45.75273" lon="6.81812">
        <ele>2318</ele>
        <time>2026-08-23T07:45:01+00:00</time>
      </trkpt>
      <trkpt lat="45.75267" lon="6.81808">
        <ele>2322</ele>
        <time>2026-08-23T07:45:04+00:00</time>
      </trkpt>
      <trkpt lat="45.75265" lon="6.81789">
        <ele>2325</ele>
        <time>2026-08-23T07:45:07+00:00</time>
      </trkpt>
      <trkpt lat="45.75257" lon="6.81754">
        <ele>2331</ele>
        <time>2026-08-23T07:45:10+00:00</time>
      </trkpt>
      <trkpt lat="45.75261" lon="6.81737">
        <ele>2335</ele>
        <time>2026-08-23T07:45:13+00:00</time>
      </trkpt>
      <trkpt lat="45.75257" lon="6.81729">
        <ele>2339</ele>
        <time>2026-08-23T07:45:16+00:00</time>
      </trkpt>
      <trkpt lat="45.75261" lon="6.81692">
        <ele>2344</ele>
        <time>2026-08-23T07:45:19+00:00</time>
      </trkpt>
      <trkpt lat="45.75258" lon="6.81663">
        <ele>2351</ele>
        <time>2026-08-23T07:45:22+00:00</time>
      </trkpt>
      <trkpt lat="45.75264" lon="6.81643">
        <ele>2355</ele>
        <time>2026-08-23T07:45:25+00:00</time>
      </trkpt>
      <trkpt lat="45.75263" lon="6.81629">
        <ele>2357</ele>
        <time>2026-08-23T07:45:28+00:00</time>
      </trkpt>
      <trkpt lat="45.75253" lon="6.81615">
        <ele>2360</ele>
        <time>2026-08-23T07:45:31+00:00</time>
      </trkpt>
      <trkpt lat="45.75254" lon="6.816">
        <ele>2366</ele>
        <time>2026-08-23T07:45:34+00:00</time>
      </trkpt>
      <trkpt lat="45.7525" lon="6.81581">
        <ele>2368</ele>
        <time>2026-08-23T07:45:37+00:00</time>
      </trkpt>
      <trkpt lat="45.75238" lon="6.81557">
        <ele>2371</ele>
        <time>2026-08-23T07:45:40+00:00</time>
      </trkpt>
      <trkpt lat="45.75227" lon="6.81524">
        <ele>2380</ele>
        <time>2026-08-23T07:45:43+00:00</time>
      </trkpt>
      <trkpt lat="45.75214" lon="6.81485">
        <ele>2389</ele>
        <time>2026-08-23T07:45:46+00:00</time>
      </trkpt>
      <trkpt lat="45.75202" lon="6.81469">
        <ele>2396</ele>
        <time>2026-08-23T07:45:49+00:00</time>
      </trkpt>
      <trkpt lat="45.75192" lon="6.81464">
        <ele>2396</ele>
        <time>2026-08-23T07:45:52+00:00</time>
      </trkpt>
      <trkpt lat="45.75187" lon="6.81437">
        <ele>2402</ele>
        <time>2026-08-23T07:45:55+00:00</time>
      </trkpt>
      <trkpt lat="45.75192" lon="6.8142">
        <ele>2409</ele>
        <time>2026-08-23T07:45:58+00:00</time>
      </trkpt>
      <trkpt lat="45.75191" lon="6.81396">
        <ele>2417</ele>
        <time>2026-08-23T07:46:01+00:00</time>
      </trkpt>
      <trkpt lat="45.75185" lon="6.8137">
        <ele>2421</ele>
        <time>2026-08-23T07:46:04+00:00</time>
      </trkpt>
      <trkpt lat="45.75175" lon="6.81351">
        <ele>2419</ele>
        <time>2026-08-23T07:46:07+00:00</time>
      </trkpt>
      <trkpt lat="45.75175" lon="6.81333">
        <ele>2426</ele>
        <time>2026-08-23T07:46:10+00:00</time>
      </trkpt>
      <trkpt lat="45.75163" lon="6.81303">
        <ele>2430</ele>
        <time>2026-08-23T07:46:13+00:00</time>
      </trkpt>
      <trkpt lat="45.75157" lon="6.81259">
        <ele>2436</ele>
        <time>2026-08-23T07:46:16+00:00</time>
      </trkpt>
      <trkpt lat="45.75152" lon="6.81238">
        <ele>2439</ele>
        <time>2026-08-23T07:46:19+00:00</time>
      </trkpt>
      <trkpt lat="45.75153" lon="6.81213">
        <ele>2444</ele>
        <time>2026-08-23T07:46:22+00:00</time>
      </trkpt>
      <trkpt lat="45.75153" lon="6.81199">
        <ele>2447</ele>
        <time>2026-08-23T07:46:25+00:00</time>
      </trkpt>
      <trkpt lat="45.75168" lon="6.81185">
        <ele>2450</ele>
        <time>2026-08-23T07:46:28+00:00</time>
      </trkpt>
      <trkpt lat="45.75173" lon="6.81166">
        <ele>2452</ele>
        <time>2026-08-23T07:46:31+00:00</time>
      </trkpt>
      <trkpt lat="45.75167" lon="6.81138">
        <ele>2456</ele>
        <time>2026-08-23T07:46:34+00:00</time>
      </trkpt>
      <trkpt lat="45.7516" lon="6.81102">
        <ele>2462</ele>
        <time>2026-08-23T07:46:37+00:00</time>
      </trkpt>
      <trkpt lat="45.7516" lon="6.81082">
        <ele>2466</ele>
        <time>2026-08-23T07:46:40+00:00</time>
      </trkpt>
      <trkpt lat="45.75154" lon="6.81067">
        <ele>2468</ele>
        <time>2026-08-23T07:46:43+00:00</time>
      </trkpt>
      <trkpt lat="45.75155" lon="6.81033">
        <ele>2473</ele>
        <time>2026-08-23T07:46:46+00:00</time>
      </trkpt>
      <trkpt lat="45.75145" lon="6.80999">
        <ele>2478</ele>
        <time>2026-08-23T07:46:49+00:00</time>
      </trkpt>
      <trkpt lat="45.75134" lon="6.80979">
        <ele>2480</ele>
        <time>2026-08-23T07:46:52+00:00</time>
      </trkpt>
      <trkpt lat="45.75134" lon="6.80965">
        <ele>2481</ele>
        <time>2026-08-23T07:46:55+00:00</time>
      </trkpt>
      <trkpt lat="45.75129" lon="6.80954">
        <ele>2483</ele>
        <time>2026-08-23T07:46:58+00:00</time>
      </trkpt>
      <trkpt lat="45.75128" lon="6.80933">
        <ele>2486</ele>
        <time>2026-08-23T07:47:01+00:00</time>
      </trkpt>
      <trkpt lat="45.75119" lon="6.80918">
        <ele>2491</ele>
        <time>2026-08-23T07:47:04+00:00</time>
      </trkpt>
      <trkpt lat="45.75114" lon="6.80896">
        <ele>2493</ele>
        <time>2026-08-23T07:47:07+00:00</time>
      </trkpt>
      <trkpt lat="45.75117" lon="6.80866">
        <ele>2497</ele>
        <time>2026-08-23T07:47:10+00:00</time>
      </trkpt>
      <trkpt lat="45.75101" lon="6.80827">
        <ele>2502</ele>
        <time>2026-08-23T07:47:13+00:00</time>
      </trkpt>
      <trkpt lat="45.75092" lon="6.80808">
        <ele>2506</ele>
        <time>2026-08-23T07:47:16+00:00</time>
      </trkpt>
      <trkpt lat="45.75092" lon="6.80789">
        <ele>2509</ele>
        <time>2026-08-23T07:47:19+00:00</time>
      </trkpt>
      <trkpt lat="45.75099" lon="6.80775">
        <ele>2510</ele>
        <time>2026-08-23T07:47:22+00:00</time>
      </trkpt>
      <trkpt lat="45.75107" lon="6.80771">
        <ele>2509</ele>
        <time>2026-08-23T07:47:25+00:00</time>
      </trkpt>
      <trkpt lat="45.75118" lon="6.8077">
        <ele>2509</ele>
        <time>2026-08-23T07:47:28+00:00</time>
      </trkpt>
      <trkpt lat="45.75125" lon="6.80751">
        <ele>2510</ele>
        <time>2026-08-23T07:47:31+00:00</time>
      </trkpt>
      <trkpt lat="45.75128" lon="6.8074">
        <ele>2513</ele>
        <time>2026-08-23T07:47:34+00:00</time>
      </trkpt>
      <trkpt lat="45.7513" lon="6.80727">
        <ele>2514</ele>
        <time>2026-08-23T07:47:37+00:00</time>
      </trkpt>
      <trkpt lat="45.75127" lon="6.80715">
        <ele>2510</ele>
        <time>2026-08-23T07:47:40+00:00</time>
      </trkpt>
      <trkpt lat="45.75133" lon="6.80715">
        <ele>2514</ele>
        <time>2026-08-23T07:47:43+00:00</time>
      </trkpt>
      <trkpt lat="45.75144" lon="6.80679">
        <ele>2509</ele>
        <time>2026-08-23T07:47:46+00:00</time>
      </trkpt>
      <trkpt lat="45.75137" lon="6.80637">
        <ele>2508</ele>
        <time>2026-08-23T07:47:49+00:00</time>
      </trkpt>
      <trkpt lat="45.75132" lon="6.80612">
        <ele>2507</ele>
        <time>2026-08-23T07:47:52+00:00</time>
      </trkpt>
      <trkpt lat="45.75123" lon="6.80594">
        <ele>2504</ele>
        <time>2026-08-23T07:47:55+00:00</time>
      </trkpt>
      <trkpt lat="45.75117" lon="6.80576">
        <ele>2500</ele>
        <time>2026-08-23T07:47:58+00:00</time>
      </trkpt>
      <trkpt lat="45.75108" lon="6.80567">
        <ele>2498</ele>
        <time>2026-08-23T07:48:01+00:00</time>
      </trkpt>
      <trkpt lat="45.75087" lon="6.80524">
        <ele>2495</ele>
        <time>2026-08-23T07:48:04+00:00</time>
      </trkpt>
      <trkpt lat="45.75079" lon="6.80511">
        <ele>2492</ele>
        <time>2026-08-23T07:48:07+00:00</time>
      </trkpt>
      <trkpt lat="45.75074" lon="6.80497">
        <ele>2491</ele>
        <time>2026-08-23T07:48:10+00:00</time>
      </trkpt>
      <trkpt lat="45.75072" lon="6.80473">
        <ele>2491</ele>
        <time>2026-08-23T07:48:13+00:00</time>
      </trkpt>
      <trkpt lat="45.75059" lon="6.80436">
        <ele>2486</ele>
        <time>2026-08-23T07:48:16+00:00</time>
      </trkpt>
      <trkpt lat="45.75043" lon="6.80404">
        <ele>2485</ele>
        <time>2026-08-23T07:48:19+00:00</time>
      </trkpt>
      <trkpt lat="45.75034" lon="6.80389">
        <ele>2483</ele>
        <time>2026-08-23T07:48:22+00:00</time>
      </trkpt>
      <trkpt lat="45.75027" lon="6.80384">
        <ele>2482</ele>
        <time>2026-08-23T07:48:25+00:00</time>
      </trkpt>
      <trkpt lat="45.75013" lon="6.80354">
        <ele>2481</ele>
        <time>2026-08-23T07:48:28+00:00</time>
      </trkpt>
      <trkpt lat="45.74998" lon="6.80321">
        <ele>2473</ele>
        <time>2026-08-23T07:48:31+00:00</time>
      </trkpt>
      <trkpt lat="45.7498" lon="6.80279">
        <ele>2469</ele>
        <time>2026-08-23T07:48:34+00:00</time>
      </trkpt>
      <trkpt lat="45.7497" lon="6.80251">
        <ele>2466</ele>
        <time>2026-08-23T07:48:37+00:00</time>
      </trkpt>
      <trkpt lat="45.74959" lon="6.80214">
        <ele>2462</ele>
        <time>2026-08-23T07:48:40+00:00</time>
      </trkpt>
      <trkpt lat="45.74958" lon="6.80203">
        <ele>2462</ele>
        <time>2026-08-23T07:48:43+00:00</time>
      </trkpt>
      <trkpt lat="45.74946" lon="6.80182">
        <ele>2458</ele>
        <time>2026-08-23T07:48:46+00:00</time>
      </trkpt>
      <trkpt lat="45.74944" lon="6.80165">
        <ele>2457</ele>
        <time>2026-08-23T07:48:49+00:00</time>
      </trkpt>
      <trkpt lat="45.74944" lon="6.80144">
        <ele>2455</ele>
        <time>2026-08-23T07:48:52+00:00</time>
      </trkpt>
      <trkpt lat="45.74937" lon="6.80118">
        <ele>2449</ele>
        <time>2026-08-23T07:48:55+00:00</time>
      </trkpt>
      <trkpt lat="45.74929" lon="6.80094">
        <ele>2446</ele>
        <time>2026-08-23T07:48:58+00:00</time>
      </trkpt>
      <trkpt lat="45.74921" lon="6.80067">
        <ele>2444</ele>
        <time>2026-08-23T07:49:01+00:00</time>
      </trkpt>
      <trkpt lat="45.74906" lon="6.80026">
        <ele>2438</ele>
        <time>2026-08-23T07:49:04+00:00</time>
      </trkpt>
      <trkpt lat="45.74891" lon="6.79985">
        <ele>2432</ele>
        <time>2026-08-23T07:49:07+00:00</time>
      </trkpt>
      <trkpt lat="45.74874" lon="6.79936">
        <ele>2423</ele>
        <time>2026-08-23T07:49:10+00:00</time>
      </trkpt>
      <trkpt lat="45.74857" lon="6.79876">
        <ele>2416</ele>
        <time>2026-08-23T07:49:13+00:00</time>
      </trkpt>
      <trkpt lat="45.74848" lon="6.79831">
        <ele>2408</ele>
        <time>2026-08-23T07:49:16+00:00</time>
      </trkpt>
      <trkpt lat="45.74835" lon="6.79797">
        <ele>2402</ele>
        <time>2026-08-23T07:49:19+00:00</time>
      </trkpt>
      <trkpt lat="45.7481" lon="6.79763">
        <ele>2392</ele>
        <time>2026-08-23T07:49:22+00:00</time>
      </trkpt>
      <trkpt lat="45.74798" lon="6.79752">
        <ele>2389</ele>
        <time>2026-08-23T07:49:25+00:00</time>
      </trkpt>
      <trkpt lat="45.74786" lon="6.7973">
        <ele>2385</ele>
        <time>2026-08-23T07:49:28+00:00</time>
      </trkpt>
      <trkpt lat="45.74771" lon="6.79703">
        <ele>2381</ele>
        <time>2026-08-23T07:49:31+00:00</time>
      </trkpt>
      <trkpt lat="45.74754" lon="6.79674">
        <ele>2379</ele>
        <time>2026-08-23T07:49:34+00:00</time>
      </trkpt>
      <trkpt lat="45.74744" lon="6.79653">
        <ele>2376</ele>
        <time>2026-08-23T07:49:37+00:00</time>
      </trkpt>
      <trkpt lat="45.74739" lon="6.79625">
        <ele>2373</ele>
        <time>2026-08-23T07:49:40+00:00</time>
      </trkpt>
      <trkpt lat="45.74732" lon="6.79586">
        <ele>2368</ele>
        <time>2026-08-23T07:49:43+00:00</time>
      </trkpt>
      <trkpt lat="45.74714" lon="6.79555">
        <ele>2365</ele>
        <time>2026-08-23T07:49:46+00:00</time>
      </trkpt>
      <trkpt lat="45.74687" lon="6.79511">
        <ele>2358</ele>
        <time>2026-08-23T07:49:49+00:00</time>
      </trkpt>
      <trkpt lat="45.7468" lon="6.79494">
        <ele>2356</ele>
        <time>2026-08-23T07:49:52+00:00</time>
      </trkpt>
      <trkpt lat="45.74674" lon="6.79467">
        <ele>2351</ele>
        <time>2026-08-23T07:49:55+00:00</time>
      </trkpt>
      <trkpt lat="45.74667" lon="6.79434">
        <ele>2346</ele>
        <time>2026-08-23T07:49:58+00:00</time>
      </trkpt>
      <trkpt lat="45.74655" lon="6.79403">
        <ele>2340</ele>
        <time>2026-08-23T07:50:01+00:00</time>
      </trkpt>
      <trkpt lat="45.74641" lon="6.79367">
        <ele>2336</ele>
        <time>2026-08-23T07:50:04+00:00</time>
      </trkpt>
      <trkpt lat="45.74628" lon="6.7934">
        <ele>2330</ele>
        <time>2026-08-23T07:50:07+00:00</time>
      </trkpt>
      <trkpt lat="45.74625" lon="6.79315">
        <ele>2328</ele>
        <time>2026-08-23T07:50:10+00:00</time>
      </trkpt>
      <trkpt lat="45.74616" lon="6.79287">
        <ele>2322</ele>
        <time>2026-08-23T07:50:13+00:00</time>
      </trkpt>
      <trkpt lat="45.74604" lon="6.79231">
        <ele>2316</ele>
        <time>2026-08-23T07:50:16+00:00</time>
      </trkpt>
      <trkpt lat="45.74604" lon="6.79219">
        <ele>2311</ele>
        <time>2026-08-23T07:50:19+00:00</time>
      </trkpt>
      <trkpt lat="45.74601" lon="6.79211">
        <ele>2311</ele>
        <time>2026-08-23T07:50:22+00:00</time>
      </trkpt>
      <trkpt lat="45.74601" lon="6.79185">
        <ele>2307</ele>
        <time>2026-08-23T07:50:25+00:00</time>
      </trkpt>
      <trkpt lat="45.74596" lon="6.79176">
        <ele>2305</ele>
        <time>2026-08-23T07:50:28+00:00</time>
      </trkpt>
      <trkpt lat="45.74589" lon="6.79166">
        <ele>2302</ele>
        <time>2026-08-23T07:50:31+00:00</time>
      </trkpt>
      <trkpt lat="45.74581" lon="6.79159">
        <ele>2301</ele>
        <time>2026-08-23T07:50:34+00:00</time>
      </trkpt>
      <trkpt lat="45.74573" lon="6.7915">
        <ele>2299</ele>
        <time>2026-08-23T07:50:37+00:00</time>
      </trkpt>
      <trkpt lat="45.74567" lon="6.7914">
        <ele>2295</ele>
        <time>2026-08-23T07:50:40+00:00</time>
      </trkpt>
      <trkpt lat="45.7456" lon="6.79136">
        <ele>2293</ele>
        <time>2026-08-23T07:50:43+00:00</time>
      </trkpt>
      <trkpt lat="45.74551" lon="6.79129">
        <ele>2293</ele>
        <time>2026-08-23T07:50:46+00:00</time>
      </trkpt>
      <trkpt lat="45.74538" lon="6.79121">
        <ele>2289</ele>
        <time>2026-08-23T07:50:49+00:00</time>
      </trkpt>
      <trkpt lat="45.74522" lon="6.79131">
        <ele>2288</ele>
        <time>2026-08-23T07:50:52+00:00</time>
      </trkpt>
      <trkpt lat="45.74515" lon="6.79134">
        <ele>2286</ele>
        <time>2026-08-23T07:50:55+00:00</time>
      </trkpt>
      <trkpt lat="45.74505" lon="6.79149">
        <ele>2280</ele>
        <time>2026-08-23T07:50:58+00:00</time>
      </trkpt>
      <trkpt lat="45.74497" lon="6.79154">
        <ele>2280</ele>
        <time>2026-08-23T07:51:01+00:00</time>
      </trkpt>
      <trkpt lat="45.74484" lon="6.79155">
        <ele>2278</ele>
        <time>2026-08-23T07:51:04+00:00</time>
      </trkpt>
      <trkpt lat="45.7447" lon="6.79167">
        <ele>2274</ele>
        <time>2026-08-23T07:51:07+00:00</time>
      </trkpt>
      <trkpt lat="45.74439" lon="6.79182">
        <ele>2268</ele>
        <time>2026-08-23T07:51:10+00:00</time>
      </trkpt>
      <trkpt lat="45.74415" lon="6.79202">
        <ele>2263</ele>
        <time>2026-08-23T07:51:13+00:00</time>
      </trkpt>
      <trkpt lat="45.74399" lon="6.79219">
        <ele>2257</ele>
        <time>2026-08-23T07:51:16+00:00</time>
      </trkpt>
      <trkpt lat="45.74393" lon="6.79231">
        <ele>2262</ele>
        <time>2026-08-23T07:51:19+00:00</time>
      </trkpt>
      <trkpt lat="45.7439" lon="6.7925">
        <ele>2252</ele>
        <time>2026-08-23T07:51:22+00:00</time>
      </trkpt>
      <trkpt lat="45.74388" lon="6.79256">
        <ele>2251</ele>
        <time>2026-08-23T07:51:25+00:00</time>
      </trkpt>
      <trkpt lat="45.74387" lon="6.79264">
        <ele>2251</ele>
        <time>2026-08-23T07:51:28+00:00</time>
      </trkpt>
      <trkpt lat="45.74382" lon="6.79269">
        <ele>2251</ele>
        <time>2026-08-23T07:51:31+00:00</time>
      </trkpt>
      <trkpt lat="45.74382" lon="6.79277">
        <ele>2252</ele>
        <time>2026-08-23T07:51:34+00:00</time>
      </trkpt>
      <trkpt lat="45.74373" lon="6.79294">
        <ele>2254</ele>
        <time>2026-08-23T07:51:37+00:00</time>
      </trkpt>
      <trkpt lat="45.74353" lon="6.79296">
        <ele>2252</ele>
        <time>2026-08-23T07:51:40+00:00</time>
      </trkpt>
      <trkpt lat="45.74349" lon="6.79304">
        <ele>2248</ele>
        <time>2026-08-23T07:51:43+00:00</time>
      </trkpt>
      <trkpt lat="45.74351" lon="6.79321">
        <ele>2250</ele>
        <time>2026-08-23T07:51:46+00:00</time>
      </trkpt>
      <trkpt lat="45.74345" lon="6.79323">
        <ele>2248</ele>
        <time>2026-08-23T07:51:49+00:00</time>
      </trkpt>
      <trkpt lat="45.74339" lon="6.79306">
        <ele>2244</ele>
        <time>2026-08-23T07:51:52+00:00</time>
      </trkpt>
      <trkpt lat="45.74321" lon="6.7931">
        <ele>2240</ele>
        <time>2026-08-23T07:51:55+00:00</time>
      </trkpt>
      <trkpt lat="45.74308" lon="6.79302">
        <ele>2235</ele>
        <time>2026-08-23T07:51:58+00:00</time>
      </trkpt>
      <trkpt lat="45.74297" lon="6.79291">
        <ele>2232</ele>
        <time>2026-08-23T07:52:01+00:00</time>
      </trkpt>
      <trkpt lat="45.74291" lon="6.79294">
        <ele>2232</ele>
        <time>2026-08-23T07:52:04+00:00</time>
      </trkpt>
      <trkpt lat="45.74282" lon="6.79301">
        <ele>2231</ele>
        <time>2026-08-23T07:52:07+00:00</time>
      </trkpt>
      <trkpt lat="45.7427" lon="6.79292">
        <ele>2231</ele>
        <time>2026-08-23T07:52:10+00:00</time>
      </trkpt>
      <trkpt lat="45.74262" lon="6.79283">
        <ele>2226</ele>
        <time>2026-08-23T07:52:13+00:00</time>
      </trkpt>
      <trkpt lat="45.74259" lon="6.79273">
        <ele>2226</ele>
        <time>2026-08-23T07:52:16+00:00</time>
      </trkpt>
      <trkpt lat="45.74247" lon="6.79261">
        <ele>2222</ele>
        <time>2026-08-23T07:52:19+00:00</time>
      </trkpt>
      <trkpt lat="45.74236" lon="6.79258">
        <ele>2218</ele>
        <time>2026-08-23T07:52:22+00:00</time>
      </trkpt>
      <trkpt lat="45.74215" lon="6.79234">
        <ele>2212</ele>
        <time>2026-08-23T07:52:25+00:00</time>
      </trkpt>
      <trkpt lat="45.74208" lon="6.79228">
        <ele>2206</ele>
        <time>2026-08-23T07:52:28+00:00</time>
      </trkpt>
      <trkpt lat="45.74197" lon="6.7921">
        <ele>2202</ele>
        <time>2026-08-23T07:52:31+00:00</time>
      </trkpt>
      <trkpt lat="45.74198" lon="6.79188">
        <ele>2198</ele>
        <time>2026-08-23T07:52:34+00:00</time>
      </trkpt>
      <trkpt lat="45.74194" lon="6.79152">
        <ele>2193</ele>
        <time>2026-08-23T07:52:37+00:00</time>
      </trkpt>
      <trkpt lat="45.74194" lon="6.79143">
        <ele>2191</ele>
        <time>2026-08-23T07:52:40+00:00</time>
      </trkpt>
      <trkpt lat="45.74187" lon="6.79136">
        <ele>2192</ele>
        <time>2026-08-23T07:52:43+00:00</time>
      </trkpt>
      <trkpt lat="45.74172" lon="6.79115">
        <ele>2189</ele>
        <time>2026-08-23T07:52:46+00:00</time>
      </trkpt>
      <trkpt lat="45.74163" lon="6.79086">
        <ele>2184</ele>
        <time>2026-08-23T07:52:49+00:00</time>
      </trkpt>
      <trkpt lat="45.74155" lon="6.79073">
        <ele>2184</ele>
        <time>2026-08-23T07:52:52+00:00</time>
      </trkpt>
      <trkpt lat="45.74152" lon="6.79059">
        <ele>2180</ele>
        <time>2026-08-23T07:52:55+00:00</time>
      </trkpt>
      <trkpt lat="45.74144" lon="6.79032">
        <ele>2179</ele>
        <time>2026-08-23T07:52:58+00:00</time>
      </trkpt>
      <trkpt lat="45.74144" lon="6.78994">
        <ele>2174</ele>
        <time>2026-08-23T07:53:01+00:00</time>
      </trkpt>
      <trkpt lat="45.74117" lon="6.78946">
        <ele>2166</ele>
        <time>2026-08-23T07:53:04+00:00</time>
      </trkpt>
      <trkpt lat="45.74106" lon="6.78934">
        <ele>2165</ele>
        <time>2026-08-23T07:53:07+00:00</time>
      </trkpt>
      <trkpt lat="45.74096" lon="6.78926">
        <ele>2164</ele>
        <time>2026-08-23T07:53:10+00:00</time>
      </trkpt>
      <trkpt lat="45.74076" lon="6.78925">
        <ele>2162</ele>
        <time>2026-08-23T07:53:13+00:00</time>
      </trkpt>
      <trkpt lat="45.74067" lon="6.78914">
        <ele>2161</ele>
        <time>2026-08-23T07:53:16+00:00</time>
      </trkpt>
      <trkpt lat="45.74055" lon="6.78906">
        <ele>2156</ele>
        <time>2026-08-23T07:53:19+00:00</time>
      </trkpt>
      <trkpt lat="45.74049" lon="6.78919">
        <ele>2153</ele>
        <time>2026-08-23T07:53:22+00:00</time>
      </trkpt>
      <trkpt lat="45.74034" lon="6.78916">
        <ele>2151</ele>
        <time>2026-08-23T07:53:25+00:00</time>
      </trkpt>
      <trkpt lat="45.74022" lon="6.78922">
        <ele>2147</ele>
        <time>2026-08-23T07:53:28+00:00</time>
      </trkpt>
      <trkpt lat="45.74007" lon="6.78915">
        <ele>2141</ele>
        <time>2026-08-23T07:53:31+00:00</time>
      </trkpt>
      <trkpt lat="45.73998" lon="6.78919">
        <ele>2136</ele>
        <time>2026-08-23T07:53:34+00:00</time>
      </trkpt>
      <trkpt lat="45.73988" lon="6.78934">
        <ele>2140</ele>
        <time>2026-08-23T07:53:37+00:00</time>
      </trkpt>
      <trkpt lat="45.73979" lon="6.78944">
        <ele>2142</ele>
        <time>2026-08-23T07:53:40+00:00</time>
      </trkpt>
      <trkpt lat="45.73975" lon="6.78944">
        <ele>2142</ele>
        <time>2026-08-23T07:53:43+00:00</time>
      </trkpt>
      <trkpt lat="45.73972" lon="6.7894">
        <ele>2140</ele>
        <time>2026-08-23T07:53:46+00:00</time>
      </trkpt>
      <trkpt lat="45.73969" lon="6.78934">
        <ele>2146</ele>
        <time>2026-08-23T07:53:49+00:00</time>
      </trkpt>
      <trkpt lat="45.73965" lon="6.78929">
        <ele>2146</ele>
        <time>2026-08-23T07:53:52+00:00</time>
      </trkpt>
      <trkpt lat="45.73963" lon="6.78917">
        <ele>2145</ele>
        <time>2026-08-23T07:53:55+00:00</time>
      </trkpt>
      <trkpt lat="45.73961" lon="6.7891">
        <ele>2145</ele>
        <time>2026-08-23T07:53:58+00:00</time>
      </trkpt>
      <trkpt lat="45.7396" lon="6.78897">
        <ele>2149</ele>
        <time>2026-08-23T07:54:01+00:00</time>
      </trkpt>
      <trkpt lat="45.73958" lon="6.78889">
        <ele>2144</ele>
        <time>2026-08-23T07:54:04+00:00</time>
      </trkpt>
      <trkpt lat="45.73954" lon="6.78876">
        <ele>2147</ele>
        <time>2026-08-23T07:54:07+00:00</time>
      </trkpt>
      <trkpt lat="45.73948" lon="6.7886">
        <ele>2144</ele>
        <time>2026-08-23T07:54:10+00:00</time>
      </trkpt>
      <trkpt lat="45.73941" lon="6.7885">
        <ele>2143</ele>
        <time>2026-08-23T07:54:13+00:00</time>
      </trkpt>
      <trkpt lat="45.73938" lon="6.78841">
        <ele>2147</ele>
        <time>2026-08-23T07:54:16+00:00</time>
      </trkpt>
      <trkpt lat="45.73937" lon="6.78831">
        <ele>2145</ele>
        <time>2026-08-23T07:54:19+00:00</time>
      </trkpt>
      <trkpt lat="45.73939" lon="6.78821">
        <ele>2148</ele>
        <time>2026-08-23T07:54:22+00:00</time>
      </trkpt>
      <trkpt lat="45.73936" lon="6.78806">
        <ele>2147</ele>
        <time>2026-08-23T07:54:25+00:00</time>
      </trkpt>
      <trkpt lat="45.73933" lon="6.78797">
        <ele>2145</ele>
        <time>2026-08-23T07:54:28+00:00</time>
      </trkpt>
      <trkpt lat="45.73928" lon="6.7879">
        <ele>2149</ele>
        <time>2026-08-23T07:54:31+00:00</time>
      </trkpt>
      <trkpt lat="45.73926" lon="6.78784">
        <ele>2149</ele>
        <time>2026-08-23T07:54:34+00:00</time>
      </trkpt>
      <trkpt lat="45.73925" lon="6.78778">
        <ele>2147</ele>
        <time>2026-08-23T07:54:37+00:00</time>
      </trkpt>
      <trkpt lat="45.73915" lon="6.7876">
        <ele>2146</ele>
        <time>2026-08-23T07:54:40+00:00</time>
      </trkpt>
      <trkpt lat="45.73913" lon="6.7875">
        <ele>2139</ele>
        <time>2026-08-23T07:54:43+00:00</time>
      </trkpt>
      <trkpt lat="45.739" lon="6.78731">
        <ele>2140</ele>
        <time>2026-08-23T07:54:46+00:00</time>
      </trkpt>
      <trkpt lat="45.739" lon="6.78707">
        <ele>2140</ele>
        <time>2026-08-23T07:54:49+00:00</time>
      </trkpt>
      <trkpt lat="45.73902" lon="6.78686">
        <ele>2135</ele>
        <time>2026-08-23T07:54:52+00:00</time>
      </trkpt>
      <trkpt lat="45.73899" lon="6.78674">
        <ele>2133</ele>
        <time>2026-08-23T07:54:55+00:00</time>
      </trkpt>
      <trkpt lat="45.73892" lon="6.78668">
        <ele>2133</ele>
        <time>2026-08-23T07:54:58+00:00</time>
      </trkpt>
      <trkpt lat="45.73877" lon="6.78652">
        <ele>2130</ele>
        <time>2026-08-23T07:55:01+00:00</time>
      </trkpt>
      <trkpt lat="45.73872" lon="6.78638">
        <ele>2127</ele>
        <time>2026-08-23T07:55:04+00:00</time>
      </trkpt>
      <trkpt lat="45.73868" lon="6.78631">
        <ele>2126</ele>
        <time>2026-08-23T07:55:07+00:00</time>
      </trkpt>
      <trkpt lat="45.73859" lon="6.78625">
        <ele>2120</ele>
        <time>2026-08-23T07:55:10+00:00</time>
      </trkpt>
      <trkpt lat="45.7385" lon="6.78621">
        <ele>2116</ele>
        <time>2026-08-23T07:55:13+00:00</time>
      </trkpt>
      <trkpt lat="45.73838" lon="6.78601">
        <ele>2112</ele>
        <time>2026-08-23T07:55:16+00:00</time>
      </trkpt>
      <trkpt lat="45.73827" lon="6.78593">
        <ele>2110</ele>
        <time>2026-08-23T07:55:19+00:00</time>
      </trkpt>
      <trkpt lat="45.73817" lon="6.78589">
        <ele>2108</ele>
        <time>2026-08-23T07:55:22+00:00</time>
      </trkpt>
      <trkpt lat="45.73805" lon="6.7858">
        <ele>2105</ele>
        <time>2026-08-23T07:55:25+00:00</time>
      </trkpt>
      <trkpt lat="45.73794" lon="6.78574">
        <ele>2104</ele>
        <time>2026-08-23T07:55:28+00:00</time>
      </trkpt>
      <trkpt lat="45.73783" lon="6.7857">
        <ele>2098</ele>
        <time>2026-08-23T07:55:31+00:00</time>
      </trkpt>
      <trkpt lat="45.73775" lon="6.78566">
        <ele>2097</ele>
        <time>2026-08-23T07:55:34+00:00</time>
      </trkpt>
      <trkpt lat="45.7377" lon="6.78562">
        <ele>2096</ele>
        <time>2026-08-23T07:55:37+00:00</time>
      </trkpt>
      <trkpt lat="45.73759" lon="6.78548">
        <ele>2092</ele>
        <time>2026-08-23T07:55:40+00:00</time>
      </trkpt>
      <trkpt lat="45.73754" lon="6.78543">
        <ele>2092</ele>
        <time>2026-08-23T07:55:43+00:00</time>
      </trkpt>
      <trkpt lat="45.73748" lon="6.78526">
        <ele>2088</ele>
        <time>2026-08-23T07:55:46+00:00</time>
      </trkpt>
      <trkpt lat="45.7374" lon="6.78513">
        <ele>2086</ele>
        <time>2026-08-23T07:55:49+00:00</time>
      </trkpt>
      <trkpt lat="45.73728" lon="6.78504">
        <ele>2082</ele>
        <time>2026-08-23T07:55:52+00:00</time>
      </trkpt>
      <trkpt lat="45.73703" lon="6.78492">
        <ele>2079</ele>
        <time>2026-08-23T07:55:55+00:00</time>
      </trkpt>
      <trkpt lat="45.73697" lon="6.78492">
        <ele>2078</ele>
        <time>2026-08-23T07:55:58+00:00</time>
      </trkpt>
      <trkpt lat="45.73683" lon="6.78487">
        <ele>2076</ele>
        <time>2026-08-23T07:56:01+00:00</time>
      </trkpt>
      <trkpt lat="45.7368" lon="6.78477">
        <ele>2074</ele>
        <time>2026-08-23T07:56:04+00:00</time>
      </trkpt>
      <trkpt lat="45.73672" lon="6.78469">
        <ele>2072</ele>
        <time>2026-08-23T07:56:07+00:00</time>
      </trkpt>
      <trkpt lat="45.7366" lon="6.78464">
        <ele>2073</ele>
        <time>2026-08-23T07:56:10+00:00</time>
      </trkpt>
      <trkpt lat="45.73652" lon="6.78472">
        <ele>2071</ele>
        <time>2026-08-23T07:56:13+00:00</time>
      </trkpt>
      <trkpt lat="45.73643" lon="6.78466">
        <ele>2070</ele>
        <time>2026-08-23T07:56:16+00:00</time>
      </trkpt>
      <trkpt lat="45.73634" lon="6.78461">
        <ele>2069</ele>
        <time>2026-08-23T07:56:19+00:00</time>
      </trkpt>
      <trkpt lat="45.73629" lon="6.78459">
        <ele>2068</ele>
        <time>2026-08-23T07:56:22+00:00</time>
      </trkpt>
      <trkpt lat="45.73623" lon="6.78454">
        <ele>2068</ele>
        <time>2026-08-23T07:56:25+00:00</time>
      </trkpt>
      <trkpt lat="45.73619" lon="6.7844">
        <ele>2061</ele>
        <time>2026-08-23T07:56:28+00:00</time>
      </trkpt>
      <trkpt lat="45.73607" lon="6.7844">
        <ele>2058</ele>
        <time>2026-08-23T07:56:31+00:00</time>
      </trkpt>
      <trkpt lat="45.73595" lon="6.78444">
        <ele>2060</ele>
        <time>2026-08-23T07:56:34+00:00</time>
      </trkpt>
      <trkpt lat="45.73589" lon="6.78433">
        <ele>2058</ele>
        <time>2026-08-23T07:56:37+00:00</time>
      </trkpt>
      <trkpt lat="45.73578" lon="6.78424">
        <ele>2059</ele>
        <time>2026-08-23T07:56:40+00:00</time>
      </trkpt>
      <trkpt lat="45.73569" lon="6.78381">
        <ele>2052</ele>
        <time>2026-08-23T07:56:43+00:00</time>
      </trkpt>
      <trkpt lat="45.73558" lon="6.78347">
        <ele>2044</ele>
        <time>2026-08-23T07:56:46+00:00</time>
      </trkpt>
      <trkpt lat="45.73548" lon="6.78329">
        <ele>2040</ele>
        <time>2026-08-23T07:56:49+00:00</time>
      </trkpt>
      <trkpt lat="45.73532" lon="6.78309">
        <ele>2033</ele>
        <time>2026-08-23T07:56:52+00:00</time>
      </trkpt>
      <trkpt lat="45.73517" lon="6.78293">
        <ele>2032</ele>
        <time>2026-08-23T07:56:55+00:00</time>
      </trkpt>
      <trkpt lat="45.735" lon="6.78289">
        <ele>2027</ele>
        <time>2026-08-23T07:56:58+00:00</time>
      </trkpt>
      <trkpt lat="45.73488" lon="6.78292">
        <ele>2028</ele>
        <time>2026-08-23T07:57:01+00:00</time>
      </trkpt>
      <trkpt lat="45.73475" lon="6.7828">
        <ele>2024</ele>
        <time>2026-08-23T07:57:04+00:00</time>
      </trkpt>
      <trkpt lat="45.73485" lon="6.78281">
        <ele>2025</ele>
        <time>2026-08-23T07:57:07+00:00</time>
      </trkpt>
      <trkpt lat="45.73497" lon="6.78268">
        <ele>2020</ele>
        <time>2026-08-23T07:57:10+00:00</time>
      </trkpt>
      <trkpt lat="45.73516" lon="6.78263">
        <ele>2020</ele>
        <time>2026-08-23T07:57:13+00:00</time>
      </trkpt>
      <trkpt lat="45.73475" lon="6.78248">
        <ele>2011</ele>
        <time>2026-08-23T07:57:16+00:00</time>
      </trkpt>
      <trkpt lat="45.7347" lon="6.78236">
        <ele>2009</ele>
        <time>2026-08-23T07:57:19+00:00</time>
      </trkpt>
      <trkpt lat="45.7348" lon="6.78233">
        <ele>2009</ele>
        <time>2026-08-23T07:57:22+00:00</time>
      </trkpt>
      <trkpt lat="45.73466" lon="6.78216">
        <ele>1999</ele>
        <time>2026-08-23T07:57:25+00:00</time>
      </trkpt>
      <trkpt lat="45.73479" lon="6.78216">
        <ele>2002</ele>
        <time>2026-08-23T07:57:28+00:00</time>
      </trkpt>
      <trkpt lat="45.73471" lon="6.78199">
        <ele>1991</ele>
        <time>2026-08-23T07:57:31+00:00</time>
      </trkpt>
      <trkpt lat="45.73482" lon="6.782">
        <ele>1989</ele>
        <time>2026-08-23T07:57:34+00:00</time>
      </trkpt>
      <trkpt lat="45.73514" lon="6.78207">
        <ele>1989</ele>
        <time>2026-08-23T07:57:37+00:00</time>
      </trkpt>
      <trkpt lat="45.73552" lon="6.78201">
        <ele>1983</ele>
        <time>2026-08-23T07:57:40+00:00</time>
      </trkpt>
      <trkpt lat="45.73567" lon="6.78203">
        <ele>1981</ele>
        <time>2026-08-23T07:57:43+00:00</time>
      </trkpt>
      <trkpt lat="45.73579" lon="6.78215">
        <ele>1982</ele>
        <time>2026-08-23T07:57:46+00:00</time>
      </trkpt>
      <trkpt lat="45.73588" lon="6.78221">
        <ele>1980</ele>
        <time>2026-08-23T07:57:49+00:00</time>
      </trkpt>
      <trkpt lat="45.73571" lon="6.78193">
        <ele>1972</ele>
        <time>2026-08-23T07:57:52+00:00</time>
      </trkpt>
      <trkpt lat="45.73551" lon="6.78174">
        <ele>1968</ele>
        <time>2026-08-23T07:57:55+00:00</time>
      </trkpt>
      <trkpt lat="45.73529" lon="6.78154">
        <ele>1965</ele>
        <time>2026-08-23T07:57:58+00:00</time>
      </trkpt>
      <trkpt lat="45.735" lon="6.7813">
        <ele>1956</ele>
        <time>2026-08-23T07:58:01+00:00</time>
      </trkpt>
      <trkpt lat="45.73499" lon="6.78125">
        <ele>1956</ele>
        <time>2026-08-23T07:58:04+00:00</time>
      </trkpt>
      <trkpt lat="45.73513" lon="6.78115">
        <ele>1955</ele>
        <time>2026-08-23T07:58:07+00:00</time>
      </trkpt>
      <trkpt lat="45.7353" lon="6.78118">
        <ele>1953</ele>
        <time>2026-08-23T07:58:10+00:00</time>
      </trkpt>
      <trkpt lat="45.73544" lon="6.78122">
        <ele>1949</ele>
        <time>2026-08-23T07:58:13+00:00</time>
      </trkpt>
      <trkpt lat="45.73572" lon="6.78127">
        <ele>1942</ele>
        <time>2026-08-23T07:58:16+00:00</time>
      </trkpt>
      <trkpt lat="45.73615" lon="6.78136">
        <ele>1936</ele>
        <time>2026-08-23T07:58:19+00:00</time>
      </trkpt>
      <trkpt lat="45.7363" lon="6.78141">
        <ele>1940</ele>
        <time>2026-08-23T07:58:22+00:00</time>
      </trkpt>
      <trkpt lat="45.73645" lon="6.78141">
        <ele>1935</ele>
        <time>2026-08-23T07:58:25+00:00</time>
      </trkpt>
      <trkpt lat="45.73659" lon="6.78142">
        <ele>1934</ele>
        <time>2026-08-23T07:58:28+00:00</time>
      </trkpt>
      <trkpt lat="45.73659" lon="6.78133">
        <ele>1930</ele>
        <time>2026-08-23T07:58:31+00:00</time>
      </trkpt>
      <trkpt lat="45.73637" lon="6.781">
        <ele>1924</ele>
        <time>2026-08-23T07:58:34+00:00</time>
      </trkpt>
      <trkpt lat="45.73622" lon="6.78073">
        <ele>1920</ele>
        <time>2026-08-23T07:58:37+00:00</time>
      </trkpt>
      <trkpt lat="45.73611" lon="6.78065">
        <ele>1919</ele>
        <time>2026-08-23T07:58:40+00:00</time>
      </trkpt>
      <trkpt lat="45.73604" lon="6.78051">
        <ele>1918</ele>
        <time>2026-08-23T07:58:43+00:00</time>
      </trkpt>
      <trkpt lat="45.73602" lon="6.78019">
        <ele>1914</ele>
        <time>2026-08-23T07:58:46+00:00</time>
      </trkpt>
      <trkpt lat="45.73581" lon="6.77997">
        <ele>1909</ele>
        <time>2026-08-23T07:58:49+00:00</time>
      </trkpt>
      <trkpt lat="45.73568" lon="6.77966">
        <ele>1906</ele>
        <time>2026-08-23T07:58:52+00:00</time>
      </trkpt>
      <trkpt lat="45.73554" lon="6.77932">
        <ele>1902</ele>
        <time>2026-08-23T07:58:55+00:00</time>
      </trkpt>
      <trkpt lat="45.73547" lon="6.77925">
        <ele>1900</ele>
        <time>2026-08-23T07:58:58+00:00</time>
      </trkpt>
      <trkpt lat="45.73547" lon="6.77918">
        <ele>1899</ele>
        <time>2026-08-23T07:59:01+00:00</time>
      </trkpt>
      <trkpt lat="45.73559" lon="6.77922">
        <ele>1899</ele>
        <time>2026-08-23T07:59:04+00:00</time>
      </trkpt>
      <trkpt lat="45.73605" lon="6.77935">
        <ele>1889</ele>
        <time>2026-08-23T07:59:07+00:00</time>
      </trkpt>
      <trkpt lat="45.73617" lon="6.77936">
        <ele>1886</ele>
        <time>2026-08-23T07:59:10+00:00</time>
      </trkpt>
      <trkpt lat="45.73612" lon="6.77903">
        <ele>1882</ele>
        <time>2026-08-23T07:59:13+00:00</time>
      </trkpt>
      <trkpt lat="45.73606" lon="6.77888">
        <ele>1879</ele>
        <time>2026-08-23T07:59:16+00:00</time>
      </trkpt>
      <trkpt lat="45.736" lon="6.77868">
        <ele>1878</ele>
        <time>2026-08-23T07:59:19+00:00</time>
      </trkpt>
      <trkpt lat="45.73591" lon="6.77856">
        <ele>1876</ele>
        <time>2026-08-23T07:59:22+00:00</time>
      </trkpt>
      <trkpt lat="45.73584" lon="6.77839">
        <ele>1874</ele>
        <time>2026-08-23T07:59:25+00:00</time>
      </trkpt>
      <trkpt lat="45.73582" lon="6.77818">
        <ele>1869</ele>
        <time>2026-08-23T07:59:28+00:00</time>
      </trkpt>
      <trkpt lat="45.73551" lon="6.77819">
        <ele>1869</ele>
        <time>2026-08-23T07:59:31+00:00</time>
      </trkpt>
      <trkpt lat="45.73529" lon="6.77847">
        <ele>1870</ele>
        <time>2026-08-23T07:59:34+00:00</time>
      </trkpt>
      <trkpt lat="45.73507" lon="6.7785">
        <ele>1872</ele>
        <time>2026-08-23T07:59:37+00:00</time>
      </trkpt>
      <trkpt lat="45.73502" lon="6.77803">
        <ele>1872</ele>
        <time>2026-08-23T07:59:40+00:00</time>
      </trkpt>
      <trkpt lat="45.73477" lon="6.77782">
        <ele>1872</ele>
        <time>2026-08-23T07:59:43+00:00</time>
      </trkpt>
      <trkpt lat="45.73446" lon="6.77762">
        <ele>1870</ele>
        <time>2026-08-23T07:59:46+00:00</time>
      </trkpt>
      <trkpt lat="45.73435" lon="6.77748">
        <ele>1868</ele>
        <time>2026-08-23T07:59:49+00:00</time>
      </trkpt>
      <trkpt lat="45.73421" lon="6.77747">
        <ele>1867</ele>
        <time>2026-08-23T07:59:52+00:00</time>
      </trkpt>
      <trkpt lat="45.73399" lon="6.77735">
        <ele>1866</ele>
        <time>2026-08-23T07:59:55+00:00</time>
      </trkpt>
      <trkpt lat="45.73376" lon="6.77723">
        <ele>1864</ele>
        <time>2026-08-23T07:59:58+00:00</time>
      </trkpt>
      <trkpt lat="45.73361" lon="6.77722">
        <ele>1864</ele>
        <time>2026-08-23T08:00:01+00:00</time>
      </trkpt>
      <trkpt lat="45.73338" lon="6.77699">
        <ele>1862</ele>
        <time>2026-08-23T08:00:04+00:00</time>
      </trkpt>
      <trkpt lat="45.73313" lon="6.77666">
        <ele>1859</ele>
        <time>2026-08-23T08:00:07+00:00</time>
      </trkpt>
      <trkpt lat="45.73296" lon="6.77641">
        <ele>1859</ele>
        <time>2026-08-23T08:00:10+00:00</time>
      </trkpt>
      <trkpt lat="45.73279" lon="6.77614">
        <ele>1856</ele>
        <time>2026-08-23T08:00:13+00:00</time>
      </trkpt>
      <trkpt lat="45.73265" lon="6.77599">
        <ele>1855</ele>
        <time>2026-08-23T08:00:16+00:00</time>
      </trkpt>
      <trkpt lat="45.73263" lon="6.77588">
        <ele>1854</ele>
        <time>2026-08-23T08:00:19+00:00</time>
      </trkpt>
      <trkpt lat="45.73253" lon="6.77563">
        <ele>1852</ele>
        <time>2026-08-23T08:00:22+00:00</time>
      </trkpt>
      <trkpt lat="45.73237" lon="6.77537">
        <ele>1849</ele>
        <time>2026-08-23T08:00:25+00:00</time>
      </trkpt>
      <trkpt lat="45.73222" lon="6.77512">
        <ele>1847</ele>
        <time>2026-08-23T08:00:28+00:00</time>
      </trkpt>
      <trkpt lat="45.73193" lon="6.77488">
        <ele>1843</ele>
        <time>2026-08-23T08:00:31+00:00</time>
      </trkpt>
      <trkpt lat="45.73168" lon="6.77477">
        <ele>1839</ele>
        <time>2026-08-23T08:00:34+00:00</time>
      </trkpt>
      <trkpt lat="45.73142" lon="6.77453">
        <ele>1837</ele>
        <time>2026-08-23T08:00:37+00:00</time>
      </trkpt>
      <trkpt lat="45.73124" lon="6.77422">
        <ele>1835</ele>
        <time>2026-08-23T08:00:40+00:00</time>
      </trkpt>
      <trkpt lat="45.73096" lon="6.77376">
        <ele>1831</ele>
        <time>2026-08-23T08:00:43+00:00</time>
      </trkpt>
      <trkpt lat="45.73075" lon="6.77346">
        <ele>1827</ele>
        <time>2026-08-23T08:00:46+00:00</time>
      </trkpt>
      <trkpt lat="45.73052" lon="6.77322">
        <ele>1825</ele>
        <time>2026-08-23T08:00:49+00:00</time>
      </trkpt>
      <trkpt lat="45.73028" lon="6.77293">
        <ele>1822</ele>
        <time>2026-08-23T08:00:52+00:00</time>
      </trkpt>
      <trkpt lat="45.73017" lon="6.7727">
        <ele>1818</ele>
        <time>2026-08-23T08:00:55+00:00</time>
      </trkpt>
      <trkpt lat="45.73006" lon="6.77252">
        <ele>1818</ele>
        <time>2026-08-23T08:00:58+00:00</time>
      </trkpt>
      <trkpt lat="45.73003" lon="6.77219">
        <ele>1814</ele>
        <time>2026-08-23T08:01:01+00:00</time>
      </trkpt>
      <trkpt lat="45.73003" lon="6.77171">
        <ele>1811</ele>
        <time>2026-08-23T08:01:04+00:00</time>
      </trkpt>
      <trkpt lat="45.72997" lon="6.77145">
        <ele>1809</ele>
        <time>2026-08-23T08:01:07+00:00</time>
      </trkpt>
      <trkpt lat="45.72981" lon="6.77128">
        <ele>1806</ele>
        <time>2026-08-23T08:01:10+00:00</time>
      </trkpt>
      <trkpt lat="45.72961" lon="6.77099">
        <ele>1803</ele>
        <time>2026-08-23T08:01:13+00:00</time>
      </trkpt>
      <trkpt lat="45.72939" lon="6.77074">
        <ele>1801</ele>
        <time>2026-08-23T08:01:16+00:00</time>
      </trkpt>
      <trkpt lat="45.72914" lon="6.77047">
        <ele>1798</ele>
        <time>2026-08-23T08:01:19+00:00</time>
      </trkpt>
      <trkpt lat="45.72889" lon="6.77006">
        <ele>1795</ele>
        <time>2026-08-23T08:01:22+00:00</time>
      </trkpt>
      <trkpt lat="45.72865" lon="6.76979">
        <ele>1787</ele>
        <time>2026-08-23T08:01:25+00:00</time>
      </trkpt>
      <trkpt lat="45.72849" lon="6.76977">
        <ele>1786</ele>
        <time>2026-08-23T08:01:28+00:00</time>
      </trkpt>
      <trkpt lat="45.72829" lon="6.76968">
        <ele>1785</ele>
        <time>2026-08-23T08:01:31+00:00</time>
      </trkpt>
      <trkpt lat="45.72819" lon="6.7696">
        <ele>1781</ele>
        <time>2026-08-23T08:01:34+00:00</time>
      </trkpt>
      <trkpt lat="45.72792" lon="6.76959">
        <ele>1780</ele>
        <time>2026-08-23T08:01:37+00:00</time>
      </trkpt>
      <trkpt lat="45.7276" lon="6.76923">
        <ele>1775</ele>
        <time>2026-08-23T08:01:40+00:00</time>
      </trkpt>
      <trkpt lat="45.72727" lon="6.76901">
        <ele>1779</ele>
        <time>2026-08-23T08:01:43+00:00</time>
      </trkpt>
      <trkpt lat="45.72715" lon="6.76916">
        <ele>1774</ele>
        <time>2026-08-23T08:01:46+00:00</time>
      </trkpt>
      <trkpt lat="45.72697" lon="6.76923">
        <ele>1783</ele>
        <time>2026-08-23T08:01:49+00:00</time>
      </trkpt>
      <trkpt lat="45.72678" lon="6.76916">
        <ele>1786</ele>
        <time>2026-08-23T08:01:52+00:00</time>
      </trkpt>
      <trkpt lat="45.72662" lon="6.76906">
        <ele>1786</ele>
        <time>2026-08-23T08:01:55+00:00</time>
      </trkpt>
      <trkpt lat="45.72642" lon="6.76898">
        <ele>1786</ele>
        <time>2026-08-23T08:01:58+00:00</time>
      </trkpt>
      <trkpt lat="45.72626" lon="6.76894">
        <ele>1790</ele>
        <time>2026-08-23T08:02:01+00:00</time>
      </trkpt>
      <trkpt lat="45.72607" lon="6.76884">
        <ele>1792</ele>
        <time>2026-08-23T08:02:04+00:00</time>
      </trkpt>
      <trkpt lat="45.72592" lon="6.76885">
        <ele>1793</ele>
        <time>2026-08-23T08:02:07+00:00</time>
      </trkpt>
      <trkpt lat="45.72563" lon="6.76877">
        <ele>1796</ele>
        <time>2026-08-23T08:02:10+00:00</time>
      </trkpt>
      <trkpt lat="45.72542" lon="6.76877">
        <ele>1798</ele>
        <time>2026-08-23T08:02:13+00:00</time>
      </trkpt>
      <trkpt lat="45.72532" lon="6.7688">
        <ele>1799</ele>
        <time>2026-08-23T08:02:16+00:00</time>
      </trkpt>
      <trkpt lat="45.72516" lon="6.76898">
        <ele>1803</ele>
        <time>2026-08-23T08:02:19+00:00</time>
      </trkpt>
      <trkpt lat="45.72499" lon="6.76901">
        <ele>1807</ele>
        <time>2026-08-23T08:02:22+00:00</time>
      </trkpt>
      <trkpt lat="45.72488" lon="6.76905">
        <ele>1807</ele>
        <time>2026-08-23T08:02:25+00:00</time>
      </trkpt>
      <trkpt lat="45.72458" lon="6.76911">
        <ele>1811</ele>
        <time>2026-08-23T08:02:28+00:00</time>
      </trkpt>
      <trkpt lat="45.72432" lon="6.76915">
        <ele>1816</ele>
        <time>2026-08-23T08:02:31+00:00</time>
      </trkpt>
      <trkpt lat="45.72408" lon="6.76914">
        <ele>1819</ele>
        <time>2026-08-23T08:02:34+00:00</time>
      </trkpt>
      <trkpt lat="45.72371" lon="6.76914">
        <ele>1824</ele>
        <time>2026-08-23T08:02:37+00:00</time>
      </trkpt>
      <trkpt lat="45.72363" lon="6.76913">
        <ele>1828</ele>
        <time>2026-08-23T08:02:40+00:00</time>
      </trkpt>
      <trkpt lat="45.72345" lon="6.769">
        <ele>1830</ele>
        <time>2026-08-23T08:02:43+00:00</time>
      </trkpt>
      <trkpt lat="45.72326" lon="6.76886">
        <ele>1832</ele>
        <time>2026-08-23T08:02:46+00:00</time>
      </trkpt>
      <trkpt lat="45.72297" lon="6.76855">
        <ele>1835</ele>
        <time>2026-08-23T08:02:49+00:00</time>
      </trkpt>
      <trkpt lat="45.72264" lon="6.76856">
        <ele>1833</ele>
        <time>2026-08-23T08:02:52+00:00</time>
      </trkpt>
      <trkpt lat="45.72243" lon="6.76839">
        <ele>1831</ele>
        <time>2026-08-23T08:02:55+00:00</time>
      </trkpt>
      <trkpt lat="45.72216" lon="6.76849">
        <ele>1830</ele>
        <time>2026-08-23T08:02:58+00:00</time>
      </trkpt>
      <trkpt lat="45.72177" lon="6.76863">
        <ele>1825</ele>
        <time>2026-08-23T08:03:01+00:00</time>
      </trkpt>
      <trkpt lat="45.7216" lon="6.76874">
        <ele>1822</ele>
        <time>2026-08-23T08:03:04+00:00</time>
      </trkpt>
      <trkpt lat="45.72143" lon="6.76872">
        <ele>1818</ele>
        <time>2026-08-23T08:03:07+00:00</time>
      </trkpt>
      <trkpt lat="45.72123" lon="6.76869">
        <ele>1817</ele>
        <time>2026-08-23T08:03:10+00:00</time>
      </trkpt>
      <trkpt lat="45.7212" lon="6.7685">
        <ele>1819</ele>
        <time>2026-08-23T08:03:13+00:00</time>
      </trkpt>
      <trkpt lat="45.72123" lon="6.76816">
        <ele>1817</ele>
        <time>2026-08-23T08:03:16+00:00</time>
      </trkpt>
      <trkpt lat="45.72129" lon="6.76763">
        <ele>1818</ele>
        <time>2026-08-23T08:03:19+00:00</time>
      </trkpt>
      <trkpt lat="45.72105" lon="6.76749">
        <ele>1820</ele>
        <time>2026-08-23T08:03:22+00:00</time>
      </trkpt>
      <trkpt lat="45.72075" lon="6.76731">
        <ele>1822</ele>
        <time>2026-08-23T08:03:25+00:00</time>
      </trkpt>
      <trkpt lat="45.72042" lon="6.767">
        <ele>1822</ele>
        <time>2026-08-23T08:03:28+00:00</time>
      </trkpt>
      <trkpt lat="45.72029" lon="6.76665">
        <ele>1822</ele>
        <time>2026-08-23T08:03:31+00:00</time>
      </trkpt>
      <trkpt lat="45.72016" lon="6.76654">
        <ele>1820</ele>
        <time>2026-08-23T08:03:34+00:00</time>
      </trkpt>
      <trkpt lat="45.72008" lon="6.76644">
        <ele>1817</ele>
        <time>2026-08-23T08:03:37+00:00</time>
      </trkpt>
      <trkpt lat="45.71994" lon="6.76637">
        <ele>1815</ele>
        <time>2026-08-23T08:03:40+00:00</time>
      </trkpt>
      <trkpt lat="45.71972" lon="6.76619">
        <ele>1803</ele>
        <time>2026-08-23T08:03:43+00:00</time>
      </trkpt>
      <trkpt lat="45.71952" lon="6.76606">
        <ele>1802</ele>
        <time>2026-08-23T08:03:46+00:00</time>
      </trkpt>
      <trkpt lat="45.71947" lon="6.76607">
        <ele>1809</ele>
        <time>2026-08-23T08:03:49+00:00</time>
      </trkpt>
      <trkpt lat="45.71945" lon="6.76595">
        <ele>1807</ele>
        <time>2026-08-23T08:03:52+00:00</time>
      </trkpt>
      <trkpt lat="45.71944" lon="6.76579">
        <ele>1798</ele>
        <time>2026-08-23T08:03:55+00:00</time>
      </trkpt>
      <trkpt lat="45.7193" lon="6.76559">
        <ele>1795</ele>
        <time>2026-08-23T08:03:58+00:00</time>
      </trkpt>
      <trkpt lat="45.71923" lon="6.76545">
        <ele>1792</ele>
        <time>2026-08-23T08:04:01+00:00</time>
      </trkpt>
      <trkpt lat="45.71914" lon="6.76508">
        <ele>1787</ele>
        <time>2026-08-23T08:04:04+00:00</time>
      </trkpt>
      <trkpt lat="45.71914" lon="6.76481">
        <ele>1786</ele>
        <time>2026-08-23T08:04:07+00:00</time>
      </trkpt>
      <trkpt lat="45.71901" lon="6.76446">
        <ele>1780</ele>
        <time>2026-08-23T08:04:10+00:00</time>
      </trkpt>
      <trkpt lat="45.71899" lon="6.76426">
        <ele>1776</ele>
        <time>2026-08-23T08:04:13+00:00</time>
      </trkpt>
      <trkpt lat="45.71901" lon="6.76405">
        <ele>1774</ele>
        <time>2026-08-23T08:04:16+00:00</time>
      </trkpt>
      <trkpt lat="45.71903" lon="6.76393">
        <ele>1772</ele>
        <time>2026-08-23T08:04:19+00:00</time>
      </trkpt>
      <trkpt lat="45.71885" lon="6.7635">
        <ele>1763</ele>
        <time>2026-08-23T08:04:22+00:00</time>
      </trkpt>
      <trkpt lat="45.71878" lon="6.76335">
        <ele>1762</ele>
        <time>2026-08-23T08:04:25+00:00</time>
      </trkpt>
      <trkpt lat="45.71872" lon="6.76331">
        <ele>1762</ele>
        <time>2026-08-23T08:04:28+00:00</time>
      </trkpt>
      <trkpt lat="45.71866" lon="6.7632">
        <ele>1757</ele>
        <time>2026-08-23T08:04:31+00:00</time>
      </trkpt>
      <trkpt lat="45.7186" lon="6.76314">
        <ele>1760</ele>
        <time>2026-08-23T08:04:34+00:00</time>
      </trkpt>
      <trkpt lat="45.71851" lon="6.76296">
        <ele>1753</ele>
        <time>2026-08-23T08:04:37+00:00</time>
      </trkpt>
      <trkpt lat="45.71838" lon="6.76295">
        <ele>1758</ele>
        <time>2026-08-23T08:04:40+00:00</time>
      </trkpt>
      <trkpt lat="45.71826" lon="6.76273">
        <ele>1753</ele>
        <time>2026-08-23T08:04:43+00:00</time>
      </trkpt>
      <trkpt lat="45.71811" lon="6.76248">
        <ele>1746</ele>
        <time>2026-08-23T08:04:46+00:00</time>
      </trkpt>
      <trkpt lat="45.71799" lon="6.76243">
        <ele>1742</ele>
        <time>2026-08-23T08:04:49+00:00</time>
      </trkpt>
      <trkpt lat="45.71789" lon="6.7623">
        <ele>1739</ele>
        <time>2026-08-23T08:04:52+00:00</time>
      </trkpt>
      <trkpt lat="45.71781" lon="6.76224">
        <ele>1739</ele>
        <time>2026-08-23T08:04:55+00:00</time>
      </trkpt>
      <trkpt lat="45.71754" lon="6.76192">
        <ele>1735</ele>
        <time>2026-08-23T08:04:58+00:00</time>
      </trkpt>
      <trkpt lat="45.71748" lon="6.76178">
        <ele>1732</ele>
        <time>2026-08-23T08:05:01+00:00</time>
      </trkpt>
      <trkpt lat="45.71732" lon="6.76166">
        <ele>1731</ele>
        <time>2026-08-23T08:05:04+00:00</time>
      </trkpt>
      <trkpt lat="45.71703" lon="6.76115">
        <ele>1727</ele>
        <time>2026-08-23T08:05:07+00:00</time>
      </trkpt>
      <trkpt lat="45.71697" lon="6.76099">
        <ele>1723</ele>
        <time>2026-08-23T08:05:10+00:00</time>
      </trkpt>
      <trkpt lat="45.71686" lon="6.76082">
        <ele>1722</ele>
        <time>2026-08-23T08:05:13+00:00</time>
      </trkpt>
      <trkpt lat="45.71671" lon="6.76063">
        <ele>1715</ele>
        <time>2026-08-23T08:05:16+00:00</time>
      </trkpt>
      <trkpt lat="45.7165" lon="6.76057">
        <ele>1715</ele>
        <time>2026-08-23T08:05:19+00:00</time>
      </trkpt>
      <trkpt lat="45.71643" lon="6.76047">
        <ele>1713</ele>
        <time>2026-08-23T08:05:22+00:00</time>
      </trkpt>
      <trkpt lat="45.71628" lon="6.76022">
        <ele>1711</ele>
        <time>2026-08-23T08:05:25+00:00</time>
      </trkpt>
      <trkpt lat="45.71597" lon="6.75992">
        <ele>1705</ele>
        <time>2026-08-23T08:05:28+00:00</time>
      </trkpt>
      <trkpt lat="45.71586" lon="6.75984">
        <ele>1703</ele>
        <time>2026-08-23T08:05:31+00:00</time>
      </trkpt>
      <trkpt lat="45.71566" lon="6.75965">
        <ele>1701</ele>
        <time>2026-08-23T08:05:34+00:00</time>
      </trkpt>
      <trkpt lat="45.71536" lon="6.75936">
        <ele>1696</ele>
        <time>2026-08-23T08:05:37+00:00</time>
      </trkpt>
      <trkpt lat="45.7152" lon="6.75917">
        <ele>1694</ele>
        <time>2026-08-23T08:05:40+00:00</time>
      </trkpt>
      <trkpt lat="45.7151" lon="6.75901">
        <ele>1694</ele>
        <time>2026-08-23T08:05:43+00:00</time>
      </trkpt>
      <trkpt lat="45.71503" lon="6.75884">
        <ele>1689</ele>
        <time>2026-08-23T08:05:46+00:00</time>
      </trkpt>
      <trkpt lat="45.71493" lon="6.75882">
        <ele>1689</ele>
        <time>2026-08-23T08:05:49+00:00</time>
      </trkpt>
      <trkpt lat="45.71471" lon="6.75854">
        <ele>1686</ele>
        <time>2026-08-23T08:05:52+00:00</time>
      </trkpt>
      <trkpt lat="45.71452" lon="6.75832">
        <ele>1683</ele>
        <time>2026-08-23T08:05:55+00:00</time>
      </trkpt>
      <trkpt lat="45.71448" lon="6.75816">
        <ele>1682</ele>
        <time>2026-08-23T08:05:58+00:00</time>
      </trkpt>
      <trkpt lat="45.71448" lon="6.75803">
        <ele>1680</ele>
        <time>2026-08-23T08:06:01+00:00</time>
      </trkpt>
      <trkpt lat="45.71445" lon="6.75775">
        <ele>1673</ele>
        <time>2026-08-23T08:06:04+00:00</time>
      </trkpt>
      <trkpt lat="45.71446" lon="6.75749">
        <ele>1665</ele>
        <time>2026-08-23T08:06:07+00:00</time>
      </trkpt>
      <trkpt lat="45.71441" lon="6.75743">
        <ele>1665</ele>
        <time>2026-08-23T08:06:10+00:00</time>
      </trkpt>
      <trkpt lat="45.71437" lon="6.75744">
        <ele>1663</ele>
        <time>2026-08-23T08:06:13+00:00</time>
      </trkpt>
      <trkpt lat="45.7143" lon="6.75758">
        <ele>1660</ele>
        <time>2026-08-23T08:06:16+00:00</time>
      </trkpt>
      <trkpt lat="45.71422" lon="6.75762">
        <ele>1661</ele>
        <time>2026-08-23T08:06:19+00:00</time>
      </trkpt>
      <trkpt lat="45.71402" lon="6.75767">
        <ele>1658</ele>
        <time>2026-08-23T08:06:22+00:00</time>
      </trkpt>
      <trkpt lat="45.7138" lon="6.75758">
        <ele>1657</ele>
        <time>2026-08-23T08:06:25+00:00</time>
      </trkpt>
      <trkpt lat="45.71349" lon="6.75747">
        <ele>1657</ele>
        <time>2026-08-23T08:06:28+00:00</time>
      </trkpt>
      <trkpt lat="45.71334" lon="6.75737">
        <ele>1655</ele>
        <time>2026-08-23T08:06:31+00:00</time>
      </trkpt>
      <trkpt lat="45.71319" lon="6.75732">
        <ele>1655</ele>
        <time>2026-08-23T08:06:34+00:00</time>
      </trkpt>
      <trkpt lat="45.71311" lon="6.75726">
        <ele>1657</ele>
        <time>2026-08-23T08:06:37+00:00</time>
      </trkpt>
      <trkpt lat="45.71308" lon="6.75709">
        <ele>1654</ele>
        <time>2026-08-23T08:06:40+00:00</time>
      </trkpt>
      <trkpt lat="45.71304" lon="6.75703">
        <ele>1654</ele>
        <time>2026-08-23T08:06:43+00:00</time>
      </trkpt>
      <trkpt lat="45.71291" lon="6.75697">
        <ele>1653</ele>
        <time>2026-08-23T08:06:46+00:00</time>
      </trkpt>
      <trkpt lat="45.7128" lon="6.75694">
        <ele>1653</ele>
        <time>2026-08-23T08:06:49+00:00</time>
      </trkpt>
      <trkpt lat="45.71263" lon="6.75682">
        <ele>1653</ele>
        <time>2026-08-23T08:06:52+00:00</time>
      </trkpt>
      <trkpt lat="45.71246" lon="6.75653">
        <ele>1651</ele>
        <time>2026-08-23T08:06:55+00:00</time>
      </trkpt>
      <trkpt lat="45.71237" lon="6.75647">
        <ele>1650</ele>
        <time>2026-08-23T08:06:58+00:00</time>
      </trkpt>
      <trkpt lat="45.71234" lon="6.75639">
        <ele>1650</ele>
        <time>2026-08-23T08:07:01+00:00</time>
      </trkpt>
      <trkpt lat="45.7123" lon="6.75635">
        <ele>1650</ele>
        <time>2026-08-23T08:07:04+00:00</time>
      </trkpt>
      <trkpt lat="45.71224" lon="6.75631">
        <ele>1650</ele>
        <time>2026-08-23T08:07:07+00:00</time>
      </trkpt>
      <trkpt lat="45.71214" lon="6.75626">
        <ele>1650</ele>
        <time>2026-08-23T08:07:10+00:00</time>
      </trkpt>
      <trkpt lat="45.71208" lon="6.7562">
        <ele>1650</ele>
        <time>2026-08-23T08:07:13+00:00</time>
      </trkpt>
      <trkpt lat="45.71192" lon="6.75608">
        <ele>1649</ele>
        <time>2026-08-23T08:07:16+00:00</time>
      </trkpt>
      <trkpt lat="45.7118" lon="6.75604">
        <ele>1649</ele>
        <time>2026-08-23T08:07:19+00:00</time>
      </trkpt>
      <trkpt lat="45.71161" lon="6.75603">
        <ele>1649</ele>
        <time>2026-08-23T08:07:22+00:00</time>
      </trkpt>
      <trkpt lat="45.7114" lon="6.75591">
        <ele>1648</ele>
        <time>2026-08-23T08:07:25+00:00</time>
      </trkpt>
      <trkpt lat="45.71119" lon="6.7558">
        <ele>1648</ele>
        <time>2026-08-23T08:07:28+00:00</time>
      </trkpt>
      <trkpt lat="45.71104" lon="6.75574">
        <ele>1647</ele>
        <time>2026-08-23T08:07:31+00:00</time>
      </trkpt>
      <trkpt lat="45.71087" lon="6.75564">
        <ele>1647</ele>
        <time>2026-08-23T08:07:34+00:00</time>
      </trkpt>
      <trkpt lat="45.71067" lon="6.75552">
        <ele>1646</ele>
        <time>2026-08-23T08:07:37+00:00</time>
      </trkpt>
      <trkpt lat="45.71054" lon="6.75543">
        <ele>1646</ele>
        <time>2026-08-23T08:07:40+00:00</time>
      </trkpt>
      <trkpt lat="45.7104" lon="6.75527">
        <ele>1645</ele>
        <time>2026-08-23T08:07:43+00:00</time>
      </trkpt>
      <trkpt lat="45.71024" lon="6.7551">
        <ele>1645</ele>
        <time>2026-08-23T08:07:46+00:00</time>
      </trkpt>
      <trkpt lat="45.71006" lon="6.75503">
        <ele>1645</ele>
        <time>2026-08-23T08:07:49+00:00</time>
      </trkpt>
      <trkpt lat="45.70997" lon="6.75498">
        <ele>1645</ele>
        <time>2026-08-23T08:07:52+00:00</time>
      </trkpt>
      <trkpt lat="45.70989" lon="6.75485">
        <ele>1644</ele>
        <time>2026-08-23T08:07:55+00:00</time>
      </trkpt>
      <trkpt lat="45.70983" lon="6.75479">
        <ele>1644</ele>
        <time>2026-08-23T08:07:58+00:00</time>
      </trkpt>
      <trkpt lat="45.70963" lon="6.75468">
        <ele>1644</ele>
        <time>2026-08-23T08:08:01+00:00</time>
      </trkpt>
      <trkpt lat="45.70957" lon="6.75458">
        <ele>1644</ele>
        <time>2026-08-23T08:08:04+00:00</time>
      </trkpt>
      <trkpt lat="45.70949" lon="6.75439">
        <ele>1644</ele>
        <time>2026-08-23T08:08:07+00:00</time>
      </trkpt>
      <trkpt lat="45.70939" lon="6.75412">
        <ele>1644</ele>
        <time>2026-08-23T08:08:10+00:00</time>
      </trkpt>
      <trkpt lat="45.70934" lon="6.754">
        <ele>1642</ele>
        <time>2026-08-23T08:08:13+00:00</time>
      </trkpt>
      <trkpt lat="45.70924" lon="6.75389">
        <ele>1643</ele>
        <time>2026-08-23T08:08:16+00:00</time>
      </trkpt>
      <trkpt lat="45.70918" lon="6.75375">
        <ele>1648</ele>
        <time>2026-08-23T08:08:19+00:00</time>
      </trkpt>
      <trkpt lat="45.70916" lon="6.75365">
        <ele>1645</ele>
        <time>2026-08-23T08:08:22+00:00</time>
      </trkpt>
      <trkpt lat="45.70928" lon="6.7535">
        <ele>1644</ele>
        <time>2026-08-23T08:08:25+00:00</time>
      </trkpt>
      <trkpt lat="45.70927" lon="6.75334">
        <ele>1643</ele>
        <time>2026-08-23T08:08:28+00:00</time>
      </trkpt>
      <trkpt lat="45.70921" lon="6.75321">
        <ele>1645</ele>
        <time>2026-08-23T08:08:31+00:00</time>
      </trkpt>
      <trkpt lat="45.7092" lon="6.75298">
        <ele>1654</ele>
        <time>2026-08-23T08:08:34+00:00</time>
      </trkpt>
      <trkpt lat="45.70909" lon="6.7529">
        <ele>1654</ele>
        <time>2026-08-23T08:08:37+00:00</time>
      </trkpt>
      <trkpt lat="45.70898" lon="6.75274">
        <ele>1653</ele>
        <time>2026-08-23T08:08:40+00:00</time>
      </trkpt>
      <trkpt lat="45.70896" lon="6.75262">
        <ele>1656</ele>
        <time>2026-08-23T08:08:43+00:00</time>
      </trkpt>
      <trkpt lat="45.70886" lon="6.75258">
        <ele>1655</ele>
        <time>2026-08-23T08:08:46+00:00</time>
      </trkpt>
      <trkpt lat="45.70881" lon="6.75244">
        <ele>1656</ele>
        <time>2026-08-23T08:08:49+00:00</time>
      </trkpt>
      <trkpt lat="45.70875" lon="6.7524">
        <ele>1652</ele>
        <time>2026-08-23T08:08:52+00:00</time>
      </trkpt>
      <trkpt lat="45.70879" lon="6.75229">
        <ele>1656</ele>
        <time>2026-08-23T08:08:55+00:00</time>
      </trkpt>
      <trkpt lat="45.70878" lon="6.75224">
        <ele>1656</ele>
        <time>2026-08-23T08:08:58+00:00</time>
      </trkpt>
      <trkpt lat="45.7087" lon="6.75218">
        <ele>1657</ele>
        <time>2026-08-23T08:09:01+00:00</time>
      </trkpt>
      <trkpt lat="45.70851" lon="6.75195">
        <ele>1656</ele>
        <time>2026-08-23T08:09:04+00:00</time>
      </trkpt>
      <trkpt lat="45.70835" lon="6.75181">
        <ele>1658</ele>
        <time>2026-08-23T08:09:07+00:00</time>
      </trkpt>
      <trkpt lat="45.7083" lon="6.75174">
        <ele>1656</ele>
        <time>2026-08-23T08:09:10+00:00</time>
      </trkpt>
      <trkpt lat="45.70824" lon="6.75162">
        <ele>1659</ele>
        <time>2026-08-23T08:09:13+00:00</time>
      </trkpt>
      <trkpt lat="45.70808" lon="6.75142">
        <ele>1656</ele>
        <time>2026-08-23T08:09:16+00:00</time>
      </trkpt>
      <trkpt lat="45.70798" lon="6.75144">
        <ele>1655</ele>
        <time>2026-08-23T08:09:19+00:00</time>
      </trkpt>
      <trkpt lat="45.70792" lon="6.75132">
        <ele>1656</ele>
        <time>2026-08-23T08:09:22+00:00</time>
      </trkpt>
      <trkpt lat="45.70776" lon="6.75127">
        <ele>1656</ele>
        <time>2026-08-23T08:09:25+00:00</time>
      </trkpt>
      <trkpt lat="45.70774" lon="6.75122">
        <ele>1656</ele>
        <time>2026-08-23T08:09:28+00:00</time>
      </trkpt>
      <trkpt lat="45.70772" lon="6.75114">
        <ele>1658</ele>
        <time>2026-08-23T08:09:31+00:00</time>
      </trkpt>
      <trkpt lat="45.70763" lon="6.75103">
        <ele>1658</ele>
        <time>2026-08-23T08:09:34+00:00</time>
      </trkpt>
      <trkpt lat="45.70738" lon="6.7509">
        <ele>1653</ele>
        <time>2026-08-23T08:09:37+00:00</time>
      </trkpt>
      <trkpt lat="45.70731" lon="6.75071">
        <ele>1654</ele>
        <time>2026-08-23T08:09:40+00:00</time>
      </trkpt>
      <trkpt lat="45.7072" lon="6.75065">
        <ele>1652</ele>
        <time>2026-08-23T08:09:43+00:00</time>
      </trkpt>
      <trkpt lat="45.70717" lon="6.75065">
        <ele>1652</ele>
        <time>2026-08-23T08:09:46+00:00</time>
      </trkpt>
      <trkpt lat="45.7071" lon="6.75052">
        <ele>1650</ele>
        <time>2026-08-23T08:09:49+00:00</time>
      </trkpt>
      <trkpt lat="45.70697" lon="6.75045">
        <ele>1650</ele>
        <time>2026-08-23T08:09:52+00:00</time>
      </trkpt>
      <trkpt lat="45.70693" lon="6.75033">
        <ele>1648</ele>
        <time>2026-08-23T08:09:55+00:00</time>
      </trkpt>
      <trkpt lat="45.70691" lon="6.75019">
        <ele>1648</ele>
        <time>2026-08-23T08:09:58+00:00</time>
      </trkpt>
      <trkpt lat="45.70686" lon="6.75008">
        <ele>1647</ele>
        <time>2026-08-23T08:10:01+00:00</time>
      </trkpt>
      <trkpt lat="45.70678" lon="6.74997">
        <ele>1645</ele>
        <time>2026-08-23T08:10:04+00:00</time>
      </trkpt>
      <trkpt lat="45.70668" lon="6.74987">
        <ele>1644</ele>
        <time>2026-08-23T08:10:07+00:00</time>
      </trkpt>
      <trkpt lat="45.70662" lon="6.74982">
        <ele>1644</ele>
        <time>2026-08-23T08:10:10+00:00</time>
      </trkpt>
      <trkpt lat="45.70653" lon="6.74955">
        <ele>1643</ele>
        <time>2026-08-23T08:10:13+00:00</time>
      </trkpt>
      <trkpt lat="45.70633" lon="6.74918">
        <ele>1638</ele>
        <time>2026-08-23T08:10:16+00:00</time>
      </trkpt>
      <trkpt lat="45.70621" lon="6.74891">
        <ele>1638</ele>
        <time>2026-08-23T08:10:19+00:00</time>
      </trkpt>
      <trkpt lat="45.70616" lon="6.74883">
        <ele>1636</ele>
        <time>2026-08-23T08:10:22+00:00</time>
      </trkpt>
      <trkpt lat="45.70611" lon="6.7487">
        <ele>1640</ele>
        <time>2026-08-23T08:10:25+00:00</time>
      </trkpt>
      <trkpt lat="45.70592" lon="6.74857">
        <ele>1636</ele>
        <time>2026-08-23T08:10:28+00:00</time>
      </trkpt>
      <trkpt lat="45.70564" lon="6.74839">
        <ele>1635</ele>
        <time>2026-08-23T08:10:31+00:00</time>
      </trkpt>
      <trkpt lat="45.70544" lon="6.74827">
        <ele>1635</ele>
        <time>2026-08-23T08:10:34+00:00</time>
      </trkpt>
      <trkpt lat="45.70534" lon="6.74819">
        <ele>1636</ele>
        <time>2026-08-23T08:10:37+00:00</time>
      </trkpt>
      <trkpt lat="45.70522" lon="6.748">
        <ele>1635</ele>
        <time>2026-08-23T08:10:40+00:00</time>
      </trkpt>
      <trkpt lat="45.70513" lon="6.74778">
        <ele>1636</ele>
        <time>2026-08-23T08:10:43+00:00</time>
      </trkpt>
      <trkpt lat="45.705" lon="6.74767">
        <ele>1634</ele>
        <time>2026-08-23T08:10:46+00:00</time>
      </trkpt>
      <trkpt lat="45.70487" lon="6.74757">
        <ele>1633</ele>
        <time>2026-08-23T08:10:49+00:00</time>
      </trkpt>
      <trkpt lat="45.70473" lon="6.74741">
        <ele>1632</ele>
        <time>2026-08-23T08:10:52+00:00</time>
      </trkpt>
      <trkpt lat="45.7046" lon="6.74723">
        <ele>1629</ele>
        <time>2026-08-23T08:10:55+00:00</time>
      </trkpt>
      <trkpt lat="45.70446" lon="6.74702">
        <ele>1629</ele>
        <time>2026-08-23T08:10:58+00:00</time>
      </trkpt>
      <trkpt lat="45.70433" lon="6.74681">
        <ele>1629</ele>
        <time>2026-08-23T08:11:01+00:00</time>
      </trkpt>
      <trkpt lat="45.70409" lon="6.7463">
        <ele>1625</ele>
        <time>2026-08-23T08:11:04+00:00</time>
      </trkpt>
      <trkpt lat="45.70388" lon="6.74602">
        <ele>1622</ele>
        <time>2026-08-23T08:11:07+00:00</time>
      </trkpt>
      <trkpt lat="45.70374" lon="6.74574">
        <ele>1618</ele>
        <time>2026-08-23T08:11:10+00:00</time>
      </trkpt>
      <trkpt lat="45.70362" lon="6.74541">
        <ele>1617</ele>
        <time>2026-08-23T08:11:13+00:00</time>
      </trkpt>
      <trkpt lat="45.70353" lon="6.74534">
        <ele>1616</ele>
        <time>2026-08-23T08:11:16+00:00</time>
      </trkpt>
      <trkpt lat="45.70337" lon="6.74504">
        <ele>1614</ele>
        <time>2026-08-23T08:11:19+00:00</time>
      </trkpt>
      <trkpt lat="45.70305" lon="6.7447">
        <ele>1612</ele>
        <time>2026-08-23T08:11:22+00:00</time>
      </trkpt>
      <trkpt lat="45.70282" lon="6.74452">
        <ele>1610</ele>
        <time>2026-08-23T08:11:25+00:00</time>
      </trkpt>
      <trkpt lat="45.70254" lon="6.74429">
        <ele>1609</ele>
        <time>2026-08-23T08:11:28+00:00</time>
      </trkpt>
      <trkpt lat="45.70242" lon="6.74421">
        <ele>1608</ele>
        <time>2026-08-23T08:11:31+00:00</time>
      </trkpt>
      <trkpt lat="45.70221" lon="6.74387">
        <ele>1606</ele>
        <time>2026-08-23T08:11:34+00:00</time>
      </trkpt>
      <trkpt lat="45.70206" lon="6.74373">
        <ele>1601</ele>
        <time>2026-08-23T08:11:37+00:00</time>
      </trkpt>
      <trkpt lat="45.70197" lon="6.74351">
        <ele>1596</ele>
        <time>2026-08-23T08:11:40+00:00</time>
      </trkpt>
      <trkpt lat="45.70186" lon="6.74323">
        <ele>1593</ele>
        <time>2026-08-23T08:11:43+00:00</time>
      </trkpt>
      <trkpt lat="45.7017" lon="6.74262">
        <ele>1588</ele>
        <time>2026-08-23T08:11:46+00:00</time>
      </trkpt>
      <trkpt lat="45.70159" lon="6.74232">
        <ele>1583</ele>
        <time>2026-08-23T08:11:49+00:00</time>
      </trkpt>
      <trkpt lat="45.70148" lon="6.74202">
        <ele>1576</ele>
        <time>2026-08-23T08:11:52+00:00</time>
      </trkpt>
      <trkpt lat="45.70135" lon="6.74146">
        <ele>1575</ele>
        <time>2026-08-23T08:11:55+00:00</time>
      </trkpt>
      <trkpt lat="45.70128" lon="6.74106">
        <ele>1569</ele>
        <time>2026-08-23T08:11:58+00:00</time>
      </trkpt>
      <trkpt lat="45.70117" lon="6.74045">
        <ele>1570</ele>
        <time>2026-08-23T08:12:01+00:00</time>
      </trkpt>
      <trkpt lat="45.70101" lon="6.74009">
        <ele>1567</ele>
        <time>2026-08-23T08:12:04+00:00</time>
      </trkpt>
      <trkpt lat="45.70085" lon="6.73991">
        <ele>1565</ele>
        <time>2026-08-23T08:12:07+00:00</time>
      </trkpt>
      <trkpt lat="45.70055" lon="6.73976">
        <ele>1565</ele>
        <time>2026-08-23T08:12:10+00:00</time>
      </trkpt>
      <trkpt lat="45.70044" lon="6.73962">
        <ele>1564</ele>
        <time>2026-08-23T08:12:13+00:00</time>
      </trkpt>
      <trkpt lat="45.70017" lon="6.73937">
        <ele>1560</ele>
        <time>2026-08-23T08:12:16+00:00</time>
      </trkpt>
      <trkpt lat="45.7" lon="6.73912">
        <ele>1558</ele>
        <time>2026-08-23T08:12:19+00:00</time>
      </trkpt>
      <trkpt lat="45.69981" lon="6.73886">
        <ele>1557</ele>
        <time>2026-08-23T08:12:22+00:00</time>
      </trkpt>
      <trkpt lat="45.69979" lon="6.7384">
        <ele>1556</ele>
        <time>2026-08-23T08:12:25+00:00</time>
      </trkpt>
      <trkpt lat="45.69951" lon="6.73793">
        <ele>1555</ele>
        <time>2026-08-23T08:12:28+00:00</time>
      </trkpt>
      <trkpt lat="45.69937" lon="6.73773">
        <ele>1554</ele>
        <time>2026-08-23T08:12:31+00:00</time>
      </trkpt>
      <trkpt lat="45.69916" lon="6.73754">
        <ele>1554</ele>
        <time>2026-08-23T08:12:34+00:00</time>
      </trkpt>
      <trkpt lat="45.69894" lon="6.73734">
        <ele>1553</ele>
        <time>2026-08-23T08:12:37+00:00</time>
      </trkpt>
      <trkpt lat="45.6987" lon="6.73715">
        <ele>1551</ele>
        <time>2026-08-23T08:12:40+00:00</time>
      </trkpt>
      <trkpt lat="45.69866" lon="6.737">
        <ele>1552</ele>
        <time>2026-08-23T08:12:43+00:00</time>
      </trkpt>
      <trkpt lat="45.69841" lon="6.73675">
        <ele>1551</ele>
        <time>2026-08-23T08:12:46+00:00</time>
      </trkpt>
      <trkpt lat="45.69822" lon="6.73648">
        <ele>1550</ele>
        <time>2026-08-23T08:12:49+00:00</time>
      </trkpt>
      <trkpt lat="45.69798" lon="6.73612">
        <ele>1549</ele>
        <time>2026-08-23T08:12:52+00:00</time>
      </trkpt>
      <trkpt lat="45.69781" lon="6.73581">
        <ele>1549</ele>
        <time>2026-08-23T08:12:55+00:00</time>
      </trkpt>
      <trkpt lat="45.69757" lon="6.73537">
        <ele>1549</ele>
        <time>2026-08-23T08:12:58+00:00</time>
      </trkpt>
      <trkpt lat="45.69732" lon="6.73493">
        <ele>1549</ele>
        <time>2026-08-23T08:13:01+00:00</time>
      </trkpt>
      <trkpt lat="45.69729" lon="6.7346">
        <ele>1550</ele>
        <time>2026-08-23T08:13:04+00:00</time>
      </trkpt>
      <trkpt lat="45.69716" lon="6.73428">
        <ele>1551</ele>
        <time>2026-08-23T08:13:07+00:00</time>
      </trkpt>
      <trkpt lat="45.69702" lon="6.73392">
        <ele>1551</ele>
        <time>2026-08-23T08:13:10+00:00</time>
      </trkpt>
      <trkpt lat="45.69673" lon="6.73369">
        <ele>1551</ele>
        <time>2026-08-23T08:13:13+00:00</time>
      </trkpt>
      <trkpt lat="45.69659" lon="6.73365">
        <ele>1549</ele>
        <time>2026-08-23T08:13:16+00:00</time>
      </trkpt>
      <trkpt lat="45.69637" lon="6.73374">
        <ele>1548</ele>
        <time>2026-08-23T08:13:19+00:00</time>
      </trkpt>
      <trkpt lat="45.69604" lon="6.73387">
        <ele>1547</ele>
        <time>2026-08-23T08:13:22+00:00</time>
      </trkpt>
      <trkpt lat="45.69561" lon="6.73379">
        <ele>1546</ele>
        <time>2026-08-23T08:13:25+00:00</time>
      </trkpt>
    </trkseg>
  </trk>
</gpx>
